t,x,y
15133.615006,878,1602
15133.620005,778,1605
15133.625007,977,1605
15133.630006,931,1602
15133.635005,758,1596
15133.640006,872,1602
15133.645006,952,1607
15133.650006,782,1607
15133.655005,809,1603
15133.660005,977,1604
15133.665005,885,1600
15133.670007,795,1599
15133.675006,965,1605
15133.680005,948,1598
15133.685006,758,1600
15133.690005,861,1600
15133.695007,967,1595
15133.700006,786,1599
15133.705005,804,1601
15133.710005,986,1599
15133.715007,870,1600
15133.720006,795,1602
15133.725006,978,1603
15133.730006,928,1602
15133.735006,749,1604
15133.740006,874,1603
15133.745005,953,1609
15133.750006,784,1598
15133.755006,817,1605
15133.760005,986,1609
15133.765006,872,1611
15133.770006,797,1614
15133.775007,959,1614
15133.780006,933,1601
15133.785007,781,1611
15133.790006,862,1614
15133.795006,966,1613
15133.800006,784,1613
15133.805005,813,1613
15133.810006,977,1618
15133.815006,878,1614
15133.820007,781,1614
15133.825006,970,1606
15133.830005,943,1612
15133.835005,763,1615
15133.840005,864,1612
15133.845006,954,1616
15133.850005,776,1607
15133.855006,828,1615
15133.860005,991,1617
15133.865006,883,1616
15133.870006,790,1619
15133.875006,966,1620
15133.880006,949,1619
15133.885006,766,1621
15133.890007,876,1620
15133.895005,956,1626
15133.900006,768,1624
15133.905006,805,1627
15133.910007,987,1626
15133.915007,892,1628
15133.920005,795,1626
15133.925005,959,1630
15133.930005,934,1625
15133.935007,756,1624
15133.940005,887,1624
15133.945006,958,1620
15133.950006,767,1621
15133.955006,830,1618
15133.960005,986,1621
15133.965007,868,1620
15133.970007,801,1617
15133.975005,975,1618
15133.980006,925,1619
15133.985007,754,1612
15133.990006,877,1614
15133.995006,964,1617
15134.000005,771,1619
15134.005005,827,1619
15134.010006,977,1624
15134.015006,884,1617
15134.020005,794,1629
15134.025007,961,1628
15134.030006,943,1624
15134.035006,749,1629
15134.040006,871,1628
15134.045005,956,1628
15134.050006,766,1632
15134.055006,826,1628
15134.060007,982,1628
15134.065007,868,1629
15134.070005,790,1625
15134.075005,960,1628
15134.080007,934,1617
15134.085007,770,1624
15134.090007,861,1625
15134.095007,965,1621
15134.100005,768,1623
15134.105006,820,1618
15134.110005,976,1622
15134.115006,887,1617
15134.120006,780,1619
15134.125006,963,1618
15134.130005,948,1617
15134.135006,767,1618
15134.140007,870,1615
15134.145005,957,1616
15134.150006,790,1614
15134.155005,812,1615
15134.160006,976,1617
15134.165006,873,1614
15134.170007,781,1619
15134.175006,985,1615
15134.180006,933,1614
15134.185006,752,1615
15134.190005,876,1612
15134.195007,956,1611
15134.200007,783,1609
15134.205007,804,1612
15134.210006,997,1609
15134.215006,875,1608
15134.220006,777,1609
15134.225006,964,1605
15134.230006,933,1605
15134.235006,767,1599
15134.240006,865,1606
15134.245006,947,1610
15134.250006,766,1606
15134.255005,820,1606
15134.260006,979,1609
15134.265006,865,1606
15134.270006,787,1600
15134.275006,968,1610
15134.280005,924,1615
15134.285006,771,1612
15134.290006,860,1614
15134.295005,952,1614
15134.300006,782,1614
15134.305005,808,1613
15134.310006,989,1604
15134.315005,874,1616
15134.320006,783,1611
15134.325006,969,1613
15134.330005,927,1614
15134.335006,750,1610
15134.340006,876,1609
15134.345006,953,1608
15134.350006,785,1606
15134.355006,808,1606
15134.360007,973,1605
15134.365005,888,1601
15134.370006,778,1604
15134.375006,979,1600
15134.380007,931,1601
15134.385006,759,1600
15134.390006,859,1596
15134.395007,968,1599
15134.400006,772,1597
15134.405006,818,1591
15134.410006,989,1595
15134.415007,878,1594
15134.420005,773,1598
15134.425005,977,1599
15134.430005,937,1596
15134.435006,753,1597
15134.440005,879,1600
15134.445006,956,1601
15134.450006,784,1597
15134.455005,809,1599
15134.460005,992,1601
15134.465005,871,1601
15134.470007,771,1601
15134.475006,980,1598
15134.480006,935,1601
15134.485005,757,1603
15134.490007,865,1593
15134.495007,955,1603
15134.500006,788,1601
15134.505006,805,1604
15134.510006,990,1604
15134.515007,880,1604
15134.520006,780,1604
15134.525007,958,1605
15134.530006,928,1607
15134.535006,771,1610
15134.540006,864,1608
15134.545006,964,1601
15134.550005,778,1606
15134.555006,800,1610
15134.560006,992,1605
15134.565005,879,1606
15134.570005,780,1603
15134.575005,958,1606
15134.580007,940,1606
15134.585005,759,1603
15134.590006,863,1603
15134.595005,948,1601
15134.600006,780,1594
15134.605007,812,1602
15134.610006,969,1601
15134.615006,884,1599
15134.620006,795,1599
15134.625006,962,1602
15134.630006,926,1602
15134.635006,746,1604
15134.640006,875,1605
15134.645006,956,1604
15134.650006,766,1606
15134.655007,815,1600
15134.660006,979,1602
15134.665006,874,1608
15134.670005,783,1600
15134.675005,963,1608
15134.680005,920,1606
15134.685007,765,1606
15134.690006,857,1610
15134.695007,946,1604
15134.700006,783,1605
15134.705006,804,1604
15134.710006,974,1604
15134.715006,871,1608
15134.720006,791,1599
15134.725006,969,1601
15134.730006,942,1603
15134.735007,749,1601
15134.740006,853,1606
15134.745005,968,1600
15134.750007,769,1602
15134.755006,798,1600
15134.760005,989,1604
15134.765007,870,1605
15134.770007,787,1600
15134.775007,963,1611
15134.780006,921,1608
15134.785007,746,1609
15134.790007,871,1602
15134.795006,959,1606
15134.800006,767,1611
15134.805006,816,1610
15134.810007,988,1603
15134.815005,866,1611
15134.820006,794,1607
15134.825005,964,1606
15134.830005,919,1611
15134.835005,757,1606
15134.840006,860,1608
15134.845006,971,1597
15134.850006,773,1603
15134.855006,801,1605
15134.860005,984,1600
15134.865006,871,1602
15134.870006,790,1594
15134.875006,967,1601
15134.880006,921,1602
15134.885006,763,1600
15134.890006,861,1598
15134.895006,954,1591
15134.900006,781,1596
15134.905005,808,1595
15134.910006,968,1601
15134.915007,880,1595
15134.920005,776,1595
15134.925006,967,1593
15134.930006,940,1593
15134.935007,757,1593
15134.940007,858,1594
15134.945005,969,1596
15134.950005,772,1594
15134.955006,800,1596
15134.960006,970,1596
15134.965005,885,1594
15134.970006,779,1594
15134.975005,974,1595
15134.980006,931,1597
15134.985007,747,1593
15134.990005,865,1595
15134.995006,950,1597
15135.000005,773,1590
15135.005005,803,1598
15135.010007,985,1598
15135.015007,865,1602
15135.020006,786,1597
15135.025006,959,1600
15135.030006,944,1600
15135.035007,761,1602
15135.040006,853,1601
15135.045006,966,1599
15135.050006,767,1603
15135.055006,819,1602
15135.060007,985,1602
15135.065006,876,1602
15135.070006,772,1605
15135.075005,967,1603
15135.080006,927,1601
15135.085007,766,1599
15135.090006,862,1599
15135.095006,950,1602
15135.100006,777,1602
15135.105007,816,1600
15135.110006,987,1604
15135.115006,865,1608
15135.120007,794,1607
15135.125006,957,1608
15135.130006,940,1605
15135.135005,772,1610
15135.140007,865,1614
15135.145006,965,1608
15135.150006,772,1615
15135.155006,818,1616
15135.160006,992,1618
15135.165007,877,1615
15135.170006,779,1617
15135.175007,977,1615
15135.180005,933,1615
15135.185007,749,1618
15135.190006,874,1616
15135.195006,954,1616
15135.200006,777,1613
15135.205005,802,1613
15135.210005,993,1612
15135.215006,888,1610
15135.220006,779,1613
15135.225006,981,1607
15135.230007,941,1610
15135.235006,752,1613
15135.240007,855,1611
15135.245005,974,1611
15135.250006,777,1612
15135.255006,805,1613
15135.260006,995,1614
15135.265007,877,1616
15135.270006,776,1618
15135.275006,976,1617
15135.280006,923,1622
15135.285007,772,1621
15135.290006,868,1619
15135.295006,964,1617
15135.300007,778,1613
15135.305007,821,1623
15135.310006,980,1623
15135.315006,888,1620
15135.320006,796,1623
15135.325006,960,1624
15135.330005,942,1622
15135.335006,751,1626
15135.340005,876,1621
15135.345006,964,1621
15135.350006,769,1626
15135.355007,816,1623
15135.360006,978,1624
15135.365007,881,1621
15135.370006,802,1615
15135.375007,968,1619
15135.380005,928,1619
15135.385006,767,1617
15135.390007,861,1620
15135.395005,956,1622
15135.400007,786,1618
15135.405007,818,1618
15135.410005,997,1617
15135.415005,888,1619
15135.420006,776,1620
15135.425006,974,1615
15135.430006,928,1613
15135.435007,765,1606
15135.440007,862,1602
15135.445006,964,1609
15135.450006,767,1611
15135.455006,819,1609
15135.460007,977,1607
15135.465006,885,1596
15135.470006,782,1603
15135.475006,971,1602
15135.480006,942,1602
15135.485005,763,1605
15135.490007,866,1601
15135.495006,955,1602
15135.500006,774,1600
15135.505006,806,1602
15135.510005,981,1604
15135.515007,873,1599
15135.520006,796,1602
15135.525006,959,1601
15135.530006,939,1599
15135.535006,760,1605
15135.540007,862,1602
15135.545005,957,1594
15135.550006,774,1602
15135.555005,809,1605
15135.560006,973,1603
15135.565005,895,1601
15135.570006,774,1603
15135.575005,964,1602
15135.580006,922,1601
15135.585005,774,1600
15135.590006,863,1601
15135.595006,952,1603
15135.600005,767,1606
15135.605006,820,1602
15135.610005,980,1601
15135.615006,875,1604
15135.620006,797,1602
15135.625006,966,1607
15135.630007,928,1606
15135.635006,750,1608
15135.640007,869,1606
15135.645005,952,1612
15135.650007,790,1609
15135.655006,811,1611
15135.660006,981,1614
15135.665006,874,1616
15135.670005,796,1611
15135.675006,966,1615
15135.680005,934,1615
15135.685007,756,1615
15135.690006,877,1613
15135.695007,959,1613
15135.700006,768,1619
15135.705005,819,1610
15135.710006,994,1609
15135.715006,891,1609
15135.720007,779,1612
15135.725007,968,1605
15135.730006,945,1611
15135.735006,756,1609
15135.740006,857,1608
15135.745006,966,1612
15135.750006,769,1614
15135.755007,822,1617
15135.760005,980,1615
15135.765006,890,1615
15135.770005,780,1617
15135.775006,956,1627
15135.780006,953,1614
15135.785006,761,1619
15135.790007,858,1624
15135.795006,980,1617
15135.800006,784,1619
15135.805006,805,1620
15135.810006,978,1619
15135.815007,899,1618
15135.820006,798,1620
15135.825006,961,1619
15135.830005,928,1617
15135.835005,771,1614
15135.840006,864,1616
15135.845005,961,1608
15135.850006,781,1617
15135.855007,807,1616
15135.860007,988,1616
15135.865006,873,1620
15135.870006,796,1620
15135.875006,965,1619
15135.880007,925,1617
15135.885006,777,1616
15135.890006,867,1617
15135.895006,954,1623
15135.900007,770,1619
15135.905006,823,1619
15135.910006,984,1615
15135.915007,884,1617
15135.920006,780,1616
15135.925007,977,1612
15135.930006,929,1616
15135.935006,761,1616
15135.940006,854,1614
15135.945006,972,1613
15135.950006,782,1615
15135.955005,806,1615
15135.960005,998,1611
15135.965006,881,1612
15135.970006,779,1615
15135.975006,979,1613
15135.980006,940,1611
15135.985006,756,1614
15135.990006,853,1617
15135.995005,977,1609
15136.000006,782,1612
15136.005006,804,1616
15136.010005,993,1613
15136.015006,873,1613
15136.020006,793,1609
15136.025006,965,1608
15136.030005,923,1611
15136.035007,749,1613
15136.040007,873,1603
15136.045005,965,1608
15136.050006,784,1606
15136.055005,814,1604
15136.060006,992,1602
15136.065006,885,1602
15136.070006,786,1600
15136.075006,953,1600
15136.080005,944,1597
15136.085006,771,1598
15136.090005,866,1601
15136.095006,957,1596
15136.100007,773,1601
15136.105006,801,1601
15136.110005,991,1599
15136.115006,878,1598
15136.120005,798,1595
15136.125007,961,1600
15136.130006,927,1597
15136.135006,772,1596
15136.140006,867,1599
15136.145005,955,1601
15136.150006,790,1600
15136.155006,801,1603
15136.160006,986,1603
15136.165006,879,1598
15136.170005,777,1600
15136.175006,955,1603
15136.180006,945,1598
15136.185006,766,1599
15136.190006,853,1598
15136.195006,973,1600
15136.200005,780,1602
15136.205006,800,1604
15136.210006,992,1597
15136.215005,877,1602
15136.220006,773,1603
15136.225006,973,1602
15136.230007,934,1601
15136.235006,766,1600
15136.240007,856,1605
15136.245007,949,1603
15136.250005,789,1602
15136.255005,800,1604
15136.260006,992,1601
15136.265005,879,1601
15136.270006,779,1602
15136.275007,967,1604
15136.280005,929,1602
15136.285006,767,1603
15136.290007,854,1599
15136.295006,973,1601
15136.300007,774,1599
15136.305006,806,1598
15136.310006,975,1598
15136.315005,879,1598
15136.320007,773,1597
15136.325006,966,1596
15136.330006,938,1596
15136.335006,750,1599
15136.340005,869,1596
15136.345007,959,1594
15136.350006,772,1597
15136.355007,810,1588
15136.360007,991,1594
15136.365006,884,1597
15136.370005,773,1598
15136.375006,968,1596
15136.380006,923,1597
15136.385005,767,1595
15136.390006,863,1601
15136.395005,952,1604
15136.400006,783,1599
15136.405005,805,1600
15136.410006,991,1602
15136.415006,881,1601
15136.420006,778,1600
15136.425006,967,1601
15136.430007,926,1597
15136.435006,754,1605
15136.440006,863,1600
15136.445006,968,1595
15136.450006,770,1603
15136.455006,822,1595
15136.460006,990,1603
15136.465005,876,1604
15136.470007,791,1600
15136.475007,955,1602
15136.480005,948,1600
15136.485006,753,1601
15136.490007,860,1594
15136.495006,958,1600
15136.500006,768,1604
15136.505006,816,1602
15136.510005,980,1600
15136.515007,886,1601
15136.520006,780,1601
15136.525006,971,1601
15136.530006,924,1606
15136.535006,763,1602
15136.540006,852,1607
15136.545007,959,1599
15136.550007,790,1603
15136.555005,804,1604
15136.560006,993,1601
15136.565006,886,1605
15136.570006,775,1606
15136.575006,971,1606
15136.580005,928,1607
15136.585005,748,1609
15136.590007,869,1608
15136.595006,954,1606
15136.600006,784,1606
15136.605006,808,1610
15136.610005,973,1611
15136.615006,890,1608
15136.620006,778,1609
15136.625005,974,1611
15136.630005,944,1608
15136.635007,758,1611
15136.640006,860,1612
15136.645007,968,1609
15136.650005,778,1613
15136.655005,804,1618
15136.660006,1000,1615
15136.665007,883,1614
15136.670005,793,1618
15136.675006,963,1614
15136.680005,928,1619
15136.685006,768,1608
15136.690005,862,1619
15136.695006,955,1618
15136.700007,778,1617
15136.705005,821,1614
15136.710005,975,1618
15136.715006,901,1614
15136.720007,794,1615
15136.725006,971,1614
15136.730007,934,1616
15136.735006,765,1610
15136.740006,858,1617
15136.745006,954,1621
15136.750005,789,1614
15136.755005,820,1622
15136.760006,977,1623
15136.765006,898,1625
15136.770005,783,1624
15136.775006,976,1624
15136.780005,934,1624
15136.785006,759,1624
15136.790007,852,1626
15136.795006,980,1621
15136.800007,789,1622
15136.805005,815,1626
15136.810006,979,1627
15136.815006,883,1619
15136.820006,780,1623
15136.825006,973,1613
15136.830005,937,1616
15136.835005,752,1617
15136.840006,869,1614
15136.845006,972,1614
15136.850005,774,1616
15136.855007,806,1617
15136.860006,976,1614
15136.865007,896,1614
15136.870006,785,1613
15136.875005,952,1611
15136.880005,938,1612
15136.885007,769,1610
15136.890006,869,1610
15136.895006,963,1609
15136.900006,779,1610
15136.905005,820,1611
15136.910007,977,1613
15136.915005,896,1606
15136.920007,791,1610
15136.925006,950,1610
15136.930005,939,1607
15136.935007,749,1611
15136.940006,870,1609
15136.945006,961,1606
15136.950006,771,1611
15136.955005,820,1599
15136.960005,984,1609
15136.965006,878,1609
15136.970006,773,1609
15136.975006,956,1609
15136.980006,943,1609
15136.985005,757,1611
15136.990006,856,1610
15136.995006,971,1609
15137.000006,769,1610
15137.005006,818,1605
15137.010006,994,1611
15137.015007,899,1608
15137.020005,790,1612
15137.025006,957,1611
15137.030007,924,1614
15137.035005,773,1612
15137.040005,855,1614
15137.045006,961,1609
15137.050006,773,1613
15137.055006,821,1613
15137.060005,983,1609
15137.065005,893,1605
15137.070007,793,1611
15137.075006,962,1615
15137.080005,929,1611
15137.085006,749,1612
15137.090006,850,1617
15137.095006,954,1615
15137.100006,788,1612
15137.105006,810,1615
15137.110005,995,1608
15137.115007,880,1613
15137.120006,796,1611
15137.125005,954,1613
15137.130005,943,1612
15137.135006,757,1612
15137.140007,868,1607
15137.145005,970,1609
15137.150005,773,1612
15137.155005,803,1612
15137.160006,998,1609
15137.165007,887,1607
15137.170006,778,1610
15137.175006,953,1612
15137.180005,934,1604
15137.185006,763,1609
15137.190006,855,1613
15137.195006,966,1603
15137.200006,789,1614
15137.205005,803,1615
15137.210005,977,1620
15137.215007,897,1615
15137.220006,777,1618
15137.225005,970,1620
15137.230006,929,1620
15137.235005,754,1623
15137.240006,869,1620
15137.245006,975,1612
15137.250006,790,1623
15137.255006,815,1621
15137.260006,1002,1620
15137.265007,899,1619
15137.270006,781,1625
15137.275007,974,1622
15137.280006,930,1626
15137.285006,769,1621
15137.290006,862,1624
15137.295005,955,1626
15137.300006,793,1627
15137.305005,817,1621
15137.310006,1001,1622
15137.315005,887,1625
15137.320006,777,1625
15137.325006,974,1624
15137.330006,934,1624
15137.335007,751,1624
15137.340007,873,1618
15137.345007,958,1622
15137.350006,772,1624
15137.355006,821,1622
15137.360006,976,1622
15137.365007,898,1620
15137.370007,784,1622
15137.375006,963,1620
15137.380006,936,1619
15137.385006,763,1621
15137.390007,853,1623
15137.395006,957,1621
15137.400007,795,1622
15137.405006,809,1620
15137.410006,993,1623
15137.415006,894,1622
15137.420007,782,1620
15137.425006,958,1620
15137.430006,945,1621
15137.435006,759,1620
15137.440005,866,1613
15137.445007,963,1622
15137.450007,785,1619
15137.455006,806,1623
15137.460007,994,1620
15137.465007,884,1617
15137.470007,781,1620
15137.475005,976,1616
15137.480006,945,1614
15137.485006,752,1616
15137.490007,871,1615
15137.495005,964,1611
15137.500007,791,1613
15137.505005,813,1611
15137.510006,978,1612
15137.515007,880,1606
15137.520006,781,1609
15137.525006,958,1604
15137.530006,944,1609
15137.535007,765,1608
15137.540007,864,1605
15137.545006,961,1605
15137.550007,772,1605
15137.555005,825,1603
15137.560006,977,1603
15137.565006,880,1599
15137.570007,777,1600
15137.575007,974,1596
15137.580006,942,1597
15137.585006,750,1599
15137.590006,865,1592
15137.595007,958,1594
15137.600005,789,1593
15137.605006,812,1590
15137.610007,974,1594
15137.615006,893,1593
15137.620005,793,1593
15137.625007,950,1592
15137.630007,943,1593
15137.635006,747,1594
15137.640006,851,1588
15137.645006,954,1592
15137.650007,794,1590
15137.655006,809,1590
15137.660006,975,1593
15137.665006,901,1587
15137.670005,782,1589
15137.675005,947,1590
15137.680005,940,1587
15137.685006,756,1587
15137.690006,852,1586
15137.695006,957,1584
15137.700005,769,1587
15137.705006,818,1586
15137.710006,976,1587
15137.715005,877,1589
15137.720006,783,1577
15137.725005,969,1588
15137.730006,930,1587
15137.735005,747,1588
15137.740006,859,1587
15137.745006,966,1587
15137.750005,768,1587
15137.755005,823,1585
15137.760006,982,1588
15137.765007,875,1589
15137.770006,788,1585
15137.775006,964,1587
15137.780006,927,1586
15137.785006,769,1585
15137.790006,855,1586
15137.795006,966,1586
15137.800006,788,1587
15137.805006,798,1588
15137.810006,981,1588
15137.815005,891,1587
15137.820006,768,1589
15137.825006,967,1587
15137.830006,936,1585
15137.835006,745,1590
15137.840007,854,1588
15137.845006,955,1588
15137.850006,795,1584
15137.855006,822,1589
15137.860005,985,1589
15137.865006,888,1593
15137.870006,768,1594
15137.875005,965,1593
15137.880005,930,1592
15137.885006,745,1601
15137.890007,864,1594
15137.895006,950,1597
15137.900006,796,1590
15137.905005,817,1597
15137.910006,985,1595
15137.915006,877,1596
15137.920006,794,1596
15137.925006,966,1598
15137.930006,929,1597
15137.935006,744,1596
15137.940005,849,1596
15137.945006,958,1597
15137.950005,777,1595
15137.955006,803,1599
15137.960006,998,1595
15137.965006,886,1599
15137.970007,771,1603
15137.975007,967,1600
15137.980005,923,1606
15137.985006,761,1602
15137.990006,860,1604
15137.995005,957,1606
15138.000007,777,1607
15138.005006,823,1608
15138.010006,985,1611
15138.015007,896,1617
15138.020005,783,1614
15138.025006,968,1618
15138.030005,929,1618
15138.035006,755,1612
15138.040006,868,1618
15138.045005,969,1621
15138.050006,777,1624
15138.055005,803,1623
15138.060006,1001,1617
15138.065006,894,1619
15138.070007,782,1618
15138.075007,953,1619
15138.080006,927,1619
15138.085007,772,1616
15138.090006,863,1615
15138.095006,957,1616
15138.100006,790,1614
15138.105007,808,1612
15138.110007,978,1610
15138.115006,887,1614
15138.120007,792,1610
15138.125005,973,1610
15138.130005,938,1609
15138.135006,748,1609
15138.140006,867,1607
15138.145006,955,1608
15138.150007,789,1605
15138.155006,815,1608
15138.160007,980,1609
15138.165006,882,1608
15138.170005,792,1607
15138.175005,956,1606
15138.180005,947,1606
15138.185006,755,1608
15138.190005,867,1602
15138.195006,966,1604
15138.200006,772,1609
15138.205006,818,1604
15138.210007,978,1605
15138.215007,896,1605
15138.220007,774,1606
15138.225006,964,1604
15138.230007,932,1606
15138.235006,752,1606
15138.240006,856,1604
15138.245005,977,1603
15138.250006,784,1600
15138.255005,805,1609
15138.260006,993,1601
15138.265006,886,1605
15138.270005,776,1605
15138.275006,966,1604
15138.280005,930,1605
15138.285007,758,1596
15138.290006,855,1608
15138.295006,971,1603
15138.300007,791,1606
15138.305005,809,1604
15138.310006,992,1605
15138.315005,888,1609
15138.320006,773,1604
15138.325007,972,1606
15138.330006,937,1605
15138.335007,755,1606
15138.340005,848,1611
15138.345007,965,1610
15138.350005,796,1606
15138.355006,806,1608
15138.360006,997,1608
15138.365006,895,1602
15138.370005,781,1610
15138.375006,947,1607
15138.380006,942,1609
15138.385006,751,1609
15138.390006,846,1610
15138.395005,967,1610
15138.400005,772,1613
15138.405005,815,1611
15138.410005,995,1606
15138.415006,880,1613
15138.420006,793,1609
15138.425006,956,1614
15138.430005,924,1616
15138.435005,765,1604
15138.440006,851,1613
15138.445006,952,1614
15138.450005,794,1611
15138.455006,806,1609
15138.460007,988,1614
15138.465005,892,1609
15138.470006,767,1609
15138.475005,966,1608
15138.480007,922,1609
15138.485006,756,1609
15138.490006,843,1611
15138.495005,964,1607
15138.500007,777,1604
15138.505007,813,1609
15138.510006,977,1613
15138.515006,901,1610
15138.520006,780,1609
15138.525007,969,1607
15138.530007,925,1610
15138.535006,763,1613
15138.540007,846,1611
15138.545006,972,1611
15138.550006,781,1611
15138.555006,800,1611
15138.560007,991,1610
15138.565006,883,1612
15138.570006,779,1603
15138.575005,950,1610
15138.580006,947,1604
15138.585007,756,1606
15138.590006,859,1604
15138.595006,950,1609
15138.600006,786,1606
15138.605006,809,1604
15138.610006,973,1607
15138.615006,900,1602
15138.620005,789,1602
15138.625006,953,1605
15138.630007,943,1604
15138.635006,752,1600
15138.640006,844,1604
15138.645006,966,1607
15138.650006,774,1599
15138.655005,819,1604
15138.660006,986,1603
15138.665006,881,1605
15138.670005,789,1610
15138.675005,957,1593
15138.680006,936,1601
15138.685006,747,1606
15138.690006,859,1604
15138.695006,965,1601
15138.700005,793,1603
15138.705006,808,1602
15138.710006,991,1594
15138.715006,897,1601
15138.720006,780,1602
15138.725006,953,1601
15138.730006,948,1600
15138.735006,748,1603
15138.740006,869,1599
15138.745006,959,1598
15138.750006,793,1601
15138.755006,814,1602
15138.760005,985,1601
15138.765006,879,1604
15138.770006,786,1603
15138.775006,951,1608
15138.780005,950,1605
15138.785006,762,1606
15138.790006,850,1608
15138.795005,979,1607
15138.800006,782,1608
15138.805005,808,1610
15138.810007,1003,1606
15138.815007,897,1609
15138.820006,781,1609
15138.825006,972,1610
15138.830005,930,1611
15138.835006,750,1609
15138.840005,865,1604
15138.845006,970,1609
15138.850006,793,1605
15138.855006,811,1611
15138.860005,978,1616
15138.865007,906,1612
15138.870007,781,1615
15138.875006,961,1614
15138.880006,941,1613
15138.885005,768,1618
15138.890006,853,1614
15138.895006,955,1618
15138.900007,794,1617
15138.905006,808,1618
15138.910006,1001,1618
15138.915006,887,1619
15138.920006,794,1617
15138.925006,955,1620
15138.930005,949,1616
15138.935006,754,1620
15138.940006,850,1617
15138.945007,974,1610
15138.950006,789,1618
15138.955005,805,1618
15138.960005,991,1613
15138.965006,884,1618
15138.970007,793,1616
15138.975006,952,1614
15138.980006,950,1613
15138.985005,766,1611
15138.990006,854,1615
15138.995006,975,1612
15139.000005,789,1613
15139.005005,818,1602
15139.010007,984,1612
15139.015005,886,1614
15139.020006,789,1612
15139.025006,972,1612
15139.030006,935,1614
15139.035007,765,1611
15139.040007,854,1611
15139.045006,956,1613
15139.050007,780,1612
15139.055005,828,1609
15139.060006,982,1614
15139.065005,886,1613
15139.070006,776,1607
15139.075005,962,1613
15139.080006,931,1611
15139.085006,767,1605
15139.090006,860,1613
15139.095006,959,1613
15139.100006,786,1605
15139.105006,822,1609
15139.110005,984,1612
15139.115006,883,1614
15139.120005,796,1608
15139.125007,959,1610
15139.130006,930,1613
15139.135006,772,1609
15139.140006,853,1610
15139.145005,961,1609
15139.150006,776,1615
15139.155006,818,1611
15139.160005,983,1610
15139.165005,884,1614
15139.170006,794,1612
15139.175006,953,1611
15139.180007,946,1609
15139.185006,753,1609
15139.190005,865,1609
15139.195007,961,1608
15139.200006,793,1609
15139.205006,802,1610
15139.210006,992,1604
15139.215006,890,1604
15139.220006,793,1606
15139.225005,947,1604
15139.230006,936,1608
15139.235006,770,1602
15139.240006,855,1610
15139.245006,967,1608
15139.250006,777,1609
15139.255006,816,1606
15139.260006,977,1610
15139.265006,897,1615
15139.270005,787,1612
15139.275007,955,1613
15139.280006,925,1615
15139.285006,769,1614
15139.290006,847,1616
15139.295007,964,1606
15139.300006,791,1616
15139.305006,809,1615
15139.310006,1000,1613
15139.315005,898,1615
15139.320006,771,1618
15139.325005,953,1617
15139.330006,951,1616
15139.335006,758,1615
15139.340006,844,1618
15139.345006,970,1617
15139.350006,777,1619
15139.355007,820,1611
15139.360006,984,1618
15139.365007,892,1618
15139.370006,791,1614
15139.375006,958,1618
15139.380006,933,1620
15139.385006,767,1621
15139.390005,853,1620
15139.395005,977,1621
15139.400007,781,1622
15139.405006,828,1619
15139.410007,986,1620
15139.415006,888,1623
15139.420006,776,1625
15139.425006,951,1624
15139.430006,947,1624
15139.435006,762,1626
15139.440005,862,1619
15139.445006,969,1623
15139.450006,788,1621
15139.455006,802,1622
15139.460006,995,1625
15139.465006,898,1621
15139.470007,785,1622
15139.475005,950,1627
15139.480006,951,1620
15139.485007,751,1625
15139.490006,851,1615
15139.495005,960,1621
15139.500006,798,1620
15139.505006,809,1617
15139.510006,1001,1613
15139.515006,890,1616
15139.520006,798,1610
15139.525006,956,1613
15139.530006,949,1608
15139.535006,755,1609
15139.540007,842,1606
15139.545006,957,1605
15139.550007,797,1604
15139.555007,809,1604
15139.560007,989,1603
15139.565007,907,1597
15139.570005,778,1600
15139.575005,943,1596
15139.580007,934,1594
15139.585007,769,1590
15139.590006,847,1590
15139.595007,970,1590
15139.600006,779,1589
15139.605006,817,1588
15139.610006,974,1594
15139.615006,901,1587
15139.620006,769,1589
15139.625006,962,1584
15139.630007,935,1588
15139.635007,745,1589
15139.640006,861,1585
15139.645005,960,1586
15139.650006,792,1586
15139.655006,799,1589
15139.660007,991,1586
15139.665006,882,1590
15139.670005,776,1585
15139.675005,969,1586
15139.680006,928,1591
15139.685006,751,1590
15139.690006,859,1589
15139.695007,955,1589
15139.700006,788,1589
15139.705006,801,1593
15139.710006,990,1582
15139.715006,894,1589
15139.720006,775,1591
15139.725006,961,1590
15139.730006,928,1593
15139.735006,750,1597
15139.740006,856,1594
15139.745006,980,1595
15139.750006,781,1597
15139.755007,819,1599
15139.760005,992,1599
15139.765007,886,1602
15139.770006,771,1605
15139.775006,965,1602
15139.780006,942,1605
15139.785006,757,1608
15139.790006,865,1601
15139.795006,965,1604
15139.800006,778,1605
15139.805006,805,1609
15139.810006,999,1603
15139.815005,893,1604
15139.820006,773,1602
15139.825005,954,1602
15139.830005,945,1601
15139.835005,765,1600
15139.840007,845,1600
15139.845006,973,1601
15139.850006,780,1601
15139.855006,826,1598
15139.860006,979,1599
15139.865006,902,1599
15139.870005,778,1598
15139.875006,945,1601
15139.880006,940,1600
15139.885005,752,1600
15139.890006,857,1601
15139.895005,959,1600
15139.900006,793,1600
15139.905006,811,1602
15139.910006,976,1600
15139.915006,899,1600
15139.920006,775,1600
15139.925006,970,1599
15139.930006,936,1601
15139.935007,754,1600
15139.940006,848,1591
15139.945006,962,1597
15139.950006,779,1597
15139.955005,811,1598
15139.960005,976,1599
15139.965006,910,1598
15139.970006,769,1597
15139.975006,953,1592
15139.980006,927,1599
15139.985006,748,1599
15139.990007,858,1589
15139.995006,965,1596
15140.000006,781,1600
15140.005007,821,1593
15140.010006,980,1597
15140.015006,882,1601
15140.020005,785,1600
15140.025006,949,1590
15140.030006,929,1602
15140.035006,746,1603
15140.040006,852,1598
15140.045006,955,1601
15140.050006,794,1600
15140.055005,809,1601
15140.060005,987,1594
15140.065006,901,1598
15140.070007,781,1601
15140.075006,940,1601
15140.080006,932,1602
15140.085006,757,1597
15140.090006,844,1594
15140.095006,959,1600
15140.100006,789,1601
15140.105007,799,1603
15140.110006,972,1604
15140.115006,900,1607
15140.120005,767,1606
15140.125006,953,1609
15140.130007,947,1610
15140.135005,755,1609
15140.140006,849,1604
15140.145006,957,1613
15140.150007,795,1613
15140.155006,806,1613
15140.160006,989,1610
15140.165006,892,1615
15140.170006,791,1615
15140.175006,949,1617
15140.180006,927,1617
15140.185007,766,1617
15140.190006,849,1608
15140.195006,964,1617
15140.200006,774,1618
15140.205005,821,1615
15140.210005,985,1616
15140.215007,901,1611
15140.220007,780,1618
15140.225006,953,1612
15140.230006,931,1621
15140.235006,766,1621
15140.240005,846,1622
15140.245005,978,1624
15140.250007,777,1626
15140.255006,806,1617
15140.260006,984,1627
15140.265006,910,1629
15140.270006,776,1630
15140.275007,956,1633
15140.280006,923,1632
15140.285006,771,1632
15140.290007,841,1635
15140.295006,974,1634
15140.300006,782,1633
15140.305006,820,1623
15140.310007,987,1631
15140.315006,914,1627
15140.320007,782,1632
15140.325007,943,1631
15140.330006,940,1625
15140.335006,753,1626
15140.340005,861,1625
15140.345006,968,1622
15140.350006,777,1623
15140.355006,819,1624
15140.360005,975,1624
15140.365006,905,1616
15140.370006,783,1619
15140.375005,948,1620
15140.380006,949,1617
15140.385006,763,1617
15140.390006,835,1618
15140.395006,970,1616
15140.400005,780,1618
15140.405006,798,1618
15140.410007,997,1620
15140.415006,894,1619
15140.420006,784,1608
15140.425006,956,1616
15140.430006,927,1619
15140.435006,752,1609
15140.440006,851,1613
15140.445006,965,1615
15140.450005,777,1616
15140.455006,812,1615
15140.460006,975,1616
15140.465005,907,1608
15140.470006,782,1612
15140.475006,948,1613
15140.480006,948,1612
15140.485006,752,1612
15140.490006,841,1617
15140.495006,973,1613
15140.500006,776,1614
15140.505006,811,1611
15140.510006,979,1613
15140.515007,909,1611
15140.520006,773,1614
15140.525007,965,1613
15140.530006,926,1609
15140.535006,762,1608
15140.540006,844,1608
15140.545005,970,1608
15140.550005,781,1605
15140.555005,812,1605
15140.560006,970,1602
15140.565006,902,1602
15140.570007,774,1600
15140.575006,964,1601
15140.580005,928,1601
15140.585005,749,1598
15140.590006,835,1598
15140.595006,970,1601
15140.600005,781,1602
15140.605006,799,1597
15140.610007,978,1600
15140.615006,907,1595
15140.620005,778,1594
15140.625006,946,1603
15140.630007,942,1602
15140.635006,748,1607
15140.640007,851,1609
15140.645005,958,1609
15140.650007,777,1608
15140.655006,800,1613
15140.660006,993,1610
15140.665007,893,1610
15140.670006,784,1604
15140.675006,960,1611
15140.680007,926,1614
15140.685007,774,1611
15140.690006,854,1609
15140.695006,956,1611
15140.700006,791,1608
15140.705005,803,1609
15140.710005,973,1609
15140.715007,887,1610
15140.720007,789,1605
15140.725006,953,1603
15140.730006,928,1609
15140.735005,762,1608
15140.740006,847,1606
15140.745006,960,1608
15140.750005,782,1608
15140.755005,822,1609
15140.760006,986,1610
15140.765006,910,1611
15140.770006,774,1612
15140.775007,944,1614
15140.780007,930,1615
15140.785006,749,1614
15140.790006,860,1614
15140.795007,959,1620
15140.800007,799,1617
15140.805005,805,1621
15140.810006,996,1617
15140.815005,906,1623
15140.820006,780,1622
15140.825006,965,1621
15140.830006,942,1624
15140.835005,762,1627
15140.840007,859,1626
15140.845007,969,1630
15140.850006,796,1629
15140.855007,812,1628
15140.860006,982,1623
15140.865006,903,1629
15140.870005,772,1637
15140.875006,950,1634
15140.880006,940,1632
15140.885005,768,1633
15140.890006,843,1635
15140.895006,978,1631
15140.900006,782,1633
15140.905005,814,1633
15140.910006,995,1628
15140.915006,901,1630
15140.920006,793,1629
15140.925007,947,1632
15140.930005,952,1630
15140.935006,758,1633
15140.940005,855,1624
15140.945007,965,1628
15140.950005,798,1620
15140.955006,817,1629
15140.960006,981,1629
15140.965005,891,1630
15140.970006,775,1630
15140.975006,963,1628
15140.980006,933,1630
15140.985006,769,1629
15140.990006,844,1628
15140.995006,955,1629
15141.000006,800,1625
15141.005006,806,1627
15141.010005,983,1622
15141.015007,914,1625
15141.020006,777,1624
15141.025006,962,1618
15141.030005,943,1619
15141.035007,766,1612
15141.040006,848,1622
15141.045005,979,1617
15141.050005,791,1616
15141.055005,802,1615
15141.060007,994,1611
15141.065006,898,1611
15141.070006,770,1611
15141.075006,965,1605
15141.080006,937,1604
15141.085006,753,1605
15141.090005,843,1598
15141.095006,971,1600
15141.100006,778,1599
15141.105007,812,1597
15141.110005,977,1598
15141.115007,895,1587
15141.120006,775,1593
15141.125006,947,1591
15141.130005,934,1591
15141.135005,747,1589
15141.140006,853,1591
15141.145006,954,1590
15141.150006,801,1591
15141.155005,812,1589
15141.160006,974,1587
15141.165006,906,1586
15141.170006,777,1592
15141.175006,946,1592
15141.180006,948,1592
15141.185007,753,1592
15141.190006,856,1593
15141.195006,954,1597
15141.200006,790,1597
15141.205005,816,1595
15141.210005,976,1596
15141.215006,909,1595
15141.220007,779,1596
15141.225006,944,1599
15141.230007,946,1596
15141.235006,761,1598
15141.240006,833,1597
15141.245006,959,1598
15141.250005,794,1588
15141.255006,807,1597
15141.260006,995,1594
15141.265006,894,1595
15141.270006,767,1597
15141.275006,956,1599
15141.280007,925,1595
15141.285006,764,1587
15141.290006,848,1593
15141.295005,971,1595
15141.300005,796,1594
15141.305005,799,1594
15141.310006,972,1596
15141.315006,904,1594
15141.320006,781,1595
15141.325005,945,1594
15141.330006,946,1595
15141.335007,753,1594
15141.340006,834,1598
15141.345006,973,1595
15141.350006,789,1597
15141.355006,816,1595
15141.360006,976,1598
15141.365006,889,1599
15141.370006,782,1600
15141.375005,945,1602
15141.380006,946,1600
15141.385006,756,1600
15141.390006,838,1601
15141.395006,977,1603
15141.400006,786,1609
15141.405007,821,1606
15141.410005,979,1605
15141.415006,910,1604
15141.420005,776,1604
15141.425005,944,1606
15141.430005,940,1610
15141.435006,765,1606
15141.440005,842,1608
15141.445007,978,1609
15141.450007,790,1608
15141.455006,824,1606
15141.460007,976,1613
15141.465005,911,1610
15141.470007,780,1606
15141.475006,946,1611
15141.480006,937,1607
15141.485005,753,1611
15141.490006,856,1606
15141.495006,974,1609
15141.500006,782,1611
15141.505007,825,1610
15141.510007,986,1608
15141.515006,893,1613
15141.520005,788,1607
15141.525006,952,1612
15141.530006,931,1612
15141.535006,764,1612
15141.540006,855,1615
15141.545005,966,1614
15141.550006,784,1614
15141.555005,818,1614
15141.560006,976,1616
15141.565005,906,1610
15141.570006,777,1615
15141.575005,969,1614
15141.580007,942,1614
15141.585006,758,1614
15141.590006,859,1612
15141.595007,957,1613
15141.600005,798,1612
15141.605006,804,1603
15141.610005,1000,1610
15141.615007,896,1612
15141.620006,769,1613
15141.625006,957,1613
15141.630005,933,1613
15141.635006,767,1613
15141.640005,837,1617
15141.645005,978,1615
15141.650005,783,1620
15141.655005,823,1616
15141.660005,984,1619
15141.665006,897,1616
15141.670006,790,1617
15141.675007,948,1615
15141.680005,946,1618
15141.685006,749,1622
15141.690006,852,1618
15141.695007,964,1605
15141.700006,790,1612
15141.705006,809,1602
15141.710006,983,1609
15141.715006,887,1610
15141.720007,779,1604
15141.725005,945,1606
15141.730006,950,1606
15141.735006,750,1605
15141.740005,846,1602
15141.745005,964,1595
15141.750006,789,1602
15141.755006,797,1605
15141.760005,982,1605
15141.765007,888,1605
15141.770005,782,1603
15141.775006,962,1604
15141.780006,931,1605
15141.785007,744,1609
15141.790006,848,1606
15141.795006,954,1609
15141.800007,789,1605
15141.805007,821,1607
15141.810006,985,1605
15141.815005,888,1610
15141.820007,776,1609
15141.825007,946,1611
15141.830005,945,1607
15141.835005,759,1606
15141.840006,835,1609
15141.845006,972,1609
15141.850006,801,1605
15141.855006,807,1605
15141.860006,973,1608
15141.865007,903,1606
15141.870006,773,1600
15141.875006,950,1610
15141.880006,947,1605
15141.885005,756,1608
15141.890006,849,1597
15141.895006,960,1609
15141.900006,784,1601
15141.905006,816,1613
15141.910006,981,1609
15141.915006,886,1610
15141.920007,779,1610
15141.925006,956,1607
15141.930006,934,1613
15141.935006,768,1602
15141.940006,847,1608
15141.945006,952,1613
15141.950005,788,1609
15141.955006,796,1612
15141.960006,988,1612
15141.965005,901,1610
15141.970007,771,1611
15141.975005,962,1611
15141.980006,937,1611
15141.985005,751,1611
15141.990006,852,1613
15141.995005,964,1615
15142.000005,777,1613
15142.005005,810,1617
15142.010006,972,1615
15142.015006,903,1613
15142.020006,769,1612
15142.025007,951,1612
15142.030006,927,1616
15142.035006,762,1611
15142.040007,838,1615
15142.045005,972,1613
15142.050005,789,1611
15142.055005,817,1612
15142.060006,973,1615
15142.065006,916,1609
15142.070006,781,1610
15142.075007,941,1610
15142.080005,941,1609
15142.085006,754,1611
15142.090005,853,1610
15142.095006,965,1609
15142.100005,784,1604
15142.105006,803,1609
15142.110006,969,1614
15142.115006,899,1612
15142.120006,769,1611
15142.125005,960,1609
15142.130005,929,1611
15142.135006,768,1609
15142.140007,837,1607
15142.145005,970,1597
15142.150007,786,1603
15142.155006,796,1605
15142.160005,994,1604
15142.165005,895,1602
15142.170007,786,1604
15142.175007,945,1601
15142.180006,924,1601
15142.185007,762,1599
15142.190006,852,1600
15142.195006,957,1602
15142.200006,798,1597
15142.205006,803,1597
15142.210007,974,1593
15142.215005,907,1598
15142.220005,773,1601
15142.225005,939,1599
15142.230005,937,1600
15142.235005,749,1601
15142.240007,838,1595
15142.245006,958,1604
15142.250005,799,1603
15142.255005,799,1605
15142.260007,990,1602
15142.265006,896,1604
15142.270006,767,1605
15142.275006,958,1603
15142.280005,937,1605
15142.285006,748,1608
15142.290005,850,1604
15142.295006,959,1608
15142.300007,802,1605
15142.305006,809,1604
15142.310007,993,1605
15142.315007,902,1606
15142.320006,783,1604
15142.325005,944,1603
15142.330006,924,1605
15142.335006,764,1603
15142.340006,830,1603
15142.345006,970,1601
15142.350006,786,1610
15142.355006,818,1605
15142.360005,977,1603
15142.365006,906,1604
15142.370005,768,1606
15142.375006,963,1610
15142.380005,931,1608
15142.385006,766,1609
15142.390006,851,1607
15142.395006,964,1611
15142.400007,785,1615
15142.405006,814,1614
15142.410006,986,1616
15142.415007,897,1619
15142.420006,792,1615
15142.425007,955,1620
15142.430006,951,1619
15142.435006,759,1619
15142.440005,833,1621
15142.445006,984,1619
15142.450006,781,1625
15142.455006,814,1619
15142.460006,988,1621
15142.465006,894,1623
15142.470006,776,1624
15142.475005,966,1619
15142.480006,935,1624
15142.485007,762,1614
15142.490006,853,1622
15142.495005,977,1621
15142.500006,786,1620
15142.505007,809,1614
15142.510006,991,1623
15142.515005,899,1623
15142.520006,777,1621
15142.525007,963,1617
15142.530006,940,1624
15142.535006,773,1623
15142.540006,854,1618
15142.545005,966,1624
15142.550006,798,1622
15142.555006,811,1619
15142.560006,981,1619
15142.565006,918,1618
15142.570006,772,1621
15142.575005,969,1612
15142.580006,938,1614
15142.585006,767,1612
15142.590005,845,1613
15142.595006,974,1610
15142.600006,797,1608
15142.605006,803,1613
15142.610006,996,1607
15142.615006,898,1610
15142.620006,772,1606
15142.625005,958,1597
15142.630006,944,1604
15142.635005,752,1606
15142.640007,850,1604
15142.645007,964,1605
15142.650005,782,1611
15142.655005,812,1604
15142.660006,973,1604
15142.665006,913,1602
15142.670006,785,1603
15142.675006,951,1603
15142.680006,926,1601
15142.685007,766,1601
15142.690006,839,1603
15142.695007,980,1598
15142.700006,799,1602
15142.705006,801,1601
15142.710006,987,1603
15142.715005,905,1602
15142.720006,768,1603
15142.725006,940,1604
15142.730005,940,1602
15142.735005,749,1607
15142.740006,833,1600
15142.745006,979,1598
15142.750005,784,1601
15142.755005,811,1600
15142.760006,974,1603
15142.765006,918,1603
15142.770006,779,1600
15142.775006,939,1603
15142.780007,949,1599
15142.785007,755,1602
15142.790006,831,1603
15142.795005,977,1601
15142.800006,797,1601
15142.805005,800,1602
15142.810006,988,1600
15142.815006,893,1601
15142.820007,780,1596
15142.825006,943,1596
15142.830006,941,1586
15142.835007,754,1597
15142.840005,829,1599
15142.845007,968,1593
15142.850005,794,1592
15142.855006,798,1601
15142.860006,989,1595
15142.865007,907,1592
15142.870005,772,1600
15142.875006,955,1596
15142.880006,927,1598
15142.885005,763,1596
15142.890006,827,1601
15142.895005,969,1600
15142.900007,779,1601
15142.905006,807,1603
15142.910006,977,1602
15142.915007,890,1605
15142.920006,780,1604
15142.925006,949,1595
15142.930005,936,1608
15142.935006,743,1606
15142.940006,844,1603
15142.945007,961,1606
15142.950006,778,1608
15142.955006,798,1609
15142.960007,996,1609
15142.965006,893,1609
15142.970007,788,1606
15142.975005,952,1609
15142.980006,931,1613
15142.985005,747,1614
15142.990007,849,1613
15142.995007,957,1615
15143.000006,804,1615
15143.005007,807,1616
15143.010006,988,1613
15143.015006,901,1618
15143.020006,769,1620
15143.025006,962,1616
15143.030005,933,1619
15143.035007,748,1618
15143.040007,845,1612
15143.045005,963,1620
15143.050006,782,1619
15143.055006,816,1621
15143.060006,980,1618
15143.065006,911,1618
15143.070006,767,1621
15143.075006,943,1618
15143.080006,945,1610
15143.085005,761,1616
15143.090006,834,1621
15143.095006,978,1620
15143.100006,788,1621
15143.105006,817,1618
15143.110006,972,1620
15143.115007,909,1618
15143.120005,785,1617
15143.125006,953,1621
15143.130007,927,1621
15143.135006,767,1619
15143.140006,836,1622
15143.145006,976,1622
15143.150006,789,1621
15143.155006,817,1618
15143.160006,985,1621
15143.165006,893,1623
15143.170007,782,1621
15143.175006,955,1616
15143.180005,940,1616
15143.185005,764,1613
15143.190005,845,1616
15143.195005,960,1615
15143.200005,786,1616
15143.205007,821,1608
15143.210007,987,1606
15143.215005,892,1610
15143.220007,779,1604
15143.225005,940,1604
15143.230006,948,1600
15143.235005,763,1599
15143.240007,831,1601
15143.245006,979,1597
15143.250005,785,1599
15143.255005,815,1601
15143.260007,977,1597
15143.265006,903,1600
15143.270005,778,1600
15143.275007,954,1593
15143.280006,930,1601
15143.285006,747,1601
15143.290006,846,1598
15143.295005,958,1602
15143.300006,796,1593
15143.305005,804,1599
15143.310007,991,1600
15143.315006,904,1600
15143.320005,766,1599
15143.325005,940,1602
15143.330007,946,1597
15143.335006,759,1600
15143.340005,836,1598
15143.345006,972,1601
15143.350006,788,1599
15143.355006,809,1599
15143.360006,974,1598
15143.365006,917,1597
15143.370006,774,1600
15143.375005,958,1600
15143.380005,937,1601
15143.385006,749,1601
15143.390006,847,1604
15143.395005,958,1602
15143.400007,796,1601
15143.405006,796,1604
15143.410007,991,1600
15143.415006,897,1604
15143.420006,792,1598
15143.425006,939,1602
15143.430005,940,1599
15143.435006,749,1602
15143.440006,854,1599
15143.445006,958,1599
15143.450005,805,1599
15143.455006,807,1599
15143.460007,985,1592
15143.465005,918,1596
15143.470006,773,1594
15143.475006,942,1597
15143.480007,940,1597
15143.485006,749,1598
15143.490007,846,1590
15143.495006,971,1598
15143.500005,783,1600
15143.505006,822,1596
15143.510005,986,1598
15143.515007,920,1598
15143.520005,776,1598
15143.525006,936,1602
15143.530005,946,1597
15143.535007,751,1601
15143.540006,846,1595
15143.545006,962,1603
15143.550006,783,1604
15143.555005,821,1602
15143.560006,978,1601
15143.565005,894,1604
15143.570007,784,1604
15143.575005,939,1604
15143.580006,950,1606
15143.585006,756,1600
15143.590005,829,1606
15143.595006,976,1604
15143.600005,785,1607
15143.605006,819,1604
15143.610005,978,1609
15143.615007,905,1596
15143.620006,773,1605
15143.625006,952,1608
15143.630006,928,1614
15143.635006,759,1604
15143.640007,840,1609
15143.645006,961,1613
15143.650007,783,1617
15143.655006,824,1612
15143.660006,977,1614
15143.665006,917,1612
15143.670006,779,1612
15143.675007,944,1613
15143.680006,948,1612
15143.685006,755,1613
15143.690006,849,1612
15143.695006,961,1613
15143.700006,803,1610
15143.705005,818,1613
15143.710005,979,1614
15143.715006,921,1613
15143.720007,772,1611
15143.725007,953,1612
15143.730006,944,1610
15143.735005,763,1607
15143.740006,845,1613
15143.745006,962,1613
15143.750006,784,1615
15143.755006,820,1612
15143.760005,980,1615
15143.765006,900,1615
15143.770005,778,1611
15143.775006,962,1610
15143.780006,944,1611
15143.785007,753,1607
15143.790006,836,1600
15143.795005,981,1608
15143.800005,787,1607
15143.805005,798,1607
15143.810007,998,1604
15143.815006,913,1606
15143.820007,770,1602
15143.825006,954,1600
15143.830006,937,1604
15143.835006,763,1602
15143.840006,844,1603
15143.845007,957,1603
15143.850007,800,1599
15143.855005,798,1607
15143.860005,989,1604
15143.865007,901,1604
15143.870005,785,1602
15143.875006,933,1605
15143.880006,939,1603
15143.885007,766,1605
15143.890006,835,1603
15143.895005,973,1601
15143.900005,788,1604
15143.905005,796,1603
15143.910006,997,1601
15143.915007,911,1603
15143.920007,787,1597
15143.925006,935,1602
15143.930006,938,1593
15143.935007,762,1601
15143.940006,831,1603
15143.945006,976,1599
15143.950006,790,1602
15143.955006,804,1605
15143.960006,993,1601
15143.965005,913,1602
15143.970006,772,1603
15143.975005,938,1604
15143.980007,927,1606
15143.985006,767,1604
15143.990006,833,1611
15143.995006,981,1608
15144.000006,802,1605
15144.005006,803,1602
15144.010005,974,1610
15144.015007,919,1610
15144.020005,774,1610
15144.025007,941,1612
15144.030006,947,1611
15144.035006,767,1613
15144.040006,843,1613
15144.045006,964,1615
15144.050006,804,1614
15144.055006,810,1617
15144.060007,986,1614
15144.065006,913,1615
15144.070006,772,1616
15144.075006,951,1612
15144.080007,950,1617
15144.085007,763,1614
15144.090006,829,1618
15144.095007,971,1614
15144.100007,801,1614
15144.105006,812,1614
15144.110005,978,1616
15144.115006,926,1612
15144.120005,776,1613
15144.125006,939,1616
15144.130006,952,1614
15144.135005,764,1610
15144.140006,831,1613
15144.145005,975,1605
15144.150006,808,1612
15144.155006,813,1610
15144.160006,989,1610
15144.165006,905,1611
15144.170005,783,1609
15144.175005,939,1613
15144.180005,931,1613
15144.185006,753,1611
15144.190006,831,1614
15144.195007,982,1610
15144.200006,792,1612
15144.205006,822,1612
15144.210006,983,1614
15144.215006,915,1602
15144.220007,789,1613
15144.225006,948,1612
15144.230006,935,1614
15144.235005,747,1615
15144.240006,846,1612
15144.245006,972,1610
15144.250006,793,1611
15144.255006,801,1613
15144.260006,996,1612
15144.265006,904,1614
15144.270005,786,1614
15144.275006,937,1615
15144.280006,929,1614
15144.285006,766,1613
15144.290006,835,1614
15144.295005,962,1613
15144.300005,809,1609
15144.305005,811,1612
15144.310007,984,1611
15144.315006,907,1606
15144.320006,790,1606
15144.325006,955,1607
15144.330006,936,1608
15144.335007,762,1596
15144.340007,837,1603
15144.345007,962,1604
15144.350005,809,1601
15144.355006,803,1605
15144.360005,992,1595
15144.365006,913,1601
15144.370006,765,1601
15144.375006,948,1600
15144.380006,942,1600
15144.385007,748,1606
15144.390006,845,1604
15144.395006,967,1607
15144.400006,809,1607
15144.405005,804,1610
15144.410006,987,1606
15144.415007,903,1616
15144.420005,776,1610
15144.425005,958,1616
15144.430005,928,1619
15144.435007,763,1615
15144.440006,845,1615
15144.445006,976,1617
15144.450006,786,1617
15144.455005,816,1612
15144.460006,980,1614
15144.465006,919,1613
15144.470006,778,1613
15144.475006,933,1618
15144.480007,934,1610
15144.485006,758,1603
15144.490006,834,1608
15144.495007,962,1612
15144.500006,808,1608
15144.505007,807,1608
15144.510007,975,1609
15144.515007,922,1610
15144.520005,764,1608
15144.525007,940,1608
15144.530005,945,1601
15144.535006,756,1610
15144.540006,837,1607
15144.545006,962,1607
15144.550007,800,1608
15144.555006,795,1611
15144.560006,994,1610
15144.565006,905,1609
15144.570007,786,1607
15144.575007,942,1609
15144.580007,932,1607
15144.585006,754,1602
15144.590006,820,1612
15144.595006,969,1605
15144.600005,787,1608
15144.605005,815,1606
15144.610005,973,1604
15144.615006,914,1605
15144.620006,764,1604
15144.625005,948,1607
15144.630005,927,1606
15144.635007,761,1602
15144.640006,827,1606
15144.645006,978,1604
15144.650006,796,1604
15144.655005,793,1603
15144.660006,989,1603
15144.665007,898,1605
15144.670005,782,1597
15144.675006,936,1598
15144.680006,927,1598
15144.685007,764,1594
15144.690006,833,1593
15144.695007,977,1590
15144.700006,789,1590
15144.705006,817,1590
15144.710006,973,1586
15144.715006,917,1582
15144.720006,780,1581
15144.725006,935,1585
15144.730007,926,1588
15144.735007,745,1583
15144.740007,840,1584
15144.745007,966,1585
15144.750006,798,1587
15144.755006,795,1592
15144.760006,989,1590
15144.765006,905,1592
15144.770006,764,1594
15144.775007,933,1592
15144.780006,944,1593
15144.785006,749,1595
15144.790007,838,1590
15144.795005,980,1594
15144.800005,795,1597
15144.805006,795,1595
15144.810006,972,1600
15144.815006,918,1598
15144.820006,770,1599
15144.825007,953,1599
15144.830006,932,1602
15144.835006,767,1600
15144.840006,829,1602
15144.845006,978,1601
15144.850005,791,1602
15144.855006,817,1602
15144.860007,982,1606
15144.865006,905,1606
15144.870006,784,1601
15144.875005,953,1602
15144.880005,926,1611
15144.885006,766,1607
15144.890006,823,1614
15144.895007,976,1609
15144.900006,801,1612
15144.905005,822,1611
15144.910006,984,1616
15144.915006,930,1612
15144.920005,778,1613
15144.925006,942,1605
15144.930006,939,1615
15144.935006,751,1618
15144.940006,840,1612
15144.945006,963,1618
15144.950006,809,1618
15144.955005,802,1618
15144.960005,996,1617
15144.965006,917,1618
15144.970007,768,1617
15144.975005,958,1616
15144.980006,937,1619
15144.985005,753,1620
15144.990006,844,1615
15144.995005,973,1616
15145.000005,800,1613
15145.005006,807,1618
15145.010005,983,1612
15145.015006,923,1616
15145.020006,769,1616
15145.025006,954,1613
15145.030006,949,1614
15145.035006,765,1610
15145.040006,833,1611
15145.045006,961,1613
15145.050006,799,1610
15145.055006,817,1610
15145.060007,981,1610
15145.065007,929,1610
15145.070006,778,1611
15145.075005,938,1608
15145.080007,944,1604
15145.085006,748,1608
15145.090006,833,1605
15145.095006,978,1598
15145.100006,805,1604
15145.105006,808,1596
15145.110006,974,1606
15145.115007,910,1609
15145.120007,788,1606
15145.125005,932,1609
15145.130006,941,1604
15145.135005,761,1605
15145.140006,826,1607
15145.145006,971,1604
15145.150006,793,1607
15145.155006,815,1604
15145.160006,980,1598
15145.165006,921,1604
15145.170005,764,1605
15145.175006,940,1599
15145.180005,930,1605
15145.185005,768,1600
15145.190005,825,1604
15145.195006,960,1602
15145.200005,806,1598
15145.205006,803,1600
15145.210007,991,1596
15145.215007,921,1597
15145.220006,781,1595
15145.225006,932,1595
15145.230006,947,1594
15145.235006,750,1596
15145.240006,837,1588
15145.245005,979,1590
15145.250007,796,1593
15145.255005,811,1584
15145.260006,984,1592
15145.265007,902,1594
15145.270006,771,1585
15145.275006,937,1593
15145.280006,947,1594
15145.285006,741,1594
15145.290005,824,1595
15145.295007,976,1596
15145.300007,803,1592
15145.305005,804,1588
15145.310006,975,1594
15145.315006,905,1592
15145.320006,777,1594
15145.325007,934,1593
15145.330005,923,1592
15145.335006,760,1590
15145.340005,835,1590
15145.345006,979,1588
15145.350007,794,1590
15145.355005,797,1594
15145.360006,995,1586
15145.365007,907,1593
15145.370006,766,1592
15145.375006,950,1595
15145.380006,944,1595
15145.385005,752,1596
15145.390005,819,1596
15145.395005,967,1600
15145.400006,793,1603
15145.405006,815,1604
15145.410005,972,1606
15145.415005,929,1607
15145.420006,773,1606
15145.425006,935,1610
15145.430007,947,1609
15145.435006,761,1614
15145.440006,819,1617
15145.445007,974,1612
15145.450006,801,1606
15145.455005,798,1612
15145.460006,995,1614
15145.465006,916,1613
15145.470007,765,1619
15145.475006,944,1608
15145.480006,945,1617
15145.485005,754,1617
15145.490006,844,1616
15145.495005,963,1622
15145.500006,819,1620
15145.505006,808,1622
15145.510005,994,1622
15145.515005,925,1621
15145.520005,772,1627
15145.525006,958,1627
15145.530006,939,1628
15145.535006,774,1627
15145.540006,835,1629
15145.545005,966,1630
15145.550005,796,1631
15145.555005,820,1627
15145.560006,983,1629
15145.565005,925,1630
15145.570006,769,1633
15145.575006,954,1629
15145.580006,940,1629
15145.585006,769,1627
15145.590007,834,1627
15145.595007,974,1620
15145.600006,807,1628
15145.605006,808,1632
15145.610006,979,1632
15145.615006,932,1629
15145.620006,778,1630
15145.625006,943,1631
15145.630007,936,1632
15145.635006,772,1632
15145.640006,830,1636
15145.645006,969,1629
15145.650006,817,1632
15145.655005,821,1632
15145.660006,987,1637
15145.665006,914,1635
15145.670006,786,1626
15145.675006,946,1632
15145.680006,933,1634
15145.685007,762,1621
15145.690007,838,1626
15145.695006,973,1626
15145.700005,809,1620
15145.705006,798,1625
15145.710006,994,1619
15145.715006,915,1621
15145.720006,785,1617
15145.725005,949,1618
15145.730006,944,1616
15145.735005,752,1613
15145.740006,818,1617
15145.745005,986,1612
15145.750006,801,1615
15145.755006,815,1610
15145.760006,986,1614
15145.765006,912,1617
15145.770006,767,1617
15145.775006,951,1611
15145.780006,941,1614
15145.785006,754,1614
15145.790006,839,1614
15145.795005,979,1617
15145.800006,800,1613
15145.805005,818,1612
15145.810007,982,1612
15145.815007,914,1606
15145.820007,779,1611
15145.825006,929,1610
15145.830005,947,1610
15145.835006,752,1608
15145.840005,835,1605
15145.845007,973,1605
15145.850007,795,1608
15145.855005,813,1604
15145.860005,973,1605
15145.865007,929,1606
15145.870006,775,1602
15145.875005,928,1608
15145.880005,945,1607
15145.885006,760,1607
15145.890007,817,1608
15145.895006,973,1604
15145.900006,805,1608
15145.905006,810,1608
15145.910006,980,1610
15145.915006,910,1611
15145.920006,786,1610
15145.925006,934,1607
15145.930005,928,1612
15145.935006,767,1609
15145.940006,823,1611
15145.945006,973,1609
15145.950006,817,1608
15145.955007,805,1607
15145.960006,977,1608
15145.965006,931,1606
15145.970005,763,1607
15145.975006,943,1604
15145.980006,933,1604
15145.985005,762,1602
15145.990006,822,1603
15145.995006,980,1597
15146.000005,817,1601
15146.005006,807,1603
15146.010005,977,1604
15146.015006,908,1603
15146.020006,786,1600
15146.025006,937,1600
15146.030006,933,1601
15146.035006,773,1597
15146.040007,818,1603
15146.045007,978,1598
15146.050006,810,1600
15146.055005,802,1601
15146.060007,990,1592
15146.065007,914,1601
15146.070005,779,1597
15146.075006,929,1597
15146.080005,943,1590
15146.085005,756,1596
15146.090007,823,1588
15146.095006,969,1597
15146.100006,798,1599
15146.105006,820,1600
15146.110005,991,1597
15146.115006,910,1599
15146.120005,783,1595
15146.125007,931,1601
15146.130005,929,1601
15146.135006,768,1601
15146.140006,826,1604
15146.145005,977,1603
15146.150006,810,1604
15146.155007,800,1604
15146.160006,976,1606
15146.165006,929,1607
15146.170005,773,1607
15146.175006,939,1602
15146.180005,945,1606
15146.185007,759,1610
15146.190007,825,1610
15146.195006,962,1611
15146.200006,812,1608
15146.205006,820,1608
15146.210007,975,1609
15146.215007,934,1607
15146.220007,770,1607
15146.225006,947,1607
15146.230006,932,1609
15146.235006,762,1608
15146.240006,815,1613
15146.245005,970,1609
15146.250006,814,1602
15146.255007,806,1609
15146.260006,992,1610
15146.265006,923,1611
15146.270005,771,1604
15146.275006,938,1616
15146.280006,946,1606
15146.285006,768,1611
15146.290006,820,1612
15146.295006,965,1610
15146.300006,811,1609
15146.305006,798,1612
15146.310007,991,1609
15146.315005,917,1606
15146.320005,763,1611
15146.325005,941,1611
15146.330007,932,1609
15146.335006,761,1603
15146.340005,818,1605
15146.345006,968,1602
15146.350006,813,1605
15146.355007,814,1605
15146.360006,973,1605
15146.365007,923,1604
15146.370007,768,1606
15146.375006,926,1606
15146.380006,938,1604
15146.385005,764,1604
15146.390006,822,1605
15146.395006,961,1611
15146.400006,812,1605
15146.405005,797,1606
15146.410007,978,1601
15146.415007,925,1602
15146.420006,763,1603
15146.425006,934,1602
15146.430006,944,1601
15146.435006,770,1600
15146.440005,818,1601
15146.445006,980,1598
15146.450005,793,1601
15146.455006,808,1597
15146.460006,975,1595
15146.465005,929,1594
15146.470007,761,1593
15146.475006,931,1593
15146.480006,950,1591
15146.485007,762,1591
15146.490005,818,1593
15146.495006,958,1592
15146.500005,799,1592
15146.505006,809,1591
15146.510005,973,1593
15146.515006,928,1591
15146.520005,763,1597
15146.525007,944,1594
15146.530006,934,1594
15146.535006,764,1592
15146.540006,814,1601
15146.545006,970,1597
15146.550006,817,1597
15146.555006,804,1601
15146.560006,997,1601
15146.565006,921,1600
15146.570007,765,1597
15146.575006,948,1601
15146.580005,934,1600
15146.585005,746,1602
15146.590006,830,1599
15146.595006,969,1601
15146.600006,798,1603
15146.605006,800,1602
15146.610006,999,1600
15146.615006,927,1601
15146.620006,767,1603
15146.625006,952,1600
15146.630006,949,1603
15146.635006,752,1605
15146.640006,836,1605
15146.645005,969,1605
15146.650006,804,1605
15146.655005,820,1603
15146.660006,983,1605
15146.665006,914,1608
15146.670006,783,1605
15146.675007,925,1609
15146.680006,953,1608
15146.685007,754,1607
15146.690007,818,1606
15146.695005,981,1605
15146.700006,816,1604
15146.705005,810,1606
15146.710006,977,1607
15146.715005,922,1606
15146.720007,780,1601
15146.725006,939,1602
15146.730006,938,1604
15146.735005,760,1608
15146.740006,818,1608
15146.745006,983,1604
15146.750006,809,1606
15146.755006,798,1609
15146.760007,973,1607
15146.765006,929,1608
15146.770005,773,1608
15146.775007,942,1607
15146.780006,934,1610
15146.785006,761,1606
15146.790006,812,1615
15146.795006,981,1610
15146.800007,807,1616
15146.805006,797,1613
15146.810007,973,1618
15146.815006,928,1614
15146.820006,761,1616
15146.825006,940,1615
15146.830005,934,1616
15146.835006,762,1614
15146.840006,828,1612
15146.845006,980,1619
15146.850005,817,1621
15146.855006,803,1621
15146.860006,972,1626
15146.865007,924,1623
15146.870006,780,1619
15146.875006,940,1621
15146.880007,943,1619
15146.885006,766,1619
15146.890006,823,1626
15146.895005,969,1622
15146.900006,810,1624
15146.905006,798,1624
15146.910007,992,1622
15146.915006,917,1622
15146.920005,788,1618
15146.925006,930,1621
15146.930006,947,1618
15146.935007,755,1616
15146.940006,836,1616
15146.945007,971,1616
15146.950006,795,1617
15146.955006,810,1615
15146.960006,978,1614
15146.965006,911,1614
15146.970006,781,1615
15146.975006,931,1616
15146.980007,928,1611
15146.985007,764,1610
15146.990006,812,1614
15146.995006,980,1610
15147.000005,801,1616
15147.005005,795,1614
15147.010006,992,1609
15147.015006,925,1610
15147.020005,768,1614
15147.025006,925,1615
15147.030005,932,1616
15147.035006,771,1611
15147.040006,821,1612
15147.045006,969,1611
15147.050006,797,1614
15147.055005,811,1610
15147.060006,976,1610
15147.065005,913,1611
15147.070006,772,1608
15147.075006,931,1609
15147.080006,929,1609
15147.085006,761,1607
15147.090005,821,1604
15147.095006,975,1603
15147.100005,803,1605
15147.105006,796,1606
15147.110005,984,1605
15147.115006,914,1604
15147.120005,779,1604
15147.125006,922,1605
15147.130005,948,1606
15147.135006,749,1603
15147.140006,828,1602
15147.145006,971,1604
15147.150007,799,1605
15147.155007,798,1606
15147.160005,970,1609
15147.165006,934,1604
15147.170006,766,1606
15147.175006,945,1606
15147.180006,937,1606
15147.185006,768,1605
15147.190005,824,1610
15147.195006,966,1608
15147.200005,800,1612
15147.205007,793,1613
15147.210007,992,1613
15147.215005,923,1616
15147.220005,763,1616
15147.225005,940,1618
15147.230006,938,1619
15147.235005,756,1619
15147.240006,829,1624
15147.245005,973,1627
15147.250006,814,1627
15147.255007,813,1626
15147.260006,974,1629
15147.265006,920,1628
15147.270005,771,1632
15147.275006,946,1626
15147.280007,948,1627
15147.285006,756,1631
15147.290006,837,1628
15147.295007,963,1628
15147.300006,809,1630
15147.305005,816,1627
15147.310006,988,1627
15147.315005,927,1628
15147.320006,779,1624
15147.325006,928,1629
15147.330006,954,1623
15147.335006,755,1625
15147.340005,818,1627
15147.345007,986,1623
15147.350006,809,1633
15147.355006,819,1623
15147.360005,990,1623
15147.365007,925,1617
15147.370006,781,1617
15147.375006,938,1625
15147.380007,954,1625
15147.385006,762,1623
15147.390006,839,1621
15147.395006,981,1623
15147.400006,803,1622
15147.405005,810,1623
15147.410006,993,1622
15147.415006,913,1624
15147.420006,784,1619
15147.425006,926,1624
15147.430006,952,1618
15147.435007,753,1619
15147.440007,834,1616
15147.445005,991,1612
15147.450006,809,1611
15147.455006,819,1611
15147.460006,985,1612
15147.465006,913,1611
15147.470006,775,1612
15147.475005,929,1609
15147.480006,953,1609
15147.485006,756,1609
15147.490007,833,1608
15147.495006,976,1610
15147.500006,808,1608
15147.505007,814,1608
15147.510005,981,1611
15147.515007,932,1603
15147.520007,773,1611
15147.525006,940,1611
15147.530005,933,1616
15147.535006,760,1611
15147.540006,832,1609
15147.545005,974,1609
15147.550005,826,1608
15147.555005,799,1610
15147.560006,996,1609
15147.565006,909,1610
15147.570007,771,1606
15147.575006,921,1609
15147.580006,939,1605
15147.585006,771,1604
15147.590005,813,1604
15147.595006,982,1604
15147.600006,802,1605
15147.605007,809,1602
15147.610006,979,1600
15147.615006,931,1597
15147.620005,788,1597
15147.625006,921,1600
15147.630007,945,1597
15147.635005,750,1600
15147.640007,828,1598
15147.645007,964,1600
15147.650005,819,1597
15147.655005,800,1599
15147.660007,991,1597
15147.665006,915,1598
15147.670005,779,1595
15147.675006,921,1598
15147.680005,940,1594
15147.685007,768,1597
15147.690006,817,1595
15147.695006,965,1588
15147.700006,806,1594
15147.705006,792,1595
15147.710007,987,1593
15147.715005,916,1592
15147.720006,779,1588
15147.725005,928,1595
15147.730007,944,1594
15147.735006,759,1596
15147.740006,820,1592
15147.745005,955,1603
15147.750006,808,1596
15147.755007,812,1600
15147.760005,973,1599
15147.765006,934,1599
15147.770006,769,1601
15147.775007,919,1603
15147.780007,948,1601
15147.785005,750,1603
15147.790006,830,1601
15147.795006,961,1601
15147.800007,813,1601
15147.805006,795,1605
15147.810006,985,1601
15147.815005,911,1603
15147.820007,778,1600
15147.825006,940,1604
15147.830006,928,1603
15147.835006,761,1602
15147.840006,810,1606
15147.845006,970,1600
15147.850006,806,1603
15147.855007,795,1602
15147.860006,984,1602
15147.865006,917,1604
15147.870006,763,1609
15147.875005,947,1599
15147.880005,937,1605
15147.885006,750,1604
15147.890006,834,1605
15147.895005,965,1607
15147.900007,823,1606
15147.905005,802,1610
15147.910006,969,1611
15147.915007,929,1609
15147.920007,760,1613
15147.925006,926,1604
15147.930006,936,1611
15147.935006,771,1609
15147.940006,811,1614
15147.945007,961,1617
15147.950007,807,1616
15147.955006,816,1615
15147.960006,982,1609
15147.965005,925,1616
15147.970006,766,1614
15147.975006,942,1616
15147.980006,933,1616
15147.985005,747,1622
15147.990007,823,1616
15147.995006,963,1615
15148.000005,813,1612
15148.005006,803,1611
15148.010006,976,1615
15148.015007,936,1612
15148.020006,771,1611
15148.025006,921,1613
15148.030005,954,1612
15148.035006,753,1610
15148.040007,816,1612
15148.045007,982,1609
15148.050007,804,1612
15148.055006,805,1609
15148.060005,975,1608
15148.065006,923,1601
15148.070005,780,1609
15148.075005,923,1609
15148.080006,933,1608
15148.085006,769,1608
15148.090006,817,1610
15148.095006,983,1606
15148.100007,803,1606
15148.105005,792,1607
15148.110005,990,1604
15148.115006,913,1606
15148.120006,767,1604
15148.125006,941,1602
15148.130006,942,1602
15148.135005,748,1603
15148.140006,832,1605
15148.145007,965,1600
15148.150005,818,1601
15148.155006,804,1600
15148.160006,979,1599
15148.165006,937,1599
15148.170005,771,1598
15148.175005,940,1597
15148.180005,933,1599
15148.185006,767,1596
15148.190005,815,1597
15148.195007,963,1589
15148.200006,813,1596
15148.205005,799,1596
15148.210006,992,1595
15148.215006,916,1601
15148.220007,777,1594
15148.225005,928,1595
15148.230006,929,1593
15148.235006,756,1597
15148.240006,831,1594
15148.245006,960,1598
15148.250006,814,1597
15148.255006,791,1599
15148.260006,969,1598
15148.265007,931,1600
15148.270006,760,1600
15148.275005,932,1599
15148.280006,936,1597
15148.285007,748,1596
15148.290007,823,1600
15148.295006,964,1603
15148.300006,819,1603
15148.305005,792,1607
15148.310007,987,1601
15148.315007,912,1607
15148.320007,778,1603
15148.325006,932,1606
15148.330005,934,1601
15148.335006,764,1603
15148.340005,830,1604
15148.345006,965,1606
15148.350006,818,1602
15148.355006,810,1600
15148.360006,980,1603
15148.365006,933,1603
15148.370005,766,1605
15148.375006,915,1610
15148.380006,934,1607
15148.385005,764,1603
15148.390007,827,1606
15148.395007,981,1610
15148.400005,810,1608
15148.405006,808,1608
15148.410007,984,1608
15148.415006,912,1612
15148.420006,780,1606
15148.425007,930,1612
15148.430007,942,1616
15148.435006,752,1614
15148.440006,827,1606
15148.445005,982,1613
15148.450005,808,1616
15148.455006,793,1617
15148.460005,984,1616
15148.465006,936,1616
15148.470007,768,1617
15148.475006,917,1615
15148.480006,952,1614
15148.485005,752,1614
15148.490007,832,1615
15148.495006,971,1613
15148.500007,820,1613
15148.505006,792,1617
15148.510005,985,1615
15148.515007,916,1612
15148.520005,778,1614
15148.525007,922,1616
15148.530007,937,1615
15148.535006,770,1611
15148.540006,839,1612
15148.545005,967,1614
15148.550006,821,1616
15148.555006,797,1612
15148.560006,994,1615
15148.565006,918,1612
15148.570006,779,1610
15148.575005,929,1610
15148.580007,941,1611
15148.585006,754,1605
15148.590007,816,1614
15148.595006,984,1610
15148.600006,808,1609
15148.605006,811,1606
15148.610006,984,1608
15148.615006,917,1610
15148.620005,772,1607
15148.625006,918,1608
15148.630006,948,1607
15148.635006,755,1608
15148.640007,809,1608
15148.645006,980,1611
15148.650006,814,1606
15148.655006,794,1610
15148.660007,988,1609
15148.665006,915,1612
15148.670005,776,1609
15148.675005,917,1612
15148.680005,953,1610
15148.685006,753,1611
15148.690006,816,1611
15148.695007,984,1612
15148.700007,810,1610
15148.705006,797,1611
15148.710007,991,1613
15148.715005,922,1613
15148.720006,782,1613
15148.725006,936,1614
15148.730006,941,1613
15148.735006,756,1602
15148.740006,822,1608
15148.745007,958,1612
15148.750005,823,1611
15148.755006,792,1611
15148.760005,993,1609
15148.765006,917,1609
15148.770006,774,1610
15148.775006,917,1608
15148.780006,948,1608
15148.785007,753,1608
15148.790006,831,1608
15148.795006,961,1608
15148.800006,814,1606
15148.805005,791,1609
15148.810005,986,1607
15148.815006,925,1607
15148.820007,784,1603
15148.825006,922,1604
15148.830006,932,1604
15148.835006,757,1605
15148.840005,828,1603
15148.845007,979,1601
15148.850005,809,1603
15148.855007,805,1608
15148.860006,975,1604
15148.865006,922,1603
15148.870006,782,1605
15148.875005,930,1603
15148.880005,933,1607
15148.885006,766,1608
15148.890006,821,1607
15148.895006,962,1612
15148.900006,819,1611
15148.905005,793,1613
15148.910007,991,1611
15148.915006,931,1610
15148.920006,781,1614
15148.925006,917,1615
15148.930005,953,1612
15148.935006,750,1617
15148.940006,819,1612
15148.945006,981,1614
15148.950007,815,1613
15148.955006,794,1611
15148.960006,985,1614
15148.965006,929,1612
15148.970007,782,1617
15148.975007,922,1612
15148.980005,928,1618
15148.985005,749,1617
15148.990006,821,1616
15148.995006,981,1617
15149.000006,805,1621
15149.005006,813,1619
15149.010005,972,1625
15149.015006,927,1621
15149.020005,766,1625
15149.025006,934,1624
15149.030005,946,1625
15149.035006,750,1624
15149.040006,823,1623
15149.045005,981,1618
15149.050006,818,1622
15149.055005,818,1623
15149.060006,991,1621
15149.065006,925,1620
15149.070007,769,1621
15149.075006,914,1625
15149.080005,949,1622
15149.085005,757,1621
15149.090006,834,1617
15149.095006,964,1619
15149.100006,829,1617
15149.105006,792,1616
15149.110006,985,1616
15149.115006,915,1618
15149.120005,769,1615
15149.125006,916,1613
15149.130006,950,1613
15149.135007,753,1615
15149.140006,812,1615
15149.145006,984,1607
15149.150006,812,1613
15149.155007,812,1614
15149.160006,982,1609
15149.165006,916,1616
15149.170006,766,1612
15149.175007,934,1609
15149.180005,947,1610
15149.185006,755,1606
15149.190005,827,1607
15149.195006,962,1603
15149.200006,825,1600
15149.205005,803,1600
15149.210005,993,1598
15149.215006,917,1595
15149.220006,775,1596
15149.225005,933,1599
15149.230007,928,1603
15149.235007,765,1600
15149.240007,812,1597
15149.245006,964,1594
15149.250005,823,1599
15149.255006,800,1597
15149.260006,995,1597
15149.265006,923,1601
15149.270005,763,1601
15149.275006,921,1600
15149.280006,950,1600
15149.285007,747,1608
15149.290006,830,1611
15149.295006,965,1602
15149.300006,824,1598
15149.305005,798,1605
15149.310006,973,1607
15149.315006,932,1601
15149.320006,773,1602
15149.325006,934,1602
15149.330006,940,1601
15149.335007,768,1602
15149.340006,813,1604
15149.345006,960,1605
15149.350006,828,1599
15149.355007,803,1605
15149.360007,971,1606
15149.365005,925,1607
15149.370005,771,1606
15149.375006,913,1604
15149.380006,952,1604
15149.385007,749,1609
15149.390007,810,1612
15149.395006,972,1608
15149.400007,826,1606
15149.405007,804,1606
15149.410006,992,1606
15149.415006,921,1605
15149.420005,764,1604
15149.425005,935,1603
15149.430006,936,1605
15149.435007,765,1603
15149.440007,826,1595
15149.445007,969,1601
15149.450006,807,1608
15149.455005,809,1603
15149.460006,974,1601
15149.465005,915,1605
15149.470006,780,1601
15149.475007,917,1601
15149.480005,935,1604
15149.485006,772,1602
15149.490006,812,1606
15149.495005,985,1602
15149.500006,825,1603
15149.505006,817,1598
15149.510006,974,1604
15149.515006,912,1605
15149.520006,774,1602
15149.525007,930,1604
15149.530006,935,1606
15149.535006,769,1607
15149.540006,811,1609
15149.545005,977,1608
15149.550005,808,1610
15149.555005,807,1609
15149.560007,991,1608
15149.565006,919,1611
15149.570007,764,1611
15149.575006,923,1614
15149.580006,959,1609
15149.585007,758,1614
15149.590005,813,1613
15149.595006,967,1612
15149.600006,821,1611
15149.605007,802,1602
15149.610007,990,1611
15149.615007,917,1612
15149.620007,777,1609
15149.625005,917,1610
15149.630005,949,1606
15149.635006,770,1604
15149.640006,817,1607
15149.645005,985,1603
15149.650007,812,1607
15149.655006,816,1605
15149.660006,975,1606
15149.665007,932,1604
15149.670005,769,1604
15149.675006,930,1599
15149.680005,934,1603
15149.685006,764,1597
15149.690006,811,1599
15149.695006,991,1593
15149.700006,820,1596
15149.705006,810,1593
15149.710005,987,1595
15149.715007,918,1589
15149.720006,779,1597
15149.725007,915,1595
15149.730006,947,1593
15149.735005,764,1586
15149.740006,818,1593
15149.745006,977,1592
15149.750006,831,1586
15149.755007,790,1595
15149.760007,989,1593
15149.765006,913,1597
15149.770005,779,1595
15149.775006,914,1594
15149.780005,949,1596
15149.785006,748,1593
15149.790006,814,1595
15149.795005,987,1594
15149.800005,811,1594
15149.805006,812,1592
15149.810006,971,1595
15149.815005,918,1593
15149.820006,779,1590
15149.825006,918,1592
15149.830005,947,1590
15149.835006,750,1592
15149.840006,827,1594
15149.845006,967,1590
15149.850006,827,1592
15149.855006,792,1593
15149.860005,978,1595
15149.865006,938,1594
15149.870006,766,1592
15149.875006,914,1596
15149.880007,933,1597
15149.885005,770,1593
15149.890006,821,1596
15149.895006,987,1594
15149.900006,814,1594
15149.905005,810,1594
15149.910005,973,1598
15149.915005,929,1596
15149.920006,769,1595
15149.925006,933,1593
15149.930006,937,1592
15149.935006,757,1589
15149.940005,829,1590
15149.945006,961,1591
15149.950005,821,1588
15149.955007,789,1588
15149.960007,986,1588
15149.965005,916,1589
15149.970006,771,1589
15149.975005,932,1587
15149.980006,932,1590
15149.985005,764,1588
15149.990007,816,1588
15149.995007,968,1590
15150.000006,829,1590
15150.005006,797,1590
15150.010006,976,1595
15150.015007,936,1596
15150.020005,756,1599
15150.025006,931,1600
15150.030005,931,1603
15150.035006,765,1603
15150.040005,817,1606
15150.045007,973,1607
15150.050006,819,1602
15150.055005,808,1609
15150.060006,974,1614
15150.065006,935,1612
15150.070006,769,1609
15150.075006,919,1614
15150.080005,933,1620
15150.085006,769,1615
15150.090005,821,1617
15150.095006,968,1618
15150.100005,832,1618
15150.105006,807,1617
15150.110006,976,1619
15150.115006,927,1617
15150.120007,771,1619
15150.125006,932,1618
15150.130006,939,1618
15150.135005,773,1620
15150.140007,812,1620
15150.145006,985,1617
15150.150006,812,1622
15150.155006,822,1616
15150.160006,983,1616
15150.165007,943,1616
15150.170005,769,1618
15150.175005,931,1620
15150.180006,946,1618
15150.185007,750,1624
15150.190006,827,1622
15150.195006,984,1624
15150.200006,823,1626
15150.205006,804,1629
15150.210007,1000,1630
15150.215005,923,1636
15150.220006,777,1620
15150.225006,918,1638
15150.230006,949,1632
15150.235006,758,1634
15150.240006,819,1634
15150.245006,969,1630
15150.250005,828,1634
15150.255005,815,1629
15150.260006,983,1633
15150.265006,927,1624
15150.270005,772,1629
15150.275007,939,1626
15150.280006,958,1626
15150.285007,761,1629
15150.290006,836,1628
15150.295006,966,1632
15150.300006,827,1625
15150.305006,819,1624
15150.310006,989,1625
15150.315007,924,1626
15150.320007,783,1623
15150.325006,919,1624
15150.330006,959,1622
15150.335006,756,1623
15150.340006,835,1622
15150.345007,969,1622
15150.350006,815,1622
15150.355006,819,1616
15150.360005,978,1622
15150.365006,937,1620
15150.370005,763,1621
15150.375007,923,1624
15150.380007,957,1619
15150.385006,753,1619
15150.390005,830,1621
15150.395005,964,1621
15150.400006,824,1619
15150.405005,816,1617
15150.410007,973,1621
15150.415007,923,1619
15150.420005,779,1621
15150.425005,912,1626
15150.430005,952,1616
15150.435007,764,1615
15150.440007,816,1620
15150.445006,988,1615
15150.450005,820,1616
15150.455006,809,1610
15150.460006,982,1613
15150.465005,937,1612
15150.470006,764,1614
15150.475005,924,1611
15150.480006,937,1614
15150.485005,749,1616
15150.490006,822,1611
15150.495006,989,1613
15150.500006,826,1611
15150.505007,797,1610
15150.510006,971,1613
15150.515007,925,1611
15150.520005,787,1610
15150.525006,921,1613
15150.530006,939,1614
15150.535006,775,1608
15150.540006,818,1616
15150.545006,979,1614
15150.550006,816,1614
15150.555005,815,1611
15150.560006,981,1612
15150.565005,918,1612
15150.570006,776,1612
15150.575006,919,1615
15150.580005,957,1614
15150.585006,759,1611
15150.590005,831,1612
15150.595007,972,1613
15150.600006,815,1613
15150.605007,811,1614
15150.610005,974,1615
15150.615006,921,1605
15150.620005,779,1610
15150.625006,919,1613
15150.630006,940,1610
15150.635006,759,1613
15150.640006,836,1608
15150.645006,973,1611
15150.650006,816,1609
15150.655005,796,1608
15150.660007,985,1606
15150.665007,923,1607
15150.670006,782,1606
15150.675006,917,1608
15150.680006,955,1604
15150.685006,753,1606
15150.690006,833,1602
15150.695006,966,1603
15150.700006,836,1602
15150.705005,800,1604
15150.710006,1000,1595
15150.715005,928,1600
15150.720006,766,1600
15150.725006,914,1600
15150.730006,950,1594
15150.735006,749,1601
15150.740006,816,1595
15150.745005,966,1599
15150.750006,828,1592
15150.755005,794,1598
15150.760006,988,1593
15150.765006,916,1593
15150.770006,767,1599
15150.775006,933,1592
15150.780005,934,1596
15150.785006,754,1597
15150.790006,825,1596
15150.795005,971,1597
15150.800005,835,1599
15150.805005,797,1603
15150.810006,990,1598
15150.815005,914,1603
15150.820006,781,1600
15150.825006,918,1600
15150.830007,948,1602
15150.835006,751,1600
15150.840006,816,1605
15150.845006,989,1603
15150.850005,818,1605
15150.855006,808,1605
15150.860005,973,1606
15150.865006,936,1606
15150.870006,765,1609
15150.875005,929,1608
15150.880006,935,1610
15150.885005,774,1611
15150.890006,814,1612
15150.895005,987,1611
15150.900006,821,1610
15150.905007,806,1613
15150.910006,978,1613
15150.915007,936,1614
15150.920006,769,1613
15150.925006,910,1619
15150.930006,950,1619
15150.935006,759,1616
15150.940006,816,1617
15150.945006,992,1616
15150.950005,830,1622
15150.955006,792,1623
15150.960007,987,1619
15150.965006,926,1612
15150.970006,771,1622
15150.975006,911,1623
15150.980006,959,1626
15150.985006,758,1624
15150.990006,830,1624
15150.995006,967,1626
15151.000006,835,1627
15151.005006,802,1625
15151.010007,997,1621
15151.015007,929,1623
15151.020006,782,1622
15151.025007,914,1625
15151.030006,953,1618
15151.035006,750,1626
15151.040006,824,1622
15151.045006,978,1615
15151.050006,826,1620
15151.055006,796,1624
15151.060006,988,1612
15151.065006,932,1618
15151.070006,764,1616
15151.075005,923,1613
15151.080007,956,1614
15151.085007,747,1616
15151.090006,825,1611
15151.095006,966,1610
15151.100006,833,1608
15151.105006,800,1609
15151.110006,972,1610
15151.115006,927,1604
15151.120005,759,1612
15151.125006,914,1610
15151.130006,958,1608
15151.135005,749,1612
15151.140007,829,1610
15151.145005,973,1611
15151.150006,816,1615
15151.155005,801,1609
15151.160006,994,1612
15151.165006,915,1615
15151.170006,769,1608
15151.175006,909,1611
15151.180006,960,1608
15151.185006,759,1608
15151.190005,828,1605
15151.195006,965,1606
15151.200006,825,1605
15151.205006,792,1601
15151.210006,985,1600
15151.215006,926,1596
15151.220007,762,1598
15151.225006,924,1595
15151.230006,941,1595
15151.235005,767,1592
15151.240007,811,1593
15151.245006,983,1590
15151.250005,815,1592
15151.255005,811,1587
15151.260006,977,1591
15151.265006,916,1591
15151.270006,777,1587
15151.275007,913,1588
15151.280005,935,1590
15151.285007,768,1590
15151.290006,809,1592
15151.295006,979,1588
15151.300006,816,1590
15151.305006,802,1591
15151.310006,966,1594
15151.315005,924,1593
15151.320006,760,1592
15151.325006,921,1591
15151.330007,934,1595
15151.335005,763,1589
15151.340007,822,1590
15151.345006,971,1592
15151.350005,822,1591
15151.355007,786,1596
15151.360007,986,1594
15151.365005,915,1596
15151.370005,757,1597
15151.375006,917,1594
15151.380007,938,1598
15151.385006,756,1592
15151.390006,819,1596
15151.395006,959,1604
15151.400007,821,1604
15151.405007,790,1604
15151.410006,993,1600
15151.415005,925,1600
15151.420006,761,1603
15151.425006,915,1604
15151.430006,956,1604
15151.435006,750,1606
15151.440006,810,1605
15151.445007,980,1606
15151.450006,816,1606
15151.455006,813,1603
15151.460006,969,1607
15151.465006,931,1603
15151.470006,771,1601
15151.475006,922,1596
15151.480006,945,1605
15151.485007,753,1598
15151.490005,825,1604
15151.495005,972,1606
15151.500006,830,1606
15151.505007,800,1610
15151.510005,968,1610
15151.515006,918,1604
15151.520005,779,1611
15151.525006,906,1611
15151.530005,934,1616
15151.535007,765,1616
15151.540005,811,1617
15151.545006,984,1617
15151.550006,833,1610
15151.555005,798,1614
15151.560006,973,1617
15151.565007,915,1618
15151.570007,770,1617
15151.575006,926,1615
15151.580005,954,1614
15151.585006,751,1616
15151.590006,827,1607
15151.595007,966,1611
15151.600005,835,1609
15151.605006,796,1609
15151.610005,974,1611
15151.615006,933,1605
15151.620006,766,1611
15151.625006,923,1609
15151.630006,940,1607
15151.635005,768,1602
15151.640006,816,1609
15151.645006,988,1610
15151.650007,825,1611
15151.655006,813,1611
15151.660007,974,1614
15151.665006,932,1616
15151.670005,766,1619
15151.675005,914,1617
15151.680006,939,1618
15151.685005,754,1620
15151.690005,821,1620
15151.695006,976,1616
15151.700005,839,1611
15151.705006,805,1618
15151.710005,980,1618
15151.715007,925,1613
15151.720006,776,1617
15151.725005,914,1617
15151.730007,962,1616
15151.735005,764,1615
15151.740007,818,1616
15151.745005,974,1615
15151.750006,845,1616
15151.755007,791,1618
15151.760006,977,1613
15151.765006,931,1615
15151.770005,765,1617
15151.775007,921,1617
15151.780006,944,1615
15151.785006,771,1614
15151.790006,814,1614
15151.795006,980,1612
15151.800006,839,1610
15151.805006,810,1607
15151.810006,981,1609
15151.815006,927,1599
15151.820006,769,1608
15151.825005,924,1605
15151.830007,944,1606
15151.835006,773,1604
15151.840005,815,1605
15151.845007,979,1597
15151.850005,827,1602
15151.855006,794,1601
15151.860006,984,1601
15151.865006,944,1601
15151.870006,766,1599
15151.875005,930,1598
15151.880006,941,1600
15151.885005,770,1601
15151.890007,820,1597
15151.895007,965,1602
15151.900005,836,1597
15151.905006,796,1601
15151.910006,973,1600
15151.915006,940,1601
15151.920006,761,1599
15151.925006,924,1599
15151.930005,939,1601
15151.935006,770,1601
15151.940007,817,1595
15151.945006,973,1600
15151.950005,842,1601
15151.955006,798,1607
15151.960007,972,1604
15151.965005,937,1603
15151.970006,771,1600
15151.975006,902,1605
15151.980007,944,1601
15151.985006,748,1603
15151.990007,826,1603
15151.995006,980,1600
15152.000005,820,1602
15152.005005,799,1601
15152.010006,973,1603
15152.015006,934,1598
15152.020005,760,1605
15152.025006,916,1601
15152.030006,936,1604
15152.035006,765,1603
15152.040006,829,1603
15152.045006,970,1607
15152.050007,836,1608
15152.055005,795,1609
15152.060007,985,1601
15152.065006,928,1608
15152.070006,759,1609
15152.075005,925,1613
15152.080006,951,1610
15152.085006,759,1610
15152.090007,807,1612
15152.095006,989,1607
15152.100006,826,1611
15152.105006,806,1603
15152.110005,977,1616
15152.115007,934,1602
15152.120005,763,1610
15152.125006,928,1606
15152.130006,946,1611
15152.135006,750,1612
15152.140006,827,1609
15152.145007,986,1611
15152.150005,825,1613
15152.155005,791,1613
15152.160006,988,1611
15152.165006,936,1614
15152.170006,760,1615
15152.175006,925,1619
15152.180007,946,1616
15152.185006,750,1621
15152.190005,833,1618
15152.195006,984,1619
15152.200006,828,1621
15152.205007,808,1621
15152.210007,989,1622
15152.215006,921,1624
15152.220006,760,1622
15152.225005,928,1623
15152.230006,949,1627
15152.235005,756,1624
15152.240006,835,1624
15152.245006,970,1625
15152.250006,843,1625
15152.255006,799,1625
15152.260007,994,1625
15152.265006,922,1625
15152.270006,779,1626
15152.275006,905,1629
15152.280006,956,1624
15152.285007,756,1625
15152.290006,823,1625
15152.295006,968,1625
15152.300006,836,1627
15152.305006,793,1624
15152.310006,980,1625
15152.315006,937,1614
15152.320007,769,1625
15152.325006,921,1616
15152.330005,939,1625
15152.335005,760,1622
15152.340007,827,1625
15152.345007,969,1626
15152.350005,840,1620
15152.355006,797,1626
15152.360005,991,1624
15152.365006,925,1626
15152.370006,784,1625
15152.375005,912,1630
15152.380005,959,1630
15152.385006,753,1632
15152.390007,829,1630
15152.395005,975,1630
15152.400006,821,1633
15152.405006,800,1632
15152.410007,994,1630
15152.415006,921,1632
15152.420006,778,1630
15152.425007,911,1628
15152.430006,959,1628
15152.435006,766,1627
15152.440005,810,1630
15152.445007,978,1626
15152.450007,829,1627
15152.455005,812,1626
15152.460005,972,1626
15152.465006,920,1625
15152.470006,774,1624
15152.475005,921,1621
15152.480006,940,1625
15152.485006,772,1618
15152.490006,823,1621
15152.495006,986,1618
15152.500006,835,1621
15152.505005,791,1623
15152.510006,991,1618
15152.515007,929,1622
15152.520005,761,1623
15152.525007,926,1619
15152.530007,943,1621
15152.535005,768,1618
15152.540006,815,1618
15152.545005,971,1614
15152.550005,830,1619
15152.555005,794,1615
15152.560006,985,1613
15152.565007,923,1615
15152.570006,761,1615
15152.575005,925,1613
15152.580007,939,1612
15152.585006,768,1606
15152.590006,818,1606
15152.595006,970,1606
15152.600005,836,1605
15152.605006,791,1605
15152.610006,981,1601
15152.615006,914,1603
15152.620006,775,1599
15152.625005,906,1602
15152.630006,954,1598
15152.635006,755,1597
15152.640006,807,1597
15152.645005,979,1595
15152.650007,836,1592
15152.655006,801,1596
15152.660006,971,1584
15152.665007,917,1589
15152.670006,771,1589
15152.675006,907,1588
15152.680005,930,1590
15152.685005,760,1588
15152.690005,806,1589
15152.695006,979,1587
15152.700006,833,1587
15152.705005,803,1586
15152.710005,967,1589
15152.715007,911,1586
15152.720006,769,1587
15152.725006,896,1592
15152.730006,946,1588
15152.735006,756,1587
15152.740007,822,1590
15152.745006,969,1589
15152.750006,840,1590
15152.755007,790,1591
15152.760006,969,1592
15152.765007,912,1594
15152.770006,767,1590
15152.775006,913,1588
15152.780006,936,1597
15152.785006,750,1591
15152.790007,811,1593
15152.795006,978,1590
15152.800006,838,1594
15152.805005,788,1594
15152.810006,981,1593
15152.815006,914,1594
15152.820007,767,1591
15152.825007,897,1593
15152.830006,948,1589
15152.835007,754,1591
15152.840006,805,1591
15152.845007,975,1592
15152.850006,819,1592
15152.855007,801,1591
15152.860006,970,1592
15152.865006,940,1590
15152.870006,756,1593
15152.875006,915,1592
15152.880006,943,1596
15152.885006,759,1596
15152.890007,805,1601
15152.895006,980,1599
15152.900006,835,1600
15152.905006,796,1603
15152.910006,981,1600
15152.915006,924,1608
15152.920005,758,1609
15152.925005,898,1610
15152.930006,950,1609
15152.935006,773,1609
15152.940006,805,1611
15152.945006,970,1613
15152.950006,840,1612
15152.955006,791,1611
15152.960006,966,1613
15152.965006,926,1609
15152.970007,774,1609
15152.975007,910,1611
15152.980007,952,1611
15152.985006,751,1611
15152.990006,808,1613
15152.995006,979,1609
15153.000006,839,1611
15153.005006,796,1610
15153.010005,985,1604
15153.015007,916,1613
15153.020006,762,1610
15153.025006,922,1611
15153.030006,940,1611
15153.035007,768,1613
15153.040007,809,1614
15153.045006,973,1616
15153.050006,840,1613
15153.055006,788,1616
15153.060006,993,1612
15153.065005,928,1614
15153.070006,758,1617
15153.075005,909,1617
15153.080007,942,1614
15153.085006,778,1610
15153.090005,812,1613
15153.095006,986,1612
15153.100006,821,1614
15153.105006,806,1612
15153.110005,991,1615
15153.115006,926,1612
15153.120006,765,1612
15153.125006,903,1616
15153.130006,951,1609
15153.135005,773,1613
15153.140006,808,1615
15153.145006,982,1612
15153.150006,831,1613
15153.155005,808,1613
15153.160007,973,1615
15153.165006,934,1610
15153.170006,758,1617
15153.175006,915,1611
15153.180006,939,1613
15153.185007,769,1612
15153.190006,812,1613
15153.195006,977,1612
15153.200006,845,1611
15153.205005,790,1610
15153.210005,983,1610
15153.215007,917,1613
15153.220006,767,1609
15153.225006,923,1608
15153.230006,944,1610
15153.235005,767,1600
15153.240006,819,1608
15153.245005,987,1608
15153.250006,824,1609
15153.255007,810,1608
15153.260006,974,1608
15153.265007,917,1610
15153.270007,777,1606
15153.275006,898,1611
15153.280006,947,1607
15153.285007,773,1609
15153.290006,815,1605
15153.295006,988,1606
15153.300007,821,1609
15153.305005,800,1604
15153.310006,967,1607
15153.315006,920,1606
15153.320006,773,1600
15153.325006,902,1603
15153.330005,953,1596
15153.335005,751,1607
15153.340007,818,1603
15153.345005,973,1595
15153.350005,833,1600
15153.355007,794,1596
15153.360007,986,1594
15153.365006,920,1600
15153.370005,752,1597
15153.375006,918,1598
15153.380007,952,1597
15153.385007,750,1600
15153.390006,819,1598
15153.395006,974,1601
15153.400006,836,1600
15153.405005,798,1603
15153.410007,969,1605
15153.415007,932,1600
15153.420006,766,1604
15153.425006,897,1603
15153.430006,957,1604
15153.435007,758,1601
15153.440007,821,1602
15153.445006,965,1597
15153.450005,836,1598
15153.455006,791,1598
15153.460006,985,1595
15153.465006,929,1595
15153.470006,758,1596
15153.475005,913,1595
15153.480006,933,1594
15153.485005,755,1593
15153.490006,820,1593
15153.495006,962,1594
15153.500005,832,1594
15153.505005,795,1594
15153.510006,967,1597
15153.515006,926,1596
15153.520005,765,1589
15153.525006,907,1596
15153.530006,954,1597
15153.535006,761,1598
15153.540007,812,1594
15153.545006,985,1596
15153.550006,835,1596
15153.555005,804,1596
15153.560006,972,1593
15153.565005,932,1592
15153.570006,756,1593
15153.575005,910,1593
15153.580006,936,1590
15153.585007,767,1591
15153.590006,814,1590
15153.595006,963,1590
15153.600006,836,1588
15153.605006,791,1592
15153.610007,973,1591
15153.615005,935,1592
15153.620005,771,1590
15153.625006,908,1595
15153.630006,952,1598
15153.635006,767,1602
15153.640006,807,1608
15153.645005,976,1606
15153.650006,824,1609
15153.655007,804,1608
15153.660006,990,1610
15153.665007,926,1611
15153.670006,760,1617
15153.675007,900,1617
15153.680007,944,1618
15153.685007,771,1618
15153.690006,811,1622
15153.695006,979,1617
15153.700006,829,1619
15153.705005,817,1616
15153.710006,992,1619
15153.715005,928,1620
15153.720006,779,1618
15153.725006,905,1621
15153.730006,960,1619
15153.735005,763,1620
15153.740006,834,1622
15153.745006,981,1628
15153.750006,828,1629
15153.755007,813,1627
15153.760006,982,1630
15153.765007,923,1631
15153.770006,759,1635
15153.775005,914,1633
15153.780006,960,1634
15153.785006,770,1636
15153.790006,813,1639
15153.795006,990,1636
15153.800007,841,1638
15153.805006,792,1641
15153.810006,990,1635
15153.815006,925,1637
15153.820006,767,1633
15153.825005,919,1632
15153.830007,948,1634
15153.835006,774,1630
15153.840006,823,1631
15153.845006,975,1631
15153.850006,844,1628
15153.855006,811,1621
15153.860006,976,1628
15153.865006,931,1624
15153.870006,760,1624
15153.875006,918,1624
15153.880006,944,1623
15153.885006,778,1618
15153.890007,814,1619
15153.895005,986,1619
15153.900006,844,1612
15153.905005,799,1615
15153.910006,977,1607
15153.915007,932,1613
15153.920006,760,1612
15153.925007,911,1612
15153.930006,938,1618
15153.935006,766,1615
15153.940006,816,1615
15153.945007,984,1613
15153.950006,826,1615
15153.955006,809,1615
15153.960006,982,1614
15153.965007,924,1614
15153.970006,774,1615
15153.975006,902,1618
15153.980006,962,1617
15153.985006,757,1616
15153.990006,832,1617
15153.995006,974,1611
15154.000006,829,1617
15154.005006,805,1618
15154.010005,971,1616
15154.015006,937,1616
15154.020007,769,1616
15154.025005,899,1617
15154.030005,955,1614
15154.035006,778,1614
15154.040007,816,1613
15154.045007,987,1606
15154.050006,829,1615
15154.055006,808,1612
15154.060007,979,1614
15154.065006,918,1615
15154.070006,774,1613
15154.075006,898,1613
15154.080005,951,1613
15154.085005,766,1615
15154.090007,807,1614
15154.095006,984,1610
15154.100006,837,1612
15154.105006,786,1612
15154.110007,984,1609
15154.115006,920,1606
15154.120005,776,1609
15154.125006,901,1616
15154.130007,956,1608
15154.135007,754,1609
15154.140006,813,1613
15154.145006,968,1613
15154.150007,841,1609
15154.155006,789,1617
15154.160007,981,1613
15154.165006,918,1613
15154.170005,771,1610
15154.175006,913,1613
15154.180006,958,1614
15154.185006,756,1615
15154.190005,824,1614
15154.195006,986,1614
15154.200005,844,1613
15154.205007,802,1611
15154.210007,972,1613
15154.215007,940,1611
15154.220007,756,1611
15154.225006,917,1613
15154.230006,943,1606
15154.235006,751,1612
15154.240006,825,1608
15154.245005,968,1609
15154.250006,845,1606
15154.255006,793,1604
15154.260005,988,1601
15154.265006,927,1603
15154.270005,779,1603
15154.275006,910,1602
15154.280005,940,1601
15154.285006,764,1602
15154.290005,824,1590
15154.295007,969,1599
15154.300006,834,1597
15154.305006,808,1597
15154.310006,971,1593
15154.315005,938,1595
15154.320006,763,1598
15154.325005,896,1598
15154.330007,951,1594
15154.335006,763,1585
15154.340006,818,1593
15154.345007,986,1590
15154.350007,833,1593
15154.355006,786,1598
15154.360006,974,1596
15154.365006,938,1595
15154.370006,764,1594
15154.375005,916,1598
15154.380006,940,1599
15154.385005,769,1599
15154.390007,810,1601
15154.395005,975,1601
15154.400006,844,1601
15154.405005,793,1601
15154.410007,989,1600
15154.415006,929,1603
15154.420006,769,1602
15154.425006,912,1598
15154.430006,940,1598
15154.435006,760,1600
15154.440005,822,1598
15154.445006,965,1598
15154.450006,843,1594
15154.455006,793,1593
15154.460006,981,1593
15154.465005,924,1587
15154.470006,762,1593
15154.475006,892,1592
15154.480006,948,1595
15154.485006,750,1595
15154.490007,825,1586
15154.495006,971,1596
15154.500005,835,1593
15154.505006,790,1597
15154.510006,987,1595
15154.515006,915,1599
15154.520006,765,1599
15154.525006,901,1598
15154.530005,953,1596
15154.535005,759,1599
15154.540005,809,1602
15154.545007,980,1599
15154.550006,826,1601
15154.555006,806,1599
15154.560007,980,1599
15154.565006,936,1600
15154.570006,759,1598
15154.575006,901,1603
15154.580006,950,1599
15154.585006,754,1601
15154.590005,814,1600
15154.595006,992,1600
15154.600005,847,1600
15154.605006,794,1595
15154.610006,977,1604
15154.615006,916,1604
15154.620005,761,1602
15154.625006,919,1602
15154.630006,942,1603
15154.635005,771,1603
15154.640007,815,1609
15154.645005,990,1603
15154.650006,830,1608
15154.655006,807,1605
15154.660007,971,1610
15154.665006,939,1608
15154.670005,762,1610
15154.675005,895,1613
15154.680006,950,1610
15154.685007,758,1613
15154.690006,828,1615
15154.695006,969,1616
15154.700005,837,1615
15154.705007,810,1614
15154.710006,978,1616
15154.715006,938,1616
15154.720007,780,1613
15154.725005,898,1617
15154.730006,966,1616
15154.735006,765,1612
15154.740007,814,1619
15154.745007,971,1616
15154.750005,852,1616
15154.755006,798,1613
15154.760006,991,1612
15154.765006,922,1614
15154.770005,773,1613
15154.775007,915,1601
15154.780006,944,1611
15154.785007,773,1609
15154.790006,834,1609
15154.795006,975,1608
15154.800007,830,1606
15154.805006,792,1609
15154.810007,992,1608
15154.815006,928,1607
15154.820007,758,1605
15154.825007,920,1604
15154.830006,950,1602
15154.835006,751,1603
15154.840006,826,1600
15154.845005,978,1602
15154.850006,843,1600
15154.855006,798,1600
15154.860005,973,1602
15154.865006,935,1602
15154.870005,757,1604
15154.875007,905,1603
15154.880007,937,1605
15154.885005,769,1603
15154.890006,826,1600
15154.895006,985,1605
15154.900006,827,1610
15154.905006,788,1608
15154.910006,986,1606
15154.915007,919,1609
15154.920007,778,1604
15154.925006,897,1609
15154.930005,960,1606
15154.935006,764,1606
15154.940005,823,1601
15154.945006,978,1603
15154.950006,846,1603
15154.955006,794,1596
15154.960007,965,1609
15154.965006,929,1602
15154.970006,769,1604
15154.975006,894,1610
15154.980007,951,1606
15154.985005,755,1607
15154.990006,830,1609
15154.995006,975,1606
15155.000005,847,1607
15155.005005,790,1611
15155.010006,981,1611
15155.015006,920,1612
15155.020005,782,1610
15155.025006,908,1612
15155.030006,963,1615
15155.035006,770,1612
15155.040006,810,1617
15155.045005,984,1617
15155.050005,836,1616
15155.055005,807,1617
15155.060007,983,1616
15155.065006,922,1620
15155.070006,764,1612
15155.075005,922,1619
15155.080006,949,1616
15155.085007,763,1610
15155.090005,820,1616
15155.095006,987,1616
15155.100005,837,1617
15155.105006,810,1612
15155.110006,981,1615
15155.115007,918,1618
15155.120007,777,1615
15155.125005,907,1616
15155.130006,941,1615
15155.135006,766,1612
15155.140007,817,1613
15155.145006,972,1611
15155.150006,850,1605
15155.155006,796,1606
15155.160006,987,1608
15155.165006,926,1602
15155.170006,781,1603
15155.175007,901,1604
15155.180007,963,1602
15155.185006,761,1598
15155.190005,816,1600
15155.195007,970,1601
15155.200006,855,1599
15155.205005,793,1599
15155.210005,987,1598
15155.215006,926,1590
15155.220006,760,1596
15155.225005,919,1594
15155.230007,947,1595
15155.235007,760,1595
15155.240005,807,1599
15155.245005,982,1594
15155.250006,834,1596
15155.255007,787,1595
15155.260006,968,1597
15155.265006,930,1595
15155.270006,777,1594
15155.275006,901,1595
15155.280006,955,1597
15155.285006,758,1599
15155.290006,815,1590
15155.295006,987,1593
15155.300006,841,1595
15155.305006,792,1591
15155.310006,980,1597
15155.315006,940,1594
15155.320007,767,1595
15155.325006,902,1595
15155.330005,944,1597
15155.335006,751,1599
15155.340006,805,1601
15155.345007,983,1600
15155.350006,845,1598
15155.355006,799,1592
15155.360006,968,1599
15155.365006,931,1599
15155.370005,773,1595
15155.375006,895,1600
15155.380006,947,1601
15155.385006,767,1597
15155.390007,802,1605
15155.395006,975,1604
15155.400007,836,1603
15155.405006,783,1604
15155.410006,981,1608
15155.415007,923,1610
15155.420005,755,1611
15155.425006,914,1610
15155.430005,940,1611
15155.435007,772,1613
15155.440006,826,1613
15155.445006,974,1610
15155.450006,826,1615
15155.455006,788,1612
15155.460006,982,1611
15155.465007,921,1610
15155.470007,771,1608
15155.475007,897,1610
15155.480006,937,1613
15155.485006,770,1611
15155.490006,811,1609
15155.495005,966,1614
15155.500007,846,1608
15155.505006,792,1610
15155.510005,984,1616
15155.515006,916,1614
15155.520006,756,1615
15155.525006,905,1614
15155.530005,939,1618
15155.535006,776,1615
15155.540006,806,1620
15155.545005,983,1619
15155.550005,835,1621
15155.555005,805,1619
15155.560006,976,1620
15155.565007,938,1621
15155.570006,768,1622
15155.575005,899,1622
15155.580007,941,1624
15155.585005,752,1626
15155.590006,821,1622
15155.595007,971,1623
15155.600007,848,1616
15155.605006,802,1621
15155.610005,978,1624
15155.615006,919,1627
15155.620006,763,1626
15155.625005,913,1623
15155.630006,950,1627
15155.635005,775,1627
15155.640006,820,1628
15155.645005,969,1630
15155.650007,843,1627
15155.655007,788,1631
15155.660007,991,1626
15155.665006,926,1630
15155.670006,757,1629
15155.675006,916,1624
15155.680006,955,1626
15155.685007,758,1624
15155.690006,806,1627
15155.695007,988,1622
15155.700006,830,1623
15155.705005,809,1620
15155.710006,970,1623
15155.715006,920,1621
15155.720007,776,1619
15155.725006,900,1615
15155.730007,957,1613
15155.735006,759,1615
15155.740006,822,1614
15155.745005,973,1614
15155.750007,854,1613
15155.755007,798,1613
15155.760006,973,1613
15155.765005,915,1613
15155.770005,770,1612
15155.775006,901,1611
15155.780006,945,1610
15155.785006,772,1608
15155.790006,817,1608
15155.795005,990,1609
15155.800006,847,1606
15155.805005,788,1609
15155.810006,988,1607
15155.815005,934,1604
15155.820007,757,1607
15155.825007,915,1601
15155.830006,954,1602
15155.835006,756,1597
15155.840006,811,1602
15155.845006,987,1596
15155.850005,835,1599
15155.855006,783,1600
15155.860005,964,1603
15155.865006,925,1595
15155.870005,755,1596
15155.875007,902,1594
15155.880006,955,1596
15155.885005,753,1595
15155.890006,817,1590
15155.895006,963,1596
15155.900007,842,1590
15155.905006,781,1594
15155.910007,982,1592
15155.915007,926,1593
15155.920005,753,1597
15155.925006,908,1593
15155.930006,940,1595
15155.935006,766,1589
15155.940005,819,1593
15155.945007,973,1592
15155.950006,834,1586
15155.955006,794,1594
15155.960007,962,1598
15155.965005,926,1593
15155.970006,760,1594
15155.975006,907,1596
15155.980006,946,1596
15155.985006,765,1590
15155.990006,811,1596
15155.995006,979,1597
15156.000005,830,1596
15156.005005,794,1596
15156.010007,965,1605
15156.015006,928,1598
15156.020006,755,1601
15156.025006,894,1591
15156.030006,950,1597
15156.035006,754,1603
15156.040006,827,1604
15156.045005,982,1601
15156.050005,851,1596
15156.055006,782,1605
15156.060007,968,1602
15156.065006,929,1600
15156.070006,759,1603
15156.075005,891,1601
15156.080006,955,1605
15156.085007,754,1602
15156.090006,824,1602
15156.095006,967,1605
15156.100005,845,1603
15156.105006,795,1606
15156.110005,968,1605
15156.115006,924,1600
15156.120005,764,1606
15156.125006,888,1612
15156.130005,949,1609
15156.135006,758,1614
15156.140006,826,1614
15156.145005,980,1616
15156.150007,828,1616
15156.155005,804,1614
15156.160006,969,1615
15156.165007,915,1617
15156.170006,774,1614
15156.175006,890,1618
15156.180006,937,1617
15156.185006,765,1615
15156.190005,816,1609
15156.195006,969,1620
15156.200005,854,1616
15156.205006,786,1618
15156.210007,983,1618
15156.215005,928,1617
15156.220005,763,1611
15156.225005,897,1616
15156.230006,959,1617
15156.235007,755,1622
15156.240005,831,1620
15156.245005,975,1616
15156.250006,855,1617
15156.255006,795,1616
15156.260006,985,1614
15156.265006,933,1615
15156.270005,758,1617
15156.275007,914,1610
15156.280006,952,1613
15156.285007,777,1609
15156.290006,821,1612
15156.295005,976,1611
15156.300006,835,1609
15156.305005,798,1604
15156.310007,987,1603
15156.315006,923,1603
15156.320006,758,1601
15156.325006,913,1597
15156.330006,942,1599
15156.335006,767,1593
15156.340005,811,1593
15156.345005,983,1593
15156.350006,858,1590
15156.355007,794,1587
15156.360006,965,1589
15156.365006,940,1585
15156.370005,760,1586
15156.375007,904,1586
15156.380007,941,1587
15156.385005,767,1586
15156.390007,810,1587
15156.395006,984,1586
15156.400007,837,1587
15156.405006,807,1587
15156.410007,973,1588
15156.415006,914,1591
15156.420006,776,1585
15156.425005,883,1592
15156.430005,960,1589
15156.435006,759,1589
15156.440005,828,1589
15156.445007,968,1590
15156.450006,841,1589
15156.455006,802,1589
15156.460006,966,1590
15156.465005,940,1589
15156.470006,758,1592
15156.475007,895,1594
15156.480005,961,1589
15156.485006,763,1591
15156.490006,820,1591
15156.495006,971,1593
15156.500006,832,1601
15156.505006,790,1595
15156.510005,982,1595
15156.515006,933,1598
15156.520006,761,1597
15156.525006,907,1604
15156.530006,943,1601
15156.535007,776,1600
15156.540006,815,1600
15156.545006,977,1595
15156.550006,847,1602
15156.555006,805,1604
15156.560007,967,1601
15156.565007,932,1602
15156.570006,753,1606
15156.575005,897,1602
15156.580006,946,1603
15156.585006,778,1603
15156.590006,811,1604
15156.595006,992,1602
15156.600006,841,1600
15156.605006,798,1604
15156.610006,976,1607
15156.615007,942,1607
15156.620006,772,1608
15156.625006,902,1611
15156.630006,945,1614
15156.635006,773,1613
15156.640007,821,1614
15156.645005,973,1617
15156.650007,840,1620
15156.655006,790,1623
15156.660005,968,1624
15156.665006,932,1621
15156.670006,776,1619
15156.675007,907,1623
15156.680006,948,1625
15156.685006,760,1626
15156.690006,831,1622
15156.695006,985,1623
15156.700005,841,1623
15156.705006,807,1620
15156.710007,972,1622
15156.715006,938,1619
15156.720006,768,1620
15156.725005,886,1622
15156.730006,964,1620
15156.735005,765,1623
15156.740005,829,1619
15156.745005,975,1619
15156.750006,852,1617
15156.755006,782,1621
15156.760005,990,1620
15156.765006,923,1623
15156.770005,776,1621
15156.775006,892,1622
15156.780005,961,1623
15156.785006,764,1623
15156.790006,830,1626
15156.795005,975,1628
15156.800006,859,1624
15156.805005,798,1627
15156.810006,967,1629
15156.815007,933,1628
15156.820006,773,1623
15156.825006,895,1628
15156.830006,964,1625
15156.835007,764,1624
15156.840005,828,1625
15156.845006,971,1625
15156.850005,853,1622
15156.855006,785,1625
15156.860006,986,1622
15156.865007,926,1618
15156.870006,770,1619
15156.875005,889,1621
15156.880005,968,1621
15156.885006,771,1619
15156.890007,816,1610
15156.895006,989,1619
15156.900007,846,1629
15156.905006,802,1616
15156.910007,968,1619
15156.915007,930,1619
15156.920007,755,1621
15156.925007,912,1615
15156.930005,958,1616
15156.935007,760,1620
15156.940006,823,1620
15156.945006,975,1620
15156.950007,842,1616
15156.955006,808,1614
15156.960007,979,1615
15156.965006,926,1613
15156.970006,774,1614
15156.975006,886,1619
15156.980006,961,1616
15156.985006,761,1613
15156.990006,826,1618
15156.995006,972,1617
15157.000007,857,1616
15157.005006,787,1616
15157.010005,987,1615
15157.015006,919,1618
15157.020006,770,1617
15157.025007,887,1615
15157.030007,966,1613
15157.035006,761,1613
15157.040006,827,1611
15157.045006,971,1614
15157.050006,855,1612
15157.055005,784,1614
15157.060005,975,1610
15157.065006,932,1608
15157.070006,764,1611
15157.075005,904,1608
15157.080006,954,1608
15157.085007,758,1609
15157.090006,811,1603
15157.095006,975,1611
15157.100005,838,1614
15157.105006,802,1613
15157.110005,966,1615
15157.115006,928,1615
15157.120006,776,1611
15157.125005,888,1615
15157.130006,957,1614
15157.135006,765,1606
15157.140006,813,1614
15157.145006,992,1609
15157.150006,854,1616
15157.155006,794,1615
15157.160005,989,1615
15157.165005,924,1616
15157.170007,778,1614
15157.175005,889,1614
15157.180005,964,1613
15157.185006,766,1613
15157.190006,832,1611
15157.195006,973,1613
15157.200005,862,1609
15157.205006,788,1611
15157.210006,976,1597
15157.215007,929,1609
15157.220006,756,1611
15157.225006,901,1608
15157.230006,942,1608
15157.235007,769,1603
15157.240006,826,1603
15157.245005,985,1606
15157.250006,849,1607
15157.255006,806,1606
15157.260006,977,1605
15157.265006,926,1605
15157.270005,773,1609
15157.275006,888,1608
15157.280005,965,1609
15157.285006,766,1608
15157.290006,809,1611
15157.295006,986,1609
15157.300006,861,1608
15157.305005,803,1611
15157.310006,969,1610
15157.315006,936,1610
15157.320005,757,1613
15157.325005,908,1612
15157.330007,951,1609
15157.335007,762,1609
15157.340006,829,1608
15157.345007,975,1607
15157.350006,850,1609
15157.355006,790,1602
15157.360006,980,1607
15157.365006,923,1611
15157.370006,767,1607
15157.375006,887,1609
15157.380005,956,1606
15157.385006,758,1610
15157.390006,818,1609
15157.395005,978,1603
15157.400006,852,1609
15157.405006,806,1610
15157.410006,970,1612
15157.415007,921,1610
15157.420005,764,1608
15157.425006,885,1609
15157.430005,956,1610
15157.435006,772,1599
15157.440006,817,1609
15157.445006,974,1608
15157.450006,841,1605
15157.455006,795,1605
15157.460007,969,1596
15157.465006,941,1604
15157.470007,753,1601
15157.475005,881,1602
15157.480007,959,1600
15157.485006,758,1594
15157.490006,817,1592
15157.495005,993,1596
15157.500006,845,1599
15157.505006,801,1592
15157.510005,968,1597
15157.515007,914,1599
15157.520005,767,1591
15157.525007,898,1593
15157.530006,950,1598
15157.535007,755,1600
15157.540006,829,1594
15157.545006,969,1599
15157.550006,861,1601
15157.555006,788,1601
15157.560006,972,1600
15157.565005,917,1608
15157.570006,772,1599
15157.575007,883,1601
15157.580005,966,1597
15157.585005,759,1601
15157.590006,821,1594
15157.595006,969,1602
15157.600005,859,1598
15157.605007,801,1597
15157.610006,969,1595
15157.615007,922,1589
15157.620006,759,1594
15157.625005,881,1597
15157.630005,955,1594
15157.635007,762,1593
15157.640006,826,1593
15157.645006,975,1593
15157.650006,859,1590
15157.655006,789,1591
15157.660007,989,1589
15157.665006,931,1590
15157.670005,750,1595
15157.675006,887,1591
15157.680005,947,1588
15157.685006,768,1591
15157.690006,807,1593
15157.695006,994,1592
15157.700007,841,1593
15157.705005,796,1592
15157.710006,970,1594
15157.715006,918,1590
15157.720006,771,1596
15157.725005,893,1591
15157.730006,945,1596
15157.735006,772,1594
15157.740006,803,1600
15157.745006,984,1596
15157.750005,848,1597
15157.755006,797,1595
15157.760005,975,1597
15157.765006,931,1590
15157.770005,756,1600
15157.775007,900,1600
15157.780006,940,1602
15157.785005,750,1604
15157.790005,817,1601
15157.795006,965,1605
15157.800006,858,1604
15157.805006,782,1608
15157.810006,971,1603
15157.815007,919,1604
15157.820006,767,1604
15157.825005,883,1606
15157.830006,958,1595
15157.835006,765,1606
15157.840006,803,1607
15157.845006,977,1604
15157.850006,847,1609
15157.855006,802,1606
15157.860007,973,1607
15157.865005,921,1610
15157.870005,753,1612
15157.875007,896,1604
15157.880007,960,1614
15157.885005,773,1619
15157.890007,806,1621
15157.895005,986,1618
15157.900006,850,1622
15157.905005,779,1628
15157.910006,980,1622
15157.915007,920,1631
15157.920007,764,1627
15157.925006,896,1628
15157.930006,945,1632
15157.935006,771,1626
15157.940006,809,1626
15157.945007,993,1626
15157.950007,854,1628
15157.955006,785,1626
15157.960007,984,1629
15157.965005,920,1626
15157.970006,775,1626
15157.975006,886,1626
15157.980006,946,1626
15157.985007,773,1628
15157.990006,816,1624
15157.995005,972,1629
15158.000007,869,1626
15158.005006,785,1625
15158.010005,973,1620
15158.015006,933,1626
15158.020006,766,1624
15158.025007,878,1627
15158.030007,963,1624
15158.035006,761,1629
15158.040006,823,1625
15158.045006,994,1628
15158.050007,849,1627
15158.055006,798,1626
15158.060006,963,1630
15158.065006,938,1626
15158.070006,755,1625
15158.075006,903,1625
15158.080005,949,1624
15158.085005,758,1627
15158.090006,828,1623
15158.095006,974,1624
15158.100006,857,1624
15158.105006,782,1623
15158.110005,976,1620
15158.115006,929,1624
15158.120006,775,1624
15158.125005,883,1627
15158.130006,962,1627
15158.135005,759,1627
15158.140006,825,1626
15158.145006,970,1632
15158.150007,858,1626
15158.155006,783,1629
15158.160007,989,1627
15158.165006,928,1632
15158.170006,760,1624
15158.175006,902,1626
15158.180006,956,1625
15158.185006,775,1622
15158.190006,817,1622
15158.195006,973,1621
15158.200007,849,1617
15158.205006,798,1619
15158.210007,965,1618
15158.215006,945,1616
15158.220007,761,1615
15158.225005,902,1614
15158.230007,949,1618
15158.235006,759,1615
15158.240007,821,1612
15158.245007,977,1616
15158.250006,869,1617
15158.255006,783,1619
15158.260005,987,1617
15158.265007,932,1617
15158.270007,753,1615
15158.275006,879,1618
15158.280006,962,1613
15158.285007,757,1612
15158.290007,825,1610
15158.295005,981,1610
15158.300005,864,1608
15158.305006,786,1608
15158.310007,960,1606
15158.315006,939,1600
15158.320006,769,1600
15158.325005,896,1597
15158.330006,953,1593
15158.335007,754,1596
15158.340006,824,1589
15158.345006,969,1592
15158.350007,844,1593
15158.355006,790,1588
15158.360005,966,1588
15158.365007,934,1579
15158.370006,761,1581
15158.375005,894,1580
15158.380006,947,1581
15158.385005,754,1582
15158.390006,819,1583
15158.395006,971,1582
15158.400006,846,1582
15158.405006,795,1585
15158.410007,966,1583
15158.415006,937,1580
15158.420005,771,1584
15158.425006,886,1581
15158.430006,959,1586
15158.435006,759,1586
15158.440005,813,1577
15158.445006,978,1584
15158.450005,847,1585
15158.455007,777,1589
15158.460007,969,1588
15158.465006,941,1587
15158.470007,759,1589
15158.475006,875,1592
15158.480006,957,1587
15158.485005,758,1592
15158.490006,823,1589
15158.495005,972,1594
15158.500006,867,1594
15158.505006,785,1593
15158.510006,975,1594
15158.515007,923,1595
15158.520005,747,1597
15158.525006,891,1596
15158.530006,946,1595
15158.535006,777,1592
15158.540006,814,1594
15158.545006,969,1598
15158.550007,863,1591
15158.555007,776,1598
15158.560006,980,1594
15158.565006,927,1595
15158.570006,746,1594
15158.575006,889,1593
15158.580005,948,1596
15158.585006,760,1595
15158.590005,802,1597
15158.595006,981,1597
15158.600006,868,1597
15158.605006,785,1598
15158.610006,975,1598
15158.615007,939,1602
15158.620007,753,1605
15158.625006,894,1601
15158.630006,941,1605
15158.635006,780,1605
15158.640007,811,1608
15158.645006,971,1609
15158.650006,868,1610
15158.655006,791,1613
15158.660007,961,1613
15158.665007,921,1613
15158.670005,777,1610
15158.675005,886,1613
15158.680005,963,1612
15158.685006,760,1613
15158.690007,818,1613
15158.695007,976,1614
15158.700006,871,1614
15158.705006,787,1616
15158.710006,977,1609
15158.715006,922,1618
15158.720006,772,1621
15158.725006,877,1619
15158.730006,955,1618
15158.735006,776,1623
15158.740006,805,1626
15158.745007,986,1626
15158.750005,851,1630
15158.755005,799,1628
15158.760006,971,1631
15158.765007,945,1630
15158.770007,761,1631
15158.775005,880,1633
15158.780006,968,1633
15158.785006,763,1640
15158.790007,824,1634
15158.795006,976,1639
15158.800006,876,1635
15158.805006,790,1636
15158.810006,987,1636
15158.815005,924,1640
15158.820006,764,1634
15158.825005,881,1633
15158.830005,971,1633
15158.835005,766,1634
15158.840006,808,1635
15158.845007,983,1631
15158.850006,864,1627
15158.855007,794,1631
15158.860006,963,1633
15158.865007,938,1632
15158.870006,773,1632
15158.875007,879,1631
15158.880007,966,1632
15158.885007,769,1633
15158.890006,811,1637
15158.895005,990,1634
15158.900006,861,1635
15158.905006,789,1630
15158.910006,985,1629
15158.915007,927,1631
15158.920006,767,1630
15158.925006,882,1627
15158.930005,947,1628
15158.935006,784,1622
15158.940006,816,1621
15158.945005,968,1626
15158.950005,865,1623
15158.955007,801,1618
15158.960006,964,1617
15158.965005,942,1615
15158.970006,753,1614
15158.975006,868,1612
15158.980006,950,1612
15158.985006,781,1611
15158.990007,814,1609
15158.995007,986,1608
15159.000006,864,1609
15159.005007,773,1613
15159.010005,972,1609
15159.015007,921,1609
15159.020005,765,1609
15159.025006,874,1610
15159.030006,943,1613
15159.035006,770,1608
15159.040006,801,1609
15159.045005,977,1611
15159.050005,875,1603
15159.055005,782,1606
15159.060007,980,1602
15159.065006,918,1604
15159.070006,762,1601
15159.075006,889,1603
15159.080005,947,1599
15159.085005,774,1598
15159.090006,810,1599
15159.095005,983,1592
15159.100005,865,1595
15159.105006,784,1599
15159.110005,958,1595
15159.115007,934,1596
15159.120007,746,1597
15159.125006,889,1594
15159.130007,948,1597
15159.135006,778,1594
15159.140006,813,1594
15159.145005,989,1595
15159.150006,857,1592
15159.155005,792,1592
15159.160006,955,1594
15159.165006,941,1590
15159.170005,756,1590
15159.175005,889,1590
15159.180006,953,1588
15159.185006,764,1589
15159.190006,825,1584
15159.195006,975,1589
15159.200006,876,1584
15159.205006,782,1587
15159.210007,976,1584
15159.215005,922,1586
15159.220006,766,1578
15159.225005,883,1584
15159.230007,944,1585
15159.235005,762,1584
15159.240007,820,1579
15159.245006,976,1584
15159.250006,858,1584
15159.255006,790,1580
15159.260005,969,1589
15159.265006,922,1588
15159.270006,766,1581
15159.275006,875,1588
15159.280006,964,1590
15159.285007,770,1591
15159.290006,820,1589
15159.295005,981,1591
15159.300005,852,1595
15159.305005,797,1590
15159.310006,960,1597
15159.315006,938,1593
15159.320006,754,1591
15159.325006,882,1593
15159.330006,951,1592
15159.335006,784,1586
15159.340005,812,1592
15159.345005,970,1593
15159.350005,867,1592
15159.355007,793,1594
15159.360006,970,1593
15159.365006,929,1593
15159.370006,754,1593
15159.375005,868,1596
15159.380005,965,1593
15159.385006,761,1597
15159.390005,817,1595
15159.395005,975,1595
15159.400006,873,1597
15159.405005,778,1601
15159.410006,965,1596
15159.415007,933,1601
15159.420006,752,1606
15159.425006,883,1600
15159.430006,952,1608
15159.435006,771,1606
15159.440007,823,1597
15159.445005,986,1610
15159.450006,859,1610
15159.455005,789,1611
15159.460006,958,1614
15159.465005,945,1614
15159.470006,760,1616
15159.475006,865,1619
15159.480007,965,1615
15159.485006,787,1614
15159.490006,810,1620
15159.495006,980,1616
15159.500005,877,1616
15159.505005,787,1616
15159.510007,960,1624
15159.515007,946,1622
15159.520006,768,1620
15159.525006,878,1620
15159.530007,945,1620
15159.535005,789,1616
15159.540006,805,1622
15159.545006,982,1610
15159.550006,876,1617
15159.555005,784,1617
15159.560006,980,1610
15159.565005,924,1617
15159.570007,767,1612
15159.575006,868,1613
15159.580005,962,1610
15159.585005,781,1609
15159.590006,816,1612
15159.595007,973,1608
15159.600005,873,1609
15159.605006,777,1606
15159.610006,984,1603
15159.615006,934,1604
15159.620005,755,1604
15159.625007,879,1596
15159.630006,959,1604
15159.635005,769,1607
15159.640007,813,1606
15159.645006,971,1610
15159.650006,872,1607
15159.655006,783,1610
15159.660007,977,1607
15159.665007,926,1612
15159.670006,769,1613
15159.675007,872,1612
15159.680006,966,1609
15159.685005,776,1610
15159.690005,810,1608
15159.695006,987,1606
15159.700005,862,1610
15159.705007,794,1606
15159.710006,960,1606
15159.715006,941,1605
15159.720006,759,1603
15159.725006,863,1605
15159.730007,961,1602
15159.735006,770,1603
15159.740007,824,1601
15159.745006,973,1604
15159.750006,867,1601
15159.755006,798,1599
15159.760006,979,1601
15159.765006,918,1606
15159.770006,769,1603
15159.775006,863,1607
15159.780007,965,1603
15159.785006,778,1602
15159.790006,816,1600
15159.795005,973,1603
15159.800005,883,1602
15159.805005,796,1602
15159.810006,970,1600
15159.815006,919,1604
15159.820007,765,1603
15159.825006,863,1606
15159.830005,948,1604
15159.835006,780,1602
15159.840005,822,1601
15159.845006,986,1603
15159.850006,862,1604
15159.855006,793,1604
15159.860005,964,1604
15159.865007,943,1603
15159.870005,765,1606
15159.875006,863,1608
15159.880005,953,1604
15159.885007,777,1603
15159.890006,805,1607
15159.895006,974,1607
15159.900006,863,1610
15159.905006,783,1606
15159.910006,978,1604
15159.915006,935,1594
15159.920005,763,1603
15159.925005,862,1605
15159.930006,969,1605
15159.935006,775,1609
15159.940005,809,1603
15159.945007,990,1606
15159.950007,881,1603
15159.955006,786,1607
15159.960006,959,1598
15159.965005,932,1606
15159.970006,752,1608
15159.975006,881,1607
15159.980006,955,1604
15159.985006,784,1602
15159.990007,805,1607
15159.995005,986,1602
15160.000007,862,1609
15160.005007,797,1602
15160.010006,965,1605
15160.015006,944,1604
15160.020006,752,1607
15160.025006,884,1607
15160.030006,951,1611
15160.035006,776,1611
15160.040005,824,1608
15160.045006,980,1611
15160.050007,873,1612
15160.055006,799,1602
15160.060006,966,1612
15160.065006,928,1616
15160.070006,774,1611
15160.075005,865,1616
15160.080006,960,1606
15160.085006,789,1614
15160.090006,810,1617
15160.095006,996,1616
15160.100006,877,1616
15160.105006,784,1617
15160.110007,961,1619
15160.115006,951,1613
15160.120006,761,1620
15160.125005,863,1624
15160.130006,965,1618
15160.135005,775,1611
15160.140007,829,1618
15160.145006,983,1619
15160.150007,890,1619
15160.155006,782,1619
15160.160006,981,1617
15160.165006,929,1619
15160.170006,772,1616
15160.175006,867,1617
15160.180007,951,1619
15160.185006,766,1618
15160.190005,823,1617
15160.195006,976,1616
15160.200007,876,1613
15160.205005,783,1613
15160.210006,981,1616
15160.215005,931,1613
15160.220006,751,1617
15160.225005,878,1609
15160.230006,961,1614
15160.235006,768,1611
15160.240007,805,1615
15160.245006,985,1610
15160.250005,888,1610
15160.255005,778,1610
15160.260006,977,1600
15160.265007,934,1607
15160.270006,773,1606
15160.275006,865,1610
15160.280005,970,1606
15160.285006,774,1609
15160.290006,825,1608
15160.295005,975,1610
15160.300005,884,1608
15160.305005,778,1607
15160.310006,980,1603
15160.315006,930,1603
15160.320006,775,1603
15160.325006,867,1602
15160.330005,953,1603
15160.335005,782,1603
15160.340007,809,1600
15160.345006,975,1600
15160.350005,883,1604
15160.355007,776,1604
15160.360007,973,1604
15160.365005,933,1601
15160.370006,768,1599
15160.375006,867,1608
15160.380006,948,1609
15160.385006,782,1607
15160.390007,808,1609
15160.395006,985,1612
15160.400007,886,1605
15160.405006,779,1616
15160.410006,982,1614
15160.415006,925,1616
15160.420005,766,1618
15160.425005,865,1614
15160.430005,978,1614
15160.435006,775,1616
15160.440005,830,1612
15160.445006,983,1616
15160.450006,881,1614
15160.455005,794,1608
15160.460006,973,1609
15160.465006,929,1610
15160.470006,773,1606
15160.475006,862,1608
15160.480006,972,1606
15160.485006,769,1609
15160.490006,822,1604
15160.495006,981,1605
15160.500006,872,1606
15160.505007,777,1609
15160.510006,974,1606
15160.515006,928,1607
15160.520006,770,1609
15160.525007,862,1612
15160.530006,955,1607
15160.535006,768,1610
15160.540006,826,1604
15160.545006,979,1610
15160.550006,874,1612
15160.555006,804,1605
15160.560006,962,1608
15160.565006,951,1605
15160.570007,773,1605
15160.575006,863,1607
15160.580006,949,1608
15160.585006,788,1607
15160.590006,817,1605
15160.595006,981,1604
15160.600006,888,1605
15160.605006,786,1608
15160.610006,961,1607
15160.615007,937,1598
15160.620006,762,1607
15160.625005,858,1611
15160.630005,977,1607
15160.635006,781,1608
15160.640007,813,1608
15160.645005,974,1613
15160.650006,886,1612
15160.655005,779,1611
15160.660006,972,1609
15160.665006,927,1612
15160.670005,762,1611
15160.675006,865,1609
15160.680005,952,1612
15160.685006,793,1607
15160.690006,813,1610
15160.695006,986,1601
15160.700005,876,1606
15160.705006,798,1604
15160.710007,959,1604
15160.715006,935,1603
15160.720006,747,1607
15160.725005,855,1604
15160.730006,958,1603
15160.735005,785,1596
15160.740007,820,1606
15160.745007,981,1608
15160.750006,872,1606
15160.755007,794,1608
15160.760006,959,1609
15160.765007,942,1609
15160.770006,758,1610
15160.775007,878,1606
15160.780007,961,1611
15160.785005,767,1611
15160.790006,826,1605
15160.795006,972,1607
15160.800006,880,1609
15160.805006,792,1609
15160.810006,966,1607
15160.815006,926,1606
15160.820006,766,1602
15160.825006,871,1601
15160.830006,962,1604
15160.835007,766,1605
15160.840006,819,1602
15160.845006,979,1602
15160.850005,868,1601
15160.855006,794,1603
15160.860006,952,1601
15160.865006,925,1597
15160.870006,764,1598
15160.875006,858,1602
15160.880006,968,1599
15160.885007,769,1600
15160.890005,803,1601
15160.895005,990,1602
15160.900006,877,1603
15160.905005,781,1603
15160.910007,953,1605
15160.915006,938,1604
15160.920006,770,1603
15160.925006,857,1605
15160.930006,965,1601
15160.935006,770,1604
15160.940005,818,1602
15160.945005,991,1606
15160.950005,871,1606
15160.955005,795,1605
15160.960005,966,1606
15160.965007,923,1606
15160.970007,768,1606
15160.975005,852,1605
15160.980006,966,1597
15160.985005,773,1603
15160.990006,821,1603
15160.995005,977,1603
15161.000007,873,1609
15161.005006,787,1598
15161.010006,950,1605
15161.015007,942,1603
15161.020005,759,1604
15161.025006,858,1602
15161.030005,948,1604
15161.035006,777,1602
15161.040006,802,1601
15161.045006,993,1599
15161.050006,876,1604
15161.055005,796,1602
15161.060007,958,1602
15161.065006,921,1605
15161.070006,764,1602
15161.075006,854,1602
15161.080006,948,1602
15161.085007,777,1604
15161.090007,803,1602
15161.095007,989,1604
15161.100006,879,1604
15161.105006,793,1605
15161.110006,959,1603
15161.115007,943,1603
15161.120005,750,1606
15161.125006,868,1608
15161.130006,952,1606
15161.135005,788,1603
15161.140006,807,1604
15161.145005,976,1603
15161.150006,885,1604
15161.155005,800,1602
15161.160006,957,1606
15161.165006,942,1599
15161.170005,759,1602
15161.175006,867,1605
15161.180005,956,1601
15161.185007,783,1605
15161.190005,801,1609
15161.195006,994,1603
15161.200006,876,1608
15161.205006,788,1605
15161.210006,959,1607
15161.215005,943,1601
15161.220006,765,1602
15161.225005,866,1599
15161.230006,963,1601
15161.235006,785,1598
15161.240007,813,1601
15161.245006,979,1603
15161.250006,878,1600
15161.255006,772,1604
15161.260006,962,1600
15161.265006,925,1602
15161.270005,773,1600
15161.275006,862,1598
15161.280005,958,1603
15161.285006,793,1599
15161.290006,817,1600
15161.295005,987,1601
15161.300005,878,1605
15161.305005,790,1600
15161.310006,951,1602
15161.315006,947,1598
15161.320006,761,1603
15161.325006,846,1602
15161.330005,967,1598
15161.335006,777,1601
15161.340006,827,1595
15161.345006,978,1601
15161.350005,883,1596
15161.355007,789,1595
15161.360006,967,1595
15161.365006,934,1595
15161.370006,746,1597
15161.375006,858,1598
15161.380007,950,1596
15161.385006,782,1594
15161.390006,827,1591
15161.395005,981,1594
15161.400007,890,1593
15161.405007,778,1595
15161.410006,972,1592
15161.415006,929,1595
15161.420006,771,1592
15161.425006,865,1595
15161.430006,955,1597
15161.435006,783,1595
15161.440006,800,1599
15161.445007,984,1598
15161.450007,902,1594
15161.455005,777,1598
15161.460006,951,1596
15161.465005,931,1599
15161.470006,766,1600
15161.475005,852,1601
15161.480006,974,1603
15161.485005,777,1605
15161.490007,821,1602
15161.495006,980,1605
15161.500006,882,1608
15161.505006,794,1607
15161.510006,956,1608
15161.515006,925,1611
15161.520005,770,1612
15161.525007,851,1612
15161.530007,968,1613
15161.535006,787,1609
15161.540007,812,1615
15161.545006,976,1615
15161.550006,892,1614
15161.555005,771,1615
15161.560007,954,1616
15161.565006,926,1618
15161.570006,770,1612
15161.575007,847,1613
15161.580006,972,1613
15161.585006,772,1613
15161.590006,815,1608
15161.595007,989,1611
15161.600005,900,1609
15161.605006,770,1609
15161.610006,960,1608
15161.615007,924,1605
15161.620006,756,1605
15161.625005,867,1606
15161.630006,953,1606
15161.635006,786,1600
15161.640006,818,1603
15161.645005,986,1602
15161.650005,877,1604
15161.655006,782,1602
15161.660007,953,1603
15161.665006,926,1602
15161.670005,766,1603
15161.675005,855,1603
15161.680006,953,1602
15161.685006,795,1603
15161.690005,804,1605
15161.695007,996,1602
15161.700006,886,1605
15161.705006,774,1604
15161.710006,966,1603
15161.715006,945,1598
15161.720007,759,1605
15161.725006,849,1604
15161.730006,950,1604
15161.735006,773,1602
15161.740007,806,1602
15161.745007,990,1602
15161.750006,884,1605
15161.755006,788,1608
15161.760007,948,1603
15161.765007,940,1602
15161.770006,766,1605
15161.775006,847,1603
15161.780007,975,1598
15161.785005,782,1606
15161.790006,804,1609
15161.795005,985,1607
15161.800005,897,1605
15161.805005,772,1608
15161.810006,961,1601
15161.815006,930,1609
15161.820007,764,1608
15161.825007,843,1613
15161.830006,970,1612
15161.835006,779,1612
15161.840006,816,1612
15161.845006,969,1612
15161.850006,889,1614
15161.855005,794,1613
15161.860005,946,1617
15161.865005,941,1616
15161.870005,765,1612
15161.875006,851,1614
15161.880006,952,1619
15161.885006,790,1616
15161.890007,802,1619
15161.895005,974,1624
15161.900006,900,1619
15161.905005,775,1621
15161.910006,965,1616
15161.915006,947,1620
15161.920006,754,1621
15161.925007,860,1617
15161.930006,962,1622
15161.935007,798,1618
15161.940006,801,1620
15161.945006,990,1622
15161.950006,892,1617
15161.955005,775,1614
15161.960005,967,1619
15161.965007,931,1620
15161.970007,770,1616
15161.975005,846,1620
15161.980006,974,1616
15161.985005,786,1615
15161.990006,801,1618
15161.995005,989,1618
15162.000006,885,1621
15162.005006,788,1617
15162.010006,972,1613
15162.015007,933,1619
15162.020005,751,1621
15162.025006,856,1620
15162.030006,961,1622
15162.035005,801,1621
15162.040005,810,1619
15162.045007,993,1617
15162.050005,903,1621
15162.055006,774,1626
15162.060007,948,1622
15162.065007,936,1622
15162.070006,753,1627
15162.075005,854,1626
15162.080007,978,1620
15162.085006,795,1624
15162.090005,803,1625
15162.095006,994,1621
15162.100006,913,1621
15162.105007,781,1623
15162.110006,944,1627
15162.115006,946,1622
15162.120005,762,1625
15162.125006,856,1621
15162.130006,968,1620
15162.135006,790,1626
15162.140006,802,1626
15162.145006,995,1625
15162.150006,904,1628
15162.155007,770,1631
15162.160005,961,1628
15162.165005,927,1630
15162.170005,750,1632
15162.175005,845,1629
15162.180005,982,1626
15162.185005,786,1626
15162.190006,801,1628
15162.195007,1001,1626
15162.200007,891,1629
15162.205007,793,1621
15162.210007,947,1622
15162.215006,950,1618
15162.220007,753,1621
15162.225005,836,1622
15162.230006,960,1617
15162.235006,798,1607
15162.240007,809,1611
15162.245006,972,1617
15162.250006,902,1610
15162.255006,772,1613
15162.260006,963,1610
15162.265007,927,1612
15162.270006,765,1608
15162.275006,841,1609
15162.280006,958,1609
15162.285006,799,1605
15162.290006,801,1607
15162.295006,990,1604
15162.300007,892,1606
15162.305005,793,1604
15162.310005,950,1603
15162.315005,927,1601
15162.320005,755,1601
15162.325006,856,1595
15162.330005,955,1594
15162.335005,786,1595
15162.340006,799,1596
15162.345006,992,1592
15162.350007,886,1596
15162.355005,782,1584
15162.360005,948,1589
15162.365007,940,1589
15162.370006,752,1591
15162.375006,848,1584
15162.380007,958,1586
15162.385006,797,1587
15162.390007,808,1588
15162.395006,967,1587
15162.400006,892,1583
15162.405005,785,1582
15162.410006,949,1584
15162.415006,922,1588
15162.420005,763,1585
15162.425005,833,1586
15162.430006,952,1585
15162.435006,795,1584
15162.440006,809,1584
15162.445006,976,1587
15162.450006,910,1585
15162.455005,765,1590
15162.460005,954,1586
15162.465006,947,1587
15162.470006,749,1587
15162.475006,845,1592
15162.480006,967,1581
15162.485006,792,1589
15162.490005,800,1589
15162.495005,969,1596
15162.500006,900,1592
15162.505006,769,1594
15162.510006,955,1588
15162.515007,928,1595
15162.520007,768,1594
15162.525005,832,1596
15162.530005,967,1597
15162.535006,780,1598
15162.540006,814,1600
15162.545005,984,1599
15162.550005,892,1604
15162.555005,788,1602
15162.560006,951,1600
15162.565006,935,1601
15162.570006,754,1602
15162.575006,833,1603
15162.580006,955,1602
15162.585006,800,1604
15162.590005,803,1603
15162.595006,992,1598
15162.600006,904,1602
15162.605006,785,1601
15162.610006,952,1601
15162.615006,933,1602
15162.620005,764,1605
15162.625006,838,1605
15162.630006,952,1609
15162.635006,793,1608
15162.640007,799,1612
15162.645005,985,1610
15162.650007,898,1611
15162.655006,785,1610
15162.660007,940,1617
15162.665007,950,1616
15162.670006,761,1614
15162.675006,831,1617
15162.680007,966,1616
15162.685006,810,1611
15162.690005,814,1611
15162.695007,972,1614
15162.700007,916,1613
15162.705006,773,1615
15162.710007,964,1609
15162.715006,944,1610
15162.720006,753,1611
15162.725006,833,1610
15162.730007,962,1613
15162.735006,804,1614
15162.740006,802,1615
15162.745005,988,1619
15162.750006,897,1620
15162.755007,781,1618
15162.760007,945,1623
15162.765006,949,1621
15162.770006,761,1624
15162.775006,844,1626
15162.780006,974,1625
15162.785006,808,1629
15162.790006,808,1629
15162.795006,995,1629
15162.800006,909,1633
15162.805005,788,1627
15162.810007,942,1636
15162.815005,953,1636
15162.820006,760,1632
15162.825005,833,1637
15162.830007,979,1637
15162.835006,785,1638
15162.840006,812,1636
15162.845006,1001,1634
15162.850005,915,1634
15162.855006,786,1634
15162.860005,952,1635
15162.865006,931,1637
15162.870006,768,1637
15162.875005,832,1635
15162.880005,980,1633
15162.885006,792,1635
15162.890006,822,1629
15162.895007,975,1629
15162.900006,917,1628
15162.905005,779,1623
15162.910007,939,1624
15162.915007,949,1622
15162.920006,760,1620
15162.925007,828,1620
15162.930006,970,1621
15162.935006,803,1613
15162.940005,814,1616
15162.945006,975,1617
15162.950005,898,1619
15162.955006,779,1615
15162.960006,940,1614
15162.965006,944,1613
15162.970006,753,1612
15162.975005,844,1611
15162.980007,959,1613
15162.985006,805,1608
15162.990006,818,1608
15162.995005,975,1608
15163.000006,916,1604
15163.005007,768,1603
15163.010006,933,1606
15163.015006,924,1603
15163.020007,758,1599
15163.025006,826,1602
15163.030005,977,1597
15163.035006,783,1597
15163.040007,813,1597
15163.045006,979,1595
15163.050006,920,1593
15163.055005,772,1593
15163.060007,929,1592
15163.065007,932,1583
15163.070006,758,1590
15163.075006,830,1589
15163.080005,953,1592
15163.085005,797,1593
15163.090006,802,1590
15163.095007,984,1589
15163.100006,893,1592
15163.105006,778,1590
15163.110006,931,1593
15163.115006,931,1591
15163.120005,763,1592
15163.125006,823,1594
15163.130007,974,1592
15163.135005,782,1594
15163.140006,810,1593
15163.145005,990,1594
15163.150006,899,1596
15163.155006,771,1590
15163.160006,948,1600
15163.165007,925,1598
15163.170006,762,1598
15163.175007,822,1596
15163.180006,965,1597
15163.185005,806,1595
15163.190005,800,1598
15163.195006,983,1589
15163.200006,911,1597
15163.205005,770,1599
15163.210005,936,1590
15163.215006,945,1595
15163.220006,761,1597
15163.225006,824,1603
15163.230007,973,1598
15163.235006,798,1602
15163.240006,794,1603
15163.245006,984,1603
15163.250006,897,1606
15163.255006,783,1605
15163.260006,934,1603
15163.265006,946,1606
15163.270005,759,1606
15163.275006,828,1611
15163.280006,972,1610
15163.285007,788,1613
15163.290006,817,1612
15163.295005,976,1617
15163.300005,923,1610
15163.305005,770,1615
15163.310006,945,1614
15163.315005,927,1616
15163.320006,758,1616
15163.325006,843,1614
15163.330006,959,1617
15163.335006,798,1616
15163.340006,802,1616
15163.345007,991,1618
15163.350005,901,1620
15163.355006,784,1615
15163.360007,935,1616
15163.365007,946,1614
15163.370007,747,1617
15163.375005,825,1614
15163.380005,974,1615
15163.385007,789,1614
15163.390006,813,1616
15163.395005,976,1618
15163.400006,919,1619
15163.405006,773,1617
15163.410006,945,1614
15163.415006,929,1619
15163.420007,757,1615
15163.425007,845,1616
15163.430006,969,1617
15163.435006,789,1619
15163.440005,812,1616
15163.445007,986,1618
15163.450006,905,1621
15163.455005,767,1619
15163.460005,940,1621
15163.465007,954,1620
15163.470006,757,1617
15163.475006,821,1621
15163.480006,984,1619
15163.485005,791,1622
15163.490006,798,1624
15163.495005,989,1621
15163.500007,910,1621
15163.505005,782,1622
15163.510006,936,1625
15163.515005,957,1617
15163.520006,757,1621
15163.525006,824,1623
15163.530006,974,1622
15163.535007,797,1623
15163.540007,806,1621
15163.545005,995,1625
15163.550005,917,1626
15163.555005,787,1625
15163.560006,939,1628
15163.565005,950,1621
15163.570006,761,1626
15163.575006,843,1622
15163.580006,968,1628
15163.585006,812,1622
15163.590005,815,1624
15163.595007,984,1625
15163.600007,907,1627
15163.605006,790,1623
15163.610005,941,1625
15163.615006,932,1627
15163.620005,775,1622
15163.625006,835,1625
15163.630006,966,1625
15163.635006,807,1618
15163.640006,819,1625
15163.645007,976,1628
15163.650005,928,1621
15163.655005,777,1624
15163.660007,957,1619
15163.665007,943,1622
15163.670006,755,1621
15163.675006,843,1622
15163.680005,964,1623
15163.685007,808,1618
15163.690006,825,1621
15163.695006,984,1619
15163.700006,931,1620
15163.705005,769,1622
15163.710005,947,1620
15163.715006,932,1620
15163.720006,764,1620
15163.725006,841,1617
15163.730006,974,1619
15163.735005,811,1618
15163.740006,805,1617
15163.745006,991,1607
15163.750005,922,1619
15163.755005,768,1616
15163.760005,949,1613
15163.765006,934,1614
15163.770005,747,1612
15163.775006,834,1609
15163.780006,963,1612
15163.785006,796,1611
15163.790006,814,1606
15163.795005,975,1606
15163.800005,928,1608
15163.805006,768,1605
15163.810006,949,1596
15163.815005,937,1603
15163.820006,767,1599
15163.825007,820,1596
15163.830006,966,1594
15163.835006,811,1593
15163.840005,795,1594
15163.845006,970,1594
15163.850006,924,1590
15163.855006,765,1593
15163.860006,942,1593
15163.865006,933,1592
15163.870006,766,1594
15163.875006,815,1599
15163.880007,975,1597
15163.885006,794,1597
15163.890006,818,1599
15163.895006,979,1598
15163.900006,910,1600
15163.905006,783,1604
15163.910006,935,1604
15163.915006,949,1605
15163.920006,748,1608
15163.925007,838,1606
15163.930006,966,1612
15163.935007,795,1613
15163.940007,807,1615
15163.945007,973,1615
15163.950006,934,1611
15163.955005,773,1615
15163.960005,946,1615
15163.965006,938,1615
15163.970007,756,1616
15163.975006,819,1620
15163.980006,975,1615
15163.985005,799,1620
15163.990006,815,1615
15163.995006,988,1616
15164.000006,908,1621
15164.005007,776,1620
15164.010005,932,1623
15164.015006,947,1620
15164.020006,753,1622
15164.025006,834,1625
15164.030006,959,1627
15164.035006,810,1625
15164.040006,798,1630
15164.045005,991,1626
15164.050005,919,1629
15164.055005,766,1635
15164.060006,951,1629
15164.065007,942,1629
15164.070006,749,1632
15164.075006,836,1633
15164.080005,969,1630
15164.085006,798,1626
15164.090005,806,1630
15164.095006,988,1628
15164.100005,927,1623
15164.105007,781,1624
15164.110006,929,1628
15164.115007,947,1622
15164.120006,757,1624
15164.125005,841,1621
15164.130006,965,1620
15164.135005,798,1622
15164.140006,818,1618
15164.145006,980,1619
15164.150007,931,1617
15164.155006,767,1617
15164.160006,953,1614
15164.165006,928,1614
15164.170005,758,1613
15164.175005,822,1610
15164.180005,979,1610
15164.185006,796,1609
15164.190005,820,1606
15164.195006,982,1607
15164.200006,911,1611
15164.205006,774,1608
15164.210007,931,1604
15164.215007,948,1606
15164.220005,749,1606
15164.225006,815,1608
15164.230006,976,1610
15164.235007,806,1604
15164.240006,808,1598
15164.245006,985,1604
15164.250006,926,1601
15164.255006,772,1602
15164.260005,924,1605
15164.265007,940,1603
15164.270006,749,1606
15164.275006,837,1601
15164.280005,971,1603
15164.285006,797,1603
15164.290005,814,1603
15164.295006,983,1601
15164.300006,915,1605
15164.305007,762,1604
15164.310006,951,1594
15164.315005,937,1598
15164.320006,749,1598
15164.325006,812,1595
15164.330005,978,1599
15164.335006,797,1594
15164.340006,815,1589
15164.345007,978,1591
15164.350006,925,1582
15164.355006,764,1589
15164.360005,939,1585
15164.365007,929,1588
15164.370006,756,1586
15164.375006,828,1580
15164.380006,957,1588
15164.385006,813,1582
15164.390006,792,1588
15164.395006,987,1582
15164.400006,914,1587
15164.405005,778,1582
15164.410005,927,1588
15164.415006,924,1590
15164.420006,761,1587
15164.425006,812,1588
15164.430006,979,1589
15164.435006,797,1591
15164.440006,812,1591
15164.445006,973,1593
15164.450006,931,1588
15164.455005,756,1591
15164.460006,926,1589
15164.465005,927,1595
15164.470006,760,1589
15164.475005,813,1590
15164.480006,976,1592
15164.485006,808,1592
15164.490006,799,1593
15164.495006,973,1594
15164.500005,930,1595
15164.505005,776,1598
15164.510007,925,1600
15164.515005,939,1593
15164.520005,763,1599
15164.525006,814,1601
15164.530006,961,1602
15164.535006,816,1602
15164.540007,796,1602
15164.545006,994,1604
15164.550006,919,1604
15164.555006,783,1603
15164.560006,929,1606
15164.565005,929,1599
15164.570006,760,1602
15164.575005,813,1606
15164.580006,960,1601
15164.585006,801,1603
15164.590005,819,1601
15164.595006,974,1604
15164.600006,921,1600
15164.605006,764,1604
15164.610005,935,1604
15164.615006,931,1604
15164.620006,765,1606
15164.625005,815,1603
15164.630006,972,1604
15164.635005,797,1606
15164.640006,807,1605
15164.645005,973,1608
15164.650007,918,1601
15164.655007,771,1607
15164.660005,922,1610
15164.665006,952,1610
15164.670005,749,1606
15164.675005,831,1605
15164.680006,968,1606
15164.685007,798,1609
15164.690007,819,1602
15164.695006,982,1603
15164.700006,914,1601
15164.705005,773,1601
15164.710005,926,1602
15164.715007,941,1597
15164.720006,746,1597
15164.725006,823,1595
15164.730006,960,1598
15164.735005,809,1593
15164.740006,797,1592
15164.745005,987,1594
15164.750006,920,1590
15164.755006,769,1593
15164.760006,923,1595
15164.765007,930,1597
15164.770005,771,1593
15164.775007,819,1594
15164.780006,981,1594
15164.785007,807,1596
15164.790006,794,1597
15164.795006,986,1594
15164.800006,912,1592
15164.805005,774,1595
15164.810006,922,1598
15164.815006,949,1593
15164.820006,760,1593
15164.825005,812,1594
15164.830006,981,1594
15164.835006,796,1592
15164.840006,816,1593
15164.845006,979,1593
15164.850005,922,1592
15164.855006,761,1596
15164.860005,932,1597
15164.865006,952,1594
15164.870006,756,1599
15164.875005,811,1601
15164.880005,970,1602
15164.885006,804,1605
15164.890006,797,1609
15164.895005,998,1606
15164.900007,923,1612
15164.905006,776,1612
15164.910005,926,1615
15164.915005,943,1611
15164.920007,758,1620
15164.925006,814,1622
15164.930005,983,1619
15164.935006,811,1622
15164.940007,813,1620
15164.945005,986,1619
15164.950005,912,1622
15164.955007,781,1622
15164.960006,931,1621
15164.965007,937,1621
15164.970007,749,1623
15164.975005,835,1622
15164.980006,972,1623
15164.985005,812,1624
15164.990006,809,1626
15164.995006,976,1632
15165.000007,932,1625
15165.005006,773,1632
15165.010005,941,1634
15165.015006,937,1638
15165.020005,765,1637
15165.025006,820,1641
15165.030005,971,1642
15165.035007,825,1638
15165.040007,814,1641
15165.045006,980,1639
15165.050006,929,1643
15165.055005,770,1642
15165.060007,927,1645
15165.065007,959,1638
15165.070005,774,1640
15165.075005,828,1636
15165.080007,970,1640
15165.085007,826,1635
15165.090005,802,1636
15165.095006,975,1636
15165.100005,929,1632
15165.105007,768,1632
15165.110006,945,1630
15165.115007,936,1629
15165.120005,767,1629
15165.125006,815,1629
15165.130006,981,1626
15165.135006,806,1628
15165.140005,814,1618
15165.145005,988,1623
15165.150006,921,1623
15165.155006,776,1617
15165.160006,933,1609
15165.165006,944,1618
15165.170005,751,1617
15165.175006,836,1617
15165.180006,971,1616
15165.185007,819,1614
15165.190006,804,1612
15165.195005,976,1614
15165.200005,931,1612
15165.205005,784,1615
15165.210005,922,1614
15165.215006,935,1615
15165.220006,765,1611
15165.225005,814,1609
15165.230007,977,1607
15165.235006,829,1605
15165.240007,809,1607
15165.245007,975,1608
15165.250005,929,1606
15165.255006,768,1607
15165.260006,940,1602
15165.265006,932,1605
15165.270007,765,1597
15165.275006,818,1601
15165.280005,979,1601
15165.285006,806,1599
15165.290006,816,1597
15165.295006,978,1597
15165.300007,924,1588
15165.305006,772,1591
15165.310007,933,1592
15165.315006,949,1590
15165.320006,751,1589
15165.325006,830,1590
15165.330006,969,1587
15165.335006,800,1588
15165.340005,806,1590
15165.345005,993,1586
15165.350006,922,1588
15165.355006,758,1591
15165.360005,932,1590
15165.365007,935,1590
15165.370005,747,1590
15165.375007,816,1595
15165.380006,979,1594
15165.385006,810,1595
15165.390006,813,1597
15165.395005,982,1600
15165.400006,911,1604
15165.405005,773,1602
15165.410006,922,1603
15165.415006,948,1602
15165.420006,746,1602
15165.425006,824,1603
15165.430005,985,1600
15165.435007,814,1605
15165.440006,792,1605
15165.445006,974,1604
15165.450007,932,1601
15165.455005,776,1600
15165.460005,919,1605
15165.465006,948,1600
15165.470006,753,1602
15165.475006,830,1597
15165.480006,986,1600
15165.485006,808,1604
15165.490005,821,1600
15165.495005,993,1604
15165.500006,916,1606
15165.505007,779,1602
15165.510007,933,1605
15165.515006,937,1609
15165.520006,760,1601
15165.525006,830,1609
15165.530006,964,1614
15165.535006,829,1616
15165.540007,801,1618
15165.545006,995,1615
15165.550007,916,1619
15165.555006,783,1618
15165.560006,928,1618
15165.565006,956,1619
15165.570006,751,1622
15165.575006,824,1620
15165.580005,990,1619
15165.585006,819,1621
15165.590005,805,1622
15165.595007,981,1619
15165.600007,934,1619
15165.605005,771,1621
15165.610006,917,1621
15165.615006,945,1623
15165.620006,767,1617
15165.625007,814,1622
15165.630007,989,1618
15165.635006,820,1618
15165.640005,812,1614
15165.645006,980,1619
15165.650007,937,1619
15165.655006,765,1624
15165.660006,932,1619
15165.665006,939,1621
15165.670006,770,1619
15165.675006,838,1619
15165.680007,969,1622
15165.685006,828,1620
15165.690005,800,1623
15165.695006,988,1621
15165.700005,918,1624
15165.705007,784,1621
15165.710006,923,1625
15165.715005,952,1621
15165.720007,750,1624
15165.725005,817,1626
15165.730006,987,1620
15165.735006,812,1624
15165.740007,805,1624
15165.745006,995,1620
15165.750005,921,1622
15165.755006,782,1627
15165.760005,924,1623
15165.765007,943,1613
15165.770006,763,1620
15165.775006,836,1620
15165.780005,969,1618
15165.785006,829,1616
15165.790006,811,1608
15165.795007,985,1615
15165.800006,919,1613
15165.805005,783,1608
15165.810006,916,1611
15165.815006,956,1608
15165.820007,759,1608
15165.825006,825,1598
15165.830006,968,1606
15165.835006,827,1601
15165.840006,798,1600
15165.845006,986,1600
15165.850007,916,1602
15165.855005,778,1601
15165.860005,910,1601
15165.865007,943,1598
15165.870006,751,1595
15165.875005,811,1599
15165.880006,976,1597
15165.885006,807,1597
15165.890006,806,1598
15165.895005,977,1599
15165.900007,911,1594
15165.905006,763,1595
15165.910006,912,1598
15165.915006,954,1592
15165.920006,751,1591
15165.925006,828,1588
15165.930006,971,1587
15165.935006,814,1585
15165.940006,809,1584
15165.945007,965,1585
15165.950006,929,1579
15165.955005,761,1578
15165.960006,931,1576
15165.965005,933,1575
15165.970007,752,1574
15165.975006,811,1578
15165.980006,962,1578
15165.985006,805,1575
15165.990006,801,1575
15165.995007,970,1576
15166.000006,927,1574
15166.005006,759,1581
15166.010005,920,1580
15166.015006,931,1584
15166.020006,759,1582
15166.025006,812,1585
15166.030005,984,1586
15166.035007,806,1592
15166.040006,799,1590
15166.045006,972,1592
15166.050006,911,1593
15166.055005,760,1595
15166.060006,911,1589
15166.065006,956,1588
15166.070005,752,1590
15166.075005,814,1585
15166.080007,970,1590
15166.085005,818,1590
15166.090006,792,1594
15166.095007,988,1593
15166.100005,913,1595
15166.105006,773,1583
15166.110006,921,1590
15166.115007,927,1594
15166.120007,760,1593
15166.125005,811,1597
15166.130005,979,1593
15166.135006,818,1594
15166.140007,789,1595
15166.145006,988,1597
15166.150006,917,1598
15166.155006,757,1597
15166.160006,926,1599
15166.165007,929,1600
15166.170005,766,1604
15166.175005,820,1602
15166.180005,967,1606
15166.185006,815,1599
15166.190005,806,1606
15166.195006,973,1607
15166.200005,915,1609
15166.205007,780,1610
15166.210006,918,1610
15166.215005,958,1606
15166.220005,764,1610
15166.225006,814,1614
15166.230006,980,1607
15166.235006,824,1613
15166.240007,793,1618
15166.245006,993,1617
15166.250005,925,1618
15166.255006,760,1622
15166.260005,910,1622
15166.265007,954,1622
15166.270005,758,1619
15166.275006,812,1624
15166.280005,980,1628
15166.285006,814,1627
15166.290006,794,1630
15166.295005,993,1624
15166.300005,918,1631
15166.305006,773,1627
15166.310007,911,1630
15166.315006,955,1629
15166.320006,754,1628
15166.325005,826,1626
15166.330006,967,1627
15166.335005,831,1621
15166.340006,799,1621
15166.345006,997,1619
15166.350006,915,1621
15166.355007,776,1621
15166.360006,917,1621
15166.365006,957,1619
15166.370005,754,1618
15166.375006,825,1620
15166.380007,964,1616
15166.385006,824,1619
15166.390006,797,1617
15166.395005,992,1618
15166.400006,931,1610
15166.405006,777,1618
15166.410007,916,1619
15166.415006,952,1613
15166.420006,763,1616
15166.425006,809,1615
15166.430005,977,1616
15166.435006,833,1617
15166.440005,800,1617
15166.445007,987,1613
15166.450006,934,1617
15166.455006,763,1620
15166.460006,930,1619
15166.465006,937,1623
15166.470006,773,1620
15166.475006,820,1619
15166.480007,964,1621
15166.485007,832,1615
15166.490006,803,1617
15166.495005,971,1620
15166.500006,929,1614
15166.505007,776,1609
15166.510006,922,1617
15166.515007,934,1618
15166.520005,769,1618
15166.525006,818,1617
15166.530005,965,1620
15166.535007,820,1615
15166.540007,811,1619
15166.545006,992,1617
15166.550006,921,1617
15166.555006,760,1619
15166.560006,911,1616
15166.565005,938,1620
15166.570007,776,1618
15166.575005,824,1616
15166.580005,964,1618
15166.585005,830,1617
15166.590006,797,1616
15166.595006,972,1619
15166.600006,941,1613
15166.605006,773,1610
15166.610006,911,1615
15166.615007,944,1609
15166.620007,749,1612
15166.625005,832,1610
15166.630005,970,1609
15166.635007,818,1605
15166.640005,792,1609
15166.645005,990,1605
15166.650006,924,1606
15166.655006,778,1603
15166.660006,917,1606
15166.665006,940,1605
15166.670006,767,1601
15166.675006,829,1604
15166.680005,984,1605
15166.685007,824,1610
15166.690007,794,1609
15166.695005,973,1612
15166.700005,917,1609
15166.705006,759,1612
15166.710006,911,1610
15166.715005,938,1613
15166.720006,755,1609
15166.725006,814,1614
15166.730006,992,1613
15166.735007,826,1610
15166.740005,793,1609
15166.745005,988,1611
15166.750007,926,1610
15166.755007,764,1609
15166.760005,905,1607
15166.765006,933,1608
15166.770006,772,1606
15166.775006,825,1607
15166.780006,975,1606
15166.785006,816,1610
15166.790005,794,1609
15166.795006,970,1610
15166.800006,939,1607
15166.805006,771,1608
15166.810006,918,1606
15166.815007,941,1608
15166.820005,754,1603
15166.825006,832,1604
15166.830006,978,1603
15166.835007,825,1603
15166.840006,791,1604
15166.845006,987,1600
15166.850006,931,1604
15166.855006,765,1601
15166.860006,918,1601
15166.865006,936,1603
15166.870005,754,1599
15166.875006,822,1600
15166.880006,971,1601
15166.885007,816,1603
15166.890007,811,1599
15166.895005,981,1601
15166.900006,925,1598
15166.905005,760,1600
15166.910006,907,1601
15166.915006,956,1600
15166.920005,759,1599
15166.925006,829,1596
15166.930006,972,1600
15166.935006,836,1600
15166.940005,797,1596
15166.945006,978,1598
15166.950007,918,1595
15166.955005,780,1600
15166.960005,908,1601
15166.965006,956,1600
15166.970006,766,1596
15166.975005,815,1597
15166.980006,969,1598
15166.985006,815,1599
15166.990007,789,1602
15166.995006,993,1597
15167.000006,931,1599
15167.005006,764,1599
15167.010005,910,1602
15167.015006,941,1599
15167.020006,773,1599
15167.025006,818,1601
15167.030005,972,1600
15167.035006,825,1602
15167.040006,789,1603
15167.045006,990,1603
15167.050006,920,1603
15167.055006,775,1603
15167.060006,912,1604
15167.065005,955,1597
15167.070006,754,1601
15167.075005,828,1601
15167.080006,963,1606
15167.085006,832,1605
15167.090006,788,1609
15167.095006,984,1604
15167.100007,925,1611
15167.105005,771,1609
15167.110005,918,1614
15167.115007,938,1614
15167.120006,769,1613
15167.125006,805,1619
15167.130006,978,1611
15167.135006,829,1617
15167.140007,785,1618
15167.145007,978,1616
15167.150005,921,1620
15167.155006,761,1617
15167.160006,904,1617
15167.165006,953,1615
15167.170006,754,1614
15167.175007,813,1615
15167.180006,970,1614
15167.185007,826,1604
15167.190006,802,1613
15167.195006,971,1617
15167.200005,928,1614
15167.205007,776,1612
15167.210007,904,1616
15167.215006,948,1616
15167.220005,752,1621
15167.225005,815,1613
15167.230007,972,1617
15167.235007,832,1617
15167.240005,792,1618
15167.245006,993,1619
15167.250005,922,1621
15167.255005,771,1617
15167.260006,908,1622
15167.265006,935,1621
15167.270005,768,1620
15167.275006,818,1621
15167.280005,964,1624
15167.285006,832,1624
15167.290006,793,1622
15167.295005,977,1613
15167.300006,931,1620
15167.305006,769,1619
15167.310006,912,1619
15167.315006,937,1620
15167.320006,768,1619
15167.325006,820,1616
15167.330006,971,1617
15167.335006,820,1618
15167.340005,799,1615
15167.345005,969,1617
15167.350005,932,1616
15167.355006,757,1616
15167.360006,922,1616
15167.365007,942,1617
15167.370006,752,1618
15167.375006,824,1616
15167.380007,972,1608
15167.385005,835,1618
15167.390007,793,1619
15167.395005,987,1621
15167.400007,916,1619
15167.405006,779,1620
15167.410007,906,1620
15167.415006,940,1620
15167.420006,773,1616
15167.425006,816,1619
15167.430006,965,1619
15167.435007,836,1616
15167.440005,796,1616
15167.445007,995,1613
15167.450006,926,1613
15167.455006,777,1612
15167.460006,909,1610
15167.465005,935,1612
15167.470006,770,1613
15167.475006,819,1612
15167.480007,968,1613
15167.485006,841,1612
15167.490006,798,1616
15167.495006,973,1614
15167.500005,934,1609
15167.505005,770,1613
15167.510006,906,1616
15167.515006,962,1614
15167.520006,761,1617
15167.525007,810,1617
15167.530006,988,1619
15167.535006,835,1619
15167.540005,796,1622
15167.545006,993,1619
15167.550006,924,1620
15167.555006,766,1611
15167.560006,904,1617
15167.565006,965,1617
15167.570005,764,1618
15167.575005,810,1621
15167.580006,987,1615
15167.585006,831,1613
15167.590005,806,1617
15167.595006,981,1615
15167.600006,941,1611
15167.605006,760,1617
15167.610006,898,1615
15167.615006,957,1611
15167.620006,757,1613
15167.625006,827,1611
15167.630006,970,1611
15167.635006,837,1611
15167.640007,804,1608
15167.645006,977,1610
15167.650007,915,1612
15167.655006,772,1607
15167.660006,899,1611
15167.665007,943,1606
15167.670005,753,1606
15167.675005,826,1606
15167.680006,970,1606
15167.685007,829,1600
15167.690006,813,1598
15167.695006,975,1600
15167.700006,917,1597
15167.705006,775,1593
15167.710007,914,1585
15167.715006,947,1591
15167.720007,753,1592
15167.725005,808,1592
15167.730006,985,1590
15167.735006,827,1593
15167.740006,789,1591
15167.745005,965,1589
15167.750006,933,1590
15167.755006,757,1593
15167.760006,918,1591
15167.765007,941,1590
15167.770006,773,1590
15167.775006,811,1590
15167.780007,982,1589
15167.785006,821,1589
15167.790006,786,1585
15167.795006,991,1586
15167.800006,925,1582
15167.805006,776,1585
15167.810007,906,1582
15167.815006,933,1590
15167.820007,763,1584
15167.825006,810,1584
15167.830006,965,1583
15167.835006,836,1581
15167.840006,793,1584
15167.845007,991,1579
15167.850007,925,1582
15167.855007,755,1586
15167.860006,911,1581
15167.865006,949,1584
15167.870006,755,1586
15167.875005,818,1585
15167.880006,968,1592
15167.885005,838,1589
15167.890006,792,1590
15167.895006,988,1591
15167.900007,921,1593
15167.905006,781,1592
15167.910006,907,1595
15167.915007,955,1595
15167.920006,758,1595
15167.925007,832,1596
15167.930006,973,1598
15167.935007,827,1596
15167.940007,796,1597
15167.945005,980,1598
15167.950005,930,1597
15167.955006,755,1599
15167.960007,914,1596
15167.965006,946,1598
15167.970006,751,1599
15167.975005,824,1597
15167.980006,965,1599
15167.985006,843,1597
15167.990007,788,1598
15167.995007,990,1597
15168.000006,925,1597
15168.005006,755,1597
15168.010006,917,1598
15168.015007,939,1601
15168.020005,770,1602
15168.025006,809,1603
15168.030006,970,1603
15168.035007,843,1602
15168.040006,787,1607
15168.045007,976,1603
15168.050005,942,1605
15168.055005,766,1606
15168.060007,899,1609
15168.065007,957,1603
15168.070007,756,1608
15168.075006,830,1608
15168.080006,972,1608
15168.085006,848,1606
15168.090006,805,1605
15168.095005,983,1609
15168.100005,927,1607
15168.105007,757,1609
15168.110006,913,1605
15168.115005,944,1605
15168.120006,773,1603
15168.125006,810,1606
15168.130006,990,1607
15168.135006,837,1606
15168.140006,789,1606
15168.145005,985,1608
15168.150006,923,1612
15168.155006,776,1602
15168.160006,918,1608
15168.165005,942,1611
15168.170006,776,1612
15168.175006,823,1612
15168.180005,989,1621
15168.185007,841,1614
15168.190006,789,1618
15168.195006,985,1614
15168.200005,919,1624
15168.205006,782,1618
15168.210007,906,1622
15168.215006,943,1622
15168.220006,768,1621
15168.225006,812,1625
15168.230006,995,1622
15168.235005,835,1625
15168.240006,790,1626
15168.245006,984,1625
15168.250005,925,1625
15168.255006,762,1628
15168.260006,923,1624
15168.265006,950,1623
15168.270005,753,1625
15168.275006,826,1621
15168.280006,972,1624
15168.285006,850,1622
15168.290006,790,1620
15168.295006,978,1620
15168.300006,939,1620
15168.305005,760,1622
15168.310006,900,1617
15168.315005,962,1616
15168.320006,756,1616
15168.325005,816,1607
15168.330006,974,1614
15168.335006,839,1602
15168.340006,803,1613
15168.345007,973,1609
15168.350006,939,1606
15168.355006,764,1607
15168.360006,901,1601
15168.365006,955,1604
15168.370007,756,1604
15168.375005,825,1602
15168.380006,976,1602
15168.385005,833,1604
15168.390006,790,1597
15168.395006,987,1603
15168.400006,917,1608
15168.405005,777,1603
15168.410007,896,1605
15168.415005,955,1602
15168.420007,754,1602
15168.425007,823,1600
15168.430005,968,1603
15168.435006,840,1598
15168.440006,804,1590
15168.445006,986,1595
15168.450006,927,1595
15168.455005,756,1597
15168.460006,918,1590
15168.465006,952,1593
15168.470006,752,1594
15168.475006,826,1595
15168.480007,968,1593
15168.485006,848,1592
15168.490006,786,1594
15168.495005,969,1596
15168.500007,919,1596
15168.505007,760,1598
15168.510006,911,1593
15168.515006,954,1600
15168.520006,753,1601
15168.525006,831,1600
15168.530005,984,1602
15168.535006,830,1602
15168.540007,809,1604
15168.545005,972,1608
15168.550005,938,1605
15168.555005,765,1610
15168.560006,913,1609
15168.565006,945,1606
15168.570006,763,1604
15168.575005,817,1611
15168.580006,968,1615
15168.585006,841,1614
15168.590005,797,1616
15168.595007,977,1617
15168.600005,945,1611
15168.605006,769,1616
15168.610006,896,1614
15168.615006,956,1617
15168.620005,762,1615
15168.625006,828,1615
15168.630006,987,1618
15168.635006,843,1619
15168.640006,789,1615
15168.645006,971,1617
15168.650006,935,1618
15168.655005,764,1617
15168.660007,907,1618
15168.665006,945,1625
15168.670007,773,1620
15168.675006,809,1623
15168.680005,987,1632
15168.685006,840,1624
15168.690005,810,1626
15168.695006,979,1623
15168.700007,922,1629
15168.705006,786,1624
15168.710006,914,1624
15168.715007,954,1625
15168.720006,764,1625
15168.725005,833,1618
15168.730007,974,1624
15168.735005,849,1613
15168.740006,796,1621
15168.745006,970,1622
15168.750006,942,1621
15168.755006,760,1623
15168.760006,917,1621
15168.765006,949,1620
15168.770007,755,1625
15168.775006,826,1622
15168.780006,976,1623
15168.785006,835,1623
15168.790006,814,1621
15168.795006,978,1619
15168.800007,943,1621
15168.805005,768,1619
15168.810005,898,1619
15168.815006,960,1618
15168.820007,759,1616
15168.825006,809,1614
15168.830007,982,1612
15168.835006,838,1612
15168.840005,795,1604
15168.845006,984,1606
15168.850005,923,1606
15168.855006,779,1600
15168.860006,901,1603
15168.865006,946,1603
15168.870006,758,1602
15168.875005,827,1601
15168.880005,979,1600
15168.885007,836,1603
15168.890007,811,1602
15168.895005,986,1604
15168.900006,927,1604
15168.905006,757,1607
15168.910007,911,1605
15168.915006,958,1604
15168.920005,765,1607
15168.925005,816,1606
15168.930006,980,1609
15168.935007,849,1607
15168.940006,784,1611
15168.945007,968,1611
15168.950006,942,1608
15168.955006,762,1610
15168.960007,907,1600
15168.965006,947,1609
15168.970006,770,1612
15168.975005,816,1607
15168.980006,970,1609
15168.985005,851,1603
15168.990007,789,1613
15168.995006,975,1602
15169.000006,927,1614
15169.005006,765,1610
15169.010006,896,1616
15169.015006,969,1609
15169.020005,768,1610
15169.025007,812,1617
15169.030006,987,1612
15169.035006,839,1615
15169.040006,791,1615
15169.045005,984,1606
15169.050005,928,1614
15169.055005,762,1613
15169.060006,892,1615
15169.065005,963,1613
15169.070006,762,1608
15169.075006,822,1606
15169.080006,966,1610
15169.085006,854,1608
15169.090006,792,1603
15169.095006,968,1602
15169.100005,938,1603
15169.105007,758,1601
15169.110007,899,1594
15169.115006,955,1598
15169.120005,759,1599
15169.125006,806,1602
15169.130007,992,1599
15169.135006,846,1600
15169.140006,792,1600
15169.145005,968,1598
15169.150006,935,1601
15169.155006,756,1601
15169.160006,888,1601
15169.165007,962,1597
15169.170005,764,1596
15169.175006,815,1597
15169.180005,966,1598
15169.185007,855,1594
15169.190005,790,1595
15169.195006,964,1596
15169.200005,930,1590
15169.205006,759,1595
15169.210006,913,1592
15169.215006,959,1593
15169.220007,763,1590
15169.225006,808,1595
15169.230006,989,1592
15169.235005,840,1594
15169.240006,805,1593
15169.245006,966,1594
15169.250005,927,1593
15169.255005,759,1597
15169.260006,888,1601
15169.265006,959,1600
15169.270006,767,1601
15169.275006,812,1604
15169.280005,989,1603
15169.285006,852,1606
15169.290007,800,1606
15169.295005,977,1611
15169.300005,922,1614
15169.305005,757,1614
15169.310007,889,1614
15169.315007,959,1612
15169.320005,758,1613
15169.325005,828,1613
15169.330006,978,1614
15169.335006,840,1619
15169.340007,807,1613
15169.345006,977,1615
15169.350006,938,1613
15169.355007,765,1616
15169.360006,892,1618
15169.365006,945,1617
15169.370005,757,1617
15169.375006,811,1618
15169.380007,984,1619
15169.385007,843,1616
15169.390006,809,1620
15169.395005,975,1620
15169.400006,920,1623
15169.405006,771,1616
15169.410006,897,1618
15169.415007,942,1620
15169.420005,770,1616
15169.425005,813,1616
15169.430006,970,1618
15169.435006,851,1618
15169.440006,788,1619
15169.445007,987,1615
15169.450006,928,1614
15169.455005,760,1615
15169.460006,887,1617
15169.465006,960,1613
15169.470007,764,1611
15169.475005,811,1613
15169.480007,993,1613
15169.485007,844,1610
15169.490005,802,1610
15169.495005,971,1613
15169.500006,925,1609
15169.505006,757,1613
15169.510005,910,1609
15169.515006,954,1610
15169.520005,757,1612
15169.525005,829,1606
15169.530005,970,1611
15169.535006,852,1610
15169.540006,787,1612
15169.545005,982,1604
15169.550005,938,1600
15169.555006,768,1608
15169.560007,902,1598
15169.565006,944,1607
15169.570005,774,1601
15169.575005,805,1606
15169.580006,985,1603
15169.585006,844,1601
15169.590005,785,1605
15169.595006,985,1598
15169.600006,923,1597
15169.605006,774,1597
15169.610005,882,1600
15169.615006,949,1599
15169.620006,772,1598
15169.625005,817,1599
15169.630005,968,1599
15169.635007,851,1599
15169.640007,788,1602
15169.645006,985,1603
15169.650006,924,1604
15169.655006,771,1599
15169.660006,886,1606
15169.665006,964,1604
15169.670006,756,1610
15169.675007,822,1597
15169.680005,987,1606
15169.685007,837,1606
15169.690007,795,1609
15169.695005,964,1608
15169.700006,938,1607
15169.705006,774,1605
15169.710006,888,1605
15169.715006,958,1606
15169.720006,763,1608
15169.725006,830,1605
15169.730006,971,1606
15169.735006,853,1606
15169.740005,793,1606
15169.745006,974,1609
15169.750005,938,1612
15169.755005,762,1614
15169.760006,886,1608
15169.765006,962,1613
15169.770005,777,1613
15169.775006,822,1614
15169.780006,972,1616
15169.785007,842,1617
15169.790007,791,1616
15169.795005,988,1616
15169.800005,927,1612
15169.805005,768,1615
15169.810006,883,1617
15169.815005,952,1613
15169.820006,758,1616
15169.825006,829,1610
15169.830005,976,1609
15169.835005,855,1609
15169.840006,782,1609
15169.845006,981,1605
15169.850005,923,1607
15169.855006,774,1607
15169.860005,883,1608
15169.865006,965,1604
15169.870007,765,1604
15169.875007,809,1608
15169.880006,970,1605
15169.885006,847,1606
15169.890006,800,1606
15169.895005,972,1606
15169.900006,923,1607
15169.905006,777,1608
15169.910006,891,1606
15169.915005,954,1606
15169.920006,764,1607
15169.925006,812,1610
15169.930006,972,1614
15169.935006,866,1609
15169.940006,789,1611
15169.945007,982,1610
15169.950006,938,1610
15169.955006,758,1613
15169.960007,901,1613
15169.965006,950,1615
15169.970007,773,1612
15169.975005,812,1614
15169.980007,991,1609
15169.985005,845,1611
15169.990007,801,1607
15169.995006,974,1606
15170.000006,943,1606
15170.005007,756,1608
15170.010006,901,1605
15170.015006,953,1605
15170.020006,764,1603
15170.025007,831,1603
15170.030006,984,1603
15170.035006,845,1605
15170.040006,802,1601
15170.045005,974,1602
15170.050005,926,1602
15170.055005,779,1604
15170.060007,887,1603
15170.065006,960,1603
15170.070007,761,1602
15170.075006,816,1606
15170.080005,974,1606
15170.085005,872,1605
15170.090006,792,1610
15170.095006,976,1600
15170.100006,929,1611
15170.105006,778,1608
15170.110006,881,1613
15170.115006,961,1611
15170.120006,762,1615
15170.125006,822,1612
15170.130006,986,1608
15170.135005,859,1616
15170.140006,785,1622
15170.145006,989,1621
15170.150006,933,1618
15170.155005,761,1618
15170.160007,900,1620
15170.165006,947,1622
15170.170005,773,1621
15170.175005,815,1619
15170.180005,987,1613
15170.185007,861,1619
15170.190006,793,1619
15170.195005,967,1622
15170.200005,944,1615
15170.205007,772,1618
15170.210006,886,1620
15170.215006,972,1618
15170.220006,767,1620
15170.225006,832,1617
15170.230007,974,1621
15170.235006,850,1614
15170.240006,794,1620
15170.245006,972,1622
15170.250006,945,1620
15170.255007,769,1623
15170.260005,889,1623
15170.265007,946,1626
15170.270005,784,1623
15170.275006,820,1626
15170.280005,973,1627
15170.285006,853,1622
15170.290006,795,1630
15170.295005,991,1628
15170.300005,942,1628
15170.305005,761,1631
15170.310006,901,1629
15170.315005,950,1632
15170.320007,784,1631
15170.325006,808,1633
15170.330006,988,1632
15170.335006,856,1633
15170.340005,794,1632
15170.345006,989,1628
15170.350005,926,1630
15170.355006,766,1620
15170.360005,899,1626
15170.365006,947,1628
15170.370005,784,1622
15170.375006,822,1620
15170.380006,972,1625
15170.385006,862,1617
15170.390007,781,1620
15170.395005,985,1615
15170.400006,925,1614
15170.405006,757,1616
15170.410006,899,1610
15170.415007,944,1610
15170.420006,774,1610
15170.425006,814,1598
15170.430005,974,1610
15170.435006,865,1606
15170.440007,781,1606
15170.445007,983,1603
15170.450006,927,1603
15170.455005,753,1606
15170.460005,889,1604
15170.465006,947,1605
15170.470006,778,1602
15170.475005,809,1604
15170.480007,972,1603
15170.485006,869,1600
15170.490006,786,1598
15170.495006,958,1604
15170.500006,941,1601
15170.505006,758,1604
15170.510006,892,1594
15170.515006,949,1604
15170.520005,775,1602
15170.525006,806,1604
15170.530006,989,1601
15170.535006,851,1600
15170.540006,799,1601
15170.545005,974,1596
15170.550005,925,1601
15170.555005,747,1602
15170.560005,895,1602
15170.565005,950,1600
15170.570006,758,1599
15170.575006,806,1596
15170.580005,972,1594
15170.585005,871,1595
15170.590006,788,1595
15170.595006,960,1596
15170.600006,930,1588
15170.605007,767,1589
15170.610005,893,1592
15170.615006,953,1595
15170.620005,770,1590
15170.625007,812,1592
15170.630006,992,1598
15170.635005,855,1603
15170.640007,792,1595
15170.645006,967,1604
15170.650006,920,1611
15170.655005,768,1610
15170.660007,884,1613
15170.665006,941,1616
15170.670006,772,1616
15170.675006,810,1617
15170.680005,995,1618
15170.685007,866,1617
15170.690007,791,1619
15170.695006,963,1622
15170.700007,941,1620
15170.705006,767,1614
15170.710005,883,1619
15170.715005,965,1620
15170.720006,766,1618
15170.725005,804,1622
15170.730006,989,1615
15170.735007,863,1616
15170.740006,799,1619
15170.745006,969,1617
15170.750005,922,1618
15170.755005,762,1614
15170.760007,877,1615
15170.765006,968,1616
15170.770006,771,1616
15170.775006,818,1614
15170.780006,994,1613
15170.785007,851,1615
15170.790005,804,1615
15170.795006,967,1616
15170.800006,926,1617
15170.805007,771,1613
15170.810006,892,1611
15170.815005,946,1614
15170.820006,782,1611
15170.825005,819,1612
15170.830006,976,1613
15170.835007,867,1609
15170.840005,786,1612
15170.845007,959,1611
15170.850007,932,1610
15170.855006,751,1610
15170.860005,895,1603
15170.865006,955,1607
15170.870006,760,1609
15170.875006,826,1604
15170.880007,978,1604
15170.885006,872,1601
15170.890006,792,1601
15170.895005,963,1601
15170.900006,935,1597
15170.905005,769,1596
15170.910006,877,1596
15170.915005,945,1596
15170.920007,774,1595
15170.925006,808,1595
15170.930006,987,1590
15170.935006,855,1593
15170.940006,799,1593
15170.945006,962,1592
15170.950006,939,1584
15170.955006,753,1588
15170.960006,891,1592
15170.965006,947,1588
15170.970007,775,1586
15170.975006,803,1590
15170.980006,984,1588
15170.985005,847,1589
15170.990006,790,1589
15170.995006,957,1590
15171.000005,925,1587
15171.005005,745,1590
15171.010006,878,1593
15171.015006,945,1588
15171.020006,763,1583
15171.025006,810,1591
15171.030006,969,1588
15171.035006,867,1586
15171.040007,784,1591
15171.045005,980,1586
15171.050006,930,1588
15171.055005,745,1590
15171.060006,876,1587
15171.065007,941,1588
15171.070006,763,1587
15171.075006,820,1574
15171.080005,972,1584
15171.085005,847,1586
15171.090006,799,1581
15171.095005,960,1585
15171.100006,930,1581
15171.105007,744,1583
15171.110007,883,1582
15171.115005,956,1582
15171.120005,758,1585
15171.125005,822,1583
15171.130006,965,1588
15171.135005,851,1592
15171.140006,793,1590
15171.145006,969,1590
15171.150007,918,1592
15171.155006,768,1595
15171.160006,866,1596
15171.165006,954,1598
15171.170006,772,1593
15171.175006,825,1597
15171.180005,976,1603
15171.185006,856,1599
15171.190005,793,1602
15171.195006,966,1603
15171.200006,930,1604
15171.205005,750,1605
15171.210006,883,1603
15171.215005,957,1605
15171.220006,762,1602
15171.225006,804,1605
15171.230007,991,1602
15171.235006,857,1605
15171.240006,800,1602
15171.245006,961,1608
15171.250006,939,1605
15171.255006,753,1608
15171.260006,886,1610
15171.265007,942,1611
15171.270006,776,1607
15171.275006,810,1610
15171.280005,971,1613
15171.285005,872,1611
15171.290005,786,1613
15171.295007,962,1613
15171.300007,933,1608
15171.305005,768,1612
15171.310006,880,1618
15171.315006,946,1614
15171.320006,774,1617
15171.325005,821,1604
15171.330007,989,1613
15171.335006,870,1611
15171.340006,785,1614
15171.345007,979,1614
15171.350006,931,1614
15171.355006,770,1614
15171.360006,865,1618
15171.365006,967,1612
15171.370005,761,1619
15171.375007,819,1610
15171.380006,976,1614
15171.385006,877,1614
15171.390007,785,1611
15171.395006,983,1612
15171.400007,931,1612
15171.405007,753,1612
15171.410007,878,1611
15171.415007,952,1611
15171.420006,775,1610
15171.425006,813,1602
15171.430006,974,1609
15171.435006,874,1606
15171.440005,791,1605
15171.445006,978,1605
15171.450005,930,1605
15171.455006,770,1606
15171.460006,867,1608
15171.465005,962,1606
15171.470005,777,1603
15171.475006,817,1605
15171.480007,974,1608
15171.485007,881,1606
15171.490006,794,1612
15171.495005,954,1611
15171.500007,937,1611
15171.505007,748,1613
15171.510005,882,1612
15171.515006,958,1615
15171.520006,772,1615
15171.525006,804,1619
15171.530005,972,1618
15171.535006,885,1618
15171.540007,790,1615
15171.545005,960,1618
15171.550006,925,1618
15171.555005,775,1617
15171.560007,879,1619
15171.565006,963,1615
15171.570006,767,1617
15171.575005,825,1609
15171.580006,975,1615
15171.585006,881,1616
15171.590005,794,1609
15171.595007,962,1612
15171.600006,927,1615
15171.605007,773,1613
15171.610005,873,1609
15171.615006,950,1616
15171.620006,782,1614
15171.625006,825,1614
15171.630005,981,1616
15171.635006,864,1617
15171.640006,778,1621
15171.645006,961,1618
15171.650005,928,1613
15171.655005,777,1617
15171.660006,877,1618
15171.665006,959,1616
15171.670005,773,1620
15171.675006,808,1618
15171.680005,993,1615
15171.685007,867,1619
15171.690006,804,1617
15171.695006,970,1616
15171.700006,944,1617
15171.705006,765,1616
15171.710007,867,1616
15171.715006,967,1616
15171.720007,774,1614
15171.725006,809,1615
15171.730006,987,1614
15171.735005,864,1615
15171.740005,800,1616
15171.745005,965,1619
15171.750006,945,1621
15171.755006,754,1620
15171.760006,881,1621
15171.765006,969,1616
15171.770006,773,1620
15171.775006,804,1625
15171.780005,994,1625
15171.785006,866,1622
15171.790005,798,1623
15171.795005,961,1628
15171.800005,943,1624
15171.805005,771,1617
15171.810006,882,1622
15171.815005,950,1626
15171.820007,784,1624
15171.825006,825,1623
15171.830006,976,1621
15171.835006,882,1618
15171.840005,787,1619
15171.845006,978,1619
15171.850007,937,1618
15171.855005,764,1612
15171.860006,882,1619
15171.865006,962,1622
15171.870006,763,1619
15171.875005,815,1619
15171.880005,981,1622
15171.885006,887,1618
15171.890005,783,1618
15171.895006,979,1619
15171.900006,924,1622
15171.905005,770,1616
15171.910006,866,1616
15171.915006,973,1614
15171.920006,780,1615
15171.925006,805,1616
15171.930006,986,1610
15171.935007,872,1610
15171.940007,795,1603
15171.945006,973,1606
15171.950006,921,1609
15171.955005,769,1605
15171.960006,869,1604
15171.965006,965,1602
15171.970007,767,1602
15171.975006,820,1594
15171.980006,991,1600
15171.985006,869,1603
15171.990006,779,1599
15171.995006,962,1599
15172.000006,945,1597
15172.005006,767,1599
15172.010006,865,1599
15172.015007,965,1597
15172.020006,765,1598
15172.025006,812,1597
15172.030006,980,1590
15172.035006,877,1597
15172.040006,778,1598
15172.045006,978,1599
15172.050006,927,1595
15172.055006,773,1593
15172.060006,868,1595
15172.065005,964,1593
15172.070006,768,1593
15172.075005,816,1593
15172.080006,979,1593
15172.085006,882,1588
15172.090006,793,1589
15172.095006,956,1593
15172.100006,940,1593
15172.105007,757,1594
15172.110006,872,1595
15172.115006,948,1598
15172.120006,785,1594
15172.125006,813,1594
15172.130005,973,1596
15172.135006,864,1600
15172.140005,794,1594
15172.145006,960,1596
15172.150006,940,1588
15172.155005,764,1597
15172.160006,867,1596
15172.165006,966,1596
15172.170006,777,1597
15172.175005,803,1596
15172.180005,988,1598
15172.185007,886,1596
15172.190007,782,1598
15172.195006,957,1602
15172.200005,944,1598
15172.205007,763,1599
15172.210006,857,1602
15172.215006,968,1599
15172.220006,772,1600
15172.225005,819,1603
15172.230007,987,1598
15172.235007,871,1598
15172.240006,775,1600
15172.245005,977,1597
15172.250007,933,1596
15172.255006,749,1603
15172.260006,868,1594
15172.265006,975,1597
15172.270006,775,1594
15172.275007,804,1595
15172.280007,992,1595
15172.285005,872,1594
15172.290005,791,1596
15172.295006,981,1592
15172.300007,936,1597
15172.305006,747,1598
15172.310007,865,1595
15172.315006,948,1600
15172.320006,783,1598
15172.325006,811,1599
15172.330005,992,1597
15172.335005,870,1600
15172.340006,793,1596
15172.345007,965,1602
15172.350005,922,1604
15172.355006,769,1601
15172.360006,869,1606
15172.365006,952,1599
15172.370005,784,1606
15172.375006,807,1605
15172.380006,977,1609
15172.385006,885,1600
15172.390006,784,1613
15172.395005,956,1617
15172.400007,937,1604
15172.405007,773,1610
15172.410006,876,1614
15172.415006,957,1617
15172.420006,770,1616
15172.425006,825,1616
15172.430006,989,1618
15172.435006,874,1619
15172.440006,780,1614
15172.445006,959,1617
15172.450006,926,1615
15172.455005,771,1614
15172.460005,863,1617
15172.465007,975,1614
15172.470005,783,1616
15172.475006,806,1618
15172.480006,974,1617
15172.485005,889,1614
15172.490007,795,1619
15172.495006,964,1615
15172.500006,923,1618
15172.505006,767,1613
15172.510005,866,1617
15172.515006,971,1618
15172.520005,782,1616
15172.525007,806,1619
15172.530006,975,1623
15172.535006,893,1614
15172.540007,791,1618
15172.545006,961,1616
15172.550006,927,1619
15172.555005,768,1618
15172.560006,866,1616
15172.565005,956,1617
15172.570006,773,1616
15172.575006,808,1617
15172.580006,988,1608
15172.585007,890,1618
15172.590006,782,1614
15172.595007,977,1615
15172.600005,937,1614
15172.605007,757,1613
15172.610007,876,1614
15172.615006,961,1615
15172.620005,775,1612
15172.625006,805,1612
15172.630006,972,1615
15172.635005,891,1612
15172.640006,774,1610
15172.645006,966,1609
15172.650007,926,1612
15172.655006,748,1609
15172.660006,863,1609
15172.665006,971,1607
15172.670005,780,1605
15172.675005,808,1599
15172.680005,988,1595
15172.685006,886,1605
15172.690005,780,1606
15172.695007,950,1607
15172.700005,935,1606
15172.705007,749,1606
15172.710007,869,1607
15172.715006,953,1605
15172.720006,783,1602
15172.725006,805,1604
15172.730007,996,1603
15172.735006,896,1602
15172.740006,796,1602
15172.745006,953,1603
15172.750005,924,1605
15172.755006,766,1596
15172.760006,858,1604
15172.765007,972,1602
15172.770006,779,1604
15172.775006,803,1608
15172.780005,991,1604
15172.785007,880,1607
15172.790006,793,1606
15172.795005,964,1608
15172.800006,924,1612
15172.805005,759,1609
15172.810007,869,1602
15172.815006,959,1610
15172.820006,788,1612
15172.825006,812,1613
15172.830006,974,1616
15172.835006,895,1612
15172.840006,776,1613
15172.845006,964,1612
15172.850006,929,1615
15172.855007,772,1612
15172.860007,862,1614
15172.865006,952,1615
15172.870005,781,1614
15172.875006,809,1614
15172.880006,976,1619
15172.885007,894,1617
15172.890006,782,1622
15172.895006,973,1617
15172.900006,939,1622
15172.905005,756,1625
15172.910006,854,1623
15172.915006,980,1624
15172.920006,784,1625
15172.925006,805,1629
15172.930005,995,1626
15172.935006,896,1630
15172.940006,777,1628
15172.945006,956,1628
15172.950006,944,1628
15172.955005,754,1625
15172.960005,862,1628
15172.965006,966,1621
15172.970005,788,1625
15172.975006,807,1629
15172.980006,997,1625
15172.985005,889,1624
15172.990006,778,1624
15172.995006,972,1617
15173.000006,949,1623
15173.005006,765,1623
15173.010006,870,1622
15173.015006,964,1622
15173.020006,771,1622
15173.025006,823,1620
15173.030005,985,1622
15173.035006,898,1619
15173.040006,787,1620
15173.045005,960,1619
15173.050005,930,1621
15173.055005,775,1619
15173.060006,853,1618
15173.065006,968,1615
15173.070007,783,1615
15173.075006,807,1613
15173.080005,992,1612
15173.085005,883,1609
15173.090007,792,1610
15173.095007,953,1608
15173.100006,939,1607
15173.105007,770,1608
15173.110006,851,1602
15173.115006,967,1606
15173.120006,781,1602
15173.125006,804,1603
15173.130007,995,1603
15173.135007,885,1604
15173.140006,782,1606
15173.145005,948,1603
15173.150007,947,1603
15173.155006,750,1608
15173.160005,870,1603
15173.165005,957,1609
15173.170006,792,1605
15173.175006,815,1607
15173.180006,974,1608
15173.185006,883,1605
15173.190006,789,1607
15173.195007,953,1609
15173.200007,945,1605
15173.205006,748,1609
15173.210006,866,1607
15173.215006,958,1610
15173.220006,771,1608
15173.225005,806,1605
15173.230007,993,1605
15173.235006,897,1609
15173.240007,784,1608
15173.245006,950,1608
15173.250006,942,1608
15173.255006,756,1609
15173.260005,869,1608
15173.265005,971,1609
15173.270005,778,1611
15173.275006,812,1615
15173.280006,974,1612
15173.285007,879,1615
15173.290006,794,1614
15173.295005,954,1614
15173.300005,945,1614
15173.305006,761,1616
15173.310006,849,1617
15173.315005,978,1615
15173.320006,787,1612
15173.325005,810,1612
15173.330006,993,1609
15173.335007,891,1614
15173.340006,796,1614
15173.345006,956,1613
15173.350006,930,1613
15173.355006,769,1613
15173.360006,859,1616
15173.365006,961,1615
15173.370006,774,1619
15173.375005,816,1613
15173.380006,997,1613
15173.385005,894,1614
15173.390007,768,1617
15173.395006,963,1614
15173.400006,933,1615
15173.405005,772,1614
15173.410006,852,1617
15173.415007,950,1621
15173.420006,789,1617
15173.425007,804,1617
15173.430006,976,1618
15173.435006,907,1618
15173.440005,775,1619
15173.445006,968,1620
15173.450006,924,1618
15173.455006,772,1617
15173.460007,849,1621
15173.465006,975,1620
15173.470006,776,1622
15173.475006,811,1624
15173.480007,970,1627
15173.485006,897,1627
15173.490006,772,1623
15173.495006,964,1621
15173.500006,936,1623
15173.505007,750,1625
15173.510005,866,1625
15173.515006,962,1623
15173.520006,787,1625
15173.525005,803,1627
15173.530005,998,1627
15173.535006,891,1622
15173.540006,784,1618
15173.545005,961,1621
15173.550006,926,1625
15173.555006,764,1621
15173.560007,850,1619
15173.565007,962,1618
15173.570006,799,1615
15173.575006,812,1619
15173.580005,972,1616
15173.585005,907,1612
15173.590007,786,1614
15173.595006,949,1613
15173.600006,922,1616
15173.605007,767,1610
15173.610007,843,1613
15173.615006,976,1607
15173.620006,784,1612
15173.625006,801,1609
15173.630006,988,1609
15173.635005,888,1609
15173.640006,788,1605
15173.645005,943,1608
15173.650006,934,1606
15173.655005,747,1606
15173.660006,854,1602
15173.665006,969,1604
15173.670006,789,1608
15173.675006,795,1612
15173.680006,987,1605
15173.685006,902,1603
15173.690005,779,1604
15173.695006,949,1603
15173.700006,939,1602
15173.705005,755,1599
15173.710006,842,1602
15173.715005,969,1596
15173.720006,790,1600
15173.725006,803,1600
15173.730006,970,1600
15173.735005,901,1599
15173.740007,770,1601
15173.745006,965,1596
15173.750006,930,1596
15173.755006,751,1602
15173.760006,858,1596
15173.765006,958,1597
15173.770006,795,1598
15173.775006,810,1597
15173.780005,973,1597
15173.785006,908,1594
15173.790007,780,1594
15173.795006,945,1596
15173.800007,941,1591
15173.805005,754,1589
15173.810006,854,1589
15173.815006,960,1589
15173.820006,777,1591
15173.825006,815,1587
15173.830005,978,1588
15173.835005,889,1587
15173.840006,784,1584
15173.845007,952,1587
15173.850006,922,1586
15173.855006,766,1582
15173.860007,842,1586
15173.865007,954,1585
15173.870007,798,1585
15173.875005,801,1585
15173.880006,973,1584
15173.885005,899,1584
15173.890006,772,1584
15173.895005,958,1582
15173.900006,934,1582
15173.905005,750,1583
15173.910006,833,1586
15173.915006,963,1584
15173.920006,776,1584
15173.925006,815,1583
15173.930007,972,1585
15173.935006,904,1582
15173.940006,763,1586
15173.945006,945,1584
15173.950006,920,1585
15173.955006,758,1580
15173.960006,836,1583
15173.965007,956,1574
15173.970006,780,1585
15173.975005,814,1583
15173.980006,969,1585
15173.985005,905,1585
15173.990006,766,1590
15173.995005,950,1585
15174.000007,934,1594
15174.005007,741,1598
15174.010005,844,1599
15174.015006,950,1603
15174.020006,795,1600
15174.025007,799,1601
15174.030007,991,1602
15174.035005,896,1600
15174.040005,784,1601
15174.045006,963,1602
15174.050006,931,1602
15174.055006,762,1601
15174.060007,846,1600
15174.065005,964,1602
15174.070006,777,1603
15174.075006,814,1600
15174.080006,974,1598
15174.085007,908,1595
15174.090005,774,1596
15174.095006,960,1595
15174.100006,927,1597
15174.105006,766,1594
15174.110006,837,1596
15174.115006,952,1596
15174.120005,795,1598
15174.125007,794,1597
15174.130006,988,1596
15174.135005,894,1597
15174.140006,790,1595
15174.145006,949,1598
15174.150006,922,1603
15174.155005,762,1600
15174.160006,848,1600
15174.165005,953,1602
15174.170007,799,1601
15174.175007,807,1595
15174.180006,985,1601
15174.185007,889,1601
15174.190006,787,1602
15174.195006,942,1603
15174.200006,928,1600
15174.205005,764,1599
15174.210005,832,1602
15174.215006,973,1600
15174.220006,790,1601
15174.225005,813,1602
15174.230006,978,1603
15174.235005,911,1600
15174.240006,774,1605
15174.245005,963,1602
15174.250006,931,1608
15174.255007,753,1609
15174.260006,852,1608
15174.265006,960,1602
15174.270005,783,1614
15174.275006,811,1613
15174.280005,980,1610
15174.285007,902,1613
15174.290006,768,1616
15174.295007,958,1614
15174.300006,934,1614
15174.305005,768,1615
15174.310007,843,1615
15174.315006,958,1617
15174.320006,799,1612
15174.325006,802,1611
15174.330006,997,1609
15174.335006,893,1612
15174.340006,785,1610
15174.345006,950,1611
15174.350007,926,1613
15174.355006,768,1614
15174.360006,844,1613
15174.365006,961,1615
15174.370006,798,1612
15174.375005,813,1612
15174.380005,980,1617
15174.385006,899,1617
15174.390005,779,1612
15174.395006,949,1621
15174.400007,928,1617
15174.405006,768,1616
15174.410007,837,1619
15174.415007,956,1618
15174.420005,806,1617
15174.425005,813,1620
15174.430005,983,1618
15174.435006,896,1617
15174.440006,790,1614
15174.445007,943,1617
15174.450006,925,1617
15174.455006,765,1617
15174.460006,837,1613
15174.465005,955,1614
15174.470007,785,1613
15174.475006,800,1614
15174.480007,995,1610
15174.485006,904,1610
15174.490007,769,1613
15174.495006,941,1610
15174.500005,929,1611
15174.505006,770,1606
15174.510006,839,1608
15174.515007,960,1606
15174.520006,803,1606
15174.525006,806,1607
15174.530005,975,1608
15174.535006,897,1603
15174.540006,788,1604
15174.545006,947,1602
15174.550007,943,1601
15174.555006,761,1603
15174.560006,826,1602
15174.565007,971,1598
15174.570006,780,1601
15174.575006,805,1601
15174.580006,974,1601
15174.585007,900,1596
15174.590006,781,1599
15174.595006,943,1597
15174.600005,929,1600
15174.605007,747,1601
15174.610006,844,1598
15174.615006,959,1601
15174.620006,789,1600
15174.625006,818,1596
15174.630006,979,1599
15174.635005,916,1596
15174.640006,777,1596
15174.645007,937,1596
15174.650007,941,1597
15174.655006,758,1595
15174.660007,832,1593
15174.665006,955,1597
15174.670006,804,1588
15174.675006,816,1591
15174.680005,976,1595
15174.685007,915,1593
15174.690006,765,1597
15174.695006,957,1590
15174.700006,931,1597
15174.705006,765,1594
15174.710006,827,1597
15174.715005,956,1598
15174.720006,803,1596
15174.725006,803,1595
15174.730006,971,1598
15174.735005,916,1598
15174.740006,769,1599
15174.745005,942,1597
15174.750006,928,1600
15174.755007,766,1599
15174.760007,835,1599
15174.765005,955,1601
15174.770005,805,1600
15174.775007,802,1602
15174.780006,976,1605
15174.785006,918,1602
15174.790007,778,1601
15174.795007,940,1601
15174.800006,951,1600
15174.805005,760,1603
15174.810006,832,1606
15174.815006,963,1600
15174.820006,798,1605
15174.825005,820,1602
15174.830006,975,1608
15174.835006,902,1610
15174.840005,787,1607
15174.845006,941,1609
15174.850006,926,1612
15174.855007,769,1611
15174.860007,830,1612
15174.865007,961,1614
15174.870006,810,1614
15174.875006,816,1615
15174.880006,987,1619
15174.885006,912,1621
15174.890007,772,1623
15174.895006,938,1624
15174.900007,954,1624
15174.905006,764,1627
15174.910007,830,1629
15174.915006,984,1629
15174.920005,799,1627
15174.925005,803,1632
15174.930005,994,1627
15174.935006,923,1629
15174.940006,772,1630
15174.945007,939,1630
15174.950007,934,1630
15174.955006,754,1631
15174.960007,850,1629
15174.965005,974,1628
15174.970006,802,1628
15174.975005,804,1629
15174.980006,998,1621
15174.985005,909,1628
15174.990006,768,1629
15174.995005,948,1626
15175.000007,933,1629
15175.005007,770,1627
15175.010005,838,1625
15175.015006,969,1627
15175.020005,793,1629
15175.025006,800,1628
15175.030005,998,1627
15175.035006,907,1628
15175.040007,776,1625
15175.045005,954,1625
15175.050005,939,1623
15175.055006,756,1623
15175.060007,826,1626
15175.065006,981,1621
15175.070006,811,1620
15175.075005,807,1620
15175.080006,980,1623
15175.085005,912,1621
15175.090006,767,1624
15175.095007,956,1617
15175.100005,935,1620
15175.105006,753,1612
15175.110006,842,1615
15175.115006,969,1618
15175.120005,792,1618
15175.125006,813,1612
15175.130006,983,1612
15175.135007,922,1607
15175.140007,781,1610
15175.145006,940,1608
15175.150006,941,1608
15175.155005,750,1610
15175.160006,840,1607
15175.165005,957,1608
15175.170007,806,1598
15175.175006,814,1604
15175.180006,982,1605
15175.185006,902,1607
15175.190005,766,1599
15175.195007,948,1605
15175.200006,931,1608
15175.205006,768,1600
15175.210006,834,1606
15175.215006,966,1606
15175.220007,787,1608
15175.225006,810,1605
15175.230007,975,1608
15175.235006,923,1606
15175.240005,773,1607
15175.245005,929,1608
15175.250007,939,1608
15175.255006,750,1611
15175.260006,836,1608
15175.265005,974,1610
15175.270006,794,1612
15175.275006,799,1612
15175.280006,972,1613
15175.285007,928,1613
15175.290006,772,1612
15175.295005,931,1611
15175.300005,952,1609
15175.305005,760,1613
15175.310006,819,1612
15175.315006,966,1610
15175.320006,793,1613
15175.325006,811,1603
15175.330005,976,1614
15175.335005,904,1611
15175.340005,775,1603
15175.345007,940,1607
15175.350006,928,1610
15175.355006,762,1604
15175.360005,837,1605
15175.365007,958,1605
15175.370006,803,1610
15175.375006,793,1610
15175.380006,986,1608
15175.385006,907,1610
15175.390006,782,1608
15175.395006,939,1608
15175.400006,934,1608
15175.405006,749,1609
15175.410006,820,1614
15175.415006,979,1610
15175.420006,807,1609
15175.425006,801,1612
15175.430006,995,1606
15175.435007,922,1609
15175.440006,768,1611
15175.445007,953,1608
15175.450006,938,1611
15175.455005,773,1607
15175.460006,832,1609
15175.465005,959,1612
15175.470006,806,1611
15175.475005,800,1611
15175.480006,990,1609
15175.485005,915,1612
15175.490006,785,1608
15175.495006,946,1612
15175.500005,937,1610
15175.505005,750,1612
15175.510007,837,1609
15175.515006,966,1612
15175.520006,816,1606
15175.525006,806,1615
15175.530005,978,1612
15175.535007,932,1610
15175.540006,786,1611
15175.545005,942,1611
15175.550005,938,1612
15175.555006,757,1612
15175.560007,842,1608
15175.565007,978,1606
15175.570006,803,1607
15175.575005,800,1607
15175.580006,974,1606
15175.585007,932,1603
15175.590006,770,1602
15175.595006,930,1602
15175.600006,949,1599
15175.605006,764,1600
15175.610006,833,1598
15175.615007,973,1604
15175.620006,799,1604
15175.625006,814,1602
15175.630006,994,1603
15175.635006,917,1605
15175.640007,762,1607
15175.645005,945,1607
15175.650006,945,1606
15175.655006,752,1611
15175.660006,824,1608
15175.665006,984,1610
15175.670005,807,1609
15175.675005,804,1611
15175.680005,995,1612
15175.685007,920,1609
15175.690006,769,1608
15175.695006,937,1605
15175.700005,934,1608
15175.705006,753,1607
15175.710007,815,1609
15175.715005,975,1607
15175.720007,804,1605
15175.725006,813,1605
15175.730007,975,1608
15175.735006,929,1606
15175.740006,768,1607
15175.745005,931,1608
15175.750005,932,1609
15175.755005,774,1608
15175.760006,829,1609
15175.765007,968,1611
15175.770007,816,1610
15175.775007,807,1616
15175.780007,995,1614
15175.785006,913,1616
15175.790006,782,1614
15175.795006,937,1617
15175.800007,939,1613
15175.805006,751,1618
15175.810007,816,1617
15175.815007,982,1617
15175.820006,802,1617
15175.825005,820,1613
15175.830006,979,1615
15175.835006,936,1616
15175.840005,778,1616
15175.845007,928,1617
15175.850006,938,1610
15175.855006,770,1616
15175.860005,814,1615
15175.865006,974,1613
15175.870006,817,1613
15175.875006,808,1614
15175.880007,972,1618
15175.885006,937,1611
15175.890007,767,1618
15175.895007,940,1612
15175.900005,945,1613
15175.905006,750,1616
15175.910006,815,1615
15175.915006,985,1612
15175.920005,809,1613
15175.925005,805,1613
15175.930006,990,1613
15175.935006,921,1610
15175.940005,768,1613
15175.945006,922,1614
15175.950007,942,1609
15175.955006,766,1609
15175.960006,818,1610
15175.965006,978,1608
15175.970006,808,1610
15175.975006,795,1612
15175.980005,994,1609
15175.985005,914,1611
15175.990006,778,1610
15175.995006,927,1612
15176.000006,945,1607
15176.005006,749,1612
15176.010005,834,1608
15176.015006,966,1614
15176.020005,796,1613
15176.025006,795,1611
15176.030007,973,1614
15176.035005,930,1609
15176.040005,761,1612
15176.045006,932,1608
15176.050006,941,1605
15176.055005,752,1607
15176.060006,830,1605
15176.065006,969,1600
15176.070006,800,1602
15176.075006,813,1598
15176.080005,974,1605
15176.085006,930,1600
15176.090005,767,1598
15176.095006,923,1602
15176.100006,931,1602
15176.105006,770,1602
15176.110006,822,1600
15176.115006,979,1603
15176.120007,823,1604
15176.125005,797,1605
15176.130006,989,1606
15176.135006,927,1608
15176.140006,763,1612
15176.145007,934,1604
15176.150007,934,1613
15176.155006,759,1615
15176.160006,808,1614
15176.165006,978,1616
15176.170006,801,1618
15176.175007,807,1618
15176.180005,975,1617
15176.185006,927,1616
15176.190007,771,1615
15176.195006,923,1612
15176.200005,952,1607
15176.205006,763,1605
15176.210006,825,1608
15176.215005,974,1608
15176.220006,802,1608
15176.225005,812,1606
15176.230006,984,1608
15176.235005,914,1606
15176.240006,784,1606
15176.245006,935,1605
15176.250006,941,1605
15176.255005,753,1606
15176.260006,811,1609
15176.265007,964,1609
15176.270006,826,1609
15176.275007,801,1611
15176.280006,988,1605
15176.285006,931,1615
15176.290006,771,1612
15176.295006,920,1614
15176.300007,931,1614
15176.305005,762,1616
15176.310007,821,1606
15176.315006,977,1613
15176.320007,806,1615
15176.325006,801,1611
15176.330005,995,1616
15176.335006,921,1617
15176.340005,775,1611
15176.345006,936,1615
15176.350006,938,1616
15176.355006,761,1616
15176.360006,816,1619
15176.365006,979,1611
15176.370006,804,1618
15176.375006,809,1615
15176.380006,983,1615
15176.385006,922,1616
15176.390007,778,1611
15176.395005,929,1615
15176.400005,954,1612
15176.405005,752,1616
15176.410006,809,1614
15176.415006,982,1614
15176.420006,808,1613
15176.425006,818,1608
15176.430006,988,1610
15176.435006,916,1610
15176.440006,774,1611
15176.445006,934,1609
15176.450005,950,1609
15176.455006,752,1613
15176.460006,830,1608
15176.465005,968,1609
15176.470006,822,1610
15176.475006,797,1608
15176.480007,969,1611
15176.485006,923,1609
15176.490006,760,1611
15176.495006,935,1609
15176.500006,939,1610
15176.505007,747,1615
15176.510005,833,1612
15176.515006,964,1613
15176.520006,808,1616
15176.525006,811,1611
15176.530006,978,1614
15176.535007,917,1612
15176.540005,779,1615
15176.545007,923,1616
15176.550007,953,1611
15176.555005,755,1613
15176.560007,811,1613
15176.565006,975,1611
15176.570006,814,1613
15176.575006,795,1615
15176.580006,995,1611
15176.585005,922,1611
15176.590005,782,1609
15176.595006,936,1612
15176.600005,939,1612
15176.605006,773,1608
15176.610005,823,1611
15176.615006,963,1614
15176.620005,831,1612
15176.625006,806,1614
15176.630006,972,1614
15176.635005,926,1610
15176.640007,782,1606
15176.645007,926,1612
15176.650006,930,1612
15176.655005,773,1607
15176.660005,823,1610
15176.665005,966,1609
15176.670006,808,1610
15176.675006,809,1601
15176.680006,977,1607
15176.685006,928,1606
15176.690005,761,1608
15176.695006,925,1608
15176.700007,933,1609
15176.705006,766,1606
15176.710007,822,1605
15176.715006,964,1610
15176.720006,828,1609
15176.725006,793,1610
15176.730006,993,1609
15176.735006,931,1608
15176.740007,767,1608
15176.745007,916,1610
15176.750006,948,1608
15176.755007,751,1613
15176.760005,823,1606
15176.765006,977,1612
15176.770005,808,1611
15176.775005,804,1615
15176.780006,994,1612
15176.785006,925,1615
15176.790007,766,1618
15176.795005,913,1617
15176.800005,943,1620
15176.805006,769,1614
15176.810006,820,1619
15176.815005,981,1610
15176.820006,817,1619
15176.825005,811,1619
15176.830007,987,1620
15176.835006,931,1621
15176.840005,775,1621
15176.845006,921,1623
15176.850005,950,1623
15176.855006,749,1626
15176.860006,826,1624
15176.865007,966,1629
15176.870007,819,1624
15176.875006,798,1625
15176.880005,985,1627
15176.885007,917,1627
15176.890005,778,1626
15176.895005,917,1629
15176.900007,952,1627
15176.905006,757,1628
15176.910006,837,1629
15176.915006,968,1628
15176.920007,810,1628
15176.925006,813,1625
15176.930006,976,1625
15176.935007,940,1625
15176.940005,767,1622
15176.945006,931,1620
15176.950006,945,1621
15176.955006,752,1624
15176.960006,830,1619
15176.965006,973,1618
15176.970006,832,1617
15176.975006,801,1617
15176.980007,969,1619
15176.985006,924,1614
15176.990006,761,1616
15176.995006,929,1615
15177.000005,946,1614
15177.005005,756,1616
15177.010006,836,1613
15177.015006,970,1614
15177.020007,828,1608
15177.025007,800,1613
15177.030007,971,1613
15177.035006,930,1611
15177.040006,765,1609
15177.045006,911,1610
15177.050006,950,1604
15177.055006,755,1606
15177.060006,829,1603
15177.065006,970,1602
15177.070007,831,1599
15177.075006,797,1599
15177.080006,988,1600
15177.085006,929,1600
15177.090005,765,1601
15177.095006,908,1605
15177.100005,953,1601
15177.105006,759,1604
15177.110006,814,1597
15177.115006,962,1604
15177.120005,830,1603
15177.125006,798,1601
15177.130007,970,1604
15177.135006,925,1599
15177.140007,763,1601
15177.145005,929,1598
15177.150006,948,1599
15177.155006,751,1599
15177.160006,810,1600
15177.165006,976,1597
15177.170006,829,1596
15177.175007,810,1596
15177.180006,971,1598
15177.185006,925,1598
15177.190005,777,1594
15177.195006,914,1597
15177.200006,932,1597
15177.205006,766,1596
15177.210006,817,1598
15177.215005,959,1601
15177.220006,831,1597
15177.225006,796,1597
15177.230007,986,1595
15177.235007,910,1599
15177.240005,767,1595
15177.245006,926,1596
15177.250006,944,1598
15177.255006,746,1600
15177.260005,807,1598
15177.265007,980,1592
15177.270006,811,1597
15177.275006,805,1595
15177.280006,969,1596
15177.285007,935,1594
15177.290006,758,1596
15177.295005,910,1598
15177.300006,948,1592
15177.305006,763,1596
15177.310007,825,1593
15177.315007,961,1597
15177.320006,824,1592
15177.325005,804,1588
15177.330007,969,1591
15177.335005,929,1591
15177.340007,765,1586
15177.345006,921,1587
15177.350005,942,1588
15177.355006,760,1580
15177.360006,815,1589
15177.365006,976,1591
15177.370007,815,1591
15177.375006,785,1595
15177.380006,980,1595
15177.385005,912,1602
15177.390005,781,1599
15177.395005,917,1601
15177.400006,931,1603
15177.405005,763,1604
15177.410006,832,1606
15177.415005,974,1608
15177.420007,814,1610
15177.425007,807,1611
15177.430006,969,1614
15177.435006,935,1612
15177.440005,757,1616
15177.445007,928,1611
15177.450007,937,1608
15177.455006,766,1611
15177.460007,808,1611
15177.465006,977,1608
15177.470007,817,1608
15177.475006,800,1609
15177.480006,987,1602
15177.485005,926,1610
15177.490007,759,1611
15177.495006,926,1607
15177.500006,933,1613
15177.505006,771,1613
15177.510005,816,1615
15177.515006,983,1616
15177.520006,820,1616
15177.525006,808,1618
15177.530005,979,1619
15177.535007,918,1619
15177.540007,777,1621
15177.545006,918,1620
15177.550006,954,1621
15177.555006,754,1624
15177.560006,811,1631
15177.565005,981,1626
15177.570007,828,1624
15177.575006,796,1626
15177.580006,999,1626
15177.585006,929,1626
15177.590006,768,1628
15177.595007,929,1629
15177.600006,942,1629
15177.605007,770,1627
15177.610006,819,1627
15177.615006,979,1626
15177.620006,826,1626
15177.625006,803,1626
15177.630005,975,1626
15177.635007,936,1623
15177.640006,769,1619
15177.645006,909,1621
15177.650006,955,1613
15177.655005,768,1618
15177.660006,816,1615
15177.665005,968,1618
15177.670007,837,1613
15177.675006,807,1612
15177.680006,977,1610
15177.685007,921,1614
15177.690006,780,1606
15177.695007,912,1609
15177.700007,958,1602
15177.705007,762,1606
15177.710007,813,1604
15177.715006,988,1599
15177.720006,824,1603
15177.725006,789,1605
15177.730007,993,1602
15177.735007,919,1603
15177.740006,759,1604
15177.745006,924,1605
15177.750006,942,1602
15177.755006,753,1603
15177.760006,831,1604
15177.765007,968,1603
15177.770006,818,1606
15177.775006,813,1603
15177.780006,974,1604
15177.785007,930,1602
15177.790006,771,1598
15177.795006,921,1603
15177.800007,938,1603
15177.805006,750,1603
15177.810007,819,1598
15177.815006,971,1602
15177.820006,838,1597
15177.825006,791,1596
15177.830005,990,1589
15177.835005,925,1590
15177.840007,762,1591
15177.845007,919,1588
15177.850006,943,1592
15177.855006,753,1588
15177.860006,826,1589
15177.865006,981,1589
15177.870006,824,1591
15177.875006,786,1594
15177.880006,982,1588
15177.885006,917,1594
15177.890006,782,1592
15177.895005,909,1594
15177.900006,935,1596
15177.905005,765,1595
15177.910006,830,1597
15177.915007,967,1600
15177.920006,821,1599
15177.925006,809,1597
15177.930006,978,1604
15177.935006,917,1601
15177.940006,783,1599
15177.945007,913,1597
15177.950006,941,1601
15177.955007,773,1598
15177.960007,815,1597
15177.965005,965,1597
15177.970007,842,1597
15177.975007,795,1597
15177.980005,975,1595
15177.985006,932,1597
15177.990007,774,1591
15177.995006,920,1595
15178.000006,953,1599
15178.005006,758,1596
15178.010006,807,1601
15178.015006,984,1594
15178.020006,834,1602
15178.025006,789,1603
15178.030006,986,1602
15178.035006,933,1600
15178.040007,765,1601
15178.045006,921,1595
15178.050006,950,1601
15178.055006,760,1601
15178.060006,812,1604
15178.065006,964,1601
15178.070007,841,1600
15178.075006,798,1600
15178.080006,972,1600
15178.085007,932,1591
15178.090005,782,1600
15178.095006,915,1601
15178.100005,942,1599
15178.105006,752,1597
15178.110006,817,1601
15178.115006,965,1605
15178.120005,841,1603
15178.125006,796,1604
15178.130006,996,1603
15178.135007,932,1606
15178.140007,764,1605
15178.145005,923,1609
15178.150006,946,1610
15178.155005,754,1614
15178.160006,834,1609
15178.165006,976,1607
15178.170005,825,1608
15178.175005,808,1606
15178.180005,970,1610
15178.185007,934,1598
15178.190006,766,1600
15178.195006,899,1606
15178.200006,956,1601
15178.205006,751,1601
15178.210006,832,1596
15178.215005,980,1596
15178.220006,823,1598
15178.225006,789,1600
15178.230007,993,1597
15178.235007,935,1599
15178.240005,760,1597
15178.245005,921,1602
15178.250006,952,1600
15178.255005,751,1605
15178.260006,830,1603
15178.265006,982,1603
15178.270005,832,1606
15178.275006,787,1609
15178.280005,969,1612
15178.285007,932,1607
15178.290005,763,1612
15178.295006,900,1613
15178.300007,960,1612
15178.305007,763,1612
15178.310006,829,1610
15178.315005,977,1614
15178.320006,848,1611
15178.325006,794,1614
15178.330006,988,1612
15178.335006,924,1613
15178.340006,761,1611
15178.345006,918,1610
15178.350006,943,1608
15178.355006,753,1610
15178.360005,821,1610
15178.365006,994,1606
15178.370006,835,1606
15178.375005,804,1603
15178.380005,970,1606
15178.385006,933,1606
15178.390006,763,1608
15178.395005,917,1608
15178.400006,940,1609
15178.405006,778,1606
15178.410006,822,1606
15178.415006,971,1607
15178.420006,847,1608
15178.425007,797,1605
15178.430006,967,1610
15178.435006,929,1608
15178.440006,761,1607
15178.445006,919,1607
15178.450007,949,1608
15178.455005,752,1611
15178.460006,832,1610
15178.465005,980,1610
15178.470006,844,1612
15178.475005,795,1616
15178.480006,987,1610
15178.485005,926,1613
15178.490006,760,1614
15178.495005,921,1614
15178.500006,949,1615
15178.505006,756,1617
15178.510005,812,1616
15178.515007,991,1609
15178.520006,846,1615
15178.525007,797,1614
15178.530006,986,1612
15178.535006,932,1615
15178.540006,760,1615
15178.545005,913,1613
15178.550006,947,1611
15178.555005,764,1611
15178.560007,809,1614
15178.565007,984,1611
15178.570006,840,1613
15178.575006,787,1611
15178.580005,987,1608
15178.585006,928,1606
15178.590006,758,1610
15178.595007,919,1604
15178.600006,954,1606
15178.605006,761,1604
15178.610005,815,1608
15178.615006,966,1605
15178.620006,850,1604
15178.625005,794,1606
15178.630005,971,1611
15178.635006,937,1608
15178.640006,765,1613
15178.645005,898,1610
15178.650007,960,1608
15178.655006,770,1610
15178.660006,815,1613
15178.665006,970,1614
15178.670006,848,1611
15178.675006,797,1609
15178.680006,969,1611
15178.685007,921,1609
15178.690006,759,1610
15178.695006,923,1601
15178.700005,947,1608
15178.705005,757,1608
15178.710005,818,1597
15178.715006,983,1603
15178.720006,829,1603
15178.725005,801,1603
15178.730007,975,1605
15178.735007,928,1604
15178.740005,763,1602
15178.745005,897,1603
15178.750006,957,1597
15178.755006,770,1602
15178.760005,819,1605
15178.765006,975,1605
15178.770005,833,1605
15178.775006,788,1608
15178.780006,990,1604
15178.785006,920,1606
15178.790006,774,1606
15178.795006,892,1609
15178.800006,942,1606
15178.805006,769,1603
15178.810006,812,1610
15178.815006,991,1608
15178.820006,845,1606
15178.825005,790,1608
15178.830006,969,1612
15178.835007,930,1609
15178.840006,764,1613
15178.845007,894,1612
15178.850005,959,1611
15178.855006,762,1612
15178.860006,817,1609
15178.865007,987,1613
15178.870006,834,1613
15178.875005,804,1614
15178.880005,977,1614
15178.885006,937,1611
15178.890007,779,1613
15178.895006,902,1614
15178.900006,949,1605
15178.905005,764,1612
15178.910007,832,1612
15178.915006,979,1611
15178.920005,830,1616
15178.925005,802,1615
15178.930005,971,1613
15178.935006,934,1604
15178.940006,770,1610
15178.945006,895,1612
15178.950006,957,1605
15178.955006,766,1611
15178.960006,816,1610
15178.965005,968,1609
15178.970006,853,1605
15178.975006,803,1608
15178.980006,968,1611
15178.985005,923,1606
15178.990006,778,1609
15178.995005,898,1607
15179.000006,957,1602
15179.005006,771,1605
15179.010005,820,1605
15179.015006,972,1608
15179.020006,835,1608
15179.025007,787,1606
15179.030006,987,1607
15179.035006,923,1604
15179.040006,759,1604
15179.045005,910,1605
15179.050005,943,1605
15179.055005,778,1602
15179.060007,813,1603
15179.065006,972,1602
15179.070006,855,1603
15179.075006,789,1603
15179.080005,969,1607
15179.085006,922,1603
15179.090005,780,1604
15179.095006,906,1603
15179.100005,948,1606
15179.105006,772,1606
15179.110005,829,1608
15179.115006,974,1609
15179.120006,835,1609
15179.125005,798,1600
15179.130005,969,1610
15179.135006,942,1607
15179.140006,770,1606
15179.145006,899,1611
15179.150007,941,1610
15179.155007,772,1608
15179.160005,816,1609
15179.165006,982,1613
15179.170005,837,1613
15179.175006,806,1608
15179.180005,983,1605
15179.185006,929,1608
15179.190006,765,1606
15179.195006,915,1602
15179.200006,954,1602
15179.205005,758,1602
15179.210005,814,1601
15179.215006,967,1600
15179.220007,853,1597
15179.225006,789,1599
15179.230006,983,1595
15179.235006,930,1594
15179.240006,753,1593
15179.245006,902,1591
15179.250006,936,1594
15179.255006,752,1592
15179.260006,824,1588
15179.265006,977,1592
15179.270006,832,1593
15179.275006,805,1590
15179.280006,979,1593
15179.285005,921,1593
15179.290006,768,1589
15179.295005,897,1592
15179.300005,942,1590
15179.305005,766,1591
15179.310007,809,1589
15179.315006,969,1591
15179.320005,858,1585
15179.325005,785,1587
15179.330006,979,1588
15179.335006,925,1586
15179.340006,750,1588
15179.345007,899,1583
15179.350006,941,1588
15179.355006,749,1587
15179.360006,814,1585
15179.365006,966,1589
15179.370006,831,1585
15179.375005,785,1591
15179.380005,971,1580
15179.385006,917,1590
15179.390006,772,1588
15179.395006,889,1589
15179.400006,937,1594
15179.405006,772,1592
15179.410006,811,1592
15179.415006,963,1598
15179.420006,835,1593
15179.425006,803,1595
15179.430005,964,1597
15179.435007,940,1593
15179.440006,762,1593
15179.445006,880,1599
15179.450006,935,1597
15179.455006,765,1597
15179.460006,817,1596
15179.465006,971,1595
15179.470007,855,1596
15179.475006,780,1598
15179.480006,974,1598
15179.485006,918,1599
15179.490007,777,1596
15179.495006,887,1601
15179.500006,938,1605
15179.505007,765,1602
15179.510006,816,1606
15179.515006,972,1606
15179.520005,835,1612
15179.525006,804,1612
15179.530006,966,1609
15179.535006,938,1608
15179.540007,768,1606
15179.545005,899,1613
15179.550006,943,1615
15179.555005,763,1610
15179.560006,808,1619
15179.565005,969,1618
15179.570006,853,1614
15179.575006,786,1617
15179.580006,965,1619
15179.585006,939,1616
15179.590005,758,1619
15179.595006,900,1616
15179.600005,947,1617
15179.605006,776,1618
15179.610006,810,1620
15179.615007,968,1623
15179.620006,857,1620
15179.625006,784,1627
15179.630007,989,1622
15179.635005,933,1622
15179.640007,768,1619
15179.645005,889,1622
15179.650005,944,1623
15179.655006,772,1618
15179.660007,807,1620
15179.665006,990,1618
15179.670006,847,1621
15179.675006,787,1617
15179.680006,990,1617
15179.685006,935,1617
15179.690006,757,1618
15179.695006,902,1616
15179.700005,945,1616
15179.705006,775,1613
15179.710006,809,1613
15179.715005,969,1611
15179.720006,863,1609
15179.725006,797,1610
15179.730006,973,1606
15179.735006,938,1605
15179.740007,777,1605
15179.745006,887,1606
15179.750005,942,1608
15179.755005,773,1608
15179.760006,816,1606
15179.765006,978,1603
15179.770006,840,1608
15179.775006,798,1602
15179.780005,988,1608
15179.785006,927,1608
15179.790006,763,1606
15179.795005,884,1608
15179.800005,940,1611
15179.805005,772,1606
15179.810007,818,1608
15179.815006,972,1608
15179.820007,863,1608
15179.825006,792,1608
15179.830006,968,1609
15179.835006,938,1604
15179.840007,760,1608
15179.845006,887,1610
15179.850005,944,1610
15179.855006,776,1610
15179.860006,810,1611
15179.865006,982,1608
15179.870006,871,1610
15179.875006,792,1613
15179.880006,966,1618
15179.885006,936,1614
15179.890006,780,1613
15179.895006,904,1615
15179.900006,957,1619
15179.905005,758,1619
15179.910006,824,1617
15179.915006,980,1620
15179.920005,851,1621
15179.925005,791,1620
15179.930005,977,1613
15179.935007,933,1620
15179.940007,764,1619
15179.945006,880,1624
15179.950005,957,1621
15179.955007,762,1620
15179.960007,829,1621
15179.965006,976,1617
15179.970006,861,1617
15179.975005,788,1619
15179.980007,987,1617
15179.985006,931,1614
15179.990006,752,1616
15179.995006,896,1615
15180.000005,955,1613
15180.005005,756,1617
15180.010006,828,1613
15180.015007,987,1612
15180.020005,854,1610
15180.025006,803,1610
15180.030005,967,1611
15180.035006,938,1611
15180.040006,762,1610
15180.045006,877,1612
15180.050006,957,1613
15180.055005,765,1612
15180.060006,805,1613
15180.065006,987,1612
15180.070007,849,1614
15180.075006,790,1611
15180.080006,984,1611
15180.085006,927,1611
15180.090006,749,1613
15180.095007,895,1610
15180.100005,956,1608
15180.105006,760,1610
15180.110005,825,1609
15180.115007,968,1611
15180.120006,862,1609
15180.125006,789,1606
15180.130006,971,1599
15180.135006,943,1608
15180.140007,771,1609
15180.145005,883,1609
15180.150006,945,1612
15180.155005,778,1611
15180.160007,809,1611
15180.165006,970,1611
15180.170005,859,1608
15180.175006,788,1615
15180.180005,962,1614
15180.185007,933,1612
15180.190005,755,1619
15180.195006,899,1609
15180.200005,956,1608
15180.205007,767,1613
15180.210007,814,1612
15180.215006,969,1615
15180.220006,863,1609
15180.225006,788,1613
15180.230006,965,1614
15180.235006,938,1614
15180.240005,751,1613
15180.245005,894,1614
15180.250007,954,1614
15180.255006,755,1616
15180.260006,823,1611
15180.265006,969,1614
15180.270005,869,1610
15180.275006,782,1615
15180.280005,984,1616
15180.285007,926,1613
15180.290006,756,1615
15180.295006,892,1606
15180.300006,960,1606
15180.305005,757,1615
15180.310006,816,1612
15180.315005,976,1613
15180.320007,853,1611
15180.325005,806,1612
15180.330006,976,1610
15180.335007,923,1611
15180.340006,768,1605
15180.345007,886,1612
15180.350006,945,1614
15180.355006,761,1616
15180.360005,824,1614
15180.365006,988,1610
15180.370005,856,1613
15180.375007,781,1617
15180.380006,986,1612
15180.385006,927,1615
15180.390007,754,1615
15180.395005,876,1619
15180.400006,966,1614
15180.405005,773,1617
15180.410007,808,1618
15180.415007,991,1615
15180.420005,851,1617
15180.425005,802,1612
15180.430005,982,1613
15180.435006,933,1613
15180.440005,763,1612
15180.445006,877,1614
15180.450005,965,1607
15180.455006,770,1608
15180.460006,808,1609
15180.465006,971,1609
15180.470006,870,1608
15180.475006,786,1606
15180.480007,983,1604
15180.485006,931,1606
15180.490007,756,1604
15180.495006,879,1607
15180.500006,963,1607
15180.505006,776,1604
15180.510005,808,1608
15180.515007,970,1609
15180.520005,868,1599
15180.525006,801,1610
15180.530005,965,1610
15180.535006,944,1615
15180.540006,768,1614
15180.545005,879,1614
15180.550006,954,1614
15180.555005,758,1616
15180.560006,823,1618
15180.565005,982,1615
15180.570007,851,1616
15180.575006,798,1613
15180.580005,976,1614
15180.585005,924,1620
15180.590007,751,1617
15180.595007,892,1615
15180.600005,953,1615
15180.605006,779,1612
15180.610006,825,1615
15180.615005,984,1612
15180.620005,863,1613
15180.625006,786,1616
15180.630005,964,1616
15180.635006,945,1612
15180.640007,771,1613
15180.645006,881,1612
15180.650006,950,1613
15180.655006,763,1611
15180.660006,825,1610
15180.665005,969,1614
15180.670006,852,1611
15180.675006,794,1609
15180.680007,969,1610
15180.685005,930,1608
15180.690006,772,1606
15180.695007,882,1606
15180.700007,958,1607
15180.705006,777,1605
15180.710006,801,1607
15180.715005,989,1606
15180.720005,862,1608
15180.725006,778,1605
15180.730007,976,1597
15180.735006,930,1606
15180.740007,751,1608
15180.745006,884,1603
15180.750005,961,1608
15180.755005,777,1607
15180.760006,807,1608
15180.765006,966,1611
15180.770005,872,1611
15180.775006,783,1609
15180.780006,973,1607
15180.785006,924,1607
15180.790006,750,1610
15180.795006,867,1604
15180.800006,958,1606
15180.805006,764,1602
15180.810007,824,1599
15180.815007,973,1599
15180.820005,871,1596
15180.825005,773,1597
15180.830006,973,1596
15180.835007,917,1593
15180.840005,763,1590
15180.845006,877,1583
15180.850006,953,1587
15180.855006,757,1588
15180.860006,799,1586
15180.865006,979,1584
15180.870005,854,1588
15180.875006,792,1585
15180.880006,967,1586
15180.885005,917,1585
15180.890006,746,1587
15180.895006,877,1586
15180.900005,950,1586
15180.905005,762,1587
15180.910007,805,1586
15180.915006,990,1582
15180.920005,870,1585
15180.925005,787,1586
15180.930006,957,1587
15180.935007,936,1586
15180.940007,758,1586
15180.945006,868,1587
15180.950006,942,1591
15180.955005,780,1585
15180.960005,816,1587
15180.965006,977,1588
15180.970005,860,1589
15180.975005,779,1592
15180.980006,974,1593
15180.985006,919,1595
15180.990006,769,1593
15180.995006,874,1597
15181.000005,951,1597
15181.005005,761,1600
15181.010006,829,1600
15181.015007,986,1603
15181.020007,862,1606
15181.025005,801,1606
15181.030006,975,1606
15181.035006,930,1606
15181.040006,771,1606
15181.045006,874,1610
15181.050006,970,1611
15181.055005,775,1608
15181.060006,809,1609
15181.065005,976,1615
15181.070006,867,1612
15181.075005,781,1612
15181.080006,978,1610
15181.085006,929,1609
15181.090005,776,1611
15181.095006,876,1611
15181.100006,957,1611
15181.105007,779,1611
15181.110006,816,1613
15181.115007,972,1614
15181.120006,885,1612
15181.125007,788,1615
15181.130007,973,1621
15181.135005,924,1618
15181.140006,769,1616
15181.145006,865,1613
15181.150006,962,1610
15181.155006,764,1618
15181.160006,820,1613
15181.165005,976,1615
15181.170006,881,1610
15181.175006,801,1611
15181.180005,970,1611
15181.185007,927,1612
15181.190006,751,1614
15181.195006,884,1609
15181.200005,950,1612
15181.205006,783,1610
15181.210006,811,1609
15181.215005,972,1612
15181.220007,878,1611
15181.225005,788,1610
15181.230006,981,1610
15181.235005,926,1612
15181.240006,771,1609
15181.245006,866,1611
15181.250006,951,1614
15181.255007,787,1611
15181.260006,820,1611
15181.265006,979,1613
15181.270006,867,1617
15181.275006,801,1610
15181.280005,960,1618
15181.285006,946,1614
15181.290006,762,1615
15181.295006,865,1618
15181.300006,977,1616
15181.305006,774,1618
15181.310007,812,1618
15181.315006,980,1620
15181.320007,890,1618
15181.325006,783,1618
15181.330005,985,1618
15181.335005,931,1618
15181.340006,752,1619
15181.345006,885,1614
15181.350006,959,1617
15181.355006,784,1614
15181.360005,817,1614
15181.365006,984,1616
15181.370006,866,1613
15181.375005,801,1613
15181.380005,961,1612
15181.385006,945,1610
15181.390006,763,1608
15181.395005,860,1612
15181.400006,968,1607
15181.405005,771,1611
15181.410006,819,1606
15181.415006,984,1606
15181.420005,863,1612
15181.425006,799,1604
15181.430005,957,1611
15181.435006,923,1608
15181.440005,766,1605
15181.445007,873,1604
15181.450007,955,1605
15181.455006,764,1604
15181.460005,819,1605
15181.465006,987,1604
15181.470007,877,1603
15181.475006,780,1601
15181.480006,956,1605
15181.485006,941,1600
15181.490006,762,1602
15181.495005,862,1604
15181.500006,946,1603
15181.505007,779,1600
15181.510005,804,1603
15181.515007,972,1597
15181.520006,882,1600
15181.525006,780,1599
15181.530005,958,1600
15181.535006,934,1592
15181.540007,760,1599
15181.545006,875,1598
15181.550006,946,1596
15181.555006,763,1598
15181.560007,822,1596
15181.565006,977,1596
15181.570006,868,1601
15181.575006,796,1593
15181.580006,973,1594
15181.585006,923,1594
15181.590005,766,1594
15181.595006,857,1595
15181.600006,945,1598
15181.605006,774,1597
15181.610005,805,1597
15181.615006,968,1597
15181.620006,878,1600
15181.625006,781,1599
15181.630006,956,1603
15181.635005,943,1606
15181.640005,760,1604
15181.645005,862,1606
15181.650006,973,1606
15181.655005,772,1611
15181.660006,816,1613
15181.665007,982,1613
15181.670005,867,1616
15181.675005,795,1615
15181.680005,958,1617
15181.685006,946,1613
15181.690006,758,1615
15181.695006,859,1617
15181.700006,953,1612
15181.705006,784,1617
15181.710007,804,1618
15181.715007,988,1613
15181.720006,880,1614
15181.725006,774,1616
15181.730006,966,1616
15181.735006,925,1616
15181.740006,767,1616
15181.745005,866,1618
15181.750006,949,1617
15181.755006,779,1618
15181.760007,825,1614
15181.765006,987,1618
15181.770006,885,1613
15181.775007,795,1617
15181.780006,968,1617
15181.785007,925,1621
15181.790007,764,1620
15181.795006,865,1619
15181.800006,950,1624
15181.805006,786,1620
15181.810007,802,1622
15181.815006,991,1620
15181.820006,873,1623
15181.825005,792,1619
15181.830006,956,1623
15181.835006,926,1622
15181.840006,752,1619
15181.845007,872,1621
15181.850006,955,1621
15181.855007,785,1622
15181.860006,813,1621
15181.865005,993,1619
15181.870006,874,1620
15181.875006,796,1620
15181.880006,963,1620
15181.885006,923,1620
15181.890006,761,1618
15181.895005,854,1620
15181.900006,971,1619
15181.905006,770,1619
15181.910007,820,1615
15181.915006,973,1620
15181.920005,882,1616
15181.925006,777,1619
15181.930006,974,1616
15181.935006,930,1616
15181.940006,771,1617
15181.945006,852,1618
15181.950006,962,1614
15181.955006,793,1611
15181.960006,805,1618
15181.965007,979,1620
15181.970006,874,1618
15181.975005,773,1620
15181.980007,966,1614
15181.985007,927,1618
15181.990006,751,1621
15181.995005,872,1616
15182.000006,959,1623
15182.005006,796,1620
15182.010007,813,1621
15182.015007,977,1620
15182.020005,902,1617
15182.025007,783,1618
15182.030006,955,1622
15182.035007,942,1616
15182.040007,755,1617
15182.045006,876,1618
15182.050007,961,1616
15182.055006,788,1615
15182.060006,809,1615
15182.065006,997,1619
15182.070006,883,1614
15182.075005,772,1617
15182.080006,972,1614
15182.085006,931,1611
15182.090007,751,1614
15182.095006,874,1609
15182.100005,960,1612
15182.105006,794,1610
15182.110006,811,1608
15182.115006,974,1610
15182.120007,890,1610
15182.125005,772,1609
15182.130006,969,1610
15182.135005,931,1609
15182.140007,749,1613
15182.145006,862,1610
15182.150006,975,1608
15182.155006,767,1613
15182.160006,811,1609
15182.165007,996,1610
15182.170006,882,1610
15182.175007,776,1612
15182.180005,951,1614
15182.185006,940,1608
15182.190006,757,1613
15182.195007,861,1610
15182.200007,952,1614
15182.205006,790,1610
15182.210006,811,1608
15182.215006,969,1612
15182.220006,894,1609
15182.225006,774,1610
15182.230007,970,1608
15182.235006,925,1608
15182.240007,768,1606
15182.245007,850,1607
15182.250006,950,1604
15182.255006,788,1603
15182.260006,806,1604
15182.265006,988,1601
15182.270006,890,1599
15182.275006,771,1603
15182.280005,968,1596
15182.285006,928,1598
15182.290006,747,1597
15182.295006,860,1592
15182.300006,968,1594
15182.305006,776,1591
15182.310007,799,1592
15182.315007,990,1587
15182.320006,881,1589
15182.325005,773,1587
15182.330006,970,1584
15182.335006,926,1588
15182.340005,760,1577
15182.345006,854,1584
15182.350007,955,1585
15182.355005,770,1587
15182.360006,797,1586
15182.365006,988,1583
15182.370006,881,1587
15182.375005,769,1591
15182.380005,963,1589
15182.385007,926,1591
15182.390006,767,1592
15182.395006,855,1590
15182.400007,954,1595
15182.405006,772,1595
15182.410006,815,1589
15182.415007,983,1594
15182.420006,880,1599
15182.425006,784,1596
15182.430006,961,1592
15182.435006,941,1595
15182.440005,753,1594
15182.445006,842,1596
15182.450006,975,1589
15182.455005,773,1595
15182.460006,817,1588
15182.465005,981,1591
15182.470006,895,1590
15182.475005,768,1590
15182.480006,965,1589
15182.485006,924,1592
15182.490006,768,1587
15182.495005,847,1593
15182.500006,973,1589
15182.505006,785,1590
15182.510006,810,1593
15182.515005,968,1595
15182.520006,900,1589
15182.525006,769,1593
15182.530005,964,1596
15182.535006,922,1600
15182.540006,754,1589
15182.545005,858,1601
15182.550006,954,1597
15182.555006,770,1602
15182.560006,824,1600
15182.565005,990,1600
15182.570006,886,1603
15182.575006,768,1604
15182.580005,965,1598
15182.585005,935,1598
15182.590006,749,1603
15182.595006,859,1594
15182.600006,965,1601
15182.605006,776,1600
15182.610006,821,1600
15182.615007,985,1601
15182.620007,894,1602
15182.625006,769,1604
15182.630007,957,1603
15182.635007,923,1610
15182.640007,762,1604
15182.645005,845,1606
15182.650006,960,1607
15182.655006,779,1609
15182.660006,801,1612
15182.665006,990,1608
15182.670005,901,1609
15182.675006,774,1609
15182.680006,959,1609
15182.685006,928,1610
15182.690006,764,1612
15182.695007,848,1612
15182.700007,971,1612
15182.705005,783,1611
15182.710005,799,1615
15182.715006,987,1610
15182.720006,889,1613
15182.725005,796,1610
15182.730006,958,1610
15182.735007,926,1618
15182.740005,746,1618
15182.745005,859,1618
15182.750006,961,1616
15182.755006,782,1618
15182.760006,804,1618
15182.765006,1002,1614
15182.770005,890,1619
15182.775006,793,1620
15182.780007,957,1619
15182.785006,927,1622
15182.790006,775,1617
15182.795006,852,1619
15182.800006,957,1622
15182.805006,780,1619
15182.810006,824,1619
15182.815005,984,1616
15182.820006,890,1616
15182.825006,777,1613
15182.830005,953,1612
15182.835005,937,1614
15182.840006,750,1614
15182.845006,853,1610
15182.850006,963,1611
15182.855006,781,1608
15182.860006,817,1608
15182.865006,985,1610
15182.870006,893,1614
15182.875005,772,1611
15182.880006,963,1609
15182.885005,933,1613
15182.890006,756,1611
15182.895005,841,1616
15182.900006,976,1612
15182.905005,801,1611
15182.910006,811,1612
15182.915006,993,1606
15182.920005,910,1611
15182.925005,777,1609
15182.930005,943,1612
15182.935006,934,1604
15182.940006,768,1608
15182.945006,846,1605
15182.950005,961,1611
15182.955006,779,1605
15182.960006,820,1604
15182.965006,979,1604
15182.970006,909,1601
15182.975006,789,1603
15182.980006,950,1604
15182.985005,927,1606
15182.990006,766,1602
15182.995005,847,1602
15183.000006,959,1607
15183.005006,781,1605
15183.010006,826,1612
15183.015007,991,1606
15183.020005,890,1613
15183.025006,774,1610
15183.030005,968,1611
15183.035006,929,1614
15183.040007,762,1609
15183.045006,841,1614
15183.050006,960,1615
15183.055005,807,1610
15183.060006,811,1612
15183.065006,984,1614
15183.070007,918,1611
15183.075007,786,1611
15183.080005,948,1618
15183.085006,930,1613
15183.090006,769,1608
15183.095007,851,1615
15183.100006,960,1620
15183.105006,789,1613
15183.110006,826,1619
15183.115007,983,1618
15183.120006,899,1619
15183.125006,779,1616
15183.130006,962,1621
15183.135005,933,1621
15183.140006,754,1625
15183.145005,852,1621
15183.150005,965,1624
15183.155006,797,1615
15183.160006,817,1623
15183.165006,985,1625
15183.170006,901,1625
15183.175006,788,1621
15183.180006,942,1627
15183.185007,955,1620
15183.190005,774,1620
15183.195007,852,1625
15183.200006,967,1621
15183.205005,784,1624
15183.210005,820,1616
15183.215006,987,1619
15183.220006,898,1621
15183.225005,793,1617
15183.230006,950,1621
15183.235005,931,1621
15183.240006,754,1624
15183.245006,833,1623
15183.250005,977,1624
15183.255005,795,1626
15183.260006,821,1626
15183.265006,989,1625
15183.270005,899,1626
15183.275006,771,1629
15183.280006,959,1624
15183.285006,952,1624
15183.290007,763,1625
15183.295006,838,1625
15183.300006,964,1626
15183.305005,798,1627
15183.310006,802,1628
15183.315006,1001,1622
15183.320006,904,1622
15183.325005,771,1626
15183.330006,942,1621
15183.335006,945,1617
15183.340006,772,1618
15183.345007,847,1617
15183.350006,973,1619
15183.355006,793,1617
15183.360006,801,1621
15183.365006,991,1619
15183.370005,903,1618
15183.375006,793,1618
15183.380006,945,1617
15183.385006,947,1618
15183.390006,763,1618
15183.395006,841,1616
15183.400006,960,1616
15183.405005,790,1617
15183.410006,801,1615
15183.415006,993,1609
15183.420006,908,1614
15183.425007,768,1616
15183.430005,938,1615
15183.435006,952,1609
15183.440006,761,1612
15183.445006,847,1606
15183.450005,971,1611
15183.455006,791,1610
15183.460006,805,1612
15183.465006,995,1610
15183.470006,912,1611
15183.475006,778,1610
15183.480007,946,1610
15183.485007,931,1612
15183.490005,752,1613
15183.495005,828,1612
15183.500007,979,1608
15183.505005,799,1610
15183.510007,799,1609
15183.515007,990,1604
15183.520007,906,1607
15183.525007,786,1603
15183.530006,951,1605
15183.535006,931,1603
15183.540006,767,1600
15183.545007,840,1602
15183.550007,961,1602
15183.555005,792,1601
15183.560006,817,1603
15183.565005,980,1603
15183.570006,920,1601
15183.575006,777,1602
15183.580005,937,1605
15183.585005,928,1606
15183.590007,767,1605
15183.595006,832,1605
15183.600006,984,1602
15183.605006,806,1602
15183.610006,806,1602
15183.615007,990,1597
15183.620006,918,1602
15183.625006,773,1603
15183.630006,937,1600
15183.635005,928,1601
15183.640006,769,1602
15183.645006,833,1597
15183.650006,960,1601
15183.655005,795,1598
15183.660006,816,1593
15183.665007,991,1596
15183.670006,912,1598
15183.675006,767,1598
15183.680006,955,1598
15183.685007,937,1596
15183.690006,750,1599
15183.695006,824,1599
15183.700005,980,1594
15183.705006,807,1595
15183.710006,805,1597
15183.715006,993,1597
15183.720006,920,1599
15183.725005,770,1598
15183.730006,948,1600
15183.735005,936,1598
15183.740006,752,1601
15183.745005,826,1602
15183.750007,985,1599
15183.755007,811,1599
15183.760005,805,1600
15183.765006,980,1601
15183.770005,911,1601
15183.775007,765,1605
15183.780005,937,1604
15183.785007,951,1602
15183.790006,759,1606
15183.795006,823,1605
15183.800006,982,1603
15183.805006,805,1605
15183.810006,804,1603
15183.815005,993,1598
15183.820007,917,1605
15183.825006,765,1607
15183.830006,930,1604
15183.835006,932,1604
15183.840005,774,1600
15183.845006,835,1602
15183.850005,963,1607
15183.855007,816,1603
15183.860007,810,1604
15183.865006,977,1605
15183.870005,905,1606
15183.875006,784,1604
15183.880006,938,1605
15183.885005,930,1609
15183.890006,768,1605
15183.895005,826,1604
15183.900006,961,1611
15183.905007,814,1601
15183.910005,821,1607
15183.915006,989,1607
15183.920005,908,1611
15183.925005,788,1605
15183.930006,940,1605
15183.935006,931,1606
15183.940006,765,1602
15183.945005,832,1602
15183.950005,964,1601
15183.955006,797,1602
15183.960006,814,1598
15183.965005,983,1601
15183.970006,913,1596
15183.975006,763,1603
15183.980007,948,1599
15183.985006,936,1601
15183.990006,764,1593
15183.995006,824,1603
15184.000006,962,1601
15184.005007,802,1600
15184.010006,801,1603
15184.015006,984,1594
15184.020005,923,1600
15184.025006,782,1602
15184.030005,941,1600
15184.035006,930,1605
15184.040006,746,1604
15184.045006,836,1603
15184.050006,971,1601
15184.055005,797,1606
15184.060007,799,1602
15184.065006,992,1598
15184.070007,928,1600
15184.075006,761,1603
15184.080007,946,1599
15184.085005,935,1602
15184.090006,745,1601
15184.095006,836,1603
15184.100006,968,1600
15184.105006,800,1602
15184.110005,801,1597
15184.115006,989,1605
15184.120005,911,1608
15184.125005,766,1600
15184.130005,943,1605
15184.135006,940,1603
15184.140006,760,1602
15184.145005,813,1609
15184.150007,958,1604
15184.155006,819,1605
15184.160006,801,1606
15184.165006,980,1599
15184.170005,920,1605
15184.175006,758,1610
15184.180005,943,1613
15184.185006,933,1606
15184.190006,742,1609
15184.195006,811,1606
15184.200005,976,1600
15184.205006,806,1602
15184.210007,798,1604
15184.215006,972,1608
15184.220006,927,1603
15184.225006,763,1603
15184.230006,941,1599
15184.235005,942,1599
15184.240006,750,1603
15184.245005,816,1604
15184.250007,979,1601
15184.255007,804,1601
15184.260006,809,1604
15184.265006,977,1601
15184.270006,930,1602
15184.275006,769,1605
15184.280005,935,1595
15184.285006,936,1600
15184.290006,748,1602
15184.295006,817,1597
15184.300007,969,1595
15184.305005,802,1605
15184.310006,802,1603
15184.315005,972,1606
15184.320006,930,1606
15184.325006,771,1603
15184.330005,921,1607
15184.335005,949,1605
15184.340006,757,1606
15184.345007,817,1609
15184.350006,972,1602
15184.355006,812,1610
15184.360005,796,1611
15184.365006,973,1613
15184.370005,929,1612
15184.375007,769,1611
15184.380007,925,1613
15184.385007,945,1613
15184.390007,756,1614
15184.395006,812,1618
15184.400006,963,1619
15184.405006,818,1620
15184.410006,797,1621
15184.415006,994,1622
15184.420006,933,1620
15184.425006,764,1622
15184.430006,932,1620
15184.435007,932,1621
15184.440005,764,1620
15184.445006,815,1620
15184.450005,967,1620
15184.455006,803,1620
15184.460006,816,1617
15184.465005,985,1618
15184.470005,920,1617
15184.475005,762,1618
15184.480006,943,1612
15184.485005,938,1611
15184.490007,766,1613
15184.495007,814,1612
15184.500007,975,1612
15184.505006,799,1613
15184.510005,809,1610
15184.515006,985,1611
15184.520005,911,1612
15184.525006,783,1612
15184.530006,932,1613
15184.535006,937,1610
15184.540007,760,1609
15184.545005,817,1611
15184.550005,962,1614
15184.555005,821,1610
15184.560006,794,1611
15184.565005,993,1608
15184.570006,922,1606
15184.575006,757,1609
15184.580005,925,1610
15184.585006,953,1604
15184.590006,758,1603
15184.595006,807,1607
15184.600005,972,1603
15184.605007,802,1605
15184.610007,811,1605
15184.615007,971,1605
15184.620006,932,1601
15184.625005,766,1605
15184.630005,913,1607
15184.635006,949,1603
15184.640005,747,1607
15184.645005,833,1603
15184.650006,963,1605
15184.655007,801,1604
15184.660006,810,1601
15184.665006,981,1600
15184.670007,921,1596
15184.675006,772,1598
15184.680006,921,1600
15184.685006,952,1598
15184.690005,753,1599
15184.695007,830,1594
15184.700007,969,1597
15184.705006,803,1598
15184.710005,811,1584
15184.715006,991,1591
15184.720006,916,1590
15184.725006,783,1588
15184.730006,918,1588
15184.735006,933,1587
15184.740006,749,1589
15184.745006,830,1587
15184.750006,961,1591
15184.755007,821,1588
15184.760007,794,1588
15184.765006,989,1584
15184.770005,926,1590
15184.775007,764,1590
15184.780006,940,1590
15184.785006,951,1591
15184.790006,758,1592
15184.795005,816,1594
15184.800006,978,1588
15184.805005,814,1598
15184.810006,808,1597
15184.815005,979,1597
15184.820006,933,1597
15184.825006,775,1598
15184.830006,930,1600
15184.835006,936,1605
15184.840006,746,1606
15184.845006,826,1603
15184.850005,969,1605
15184.855007,806,1606
15184.860007,817,1608
15184.865007,981,1609
15184.870006,915,1613
15184.875006,777,1610
15184.880006,918,1613
15184.885006,959,1612
15184.890006,765,1613
15184.895006,825,1614
15184.900007,985,1616
15184.905006,817,1617
15184.910007,796,1618
15184.915006,991,1609
15184.920006,924,1617
15184.925006,762,1618
15184.930007,937,1616
15184.935006,949,1616
15184.940005,762,1616
15184.945006,815,1617
15184.950006,983,1619
15184.955005,815,1620
15184.960005,803,1617
15184.965006,982,1620
15184.970006,932,1617
15184.975005,780,1622
15184.980006,940,1622
15184.985006,944,1624
15184.990006,753,1624
15184.995006,834,1625
15185.000005,977,1624
15185.005005,815,1631
15185.010006,812,1624
15185.015006,990,1627
15185.020005,916,1632
15185.025006,782,1624
15185.030005,924,1625
15185.035006,936,1630
15185.040006,769,1622
15185.045006,819,1626
15185.050006,987,1625
15185.055005,827,1624
15185.060006,798,1617
15185.065005,990,1620
15185.070006,920,1624
15185.075006,786,1620
15185.080005,927,1618
15185.085005,936,1617
15185.090006,756,1613
15185.095007,817,1617
15185.100005,988,1613
15185.105006,820,1617
15185.110006,794,1616
15185.115006,986,1613
15185.120005,927,1606
15185.125006,783,1614
15185.130006,917,1614
15185.135005,954,1611
15185.140006,757,1611
15185.145005,812,1610
15185.150006,980,1610
15185.155006,822,1607
15185.160006,795,1608
15185.165006,988,1609
15185.170006,920,1607
15185.175006,780,1610
15185.180006,915,1610
15185.185006,954,1605
15185.190005,762,1605
15185.195007,812,1610
15185.200006,985,1608
15185.205005,819,1610
15185.210005,791,1608
15185.215006,992,1608
15185.220006,924,1607
15185.225005,784,1604
15185.230006,921,1608
15185.235006,933,1610
15185.240006,766,1601
15185.245006,818,1607
15185.250006,963,1610
15185.255006,830,1604
15185.260006,805,1606
15185.265006,974,1608
15185.270005,931,1602
15185.275006,761,1607
15185.280006,908,1605
15185.285007,945,1600
15185.290006,754,1604
15185.295006,810,1603
15185.300006,989,1598
15185.305006,834,1598
15185.310006,802,1596
15185.315006,969,1597
15185.320005,927,1594
15185.325005,760,1594
15185.330007,904,1600
15185.335007,944,1596
15185.340005,745,1598
15185.345006,831,1595
15185.350006,981,1591
15185.355005,822,1595
15185.360006,787,1599
15185.365006,988,1600
15185.370005,925,1600
15185.375006,766,1603
15185.380006,909,1605
15185.385005,949,1600
15185.390006,762,1608
15185.395005,815,1608
15185.400006,979,1602
15185.405005,830,1613
15185.410006,790,1613
15185.415006,985,1608
15185.420005,927,1613
15185.425006,768,1615
15185.430006,905,1619
15185.435006,949,1617
15185.440006,750,1617
15185.445007,829,1617
15185.450006,969,1621
15185.455005,815,1619
15185.460005,792,1620
15185.465006,995,1619
15185.470006,925,1618
15185.475005,769,1619
15185.480006,908,1622
15185.485007,959,1621
15185.490006,758,1620
15185.495005,830,1624
15185.500007,968,1623
15185.505006,838,1622
15185.510006,803,1623
15185.515006,969,1629
15185.520006,937,1624
15185.525006,767,1622
15185.530006,908,1627
15185.535006,950,1626
15185.540007,757,1625
15185.545006,828,1621
15185.550006,973,1623
15185.555007,842,1627
15185.560005,802,1626
15185.565005,975,1624
15185.570006,941,1624
15185.575006,764,1628
15185.580005,932,1623
15185.585006,940,1623
15185.590005,767,1625
15185.595006,830,1623
15185.600005,966,1627
15185.605006,829,1622
15185.610005,810,1621
15185.615006,973,1626
15185.620005,931,1617
15185.625006,781,1619
15185.630006,925,1619
15185.635005,939,1624
15185.640006,771,1620
15185.645006,821,1619
15185.650006,990,1617
15185.655005,829,1617
15185.660006,793,1616
15185.665007,994,1616
15185.670005,929,1616
15185.675005,768,1612
15185.680006,918,1604
15185.685007,954,1606
15185.690007,758,1608
15185.695005,816,1609
15185.700006,984,1607
15185.705005,831,1607
15185.710005,790,1606
15185.715007,989,1604
15185.720006,938,1603
15185.725005,766,1601
15185.730007,907,1607
15185.735006,936,1604
15185.740006,754,1606
15185.745005,809,1607
15185.750006,989,1604
15185.755006,836,1600
15185.760006,792,1601
15185.765007,985,1596
15185.770006,930,1597
15185.775006,772,1594
15185.780005,902,1595
15185.785007,940,1588
15185.790006,766,1589
15185.795007,819,1592
15185.800006,969,1590
15185.805005,817,1587
15185.810007,805,1584
15185.815006,982,1588
15185.820007,916,1586
15185.825006,777,1580
15185.830007,904,1581
15185.835006,956,1581
15185.840006,758,1580
15185.845006,808,1578
15185.850007,962,1579
15185.855006,829,1570
15185.860005,809,1576
15185.865006,989,1575
15185.870007,926,1577
15185.875005,758,1579
15185.880006,915,1578
15185.885005,934,1581
15185.890006,768,1581
15185.895006,809,1584
15185.900006,986,1582
15185.905005,833,1582
15185.910006,793,1586
15185.915006,977,1586
15185.920006,919,1586
15185.925006,778,1589
15185.930005,914,1589
15185.935007,938,1589
15185.940006,772,1593
15185.945006,824,1590
15185.950006,977,1590
15185.955006,826,1589
15185.960007,788,1589
15185.965006,992,1584
15185.970007,932,1589
15185.975005,769,1591
15185.980006,906,1594
15185.985006,936,1597
15185.990006,775,1593
15185.995005,810,1601
15186.000006,986,1599
15186.005005,824,1602
15186.010006,806,1602
15186.015006,973,1605
15186.020005,920,1606
15186.025007,764,1607
15186.030006,905,1606
15186.035007,941,1610
15186.040006,755,1612
15186.045005,812,1614
15186.050005,982,1616
15186.055006,837,1618
15186.060006,812,1618
15186.065006,977,1613
15186.070006,922,1617
15186.075006,781,1615
15186.080005,906,1618
15186.085005,939,1618
15186.090007,769,1614
15186.095007,824,1620
15186.100005,976,1621
15186.105006,826,1624
15186.110006,803,1620
15186.115006,966,1628
15186.120005,920,1628
15186.125006,780,1624
15186.130007,905,1627
15186.135005,939,1628
15186.140006,768,1625
15186.145006,821,1627
15186.150007,985,1624
15186.155007,846,1629
15186.160006,793,1629
15186.165006,987,1627
15186.170005,942,1633
15186.175006,778,1627
15186.180005,905,1629
15186.185007,956,1625
15186.190006,774,1626
15186.195006,819,1624
15186.200006,973,1626
15186.205005,826,1630
15186.210005,810,1623
15186.215006,981,1625
15186.220005,928,1624
15186.225006,763,1625
15186.230006,906,1622
15186.235006,939,1625
15186.240006,773,1623
15186.245007,819,1625
15186.250007,977,1624
15186.255006,836,1625
15186.260005,787,1631
15186.265007,990,1627
15186.270005,931,1627
15186.275007,771,1628
15186.280006,906,1627
15186.285006,942,1629
15186.290006,778,1631
15186.295006,827,1630
15186.300006,969,1632
15186.305006,844,1627
15186.310005,792,1631
15186.315006,988,1628
15186.320007,929,1627
15186.325006,771,1620
15186.330005,908,1626
15186.335006,952,1626
15186.340005,762,1625
15186.345006,810,1624
15186.350006,992,1620
15186.355006,835,1621
15186.360006,785,1622
15186.365007,994,1617
15186.370006,930,1617
15186.375006,766,1615
15186.380007,896,1619
15186.385007,960,1616
15186.390005,752,1614
15186.395005,812,1608
15186.400006,980,1612
15186.405005,832,1610
15186.410006,784,1610
15186.415006,979,1607
15186.420005,941,1602
15186.425005,766,1607
15186.430005,891,1609
15186.435007,937,1605
15186.440007,770,1602
15186.445006,809,1602
15186.450005,983,1600
15186.455005,825,1604
15186.460005,796,1602
15186.465007,989,1602
15186.470006,933,1600
15186.475006,760,1596
15186.480007,913,1598
15186.485006,942,1601
15186.490006,764,1599
15186.495006,812,1597
15186.500006,979,1595
15186.505006,841,1598
15186.510007,784,1599
15186.515006,984,1599
15186.520005,918,1602
15186.525007,755,1596
15186.530007,900,1600
15186.535005,938,1602
15186.540005,770,1596
15186.545007,809,1601
15186.550006,981,1602
15186.555005,835,1599
15186.560006,811,1599
15186.565005,976,1600
15186.570007,918,1601
15186.575006,772,1597
15186.580005,899,1599
15186.585005,942,1595
15186.590006,770,1596
15186.595006,821,1595
15186.600005,974,1598
15186.605006,849,1594
15186.610005,794,1598
15186.615007,967,1597
15186.620006,941,1596
15186.625005,776,1597
15186.630005,893,1599
15186.635006,938,1605
15186.640006,755,1599
15186.645006,826,1601
15186.650006,975,1604
15186.655005,841,1605
15186.660006,785,1608
15186.665006,964,1609
15186.670006,920,1608
15186.675007,773,1600
15186.680006,907,1607
15186.685007,943,1608
15186.690007,766,1608
15186.695006,806,1614
15186.700006,991,1606
15186.705005,854,1611
15186.710005,794,1608
15186.715007,988,1605
15186.720006,929,1607
15186.725005,754,1609
15186.730007,905,1608
15186.735007,949,1606
15186.740006,756,1611
15186.745006,819,1602
15186.750005,986,1606
15186.755005,844,1610
15186.760006,806,1605
15186.765006,965,1612
15186.770005,940,1612
15186.775007,757,1606
15186.780007,903,1613
15186.785006,941,1613
15186.790007,769,1613
15186.795006,804,1614
15186.800005,977,1615
15186.805005,855,1613
15186.810007,802,1612
15186.815006,976,1611
15186.820007,915,1613
15186.825006,767,1612
15186.830006,884,1612
15186.835006,958,1613
15186.840006,755,1616
15186.845006,824,1612
15186.850005,970,1612
15186.855006,861,1613
15186.860006,792,1610
15186.865007,986,1611
15186.870006,922,1613
15186.875006,771,1609
15186.880006,901,1612
15186.885005,945,1614
15186.890006,757,1611
15186.895005,830,1614
15186.900006,975,1616
15186.905005,841,1614
15186.910006,801,1614
15186.915007,976,1611
15186.920006,926,1606
15186.925007,766,1614
15186.930007,885,1617
15186.935006,954,1612
15186.940005,773,1610
15186.945006,813,1614
15186.950006,988,1611
15186.955006,851,1609
15186.960005,784,1614
15186.965007,984,1608
15186.970006,923,1608
15186.975005,756,1607
15186.980007,898,1607
15186.985006,944,1610
15186.990005,778,1604
15186.995005,812,1610
15187.000006,976,1607
15187.005006,839,1603
15187.010006,792,1604
15187.015007,964,1605
15187.020006,936,1600
15187.025006,767,1601
15187.030006,883,1608
15187.035007,959,1604
15187.040007,755,1605
15187.045006,819,1604
15187.050006,975,1605
15187.055006,842,1608
15187.060006,797,1608
15187.065005,967,1609
15187.070007,918,1610
15187.075007,768,1607
15187.080006,893,1605
15187.085007,963,1614
15187.090006,759,1616
15187.095007,824,1614
15187.100006,973,1613
15187.105007,842,1614
15187.110007,801,1617
15187.115006,975,1618
15187.120005,924,1621
15187.125007,761,1611
15187.130007,897,1620
15187.135006,958,1619
15187.140006,762,1617
15187.145005,806,1620
15187.150007,988,1619
15187.155007,849,1618
15187.160005,804,1618
15187.165005,987,1616
15187.170006,934,1617
15187.175006,760,1617
15187.180006,889,1620
15187.185007,950,1617
15187.190005,772,1618
15187.195007,806,1621
15187.200006,991,1619
15187.205006,849,1619
15187.210006,787,1618
15187.215006,966,1622
15187.220006,943,1617
15187.225006,763,1619
15187.230006,888,1617
15187.235005,945,1615
15187.240006,771,1613
15187.245005,811,1615
15187.250007,969,1616
15187.255006,868,1612
15187.260005,784,1613
15187.265006,986,1609
15187.270005,926,1610
15187.275007,756,1603
15187.280006,893,1609
15187.285007,951,1606
15187.290006,777,1605
15187.295006,809,1605
15187.300007,980,1603
15187.305006,844,1603
15187.310007,792,1601
15187.315005,963,1600
15187.320006,931,1597
15187.325006,758,1601
15187.330007,890,1592
15187.335006,949,1599
15187.340006,766,1590
15187.345006,811,1597
15187.350005,984,1592
15187.355007,852,1598
15187.360006,797,1598
15187.365006,969,1597
15187.370007,928,1589
15187.375006,770,1593
15187.380006,874,1596
15187.385006,960,1592
15187.390006,761,1595
15187.395006,819,1593
15187.400006,974,1594
15187.405006,862,1594
15187.410006,788,1592
15187.415005,963,1595
15187.420006,936,1595
15187.425007,751,1597
15187.430006,887,1587
15187.435006,956,1596
15187.440006,767,1596
15187.445006,810,1595
15187.450006,992,1598
15187.455006,853,1598
15187.460006,784,1593
15187.465007,978,1598
15187.470007,923,1601
15187.475005,752,1604
15187.480006,893,1600
15187.485007,948,1605
15187.490006,761,1602
15187.495006,814,1596
15187.500005,986,1598
15187.505005,866,1603
15187.510006,783,1603
15187.515007,961,1606
15187.520006,932,1602
15187.525005,760,1606
15187.530006,889,1601
15187.535007,955,1602
15187.540007,757,1604
15187.545006,813,1603
15187.550006,976,1600
15187.555006,851,1600
15187.560006,798,1598
15187.565006,968,1595
15187.570006,923,1601
15187.575005,772,1594
15187.580006,878,1596
15187.585007,942,1597
15187.590006,783,1594
15187.595007,804,1594
15187.600005,986,1592
15187.605006,861,1589
15187.610007,779,1593
15187.615005,973,1593
15187.620005,922,1595
15187.625006,763,1591
15187.630007,880,1593
15187.635005,951,1595
15187.640007,771,1590
15187.645006,818,1598
15187.650006,976,1600
15187.655006,875,1602
15187.660007,796,1600
15187.665007,967,1601
15187.670005,918,1603
15187.675005,764,1603
15187.680005,872,1605
15187.685007,952,1595
15187.690006,776,1605
15187.695006,814,1604
15187.700006,971,1610
15187.705006,867,1605
15187.710006,780,1608
15187.715005,974,1605
15187.720006,929,1605
15187.725006,770,1602
15187.730007,879,1609
15187.735006,947,1609
15187.740006,782,1608
15187.745006,802,1610
15187.750005,976,1609
15187.755006,859,1604
15187.760005,800,1601
15187.765006,976,1607
15187.770006,933,1605
15187.775007,753,1604
15187.780007,881,1606
15187.785005,944,1606
15187.790006,779,1608
15187.795006,803,1610
15187.800006,989,1601
15187.805007,873,1604
15187.810006,783,1608
15187.815007,957,1607
15187.820006,923,1609
15187.825005,769,1601
15187.830007,881,1603
15187.835007,954,1603
15187.840005,761,1604
15187.845006,821,1601
15187.850007,969,1604
15187.855007,868,1604
15187.860006,795,1604
15187.865006,969,1605
15187.870006,923,1605
15187.875005,766,1603
15187.880005,865,1605
15187.885006,964,1603
15187.890006,766,1604
15187.895006,818,1607
15187.900006,972,1607
15187.905006,878,1605
15187.910006,788,1607
15187.915005,962,1609
15187.920007,939,1606
15187.925007,750,1609
15187.930006,879,1608
15187.935006,961,1609
15187.940006,765,1610
15187.945006,820,1598
15187.950006,985,1605
15187.955005,860,1609
15187.960005,786,1599
15187.965006,970,1606
15187.970007,920,1606
15187.975006,760,1609
15187.980007,863,1609
15187.985005,969,1600
15187.990006,779,1606
15187.995006,822,1606
15188.000005,980,1605
15188.005006,866,1608
15188.010006,780,1611
15188.015007,959,1609
15188.020007,941,1606
15188.025005,754,1609
15188.030005,881,1609
15188.035006,954,1607
15188.040006,784,1609
15188.045005,815,1606
15188.050005,977,1608
15188.055005,881,1605
15188.060007,789,1606
15188.065005,963,1604
15188.070006,945,1603
15188.075006,761,1607
15188.080005,865,1606
15188.085005,949,1605
15188.090005,784,1604
15188.095006,809,1606
15188.100006,992,1606
15188.105006,865,1602
15188.110006,790,1598
15188.115006,971,1605
15188.120005,930,1606
15188.125006,751,1606
15188.130006,857,1609
15188.135006,962,1608
15188.140006,777,1610
15188.145005,803,1609
15188.150006,995,1609
15188.155007,874,1612
15188.160007,773,1614
15188.165006,971,1615
15188.170005,941,1608
15188.175005,747,1615
15188.180005,877,1613
15188.185006,960,1616
15188.190006,780,1616
15188.195006,807,1616
15188.200006,973,1617
15188.205006,885,1617
15188.210006,787,1617
15188.215006,966,1619
15188.220007,925,1620
15188.225006,772,1618
15188.230007,868,1620
15188.235007,970,1619
15188.240006,782,1616
15188.245005,807,1618
15188.250006,970,1621
15188.255006,888,1618
15188.260006,778,1618
15188.265006,977,1616
15188.270006,936,1620
15188.275006,751,1620
15188.280005,858,1620
15188.285006,964,1616
15188.290006,763,1618
15188.295005,825,1617
15188.300005,974,1617
15188.305006,889,1613
15188.310006,785,1614
15188.315006,956,1616
15188.320007,939,1613
15188.325006,764,1614
15188.330007,868,1610
15188.335006,971,1610
15188.340006,765,1615
15188.345006,820,1611
15188.350006,974,1614
15188.355006,891,1612
15188.360005,775,1614
15188.365006,953,1617
15188.370006,942,1616
15188.375005,759,1614
15188.380005,856,1620
15188.385007,965,1619
15188.390007,779,1618
15188.395006,803,1620
15188.400007,997,1614
15188.405006,879,1616
15188.410006,776,1616
15188.415007,972,1618
15188.420006,930,1616
15188.425006,768,1612
15188.430007,855,1615
15188.435006,963,1613
15188.440005,792,1611
15188.445006,805,1612
15188.450006,984,1611
15188.455005,869,1608
15188.460005,784,1611
15188.465007,971,1605
15188.470006,931,1610
15188.475006,749,1608
15188.480007,876,1609
15188.485006,959,1605
15188.490007,769,1602
15188.495006,805,1604
15188.500006,989,1606
15188.505006,893,1599
15188.510006,773,1609
15188.515006,950,1607
15188.520006,924,1608
15188.525006,767,1605
15188.530005,858,1604
15188.535006,955,1606
15188.540006,786,1601
15188.545005,815,1605
15188.550005,972,1608
15188.555005,898,1604
15188.560006,774,1605
15188.565006,952,1606
15188.570007,943,1605
15188.575006,754,1604
15188.580006,853,1604
15188.585005,967,1603
15188.590006,770,1604
15188.595006,811,1603
15188.600005,975,1603
15188.605006,890,1596
15188.610006,777,1606
15188.615006,966,1599
15188.620006,931,1604
15188.625005,763,1600
15188.630005,857,1602
15188.635006,954,1602
15188.640006,767,1605
15188.645006,823,1604
15188.650006,971,1605
15188.655006,892,1606
15188.660006,776,1608
15188.665006,965,1609
15188.670006,929,1602
15188.675006,761,1610
15188.680005,867,1609
15188.685005,960,1610
15188.690005,768,1615
15188.695005,796,1618
15188.700006,981,1613
15188.705006,880,1615
15188.710006,783,1618
15188.715006,955,1609
15188.720006,934,1617
15188.725006,747,1616
15188.730006,869,1619
15188.735005,958,1617
15188.740007,787,1619
15188.745006,804,1619
15188.750006,971,1618
15188.755006,891,1618
15188.760006,778,1615
15188.765007,953,1618
15188.770006,934,1607
15188.775006,764,1615
15188.780006,852,1620
15188.785005,978,1614
15188.790005,784,1615
15188.795006,805,1618
15188.800006,984,1607
15188.805005,891,1615
15188.810006,771,1618
15188.815006,949,1614
15188.820007,950,1610
15188.825006,755,1613
15188.830005,861,1611
15188.835006,970,1614
15188.840006,784,1613
15188.845006,803,1609
15188.850006,982,1616
15188.855006,897,1606
15188.860006,791,1614
15188.865007,950,1614
15188.870006,942,1612
15188.875007,748,1615
15188.880007,862,1611
15188.885006,956,1613
15188.890006,790,1601
15188.895006,811,1612
15188.900006,970,1610
15188.905007,904,1613
15188.910005,786,1606
15188.915005,950,1605
15188.920007,927,1606
15188.925006,768,1603
15188.930006,845,1608
15188.935007,956,1606
15188.940006,792,1604
15188.945006,801,1598
15188.950006,994,1602
15188.955005,882,1605
15188.960005,789,1602
15188.965007,948,1600
15188.970006,945,1602
15188.975006,756,1601
15188.980006,839,1604
15188.985005,972,1601
15188.990007,772,1603
15188.995006,806,1601
15189.000006,978,1601
15189.005006,907,1600
15189.010006,777,1602
15189.015006,943,1605
15189.020006,950,1600
15189.025006,755,1598
15189.030005,838,1602
15189.035006,953,1601
15189.040007,791,1594
15189.045005,814,1596
15189.050005,972,1604
15189.055005,909,1598
15189.060006,776,1596
15189.065006,957,1590
15189.070007,929,1597
15189.075007,770,1594
15189.080005,844,1597
15189.085005,968,1598
15189.090006,793,1597
15189.095006,798,1597
15189.100006,976,1590
15189.105006,897,1600
15189.110007,785,1597
15189.115006,960,1599
15189.120006,936,1596
15189.125005,750,1598
15189.130005,849,1594
15189.135006,964,1596
15189.140006,781,1590
15189.145005,809,1595
15189.150007,989,1588
15189.155007,902,1595
15189.160005,773,1593
15189.165006,939,1596
15189.170006,941,1595
15189.175006,756,1594
15189.180005,832,1596
15189.185006,978,1593
15189.190006,795,1592
15189.195006,804,1594
15189.200005,969,1598
15189.205006,914,1591
15189.210006,772,1591
15189.215005,955,1588
15189.220007,938,1594
15189.225006,752,1592
15189.230006,833,1593
15189.235007,971,1593
15189.240006,789,1595
15189.245006,794,1596
15189.250006,985,1594
15189.255006,891,1598
15189.260005,765,1598
15189.265006,959,1598
15189.270005,942,1596
15189.275006,761,1600
15189.280006,842,1599
15189.285006,957,1601
15189.290006,785,1594
15189.295006,813,1603
15189.300007,973,1605
15189.305007,892,1605
15189.310006,788,1605
15189.315006,949,1605
15189.320007,929,1602
15189.325007,749,1606
15189.330006,829,1607
15189.335006,975,1605
15189.340005,790,1604
15189.345007,821,1603
15189.350005,974,1607
15189.355007,917,1603
15189.360006,776,1604
15189.365006,934,1603
15189.370006,930,1607
15189.375005,749,1606
15189.380006,854,1602
15189.385005,965,1605
15189.390006,799,1601
15189.395005,813,1603
15189.400007,977,1606
15189.405007,912,1604
15189.410007,769,1605
15189.415006,948,1608
15189.420006,932,1606
15189.425006,766,1604
15189.430006,848,1606
15189.435006,960,1604
15189.440006,784,1612
15189.445006,816,1606
15189.450005,980,1606
15189.455006,903,1607
15189.460006,767,1605
15189.465005,957,1612
15189.470006,943,1610
15189.475006,752,1609
15189.480006,853,1604
15189.485006,971,1606
15189.490006,791,1610
15189.495006,804,1609
15189.500006,974,1610
15189.505007,918,1607
15189.510006,771,1608
15189.515006,959,1605
15189.520005,940,1607
15189.525007,762,1609
15189.530006,827,1610
15189.535007,975,1609
15189.540006,789,1609
15189.545006,805,1612
15189.550006,976,1612
15189.555006,921,1612
15189.560006,771,1613
15189.565006,937,1615
15189.570006,933,1613
15189.575005,751,1616
15189.580006,838,1611
15189.585006,963,1614
15189.590005,810,1610
15189.595007,811,1611
15189.600006,996,1613
15189.605006,910,1613
15189.610005,785,1611
15189.615006,949,1612
15189.620006,940,1613
15189.625006,749,1615
15189.630007,834,1613
15189.635005,973,1613
15189.640006,788,1614
15189.645005,819,1611
15189.650005,980,1613
15189.655005,920,1612
15189.660006,786,1609
15189.665007,944,1611
15189.670007,932,1610
15189.675006,765,1609
15189.680007,826,1607
15189.685006,958,1611
15189.690006,804,1609
15189.695006,796,1612
15189.700006,993,1610
15189.705006,921,1608
15189.710006,775,1607
15189.715005,928,1611
15189.720006,941,1607
15189.725005,760,1606
15189.730007,819,1611
15189.735007,977,1606
15189.740006,792,1609
15189.745005,822,1602
15189.750006,981,1606
15189.755006,907,1609
15189.760006,781,1602
15189.765007,939,1613
15189.770007,928,1610
15189.775006,770,1611
15189.780006,827,1610
15189.785007,963,1610
15189.790006,810,1609
15189.795007,808,1609
15189.800007,985,1609
15189.805006,913,1616
15189.810006,763,1612
15189.815006,947,1613
15189.820006,930,1618
15189.825005,771,1615
15189.830006,822,1618
15189.835006,959,1621
15189.840005,818,1617
15189.845006,813,1621
15189.850006,972,1623
15189.855007,922,1622
15189.860007,772,1621
15189.865005,927,1626
15189.870005,947,1619
15189.875006,750,1618
15189.880006,833,1618
15189.885006,971,1623
15189.890006,795,1623
15189.895006,816,1620
15189.900007,983,1618
15189.905005,911,1624
15189.910007,779,1618
15189.915006,934,1618
15189.920006,930,1619
15189.925006,769,1618
15189.930006,826,1618
15189.935006,968,1616
15189.940005,815,1608
15189.945007,800,1618
15189.950006,994,1614
15189.955006,921,1614
15189.960007,773,1617
15189.965006,934,1616
15189.970006,931,1617
15189.975006,748,1616
15189.980006,837,1614
15189.985007,978,1613
15189.990007,801,1614
15189.995007,804,1612
15190.000006,977,1615
15190.005007,928,1608
15190.010005,784,1612
15190.015006,934,1613
15190.020005,930,1614
15190.025007,763,1604
15190.030007,829,1617
15190.035006,972,1612
15190.040006,805,1612
15190.045005,800,1606
15190.050005,984,1612
15190.055006,910,1615
15190.060006,772,1614
15190.065005,939,1617
15190.070006,939,1613
15190.075007,752,1618
15190.080006,834,1616
15190.085006,967,1617
15190.090006,799,1620
15190.095006,814,1618
15190.100006,987,1618
15190.105006,914,1619
15190.110006,776,1620
15190.115007,920,1624
15190.120006,950,1619
15190.125006,758,1621
15190.130006,818,1622
15190.135005,978,1613
15190.140006,809,1620
15190.145006,795,1626
15190.150006,992,1621
15190.155006,925,1622
15190.160006,762,1624
15190.165006,935,1620
15190.170006,931,1624
15190.175006,767,1619
15190.180005,827,1618
15190.185007,971,1618
15190.190006,804,1620
15190.195005,813,1618
15190.200005,974,1617
15190.205006,933,1617
15190.210007,778,1616
15190.215005,923,1617
15190.220006,931,1619
15190.225006,749,1612
15190.230006,828,1615
15190.235006,965,1614
15190.240007,826,1612
15190.245006,802,1615
15190.250006,977,1616
15190.255006,936,1613
15190.260006,763,1615
15190.265006,937,1613
15190.270005,930,1615
15190.275006,769,1613
15190.280006,816,1614
15190.285006,978,1614
15190.290007,806,1613
15190.295006,815,1614
15190.300006,974,1616
15190.305006,926,1614
15190.310006,765,1614
15190.315006,926,1612
15190.320007,947,1617
15190.325006,755,1612
15190.330005,812,1618
15190.335005,978,1613
15190.340006,809,1615
15190.345006,818,1618
15190.350005,983,1612
15190.355007,920,1608
15190.360005,769,1612
15190.365006,925,1613
15190.370006,956,1614
15190.375006,762,1609
15190.380006,815,1609
15190.385006,964,1610
15190.390007,814,1609
15190.395006,814,1608
15190.400006,986,1608
15190.405007,928,1605
15190.410006,774,1606
15190.415007,915,1609
15190.420005,948,1610
15190.425006,768,1604
15190.430005,814,1604
15190.435006,961,1604
15190.440006,825,1607
15190.445006,800,1603
15190.450006,989,1597
15190.455005,920,1604
15190.460005,768,1597
15190.465006,921,1603
15190.470006,932,1606
15190.475005,766,1604
15190.480006,822,1603
15190.485006,963,1608
15190.490006,826,1610
15190.495005,805,1609
15190.500006,972,1609
15190.505006,936,1611
15190.510005,768,1613
15190.515006,932,1603
15190.520005,946,1608
15190.525006,754,1611
15190.530006,835,1609
15190.535006,973,1610
15190.540007,811,1613
15190.545005,816,1609
15190.550005,988,1610
15190.555006,930,1611
15190.560006,761,1610
15190.565005,922,1608
15190.570006,935,1609
15190.575007,760,1608
15190.580006,826,1606
15190.585007,974,1606
15190.590006,811,1608
15190.595007,810,1600
15190.600005,980,1604
15190.605007,939,1600
15190.610007,764,1600
15190.615006,936,1601
15190.620006,941,1600
15190.625005,745,1603
15190.630006,822,1603
15190.635006,979,1598
15190.640007,816,1600
15190.645006,812,1598
15190.650006,969,1601
15190.655006,932,1597
15190.660006,768,1600
15190.665006,906,1598
15190.670005,951,1596
15190.675005,744,1598
15190.680005,826,1596
15190.685007,970,1597
15190.690006,814,1596
15190.695006,806,1595
15190.700006,984,1597
15190.705005,916,1597
15190.710005,756,1598
15190.715007,920,1595
15190.720006,940,1594
15190.725006,760,1593
15190.730006,812,1590
15190.735005,971,1591
15190.740007,811,1593
15190.745006,805,1588
15190.750005,973,1592
15190.755006,921,1589
15190.760006,758,1591
15190.765006,925,1587
15190.770006,942,1589
15190.775006,765,1586
15190.780007,833,1585
15190.785006,968,1589
15190.790006,810,1592
15190.795006,811,1588
15190.800006,976,1586
15190.805006,913,1589
15190.810006,772,1590
15190.815006,908,1593
15190.820006,954,1592
15190.825006,750,1589
15190.830006,824,1584
15190.835006,980,1589
15190.840006,810,1594
15190.845006,811,1588
15190.850006,981,1586
15190.855007,916,1589
15190.860006,755,1593
15190.865007,928,1589
15190.870006,936,1590
15190.875007,772,1590
15190.880006,822,1590
15190.885005,966,1593
15190.890006,834,1593
15190.895005,802,1591
15190.900006,971,1598
15190.905005,930,1600
15190.910006,758,1599
15190.915006,906,1602
15190.920005,933,1598
15190.925006,763,1597
15190.930005,815,1598
15190.935007,980,1593
15190.940006,834,1599
15190.945006,791,1602
15190.950006,966,1602
15190.955005,925,1602
15190.960005,770,1599
15190.965006,917,1607
15190.970006,935,1606
15190.975006,765,1598
15190.980006,816,1606
15190.985005,982,1604
15190.990006,826,1609
15190.995005,793,1608
15191.000007,979,1607
15191.005005,920,1608
15191.010006,757,1614
15191.015006,921,1606
15191.020006,950,1610
15191.025006,751,1614
15191.030006,827,1611
15191.035006,978,1613
15191.040007,825,1614
15191.045005,788,1613
15191.050005,986,1613
15191.055005,914,1617
15191.060006,780,1611
15191.065005,909,1614
15191.070006,939,1614
15191.075006,773,1613
15191.080005,818,1612
15191.085005,966,1612
15191.090007,842,1613
15191.095006,791,1613
15191.100006,977,1603
15191.105006,921,1615
15191.110006,779,1609
15191.115006,900,1615
15191.120005,957,1611
15191.125005,760,1611
15191.130005,814,1613
15191.135006,972,1605
15191.140006,835,1609
15191.145007,789,1615
15191.150007,982,1610
15191.155006,920,1611
15191.160007,782,1610
15191.165006,912,1609
15191.170005,940,1610
15191.175005,755,1611
15191.180006,814,1609
15191.185006,987,1607
15191.190005,836,1613
15191.195006,793,1612
15191.200006,993,1611
15191.205005,934,1610
15191.210006,762,1611
15191.215006,905,1607
15191.220006,946,1614
15191.225006,775,1609
15191.230006,830,1612
15191.235005,973,1610
15191.240007,826,1609
15191.245005,790,1609
15191.250006,985,1606
15191.255006,917,1609
15191.260006,780,1607
15191.265006,907,1603
15191.270006,939,1610
15191.275006,771,1604
15191.280005,827,1602
15191.285006,974,1603
15191.290006,842,1600
15191.295006,806,1603
15191.300006,976,1602
15191.305005,915,1607
15191.310006,758,1606
15191.315006,921,1600
15191.320005,954,1602
15191.325005,752,1606
15191.330006,820,1601
15191.335006,978,1603
15191.340006,834,1603
15191.345007,786,1606
15191.350006,986,1602
15191.355006,926,1605
15191.360006,779,1602
15191.365007,909,1605
15191.370007,940,1605
15191.375006,759,1604
15191.380006,810,1606
15191.385005,980,1604
15191.390007,836,1605
15191.395006,788,1612
15191.400006,966,1608
15191.405005,919,1611
15191.410007,780,1606
15191.415007,902,1609
15191.420006,943,1610
15191.425006,774,1608
15191.430006,813,1608
15191.435006,967,1611
15191.440005,850,1605
15191.445006,797,1604
15191.450006,968,1608
15191.455006,939,1604
15191.460006,768,1604
15191.465005,897,1609
15191.470006,956,1600
15191.475006,768,1608
15191.480006,815,1605
15191.485006,974,1608
15191.490006,830,1609
15191.495006,807,1609
15191.500006,976,1611
15191.505007,939,1609
15191.510006,764,1610
15191.515006,917,1611
15191.520005,958,1611
15191.525006,765,1617
15191.530005,808,1615
15191.535006,989,1617
15191.540006,831,1617
15191.545005,800,1619
15191.550006,976,1622
15191.555005,928,1620
15191.560006,758,1620
15191.565005,920,1625
15191.570006,953,1626
15191.575006,762,1629
15191.580006,833,1628
15191.585007,983,1629
15191.590005,841,1630
15191.595007,813,1626
15191.600006,972,1631
15191.605007,940,1626
15191.610006,764,1635
15191.615006,915,1630
15191.620006,949,1634
15191.625006,761,1632
15191.630007,829,1632
15191.635007,974,1631
15191.640006,855,1629
15191.645006,792,1631
15191.650007,974,1624
15191.655007,937,1627
15191.660005,769,1631
15191.665005,898,1630
15191.670006,962,1632
15191.675006,763,1633
15191.680006,810,1633
15191.685006,991,1630
15191.690005,841,1630
15191.695006,791,1632
15191.700006,994,1630
15191.705006,933,1629
15191.710006,759,1630
15191.715006,910,1629
15191.720007,943,1630
15191.725006,769,1628
15191.730006,818,1627
15191.735006,994,1622
15191.740006,851,1628
15191.745006,801,1618
15191.750006,973,1626
15191.755006,923,1628
15191.760005,757,1629
15191.765007,904,1627
15191.770006,945,1627
15191.775005,778,1622
15191.780005,816,1625
15191.785006,973,1623
15191.790006,856,1617
15191.795006,794,1621
15191.800006,992,1618
15191.805006,931,1617
15191.810005,764,1610
15191.815006,896,1615
15191.820006,947,1613
15191.825005,778,1610
15191.830006,823,1609
15191.835006,977,1609
15191.840006,844,1608
15191.845006,790,1607
15191.850005,969,1605
15191.855007,935,1602
15191.860007,766,1603
15191.865006,889,1603
15191.870005,960,1598
15191.875007,763,1601
15191.880006,815,1597
15191.885006,991,1599
15191.890006,838,1599
15191.895006,802,1598
15191.900006,979,1595
15191.905005,927,1595
15191.910007,758,1595
15191.915006,901,1594
15191.920006,943,1595
15191.925006,773,1596
15191.930006,814,1596
15191.935007,967,1600
15191.940006,850,1600
15191.945006,784,1601
15191.950007,987,1599
15191.955005,927,1598
15191.960005,752,1605
15191.965006,898,1601
15191.970007,948,1601
15191.975006,772,1593
15191.980006,824,1604
15191.985006,978,1599
15191.990007,839,1602
15191.995006,806,1598
15192.000005,985,1599
15192.005005,920,1601
15192.010006,772,1595
15192.015006,897,1600
15192.020005,944,1595
15192.025007,769,1601
15192.030006,808,1602
15192.035006,991,1599
15192.040006,863,1598
15192.045005,792,1599
15192.050005,963,1602
15192.055005,935,1602
15192.060006,765,1600
15192.065005,887,1600
15192.070006,944,1603
15192.075005,755,1606
15192.080006,825,1603
15192.085006,991,1603
15192.090005,853,1602
15192.095006,781,1607
15192.100005,960,1608
15192.105007,922,1605
15192.110005,772,1601
15192.115007,889,1598
15192.120007,958,1600
15192.125005,764,1602
15192.130005,814,1593
15192.135007,987,1600
15192.140006,849,1599
15192.145006,799,1603
15192.150006,966,1602
15192.155007,934,1594
15192.160005,765,1600
15192.165006,885,1602
15192.170005,948,1599
15192.175005,756,1601
15192.180005,825,1600
15192.185006,978,1602
15192.190006,870,1599
15192.195006,785,1603
15192.200006,985,1601
15192.205006,926,1606
15192.210007,769,1601
15192.215006,892,1603
15192.220006,947,1608
15192.225006,769,1604
15192.230007,821,1605
15192.235007,984,1608
15192.240007,850,1608
15192.245006,796,1608
15192.250005,978,1610
15192.255006,932,1613
15192.260005,752,1613
15192.265006,900,1610
15192.270007,949,1615
15192.275006,770,1612
15192.280005,805,1613
15192.285006,994,1609
15192.290007,856,1613
15192.295006,780,1620
15192.300007,976,1612
15192.305006,927,1614
15192.310006,774,1615
15192.315006,882,1618
15192.320006,945,1621
15192.325006,784,1620
15192.330005,817,1619
15192.335005,978,1622
15192.340007,854,1622
15192.345006,797,1623
15192.350005,971,1626
15192.355007,925,1627
15192.360006,778,1628
15192.365006,882,1628
15192.370005,965,1628
15192.375006,783,1631
15192.380006,812,1636
15192.385005,992,1630
15192.390007,868,1633
15192.395005,786,1634
15192.400006,962,1633
15192.405005,925,1630
15192.410006,773,1631
15192.415006,893,1630
15192.420006,951,1630
15192.425007,777,1629
15192.430006,813,1631
15192.435005,990,1631
15192.440006,867,1628
15192.445007,790,1629
15192.450007,978,1623
15192.455006,937,1630
15192.460006,758,1627
15192.465005,888,1621
15192.470006,951,1628
15192.475005,761,1628
15192.480006,820,1625
15192.485005,976,1625
15192.490006,869,1624
15192.495007,783,1623
15192.500005,983,1619
15192.505006,930,1618
15192.510005,757,1619
15192.515006,870,1622
15192.520006,962,1616
15192.525006,764,1619
15192.530007,826,1617
15192.535006,975,1619
15192.540007,882,1613
15192.545006,791,1612
15192.550006,966,1612
15192.555007,938,1608
15192.560007,759,1610
15192.565007,868,1614
15192.570006,955,1609
15192.575006,780,1606
15192.580005,806,1606
15192.585005,993,1605
15192.590006,856,1605
15192.595007,792,1599
15192.600005,975,1598
15192.605006,929,1601
15192.610006,769,1600
15192.615007,873,1599
15192.620006,965,1598
15192.625006,775,1597
15192.630006,805,1599
15192.635005,996,1595
15192.640006,863,1597
15192.645005,779,1596
15192.650006,964,1594
15192.655005,923,1598
15192.660006,763,1596
15192.665006,866,1598
15192.670006,965,1597
15192.675007,777,1590
15192.680005,818,1593
15192.685006,971,1599
15192.690006,873,1597
15192.695006,781,1596
15192.700006,979,1598
15192.705005,937,1595
15192.710006,754,1596
15192.715005,863,1597
15192.720006,962,1593
15192.725006,767,1597
15192.730006,825,1595
15192.735006,979,1600
15192.740006,881,1594
15192.745006,777,1597
15192.750005,975,1592
15192.755005,933,1598
15192.760007,749,1600
15192.765006,881,1600
15192.770006,954,1598
15192.775006,771,1602
15192.780005,821,1598
15192.785005,973,1603
15192.790006,882,1601
15192.795005,790,1602
15192.800005,960,1604
15192.805005,939,1604
15192.810006,753,1604
15192.815006,875,1603
15192.820007,952,1604
15192.825006,783,1603
15192.830006,808,1604
15192.835006,991,1604
15192.840006,874,1603
15192.845006,793,1601
15192.850006,975,1606
15192.855007,941,1603
15192.860006,753,1604
15192.865007,857,1606
15192.870007,970,1604
15192.875005,773,1603
15192.880005,805,1604
15192.885006,981,1604
15192.890006,880,1602
15192.895005,778,1604
15192.900006,957,1604
15192.905006,929,1605
15192.910007,761,1597
15192.915006,866,1601
15192.920006,956,1603
15192.925006,782,1600
15192.930006,819,1600
15192.935006,969,1602
15192.940006,882,1605
15192.945006,780,1602
15192.950006,962,1604
15192.955006,926,1607
15192.960007,753,1608
15192.965005,880,1606
15192.970006,966,1611
15192.975007,768,1611
15192.980005,819,1606
15192.985006,980,1613
15192.990007,871,1615
15192.995006,793,1615
15193.000006,962,1617
15193.005006,926,1617
15193.010005,765,1615
15193.015007,860,1615
15193.020005,976,1618
15193.025006,783,1618
15193.030006,815,1618
15193.035006,973,1621
15193.040007,879,1617
15193.045006,776,1620
15193.050007,966,1622
15193.055005,929,1621
15193.060006,754,1618
15193.065005,867,1620
15193.070007,969,1616
15193.075007,794,1622
15193.080006,819,1622
15193.085006,996,1619
15193.090005,880,1626
15193.095006,794,1622
15193.100005,970,1620
15193.105006,927,1621
15193.110006,767,1620
15193.115006,871,1618
15193.120006,968,1614
15193.125006,786,1618
15193.130006,812,1616
15193.135006,983,1618
15193.140006,877,1619
15193.145005,795,1616
15193.150006,953,1618
15193.155006,945,1618
15193.160007,757,1614
15193.165006,877,1613
15193.170006,965,1612
15193.175006,770,1614
15193.180006,803,1615
15193.185006,975,1613
15193.190005,897,1603
15193.195005,786,1610
15193.200005,977,1605
15193.205006,944,1609
15193.210006,752,1607
15193.215006,872,1602
15193.220006,967,1602
15193.225005,776,1605
15193.230006,800,1604
15193.235007,987,1604
15193.240006,877,1605
15193.245006,786,1593
15193.250005,964,1604
15193.255005,926,1604
15193.260006,770,1600
15193.265006,850,1605
15193.270005,964,1600
15193.275006,773,1602
15193.280005,819,1600
15193.285006,978,1600
15193.290005,880,1601
15193.295007,790,1599
15193.300007,956,1602
15193.305006,931,1604
15193.310006,756,1601
15193.315006,868,1601
15193.320007,969,1602
15193.325006,781,1601
15193.330005,801,1605
15193.335005,991,1606
15193.340007,895,1603
15193.345006,781,1605
15193.350006,960,1597
15193.355006,947,1601
15193.360006,762,1605
15193.365006,852,1605
15193.370005,979,1603
15193.375006,783,1606
15193.380005,802,1609
15193.385006,999,1606
15193.390005,892,1608
15193.395006,784,1605
15193.400007,955,1605
15193.405007,929,1607
15193.410005,769,1608
15193.415006,864,1606
15193.420005,959,1605
15193.425006,781,1598
15193.430005,820,1604
15193.435007,974,1606
15193.440006,902,1605
15193.445006,786,1605
15193.450006,946,1609
15193.455005,936,1605
15193.460005,750,1605
15193.465006,857,1604
15193.470006,976,1603
15193.475006,788,1602
15193.480007,803,1606
15193.485006,989,1598
15193.490006,902,1603
15193.495005,783,1603
15193.500006,960,1598
15193.505006,933,1604
15193.510006,746,1603
15193.515007,843,1601
15193.520006,970,1604
15193.525007,784,1603
15193.530006,825,1603
15193.535006,991,1604
15193.540005,890,1606
15193.545006,777,1606
15193.550006,961,1606
15193.555006,933,1606
15193.560006,750,1611
15193.565005,855,1603
15193.570006,964,1609
15193.575006,781,1613
15193.580006,818,1608
15193.585006,985,1611
15193.590006,898,1599
15193.595007,778,1611
15193.600006,944,1611
15193.605006,927,1606
15193.610006,766,1609
15193.615006,843,1609
15193.620006,973,1608
15193.625007,782,1609
15193.630007,804,1607
15193.635005,995,1609
15193.640006,893,1609
15193.645006,788,1609
15193.650006,960,1609
15193.655006,939,1609
15193.660007,754,1609
15193.665006,835,1614
15193.670006,974,1604
15193.675006,792,1615
15193.680005,804,1615
15193.685006,992,1615
15193.690005,903,1620
15193.695006,772,1621
15193.700007,957,1619
15193.705006,926,1626
15193.710006,767,1621
15193.715005,834,1630
15193.720005,963,1627
15193.725006,803,1625
15193.730006,809,1624
15193.735007,993,1628
15193.740006,897,1630
15193.745005,789,1625
15193.750006,952,1629
15193.755006,951,1628
15193.760006,766,1628
15193.765006,843,1628
15193.770005,955,1630
15193.775006,794,1626
15193.780006,812,1627
15193.785006,984,1626
15193.790005,922,1625
15193.795006,779,1622
15193.800007,940,1630
15193.805005,952,1626
15193.810007,761,1622
15193.815006,828,1625
15193.820006,976,1625
15193.825006,786,1624
15193.830005,807,1613
15193.835005,978,1623
15193.840006,895,1624
15193.845006,788,1620
15193.850006,954,1619
15193.855007,948,1618
15193.860006,745,1621
15193.865007,833,1615
15193.870007,955,1613
15193.875006,786,1615
15193.880007,819,1612
15193.885005,992,1609
15193.890006,898,1610
15193.895005,784,1606
15193.900006,950,1608
15193.905005,926,1608
15193.910006,766,1605
15193.915006,835,1608
15193.920005,957,1607
15193.925005,804,1604
15193.930005,805,1599
15193.935006,991,1597
15193.940005,907,1596
15193.945006,791,1597
15193.950005,955,1598
15193.955006,931,1597
15193.960007,768,1596
15193.965006,828,1595
15193.970006,972,1597
15193.975006,791,1597
15193.980007,815,1590
15193.985006,983,1594
15193.990007,900,1596
15193.995007,792,1593
15194.000007,944,1594
15194.005007,942,1597
15194.010005,749,1595
15194.015006,847,1593
15194.020006,966,1597
15194.025006,785,1600
15194.030005,812,1599
15194.035006,972,1599
15194.040005,917,1598
15194.045006,773,1597
15194.050006,936,1602
15194.055006,945,1597
15194.060006,762,1597
15194.065005,831,1601
15194.070006,977,1601
15194.075005,796,1601
15194.080007,807,1592
15194.085006,985,1597
15194.090007,904,1604
15194.095006,765,1602
15194.100006,945,1598
15194.105005,937,1599
15194.110005,751,1601
15194.115006,825,1600
15194.120007,978,1598
15194.125005,799,1602
15194.130006,806,1599
15194.135005,978,1599
15194.140007,907,1604
15194.145006,786,1598
15194.150006,937,1601
15194.155006,931,1603
15194.160006,765,1602
15194.165006,826,1601
15194.170005,963,1598
15194.175005,814,1605
15194.180006,813,1601
15194.185006,981,1600
15194.190007,911,1601
15194.195006,776,1604
15194.200005,935,1603
15194.205007,953,1600
15194.210006,756,1603
15194.215006,820,1604
15194.220006,979,1601
15194.225006,807,1602
15194.230006,804,1604
15194.235005,979,1605
15194.240007,907,1601
15194.245007,767,1600
15194.250006,948,1604
15194.255005,940,1605
15194.260006,749,1608
15194.265006,840,1603
15194.270005,971,1604
15194.275007,800,1608
15194.280007,797,1603
15194.285006,995,1606
15194.290006,925,1604
15194.295006,776,1603
15194.300006,927,1609
15194.305005,947,1606
15194.310007,754,1608
15194.315006,816,1607
15194.320006,971,1607
15194.325005,803,1606
15194.330006,798,1607
15194.335006,992,1600
15194.340005,915,1607
15194.345007,764,1609
15194.350006,927,1609
15194.355007,955,1606
15194.360007,763,1607
15194.365005,821,1610
15194.370005,959,1611
15194.375007,819,1610
15194.380006,810,1610
15194.385006,978,1609
15194.390006,933,1609
15194.395005,783,1609
15194.400006,926,1612
15194.405007,948,1606
15194.410005,765,1609
15194.415006,820,1609
15194.420005,965,1609
15194.425006,796,1610
15194.430006,810,1607
15194.435006,979,1609
15194.440005,914,1609
15194.445006,781,1603
15194.450006,938,1603
15194.455005,945,1604
15194.460005,759,1603
15194.465006,821,1602
15194.470006,963,1604
15194.475005,820,1602
15194.480007,807,1602
15194.485006,976,1603
15194.490007,924,1594
15194.495006,772,1601
15194.500005,926,1604
15194.505005,953,1603
15194.510006,749,1605
15194.515006,829,1603
15194.520006,962,1609
15194.525007,820,1605
15194.530006,798,1604
15194.535006,995,1605
15194.540006,919,1606
15194.545005,768,1609
15194.550005,922,1611
15194.555005,944,1605
15194.560007,757,1605
15194.565006,832,1600
15194.570006,972,1605
15194.575006,806,1600
15194.580006,811,1605
15194.585007,990,1602
15194.590006,922,1601
15194.595006,767,1600
15194.600005,919,1604
15194.605007,948,1603
15194.610007,756,1601
15194.615005,821,1598
15194.620006,964,1600
15194.625006,821,1594
15194.630006,801,1598
15194.635006,978,1596
15194.640006,926,1597
15194.645006,763,1601
15194.650006,943,1596
15194.655005,943,1595
15194.660007,751,1597
15194.665006,814,1597
15194.670006,982,1599
15194.675007,814,1596
15194.680006,810,1597
15194.685007,992,1594
15194.690006,921,1599
15194.695006,760,1596
15194.700005,934,1595
15194.705006,934,1599
15194.710006,771,1595
15194.715006,828,1597
15194.720006,975,1597
15194.725006,809,1598
15194.730006,793,1599
15194.735005,991,1595
15194.740006,921,1596
15194.745006,761,1599
15194.750006,939,1598
15194.755006,949,1602
15194.760005,757,1600
15194.765006,818,1601
15194.770006,973,1605
15194.775007,816,1602
15194.780006,797,1605
15194.785006,992,1606
15194.790006,935,1608
15194.795006,775,1608
15194.800006,922,1612
15194.805005,954,1610
15194.810007,761,1612
15194.815007,813,1618
15194.820006,987,1610
15194.825006,831,1611
15194.830006,799,1611
15194.835006,972,1616
15194.840006,932,1616
15194.845006,778,1612
15194.850006,915,1618
15194.855007,945,1614
15194.860006,750,1615
15194.865006,825,1613
15194.870006,988,1613
15194.875006,811,1617
15194.880006,809,1612
15194.885005,975,1619
15194.890007,926,1617
15194.895005,770,1619
15194.900006,939,1616
15194.905006,947,1613
15194.910006,755,1616
15194.915007,838,1614
15194.920006,980,1610
15194.925007,825,1616
15194.930006,799,1618
15194.935005,992,1617
15194.940005,933,1620
15194.945007,762,1625
15194.950006,921,1624
15194.955006,946,1614
15194.960006,762,1621
15194.965006,816,1622
15194.970006,987,1622
15194.975005,826,1621
15194.980006,792,1625
15194.985006,991,1625
15194.990006,924,1621
15194.995005,764,1620
15195.000007,914,1625
15195.005006,941,1625
15195.010005,771,1624
15195.015007,824,1623
15195.020005,969,1623
15195.025006,816,1625
15195.030006,816,1621
15195.035006,986,1622
15195.040006,920,1626
15195.045006,779,1621
15195.050006,927,1619
15195.055005,941,1623
15195.060007,755,1623
15195.065006,830,1625
15195.070007,970,1622
15195.075006,813,1624
15195.080005,811,1620
15195.085005,983,1621
15195.090006,915,1626
15195.095005,779,1619
15195.100005,921,1628
15195.105007,937,1623
15195.110005,776,1622
15195.115007,817,1626
15195.120007,982,1624
15195.125006,817,1621
15195.130007,802,1620
15195.135006,984,1614
15195.140006,936,1620
15195.145006,770,1617
15195.150007,909,1617
15195.155006,934,1617
15195.160006,771,1617
15195.165006,818,1612
15195.170006,969,1612
15195.175006,836,1608
15195.180006,804,1605
15195.185006,975,1608
15195.190006,915,1609
15195.195006,774,1609
15195.200006,912,1607
15195.205005,937,1606
15195.210005,768,1608
15195.215006,813,1612
15195.220006,981,1609
15195.225005,827,1609
15195.230006,798,1610
15195.235005,978,1608
15195.240006,920,1611
15195.245005,771,1611
15195.250006,912,1610
15195.255006,945,1611
15195.260006,768,1599
15195.265007,831,1609
15195.270006,969,1608
15195.275006,835,1608
15195.280005,802,1606
15195.285007,978,1608
15195.290006,925,1600
15195.295005,757,1610
15195.300005,920,1610
15195.305006,948,1606
15195.310006,756,1610
15195.315005,812,1608
15195.320006,968,1609
15195.325006,834,1606
15195.330005,792,1609
15195.335006,987,1605
15195.340006,922,1605
15195.345006,783,1599
15195.350007,914,1602
15195.355006,938,1602
15195.360006,768,1604
15195.365006,821,1604
15195.370005,966,1606
15195.375006,822,1605
15195.380006,816,1597
15195.385006,979,1600
15195.390007,914,1601
15195.395005,773,1599
15195.400007,911,1598
15195.405006,944,1595
15195.410007,755,1598
15195.415006,810,1596
15195.420006,968,1593
15195.425007,843,1593
15195.430006,795,1596
15195.435006,978,1583
15195.440006,928,1593
15195.445006,758,1595
15195.450006,923,1592
15195.455005,938,1594
15195.460006,770,1597
15195.465005,813,1594
15195.470007,965,1593
15195.475006,834,1593
15195.480007,795,1599
15195.485006,969,1601
15195.490006,929,1600
15195.495005,759,1602
15195.500006,920,1599
15195.505006,941,1604
15195.510007,752,1605
15195.515006,831,1601
15195.520006,973,1603
15195.525006,847,1603
15195.530005,797,1602
15195.535007,970,1602
15195.540006,941,1603
15195.545006,767,1602
15195.550006,904,1602
15195.555005,939,1603
15195.560006,774,1594
15195.565005,831,1601
15195.570006,974,1601
15195.575006,825,1603
15195.580005,808,1600
15195.585006,974,1598
15195.590006,924,1602
15195.595006,770,1596
15195.600005,916,1598
15195.605007,955,1600
15195.610007,755,1602
15195.615005,829,1599
15195.620005,978,1602
15195.625006,829,1602
15195.630006,811,1600
15195.635005,972,1606
15195.640006,915,1605
15195.645006,783,1603
15195.650006,907,1605
15195.655005,939,1606
15195.660007,765,1605
15195.665007,815,1605
15195.670006,991,1603
15195.675006,833,1606
15195.680005,787,1611
15195.685007,969,1607
15195.690007,932,1608
15195.695007,759,1611
15195.700005,914,1612
15195.705007,945,1609
15195.710007,755,1614
15195.715006,818,1614
15195.720005,971,1612
15195.725005,855,1610
15195.730007,800,1607
15195.735006,974,1613
15195.740006,943,1604
15195.745005,773,1608
15195.750006,910,1607
15195.755006,942,1606
15195.760005,768,1605
15195.765006,804,1608
15195.770005,973,1607
15195.775006,832,1606
15195.780005,806,1604
15195.785007,975,1604
15195.790006,920,1608
15195.795005,776,1606
15195.800006,900,1603
15195.805005,942,1608
15195.810006,770,1603
15195.815007,813,1606
15195.820005,964,1610
15195.825006,851,1609
15195.830005,787,1612
15195.835005,992,1611
15195.840006,925,1611
15195.845007,769,1605
15195.850005,912,1614
15195.855006,949,1609
15195.860005,756,1612
15195.865006,807,1614
15195.870006,971,1612
15195.875006,843,1606
15195.880006,809,1612
15195.885006,973,1614
15195.890006,918,1613
15195.895005,772,1613
15195.900006,892,1611
15195.905005,957,1609
15195.910006,766,1607
15195.915006,808,1610
15195.920005,979,1609
15195.925005,836,1606
15195.930005,804,1606
15195.935007,971,1606
15195.940007,937,1604
15195.945007,762,1604
15195.950006,909,1605
15195.955006,946,1602
15195.960006,755,1606
15195.965006,827,1603
15195.970006,978,1604
15195.975005,837,1602
15195.980007,789,1601
15195.985007,984,1601
15195.990006,940,1604
15195.995005,768,1604
15196.000007,889,1605
15196.005006,960,1604
15196.010006,758,1607
15196.015006,822,1599
15196.020005,984,1603
15196.025006,836,1604
15196.030006,787,1598
15196.035006,974,1608
15196.040006,922,1605
15196.045005,759,1601
15196.050005,897,1603
15196.055006,960,1598
15196.060007,767,1604
15196.065006,826,1604
15196.070006,987,1601
15196.075006,841,1611
15196.080005,794,1597
15196.085006,983,1603
15196.090005,924,1601
15196.095006,772,1606
15196.100006,891,1605
15196.105006,953,1604
15196.110006,753,1604
15196.115006,821,1603
15196.120006,972,1604
15196.125005,841,1606
15196.130005,803,1595
15196.135006,982,1602
15196.140007,921,1604
15196.145006,780,1605
15196.150007,890,1609
15196.155006,967,1604
15196.160007,762,1609
15196.165006,809,1606
15196.170005,986,1611
15196.175006,839,1607
15196.180005,803,1609
15196.185007,969,1610
15196.190005,943,1606
15196.195007,759,1607
15196.200006,888,1608
15196.205005,949,1605
15196.210005,773,1606
15196.215006,816,1606
15196.220006,973,1612
15196.225006,864,1610
15196.230007,795,1611
15196.235006,970,1609
15196.240007,939,1611
15196.245006,764,1614
15196.250005,885,1614
15196.255005,959,1615
15196.260007,761,1617
15196.265006,810,1618
15196.270006,989,1620
15196.275006,861,1612
15196.280005,798,1619
15196.285006,975,1621
15196.290006,932,1613
15196.295006,767,1619
15196.300006,898,1616
15196.305007,960,1618
15196.310007,762,1623
15196.315006,830,1614
15196.320006,993,1620
15196.325006,850,1618
15196.330005,791,1622
15196.335006,970,1617
15196.340006,947,1616
15196.345006,769,1619
15196.350005,890,1618
15196.355006,945,1617
15196.360006,772,1614
15196.365006,818,1614
15196.370005,997,1610
15196.375005,857,1613
15196.380005,789,1613
15196.385006,976,1605
15196.390006,934,1612
15196.395006,752,1609
15196.400006,902,1608
15196.405005,949,1608
15196.410006,774,1599
15196.415007,816,1606
15196.420006,970,1608
15196.425006,867,1603
15196.430006,793,1601
15196.435007,970,1596
15196.440006,933,1602
15196.445006,758,1602
15196.450006,900,1600
15196.455005,958,1602
15196.460005,774,1601
15196.465007,816,1597
15196.470006,969,1602
15196.475006,850,1601
15196.480006,806,1598
15196.485006,984,1598
15196.490006,921,1598
15196.495006,750,1600
15196.500006,892,1600
15196.505007,953,1596
15196.510005,755,1603
15196.515006,829,1597
15196.520006,987,1597
15196.525006,852,1603
15196.530006,800,1600
15196.535006,965,1601
15196.540007,917,1602
15196.545005,763,1600
15196.550006,873,1601
15196.555005,953,1599
15196.560006,776,1595
15196.565005,817,1601
15196.570006,971,1601
15196.575006,865,1599
15196.580006,785,1597
15196.585006,980,1596
15196.590006,930,1597
15196.595007,753,1597
15196.600007,883,1585
15196.605006,962,1596
15196.610005,769,1595
15196.615006,805,1597
15196.620006,993,1594
15196.625005,860,1596
15196.630006,782,1597
15196.635006,978,1597
15196.640007,935,1596
15196.645005,751,1599
15196.650006,888,1591
15196.655006,966,1599
15196.660006,762,1598
15196.665007,827,1598
15196.670005,987,1600
15196.675006,853,1602
15196.680005,780,1600
15196.685006,979,1599
15196.690005,931,1602
15196.695007,752,1608
15196.700007,897,1602
15196.705006,958,1603
15196.710006,762,1609
15196.715006,828,1608
15196.720007,989,1606
15196.725006,858,1609
15196.730006,778,1611
15196.735006,980,1609
15196.740006,928,1609
15196.745006,754,1610
15196.750006,892,1609
15196.755007,957,1609
15196.760005,764,1613
15196.765006,829,1612
15196.770005,986,1613
15196.775006,859,1613
15196.780006,781,1615
15196.785007,965,1615
15196.790006,928,1616
15196.795005,776,1617
15196.800005,884,1616
15196.805005,953,1617
15196.810006,782,1618
15196.815006,817,1619
15196.820007,975,1621
15196.825006,877,1622
15196.830005,782,1621
15196.835006,973,1613
15196.840005,939,1620
15196.845006,760,1628
15196.850005,878,1622
15196.855007,952,1625
15196.860007,785,1624
15196.865007,806,1627
15196.870007,990,1621
15196.875006,868,1625
15196.880006,782,1624
15196.885007,984,1624
15196.890006,930,1628
15196.895006,775,1628
15196.900007,881,1626
15196.905006,957,1627
15196.910006,766,1629
15196.915006,830,1625
15196.920005,994,1625
15196.925005,870,1624
15196.930006,788,1626
15196.935007,961,1627
15196.940006,928,1620
15196.945006,770,1623
15196.950005,877,1625
15196.955006,949,1624
15196.960006,790,1623
15196.965006,811,1621
15196.970007,975,1623
15196.975006,879,1621
15196.980006,797,1620
15196.985006,984,1620
15196.990007,933,1618
15196.995006,763,1610
15197.000005,883,1617
15197.005005,971,1616
15197.010006,769,1617
15197.015006,829,1617
15197.020005,978,1618
15197.025007,864,1618
15197.030006,801,1613
15197.035007,964,1616
15197.040006,924,1617
15197.045005,773,1615
15197.050006,873,1612
15197.055005,952,1616
15197.060006,785,1613
15197.065005,815,1612
15197.070006,982,1615
15197.075006,865,1618
15197.080005,788,1614
15197.085005,962,1615
15197.090007,949,1611
15197.095007,767,1610
15197.100007,869,1611
15197.105005,956,1612
15197.110005,782,1600
15197.115006,813,1608
15197.120006,973,1608
15197.125006,890,1603
15197.130006,788,1606
15197.135006,964,1603
15197.140006,929,1602
15197.145006,772,1602
15197.150006,866,1601
15197.155005,954,1598
15197.160006,763,1598
15197.165006,825,1595
15197.170006,980,1595
15197.175007,865,1596
15197.180006,789,1594
15197.185006,962,1592
15197.190006,946,1588
15197.195007,758,1589
15197.200007,876,1580
15197.205006,962,1586
15197.210007,770,1587
15197.215006,824,1585
15197.220006,979,1587
15197.225005,865,1589
15197.230006,773,1585
15197.235005,980,1582
15197.240006,922,1585
15197.245005,767,1582
15197.250006,878,1584
15197.255006,956,1583
15197.260005,778,1582
15197.265006,805,1584
15197.270005,975,1581
15197.275007,884,1583
15197.280006,779,1586
15197.285006,974,1583
15197.290006,929,1583
15197.295005,752,1583
15197.300005,853,1584
15197.305005,947,1588
15197.310007,764,1592
15197.315006,814,1581
15197.320006,983,1588
15197.325006,867,1593
15197.330005,790,1591
15197.335005,970,1592
15197.340007,921,1595
15197.345007,747,1591
15197.350006,875,1596
15197.355006,959,1595
15197.360005,765,1594
15197.365007,797,1597
15197.370005,968,1600
15197.375007,891,1595
15197.380006,782,1594
15197.385005,957,1595
15197.390006,927,1595
15197.395006,745,1598
15197.400006,850,1597
15197.405006,969,1594
15197.410007,784,1594
15197.415006,816,1594
15197.420005,973,1597
15197.425005,868,1596
15197.430006,769,1598
15197.435006,957,1583
15197.440006,936,1596
15197.445006,757,1595
15197.450005,846,1600
15197.455006,947,1600
15197.460006,790,1593
15197.465006,804,1599
15197.470006,969,1597
15197.475005,891,1600
15197.480007,772,1601
15197.485006,949,1600
15197.490006,923,1603
15197.495005,771,1600
15197.500006,867,1600
15197.505006,954,1603
15197.510005,768,1607
15197.515007,821,1603
15197.520005,987,1605
15197.525006,873,1609
15197.530005,787,1605
15197.535006,971,1606
15197.540007,933,1613
15197.545006,748,1609
15197.550006,865,1611
15197.555006,955,1611
15197.560006,788,1612
15197.565005,801,1610
15197.570007,969,1614
15197.575006,896,1612
15197.580006,779,1614
15197.585006,950,1614
15197.590005,922,1623
15197.595007,759,1614
15197.600006,849,1620
15197.605006,970,1615
15197.610005,777,1620
15197.615006,813,1617
15197.620006,989,1619
15197.625005,880,1624
15197.630006,772,1626
15197.635005,971,1622
15197.640007,931,1624
15197.645006,750,1629
15197.650006,845,1631
15197.655005,973,1627
15197.660006,784,1628
15197.665006,809,1631
15197.670005,974,1634
15197.675006,900,1628
15197.680006,777,1639
15197.685007,949,1636
15197.690006,932,1633
15197.695006,771,1634
15197.700005,858,1633
15197.705007,959,1637
15197.710007,781,1637
15197.715005,828,1634
15197.720007,981,1639
15197.725006,886,1635
15197.730006,798,1635
15197.735007,961,1638
15197.740006,932,1637
15197.745005,751,1634
15197.750006,858,1637
15197.755007,960,1635
15197.760006,779,1634
15197.765005,822,1630
15197.770005,986,1630
15197.775006,889,1629
15197.780006,793,1630
15197.785006,960,1629
15197.790006,935,1625
15197.795006,750,1627
15197.800006,861,1626
15197.805005,966,1624
15197.810006,782,1624
15197.815006,825,1621
15197.820006,985,1619
15197.825005,886,1622
15197.830006,793,1621
15197.835007,947,1619
15197.840006,931,1616
15197.845006,766,1618
15197.850005,849,1618
15197.855007,962,1615
15197.860005,780,1615
15197.865006,821,1610
15197.870006,977,1615
15197.875005,888,1612
15197.880006,773,1610
15197.885006,962,1610
15197.890006,935,1605
15197.895005,758,1604
15197.900006,840,1605
15197.905006,974,1600
15197.910007,788,1601
15197.915006,808,1601
15197.920005,975,1601
15197.925005,910,1601
15197.930005,780,1601
15197.935006,957,1594
15197.940006,934,1601
15197.945006,753,1600
15197.950005,857,1601
15197.955006,965,1598
15197.960007,780,1599
15197.965006,796,1596
15197.970005,997,1596
15197.975005,909,1599
15197.980007,783,1596
15197.985006,944,1595
15197.990006,923,1599
15197.995005,761,1593
15198.000006,837,1595
15198.005006,972,1590
15198.010006,783,1593
15198.015006,799,1591
15198.020006,992,1587
15198.025006,901,1588
15198.030006,766,1590
15198.035006,959,1592
15198.040007,934,1589
15198.045005,749,1590
15198.050006,851,1592
15198.055006,966,1589
15198.060006,787,1592
15198.065007,797,1596
15198.070005,994,1594
15198.075005,893,1597
15198.080007,786,1599
15198.085006,941,1600
15198.090006,947,1602
15198.095006,748,1605
15198.100005,848,1605
15198.105006,962,1608
15198.110006,781,1611
15198.115006,798,1613
15198.120006,991,1607
15198.125006,901,1609
15198.130006,772,1608
15198.135005,958,1611
15198.140006,940,1613
15198.145005,752,1610
15198.150006,849,1613
15198.155006,956,1613
15198.160006,801,1614
15198.165006,816,1613
15198.170006,980,1616
15198.175006,910,1611
15198.180005,772,1606
15198.185006,935,1610
15198.190005,948,1609
15198.195006,752,1609
15198.200005,829,1614
15198.205006,978,1608
15198.210006,785,1607
15198.215005,814,1602
15198.220007,992,1607
15198.225007,910,1606
15198.230005,768,1610
15198.235006,947,1607
15198.240006,929,1609
15198.245007,745,1613
15198.250005,847,1610
15198.255005,969,1611
15198.260006,787,1611
15198.265006,814,1610
15198.270005,979,1612
15198.275006,898,1611
15198.280005,782,1615
15198.285006,935,1618
15198.290007,951,1614
15198.295006,752,1618
15198.300006,838,1610
15198.305006,980,1617
15198.310006,801,1614
15198.315005,796,1623
15198.320006,978,1619
15198.325006,923,1618
15198.330005,790,1618
15198.335006,944,1621
15198.340006,928,1620
15198.345006,764,1621
15198.350006,852,1616
15198.355006,963,1621
15198.360006,804,1619
15198.365006,801,1627
15198.370006,993,1617
15198.375006,916,1616
15198.380006,781,1619
15198.385006,944,1619
15198.390006,927,1619
15198.395006,763,1618
15198.400006,834,1617
15198.405005,985,1616
15198.410007,798,1614
15198.415007,804,1614
15198.420005,987,1613
15198.425006,906,1611
15198.430005,776,1614
15198.435006,939,1612
15198.440005,953,1609
15198.445007,766,1610
15198.450007,824,1614
15198.455006,977,1607
15198.460006,804,1608
15198.465005,802,1608
15198.470006,987,1606
15198.475006,911,1606
15198.480006,787,1603
15198.485005,944,1605
15198.490006,934,1604
15198.495005,751,1605
15198.500006,840,1602
15198.505006,972,1601
15198.510005,803,1601
15198.515006,801,1602
15198.520005,1000,1598
15198.525007,920,1600
15198.530007,766,1601
15198.535007,948,1598
15198.540006,945,1598
15198.545005,748,1601
15198.550006,818,1602
15198.555006,979,1596
15198.560006,805,1596
15198.565007,796,1601
15198.570005,996,1593
15198.575006,903,1600
15198.580006,771,1592
15198.585007,946,1596
15198.590006,941,1597
15198.595006,750,1600
15198.600006,818,1602
15198.605005,980,1599
15198.610006,801,1597
15198.615007,799,1598
15198.620006,992,1600
15198.625005,917,1600
15198.630005,776,1599
15198.635007,945,1599
15198.640006,941,1601
15198.645007,754,1603
15198.650006,824,1606
15198.655005,985,1601
15198.660007,802,1608
15198.665007,798,1608
15198.670006,993,1610
15198.675006,909,1612
15198.680006,791,1610
15198.685006,942,1611
15198.690005,936,1613
15198.695006,773,1611
15198.700006,841,1617
15198.705006,971,1618
15198.710006,816,1617
15198.715006,815,1618
15198.720006,977,1623
15198.725005,937,1620
15198.730006,776,1620
15198.735006,929,1625
15198.740006,954,1622
15198.745005,765,1626
15198.750007,818,1625
15198.755007,981,1625
15198.760006,803,1630
15198.765007,819,1625
15198.770005,986,1628
15198.775006,917,1627
15198.780005,784,1616
15198.785006,939,1623
15198.790006,934,1627
15198.795006,773,1626
15198.800006,827,1624
15198.805005,963,1624
15198.810006,820,1623
15198.815006,813,1622
15198.820006,979,1624
15198.825006,939,1619
15198.830005,779,1619
15198.835006,945,1622
15198.840006,943,1619
15198.845006,749,1618
15198.850005,831,1614
15198.855007,977,1618
15198.860006,804,1618
15198.865006,805,1617
15198.870006,974,1617
15198.875006,938,1611
15198.880006,773,1613
15198.885005,927,1611
15198.890006,933,1608
15198.895006,769,1608
15198.900006,820,1608
15198.905007,983,1602
15198.910005,812,1601
15198.915005,802,1599
15198.920007,989,1595
15198.925006,932,1596
15198.930006,772,1595
15198.935006,931,1594
15198.940006,932,1595
15198.945005,763,1589
15198.950005,825,1586
15198.955006,972,1591
15198.960007,799,1593
15198.965006,818,1590
15198.970006,988,1588
15198.975005,914,1591
15198.980007,766,1590
15198.985006,929,1591
15198.990006,930,1590
15198.995006,767,1587
15199.000006,819,1590
15199.005006,971,1592
15199.010005,817,1586
15199.015006,803,1591
15199.020005,977,1589
15199.025006,932,1584
15199.030005,771,1588
15199.035006,919,1591
15199.040007,927,1588
15199.045006,761,1585
15199.050006,815,1588
15199.055007,982,1587
15199.060006,817,1588
15199.065006,801,1585
15199.070007,970,1587
15199.075006,935,1584
15199.080006,773,1586
15199.085006,923,1586
15199.090006,937,1584
15199.095005,748,1584
15199.100005,808,1583
15199.105006,983,1578
15199.110006,805,1580
