t,x,y
14725.555006,965,1611
14725.560007,831,1610
14725.565006,800,1614
14725.570005,994,1611
14725.575005,924,1614
14725.580006,767,1614
14725.585006,929,1612
14725.590005,943,1613
14725.595006,769,1610
14725.600007,822,1616
14725.605005,989,1617
14725.610005,832,1620
14725.615006,802,1620
14725.620005,972,1622
14725.625007,932,1623
14725.630006,781,1621
14725.635006,925,1625
14725.640006,931,1624
14725.645007,767,1627
14725.650006,820,1626
14725.655006,970,1629
14725.660006,836,1628
14725.665007,801,1627
14725.670005,979,1624
14725.675006,930,1629
14725.680005,774,1626
14725.685007,914,1630
14725.690005,941,1628
14725.695006,770,1627
14725.700005,826,1628
14725.705006,980,1620
14725.710006,838,1625
14725.715006,804,1625
14725.720006,973,1627
14725.725006,937,1622
14725.730006,773,1622
14725.735005,917,1625
14725.740006,936,1627
14725.745005,766,1621
14725.750007,817,1622
14725.755006,984,1621
14725.760005,829,1622
14725.765006,799,1621
14725.770006,990,1616
14725.775007,926,1618
14725.780006,784,1616
14725.785007,921,1618
14725.790007,935,1619
14725.795005,768,1617
14725.800006,816,1616
14725.805005,986,1617
14725.810006,818,1620
14725.815005,796,1617
14725.820006,986,1610
14725.825006,938,1618
14725.830005,771,1617
14725.835006,911,1621
14725.840006,952,1617
14725.845006,751,1617
14725.850005,817,1612
14725.855007,977,1613
14725.860006,819,1616
14725.865006,815,1615
14725.870006,980,1612
14725.875005,921,1614
14725.880006,770,1611
14725.885006,929,1601
14725.890006,943,1610
14725.895006,773,1605
14725.900006,818,1605
14725.905006,964,1608
14725.910007,832,1604
14725.915007,800,1601
14725.920005,974,1602
14725.925005,942,1595
14725.930006,776,1600
14725.935007,923,1599
14725.940006,935,1604
14725.945006,767,1596
14725.950007,832,1601
14725.955006,965,1605
14725.960007,833,1606
14725.965006,793,1606
14725.970006,996,1606
14725.975007,923,1609
14725.980006,763,1608
14725.985005,914,1610
14725.990005,935,1609
14725.995006,772,1609
14726.000006,817,1612
14726.005006,982,1602
14726.010005,832,1606
14726.015006,803,1607
14726.020005,994,1605
14726.025006,928,1605
14726.030005,763,1607
14726.035006,914,1607
14726.040006,952,1604
14726.045007,753,1604
14726.050007,828,1595
14726.055006,973,1607
14726.060006,835,1600
14726.065007,811,1602
14726.070005,974,1602
14726.075006,919,1602
14726.080005,781,1604
14726.085005,922,1609
14726.090006,931,1605
14726.095007,771,1602
14726.100006,816,1606
14726.105006,984,1601
14726.110006,822,1602
14726.115006,791,1599
14726.120007,983,1601
14726.125007,936,1600
14726.130006,765,1598
14726.135006,930,1596
14726.140007,932,1598
14726.145006,764,1597
14726.150007,812,1598
14726.155006,981,1596
14726.160006,821,1593
14726.165006,794,1593
14726.170005,988,1586
14726.175006,928,1592
14726.180005,758,1599
14726.185006,929,1597
14726.190006,934,1599
14726.195006,767,1600
14726.200005,817,1600
14726.205007,965,1603
14726.210005,821,1604
14726.215006,798,1604
14726.220007,984,1605
14726.225007,915,1609
14726.230006,780,1608
14726.235005,911,1615
14726.240006,949,1613
14726.245006,748,1615
14726.250006,822,1615
14726.255007,974,1616
14726.260006,814,1618
14726.265006,813,1618
14726.270006,978,1616
14726.275006,921,1619
14726.280006,784,1618
14726.285006,921,1620
14726.290007,934,1621
14726.295006,757,1621
14726.300006,834,1622
14726.305006,975,1620
14726.310007,813,1623
14726.315006,810,1623
14726.320006,972,1625
14726.325006,935,1620
14726.330006,767,1622
14726.335007,927,1621
14726.340006,934,1622
14726.345006,767,1619
14726.350005,818,1619
14726.355006,989,1618
14726.360005,821,1621
14726.365006,809,1618
14726.370006,989,1615
14726.375006,914,1616
14726.380006,762,1617
14726.385005,916,1613
14726.390006,952,1609
14726.395006,756,1611
14726.400006,812,1611
14726.405007,976,1602
14726.410007,822,1606
14726.415006,813,1602
14726.420006,987,1601
14726.425006,923,1602
14726.430006,764,1599
14726.435006,913,1603
14726.440005,945,1600
14726.445006,758,1597
14726.450007,811,1599
14726.455007,980,1596
14726.460007,825,1593
14726.465006,799,1596
14726.470006,976,1594
14726.475007,917,1595
14726.480005,782,1592
14726.485005,910,1595
14726.490007,957,1588
14726.495006,753,1592
14726.500007,809,1590
14726.505006,980,1588
14726.510005,817,1589
14726.515006,813,1589
14726.520006,984,1589
14726.525006,917,1589
14726.530005,762,1587
14726.535006,925,1581
14726.540006,938,1588
14726.545006,749,1590
14726.550005,831,1590
14726.555005,973,1589
14726.560007,811,1593
14726.565006,794,1585
14726.570006,991,1591
14726.575006,924,1593
14726.580005,760,1593
14726.585005,934,1592
14726.590006,950,1593
14726.595007,751,1596
14726.600006,828,1595
14726.605007,976,1597
14726.610006,819,1597
14726.615006,803,1591
14726.620005,981,1598
14726.625006,911,1598
14726.630007,776,1593
14726.635006,917,1594
14726.640006,931,1597
14726.645006,753,1593
14726.650006,833,1595
14726.655006,968,1592
14726.660007,810,1592
14726.665006,810,1585
14726.670006,985,1590
14726.675006,917,1593
14726.680005,769,1592
14726.685007,915,1591
14726.690006,931,1596
14726.695006,764,1595
14726.700005,822,1598
14726.705005,975,1601
14726.710005,819,1602
14726.715006,799,1596
14726.720007,994,1606
14726.725007,926,1606
14726.730005,767,1610
14726.735005,915,1612
14726.740006,950,1609
14726.745005,763,1613
14726.750006,819,1616
14726.755007,973,1609
14726.760006,815,1616
14726.765007,814,1617
14726.770007,990,1619
14726.775006,925,1620
14726.780006,769,1619
14726.785007,919,1623
14726.790006,960,1623
14726.795006,764,1622
14726.800007,822,1621
14726.805006,989,1624
14726.810006,825,1623
14726.815007,797,1624
14726.820006,998,1622
14726.825006,933,1623
14726.830006,770,1624
14726.835007,920,1624
14726.840006,938,1627
14726.845006,774,1619
14726.850005,830,1625
14726.855006,977,1624
14726.860005,817,1626
14726.865007,800,1625
14726.870006,998,1623
14726.875006,931,1625
14726.880006,763,1626
14726.885005,939,1620
14726.890006,948,1621
14726.895005,760,1623
14726.900006,818,1625
14726.905006,985,1615
14726.910006,835,1620
14726.915006,812,1616
14726.920006,975,1618
14726.925005,937,1617
14726.930006,769,1615
14726.935006,913,1619
14726.940005,952,1614
14726.945006,756,1613
14726.950007,829,1609
14726.955006,981,1609
14726.960006,823,1610
14726.965007,797,1606
14726.970007,974,1603
14726.975007,916,1612
14726.980006,783,1607
14726.985005,927,1605
14726.990007,938,1606
14726.995006,753,1605
14727.000005,813,1603
14727.005005,985,1596
14727.010006,819,1601
14727.015007,793,1605
14727.020005,995,1601
14727.025007,923,1600
14727.030006,766,1602
14727.035007,930,1601
14727.040006,950,1604
14727.045006,751,1601
14727.050006,827,1602
14727.055006,974,1603
14727.060006,818,1603
14727.065006,795,1609
14727.070007,993,1605
14727.075006,926,1606
14727.080005,762,1611
14727.085006,933,1610
14727.090005,942,1611
14727.095007,759,1610
14727.100005,831,1609
14727.105007,977,1613
14727.110007,817,1614
14727.115006,801,1616
14727.120007,997,1612
14727.125005,933,1616
14727.130006,770,1616
14727.135005,916,1616
14727.140006,951,1609
14727.145006,763,1611
14727.150006,825,1611
14727.155006,965,1611
14727.160006,809,1614
14727.165006,795,1613
14727.170006,992,1603
14727.175006,933,1605
14727.180005,776,1607
14727.185006,921,1606
14727.190006,944,1599
14727.195006,764,1604
14727.200005,813,1608
14727.205007,971,1600
14727.210006,827,1608
14727.215006,801,1609
14727.220006,972,1613
14727.225005,933,1610
14727.230006,779,1608
14727.235006,917,1610
14727.240006,951,1608
14727.245006,751,1609
14727.250006,812,1613
14727.255007,974,1610
14727.260005,815,1614
14727.265006,794,1612
14727.270005,992,1601
14727.275005,930,1611
14727.280006,768,1609
14727.285006,918,1612
14727.290007,948,1604
14727.295006,748,1613
14727.300006,830,1608
14727.305006,980,1609
14727.310007,809,1614
14727.315006,812,1610
14727.320006,985,1612
14727.325006,918,1611
14727.330005,780,1607
14727.335006,914,1609
14727.340006,955,1609
14727.345006,761,1609
14727.350005,817,1606
14727.355006,984,1609
14727.360006,821,1609
14727.365007,795,1609
14727.370006,990,1606
14727.375006,929,1608
14727.380006,770,1605
14727.385005,915,1605
14727.390006,959,1602
14727.395005,757,1604
14727.400006,814,1605
14727.405005,981,1603
14727.410006,813,1605
14727.415006,805,1606
14727.420005,975,1606
14727.425005,914,1607
14727.430006,786,1605
14727.435006,925,1605
14727.440005,948,1606
14727.445006,754,1607
14727.450006,835,1609
14727.455005,972,1610
14727.460005,811,1611
14727.465006,810,1610
14727.470007,970,1615
14727.475006,932,1608
14727.480006,771,1610
14727.485005,914,1613
14727.490006,948,1606
14727.495006,760,1606
14727.500005,822,1600
14727.505005,980,1606
14727.510007,825,1608
14727.515006,810,1608
14727.520006,977,1609
14727.525005,921,1605
14727.530006,763,1610
14727.535006,933,1607
14727.540007,939,1607
14727.545006,750,1608
14727.550006,812,1614
14727.555005,988,1611
14727.560006,828,1613
14727.565005,798,1612
14727.570007,973,1617
14727.575005,937,1617
14727.580006,774,1619
14727.585006,921,1618
14727.590005,958,1617
14727.595006,769,1618
14727.600005,822,1622
14727.605006,967,1620
14727.610005,813,1621
14727.615006,819,1619
14727.620005,976,1623
14727.625006,933,1621
14727.630007,771,1621
14727.635005,915,1622
14727.640006,958,1619
14727.645006,760,1619
14727.650007,833,1618
14727.655006,978,1613
14727.660007,813,1617
14727.665006,810,1614
14727.670006,981,1617
14727.675006,923,1606
14727.680006,779,1611
14727.685005,932,1610
14727.690006,939,1610
14727.695006,754,1609
14727.700007,841,1610
14727.705005,983,1608
14727.710005,812,1611
14727.715006,814,1608
14727.720007,985,1608
14727.725005,925,1608
14727.730007,763,1608
14727.735006,942,1604
14727.740007,951,1605
14727.745006,757,1607
14727.750005,836,1606
14727.755006,976,1607
14727.760006,815,1608
14727.765006,798,1607
14727.770005,993,1601
14727.775007,923,1607
14727.780005,780,1604
14727.785007,924,1606
14727.790006,944,1605
14727.795007,754,1607
14727.800006,838,1609
14727.805006,975,1606
14727.810007,811,1610
14727.815006,811,1607
14727.820005,986,1607
14727.825005,923,1606
14727.830007,770,1608
14727.835006,923,1609
14727.840006,942,1600
14727.845006,766,1608
14727.850006,824,1608
14727.855007,988,1604
14727.860006,816,1607
14727.865007,792,1609
14727.870006,987,1609
14727.875005,921,1608
14727.880005,767,1605
14727.885006,929,1609
14727.890006,948,1604
14727.895005,768,1608
14727.900006,820,1609
14727.905006,967,1611
14727.910006,820,1603
14727.915006,811,1608
14727.920005,986,1605
14727.925005,926,1609
14727.930005,764,1611
14727.935006,938,1605
14727.940006,934,1610
14727.945006,748,1613
14727.950006,831,1611
14727.955005,962,1613
14727.960006,827,1608
14727.965005,804,1610
14727.970007,972,1615
14727.975006,936,1609
14727.980006,769,1608
14727.985005,932,1610
14727.990007,954,1612
14727.995006,751,1609
14728.000006,832,1605
14728.005006,966,1606
14728.010005,810,1606
14728.015007,814,1603
14728.020006,981,1604
14728.025006,939,1600
14728.030005,765,1602
14728.035005,921,1604
14728.040005,933,1603
14728.045006,763,1600
14728.050006,818,1600
14728.055005,985,1597
14728.060007,810,1599
14728.065006,810,1602
14728.070006,976,1602
14728.075005,918,1605
14728.080006,781,1601
14728.085006,918,1603
14728.090005,947,1601
14728.095007,748,1605
14728.100006,830,1602
14728.105006,966,1606
14728.110005,825,1604
14728.115005,805,1601
14728.120005,975,1604
14728.125007,937,1602
14728.130006,764,1604
14728.135006,914,1603
14728.140006,948,1600
14728.145006,762,1601
14728.150005,813,1604
14728.155006,985,1597
14728.160007,808,1597
14728.165006,806,1599
14728.170006,977,1599
14728.175007,914,1594
14728.180006,776,1596
14728.185007,915,1599
14728.190007,931,1601
14728.195007,770,1599
14728.200006,819,1599
14728.205005,962,1602
14728.210006,830,1600
14728.215006,814,1601
14728.220005,977,1603
14728.225006,931,1596
14728.230006,777,1602
14728.235005,920,1603
14728.240006,935,1604
14728.245006,750,1605
14728.250006,816,1601
14728.255007,978,1604
14728.260006,812,1604
14728.265007,816,1598
14728.270005,984,1604
14728.275006,917,1604
14728.280007,785,1602
14728.285006,917,1604
14728.290005,958,1602
14728.295006,772,1608
14728.300006,820,1610
14728.305006,963,1609
14728.310006,829,1607
14728.315006,809,1606
14728.320006,994,1604
14728.325005,917,1608
14728.330006,776,1609
14728.335006,930,1605
14728.340005,937,1607
14728.345006,746,1611
14728.350005,830,1611
14728.355006,971,1608
14728.360006,812,1610
14728.365006,810,1607
14728.370006,984,1610
14728.375005,934,1608
14728.380006,777,1607
14728.385006,926,1605
14728.390006,933,1608
14728.395007,769,1604
14728.400005,827,1611
14728.405005,966,1606
14728.410007,818,1599
14728.415007,812,1604
14728.420005,978,1607
14728.425005,921,1606
14728.430005,765,1602
14728.435007,937,1607
14728.440006,943,1605
14728.445006,746,1604
14728.450006,832,1600
14728.455006,962,1603
14728.460006,828,1600
14728.465005,792,1602
14728.470006,991,1597
14728.475006,916,1602
14728.480006,767,1593
14728.485006,933,1598
14728.490006,938,1599
14728.495006,765,1598
14728.500006,819,1599
14728.505006,961,1601
14728.510005,831,1596
14728.515006,811,1599
14728.520006,978,1597
14728.525006,924,1598
14728.530005,763,1597
14728.535006,935,1597
14728.540006,938,1596
14728.545005,745,1598
14728.550005,824,1596
14728.555006,966,1597
14728.560006,824,1592
14728.565006,815,1597
14728.570007,971,1600
14728.575006,931,1599
14728.580006,768,1601
14728.585006,913,1603
14728.590006,953,1602
14728.595006,759,1605
14728.600006,812,1608
14728.605007,978,1608
14728.610007,817,1605
14728.615006,800,1609
14728.620005,975,1610
14728.625006,939,1606
14728.630006,774,1612
14728.635006,918,1612
14728.640007,952,1608
14728.645007,754,1611
14728.650005,833,1609
14728.655005,968,1612
14728.660005,812,1611
14728.665005,814,1610
14728.670007,977,1612
14728.675006,928,1604
14728.680006,775,1611
14728.685006,917,1614
14728.690006,954,1613
14728.695007,757,1616
14728.700006,831,1614
14728.705005,973,1617
14728.710006,817,1613
14728.715005,810,1617
14728.720006,981,1619
14728.725006,916,1622
14728.730006,784,1617
14728.735006,929,1617
14728.740007,940,1609
14728.745006,768,1618
14728.750005,823,1617
14728.755005,971,1618
14728.760007,830,1618
14728.765006,805,1616
14728.770007,970,1620
14728.775005,936,1617
14728.780005,768,1617
14728.785007,916,1617
14728.790006,937,1613
14728.795005,768,1614
14728.800005,836,1613
14728.805005,981,1617
14728.810006,810,1611
14728.815005,812,1615
14728.820006,976,1614
14728.825005,923,1607
14728.830006,782,1612
14728.835005,924,1611
14728.840007,938,1611
14728.845006,750,1615
14728.850005,830,1611
14728.855006,975,1610
14728.860006,814,1610
14728.865006,802,1613
14728.870005,977,1604
14728.875005,930,1609
14728.880005,770,1612
14728.885007,919,1611
14728.890006,957,1609
14728.895005,758,1611
14728.900007,815,1611
14728.905006,984,1605
14728.910006,822,1610
14728.915007,792,1613
14728.920007,990,1601
14728.925007,920,1610
14728.930005,763,1611
14728.935005,932,1609
14728.940005,950,1612
14728.945006,750,1614
14728.950006,830,1603
14728.955006,983,1609
14728.960007,807,1613
14728.965006,810,1612
14728.970006,981,1614
14728.975006,942,1613
14728.980006,781,1615
14728.985006,920,1620
14728.990006,957,1614
14728.995006,752,1619
14729.000006,834,1618
14729.005007,973,1624
14729.010006,818,1621
14729.015007,802,1622
14729.020006,992,1624
14729.025005,933,1624
14729.030005,766,1630
14729.035006,942,1623
14729.040006,957,1627
14729.045006,761,1629
14729.050006,815,1632
14729.055005,977,1629
14729.060006,813,1630
14729.065005,814,1631
14729.070006,978,1632
14729.075005,940,1628
14729.080006,774,1633
14729.085006,941,1629
14729.090006,943,1630
14729.095006,755,1630
14729.100006,834,1623
14729.105006,972,1629
14729.110006,814,1633
14729.115006,802,1627
14729.120006,990,1629
14729.125006,924,1628
14729.130006,764,1630
14729.135006,943,1626
14729.140007,951,1630
14729.145006,755,1628
14729.150007,815,1633
14729.155006,982,1629
14729.160006,836,1628
14729.165007,807,1626
14729.170005,973,1632
14729.175005,937,1627
14729.180005,778,1627
14729.185007,918,1630
14729.190006,955,1628
14729.195006,763,1630
14729.200005,817,1628
14729.205006,976,1630
14729.210006,816,1632
14729.215006,820,1628
14729.220006,987,1628
14729.225006,930,1623
14729.230006,768,1625
14729.235005,920,1626
14729.240006,960,1623
14729.245005,767,1618
14729.250006,822,1618
14729.255005,982,1612
14729.260007,827,1614
14729.265006,800,1615
14729.270006,976,1615
14729.275007,943,1610
14729.280007,785,1613
14729.285006,923,1611
14729.290007,939,1609
14729.295005,753,1609
14729.300005,834,1610
14729.305006,975,1608
14729.310007,812,1609
14729.315006,820,1606
14729.320006,985,1606
14729.325007,923,1608
14729.330005,767,1606
14729.335006,931,1602
14729.340005,938,1609
14729.345006,773,1606
14729.350006,830,1607
14729.355007,969,1606
14729.360006,807,1609
14729.365006,810,1611
14729.370006,979,1606
14729.375005,919,1607
14729.380005,758,1609
14729.385006,938,1608
14729.390006,949,1605
14729.395006,761,1604
14729.400006,811,1606
14729.405006,983,1603
14729.410006,813,1602
14729.415007,793,1605
14729.420005,994,1599
14729.425005,936,1601
14729.430005,783,1601
14729.435006,928,1601
14729.440005,940,1604
14729.445006,757,1596
14729.450006,824,1606
14729.455005,977,1599
14729.460005,812,1607
14729.465006,798,1606
14729.470006,991,1608
14729.475006,922,1609
14729.480007,768,1610
14729.485006,937,1607
14729.490007,944,1610
14729.495006,758,1610
14729.500005,821,1613
14729.505005,972,1607
14729.510006,829,1613
14729.515006,800,1617
14729.520006,988,1607
14729.525007,926,1613
14729.530006,767,1618
14729.535007,918,1616
14729.540005,936,1618
14729.545007,753,1620
14729.550006,815,1618
14729.555006,984,1615
14729.560006,826,1613
14729.565006,813,1612
14729.570006,990,1612
14729.575005,926,1612
14729.580006,765,1613
14729.585006,939,1611
14729.590006,941,1611
14729.595006,757,1612
14729.600005,821,1601
14729.605006,988,1605
14729.610006,828,1604
14729.615007,803,1603
14729.620006,979,1604
14729.625006,916,1604
14729.630007,780,1598
14729.635006,920,1601
14729.640005,952,1600
14729.645005,757,1600
14729.650007,812,1600
14729.655007,986,1598
14729.660006,821,1600
14729.665005,798,1600
14729.670006,971,1599
14729.675006,938,1595
14729.680005,777,1598
14729.685007,912,1600
14729.690007,933,1595
14729.695005,749,1599
14729.700005,831,1599
14729.705006,966,1599
14729.710006,808,1598
14729.715006,818,1596
14729.720007,992,1596
14729.725007,922,1595
14729.730005,777,1596
14729.735005,927,1592
14729.740006,933,1593
14729.745006,771,1595
14729.750006,825,1592
14729.755007,963,1591
14729.760006,828,1589
14729.765007,806,1589
14729.770006,980,1588
14729.775006,917,1590
14729.780006,779,1587
14729.785006,925,1585
14729.790006,939,1585
14729.795006,754,1584
14729.800006,824,1587
14729.805005,973,1587
14729.810006,813,1585
14729.815006,794,1584
14729.820006,982,1585
14729.825007,915,1589
14729.830007,763,1587
14729.835006,914,1587
14729.840006,935,1586
14729.845006,772,1587
14729.850005,820,1587
14729.855006,963,1589
14729.860006,806,1586
14729.865007,812,1586
14729.870006,976,1587
14729.875006,929,1585
14729.880006,755,1586
14729.885005,921,1585
14729.890006,929,1586
14729.895005,758,1578
14729.900006,824,1586
14729.905006,961,1585
14729.910006,832,1584
14729.915007,802,1589
14729.920005,973,1590
14729.925005,915,1596
14729.930005,784,1591
14729.935006,923,1595
14729.940005,935,1597
14729.945006,768,1592
14729.950005,824,1597
14729.955006,965,1603
14729.960006,814,1603
14729.965006,806,1602
14729.970006,984,1601
14729.975006,926,1601
14729.980006,767,1605
14729.985006,917,1604
14729.990006,932,1602
14729.995006,769,1606
14730.000006,824,1603
14730.005007,961,1605
14730.010006,828,1600
14730.015007,799,1599
14730.020006,996,1598
14730.025006,929,1600
14730.030006,765,1599
14730.035006,912,1601
14730.040006,931,1601
14730.045005,769,1598
14730.050006,815,1601
14730.055006,973,1602
14730.060007,809,1601
14730.065006,792,1604
14730.070006,989,1604
14730.075005,930,1603
14730.080006,775,1602
14730.085006,920,1607
14730.090006,945,1607
14730.095007,753,1611
14730.100005,814,1610
14730.105006,981,1605
14730.110006,820,1610
14730.115006,798,1610
14730.120005,971,1613
14730.125007,934,1609
14730.130006,767,1611
14730.135006,929,1605
14730.140006,931,1612
14730.145006,773,1605
14730.150006,825,1606
14730.155005,975,1604
14730.160007,813,1603
14730.165007,793,1606
14730.170005,997,1601
14730.175005,927,1599
14730.180005,767,1600
14730.185006,913,1606
14730.190006,950,1602
14730.195007,748,1603
14730.200007,836,1601
14730.205005,973,1600
14730.210005,824,1602
14730.215006,801,1602
14730.220006,972,1601
14730.225005,935,1599
14730.230006,764,1600
14730.235006,938,1597
14730.240006,945,1601
14730.245006,751,1597
14730.250005,826,1592
14730.255005,975,1598
14730.260007,811,1596
14730.265006,817,1598
14730.270006,982,1598
14730.275005,929,1589
14730.280006,769,1601
14730.285005,914,1603
14730.290006,945,1599
14730.295005,746,1603
14730.300006,828,1604
14730.305006,965,1603
14730.310006,808,1605
14730.315007,808,1606
14730.320005,977,1606
14730.325005,927,1597
14730.330007,776,1605
14730.335006,916,1604
14730.340006,932,1606
14730.345007,772,1605
14730.350005,824,1604
14730.355006,963,1606
14730.360006,808,1607
14730.365006,805,1605
14730.370005,975,1609
14730.375006,915,1609
14730.380007,778,1606
14730.385006,922,1606
14730.390006,935,1610
14730.395005,775,1605
14730.400006,813,1615
14730.405006,962,1613
14730.410006,821,1614
14730.415006,796,1617
14730.420007,994,1616
14730.425006,920,1616
14730.430006,759,1622
14730.435006,936,1621
14730.440006,939,1620
14730.445006,773,1620
14730.450007,823,1620
14730.455005,974,1613
14730.460006,829,1622
14730.465006,799,1626
14730.470006,978,1625
14730.475005,942,1614
14730.480007,771,1627
14730.485006,920,1623
14730.490006,952,1623
14730.495006,754,1627
14730.500005,811,1629
14730.505005,988,1628
14730.510006,828,1628
14730.515006,809,1626
14730.520006,983,1626
14730.525006,921,1626
14730.530005,761,1629
14730.535006,914,1629
14730.540006,952,1629
14730.545006,755,1625
14730.550007,832,1624
14730.555005,971,1625
14730.560006,829,1622
14730.565006,804,1626
14730.570005,975,1627
14730.575005,935,1625
14730.580006,771,1625
14730.585006,922,1625
14730.590006,935,1629
14730.595006,770,1628
14730.600005,824,1626
14730.605006,974,1627
14730.610006,811,1630
14730.615006,819,1626
14730.620005,991,1627
14730.625005,924,1627
14730.630006,765,1627
14730.635006,931,1626
14730.640006,944,1626
14730.645006,751,1631
14730.650007,837,1625
14730.655007,982,1624
14730.660005,811,1624
14730.665006,794,1621
14730.670006,993,1617
14730.675006,922,1618
14730.680006,765,1617
14730.685006,932,1615
14730.690006,956,1612
14730.695006,767,1612
14730.700006,814,1613
14730.705007,961,1614
14730.710006,827,1612
14730.715005,796,1612
14730.720006,978,1609
14730.725005,917,1610
14730.730006,781,1604
14730.735007,936,1606
14730.740006,947,1608
14730.745005,750,1608
14730.750006,816,1607
14730.755006,969,1608
14730.760006,810,1606
14730.765007,818,1604
14730.770006,982,1606
14730.775006,914,1606
14730.780006,779,1605
14730.785006,921,1606
14730.790006,952,1607
14730.795006,760,1610
14730.800006,820,1605
14730.805005,962,1611
14730.810006,823,1607
14730.815006,804,1610
14730.820007,977,1607
14730.825006,913,1610
14730.830006,780,1605
14730.835006,924,1608
14730.840005,941,1608
14730.845006,753,1608
14730.850006,811,1609
14730.855006,989,1606
14730.860005,823,1607
14730.865007,807,1612
14730.870007,982,1604
14730.875005,924,1607
14730.880006,762,1610
14730.885005,935,1608
14730.890006,942,1610
14730.895005,754,1611
14730.900006,835,1610
14730.905005,970,1613
14730.910006,831,1605
14730.915006,812,1612
14730.920006,988,1610
14730.925006,919,1614
14730.930006,773,1609
14730.935007,928,1611
14730.940006,936,1616
14730.945006,752,1613
14730.950005,810,1619
14730.955007,984,1614
14730.960007,814,1616
14730.965006,802,1615
14730.970007,988,1611
14730.975007,939,1615
14730.980006,778,1617
14730.985006,914,1617
14730.990006,951,1616
14730.995006,750,1615
14731.000006,827,1607
14731.005006,978,1606
14731.010005,821,1612
14731.015006,797,1610
14731.020006,985,1609
14731.025006,916,1610
14731.030007,777,1610
14731.035005,925,1605
14731.040005,937,1606
14731.045006,767,1603
14731.050007,821,1609
14731.055006,965,1608
14731.060006,822,1599
14731.065006,807,1608
14731.070007,980,1605
14731.075006,920,1608
14731.080006,779,1606
14731.085006,933,1608
14731.090006,947,1609
14731.095006,766,1608
14731.100006,817,1612
14731.105007,968,1610
14731.110006,810,1612
14731.115006,812,1611
14731.120006,978,1612
14731.125005,933,1605
14731.130006,781,1614
14731.135006,925,1613
14731.140007,938,1612
14731.145006,768,1611
14731.150007,829,1610
14731.155006,971,1610
14731.160006,822,1610
14731.165007,797,1610
14731.170006,993,1609
14731.175007,933,1608
14731.180006,783,1607
14731.185006,923,1611
14731.190006,937,1603
14731.195007,766,1612
14731.200007,830,1610
14731.205005,976,1611
14731.210005,814,1609
14731.215005,801,1612
14731.220006,980,1615
14731.225006,936,1610
14731.230006,769,1611
14731.235005,922,1610
14731.240006,955,1612
14731.245005,761,1609
14731.250006,825,1609
14731.255006,964,1610
14731.260005,829,1608
14731.265006,811,1609
14731.270005,976,1609
14731.275007,938,1601
14731.280006,775,1608
14731.285006,921,1609
14731.290006,936,1601
14731.295005,764,1611
14731.300005,818,1607
14731.305005,963,1609
14731.310006,829,1608
14731.315006,805,1605
14731.320006,976,1610
14731.325005,919,1611
14731.330006,763,1612
14731.335006,930,1607
14731.340005,949,1605
14731.345006,759,1607
14731.350007,821,1609
14731.355006,973,1601
14731.360005,828,1607
14731.365007,805,1606
14731.370007,977,1605
14731.375006,920,1608
14731.380007,763,1606
14731.385005,935,1603
14731.390007,945,1601
14731.395006,753,1598
14731.400007,813,1602
14731.405006,977,1598
14731.410006,820,1600
14731.415006,798,1596
14731.420006,990,1593
14731.425006,932,1593
14731.430005,769,1597
14731.435006,918,1592
14731.440006,952,1590
14731.445007,759,1590
14731.450006,808,1591
14731.455005,978,1581
14731.460005,825,1587
14731.465007,796,1584
14731.470006,970,1587
14731.475005,931,1584
14731.480007,764,1582
14731.485006,912,1581
14731.490006,940,1574
14731.495005,763,1579
14731.500006,813,1581
14731.505007,982,1578
14731.510006,813,1577
14731.515006,788,1580
14731.520005,990,1576
14731.525006,928,1574
14731.530006,766,1573
14731.535006,914,1572
14731.540006,933,1566
14731.545006,764,1573
14731.550006,824,1569
14731.555005,965,1571
14731.560006,824,1572
14731.565006,792,1573
14731.570006,984,1571
14731.575006,931,1568
14731.580005,769,1574
14731.585005,917,1575
14731.590006,925,1576
14731.595006,756,1576
14731.600006,815,1577
14731.605006,963,1578
14731.610007,803,1579
14731.615006,797,1574
14731.620005,985,1574
14731.625007,928,1578
14731.630006,766,1583
14731.635006,911,1586
14731.640006,945,1585
14731.645006,751,1587
14731.650006,807,1590
14731.655005,977,1591
14731.660006,811,1594
14731.665006,792,1596
14731.670006,989,1596
14731.675007,918,1597
14731.680006,762,1599
14731.685006,915,1604
14731.690007,956,1601
14731.695007,760,1603
14731.700007,817,1606
14731.705005,966,1607
14731.710006,809,1614
14731.715005,815,1610
14731.720006,982,1614
14731.725007,918,1616
14731.730007,784,1611
14731.735007,931,1614
14731.740006,936,1618
14731.745006,773,1615
14731.750006,828,1614
14731.755006,976,1614
14731.760006,808,1619
14731.765006,818,1614
14731.770007,979,1615
14731.775007,938,1615
14731.780006,779,1614
14731.785006,922,1618
14731.790007,950,1611
14731.795005,761,1615
14731.800005,816,1616
14731.805005,988,1614
14731.810006,831,1616
14731.815005,798,1618
14731.820006,995,1618
14731.825006,921,1616
14731.830005,774,1610
14731.835006,921,1619
14731.840006,957,1618
14731.845006,759,1622
14731.850007,842,1617
14731.855005,972,1621
14731.860005,810,1624
14731.865007,814,1622
14731.870005,986,1619
14731.875006,925,1621
14731.880006,769,1622
14731.885006,943,1625
14731.890006,951,1621
14731.895005,762,1620
14731.900007,819,1623
14731.905006,969,1624
14731.910006,838,1616
14731.915006,810,1620
14731.920006,980,1620
14731.925006,942,1616
14731.930005,772,1618
14731.935006,926,1616
14731.940005,961,1618
14731.945006,758,1616
14731.950005,826,1616
14731.955007,963,1615
14731.960007,826,1616
14731.965006,799,1618
14731.970007,986,1617
14731.975006,921,1617
14731.980007,780,1613
14731.985006,928,1614
14731.990007,939,1613
14731.995007,751,1612
14732.000005,829,1612
14732.005006,964,1614
14732.010006,829,1613
14732.015006,797,1613
14732.020006,1000,1608
14732.025006,923,1609
14732.030005,785,1605
14732.035006,922,1606
14732.040007,938,1606
14732.045007,749,1603
14732.050006,834,1604
14732.055006,971,1603
14732.060006,814,1600
14732.065005,795,1602
14732.070006,991,1601
14732.075006,930,1599
14732.080006,765,1601
14732.085006,929,1596
14732.090006,948,1598
14732.095007,766,1595
14732.100006,825,1598
14732.105006,971,1596
14732.110006,808,1598
14732.115006,795,1598
14732.120006,990,1591
14732.125005,932,1594
14732.130006,765,1597
14732.135005,934,1594
14732.140007,935,1597
14732.145005,747,1598
14732.150006,825,1597
14732.155006,968,1595
14732.160006,831,1598
14732.165006,802,1600
14732.170006,978,1597
14732.175006,916,1600
14732.180007,762,1601
14732.185006,934,1602
14732.190007,939,1604
14732.195006,748,1610
14732.200005,835,1607
14732.205006,970,1609
14732.210006,810,1612
14732.215006,808,1609
14732.220005,979,1611
14732.225006,914,1615
14732.230007,783,1614
14732.235006,921,1614
14732.240006,932,1612
14732.245006,768,1611
14732.250006,819,1611
14732.255007,963,1613
14732.260005,829,1612
14732.265006,805,1606
14732.270005,974,1610
14732.275006,935,1609
14732.280006,772,1607
14732.285006,919,1605
14732.290006,951,1608
14732.295007,763,1607
14732.300006,829,1605
14732.305005,986,1605
14732.310006,811,1609
14732.315005,810,1607
14732.320006,989,1610
14732.325005,917,1611
14732.330006,778,1610
14732.335005,920,1611
14732.340006,955,1611
14732.345006,754,1614
14732.350005,813,1615
14732.355007,986,1612
14732.360006,826,1616
14732.365007,799,1613
14732.370007,974,1617
14732.375006,935,1617
14732.380006,775,1614
14732.385005,923,1618
14732.390007,932,1620
14732.395007,766,1617
14732.400005,827,1617
14732.405006,969,1619
14732.410006,814,1622
14732.415006,814,1618
14732.420006,989,1617
14732.425006,925,1617
14732.430005,769,1620
14732.435005,921,1623
14732.440005,940,1622
14732.445006,754,1624
14732.450005,840,1622
14732.455007,980,1624
14732.460007,814,1627
14732.465006,812,1629
14732.470006,983,1629
14732.475006,933,1630
14732.480006,763,1632
14732.485006,919,1632
14732.490006,960,1630
14732.495006,761,1628
14732.500005,819,1633
14732.505006,984,1632
14732.510005,824,1633
14732.515006,798,1629
14732.520006,995,1626
14732.525006,932,1625
14732.530007,775,1626
14732.535006,920,1627
14732.540006,954,1623
14732.545005,764,1623
14732.550005,823,1624
14732.555006,969,1625
14732.560006,833,1622
14732.565007,808,1622
14732.570005,973,1627
14732.575005,934,1617
14732.580006,782,1624
14732.585006,927,1622
14732.590006,943,1621
14732.595006,750,1626
14732.600005,835,1621
14732.605006,978,1618
14732.610005,819,1620
14732.615006,797,1620
14732.620005,998,1616
14732.625006,925,1613
14732.630007,770,1611
14732.635006,942,1606
14732.640006,941,1605
14732.645005,761,1595
14732.650006,835,1601
14732.655006,971,1599
14732.660007,808,1601
14732.665006,794,1599
14732.670005,991,1597
14732.675005,924,1592
14732.680006,773,1593
14732.685006,922,1592
14732.690005,934,1592
14732.695006,749,1594
14732.700006,825,1591
14732.705005,968,1593
14732.710006,815,1593
14732.715005,807,1591
14732.720006,986,1592
14732.725006,919,1598
14732.730006,781,1591
14732.735005,924,1592
14732.740006,942,1592
14732.745005,750,1595
14732.750006,825,1589
14732.755005,977,1593
14732.760006,811,1592
14732.765006,791,1593
14732.770006,971,1593
14732.775006,924,1594
14732.780005,762,1593
14732.785006,931,1588
14732.790006,934,1589
14732.795006,755,1587
14732.800007,811,1587
14732.805006,984,1584
14732.810007,807,1587
14732.815006,813,1583
14732.820006,981,1584
14732.825006,916,1586
14732.830006,757,1585
14732.835006,917,1577
14732.840006,939,1581
14732.845006,744,1585
14732.850006,821,1579
14732.855007,962,1585
14732.860006,824,1582
14732.865005,795,1582
14732.870005,966,1584
14732.875007,927,1584
14732.880007,781,1580
14732.885006,913,1584
14732.890007,934,1582
14732.895006,767,1584
14732.900007,817,1586
14732.905007,966,1588
14732.910006,804,1591
14732.915007,790,1592
14732.920005,975,1595
14732.925005,914,1599
14732.930005,778,1597
14732.935006,922,1600
14732.940005,932,1601
14732.945006,772,1599
14732.950005,824,1602
14732.955006,964,1603
14732.960007,811,1603
14732.965005,796,1603
14732.970006,972,1605
14732.975005,935,1602
14732.980007,769,1604
14732.985007,918,1603
14732.990006,933,1603
14732.995005,748,1602
14733.000007,817,1602
14733.005006,986,1598
14733.010006,824,1601
14733.015006,799,1600
14733.020005,971,1601
14733.025007,925,1601
14733.030006,774,1594
14733.035007,930,1598
14733.040006,936,1601
14733.045007,769,1599
14733.050007,818,1598
14733.055006,970,1598
14733.060007,810,1600
14733.065006,814,1600
14733.070006,982,1598
14733.075005,920,1599
14733.080007,762,1604
14733.085006,939,1601
14733.090006,943,1605
14733.095006,751,1609
14733.100005,836,1608
14733.105007,966,1610
14733.110006,826,1604
14733.115006,803,1610
14733.120006,981,1612
14733.125006,917,1614
14733.130006,779,1606
14733.135006,930,1613
14733.140006,934,1618
14733.145006,750,1618
14733.150007,833,1615
14733.155007,972,1616
14733.160007,826,1617
14733.165006,805,1613
14733.170005,982,1616
14733.175006,916,1624
14733.180005,786,1618
14733.185007,926,1616
14733.190007,941,1620
14733.195006,753,1623
14733.200005,835,1619
14733.205005,977,1621
14733.210005,810,1624
14733.215006,797,1626
14733.220007,974,1626
14733.225006,940,1622
14733.230006,777,1621
14733.235005,920,1623
14733.240006,933,1622
14733.245005,774,1623
14733.250006,820,1620
14733.255006,965,1624
14733.260006,824,1620
14733.265007,803,1617
14733.270006,978,1616
14733.275006,929,1619
14733.280006,765,1622
14733.285006,922,1616
14733.290006,950,1614
14733.295005,756,1618
14733.300006,830,1614
14733.305005,970,1617
14733.310006,834,1613
14733.315005,810,1616
14733.320006,974,1614
14733.325006,914,1622
14733.330005,782,1614
14733.335005,928,1612
14733.340007,946,1612
14733.345006,757,1612
14733.350005,822,1614
14733.355006,961,1614
14733.360006,826,1612
14733.365007,809,1612
14733.370007,971,1615
14733.375007,939,1611
14733.380006,781,1608
14733.385005,921,1611
14733.390006,938,1610
14733.395005,759,1608
14733.400006,827,1606
14733.405005,968,1604
14733.410006,815,1604
14733.415007,792,1608
14733.420006,988,1603
14733.425006,930,1604
14733.430005,772,1603
14733.435006,912,1609
14733.440006,943,1607
14733.445007,749,1609
14733.450006,810,1611
14733.455005,981,1610
14733.460005,810,1609
14733.465006,809,1604
14733.470006,987,1611
14733.475006,915,1611
14733.480006,780,1607
14733.485006,917,1607
14733.490006,955,1605
14733.495005,765,1607
14733.500007,818,1606
14733.505006,973,1606
14733.510005,814,1605
14733.515006,805,1601
14733.520006,995,1605
14733.525006,919,1605
14733.530005,781,1605
14733.535006,923,1604
14733.540006,932,1608
14733.545005,770,1604
14733.550006,819,1608
14733.555005,962,1613
14733.560006,825,1611
14733.565006,797,1612
14733.570006,978,1614
14733.575006,925,1606
14733.580005,776,1617
14733.585006,920,1620
14733.590005,956,1620
14733.595006,754,1625
14733.600005,834,1622
14733.605006,985,1626
14733.610006,812,1626
14733.615006,813,1624
14733.620006,979,1631
14733.625006,935,1625
14733.630006,774,1629
14733.635005,918,1626
14733.640006,950,1625
14733.645005,755,1627
14733.650006,820,1616
14733.655006,983,1624
14733.660006,819,1624
14733.665006,795,1629
14733.670007,987,1622
14733.675006,925,1622
14733.680006,763,1627
14733.685006,938,1622
14733.690005,946,1627
14733.695006,754,1622
14733.700005,832,1626
14733.705006,976,1622
14733.710006,818,1626
14733.715007,815,1616
14733.720005,989,1624
14733.725005,918,1625
14733.730006,790,1621
14733.735006,938,1621
14733.740006,947,1626
14733.745005,752,1626
14733.750006,840,1619
14733.755007,983,1624
14733.760007,818,1621
14733.765006,806,1612
14733.770006,989,1616
14733.775006,921,1618
14733.780005,780,1612
14733.785006,929,1615
14733.790006,938,1613
14733.795007,756,1613
14733.800007,815,1612
14733.805006,982,1606
14733.810006,824,1608
14733.815006,798,1610
14733.820006,996,1609
14733.825006,923,1611
14733.830005,778,1604
14733.835006,927,1606
14733.840005,938,1606
14733.845006,755,1607
14733.850006,814,1606
14733.855007,979,1604
14733.860007,818,1599
14733.865007,814,1605
14733.870007,979,1605
14733.875006,923,1604
14733.880006,767,1605
14733.885005,915,1605
14733.890006,957,1604
14733.895005,760,1604
14733.900006,817,1606
14733.905006,987,1605
14733.910007,820,1604
14733.915007,797,1609
14733.920006,992,1602
14733.925007,930,1611
14733.930006,762,1613
14733.935007,932,1610
14733.940006,943,1610
14733.945007,764,1604
14733.950005,829,1609
14733.955006,969,1618
14733.960006,819,1614
14733.965006,811,1616
14733.970006,983,1614
14733.975006,941,1610
14733.980006,780,1616
14733.985006,922,1614
14733.990005,934,1616
14733.995005,770,1614
14734.000006,818,1615
14734.005006,985,1614
14734.010006,816,1615
14734.015007,793,1616
14734.020006,970,1613
14734.025006,934,1614
14734.030006,761,1614
14734.035006,934,1614
14734.040006,943,1613
14734.045005,770,1612
14734.050006,821,1610
14734.055005,972,1611
14734.060007,816,1612
14734.065007,789,1616
14734.070006,990,1612
14734.075005,936,1614
14734.080006,767,1616
14734.085007,915,1614
14734.090006,935,1617
14734.095006,749,1619
14734.100005,836,1615
14734.105007,979,1619
14734.110006,818,1618
14734.115006,795,1618
14734.120006,992,1616
14734.125006,923,1617
14734.130006,761,1618
14734.135006,929,1617
14734.140006,954,1617
14734.145005,755,1620
14734.150006,816,1619
14734.155005,962,1623
14734.160006,813,1619
14734.165005,793,1623
14734.170007,991,1620
14734.175006,935,1621
14734.180006,770,1622
14734.185006,914,1628
14734.190006,935,1628
14734.195006,764,1619
14734.200006,835,1632
14734.205006,975,1627
14734.210006,816,1633
14734.215005,812,1631
14734.220006,984,1626
14734.225006,932,1634
14734.230006,771,1635
14734.235005,920,1634
14734.240007,935,1635
14734.245007,751,1629
14734.250006,828,1631
14734.255006,969,1632
14734.260006,832,1631
14734.265006,817,1630
14734.270006,977,1630
14734.275006,933,1630
14734.280005,779,1628
14734.285007,917,1626
14734.290006,936,1628
14734.295005,771,1626
14734.300005,826,1627
14734.305005,976,1627
14734.310006,825,1625
14734.315007,795,1627
14734.320005,994,1624
14734.325005,934,1624
14734.330006,780,1622
14734.335006,921,1621
14734.340005,938,1624
14734.345006,773,1620
14734.350005,818,1612
14734.355006,985,1618
14734.360005,825,1618
14734.365006,799,1619
14734.370006,974,1615
14734.375006,914,1618
14734.380007,784,1613
14734.385005,925,1613
14734.390006,949,1613
14734.395005,762,1609
14734.400006,820,1611
14734.405006,969,1608
14734.410006,832,1608
14734.415006,794,1605
14734.420006,988,1600
14734.425007,923,1600
14734.430005,762,1601
14734.435006,913,1595
14734.440005,954,1598
14734.445007,749,1597
14734.450006,809,1597
14734.455005,979,1594
14734.460005,818,1590
14734.465006,798,1590
14734.470007,970,1593
14734.475006,926,1582
14734.480006,777,1590
14734.485006,916,1588
14734.490005,930,1588
14734.495006,746,1591
14734.500006,808,1588
14734.505006,964,1589
14734.510006,829,1582
14734.515006,805,1587
14734.520005,976,1586
14734.525007,911,1585
14734.530006,777,1586
14734.535006,921,1588
14734.540007,935,1586
14734.545007,753,1588
14734.550006,815,1589
14734.555005,965,1591
14734.560007,811,1592
14734.565006,794,1592
14734.570006,977,1593
14734.575006,913,1594
14734.580006,781,1596
14734.585007,922,1598
14734.590006,940,1598
14734.595007,757,1596
14734.600006,816,1599
14734.605006,980,1591
14734.610006,829,1599
14734.615006,798,1600
14734.620006,973,1601
14734.625006,935,1600
14734.630006,766,1602
14734.635006,909,1601
14734.640006,955,1601
14734.645006,762,1602
14734.650005,819,1603
14734.655006,964,1603
14734.660007,829,1596
14734.665006,808,1608
14734.670005,974,1611
14734.675005,915,1609
14734.680005,771,1602
14734.685006,929,1611
14734.690005,940,1613
14734.695007,750,1619
14734.700006,813,1619
14734.705006,984,1613
14734.710007,813,1622
14734.715006,818,1620
14734.720007,988,1622
14734.725007,923,1621
14734.730005,762,1621
14734.735005,917,1623
14734.740006,956,1622
14734.745006,761,1621
14734.750005,812,1622
14734.755006,980,1616
14734.760006,827,1620
14734.765006,799,1620
14734.770005,976,1622
14734.775006,920,1617
14734.780006,761,1618
14734.785007,930,1616
14734.790006,940,1620
14734.795006,756,1618
14734.800006,811,1618
14734.805005,987,1615
14734.810006,825,1618
14734.815005,796,1613
14734.820006,969,1614
14734.825007,939,1610
14734.830006,776,1610
14734.835007,911,1611
14734.840005,936,1609
14734.845006,762,1603
14734.850006,816,1606
14734.855006,985,1608
14734.860006,829,1609
14734.865007,802,1609
14734.870007,977,1609
14734.875005,915,1612
14734.880005,779,1608
14734.885006,911,1610
14734.890006,949,1605
14734.895005,756,1610
14734.900006,810,1608
14734.905006,965,1610
14734.910006,829,1600
14734.915006,810,1604
14734.920006,977,1604
14734.925006,914,1605
14734.930006,781,1604
14734.935007,921,1600
14734.940006,938,1603
14734.945006,750,1601
14734.950005,830,1603
14734.955006,967,1599
14734.960007,811,1599
14734.965006,788,1597
14734.970007,994,1596
14734.975006,934,1599
14734.980007,774,1594
14734.985006,914,1595
14734.990005,945,1594
14734.995006,752,1597
14735.000005,816,1592
14735.005005,963,1595
14735.010006,811,1599
14735.015006,805,1586
14735.020005,987,1593
14735.025006,918,1593
14735.030005,768,1595
14735.035006,918,1594
14735.040006,934,1594
14735.045005,755,1594
14735.050005,815,1596
14735.055005,969,1594
14735.060007,819,1594
14735.065007,793,1597
14735.070005,972,1596
14735.075005,931,1594
14735.080006,755,1596
14735.085005,909,1592
14735.090006,953,1592
14735.095007,762,1593
14735.100006,815,1595
14735.105006,969,1593
14735.110006,813,1597
14735.115007,814,1592
14735.120006,982,1590
14735.125006,916,1593
14735.130006,755,1596
14735.135006,908,1593
14735.140006,937,1588
14735.145006,772,1592
14735.150006,829,1591
14735.155005,974,1596
14735.160006,816,1598
14735.165006,794,1598
14735.170006,972,1594
14735.175006,918,1595
14735.180006,762,1599
14735.185007,910,1599
14735.190006,934,1602
14735.195006,769,1596
14735.200005,820,1599
14735.205006,972,1600
14735.210006,816,1602
14735.215006,795,1604
14735.220006,973,1604
14735.225006,934,1599
14735.230007,782,1601
14735.235006,928,1605
14735.240007,940,1604
14735.245007,757,1609
14735.250005,815,1609
14735.255005,965,1614
14735.260006,835,1609
14735.265006,809,1610
14735.270005,973,1610
14735.275006,929,1610
14735.280006,760,1612
14735.285006,910,1606
14735.290006,947,1614
14735.295006,752,1619
14735.300007,835,1610
14735.305005,984,1613
14735.310007,821,1614
14735.315007,793,1615
14735.320006,973,1617
14735.325007,917,1618
14735.330005,783,1616
14735.335005,918,1617
14735.340006,942,1619
14735.345007,753,1621
14735.350006,810,1621
14735.355007,983,1619
14735.360006,823,1618
14735.365006,810,1613
14735.370005,984,1618
14735.375007,919,1618
14735.380006,780,1614
14735.385005,920,1613
14735.390006,938,1615
14735.395006,754,1615
14735.400007,814,1614
14735.405006,970,1608
14735.410006,829,1611
14735.415006,791,1614
14735.420007,986,1610
14735.425006,928,1613
14735.430006,769,1614
14735.435006,926,1615
14735.440005,939,1614
14735.445007,756,1617
14735.450006,811,1616
14735.455005,986,1615
14735.460006,831,1616
14735.465006,808,1618
14735.470007,978,1617
14735.475007,914,1621
14735.480006,762,1610
14735.485005,909,1612
14735.490007,946,1615
14735.495007,753,1616
14735.500006,809,1617
14735.505007,982,1612
14735.510005,814,1617
14735.515007,811,1614
14735.520006,976,1613
14735.525006,913,1617
14735.530005,762,1614
14735.535006,920,1607
14735.540007,953,1610
14735.545006,764,1610
14735.550006,817,1609
14735.555005,963,1615
14735.560007,831,1612
14735.565006,801,1611
14735.570006,971,1611
14735.575006,928,1606
14735.580006,777,1612
14735.585006,910,1612
14735.590005,930,1615
14735.595007,763,1610
14735.600006,818,1612
14735.605005,986,1611
14735.610005,824,1612
14735.615007,796,1612
14735.620005,994,1610
14735.625006,922,1610
14735.630007,757,1614
14735.635007,906,1619
14735.640006,935,1616
14735.645006,753,1616
14735.650007,815,1617
14735.655006,986,1612
14735.660005,836,1619
14735.665005,803,1617
14735.670007,988,1620
14735.675006,929,1620
14735.680006,769,1623
14735.685006,912,1624
14735.690006,950,1616
14735.695006,770,1623
14735.700005,821,1622
14735.705005,972,1625
14735.710006,841,1621
14735.715005,813,1623
14735.720007,982,1622
14735.725006,919,1624
14735.730007,779,1621
14735.735006,908,1622
14735.740007,961,1620
14735.745006,759,1619
14735.750006,816,1618
14735.755007,981,1618
14735.760006,827,1618
14735.765007,793,1618
14735.770007,990,1615
14735.775006,930,1616
14735.780005,762,1616
14735.785006,925,1610
14735.790006,946,1614
14735.795005,763,1620
14735.800005,817,1614
14735.805005,965,1616
14735.810006,840,1611
14735.815005,804,1614
14735.820006,975,1615
14735.825005,932,1614
14735.830006,776,1612
14735.835006,909,1615
14735.840005,938,1615
14735.845007,765,1612
14735.850006,832,1618
14735.855007,977,1613
14735.860006,822,1614
14735.865006,804,1608
14735.870005,970,1618
14735.875007,937,1609
14735.880007,771,1611
14735.885006,918,1609
14735.890006,936,1610
14735.895005,768,1605
14735.900007,833,1601
14735.905006,973,1604
14735.910006,817,1605
14735.915006,809,1599
14735.920005,988,1601
14735.925006,929,1601
14735.930006,758,1604
14735.935006,913,1601
14735.940005,939,1603
14735.945006,753,1604
14735.950006,832,1603
14735.955006,976,1606
14735.960007,826,1606
14735.965005,809,1605
14735.970006,979,1609
14735.975005,933,1610
14735.980006,770,1609
14735.985005,917,1610
14735.990007,938,1609
14735.995005,773,1608
14736.000006,819,1609
14736.005006,972,1609
14736.010005,824,1608
14736.015006,791,1609
14736.020006,988,1604
14736.025006,924,1606
14736.030006,767,1603
14736.035006,907,1607
14736.040005,938,1604
14736.045006,775,1604
14736.050006,824,1604
14736.055006,972,1604
14736.060006,820,1605
14736.065006,795,1605
14736.070006,975,1605
14736.075006,916,1606
14736.080006,778,1603
14736.085007,930,1602
14736.090005,955,1605
14736.095006,763,1604
14736.100005,817,1605
14736.105007,963,1609
14736.110006,839,1608
14736.115007,799,1608
14736.120007,978,1605
14736.125005,919,1609
14736.130005,784,1607
14736.135007,921,1608
14736.140006,948,1608
14736.145005,755,1606
14736.150006,807,1605
14736.155006,984,1605
14736.160006,827,1605
14736.165006,790,1604
14736.170005,971,1607
14736.175006,914,1606
14736.180006,777,1602
14736.185007,919,1605
14736.190006,948,1601
14736.195006,760,1604
14736.200006,814,1607
14736.205006,985,1605
14736.210006,823,1604
14736.215006,792,1608
14736.220006,986,1606
14736.225006,918,1606
14736.230007,782,1604
14736.235006,917,1604
14736.240005,941,1609
14736.245006,757,1607
14736.250005,809,1606
14736.255006,985,1603
14736.260006,822,1604
14736.265007,816,1601
14736.270005,989,1601
14736.275006,926,1602
14736.280006,769,1602
14736.285006,916,1603
14736.290006,940,1603
14736.295005,756,1597
14736.300006,810,1604
14736.305006,987,1603
14736.310006,832,1601
14736.315005,805,1604
14736.320006,981,1603
14736.325006,926,1602
14736.330006,766,1603
14736.335006,915,1600
14736.340005,938,1603
14736.345007,759,1603
14736.350007,818,1604
14736.355005,966,1604
14736.360005,842,1600
14736.365007,798,1600
14736.370006,972,1600
14736.375006,940,1600
14736.380006,769,1600
14736.385006,910,1601
14736.390006,936,1600
14736.395006,774,1598
14736.400006,818,1597
14736.405005,966,1601
14736.410006,834,1598
14736.415006,800,1598
14736.420006,973,1598
14736.425006,915,1598
14736.430005,781,1596
14736.435007,918,1595
14736.440007,945,1593
14736.445006,762,1594
14736.450005,808,1598
14736.455007,976,1598
14736.460005,822,1596
14736.465006,792,1595
14736.470006,987,1593
14736.475007,936,1597
14736.480005,775,1597
14736.485005,917,1594
14736.490006,934,1597
14736.495005,770,1597
14736.500007,819,1594
14736.505006,970,1594
14736.510006,817,1595
14736.515006,794,1593
14736.520005,992,1592
14736.525006,929,1592
14736.530005,768,1594
14736.535007,916,1594
14736.540006,936,1595
14736.545006,768,1590
14736.550007,811,1594
14736.555005,966,1595
14736.560006,820,1598
14736.565005,809,1596
14736.570006,983,1594
14736.575005,919,1595
14736.580006,757,1600
14736.585007,906,1596
14736.590006,955,1593
14736.595006,768,1599
14736.600006,819,1598
14736.605005,965,1601
14736.610005,840,1595
14736.615006,800,1598
14736.620005,975,1602
14736.625006,914,1604
14736.630006,759,1601
14736.635006,925,1604
14736.640006,951,1604
14736.645005,765,1609
14736.650006,816,1610
14736.655006,977,1600
14736.660007,836,1611
14736.665007,811,1609
14736.670006,976,1612
14736.675006,917,1616
14736.680005,763,1618
14736.685006,926,1619
14736.690006,949,1617
14736.695006,758,1617
14736.700006,818,1619
14736.705005,974,1620
14736.710006,822,1621
14736.715006,818,1619
14736.720006,988,1622
14736.725006,926,1620
14736.730006,770,1626
14736.735005,912,1619
14736.740006,957,1625
14736.745005,760,1620
14736.750007,812,1624
14736.755006,980,1624
14736.760005,822,1620
14736.765006,807,1619
14736.770005,976,1619
14736.775006,927,1619
14736.780006,765,1618
14736.785007,925,1612
14736.790007,949,1615
14736.795006,752,1618
14736.800007,838,1613
14736.805007,984,1616
14736.810006,841,1611
14736.815006,806,1613
14736.820006,979,1614
14736.825006,915,1618
14736.830006,780,1617
14736.835007,917,1616
14736.840006,939,1620
14736.845006,751,1620
14736.850006,829,1616
14736.855006,980,1619
14736.860006,821,1621
14736.865005,808,1617
14736.870006,986,1617
14736.875005,928,1614
14736.880005,758,1620
14736.885007,911,1606
14736.890006,950,1604
14736.895006,772,1611
14736.900006,817,1612
14736.905005,972,1601
14736.910006,837,1609
14736.915006,792,1608
14736.920006,964,1611
14736.925006,930,1607
14736.930007,767,1606
14736.935007,900,1609
14736.940006,933,1606
14736.945005,775,1608
14736.950006,814,1609
14736.955006,969,1606
14736.960007,833,1609
14736.965006,797,1614
14736.970006,970,1614
14736.975005,932,1611
14736.980006,763,1614
14736.985005,902,1618
14736.990005,953,1613
14736.995006,757,1616
14737.000006,811,1616
14737.005006,982,1616
14737.010006,818,1618
14737.015007,814,1617
14737.020005,972,1622
14737.025006,932,1619
14737.030005,763,1621
14737.035006,927,1619
14737.040006,949,1620
14737.045005,757,1620
14737.050006,832,1619
14737.055005,972,1621
14737.060006,822,1619
14737.065005,795,1620
14737.070006,989,1619
14737.075006,930,1615
14737.080005,767,1618
14737.085005,907,1617
14737.090006,957,1615
14737.095005,764,1615
14737.100005,812,1612
14737.105007,986,1612
14737.110007,825,1613
14737.115005,803,1608
14737.120005,973,1611
14737.125007,939,1609
14737.130007,766,1609
14737.135005,901,1610
14737.140006,958,1605
14737.145005,750,1609
14737.150006,828,1606
14737.155006,980,1607
14737.160006,820,1606
14737.165006,809,1602
14737.170006,973,1605
14737.175006,933,1603
14737.180006,763,1602
14737.185007,924,1600
14737.190006,953,1600
14737.195006,753,1600
14737.200006,827,1600
14737.205005,975,1599
14737.210005,825,1594
14737.215006,801,1600
14737.220006,974,1601
14737.225006,933,1594
14737.230005,772,1600
14737.235005,909,1601
14737.240006,949,1594
14737.245005,758,1596
14737.250005,808,1600
14737.255005,990,1596
14737.260006,833,1596
14737.265006,795,1597
14737.270005,969,1597
14737.275007,929,1596
14737.280006,762,1595
14737.285006,919,1590
14737.290006,958,1593
14737.295006,762,1596
14737.300006,816,1595
14737.305005,972,1595
14737.310006,822,1599
14737.315005,808,1593
14737.320007,983,1596
14737.325006,923,1600
14737.330006,761,1596
14737.335007,903,1595
14737.340007,935,1598
14737.345007,771,1595
14737.350005,819,1598
14737.355006,965,1599
14737.360007,821,1600
14737.365007,808,1598
14737.370006,979,1601
14737.375005,926,1597
14737.380006,763,1596
14737.385005,927,1602
14737.390006,947,1600
14737.395006,754,1603
14737.400006,829,1605
14737.405005,972,1602
14737.410006,825,1602
14737.415006,795,1602
14737.420006,994,1603
14737.425006,933,1605
14737.430006,772,1604
14737.435006,907,1604
14737.440005,936,1608
14737.445006,779,1605
14737.450006,828,1610
14737.455005,977,1609
14737.460006,825,1609
14737.465006,815,1607
14737.470007,985,1610
14737.475006,919,1610
14737.480006,759,1613
14737.485006,917,1611
14737.490007,943,1610
14737.495007,754,1613
14737.500005,813,1613
14737.505005,986,1610
14737.510006,832,1613
14737.515006,802,1613
14737.520006,977,1617
14737.525006,940,1614
14737.530005,771,1616
14737.535007,906,1617
14737.540006,941,1619
14737.545005,774,1614
14737.550006,829,1619
14737.555006,973,1618
14737.560007,826,1623
14737.565006,796,1623
14737.570006,988,1623
14737.575007,932,1621
14737.580006,764,1623
14737.585006,925,1626
14737.590006,947,1626
14737.595005,754,1627
14737.600005,829,1624
14737.605006,991,1627
14737.610005,845,1627
14737.615006,807,1626
14737.620006,984,1628
14737.625005,926,1629
14737.630005,761,1627
14737.635006,902,1629
14737.640007,952,1628
14737.645005,756,1628
14737.650006,812,1629
14737.655007,985,1622
14737.660005,843,1627
14737.665006,804,1624
14737.670006,970,1628
14737.675006,940,1631
14737.680005,769,1625
14737.685006,905,1626
14737.690005,951,1627
14737.695007,754,1631
14737.700005,834,1628
14737.705007,974,1624
14737.710006,847,1621
14737.715005,799,1624
14737.720006,986,1622
14737.725006,937,1622
14737.730007,761,1623
14737.735006,899,1624
14737.740006,955,1621
14737.745006,763,1619
14737.750006,809,1618
14737.755007,971,1610
14737.760006,844,1612
14737.765006,800,1614
14737.770005,965,1615
14737.775006,938,1612
14737.780005,776,1604
14737.785006,910,1608
14737.790006,947,1606
14737.795007,759,1604
14737.800007,813,1606
14737.805005,986,1604
14737.810006,834,1604
14737.815005,790,1603
14737.820006,991,1602
14737.825006,918,1604
14737.830006,771,1602
14737.835007,897,1604
14737.840007,957,1600
14737.845007,769,1600
14737.850006,802,1604
14737.855006,976,1602
14737.860005,821,1603
14737.865006,805,1599
14737.870005,981,1600
14737.875006,920,1601
14737.880007,753,1600
14737.885006,922,1599
14737.890007,945,1597
14737.895005,749,1602
14737.900006,810,1598
14737.905005,989,1595
14737.910006,832,1595
14737.915005,788,1597
14737.920006,975,1589
14737.925006,925,1594
14737.930006,762,1596
14737.935006,909,1597
14737.940006,939,1596
14737.945006,749,1599
14737.950006,815,1587
14737.955006,980,1596
14737.960006,820,1601
14737.965006,809,1599
14737.970007,980,1599
14737.975006,912,1602
14737.980005,772,1598
14737.985006,897,1598
14737.990007,956,1595
14737.995007,761,1595
14738.000006,805,1596
14738.005006,983,1597
14738.010007,825,1594
14738.015006,802,1592
14738.020006,982,1591
14738.025006,918,1591
14738.030005,759,1594
14738.035006,919,1586
14738.040006,948,1588
14738.045005,753,1589
14738.050005,806,1592
14738.055005,981,1591
14738.060006,833,1591
14738.065005,795,1591
14738.070006,982,1595
14738.075006,924,1592
14738.080006,757,1595
14738.085005,915,1596
14738.090007,951,1592
14738.095006,758,1595
14738.100006,807,1596
14738.105006,975,1594
14738.110006,840,1596
14738.115006,797,1592
14738.120005,971,1595
14738.125006,914,1594
14738.130006,772,1593
14738.135005,910,1590
14738.140007,936,1589
14738.145006,748,1594
14738.150006,828,1588
14738.155005,974,1587
14738.160006,830,1591
14738.165006,786,1586
14738.170005,981,1588
14738.175006,933,1588
14738.180005,766,1585
14738.185006,906,1592
14738.190006,932,1593
14738.195006,747,1595
14738.200006,821,1596
14738.205005,971,1596
14738.210005,820,1601
14738.215007,796,1594
14738.220006,984,1602
14738.225005,925,1610
14738.230007,753,1603
14738.235006,911,1603
14738.240006,943,1604
14738.245006,752,1605
14738.250005,806,1604
14738.255005,966,1604
14738.260006,826,1604
14738.265006,790,1607
14738.270006,986,1607
14738.275007,925,1605
14738.280007,754,1610
14738.285005,915,1605
14738.290005,946,1606
14738.295006,756,1611
14738.300006,807,1610
14738.305005,976,1599
14738.310006,842,1606
14738.315006,797,1612
14738.320007,966,1611
14738.325006,934,1606
14738.330006,766,1611
14738.335006,913,1609
14738.340006,952,1610
14738.345006,772,1610
14738.350005,816,1607
14738.355006,969,1610
14738.360006,824,1610
14738.365006,805,1603
14738.370005,975,1604
14738.375006,920,1606
14738.380006,759,1603
14738.385005,899,1601
14738.390006,962,1598
14738.395005,769,1597
14738.400006,816,1600
14738.405006,969,1598
14738.410006,853,1595
14738.415006,803,1596
14738.420005,965,1599
14738.425005,933,1595
14738.430005,768,1596
14738.435006,901,1594
14738.440005,934,1597
14738.445006,768,1591
14738.450006,825,1594
14738.455005,980,1592
14738.460006,838,1592
14738.465006,786,1592
14738.470006,989,1586
14738.475006,928,1587
14738.480006,764,1586
14738.485006,904,1585
14738.490007,939,1587
14738.495006,752,1587
14738.500006,828,1585
14738.505006,968,1585
14738.510006,825,1588
14738.515006,805,1586
14738.520006,979,1584
14738.525007,922,1586
14738.530006,754,1582
14738.535007,909,1581
14738.540006,944,1586
14738.545007,749,1592
14738.550006,807,1588
14738.555005,992,1588
14738.560007,839,1588
14738.565006,785,1593
14738.570006,983,1591
14738.575005,931,1595
14738.580006,758,1597
14738.585006,911,1593
14738.590006,957,1601
14738.595006,771,1596
14738.600006,825,1601
14738.605006,969,1605
14738.610005,836,1601
14738.615007,798,1605
14738.620006,970,1608
14738.625006,936,1602
14738.630006,777,1607
14738.635005,907,1608
14738.640006,938,1612
14738.645005,771,1610
14738.650006,811,1612
14738.655005,984,1608
14738.660006,844,1606
14738.665006,801,1607
14738.670006,975,1612
14738.675006,919,1618
14738.680006,772,1618
14738.685007,898,1617
14738.690006,941,1621
14738.695007,754,1624
14738.700006,833,1618
14738.705005,991,1614
14738.710006,841,1624
14738.715005,804,1623
14738.720006,969,1626
14738.725006,918,1626
14738.730007,780,1628
14738.735006,910,1627
14738.740006,950,1625
14738.745005,753,1628
14738.750007,827,1623
14738.755006,989,1627
14738.760005,845,1626
14738.765007,792,1628
14738.770005,976,1628
14738.775007,930,1628
14738.780007,770,1627
14738.785006,899,1628
14738.790007,957,1625
14738.795006,769,1628
14738.800006,817,1623
14738.805005,987,1619
14738.810006,850,1628
14738.815005,790,1629
14738.820006,973,1630
14738.825005,939,1630
14738.830006,765,1627
14738.835006,894,1631
14738.840006,962,1629
14738.845005,761,1629
14738.850006,814,1627
14738.855006,993,1630
14738.860006,843,1629
14738.865006,791,1631
14738.870006,981,1628
14738.875006,928,1631
14738.880007,767,1630
14738.885006,915,1631
14738.890006,961,1630
14738.895007,764,1630
14738.900006,817,1630
14738.905006,980,1631
14738.910007,835,1634
14738.915006,812,1629
14738.920006,978,1629
14738.925006,946,1628
14738.930005,776,1629
14738.935006,904,1629
14738.940005,941,1633
14738.945006,775,1628
14738.950005,820,1631
14738.955006,977,1630
14738.960006,843,1631
14738.965006,806,1627
14738.970005,987,1626
14738.975006,927,1628
14738.980006,759,1629
14738.985006,914,1627
14738.990006,953,1625
14738.995005,767,1622
14739.000006,832,1622
14739.005007,976,1619
14739.010006,833,1621
14739.015006,808,1617
14739.020006,970,1621
14739.025006,918,1613
14739.030005,779,1611
14739.035006,910,1612
14739.040007,952,1606
14739.045007,757,1612
14739.050006,808,1608
14739.055005,988,1598
14739.060006,851,1605
14739.065007,793,1604
14739.070005,970,1605
14739.075005,920,1604
14739.080006,774,1599
14739.085006,907,1603
14739.090006,954,1603
14739.095006,763,1601
14739.100007,817,1600
14739.105006,976,1606
14739.110006,837,1600
14739.115006,788,1597
14739.120006,974,1593
14739.125006,934,1595
14739.130006,768,1597
14739.135005,893,1598
14739.140005,962,1597
14739.145005,772,1599
14739.150006,818,1593
14739.155005,966,1597
14739.160006,848,1592
14739.165006,792,1593
14739.170007,965,1596
14739.175006,929,1600
14739.180005,753,1596
14739.185007,910,1594
14739.190006,956,1593
14739.195006,756,1595
14739.200006,805,1597
14739.205006,985,1590
14739.210006,855,1596
14739.215006,793,1598
14739.220007,971,1598
14739.225005,921,1604
14739.230005,755,1604
14739.235005,888,1601
14739.240006,956,1604
14739.245005,764,1603
14739.250007,814,1604
14739.255006,969,1607
14739.260006,852,1609
14739.265007,796,1609
14739.270007,972,1609
14739.275007,943,1606
14739.280005,759,1612
14739.285006,886,1612
14739.290007,946,1606
14739.295006,780,1609
14739.300005,829,1615
14739.305005,984,1612
14739.310007,849,1610
14739.315006,788,1612
14739.320006,969,1613
14739.325005,938,1607
14739.330007,771,1607
14739.335007,899,1611
14739.340006,958,1613
14739.345007,761,1613
14739.350006,810,1614
14739.355006,968,1615
14739.360005,847,1611
14739.365007,792,1611
14739.370006,981,1613
14739.375006,927,1610
14739.380006,758,1613
14739.385005,913,1606
14739.390007,960,1611
14739.395006,769,1609
14739.400006,814,1605
14739.405006,974,1599
14739.410006,856,1604
14739.415007,800,1603
14739.420006,979,1602
14739.425005,921,1603
14739.430006,762,1598
14739.435006,907,1601
14739.440005,950,1603
14739.445007,761,1602
14739.450006,808,1604
14739.455006,989,1600
14739.460006,856,1603
14739.465005,797,1600
14739.470006,970,1603
14739.475005,922,1605
14739.480006,756,1606
14739.485006,903,1604
14739.490007,942,1606
14739.495006,760,1604
14739.500007,810,1603
14739.505006,997,1601
14739.510006,849,1603
14739.515007,786,1602
14739.520006,968,1603
14739.525006,940,1604
14739.530006,763,1605
14739.535006,889,1605
14739.540006,967,1600
14739.545006,777,1602
14739.550006,814,1602
14739.555006,972,1603
14739.560005,838,1606
14739.565006,805,1602
14739.570006,970,1605
14739.575006,920,1605
14739.580006,777,1606
14739.585006,902,1610
14739.590006,948,1607
14739.595006,756,1614
14739.600006,820,1605
14739.605006,988,1612
14739.610006,843,1599
14739.615006,808,1613
14739.620005,980,1611
14739.625007,926,1611
14739.630005,757,1610
14739.635006,906,1612
14739.640005,951,1611
14739.645005,757,1612
14739.650006,816,1605
14739.655007,980,1608
14739.660006,847,1609
14739.665007,790,1611
14739.670007,964,1610
14739.675006,942,1609
14739.680006,768,1608
14739.685007,882,1609
14739.690006,938,1612
14739.695006,779,1609
14739.700005,817,1610
14739.705006,966,1615
14739.710007,861,1611
14739.715006,795,1615
14739.720007,982,1611
14739.725005,932,1613
14739.730006,773,1613
14739.735005,889,1616
14739.740006,945,1617
14739.745005,755,1612
14739.750006,808,1615
14739.755007,986,1610
14739.760006,857,1606
14739.765006,797,1609
14739.770006,969,1613
14739.775006,918,1613
14739.780005,774,1610
14739.785006,886,1611
14739.790006,956,1609
14739.795005,759,1609
14739.800005,829,1609
14739.805005,985,1608
14739.810006,844,1609
14739.815005,784,1609
14739.820006,986,1605
14739.825005,924,1606
14739.830006,760,1611
14739.835007,879,1611
14739.840005,941,1611
14739.845006,777,1613
14739.850006,820,1611
14739.855007,970,1614
14739.860006,853,1612
14739.865006,781,1615
14739.870006,965,1613
14739.875006,940,1612
14739.880006,762,1612
14739.885006,883,1613
14739.890006,968,1609
14739.895005,762,1613
14739.900007,829,1612
14739.905006,972,1613
14739.910006,863,1609
14739.915006,787,1612
14739.920005,964,1614
14739.925005,937,1611
14739.930005,758,1610
14739.935007,884,1610
14739.940006,966,1609
14739.945006,765,1611
14739.950006,816,1611
14739.955006,969,1614
14739.960006,861,1609
14739.965005,784,1613
14739.970007,985,1610
14739.975006,928,1610
14739.980006,760,1609
14739.985005,888,1608
14739.990006,965,1607
14739.995005,765,1605
14740.000006,809,1607
14740.005005,970,1608
14740.010006,844,1610
14740.015006,804,1607
14740.020005,979,1604
14740.025006,924,1604
14740.030005,770,1604
14740.035006,884,1609
14740.040006,941,1607
14740.045005,770,1605
14740.050005,809,1606
14740.055005,990,1608
14740.060007,852,1603
14740.065006,780,1611
14740.070007,978,1605
14740.075006,926,1606
14740.080005,754,1610
14740.085005,902,1607
14740.090006,955,1610
14740.095006,764,1610
14740.100005,810,1608
14740.105006,969,1609
14740.110006,870,1605
14740.115007,792,1605
14740.120007,967,1606
14740.125005,920,1609
14740.130006,772,1605
14740.135006,898,1605
14740.140007,952,1605
14740.145005,762,1605
14740.150006,824,1607
14740.155005,985,1603
14740.160006,858,1606
14740.165006,786,1606
14740.170005,965,1604
14740.175006,944,1597
14740.180006,761,1600
14740.185006,875,1603
14740.190005,965,1597
14740.195006,766,1600
14740.200006,811,1597
14740.205007,984,1595
14740.210006,856,1596
14740.215005,783,1594
14740.220007,967,1593
14740.225005,919,1595
14740.230006,775,1594
14740.235005,879,1594
14740.240006,962,1590
14740.245006,759,1593
14740.250005,803,1595
14740.255005,989,1595
14740.260006,859,1595
14740.265007,783,1593
14740.270006,985,1592
14740.275007,932,1590
14740.280006,769,1594
14740.285007,893,1595
14740.290006,950,1594
14740.295006,764,1593
14740.300007,810,1595
14740.305005,967,1599
14740.310006,848,1603
14740.315005,798,1599
14740.320006,970,1601
14740.325006,929,1593
14740.330006,774,1600
14740.335005,891,1602
14740.340006,960,1604
14740.345006,767,1604
14740.350005,812,1606
14740.355006,985,1606
14740.360006,858,1605
14740.365007,785,1606
14740.370006,964,1611
14740.375006,940,1605
14740.380007,767,1607
14740.385005,882,1609
14740.390006,963,1608
14740.395006,780,1605
14740.400007,812,1613
14740.405006,977,1612
14740.410007,850,1611
14740.415006,781,1613
14740.420005,964,1614
14740.425005,937,1615
14740.430006,775,1617
14740.435007,890,1616
14740.440007,947,1617
14740.445006,767,1619
14740.450005,813,1620
14740.455006,972,1621
14740.460006,866,1623
14740.465006,792,1623
14740.470005,972,1624
14740.475006,920,1628
14740.480007,775,1627
14740.485006,897,1627
14740.490006,954,1629
14740.495007,757,1632
14740.500006,831,1629
14740.505007,981,1631
14740.510006,858,1629
14740.515006,782,1634
14740.520005,985,1631
14740.525006,927,1635
14740.530006,756,1632
14740.535006,895,1635
14740.540006,949,1637
14740.545006,762,1635
14740.550006,825,1636
14740.555005,974,1640
14740.560007,873,1639
14740.565005,793,1641
14740.570006,968,1643
14740.575006,946,1641
14740.580006,765,1640
14740.585007,884,1642
14740.590005,948,1643
14740.595007,784,1640
14740.600006,820,1642
14740.605007,980,1637
14740.610007,870,1640
14740.615007,800,1638
14740.620006,977,1636
14740.625006,929,1633
14740.630006,770,1636
14740.635006,884,1634
14740.640006,947,1634
14740.645005,771,1631
14740.650007,811,1630
14740.655007,995,1627
14740.660005,862,1628
14740.665005,790,1625
14740.670006,968,1623
14740.675005,925,1623
14740.680006,774,1624
14740.685006,886,1621
14740.690006,950,1621
14740.695006,764,1619
14740.700005,809,1619
14740.705006,997,1618
14740.710006,866,1616
14740.715006,793,1619
14740.720007,972,1618
14740.725006,921,1616
14740.730006,779,1616
14740.735005,886,1614
14740.740006,950,1618
14740.745005,772,1605
14740.750006,828,1614
14740.755006,987,1611
14740.760005,856,1610
14740.765006,782,1606
14740.770006,978,1604
14740.775006,937,1606
14740.780006,755,1609
14740.785007,878,1606
14740.790006,943,1610
14740.795005,761,1603
14740.800006,822,1602
14740.805005,977,1603
14740.810007,851,1603
14740.815006,797,1596
14740.820006,975,1598
14740.825006,924,1598
14740.830005,765,1591
14740.835006,887,1596
14740.840005,958,1594
14740.845006,777,1596
14740.850006,816,1594
14740.855006,973,1597
14740.860005,848,1593
14740.865007,799,1592
14740.870007,969,1593
14740.875006,925,1589
14740.880006,766,1588
14740.885005,886,1592
14740.890006,941,1593
14740.895006,781,1587
14740.900006,815,1590
14740.905006,971,1590
14740.910007,845,1592
14740.915007,789,1585
14740.920005,968,1585
14740.925005,928,1587
14740.930005,757,1586
14740.935006,874,1587
14740.940005,941,1587
14740.945006,774,1583
14740.950006,814,1582
14740.955006,972,1584
14740.960007,856,1583
14740.965006,777,1586
14740.970006,981,1583
14740.975005,940,1579
14740.980006,760,1580
14740.985006,877,1579
14740.990007,948,1578
14740.995006,762,1580
14741.000005,821,1581
14741.005005,984,1582
14741.010005,860,1579
14741.015006,781,1579
14741.020006,962,1581
14741.025006,923,1581
14741.030006,748,1583
14741.035006,866,1582
14741.040006,950,1584
14741.045006,763,1585
14741.050006,808,1578
14741.055005,987,1584
14741.060007,858,1587
14741.065007,788,1590
14741.070005,968,1593
14741.075006,931,1593
14741.080005,754,1596
14741.085005,875,1596
14741.090006,944,1599
14741.095007,778,1599
14741.100006,818,1601
14741.105006,980,1604
14741.110006,855,1604
14741.115006,780,1608
14741.120006,960,1607
14741.125005,946,1609
14741.130005,759,1608
14741.135006,870,1610
14741.140006,946,1610
14741.145006,776,1612
14741.150007,818,1611
14741.155006,971,1617
14741.160006,869,1613
14741.165005,784,1615
14741.170006,979,1612
14741.175006,934,1620
14741.180006,756,1619
14741.185007,875,1620
14741.190006,945,1623
14741.195006,785,1620
14741.200006,815,1625
14741.205005,981,1624
14741.210006,861,1626
14741.215006,781,1628
14741.220006,986,1626
14741.225006,934,1620
14741.230006,775,1628
14741.235006,886,1632
14741.240007,957,1628
14741.245007,770,1628
14741.250006,806,1632
14741.255007,997,1627
14741.260006,877,1629
14741.265006,788,1635
14741.270005,962,1635
14741.275006,944,1632
14741.280006,762,1633
14741.285007,877,1632
14741.290006,946,1635
14741.295005,785,1631
14741.300006,811,1633
14741.305005,978,1626
14741.310006,879,1628
14741.315006,787,1632
14741.320006,959,1632
14741.325005,943,1627
14741.330006,759,1627
14741.335006,884,1624
14741.340006,965,1623
14741.345007,772,1625
14741.350005,810,1623
14741.355006,971,1620
14741.360006,879,1619
14741.365005,794,1619
14741.370005,962,1616
14741.375006,918,1619
14741.380007,767,1614
14741.385006,864,1613
14741.390006,964,1610
14741.395006,779,1610
14741.400006,809,1611
14741.405005,977,1609
14741.410006,856,1608
14741.415006,777,1608
14741.420006,978,1603
14741.425006,927,1608
14741.430005,756,1604
14741.435006,871,1604
14741.440005,945,1606
14741.445007,780,1600
14741.450007,820,1602
14741.455006,977,1602
14741.460007,859,1601
14741.465005,777,1600
14741.470006,959,1603
14741.475006,945,1597
14741.480007,760,1597
14741.485006,870,1599
14741.490007,961,1596
14741.495006,772,1597
14741.500005,804,1602
14741.505005,968,1596
14741.510006,874,1596
14741.515006,782,1596
14741.520005,959,1598
14741.525006,918,1601
14741.530006,765,1598
14741.535006,877,1597
14741.540007,963,1598
14741.545006,768,1596
14741.550007,803,1596
14741.555005,970,1596
14741.560006,861,1596
14741.565005,776,1597
14741.570006,977,1593
14741.575006,932,1595
14741.580006,759,1593
14741.585007,866,1594
14741.590005,949,1593
14741.595007,764,1594
14741.600007,826,1594
14741.605005,982,1595
14741.610005,868,1596
14741.615006,780,1600
14741.620006,977,1593
14741.625005,921,1598
14741.630005,775,1597
14741.635007,879,1598
14741.640006,955,1604
14741.645006,767,1604
14741.650006,802,1603
14741.655005,994,1607
14741.660007,872,1602
14741.665006,790,1603
14741.670005,969,1603
14741.675005,927,1608
14741.680005,752,1607
14741.685007,882,1596
14741.690006,962,1604
14741.695007,776,1607
14741.700006,808,1607
14741.705005,987,1606
14741.710006,866,1606
14741.715005,779,1609
14741.720007,977,1601
14741.725005,944,1606
14741.730006,770,1606
14741.735007,868,1609
14741.740005,954,1608
14741.745006,767,1608
14741.750005,828,1600
14741.755005,991,1603
14741.760006,864,1603
14741.765006,798,1603
14741.770005,963,1601
14741.775006,923,1603
14741.780007,756,1601
14741.785006,873,1600
14741.790007,953,1601
14741.795006,787,1596
14741.800007,813,1595
14741.805005,981,1597
14741.810006,871,1596
14741.815006,797,1591
14741.820006,975,1594
14741.825007,929,1595
14741.830005,753,1596
14741.835006,863,1593
14741.840006,961,1596
14741.845007,772,1595
14741.850006,826,1596
14741.855007,991,1596
14741.860006,871,1595
14741.865007,781,1597
14741.870007,983,1593
14741.875006,936,1595
14741.880006,755,1597
14741.885005,870,1587
14741.890007,970,1595
14741.895006,778,1594
14741.900006,815,1595
14741.905006,981,1593
14741.910007,873,1594
14741.915007,781,1594
14741.920006,956,1601
14741.925007,931,1586
14741.930006,767,1597
14741.935006,868,1596
14741.940005,949,1598
14741.945006,785,1599
14741.950006,824,1601
14741.955005,989,1602
14741.960005,880,1603
14741.965007,788,1598
14741.970006,968,1603
14741.975006,928,1605
14741.980006,754,1606
14741.985005,863,1608
14741.990006,968,1605
14741.995006,771,1607
14742.000006,813,1609
14742.005006,973,1612
14742.010006,886,1611
14742.015006,785,1612
14742.020006,962,1613
14742.025007,942,1613
14742.030006,765,1609
14742.035006,876,1615
14742.040006,954,1616
14742.045005,784,1616
14742.050005,809,1617
14742.055006,973,1620
14742.060006,892,1618
14742.065007,787,1621
14742.070006,969,1613
14742.075006,938,1620
14742.080005,757,1623
14742.085006,865,1623
14742.090006,969,1621
14742.095007,772,1622
14742.100007,811,1621
14742.105006,992,1621
14742.110006,883,1614
14742.115006,799,1617
14742.120005,971,1623
14742.125006,930,1619
14742.130006,757,1613
14742.135005,873,1621
14742.140007,949,1623
14742.145006,778,1621
14742.150006,806,1624
14742.155005,999,1617
14742.160006,888,1623
14742.165006,794,1622
14742.170006,969,1624
14742.175006,930,1625
14742.180006,752,1627
14742.185006,877,1621
14742.190006,971,1626
14742.195005,779,1623
14742.200005,809,1626
14742.205006,1000,1621
14742.210007,881,1624
14742.215005,785,1625
14742.220006,959,1625
14742.225006,932,1622
14742.230006,758,1619
14742.235007,868,1620
14742.240005,965,1616
14742.245006,778,1618
14742.250005,814,1616
14742.255005,983,1614
14742.260006,875,1617
14742.265006,784,1612
14742.270007,962,1612
14742.275006,927,1612
14742.280006,752,1612
14742.285007,878,1610
14742.290006,964,1611
14742.295005,787,1609
14742.300006,825,1609
14742.305006,991,1611
14742.310006,879,1612
14742.315006,776,1614
14742.320007,978,1612
14742.325006,935,1613
14742.330005,767,1614
14742.335005,861,1618
14742.340006,948,1617
14742.345006,785,1616
14742.350006,821,1618
14742.355007,987,1614
14742.360006,874,1617
14742.365006,781,1613
14742.370005,958,1617
14742.375007,926,1615
14742.380006,772,1613
14742.385006,870,1609
14742.390006,962,1610
14742.395007,776,1607
14742.400005,827,1604
14742.405005,984,1608
14742.410007,877,1608
14742.415005,778,1607
14742.420006,962,1606
14742.425006,925,1611
14742.430005,756,1606
14742.435007,877,1610
14742.440006,963,1606
14742.445006,772,1609
14742.450005,824,1607
14742.455006,982,1602
14742.460006,894,1606
14742.465005,784,1607
14742.470006,958,1609
14742.475006,935,1599
14742.480007,770,1606
14742.485007,864,1607
14742.490006,953,1610
14742.495006,794,1604
14742.500005,820,1607
14742.505006,977,1608
14742.510006,889,1607
14742.515006,784,1612
14742.520007,955,1612
14742.525006,942,1612
14742.530005,758,1614
14742.535005,858,1612
14742.540006,976,1610
14742.545006,781,1611
14742.550006,814,1611
14742.555006,978,1610
14742.560007,871,1615
14742.565006,774,1612
14742.570006,973,1605
14742.575006,945,1612
14742.580006,763,1609
14742.585006,856,1610
14742.590006,967,1603
14742.595006,770,1607
14742.600007,813,1602
14742.605006,983,1609
14742.610006,896,1605
14742.615006,782,1608
14742.620005,969,1609
14742.625006,936,1608
14742.630006,756,1606
14742.635006,850,1610
14742.640007,965,1606
14742.645005,779,1611
14742.650006,817,1606
14742.655005,984,1609
14742.660007,878,1610
14742.665006,778,1611
14742.670006,952,1611
14742.675007,942,1600
14742.680006,769,1609
14742.685007,861,1608
14742.690006,957,1610
14742.695006,773,1610
14742.700006,817,1608
14742.705005,976,1611
14742.710006,876,1612
14742.715006,793,1606
14742.720006,975,1610
14742.725005,943,1610
14742.730006,760,1609
14742.735005,860,1612
14742.740006,949,1612
14742.745006,789,1613
14742.750005,813,1608
14742.755006,973,1613
14742.760006,890,1612
14742.765007,784,1610
14742.770006,953,1613
14742.775007,948,1609
14742.780005,767,1611
14742.785006,860,1611
14742.790006,951,1614
14742.795006,767,1615
14742.800007,820,1614
14742.805006,992,1612
14742.810007,884,1613
14742.815007,774,1614
14742.820005,956,1607
14742.825006,938,1613
14742.830005,754,1611
14742.835005,854,1612
14742.840006,949,1617
14742.845007,784,1613
14742.850005,806,1614
14742.855006,971,1613
14742.860006,892,1611
14742.865006,778,1615
14742.870005,952,1610
14742.875007,926,1611
14742.880006,754,1608
14742.885006,850,1611
14742.890006,972,1611
14742.895006,777,1606
14742.900007,812,1607
14742.905006,978,1602
14742.910007,873,1608
14742.915006,791,1602
14742.920006,970,1605
14742.925007,924,1604
14742.930007,751,1605
14742.935006,863,1602
14742.940005,962,1604
14742.945006,777,1603
14742.950005,805,1606
14742.955006,973,1606
14742.960006,879,1606
14742.965006,796,1603
14742.970006,963,1604
14742.975005,941,1610
14742.980007,748,1611
14742.985005,869,1606
14742.990006,956,1609
14742.995006,771,1612
14743.000005,821,1610
14743.005006,980,1609
14743.010006,876,1611
14743.015006,787,1602
14743.020006,968,1609
14743.025006,932,1610
14743.030006,744,1614
14743.035007,868,1610
14743.040006,962,1610
14743.045005,769,1610
14743.050006,818,1610
14743.055005,980,1607
14743.060006,879,1608
14743.065005,769,1611
14743.070007,969,1608
14743.075007,931,1611
14743.080006,764,1603
14743.085006,857,1609
14743.090006,968,1612
14743.095006,780,1610
14743.100005,816,1608
14743.105006,984,1611
14743.110006,877,1611
14743.115007,792,1608
14743.120007,954,1608
14743.125007,924,1612
14743.130006,770,1604
14743.135005,854,1606
14743.140006,955,1606
14743.145006,784,1597
14743.150006,820,1600
14743.155006,974,1601
14743.160006,894,1602
14743.165007,779,1601
14743.170005,944,1603
14743.175006,931,1597
14743.180005,762,1602
14743.185006,861,1605
14743.190006,957,1604
14743.195006,769,1604
14743.200006,803,1603
14743.205005,976,1605
14743.210006,906,1600
14743.215005,792,1603
14743.220006,960,1603
14743.225005,935,1603
14743.230006,752,1603
14743.235005,843,1606
14743.240006,957,1594
14743.245007,784,1601
14743.250005,809,1601
14743.255006,977,1599
14743.260006,904,1598
14743.265007,781,1603
14743.270007,965,1601
14743.275007,931,1598
14743.280006,750,1599
14743.285007,841,1602
14743.290006,971,1600
14743.295006,776,1597
14743.300006,802,1599
14743.305005,990,1597
14743.310006,905,1598
14743.315005,782,1599
14743.320005,950,1598
14743.325005,922,1601
14743.330005,765,1596
14743.335005,856,1597
14743.340006,970,1601
14743.345006,789,1600
14743.350005,814,1603
14743.355006,984,1600
14743.360006,887,1601
14743.365006,780,1599
14743.370007,947,1604
14743.375006,925,1608
14743.380006,750,1604
14743.385006,861,1602
14743.390007,964,1605
14743.395006,780,1605
14743.400007,825,1601
14743.405006,987,1602
14743.410007,893,1607
14743.415007,771,1606
14743.420006,945,1604
14743.425007,947,1604
14743.430005,753,1603
14743.435006,857,1598
14743.440007,963,1602
14743.445006,783,1599
14743.450005,803,1598
14743.455006,973,1599
14743.460007,902,1597
14743.465007,785,1596
14743.470007,956,1598
14743.475005,927,1594
14743.480006,768,1595
14743.485006,849,1595
14743.490007,958,1596
14743.495006,781,1598
14743.500006,800,1600
14743.505007,970,1600
14743.510005,909,1599
14743.515006,782,1597
14743.520005,953,1599
14743.525006,936,1601
14743.530006,754,1601
14743.535007,838,1603
14743.540006,972,1601
14743.545005,791,1600
14743.550006,809,1601
14743.555006,981,1604
14743.560007,903,1601
14743.565006,769,1606
14743.570007,968,1602
14743.575007,933,1604
14743.580005,753,1602
14743.585005,862,1606
14743.590006,962,1605
14743.595006,786,1605
14743.600006,802,1609
14743.605006,976,1611
14743.610005,899,1599
14743.615006,785,1608
14743.620006,957,1608
14743.625005,933,1608
14743.630005,758,1611
14743.635007,840,1613
14743.640006,963,1613
14743.645006,782,1613
14743.650006,805,1618
14743.655005,1001,1615
14743.660006,905,1616
14743.665007,776,1621
14743.670006,963,1612
14743.675007,948,1617
14743.680006,765,1618
14743.685006,842,1620
14743.690006,957,1621
14743.695007,803,1618
14743.700007,810,1620
14743.705006,986,1617
14743.710006,910,1617
14743.715006,778,1617
14743.720007,947,1617
14743.725007,929,1620
14743.730006,753,1620
14743.735005,843,1620
14743.740006,961,1619
14743.745005,806,1616
14743.750007,808,1618
14743.755006,979,1622
14743.760006,893,1619
14743.765006,795,1618
14743.770006,957,1615
14743.775006,941,1618
14743.780005,756,1616
14743.785005,838,1612
14743.790005,970,1616
14743.795006,785,1616
14743.800006,801,1617
14743.805005,995,1616
14743.810006,900,1614
14743.815006,785,1612
14743.820006,947,1611
14743.825005,929,1618
14743.830006,772,1612
14743.835005,844,1612
14743.840006,965,1615
14743.845006,789,1610
14743.850006,804,1611
14743.855006,974,1615
14743.860007,913,1607
14743.865006,770,1614
14743.870005,944,1611
14743.875006,948,1607
14743.880006,770,1610
14743.885006,852,1608
14743.890006,972,1606
14743.895006,790,1607
14743.900006,810,1606
14743.905005,982,1606
14743.910006,897,1607
14743.915007,769,1607
14743.920006,946,1612
14743.925007,946,1600
14743.930005,769,1610
14743.935007,845,1612
14743.940007,964,1611
14743.945006,786,1608
14743.950006,817,1615
14743.955006,984,1615
14743.960007,904,1614
14743.965007,772,1620
14743.970006,940,1619
14743.975006,949,1619
14743.980006,760,1619
14743.985005,836,1619
14743.990006,956,1625
14743.995006,793,1613
14744.000006,810,1616
14744.005006,983,1621
14744.010006,902,1621
14744.015005,780,1620
14744.020005,951,1617
14744.025007,932,1619
14744.030006,774,1619
14744.035007,847,1620
14744.040006,966,1619
14744.045007,792,1617
14744.050006,806,1619
14744.055006,978,1619
14744.060006,899,1622
14744.065006,773,1619
14744.070006,944,1619
14744.075006,949,1616
14744.080007,749,1620
14744.085005,852,1619
14744.090006,977,1618
14744.095006,796,1619
14744.100006,800,1619
14744.105006,993,1618
14744.110006,908,1618
14744.115006,782,1619
14744.120005,951,1616
14744.125006,936,1616
14744.130007,744,1615
14744.135006,848,1616
14744.140006,970,1617
14744.145006,788,1614
14744.150006,800,1613
14744.155006,976,1612
14744.160006,915,1611
14744.165006,778,1609
14744.170006,935,1609
14744.175007,944,1605
14744.180005,758,1603
14744.185006,833,1602
14744.190006,983,1601
14744.195007,797,1598
14744.200006,803,1595
14744.205006,972,1597
14744.210006,898,1599
14744.215006,789,1595
14744.220006,956,1591
14744.225006,931,1590
14744.230006,748,1594
14744.235005,844,1593
14744.240006,971,1588
14744.245006,795,1590
14744.250005,802,1587
14744.255005,974,1590
14744.260005,923,1583
14744.265006,784,1589
14744.270006,950,1584
14744.275006,933,1587
14744.280006,747,1587
14744.285005,841,1585
14744.290006,957,1591
14744.295006,782,1590
14744.300006,821,1587
14744.305005,987,1589
14744.310006,903,1592
14744.315006,763,1595
14744.320006,951,1591
14744.325006,924,1595
14744.330006,764,1591
14744.335006,837,1595
14744.340006,963,1595
14744.345007,790,1599
14744.350005,814,1600
14744.355006,991,1600
14744.360006,905,1598
14744.365006,768,1600
14744.370006,935,1599
14744.375006,930,1601
14744.380006,751,1601
14744.385006,845,1600
14744.390006,967,1597
14744.395005,795,1593
14744.400006,820,1599
14744.405005,991,1599
14744.410007,910,1600
14744.415006,776,1599
14744.420006,937,1604
14744.425007,947,1605
14744.430006,764,1606
14744.435007,841,1604
14744.440006,968,1609
14744.445007,788,1613
14744.450005,817,1614
14744.455007,990,1618
14744.460006,909,1616
14744.465005,766,1622
14744.470006,935,1619
14744.475007,954,1614
14744.480006,768,1622
14744.485005,842,1620
14744.490006,961,1622
14744.495006,801,1618
14744.500006,818,1615
14744.505007,975,1622
14744.510007,923,1616
14744.515006,773,1616
14744.520006,940,1616
14744.525005,932,1616
14744.530005,769,1606
14744.535006,846,1613
14744.540006,966,1614
14744.545005,796,1610
14744.550006,805,1609
14744.555005,993,1611
14744.560006,919,1610
14744.565007,775,1613
14744.570006,936,1612
14744.575006,948,1610
14744.580006,760,1612
14744.585007,838,1605
14744.590006,982,1613
14744.595006,795,1614
14744.600006,802,1608
14744.605007,992,1607
14744.610005,915,1610
14744.615006,766,1612
14744.620005,951,1607
14744.625006,938,1604
14744.630006,750,1607
14744.635005,845,1604
14744.640006,966,1603
14744.645006,801,1596
14744.650006,797,1604
14744.655006,987,1590
14744.660007,919,1599
14744.665006,778,1596
14744.670005,932,1599
14744.675005,951,1597
14744.680005,762,1598
14744.685005,822,1597
14744.690005,974,1597
14744.695006,799,1598
14744.700006,803,1597
14744.705006,976,1599
14744.710006,926,1596
14744.715006,770,1598
14744.720007,949,1593
14744.725005,941,1597
14744.730006,753,1600
14744.735007,822,1601
14744.740006,958,1600
14744.745006,810,1599
14744.750005,807,1600
14744.755006,988,1602
14744.760006,919,1601
14744.765006,769,1603
14744.770005,928,1606
14744.775007,952,1601
14744.780006,757,1601
14744.785006,820,1604
14744.790006,976,1597
14744.795006,800,1605
14744.800006,797,1610
14744.805006,990,1610
14744.810006,909,1609
14744.815007,790,1607
14744.820006,946,1608
14744.825006,933,1610
14744.830007,754,1609
14744.835006,819,1614
14744.840006,985,1610
14744.845006,809,1607
14744.850005,802,1606
14744.855007,977,1609
14744.860007,929,1607
14744.865005,783,1605
14744.870006,938,1608
14744.875006,931,1605
14744.880006,772,1603
14744.885006,832,1603
14744.890006,969,1601
14744.895006,799,1601
14744.900005,823,1599
14744.905005,987,1601
14744.910006,914,1602
14744.915006,769,1599
14744.920005,941,1601
14744.925005,933,1600
14744.930006,749,1601
14744.935006,832,1594
14744.940005,970,1593
14744.945006,816,1598
14744.950006,811,1597
14744.955005,985,1598
14744.960006,917,1599
14744.965005,777,1599
14744.970006,935,1597
14744.975005,939,1600
14744.980006,749,1599
14744.985006,835,1598
14744.990005,973,1597
14744.995005,802,1595
14745.000006,805,1594
14745.005007,975,1598
14745.010005,914,1597
14745.015007,766,1595
14745.020006,948,1596
14745.025006,936,1598
14745.030006,770,1598
14745.035007,822,1597
14745.040006,963,1602
14745.045006,798,1603
14745.050007,797,1606
14745.055007,978,1601
14745.060006,916,1608
14745.065005,768,1609
14745.070006,937,1609
14745.075007,941,1609
14745.080005,755,1612
14745.085006,843,1608
14745.090005,975,1613
14745.095006,799,1615
14745.100005,819,1615
14745.105006,986,1615
14745.110006,916,1615
14745.115006,785,1616
14745.120005,937,1613
14745.125006,948,1614
14745.130006,756,1616
14745.135006,823,1614
14745.140006,972,1614
14745.145006,805,1615
14745.150007,800,1619
14745.155007,995,1618
14745.160005,931,1618
14745.165006,774,1618
14745.170006,930,1620
14745.175006,949,1614
14745.180006,764,1622
14745.185006,820,1622
14745.190006,963,1629
14745.195006,809,1618
14745.200005,823,1621
14745.205006,986,1626
14745.210006,916,1630
14745.215006,791,1626
14745.220007,944,1627
14745.225006,945,1626
14745.230006,767,1625
14745.235006,826,1624
14745.240005,971,1626
14745.245005,801,1625
14745.250005,819,1619
14745.255005,994,1622
14745.260006,934,1624
14745.265006,773,1623
14745.270006,927,1624
14745.275006,932,1622
14745.280006,764,1620
14745.285006,821,1621
14745.290005,988,1621
14745.295006,812,1624
14745.300006,810,1620
14745.305006,987,1619
14745.310007,928,1620
14745.315006,773,1623
14745.320006,928,1620
14745.325006,951,1616
14745.330006,763,1617
14745.335006,830,1614
14745.340005,972,1619
14745.345006,803,1619
14745.350006,804,1611
14745.355005,996,1617
14745.360006,927,1616
14745.365005,768,1616
14745.370005,922,1615
14745.375006,948,1612
14745.380005,754,1613
14745.385007,814,1615
14745.390007,982,1612
14745.395005,801,1612
14745.400006,816,1610
14745.405006,976,1608
14745.410007,935,1606
14745.415006,769,1607
14745.420006,925,1608
14745.425007,932,1601
14745.430007,764,1602
14745.435006,819,1608
14745.440007,972,1602
14745.445006,799,1604
14745.450005,813,1602
14745.455006,981,1605
14745.460006,911,1604
14745.465006,776,1595
14745.470007,932,1605
14745.475007,936,1604
14745.480007,752,1606
14745.485006,826,1604
14745.490007,981,1603
14745.495006,807,1605
14745.500005,789,1611
14745.505005,986,1603
14745.510006,921,1604
14745.515006,767,1600
14745.520005,929,1610
14745.525007,927,1610
14745.530006,751,1610
14745.535005,813,1611
14745.540006,984,1610
14745.545005,805,1612
14745.550006,816,1613
14745.555005,985,1615
14745.560006,914,1617
14745.565005,774,1606
14745.570006,937,1614
14745.575007,939,1619
14745.580006,756,1616
14745.585006,815,1625
14745.590006,987,1618
14745.595006,820,1620
14745.600006,808,1626
14745.605006,984,1623
14745.610005,928,1624
14745.615006,768,1626
14745.620005,922,1629
14745.625006,959,1623
14745.630005,765,1626
14745.635006,816,1628
14745.640006,968,1629
14745.645006,829,1628
14745.650006,805,1627
14745.655006,974,1630
14745.660005,932,1624
14745.665006,764,1631
14745.670006,918,1633
14745.675007,953,1628
14745.680005,749,1628
14745.685006,816,1627
14745.690005,990,1626
14745.695006,820,1630
14745.700007,800,1631
14745.705006,973,1635
14745.710007,931,1629
14745.715005,774,1630
14745.720006,928,1629
14745.725005,940,1628
14745.730006,749,1630
14745.735006,832,1626
14745.740007,985,1624
14745.745006,820,1625
14745.750006,800,1620
14745.755007,985,1621
14745.760005,918,1620
14745.765007,783,1617
14745.770006,932,1614
14745.775006,938,1607
14745.780006,767,1610
14745.785006,829,1614
14745.790005,974,1613
14745.795007,807,1613
14745.800007,794,1612
14745.805005,992,1609
14745.810006,928,1609
14745.815007,769,1608
14745.820005,924,1608
14745.825005,937,1613
14745.830006,751,1611
14745.835006,830,1610
14745.840005,973,1610
14745.845006,816,1610
14745.850005,794,1612
14745.855005,991,1609
14745.860005,923,1608
14745.865007,766,1609
14745.870006,923,1609
14745.875006,934,1612
14745.880006,750,1610
14745.885005,828,1602
14745.890006,978,1613
14745.895006,819,1607
14745.900006,800,1606
14745.905007,972,1607
14745.910007,924,1595
14745.915006,783,1605
14745.920005,930,1605
14745.925005,943,1601
14745.930005,753,1601
14745.935006,814,1594
14745.940005,970,1597
14745.945006,805,1599
14745.950006,809,1591
14745.955005,981,1598
14745.960005,915,1596
14745.965007,759,1595
14745.970006,922,1593
14745.975006,933,1592
14745.980007,770,1591
14745.985006,814,1592
14745.990007,967,1591
14745.995006,806,1594
14746.000006,808,1588
14746.005006,980,1590
14746.010006,913,1589
14746.015007,767,1580
14746.020006,932,1587
14746.025006,938,1588
14746.030005,752,1587
14746.035006,811,1590
14746.040006,960,1592
14746.045006,810,1584
14746.050006,808,1587
14746.055005,978,1589
14746.060006,917,1591
14746.065006,779,1591
14746.070006,916,1592
14746.075005,929,1595
14746.080007,749,1592
14746.085007,830,1591
14746.090006,976,1594
14746.095006,808,1598
14746.100007,804,1594
14746.105006,984,1598
14746.110005,930,1598
14746.115006,764,1603
14746.120005,909,1599
14746.125006,946,1597
14746.130007,756,1598
14746.135006,813,1597
14746.140006,960,1597
14746.145005,828,1598
14746.150006,796,1598
14746.155006,978,1596
14746.160006,915,1598
14746.165007,780,1599
14746.170006,916,1604
14746.175006,938,1600
14746.180005,764,1598
14746.185007,831,1604
14746.190006,973,1602
14746.195006,812,1604
14746.200006,793,1602
14746.205006,973,1606
14746.210006,938,1607
14746.215005,775,1605
14746.220006,914,1609
14746.225005,932,1607
14746.230006,748,1610
14746.235005,828,1606
14746.240006,966,1608
14746.245006,828,1605
14746.250006,795,1600
14746.255006,983,1605
14746.260005,917,1606
14746.265006,755,1607
14746.270007,925,1604
14746.275006,934,1600
14746.280005,769,1602
14746.285006,821,1608
14746.290006,962,1607
14746.295005,831,1603
14746.300005,792,1605
14746.305006,965,1602
14746.310006,912,1606
14746.315006,756,1610
14746.320006,926,1606
14746.325006,935,1607
14746.330006,746,1611
14746.335006,810,1612
14746.340006,983,1613
14746.345007,821,1610
14746.350005,794,1619
14746.355006,977,1607
14746.360006,932,1612
14746.365007,763,1613
14746.370006,914,1608
14746.375006,955,1614
14746.380006,749,1616
14746.385006,827,1614
14746.390006,963,1615
14746.395005,827,1610
14746.400006,798,1609
14746.405005,993,1608
14746.410006,922,1603
14746.415006,758,1610
14746.420006,908,1609
14746.425006,945,1605
14746.430006,748,1606
14746.435006,830,1605
14746.440006,978,1605
14746.445007,820,1609
14746.450006,789,1610
14746.455006,989,1605
14746.460006,929,1609
14746.465005,764,1611
14746.470006,907,1610
14746.475006,952,1609
14746.480006,759,1609
14746.485005,816,1609
14746.490007,963,1610
14746.495007,824,1608
14746.500005,791,1609
14746.505005,988,1603
14746.510005,932,1607
14746.515006,768,1606
14746.520006,914,1604
14746.525006,940,1604
14746.530006,749,1604
14746.535007,826,1603
14746.540006,963,1603
14746.545005,836,1599
14746.550005,811,1602
14746.555006,975,1601
14746.560007,916,1603
14746.565006,759,1602
14746.570006,907,1604
14746.575006,954,1602
14746.580006,757,1601
14746.585006,825,1602
14746.590006,972,1601
14746.595006,821,1602
14746.600006,798,1603
14746.605006,984,1605
14746.610006,927,1601
14746.615007,758,1603
14746.620006,905,1604
14746.625005,947,1601
14746.630006,747,1601
14746.635005,826,1599
14746.640006,981,1599
14746.645006,823,1597
14746.650006,788,1598
14746.655005,969,1598
14746.660006,917,1594
14746.665006,755,1598
14746.670006,923,1595
14746.675007,948,1594
14746.680005,761,1593
14746.685006,813,1590
14746.690006,964,1593
14746.695006,821,1584
14746.700005,804,1596
14746.705006,974,1596
14746.710006,917,1596
14746.715007,756,1598
14746.720006,904,1598
14746.725006,955,1597
14746.730007,755,1597
14746.735006,811,1595
14746.740006,983,1597
14746.745005,829,1596
14746.750006,793,1598
14746.755006,972,1593
14746.760007,931,1596
14746.765006,766,1595
14746.770006,907,1598
14746.775007,954,1593
14746.780007,752,1596
14746.785007,817,1587
14746.790006,987,1596
14746.795005,832,1595
14746.800005,799,1597
14746.805006,985,1596
14746.810006,933,1597
14746.815006,776,1597
14746.820005,910,1601
14746.825006,938,1601
14746.830006,752,1601
14746.835007,813,1603
14746.840006,990,1604
14746.845005,826,1603
14746.850005,793,1609
14746.855006,975,1608
14746.860006,919,1609
14746.865006,781,1612
14746.870006,922,1608
14746.875006,939,1609
14746.880006,753,1611
14746.885005,834,1611
14746.890007,968,1614
14746.895005,823,1611
14746.900007,816,1609
14746.905006,984,1609
14746.910006,927,1610
14746.915006,763,1611
14746.920006,909,1610
14746.925006,941,1608
14746.930005,768,1609
14746.935006,829,1612
14746.940005,976,1613
14746.945007,822,1614
14746.950007,798,1608
14746.955006,991,1613
14746.960007,928,1613
14746.965006,763,1616
14746.970006,910,1617
14746.975006,943,1617
14746.980006,776,1619
14746.985005,823,1617
14746.990007,970,1620
14746.995007,838,1615
14747.000005,802,1614
14747.005005,996,1616
14747.010007,935,1620
14747.015007,770,1617
14747.020006,905,1620
14747.025006,942,1620
14747.030005,763,1612
14747.035006,829,1616
14747.040006,983,1619
14747.045005,828,1620
14747.050005,796,1620
14747.055005,982,1618
14747.060006,925,1620
14747.065006,764,1621
14747.070006,932,1621
14747.075005,957,1621
14747.080006,757,1622
14747.085006,840,1619
14747.090006,984,1619
14747.095006,830,1621
14747.100006,799,1622
14747.105006,987,1614
14747.110006,937,1621
14747.115006,775,1624
14747.120005,909,1621
14747.125007,957,1617
14747.130006,771,1620
14747.135006,824,1620
14747.140007,971,1621
14747.145006,822,1623
14747.150006,793,1625
14747.155005,997,1617
14747.160006,933,1618
14747.165007,762,1620
14747.170006,901,1621
14747.175006,957,1618
14747.180005,767,1619
14747.185006,820,1623
14747.190006,971,1625
14747.195007,837,1607
14747.200007,801,1625
14747.205006,976,1626
14747.210006,920,1625
14747.215006,775,1620
14747.220006,918,1626
14747.225007,943,1629
14747.230006,752,1627
14747.235006,832,1627
14747.240006,980,1627
14747.245006,829,1636
14747.250006,798,1628
14747.255006,974,1632
14747.260005,921,1627
14747.265006,760,1629
14747.270005,921,1628
14747.275006,940,1632
14747.280005,771,1627
14747.285006,829,1626
14747.290006,970,1628
14747.295005,825,1628
14747.300005,812,1626
14747.305006,982,1624
14747.310007,926,1626
14747.315006,761,1631
14747.320006,920,1626
14747.325005,936,1633
14747.330007,769,1631
14747.335005,814,1630
14747.340007,984,1629
14747.345006,832,1629
14747.350005,788,1631
14747.355006,992,1626
14747.360006,931,1628
14747.365006,766,1627
14747.370006,905,1625
14747.375006,955,1616
14747.380006,760,1623
14747.385006,811,1620
14747.390006,980,1616
14747.395005,828,1618
14747.400006,808,1614
14747.405006,976,1613
14747.410007,921,1614
14747.415005,759,1612
14747.420006,923,1610
14747.425005,948,1608
14747.430006,761,1609
14747.435006,821,1606
14747.440006,973,1609
14747.445007,823,1608
14747.450007,810,1603
14747.455007,992,1600
14747.460006,920,1605
14747.465006,763,1606
14747.470006,901,1601
14747.475006,961,1598
14747.480006,766,1600
14747.485005,816,1602
14747.490005,984,1593
14747.495005,837,1596
14747.500006,789,1597
14747.505006,992,1596
14747.510006,934,1591
14747.515007,768,1590
14747.520006,900,1595
14747.525007,937,1594
14747.530007,776,1589
14747.535005,826,1587
14747.540005,969,1590
14747.545006,825,1592
14747.550006,798,1582
14747.555006,969,1587
14747.560006,917,1582
14747.565006,771,1585
14747.570006,899,1589
14747.575006,944,1588
14747.580006,754,1586
14747.585006,810,1587
14747.590006,982,1578
14747.595007,833,1585
14747.600006,795,1587
14747.605006,968,1589
14747.610007,934,1589
14747.615007,762,1593
14747.620006,892,1589
14747.625005,961,1586
14747.630005,762,1590
14747.635006,814,1587
14747.640006,982,1586
14747.645006,832,1591
14747.650006,789,1592
14747.655006,983,1583
14747.660006,921,1590
14747.665007,774,1593
14747.670005,897,1592
14747.675006,934,1598
14747.680005,776,1595
14747.685006,815,1594
14747.690006,974,1598
14747.695007,826,1598
14747.700007,808,1599
14747.705007,982,1599
14747.710006,919,1603
14747.715006,759,1607
14747.720006,899,1602
14747.725005,951,1606
14747.730006,762,1607
14747.735007,817,1610
14747.740006,969,1610
14747.745005,851,1611
14747.750007,791,1612
14747.755006,994,1609
14747.760006,935,1612
14747.765006,765,1613
14747.770005,906,1612
14747.775006,943,1611
14747.780006,758,1614
14747.785006,827,1606
14747.790006,989,1613
14747.795007,844,1609
14747.800006,802,1606
14747.805006,973,1613
14747.810006,936,1605
14747.815006,772,1609
14747.820006,905,1612
14747.825006,944,1610
14747.830006,772,1605
14747.835006,829,1606
14747.840007,976,1606
14747.845007,832,1608
14747.850006,788,1605
14747.855005,990,1605
14747.860005,926,1605
14747.865007,774,1603
14747.870006,900,1605
14747.875005,942,1606
14747.880005,777,1602
14747.885006,812,1606
14747.890006,968,1609
14747.895006,844,1593
14747.900006,807,1602
14747.905006,977,1603
14747.910007,918,1602
14747.915006,757,1602
14747.920006,918,1601
14747.925006,955,1604
14747.930006,762,1601
14747.935006,809,1605
14747.940006,983,1601
14747.945006,842,1601
14747.950005,797,1601
14747.955007,980,1604
14747.960006,926,1602
14747.965006,758,1602
14747.970007,894,1605
14747.975005,965,1605
14747.980006,771,1605
14747.985006,812,1602
14747.990006,986,1604
14747.995006,850,1604
14748.000006,797,1605
14748.005007,971,1610
14748.010005,919,1611
14748.015006,779,1611
14748.020006,898,1612
14748.025006,954,1611
14748.030006,768,1610
14748.035006,816,1612
14748.040006,981,1606
14748.045006,853,1608
14748.050007,796,1610
14748.055006,966,1612
14748.060006,942,1607
14748.065005,772,1608
14748.070006,909,1607
14748.075006,946,1608
14748.080006,779,1606
14748.085006,819,1606
14748.090006,970,1610
14748.095006,834,1612
14748.100005,811,1606
14748.105006,982,1605
14748.110006,931,1606
14748.115007,768,1606
14748.120006,896,1607
14748.125006,941,1609
14748.130006,756,1605
14748.135005,826,1599
14748.140006,984,1603
14748.145006,843,1603
14748.150007,792,1599
14748.155006,980,1608
14748.160006,927,1604
14748.165007,768,1605
14748.170006,896,1605
14748.175007,943,1607
14748.180006,759,1604
14748.185006,824,1605
14748.190005,974,1608
14748.195007,836,1609
14748.200006,810,1604
14748.205006,979,1602
14748.210006,921,1604
14748.215005,775,1604
14748.220006,896,1600
14748.225006,946,1603
14748.230006,753,1605
14748.235005,810,1601
14748.240006,992,1599
14748.245006,845,1601
14748.250006,784,1601
14748.255006,980,1596
14748.260006,933,1599
14748.265006,761,1600
14748.270006,890,1602
14748.275007,943,1600
14748.280006,759,1600
14748.285006,827,1603
14748.290006,987,1600
14748.295005,841,1605
14748.300006,801,1602
14748.305005,965,1610
14748.310006,935,1600
14748.315006,766,1606
14748.320006,896,1609
14748.325005,944,1610
14748.330006,775,1609
14748.335007,830,1609
14748.340006,985,1611
14748.345006,850,1611
14748.350006,794,1614
14748.355006,979,1615
14748.360006,924,1617
14748.365006,759,1620
14748.370006,894,1617
14748.375005,946,1620
14748.380005,783,1614
14748.385007,825,1618
14748.390006,973,1617
14748.395005,839,1620
14748.400006,806,1617
14748.405005,979,1616
14748.410006,922,1617
14748.415006,773,1611
14748.420006,900,1614
14748.425007,948,1616
14748.430005,777,1609
14748.435006,821,1616
14748.440005,971,1617
14748.445007,840,1617
14748.450007,806,1615
14748.455006,973,1617
14748.460006,923,1613
14748.465006,777,1616
14748.470006,896,1616
14748.475005,943,1616
14748.480007,775,1612
14748.485007,823,1613
14748.490006,976,1615
14748.495005,852,1606
14748.500006,795,1613
14748.505007,976,1602
14748.510005,929,1613
14748.515006,763,1611
14748.520005,900,1602
14748.525006,964,1610
14748.530005,772,1602
14748.535006,825,1609
14748.540006,987,1609
14748.545005,854,1608
14748.550005,793,1605
14748.555005,971,1607
14748.560006,937,1604
14748.565007,767,1606
14748.570005,889,1607
14748.575006,941,1606
14748.580005,775,1599
14748.585006,831,1601
14748.590005,991,1602
14748.595007,858,1604
14748.600006,793,1603
14748.605006,965,1606
14748.610005,920,1602
14748.615007,776,1598
14748.620006,897,1599
14748.625005,941,1604
14748.630005,779,1600
14748.635006,818,1598
14748.640005,971,1599
14748.645005,859,1596
14748.650006,787,1595
14748.655005,963,1597
14748.660007,939,1597
14748.665005,763,1599
14748.670007,894,1599
14748.675006,950,1596
14748.680006,752,1599
14748.685007,828,1598
14748.690006,971,1600
14748.695007,846,1603
14748.700006,781,1608
14748.705006,983,1608
14748.710007,930,1607
14748.715006,765,1607
14748.720007,886,1612
14748.725006,959,1601
14748.730007,773,1609
14748.735006,814,1610
14748.740006,972,1608
14748.745005,843,1609
14748.750006,795,1608
14748.755006,969,1607
14748.760005,922,1605
14748.765007,777,1603
14748.770007,899,1609
14748.775006,948,1605
14748.780005,766,1598
14748.785006,824,1602
14748.790006,990,1605
14748.795005,863,1604
14748.800005,802,1603
14748.805005,969,1607
14748.810006,918,1606
14748.815005,752,1608
14748.820006,898,1604
14748.825006,958,1597
14748.830007,769,1606
14748.835006,808,1609
14748.840006,970,1609
14748.845006,861,1606
14748.850006,805,1604
14748.855006,979,1604
14748.860006,924,1606
14748.865007,752,1611
14748.870006,897,1600
14748.875006,954,1606
14748.880006,774,1605
14748.885006,805,1607
14748.890007,994,1604
14748.895005,859,1606
14748.900006,797,1606
14748.905006,974,1607
14748.910006,918,1611
14748.915006,759,1604
14748.920006,896,1609
14748.925006,964,1611
14748.930006,766,1609
14748.935006,809,1613
14748.940006,989,1611
14748.945006,858,1612
14748.950006,790,1612
14748.955005,971,1614
14748.960006,924,1614
14748.965005,766,1605
14748.970006,880,1620
14748.975006,968,1613
14748.980006,781,1612
14748.985005,822,1612
14748.990006,979,1614
14748.995005,850,1616
14749.000006,799,1611
14749.005007,982,1617
14749.010007,929,1617
14749.015006,759,1617
14749.020005,898,1616
14749.025006,948,1616
14749.030005,755,1618
14749.035007,823,1614
14749.040006,977,1620
14749.045006,850,1618
14749.050006,789,1618
14749.055006,969,1613
14749.060006,939,1617
14749.065006,758,1621
14749.070007,886,1611
14749.075007,958,1617
14749.080005,769,1614
14749.085005,805,1615
14749.090006,989,1617
14749.095006,854,1614
14749.100005,804,1612
14749.105006,964,1613
14749.110005,936,1613
14749.115007,768,1612
14749.120006,883,1610
14749.125005,944,1609
14749.130005,757,1612
14749.135006,821,1609
14749.140006,978,1609
14749.145006,848,1609
14749.150007,779,1612
14749.155006,986,1603
14749.160006,932,1605
14749.165006,754,1608
14749.170007,889,1603
14749.175006,965,1602
14749.180006,764,1611
14749.185007,800,1609
14749.190007,984,1609
14749.195005,857,1609
14749.200005,782,1608
14749.205007,981,1606
14749.210007,922,1611
14749.215007,771,1610
14749.220007,884,1611
14749.225005,947,1609
14749.230007,761,1613
14749.235006,814,1608
14749.240006,977,1610
14749.245006,858,1610
14749.250006,788,1611
14749.255006,968,1609
14749.260006,918,1612
14749.265006,768,1610
14749.270006,882,1610
14749.275006,941,1611
14749.280006,779,1611
14749.285006,822,1609
14749.290006,983,1606
14749.295006,856,1611
14749.300006,779,1611
14749.305005,985,1609
14749.310006,939,1609
14749.315006,765,1610
14749.320006,882,1611
14749.325006,952,1613
14749.330006,764,1613
14749.335006,810,1616
14749.340005,972,1616
14749.345006,869,1616
14749.350006,786,1615
14749.355007,961,1618
14749.360005,935,1613
14749.365006,770,1619
14749.370006,878,1620
14749.375005,949,1622
14749.380005,766,1618
14749.385007,806,1624
14749.390007,976,1619
14749.395006,859,1622
14749.400007,787,1622
14749.405005,965,1622
14749.410006,924,1626
14749.415007,777,1619
14749.420006,896,1620
14749.425007,956,1621
14749.430006,772,1621
14749.435007,820,1619
14749.440007,974,1620
14749.445006,854,1622
14749.450005,797,1617
14749.455005,977,1617
14749.460005,934,1617
14749.465006,769,1618
14749.470006,874,1618
14749.475005,959,1610
14749.480006,760,1612
14749.485006,829,1614
14749.490006,976,1614
14749.495007,863,1612
14749.500005,781,1613
14749.505005,962,1612
14749.510006,920,1614
14749.515007,773,1610
14749.520006,881,1610
14749.525007,953,1609
14749.530007,761,1611
14749.535006,803,1612
14749.540006,993,1609
14749.545005,869,1609
14749.550005,792,1609
14749.555005,961,1612
14749.560006,922,1612
14749.565005,758,1613
14749.570006,875,1611
14749.575006,952,1605
14749.580005,780,1610
14749.585006,824,1612
14749.590006,987,1608
14749.595006,864,1609
14749.600005,787,1608
14749.605007,968,1605
14749.610007,929,1608
14749.615005,754,1608
14749.620005,885,1606
14749.625006,956,1602
14749.630006,780,1595
14749.635006,818,1600
14749.640006,974,1608
14749.645006,875,1601
14749.650006,800,1600
14749.655005,969,1604
14749.660006,929,1601
14749.665006,750,1602
14749.670006,891,1601
14749.675006,962,1598
14749.680005,776,1598
14749.685006,810,1597
14749.690006,975,1602
14749.695006,860,1592
14749.700007,798,1600
14749.705005,971,1596
14749.710005,926,1594
14749.715006,757,1594
14749.720007,869,1595
14749.725007,968,1593
14749.730006,782,1590
14749.735006,817,1593
14749.740006,978,1593
14749.745005,868,1592
14749.750007,782,1596
14749.755006,957,1594
14749.760006,937,1591
14749.765007,768,1596
14749.770006,879,1593
14749.775006,953,1596
14749.780006,761,1597
14749.785007,826,1597
14749.790007,982,1596
14749.795006,863,1597
14749.800006,802,1595
14749.805007,972,1599
14749.810006,922,1606
14749.815005,750,1602
14749.820006,864,1604
14749.825006,955,1599
14749.830006,785,1605
14749.835006,818,1611
14749.840005,980,1608
14749.845006,863,1611
14749.850006,780,1612
14749.855006,961,1617
14749.860006,937,1612
14749.865005,762,1611
14749.870005,878,1613
14749.875007,954,1615
14749.880006,765,1617
14749.885005,830,1613
14749.890006,995,1614
14749.895006,868,1616
14749.900006,781,1619
14749.905006,959,1616
14749.910006,945,1612
14749.915006,762,1611
14749.920006,873,1613
14749.925007,949,1617
14749.930007,789,1614
14749.935006,828,1613
14749.940006,980,1614
14749.945006,867,1614
14749.950005,778,1617
14749.955006,980,1618
14749.960007,935,1616
14749.965005,763,1609
14749.970007,881,1618
14749.975006,960,1619
14749.980006,771,1622
14749.985006,825,1620
14749.990006,985,1621
14749.995006,870,1621
14750.000005,780,1626
14750.005005,959,1626
14750.010006,947,1620
14750.015006,769,1622
14750.020006,877,1621
14750.025006,956,1620
14750.030006,766,1621
14750.035006,828,1617
14750.040006,986,1616
14750.045005,870,1615
14750.050005,781,1617
14750.055006,961,1615
14750.060006,950,1610
14750.065006,768,1609
14750.070007,874,1611
14750.075006,957,1613
14750.080006,769,1614
14750.085006,827,1613
14750.090007,984,1613
14750.095007,871,1610
14750.100006,780,1612
14750.105007,960,1614
14750.110006,945,1610
14750.115006,761,1612
14750.120006,862,1612
14750.125006,971,1607
14750.130006,776,1608
14750.135006,808,1608
14750.140006,990,1609
14750.145005,881,1601
14750.150006,799,1606
14750.155005,972,1608
14750.160006,928,1607
14750.165006,752,1608
14750.170005,879,1608
14750.175005,959,1607
14750.180005,768,1610
14750.185007,824,1603
14750.190006,983,1606
14750.195006,875,1608
14750.200006,787,1608
14750.205007,962,1608
14750.210006,924,1608
14750.215005,755,1609
14750.220006,864,1608
14750.225005,949,1608
14750.230006,784,1604
14750.235006,820,1603
14750.240007,977,1609
14750.245006,867,1609
14750.250006,783,1605
14750.255006,980,1607
14750.260006,932,1607
14750.265007,763,1606
14750.270005,864,1605
14750.275007,948,1610
14750.280006,782,1603
14750.285006,821,1603
14750.290006,987,1601
14750.295006,881,1602
14750.300006,777,1603
14750.305005,955,1603
14750.310007,938,1598
14750.315007,756,1602
14750.320005,869,1598
14750.325005,954,1600
14750.330007,766,1595
14750.335007,831,1593
14750.340005,991,1597
14750.345006,879,1595
14750.350005,778,1595
14750.355006,957,1596
14750.360005,923,1598
14750.365006,765,1592
14750.370006,861,1594
14750.375006,974,1592
14750.380006,771,1596
14750.385005,802,1595
14750.390006,992,1595
14750.395007,870,1598
14750.400005,792,1588
14750.405005,967,1596
14750.410007,932,1596
14750.415006,751,1599
14750.420005,872,1599
14750.425005,955,1599
14750.430005,789,1602
14750.435006,813,1602
14750.440007,980,1598
14750.445006,888,1605
14750.450005,790,1609
14750.455007,962,1612
14750.460006,925,1615
14750.465005,750,1618
14750.470006,875,1617
14750.475006,972,1619
14750.480007,778,1621
14750.485007,815,1621
14750.490006,975,1627
14750.495005,891,1628
14750.500007,793,1627
14750.505006,969,1626
14750.510006,932,1626
14750.515006,761,1627
14750.520006,865,1628
14750.525007,961,1617
14750.530006,790,1626
14750.535007,816,1623
14750.540007,986,1627
14750.545005,881,1624
14750.550005,787,1626
14750.555006,960,1629
14750.560007,929,1628
14750.565006,774,1626
14750.570006,878,1628
14750.575005,963,1627
14750.580006,783,1627
14750.585006,820,1629
14750.590005,985,1628
14750.595007,876,1632
14750.600007,802,1628
14750.605006,973,1631
14750.610006,933,1633
14750.615006,778,1636
14750.620005,874,1633
14750.625005,956,1633
14750.630006,791,1628
14750.635006,823,1629
14750.640007,987,1628
14750.645006,885,1625
14750.650006,793,1627
14750.655005,961,1626
14750.660006,944,1625
14750.665006,776,1625
14750.670005,866,1624
14750.675005,965,1625
14750.680006,775,1623
14750.685006,805,1625
14750.690006,990,1616
14750.695007,893,1626
14750.700006,790,1619
14750.705007,966,1622
14750.710006,939,1622
14750.715005,758,1624
14750.720006,860,1620
14750.725006,961,1620
14750.730006,774,1625
14750.735006,827,1621
14750.740006,988,1619
14750.745005,882,1622
14750.750006,778,1625
14750.755007,973,1618
14750.760005,931,1619
14750.765006,777,1618
14750.770007,863,1616
14750.775005,961,1621
14750.780005,776,1618
14750.785006,809,1608
14750.790005,987,1616
14750.795007,878,1615
14750.800007,777,1614
14750.805006,978,1610
14750.810007,946,1613
14750.815007,752,1611
14750.820005,862,1602
14750.825005,966,1608
14750.830006,779,1607
14750.835007,803,1610
14750.840006,994,1603
14750.845007,893,1603
14750.850006,782,1600
14750.855006,955,1606
14750.860006,947,1605
14750.865006,764,1600
14750.870005,859,1605
14750.875007,958,1602
14750.880007,771,1601
14750.885007,801,1602
14750.890005,975,1600
14750.895005,879,1597
14750.900006,777,1599
14750.905006,970,1596
14750.910007,929,1595
14750.915006,760,1587
14750.920005,873,1593
14750.925006,963,1596
14750.930006,777,1594
14750.935006,809,1596
14750.940006,971,1595
14750.945007,894,1593
14750.950006,788,1592
14750.955005,954,1594
14750.960006,941,1588
14750.965005,761,1591
14750.970006,849,1589
14750.975005,960,1581
14750.980006,787,1587
14750.985006,804,1588
14750.990007,975,1585
14750.995006,878,1587
14751.000006,774,1585
14751.005007,950,1585
14751.010006,942,1582
14751.015005,749,1586
14751.020006,845,1583
14751.025007,968,1578
14751.030006,779,1582
14751.035006,799,1585
14751.040006,986,1582
14751.045005,880,1584
14751.050006,772,1587
14751.055005,955,1585
14751.060007,928,1590
14751.065007,747,1589
14751.070005,862,1590
14751.075006,958,1589
14751.080006,771,1594
14751.085006,820,1590
14751.090006,989,1590
14751.095007,884,1592
14751.100007,774,1597
14751.105006,969,1596
14751.110005,925,1598
14751.115006,748,1598
14751.120007,864,1599
14751.125006,955,1597
14751.130006,772,1595
14751.135005,818,1595
14751.140006,984,1598
14751.145006,880,1597
14751.150006,770,1600
14751.155006,965,1599
14751.160007,928,1598
14751.165006,765,1600
14751.170005,860,1600
14751.175005,967,1601
14751.180006,793,1596
14751.185006,815,1601
14751.190006,987,1603
14751.195006,878,1604
14751.200006,782,1596
14751.205006,963,1599
14751.210006,932,1604
14751.215005,753,1605
14751.220006,868,1601
14751.225006,962,1604
14751.230006,775,1604
14751.235005,799,1606
14751.240007,988,1596
14751.245005,892,1601
14751.250007,777,1598
14751.255007,949,1600
14751.260006,924,1597
14751.265006,761,1594
14751.270005,847,1601
14751.275006,951,1600
14751.280006,774,1602
14751.285007,820,1599
14751.290005,985,1598
14751.295007,897,1594
14751.300006,790,1600
14751.305005,952,1602
14751.310006,929,1601
14751.315005,748,1603
14751.320006,841,1605
14751.325006,977,1604
14751.330005,784,1606
14751.335006,801,1605
14751.340006,992,1603
14751.345007,901,1603
14751.350005,780,1606
14751.355006,955,1603
14751.360007,926,1607
14751.365007,771,1605
14751.370007,850,1607
14751.375006,964,1601
14751.380006,780,1606
14751.385006,801,1608
14751.390006,1001,1605
14751.395006,895,1603
14751.400005,775,1606
14751.405005,964,1602
14751.410007,941,1601
14751.415006,763,1604
14751.420005,846,1606
14751.425005,954,1610
14751.430006,776,1606
14751.435007,810,1598
14751.440006,994,1605
14751.445006,899,1607
14751.450005,781,1609
14751.455005,953,1608
14751.460005,948,1610
14751.465007,756,1607
14751.470006,841,1612
14751.475005,961,1609
14751.480007,782,1605
14751.485006,817,1610
14751.490006,975,1612
14751.495006,886,1610
14751.500005,774,1612
14751.505006,968,1613
14751.510006,933,1609
14751.515006,755,1612
14751.520006,846,1612
14751.525006,960,1613
14751.530006,781,1616
14751.535006,826,1608
14751.540007,975,1612
14751.545007,903,1610
14751.550006,782,1615
14751.555005,946,1617
14751.560006,929,1616
14751.565006,750,1616
14751.570007,868,1615
14751.575006,967,1619
14751.580006,792,1617
14751.585006,814,1620
14751.590005,978,1623
14751.595006,886,1627
14751.600005,771,1629
14751.605006,945,1626
14751.610006,949,1626
14751.615007,762,1627
14751.620007,850,1625
14751.625006,963,1631
14751.630006,789,1629
14751.635006,818,1628
14751.640007,991,1628
14751.645006,889,1629
14751.650007,771,1629
14751.655006,963,1626
14751.660006,941,1622
14751.665006,768,1621
14751.670005,848,1625
14751.675005,954,1624
14751.680005,798,1624
14751.685007,808,1626
14751.690007,976,1622
14751.695005,898,1621
14751.700006,781,1620
14751.705006,945,1620
14751.710007,927,1621
14751.715005,750,1627
14751.720007,862,1615
14751.725006,969,1619
14751.730005,784,1619
14751.735005,802,1621
14751.740006,972,1621
14751.745005,910,1616
14751.750006,784,1617
14751.755006,952,1617
14751.760006,933,1615
14751.765006,753,1615
14751.770005,836,1616
14751.775007,969,1612
14751.780006,786,1610
14751.785007,801,1613
14751.790006,973,1615
14751.795005,907,1607
14751.800005,786,1608
14751.805006,950,1609
14751.810006,926,1607
14751.815006,745,1608
14751.820006,860,1605
14751.825005,969,1603
14751.830006,788,1604
14751.835005,799,1607
14751.840006,988,1604
14751.845006,886,1606
14751.850005,792,1603
14751.855006,952,1605
14751.860005,930,1604
14751.865007,745,1606
14751.870006,856,1604
14751.875005,962,1605
14751.880006,784,1604
14751.885006,802,1605
14751.890006,989,1605
14751.895005,902,1609
14751.900006,773,1611
14751.905006,941,1612
14751.910007,951,1610
14751.915007,762,1613
14751.920007,836,1617
14751.925006,960,1615
14751.930006,787,1615
14751.935006,816,1611
14751.940005,993,1618
14751.945005,901,1616
14751.950006,773,1617
14751.955005,964,1616
14751.960006,936,1617
14751.965006,750,1617
14751.970007,857,1615
14751.975006,968,1615
14751.980006,790,1615
14751.985006,810,1615
14751.990006,999,1617
14751.995005,904,1616
14752.000006,786,1614
14752.005006,949,1616
14752.010007,934,1617
14752.015006,754,1615
14752.020005,863,1611
14752.025007,970,1616
14752.030007,788,1617
14752.035006,804,1619
14752.040006,1000,1621
14752.045005,912,1621
14752.050005,785,1619
14752.055005,957,1621
14752.060006,934,1621
14752.065005,757,1625
14752.070006,846,1621
14752.075005,968,1624
14752.080006,798,1625
14752.085006,806,1625
14752.090006,982,1621
14752.095007,920,1621
14752.100006,785,1622
14752.105006,952,1624
14752.110007,932,1624
14752.115006,758,1624
14752.120006,838,1621
14752.125006,978,1619
14752.130006,798,1616
14752.135005,815,1617
14752.140007,977,1624
14752.145005,898,1618
14752.150006,789,1616
14752.155006,959,1613
14752.160006,942,1613
14752.165006,767,1615
14752.170006,836,1613
14752.175006,962,1612
14752.180005,807,1610
14752.185006,808,1612
14752.190007,975,1612
14752.195007,910,1606
14752.200006,796,1605
14752.205005,958,1609
14752.210006,937,1609
14752.215006,753,1610
14752.220007,836,1610
14752.225006,976,1612
14752.230006,796,1611
14752.235005,805,1610
14752.240006,976,1611
14752.245005,919,1606
14752.250005,770,1610
14752.255005,961,1609
14752.260007,950,1607
14752.265006,755,1609
14752.270006,836,1609
14752.275006,969,1601
14752.280006,801,1605
14752.285006,816,1609
14752.290006,984,1609
14752.295006,900,1610
14752.300006,770,1610
14752.305006,941,1612
14752.310006,948,1610
14752.315005,750,1610
14752.320006,837,1607
14752.325007,978,1609
14752.330006,803,1602
14752.335007,821,1604
14752.340007,984,1606
14752.345006,897,1608
14752.350006,774,1605
14752.355006,948,1605
14752.360006,932,1599
14752.365006,774,1600
14752.370006,850,1600
14752.375005,969,1603
14752.380006,787,1600
14752.385005,809,1592
14752.390006,976,1600
14752.395005,906,1600
14752.400006,771,1599
14752.405006,939,1599
14752.410006,928,1598
14752.415006,774,1597
14752.420005,827,1599
14752.425006,973,1601
14752.430005,792,1598
14752.435006,797,1603
14752.440005,987,1601
14752.445007,900,1601
14752.450007,767,1603
14752.455005,958,1602
14752.460005,942,1604
14752.465006,757,1603
14752.470007,835,1601
14752.475006,964,1603
14752.480006,787,1603
14752.485006,799,1604
14752.490006,992,1603
14752.495006,910,1601
14752.500006,767,1600
14752.505006,937,1601
14752.510006,926,1602
14752.515006,764,1599
14752.520006,837,1599
14752.525007,961,1600
14752.530007,794,1600
14752.535006,795,1596
14752.540006,972,1596
14752.545006,914,1600
14752.550007,769,1599
14752.555006,938,1600
14752.560006,927,1601
14752.565006,768,1601
14752.570006,841,1602
14752.575005,959,1604
14752.580006,787,1606
14752.585005,797,1605
14752.590006,971,1605
14752.595006,899,1611
14752.600005,774,1600
14752.605007,949,1607
14752.610007,934,1605
14752.615006,747,1611
14752.620005,850,1604
14752.625007,976,1610
14752.630007,798,1609
14752.635006,804,1608
14752.640006,974,1608
14752.645006,899,1609
14752.650006,769,1611
14752.655006,953,1605
14752.660007,939,1609
14752.665006,754,1605
14752.670005,830,1604
14752.675005,962,1608
14752.680005,792,1604
14752.685006,800,1606
14752.690005,979,1606
14752.695006,905,1604
14752.700005,790,1600
14752.705005,948,1601
14752.710006,934,1604
14752.715006,750,1604
14752.720006,828,1604
14752.725005,967,1603
14752.730006,795,1604
14752.735006,803,1605
14752.740006,1001,1603
14752.745007,914,1602
14752.750005,774,1605
14752.755006,934,1606
14752.760005,948,1601
14752.765006,771,1604
14752.770005,837,1603
14752.775007,982,1605
14752.780006,799,1604
14752.785006,803,1608
14752.790006,978,1604
14752.795005,907,1606
14752.800005,771,1604
14752.805006,935,1604
14752.810007,949,1603
14752.815006,761,1608
14752.820007,825,1612
14752.825006,977,1609
14752.830005,811,1610
14752.835006,809,1613
14752.840005,979,1615
14752.845006,903,1615
14752.850006,778,1616
14752.855006,936,1620
14752.860006,928,1618
14752.865007,762,1616
14752.870005,837,1615
14752.875007,963,1618
14752.880006,789,1620
14752.885006,816,1607
14752.890007,990,1614
14752.895005,908,1614
14752.900006,781,1609
14752.905006,941,1611
14752.910006,933,1612
14752.915006,753,1612
14752.920006,821,1614
14752.925007,960,1615
14752.930005,815,1611
14752.935006,808,1613
14752.940005,977,1615
14752.945006,916,1609
14752.950007,779,1617
14752.955006,928,1621
14752.960006,944,1615
14752.965005,757,1617
14752.970006,825,1620
14752.975005,957,1621
14752.980006,793,1619
14752.985005,819,1619
14752.990007,981,1618
14752.995006,907,1619
14753.000005,782,1613
14753.005005,939,1614
14753.010006,926,1616
14753.015006,764,1614
14753.020006,826,1610
14753.025006,959,1611
14753.030007,810,1605
14753.035005,816,1609
14753.040005,984,1608
14753.045007,911,1609
14753.050006,760,1610
14753.055006,925,1608
14753.060005,944,1608
14753.065005,761,1609
14753.070006,816,1612
14753.075006,957,1612
14753.080005,798,1602
14753.085005,808,1606
14753.090006,978,1610
14753.095006,910,1608
14753.100006,782,1606
14753.105007,944,1606
14753.110006,930,1606
14753.115006,747,1608
14753.120007,815,1608
14753.125007,983,1605
14753.130006,801,1606
14753.135006,807,1605
14753.140006,978,1601
14753.145006,912,1601
14753.150006,765,1605
14753.155005,926,1606
14753.160007,951,1603
14753.165006,752,1604
14753.170005,820,1603
14753.175006,966,1601
14753.180005,808,1602
14753.185006,800,1606
14753.190006,978,1603
14753.195006,908,1606
14753.200006,767,1604
14753.205006,934,1599
14753.210006,931,1605
14753.215006,750,1607
14753.220007,840,1606
14753.225005,982,1610
14753.230006,812,1608
14753.235006,807,1607
14753.240006,975,1607
14753.245005,907,1607
14753.250007,763,1605
14753.255006,942,1608
14753.260005,933,1609
14753.265006,765,1604
14753.270006,822,1609
14753.275006,964,1613
14753.280005,797,1610
14753.285006,814,1606
14753.290007,984,1610
14753.295006,910,1613
14753.300007,785,1613
14753.305005,946,1611
14753.310006,933,1611
14753.315006,745,1615
14753.320007,831,1612
14753.325007,976,1615
14753.330006,807,1614
14753.335006,811,1617
14753.340006,982,1616
14753.345007,913,1615
14753.350006,764,1614
14753.355007,948,1613
14753.360005,941,1613
14753.365006,751,1611
14753.370005,832,1604
14753.375007,974,1609
14753.380006,816,1609
14753.385005,816,1604
14753.390006,993,1602
14753.395006,917,1604
14753.400007,774,1603
14753.405006,931,1604
14753.410007,930,1604
14753.415007,752,1601
14753.420005,814,1602
14753.425005,960,1604
14753.430005,819,1599
14753.435006,803,1598
14753.440006,990,1599
14753.445006,923,1601
14753.450005,768,1598
14753.455007,920,1602
14753.460006,950,1600
14753.465006,759,1602
14753.470006,819,1598
14753.475006,964,1598
14753.480006,799,1598
14753.485006,810,1593
14753.490007,985,1595
14753.495006,933,1598
14753.500005,777,1597
14753.505006,925,1600
14753.510005,930,1597
14753.515007,744,1599
14753.520006,830,1594
14753.525006,972,1595
14753.530006,801,1597
14753.535007,798,1596
14753.540006,975,1592
14753.545005,932,1597
14753.550005,777,1596
14753.555005,935,1596
14753.560006,934,1596
14753.565007,750,1598
14753.570005,807,1601
14753.575005,977,1600
14753.580006,800,1600
14753.585006,815,1596
14753.590006,974,1602
14753.595006,926,1595
14753.600006,776,1600
14753.605006,926,1601
14753.610006,950,1596
14753.615007,766,1599
14753.620006,817,1598
14753.625005,962,1599
14753.630005,808,1600
14753.635006,793,1599
14753.640006,989,1602
14753.645005,922,1600
14753.650006,764,1599
14753.655005,940,1601
14753.660006,943,1594
14753.665006,750,1599
14753.670006,819,1597
14753.675006,982,1597
14753.680007,814,1598
14753.685007,803,1597
14753.690006,973,1599
14753.695006,915,1600
14753.700005,764,1601
14753.705006,942,1599
14753.710006,945,1598
14753.715005,755,1597
14753.720007,812,1602
14753.725006,983,1598
14753.730006,810,1592
14753.735006,804,1597
14753.740007,979,1595
14753.745006,915,1597
14753.750006,760,1597
14753.755006,942,1595
14753.760005,947,1594
14753.765005,765,1597
14753.770005,828,1596
14753.775006,969,1595
14753.780005,805,1595
14753.785006,801,1595
14753.790006,973,1598
14753.795005,916,1593
14753.800006,758,1594
14753.805006,933,1595
14753.810007,950,1597
14753.815007,764,1600
14753.820005,819,1602
14753.825005,963,1603
14753.830006,805,1604
14753.835005,793,1606
14753.840006,969,1608
14753.845006,927,1603
14753.850005,775,1598
14753.855005,927,1605
14753.860006,927,1609
14753.865006,767,1608
14753.870005,823,1609
14753.875006,968,1608
14753.880006,802,1610
14753.885005,793,1613
14753.890006,994,1608
14753.895006,922,1607
14753.900006,765,1610
14753.905006,914,1610
14753.910006,947,1608
14753.915007,760,1609
14753.920006,817,1610
14753.925006,961,1608
14753.930005,811,1607
14753.935006,799,1609
14753.940005,979,1607
14753.945006,912,1608
14753.950005,778,1601
14753.955006,933,1606
14753.960006,939,1604
14753.965006,747,1607
14753.970006,837,1601
14753.975006,973,1610
14753.980006,804,1610
14753.985005,793,1611
14753.990007,996,1610
14753.995006,930,1612
14754.000005,776,1605
14754.005006,933,1615
14754.010005,948,1612
14754.015006,751,1612
14754.020006,833,1612
14754.025006,968,1614
14754.030006,803,1616
14754.035006,804,1617
14754.040005,972,1618
14754.045006,938,1613
14754.050007,772,1613
14754.055006,927,1613
14754.060007,946,1616
14754.065006,758,1611
14754.070006,819,1612
14754.075006,964,1616
14754.080005,817,1605
14754.085006,811,1613
14754.090005,981,1612
14754.095007,922,1612
14754.100005,761,1617
14754.105006,919,1612
14754.110005,937,1614
14754.115006,756,1615
14754.120005,818,1610
14754.125006,989,1610
14754.130006,819,1616
14754.135005,798,1613
14754.140006,978,1614
14754.145006,918,1615
14754.150005,785,1611
14754.155005,934,1617
14754.160006,946,1617
14754.165005,751,1620
14754.170006,835,1615
14754.175006,972,1620
14754.180006,806,1623
14754.185006,815,1621
14754.190006,981,1620
14754.195006,914,1622
14754.200005,775,1619
14754.205006,920,1619
14754.210007,932,1623
14754.215005,753,1617
14754.220006,830,1612
14754.225007,972,1617
14754.230006,810,1620
14754.235005,813,1617
14754.240006,995,1616
14754.245007,934,1616
14754.250007,767,1618
14754.255006,915,1620
14754.260005,948,1615
14754.265006,767,1616
14754.270006,828,1614
14754.275006,980,1612
14754.280005,813,1607
14754.285006,794,1612
14754.290006,994,1609
14754.295006,922,1606
14754.300006,760,1612
14754.305006,935,1606
14754.310006,949,1608
14754.315005,751,1609
14754.320007,826,1605
14754.325006,968,1607
14754.330006,822,1610
14754.335006,788,1611
14754.340005,987,1608
14754.345006,917,1610
14754.350007,777,1606
14754.355005,915,1611
14754.360006,929,1609
14754.365006,771,1612
14754.370006,826,1613
14754.375006,970,1610
14754.380006,805,1613
14754.385006,798,1613
14754.390006,993,1610
14754.395005,916,1609
14754.400006,780,1610
14754.405006,918,1609
14754.410006,931,1612
14754.415006,753,1603
14754.420006,826,1606
14754.425006,974,1606
14754.430006,816,1606
14754.435006,809,1608
14754.440005,988,1607
14754.445007,919,1604
14754.450005,762,1607
14754.455007,916,1600
14754.460006,952,1607
14754.465005,753,1604
14754.470006,815,1603
14754.475006,965,1608
14754.480006,834,1600
14754.485005,809,1603
14754.490007,969,1605
14754.495006,910,1605
14754.500005,758,1606
14754.505006,913,1603
14754.510006,955,1603
14754.515006,766,1601
14754.520006,808,1604
14754.525005,983,1601
14754.530005,823,1599
14754.535006,797,1601
14754.540006,979,1599
14754.545006,910,1600
14754.550006,779,1599
14754.555005,913,1598
14754.560006,932,1597
14754.565006,762,1593
14754.570007,826,1598
14754.575007,968,1596
14754.580006,812,1597
14754.585006,798,1593
14754.590006,986,1599
14754.595007,928,1598
14754.600006,763,1601
14754.605005,910,1603
14754.610006,932,1601
14754.615006,765,1603
14754.620005,818,1601
14754.625007,967,1601
14754.630007,812,1600
14754.635006,788,1603
14754.640007,986,1602
14754.645006,925,1600
14754.650006,764,1601
14754.655006,909,1601
14754.660007,943,1592
14754.665006,760,1599
14754.670005,816,1598
14754.675006,962,1599
14754.680005,812,1599
14754.685006,813,1598
14754.690006,981,1597
14754.695007,924,1596
14754.700007,761,1598
14754.705005,909,1599
14754.710005,942,1590
14754.715005,763,1598
14754.720007,816,1598
14754.725006,962,1600
14754.730006,813,1600
14754.735006,806,1592
14754.740006,989,1595
14754.745005,930,1598
14754.750005,772,1597
14754.755006,907,1598
14754.760006,929,1599
14754.765006,753,1593
14754.770006,824,1593
14754.775006,978,1594
14754.780005,825,1600
14754.785006,792,1600
14754.790006,986,1598
14754.795006,928,1599
14754.800007,765,1599
14754.805007,910,1592
14754.810006,949,1599
14754.815006,771,1599
14754.820007,816,1598
14754.825006,969,1600
14754.830006,817,1599
14754.835007,791,1601
14754.840005,972,1601
14754.845006,937,1597
14754.850005,771,1600
14754.855006,911,1601
14754.860006,932,1604
14754.865006,771,1602
14754.870007,819,1601
14754.875006,962,1601
14754.880006,815,1599
14754.885005,807,1601
14754.890006,975,1604
14754.895006,922,1602
14754.900006,764,1603
14754.905005,904,1608
14754.910005,952,1603
14754.915005,769,1606
14754.920006,805,1609
14754.925006,973,1604
14754.930006,816,1606
14754.935006,787,1608
14754.940007,987,1605
14754.945006,913,1609
14754.950006,763,1607
14754.955005,905,1610
14754.960005,938,1607
14754.965006,770,1606
14754.970006,828,1611
14754.975006,972,1608
14754.980006,822,1609
14754.985005,793,1611
14754.990006,969,1613
14754.995005,936,1610
14755.000007,764,1611
14755.005007,909,1611
14755.010006,953,1613
14755.015006,763,1612
14755.020005,822,1608
14755.025006,969,1611
14755.030006,826,1612
14755.035006,794,1613
14755.040006,996,1612
14755.045006,928,1608
14755.050006,770,1608
14755.055007,909,1612
14755.060006,960,1610
14755.065005,768,1612
14755.070007,817,1613
14755.075007,984,1613
14755.080006,835,1611
14755.085006,802,1615
14755.090006,975,1613
14755.095005,920,1615
14755.100006,777,1613
14755.105007,924,1615
14755.110006,957,1616
14755.115006,777,1612
14755.120006,826,1617
14755.125005,972,1618
14755.130005,819,1615
14755.135006,806,1608
14755.140007,982,1611
14755.145006,925,1612
14755.150007,761,1614
14755.155007,924,1613
14755.160006,944,1613
14755.165006,762,1613
14755.170006,813,1610
14755.175006,989,1615
14755.180006,834,1614
14755.185006,803,1615
14755.190006,982,1619
14755.195006,925,1618
14755.200005,761,1628
14755.205007,922,1621
14755.210006,942,1625
14755.215005,773,1620
14755.220007,826,1624
14755.225006,980,1625
14755.230006,831,1624
14755.235006,797,1625
14755.240007,992,1624
14755.245006,938,1620
14755.250006,766,1623
14755.255007,928,1622
14755.260005,946,1618
14755.265007,756,1620
14755.270006,829,1612
14755.275006,988,1614
14755.280006,830,1612
14755.285007,802,1611
14755.290006,985,1609
14755.295005,927,1610
14755.300006,764,1609
14755.305005,922,1601
14755.310007,957,1607
14755.315006,757,1609
14755.320006,808,1609
14755.325005,966,1606
14755.330007,838,1599
14755.335006,808,1603
14755.340006,982,1601
14755.345006,923,1604
14755.350005,760,1602
14755.355006,922,1595
14755.360007,941,1598
14755.365006,773,1596
14755.370006,826,1598
14755.375005,964,1598
14755.380006,839,1590
14755.385005,802,1595
14755.390006,976,1593
14755.395005,916,1598
14755.400006,765,1588
14755.405006,917,1597
14755.410006,952,1596
14755.415006,755,1596
14755.420006,810,1601
14755.425006,989,1597
14755.430006,838,1597
14755.435006,799,1602
14755.440006,980,1603
14755.445007,920,1601
14755.450006,758,1601
14755.455006,920,1604
14755.460006,943,1601
14755.465006,754,1603
14755.470007,815,1595
14755.475006,984,1599
14755.480006,846,1602
14755.485005,804,1600
14755.490006,975,1601
14755.495005,922,1603
14755.500007,773,1600
14755.505007,914,1596
14755.510005,933,1602
14755.515006,772,1596
14755.520005,816,1596
14755.525006,963,1601
14755.530005,841,1598
14755.535006,803,1599
14755.540005,969,1601
14755.545006,917,1605
14755.550007,768,1602
14755.555006,897,1608
14755.560007,959,1604
14755.565007,761,1606
14755.570005,814,1610
14755.575006,986,1599
14755.580005,836,1608
14755.585006,791,1615
14755.590005,987,1615
14755.595006,918,1614
14755.600006,782,1611
14755.605006,911,1614
14755.610006,940,1616
14755.615007,766,1617
14755.620006,816,1616
14755.625006,971,1609
14755.630006,846,1612
14755.635007,792,1612
14755.640006,992,1608
14755.645006,931,1613
14755.650007,767,1612
14755.655006,894,1611
14755.660006,936,1610
14755.665005,777,1608
14755.670006,821,1609
14755.675007,972,1608
14755.680005,827,1610
14755.685007,805,1610
14755.690007,976,1607
14755.695006,925,1608
14755.700005,763,1611
14755.705006,898,1612
14755.710006,952,1605
14755.715005,768,1609
14755.720006,815,1614
14755.725005,971,1615
14755.730006,850,1615
14755.735005,799,1617
14755.740006,977,1620
14755.745006,925,1618
14755.750006,762,1620
14755.755006,898,1625
14755.760007,956,1621
14755.765006,763,1622
14755.770007,811,1625
14755.775005,987,1625
14755.780006,829,1629
14755.785007,813,1626
14755.790006,981,1625
14755.795006,925,1627
14755.800006,763,1628
14755.805005,920,1625
14755.810006,955,1626
14755.815007,759,1629
14755.820006,813,1626
14755.825005,978,1616
14755.830007,845,1625
14755.835007,793,1622
14755.840005,987,1619
14755.845006,939,1619
14755.850005,766,1621
14755.855007,896,1620
14755.860007,958,1622
14755.865005,757,1619
14755.870005,812,1621
14755.875006,972,1618
14755.880006,849,1613
14755.885006,806,1614
14755.890006,978,1614
14755.895006,941,1611
14755.900006,774,1615
14755.905005,910,1618
14755.910006,950,1615
14755.915007,764,1617
14755.920005,818,1618
14755.925006,974,1617
14755.930005,832,1617
14755.935006,809,1616
14755.940005,968,1620
14755.945006,940,1619
14755.950005,767,1618
14755.955007,896,1621
14755.960006,966,1618
14755.965006,779,1614
14755.970006,819,1616
14755.975006,970,1620
14755.980006,849,1616
14755.985006,798,1616
14755.990007,971,1617
14755.995006,926,1618
14756.000006,761,1613
14756.005006,911,1616
14756.010006,938,1615
14756.015006,776,1612
14756.020006,825,1617
14756.025007,981,1611
14756.030006,843,1617
14756.035006,796,1613
14756.040006,968,1614
14756.045006,943,1614
14756.050007,774,1617
14756.055006,905,1614
14756.060006,946,1612
14756.065006,777,1614
14756.070006,822,1618
14756.075006,971,1617
14756.080006,835,1618
14756.085007,805,1609
14756.090006,989,1615
14756.095006,927,1615
14756.100005,776,1611
14756.105006,903,1616
14756.110006,964,1617
14756.115006,769,1615
14756.120006,814,1617
14756.125005,994,1610
14756.130005,845,1614
14756.135007,803,1612
14756.140006,968,1616
14756.145006,938,1613
14756.150007,772,1609
14756.155007,908,1611
14756.160005,961,1612
14756.165005,757,1612
14756.170006,827,1614
14756.175005,975,1612
14756.180006,837,1613
14756.185006,810,1613
14756.190005,978,1612
14756.195007,929,1609
14756.200006,756,1614
14756.205006,914,1606
14756.210007,961,1609
14756.215005,763,1611
14756.220006,807,1611
14756.225005,971,1613
14756.230006,850,1604
14756.235005,806,1609
14756.240006,973,1614
14756.245006,933,1607
14756.250006,756,1611
14756.255006,893,1609
14756.260005,962,1611
14756.265006,762,1612
14756.270005,815,1609
14756.275006,968,1612
14756.280006,854,1613
14756.285006,791,1609
14756.290006,970,1613
14756.295005,920,1613
14756.300005,781,1609
14756.305005,908,1611
14756.310007,949,1611
14756.315007,764,1609
14756.320007,815,1611
14756.325007,990,1612
14756.330007,846,1612
14756.335006,787,1612
14756.340006,985,1613
14756.345006,930,1610
14756.350006,759,1613
14756.355006,913,1608
14756.360006,943,1609
14756.365007,781,1606
14756.370006,822,1606
14756.375005,971,1611
14756.380006,856,1607
14756.385005,799,1608
14756.390006,978,1605
14756.395006,923,1609
14756.400006,755,1611
14756.405006,907,1609
14756.410006,946,1607
14756.415006,759,1608
14756.420006,827,1608
14756.425006,987,1607
14756.430006,847,1609
14756.435006,789,1614
14756.440007,967,1616
14756.445005,944,1613
14756.450006,762,1618
14756.455005,902,1618
14756.460005,949,1619
14756.465006,758,1624
14756.470006,828,1624
14756.475006,987,1625
14756.480007,846,1630
14756.485006,787,1631
14756.490006,974,1630
14756.495005,933,1631
14756.500007,761,1633
14756.505007,910,1630
14756.510005,952,1631
14756.515007,762,1630
14756.520007,835,1629
14756.525006,989,1629
14756.530006,846,1627
14756.535007,790,1628
14756.540006,994,1625
14756.545005,932,1627
14756.550006,759,1627
14756.555005,913,1623
14756.560006,962,1617
14756.565005,774,1619
14756.570006,814,1619
14756.575005,971,1622
14756.580006,861,1620
14756.585006,789,1623
14756.590005,993,1616
14756.595006,933,1617
14756.600006,775,1614
14756.605007,907,1616
14756.610007,957,1615
14756.615005,761,1620
14756.620005,835,1615
14756.625006,984,1613
14756.630006,844,1615
14756.635006,807,1614
14756.640007,978,1615
14756.645006,928,1612
14756.650006,768,1604
14756.655005,904,1610
14756.660006,943,1613
14756.665006,777,1609
14756.670006,821,1607
14756.675005,989,1604
14756.680006,843,1603
14756.685006,803,1608
14756.690006,983,1610
14756.695006,924,1610
14756.700006,756,1609
14756.705006,907,1605
14756.710006,959,1605
14756.715006,762,1610
14756.720006,831,1608
14756.725006,991,1606
14756.730006,846,1606
14756.735005,787,1606
14756.740007,987,1604
14756.745007,942,1606
14756.750006,766,1603
14756.755006,896,1603
14756.760005,945,1603
14756.765006,777,1603
14756.770005,818,1600
14756.775006,972,1602
14756.780006,851,1594
14756.785007,797,1602
14756.790006,976,1599
14756.795005,918,1603
14756.800005,774,1598
14756.805005,893,1601
14756.810006,942,1603
14756.815005,770,1599
14756.820007,811,1603
14756.825007,970,1602
14756.830005,850,1600
14756.835006,786,1605
14756.840005,985,1600
14756.845006,945,1601
14756.850007,777,1599
14756.855005,886,1603
14756.860006,960,1602
14756.865006,772,1604
14756.870006,812,1603
14756.875005,992,1606
14756.880006,849,1605
14756.885005,785,1610
14756.890006,978,1604
14756.895006,922,1609
14756.900006,781,1605
14756.905005,892,1609
14756.910006,943,1613
14756.915007,780,1609
14756.920006,820,1610
14756.925006,973,1613
14756.930006,863,1609
14756.935006,792,1613
14756.940005,992,1611
14756.945007,935,1615
14756.950006,762,1617
14756.955005,886,1616
14756.960005,957,1617
14756.965006,765,1619
14756.970007,826,1616
14756.975006,992,1621
14756.980006,861,1625
14756.985006,789,1625
14756.990006,976,1615
14756.995006,940,1626
14757.000006,763,1627
14757.005007,886,1630
14757.010005,974,1623
14757.015006,766,1630
14757.020006,831,1633
14757.025007,985,1629
14757.030006,855,1628
14757.035006,791,1635
14757.040007,992,1630
14757.045005,932,1629
14757.050006,763,1631
14757.055006,901,1629
14757.060006,965,1630
14757.065006,767,1636
14757.070007,810,1634
14757.075005,979,1631
14757.080006,867,1627
14757.085007,803,1630
14757.090007,974,1632
14757.095006,924,1634
14757.100007,771,1632
14757.105005,894,1631
14757.110006,954,1632
14757.115007,772,1631
14757.120006,819,1629
14757.125006,972,1631
14757.130006,871,1625
14757.135006,797,1631
14757.140006,974,1627
14757.145005,930,1627
14757.150006,757,1626
14757.155005,904,1627
14757.160006,958,1627
14757.165007,773,1625
14757.170005,814,1627
14757.175006,993,1628
14757.180006,851,1631
14757.185006,800,1621
14757.190005,988,1625
14757.195006,939,1629
14757.200007,764,1627
14757.205005,885,1627
14757.210005,947,1629
14757.215006,759,1631
14757.220006,823,1627
14757.225007,976,1633
14757.230005,868,1629
14757.235005,795,1629
14757.240006,972,1630
14757.245005,924,1628
14757.250006,768,1629
14757.255006,885,1630
14757.260007,970,1626
14757.265006,772,1625
14757.270005,821,1621
14757.275006,975,1625
14757.280006,873,1621
14757.285006,793,1621
14757.290006,968,1622
14757.295006,929,1615
14757.300007,773,1620
14757.305005,887,1624
14757.310007,946,1624
14757.315006,781,1620
14757.320007,818,1621
14757.325006,997,1619
14757.330007,862,1621
14757.335007,787,1623
14757.340006,984,1620
14757.345007,922,1624
14757.350006,779,1623
14757.355007,889,1621
14757.360006,954,1621
14757.365006,763,1621
14757.370006,810,1620
14757.375005,989,1618
14757.380005,856,1616
14757.385007,809,1608
14757.390006,985,1611
14757.395005,929,1608
14757.400006,757,1610
14757.405006,892,1601
14757.410007,955,1606
14757.415005,763,1608
14757.420006,809,1611
14757.425006,991,1605
14757.430005,869,1609
14757.435006,787,1610
14757.440006,964,1610
14757.445006,946,1611
14757.450006,765,1609
14757.455005,880,1614
14757.460006,948,1615
14757.465005,785,1612
14757.470006,822,1616
14757.475006,985,1612
14757.480007,855,1620
14757.485005,799,1616
14757.490006,972,1618
14757.495005,934,1606
14757.500006,771,1616
14757.505006,889,1619
14757.510006,955,1615
14757.515005,760,1615
14757.520006,827,1610
14757.525006,985,1610
14757.530005,849,1615
14757.535006,796,1606
14757.540007,964,1608
14757.545006,931,1607
14757.550006,761,1606
14757.555006,874,1605
14757.560006,969,1610
14757.565006,776,1603
14757.570007,815,1604
14757.575006,978,1609
14757.580005,854,1610
14757.585005,804,1606
14757.590006,971,1604
14757.595006,945,1602
14757.600006,763,1605
14757.605006,877,1606
14757.610006,964,1604
14757.615006,764,1605
14757.620006,807,1605
14757.625005,990,1601
14757.630005,865,1605
14757.635006,782,1603
14757.640007,980,1600
14757.645006,940,1602
14757.650007,766,1601
14757.655006,884,1602
14757.660006,950,1602
14757.665007,780,1603
14757.670007,807,1605
14757.675006,974,1602
14757.680006,854,1607
14757.685006,805,1605
14757.690006,969,1608
14757.695006,922,1609
14757.700005,773,1612
14757.705006,878,1612
14757.710006,973,1608
14757.715006,780,1613
14757.720007,818,1615
14757.725006,978,1616
14757.730006,858,1616
14757.735005,804,1615
14757.740006,972,1613
14757.745006,932,1613
14757.750007,757,1613
14757.755007,871,1616
14757.760006,966,1612
14757.765007,768,1614
14757.770006,826,1613
14757.775007,989,1612
14757.780006,868,1609
14757.785007,785,1608
14757.790006,978,1615
14757.795006,931,1610
14757.800006,778,1606
14757.805006,874,1610
14757.810007,952,1609
14757.815006,770,1609
14757.820007,824,1610
14757.825007,973,1609
14757.830006,869,1599
14757.835007,790,1608
14757.840006,981,1607
14757.845007,926,1605
14757.850005,772,1602
14757.855007,874,1604
14757.860006,966,1601
14757.865006,767,1602
14757.870006,809,1600
14757.875005,978,1600
14757.880006,856,1606
14757.885006,798,1604
14757.890006,973,1597
14757.895005,934,1604
14757.900007,746,1604
14757.905006,882,1602
14757.910006,947,1601
14757.915007,777,1601
14757.920006,800,1604
14757.925007,992,1599
14757.930005,860,1602
14757.935006,773,1600
14757.940007,971,1598
14757.945006,926,1596
14757.950005,772,1595
14757.955007,877,1590
14757.960006,949,1595
14757.965005,760,1595
14757.970007,821,1595
14757.975005,984,1594
14757.980006,858,1596
14757.985006,777,1593
14757.990006,956,1597
14757.995006,941,1595
14758.000005,762,1597
14758.005005,862,1597
14758.010007,964,1598
14758.015006,769,1599
14758.020006,804,1595
14758.025007,974,1593
14758.030006,877,1598
14758.035006,790,1600
14758.040005,960,1603
14758.045006,920,1601
14758.050007,752,1604
14758.055005,883,1605
14758.060007,969,1603
14758.065007,772,1605
14758.070005,804,1610
14758.075005,988,1605
14758.080006,866,1610
14758.085006,798,1608
14758.090005,971,1608
14758.095005,922,1612
14758.100006,774,1608
14758.105006,874,1612
14758.110006,946,1612
14758.115006,768,1611
14758.120005,805,1611
14758.125007,990,1609
14758.130007,865,1610
14758.135006,796,1603
14758.140006,975,1608
14758.145007,937,1609
14758.150006,760,1608
14758.155006,865,1612
14758.160006,967,1601
14758.165006,780,1608
14758.170005,812,1610
14758.175005,990,1602
14758.180006,872,1610
14758.185006,787,1611
14758.190005,966,1611
14758.195006,929,1612
14758.200005,766,1613
14758.205006,866,1616
14758.210007,948,1616
14758.215005,767,1614
14758.220006,828,1612
14758.225006,985,1614
14758.230006,863,1618
14758.235006,802,1613
14758.240006,977,1614
14758.245006,928,1614
14758.250006,757,1617
14758.255006,883,1610
14758.260006,969,1615
14758.265007,785,1615
14758.270006,822,1616
14758.275007,984,1616
14758.280006,868,1615
14758.285006,787,1616
14758.290006,970,1618
14758.295006,932,1617
14758.300006,776,1618
14758.305006,880,1618
14758.310006,956,1617
14758.315005,766,1621
14758.320007,808,1620
14758.325007,993,1620
14758.330005,878,1622
14758.335005,779,1621
14758.340007,983,1619
14758.345006,928,1619
14758.350005,773,1617
14758.355006,876,1614
14758.360006,951,1612
14758.365005,785,1608
14758.370005,827,1610
14758.375006,984,1605
14758.380005,872,1607
14758.385006,794,1597
14758.390005,965,1606
14758.395005,922,1605
14758.400006,771,1600
14758.405005,872,1600
14758.410007,956,1600
14758.415006,773,1601
14758.420006,808,1597
14758.425007,990,1599
14758.430006,865,1598
14758.435006,777,1598
14758.440005,955,1595
14758.445007,931,1584
14758.450006,768,1593
14758.455006,871,1593
14758.460006,953,1590
14758.465007,759,1594
14758.470007,823,1592
14758.475006,981,1590
14758.480006,871,1592
14758.485007,772,1595
14758.490005,970,1590
14758.495006,919,1593
14758.500005,771,1590
14758.505005,863,1590
14758.510007,948,1593
14758.515006,761,1593
14758.520006,819,1590
14758.525007,982,1590
14758.530006,869,1589
14758.535005,790,1588
14758.540005,975,1586
14758.545006,929,1589
14758.550006,750,1592
14758.555006,872,1592
14758.560006,966,1594
14758.565005,766,1592
14758.570006,798,1598
14758.575006,987,1598
14758.580005,869,1597
14758.585005,770,1602
14758.590006,974,1600
14758.595007,923,1600
14758.600005,766,1598
14758.605006,861,1601
14758.610005,948,1603
14758.615007,762,1606
14758.620006,824,1605
14758.625006,974,1606
14758.630006,866,1607
14758.635006,793,1607
14758.640006,971,1609
14758.645006,925,1607
14758.650007,770,1605
14758.655006,864,1609
14758.660006,948,1608
14758.665006,781,1606
14758.670006,813,1608
14758.675006,974,1610
14758.680005,867,1609
14758.685006,792,1606
14758.690006,972,1608
14758.695006,942,1604
14758.700006,757,1611
14758.705006,876,1610
14758.710006,951,1609
14758.715006,785,1610
14758.720006,808,1614
14758.725007,976,1611
14758.730005,866,1615
14758.735005,786,1606
14758.740007,976,1615
14758.745006,929,1613
14758.750005,759,1614
14758.755005,860,1610
14758.760006,946,1620
14758.765006,781,1615
14758.770005,809,1618
14758.775007,969,1619
14758.780007,886,1616
14758.785005,783,1613
14758.790005,967,1613
14758.795006,933,1614
14758.800006,748,1619
14758.805006,855,1619
14758.810006,966,1610
14758.815006,779,1617
14758.820007,805,1619
14758.825006,975,1620
14758.830006,893,1618
14758.835006,785,1620
14758.840005,954,1622
14758.845006,923,1618
14758.850007,767,1622
14758.855005,874,1621
14758.860005,958,1619
14758.865006,778,1623
14758.870005,804,1620
14758.875006,983,1610
14758.880006,867,1621
14758.885005,792,1614
14758.890006,964,1616
14758.895005,926,1615
14758.900006,751,1618
14758.905006,874,1613
14758.910007,956,1612
14758.915006,774,1611
14758.920006,825,1609
14758.925006,984,1610
14758.930005,877,1609
14758.935007,776,1610
14758.940006,970,1609
14758.945006,941,1609
14758.950006,755,1611
14758.955005,852,1611
14758.960006,969,1609
14758.965005,787,1610
14758.970006,810,1609
14758.975006,973,1610
14758.980006,870,1612
14758.985005,797,1607
14758.990007,965,1609
14758.995006,930,1612
14759.000005,750,1612
14759.005005,850,1611
14759.010006,969,1609
14759.015006,779,1608
14759.020005,808,1609
14759.025006,993,1609
14759.030005,877,1610
14759.035007,779,1610
14759.040006,956,1612
14759.045007,931,1609
14759.050006,755,1610
14759.055006,868,1603
14759.060006,975,1609
14759.065005,785,1608
14759.070007,806,1613
14759.075007,970,1610
14759.080005,898,1609
14759.085005,785,1609
14759.090006,956,1608
14759.095006,940,1609
14759.100005,762,1611
14759.105006,854,1611
14759.110006,949,1615
14759.115006,786,1612
14759.120006,818,1612
14759.125006,977,1612
14759.130006,878,1614
14759.135006,777,1613
14759.140006,971,1614
14759.145006,929,1614
14759.150006,750,1615
14759.155005,851,1618
14759.160007,977,1613
14759.165007,788,1613
14759.170005,813,1615
14759.175005,985,1612
14759.180005,877,1614
14759.185005,784,1616
14759.190006,951,1615
14759.195007,949,1609
14759.200006,762,1613
14759.205005,860,1613
14759.210005,965,1615
14759.215006,775,1616
14759.220007,807,1611
14759.225005,977,1613
14759.230006,880,1613
14759.235006,771,1615
14759.240006,969,1610
14759.245006,927,1616
14759.250005,754,1616
14759.255006,849,1612
14759.260006,968,1614
14759.265006,782,1614
14759.270006,808,1613
14759.275007,973,1614
14759.280005,903,1608
14759.285006,784,1612
14759.290006,962,1612
14759.295006,932,1611
14759.300006,764,1611
14759.305006,854,1608
14759.310006,957,1610
14759.315006,788,1610
14759.320006,809,1610
14759.325006,981,1609
14759.330005,884,1612
14759.335005,792,1609
14759.340007,961,1606
14759.345007,927,1609
14759.350006,772,1603
14759.355006,862,1608
14759.360005,961,1607
14759.365006,774,1606
14759.370005,822,1603
14759.375006,990,1604
14759.380006,890,1602
14759.385006,774,1603
14759.390007,946,1605
14759.395005,943,1600
14759.400006,767,1602
14759.405005,854,1598
14759.410006,962,1601
14759.415007,783,1595
14759.420006,801,1599
14759.425007,993,1597
14759.430006,885,1596
14759.435006,777,1592
14759.440006,952,1594
14759.445006,926,1599
14759.450006,763,1589
14759.455006,865,1594
14759.460007,963,1591
14759.465005,777,1595
14759.470007,803,1593
14759.475006,992,1591
14759.480007,889,1590
14759.485006,775,1590
14759.490006,950,1589
14759.495005,932,1589
14759.500006,748,1590
14759.505006,867,1584
14759.510007,956,1586
14759.515006,778,1586
14759.520005,803,1581
14759.525006,976,1583
14759.530006,907,1582
14759.535007,781,1584
14759.540006,949,1584
14759.545006,946,1581
14759.550006,759,1583
14759.555007,838,1587
14759.560006,952,1587
14759.565005,797,1582
14759.570006,803,1587
14759.575006,970,1590
14759.580005,885,1586
14759.585005,771,1590
14759.590007,950,1590
14759.595007,924,1591
14759.600007,757,1589
14759.605006,858,1590
14759.610006,952,1593
14759.615006,797,1594
14759.620005,807,1592
14759.625006,990,1589
14759.630006,891,1597
14759.635005,776,1595
14759.640006,942,1597
14759.645005,948,1597
14759.650006,753,1601
14759.655007,857,1598
14759.660005,969,1599
14759.665005,778,1603
14759.670007,801,1598
14759.675007,997,1603
14759.680006,894,1603
14759.685007,782,1604
14759.690006,945,1606
14759.695006,939,1600
14759.700005,766,1606
14759.705006,847,1611
14759.710006,971,1612
14759.715006,792,1610
14759.720006,804,1610
14759.725006,974,1613
14759.730007,904,1608
14759.735006,782,1611
14759.740007,946,1611
14759.745007,926,1615
14759.750007,768,1611
14759.755006,847,1612
14759.760006,976,1613
14759.765006,790,1611
14759.770007,803,1614
14759.775006,978,1613
14759.780005,896,1612
14759.785006,773,1616
14759.790006,962,1612
14759.795006,940,1612
14759.800006,749,1617
14759.805007,837,1619
14759.810006,971,1616
14759.815006,789,1621
14759.820006,802,1622
14759.825005,978,1622
14759.830007,899,1624
14759.835007,773,1629
14759.840005,962,1625
14759.845006,932,1628
14759.850007,752,1629
14759.855006,849,1628
14759.860007,976,1622
14759.865006,795,1626
14759.870006,807,1626
14759.875006,986,1620
14759.880006,906,1624
14759.885007,773,1625
14759.890006,966,1624
14759.895005,931,1624
14759.900007,752,1626
14759.905006,847,1622
14759.910006,958,1624
14759.915006,803,1620
14759.920006,802,1625
14759.925007,990,1618
14759.930005,892,1622
14759.935006,792,1618
14759.940005,951,1620
14759.945006,933,1620
14759.950005,751,1619
14759.955006,836,1622
14759.960005,980,1622
14759.965007,789,1619
14759.970007,827,1621
14759.975005,987,1617
14759.980007,899,1619
14759.985006,770,1620
14759.990006,957,1619
14759.995006,934,1617
14760.000005,749,1620
14760.005005,855,1617
14760.010006,971,1616
14760.015006,786,1615
14760.020006,817,1609
14760.025006,984,1616
14760.030006,915,1614
14760.035007,777,1615
14760.040007,941,1612
14760.045007,926,1615
14760.050007,771,1612
14760.055006,850,1611
14760.060006,963,1608
14760.065006,784,1611
14760.070006,811,1599
14760.075006,979,1606
14760.080005,918,1606
14760.085005,780,1605
14760.090006,942,1611
14760.095006,949,1604
14760.100006,753,1604
14760.105006,830,1609
14760.110005,971,1603
14760.115006,785,1601
14760.120006,800,1603
14760.125005,999,1600
14760.130005,904,1599
14760.135007,794,1594
14760.140006,950,1596
14760.145005,927,1599
14760.150006,760,1594
14760.155005,829,1595
14760.160007,977,1593
14760.165006,790,1592
14760.170006,800,1594
14760.175007,996,1592
14760.180007,911,1591
14760.185006,776,1592
14760.190005,945,1592
14760.195007,929,1596
14760.200005,748,1595
14760.205006,845,1595
14760.210007,967,1596
14760.215006,792,1597
14760.220007,799,1599
14760.225006,979,1594
14760.230007,902,1595
14760.235005,779,1595
14760.240006,947,1596
14760.245005,947,1593
14760.250007,768,1594
14760.255007,840,1597
14760.260005,965,1596
14760.265007,786,1597
14760.270007,806,1589
14760.275006,989,1596
14760.280006,904,1592
14760.285007,771,1594
14760.290006,951,1595
14760.295005,934,1597
14760.300005,753,1592
14760.305005,825,1599
14760.310006,975,1599
14760.315006,800,1599
14760.320006,805,1598
14760.325006,973,1603
14760.330006,915,1602
14760.335007,769,1603
14760.340006,955,1601
14760.345006,936,1602
14760.350006,750,1606
14760.355006,842,1601
14760.360006,969,1605
14760.365007,789,1605
14760.370006,810,1605
14760.375005,978,1608
14760.380005,902,1607
14760.385007,787,1607
14760.390006,949,1604
14760.395006,943,1608
14760.400006,757,1606
14760.405005,825,1608
14760.410006,981,1609
14760.415006,796,1609
14760.420007,799,1603
14760.425007,987,1604
14760.430006,916,1606
14760.435006,767,1600
14760.440006,952,1609
14760.445006,938,1603
14760.450007,757,1604
14760.455006,835,1605
14760.460006,961,1609
14760.465005,806,1601
14760.470007,799,1605
14760.475006,991,1601
14760.480006,912,1600
14760.485006,770,1601
14760.490006,933,1604
14760.495005,942,1603
14760.500007,756,1599
14760.505006,828,1604
14760.510005,970,1595
14760.515006,812,1599
14760.520005,803,1599
14760.525006,971,1605
14760.530005,918,1600
14760.535005,769,1602
14760.540006,952,1600
14760.545006,926,1601
14760.550007,767,1601
14760.555006,825,1599
14760.560006,973,1595
14760.565006,802,1597
14760.570007,798,1600
14760.575006,973,1598
14760.580006,922,1596
14760.585006,777,1594
14760.590005,936,1594
14760.595007,930,1594
14760.600005,748,1594
14760.605006,818,1591
14760.610005,981,1589
14760.615006,802,1587
14760.620006,801,1588
14760.625005,988,1587
14760.630006,913,1586
14760.635006,765,1589
14760.640005,947,1586
14760.645005,927,1589
14760.650005,770,1586
14760.655005,828,1588
14760.660006,961,1588
14760.665006,792,1589
14760.670005,814,1587
14760.675005,979,1592
14760.680006,904,1587
14760.685006,781,1592
14760.690006,934,1591
14760.695006,928,1593
14760.700006,746,1591
14760.705005,837,1588
14760.710006,962,1592
14760.715005,791,1593
14760.720006,814,1589
14760.725006,982,1589
14760.730006,916,1592
14760.735006,774,1594
14760.740007,929,1594
14760.745006,947,1589
14760.750005,768,1585
14760.755006,836,1590
14760.760006,965,1593
14760.765006,794,1595
14760.770006,809,1596
14760.775006,976,1597
14760.780005,932,1593
14760.785006,785,1594
14760.790006,932,1598
14760.795005,926,1606
14760.800006,765,1595
14760.805006,832,1602
14760.810006,963,1598
14760.815005,814,1606
14760.820006,809,1605
14760.825006,972,1612
14760.830006,929,1611
14760.835006,770,1613
14760.840006,952,1615
14760.845006,947,1614
14760.850005,761,1612
14760.855007,817,1618
14760.860005,978,1617
14760.865006,801,1616
14760.870006,804,1620
14760.875005,994,1617
14760.880005,923,1618
14760.885006,773,1617
14760.890006,949,1618
14760.895005,956,1621
14760.900006,764,1619
14760.905007,822,1619
14760.910006,962,1625
14760.915006,812,1622
14760.920005,808,1622
14760.925005,979,1620
14760.930005,930,1622
14760.935006,777,1622
14760.940006,939,1625
14760.945006,940,1618
14760.950006,755,1625
14760.955006,822,1626
14760.960006,966,1625
14760.965005,821,1631
14760.970006,809,1627
14760.975006,982,1626
14760.980006,922,1621
14760.985006,767,1627
14760.990007,950,1624
14760.995005,944,1629
14761.000006,752,1625
14761.005006,835,1625
14761.010005,966,1626
14761.015006,826,1623
14761.020005,813,1621
14761.025007,984,1621
14761.030006,921,1625
14761.035006,784,1620
14761.040006,943,1619
14761.045005,938,1623
14761.050006,748,1622
14761.055006,832,1620
14761.060007,967,1619
14761.065006,820,1618
14761.070006,812,1618
14761.075005,981,1617
14761.080007,917,1616
14761.085006,765,1618
14761.090005,950,1613
14761.095006,945,1609
14761.100006,756,1611
14761.105005,818,1609
14761.110005,966,1610
14761.115007,800,1609
14761.120006,815,1602
14761.125005,990,1601
14761.130005,925,1597
14761.135006,769,1595
14761.140006,929,1597
14761.145006,931,1596
14761.150006,754,1590
14761.155006,815,1591
14761.160007,966,1591
14761.165006,799,1588
14761.170005,796,1585
14761.175005,995,1581
14761.180005,928,1581
14761.185006,773,1579
14761.190005,927,1581
14761.195006,929,1580
14761.200005,767,1573
14761.205007,830,1577
14761.210006,969,1576
14761.215005,805,1577
14761.220006,798,1576
14761.225005,975,1576
14761.230006,928,1573
14761.235006,776,1576
14761.240007,932,1577
14761.245006,940,1573
14761.250006,754,1574
14761.255007,811,1576
14761.260006,960,1576
14761.265007,815,1573
14761.270006,807,1573
14761.275006,973,1576
14761.280006,906,1575
14761.285007,782,1573
14761.290006,923,1571
14761.295005,926,1575
14761.300005,745,1572
14761.305005,826,1568
14761.310006,976,1571
14761.315005,810,1571
14761.320006,805,1573
14761.325005,978,1575
14761.330007,921,1572
14761.335006,761,1574
14761.340006,917,1579
14761.345007,945,1574
14761.350005,759,1580
14761.355006,812,1579
14761.360005,959,1585
14761.365007,801,1578
14761.370006,817,1577
14761.375006,983,1581
14761.380006,920,1584
14761.385006,761,1583
14761.390007,940,1581
14761.395007,931,1585
14761.400006,746,1586
14761.405006,831,1581
14761.410007,966,1589
14761.415007,810,1586
14761.420006,794,1591
14761.425007,992,1589
14761.430006,921,1591
14761.435007,762,1587
14761.440006,930,1592
14761.445006,937,1596
14761.450006,748,1597
14761.455005,811,1600
14761.460006,975,1599
14761.465005,808,1599
14761.470007,819,1598
14761.475006,985,1603
14761.480006,914,1603
14761.485006,774,1603
14761.490006,917,1606
14761.495005,948,1606
14761.500006,755,1608
14761.505007,834,1608
14761.510005,971,1610
14761.515006,812,1610
14761.520005,795,1615
14761.525006,999,1610
14761.530006,929,1611
14761.535006,767,1613
14761.540006,920,1614
14761.545006,958,1609
14761.550006,764,1614
14761.555005,817,1616
14761.560007,981,1615
14761.565006,816,1611
14761.570006,806,1619
14761.575006,975,1624
14761.580005,921,1623
14761.585006,781,1618
14761.590006,930,1623
14761.595006,938,1626
14761.600007,770,1621
14761.605006,835,1625
14761.610006,982,1624
14761.615006,820,1622
14761.620006,801,1625
14761.625005,979,1623
14761.630006,917,1625
14761.635006,763,1625
14761.640006,935,1623
14761.645006,942,1621
14761.650007,761,1623
14761.655006,822,1624
14761.660006,978,1613
14761.665006,828,1621
14761.670006,803,1619
14761.675006,975,1621
14761.680005,935,1611
14761.685006,771,1621
14761.690005,934,1613
14761.695006,950,1618
14761.700006,755,1617
14761.705006,813,1618
14761.710006,985,1616
14761.715006,819,1615
14761.720007,800,1614
14761.725006,991,1613
14761.730007,923,1613
14761.735006,771,1611
14761.740006,916,1611
14761.745006,957,1610
14761.750006,763,1605
14761.755006,815,1608
14761.760005,974,1593
14761.765006,826,1605
14761.770006,797,1602
14761.775006,990,1598
14761.780005,934,1600
14761.785006,770,1596
14761.790006,917,1594
14761.795006,931,1600
14761.800006,766,1594
14761.805005,822,1593
14761.810006,975,1590
14761.815006,820,1590
14761.820006,801,1590
14761.825006,974,1590
14761.830005,914,1590
14761.835005,774,1589
14761.840006,909,1590
14761.845006,955,1592
14761.850005,760,1586
14761.855006,819,1586
14761.860006,964,1586
14761.865007,825,1588
14761.870006,794,1585
14761.875005,974,1586
14761.880006,935,1577
14761.885006,778,1585
14761.890007,917,1583
14761.895006,930,1586
14761.900006,765,1584
14761.905006,814,1584
14761.910007,982,1584
14761.915006,813,1586
14761.920006,809,1584
14761.925007,968,1589
14761.930005,927,1586
14761.935007,764,1589
14761.940007,926,1588
14761.945006,942,1589
14761.950005,748,1593
14761.955007,827,1590
14761.960006,971,1588
14761.965005,813,1595
14761.970005,814,1592
14761.975006,984,1594
14761.980006,920,1595
14761.985005,771,1594
14761.990006,921,1595
14761.995006,942,1596
14762.000006,756,1593
14762.005006,816,1595
14762.010006,964,1599
14762.015006,830,1592
14762.020006,795,1595
14762.025007,995,1594
14762.030006,917,1596
14762.035007,780,1593
14762.040006,927,1596
14762.045006,934,1599
14762.050006,773,1595
14762.055006,822,1596
14762.060007,980,1598
14762.065006,826,1596
14762.070007,789,1602
14762.075007,988,1599
14762.080006,912,1600
14762.085006,770,1597
14762.090007,914,1600
14762.095007,936,1602
14762.100007,767,1603
14762.105006,823,1601
14762.110005,969,1601
14762.115005,818,1601
14762.120005,812,1602
14762.125006,981,1603
14762.130006,923,1603
14762.135005,772,1600
14762.140006,912,1604
14762.145006,960,1601
14762.150006,760,1602
14762.155005,810,1602
14762.160006,965,1602
14762.165006,832,1601
14762.170006,810,1599
14762.175006,985,1600
14762.180005,921,1602
14762.185007,782,1597
14762.190007,914,1599
14762.195006,934,1603
14762.200006,773,1602
14762.205005,813,1600
14762.210005,968,1601
14762.215006,839,1599
14762.220005,801,1599
14762.225005,988,1592
14762.230007,926,1600
14762.235006,768,1599
14762.240006,912,1600
14762.245006,957,1599
14762.250006,761,1599
14762.255006,818,1599
14762.260005,966,1602
14762.265006,840,1600
14762.270006,789,1602
14762.275006,987,1604
14762.280005,917,1608
14762.285006,758,1608
14762.290006,922,1601
14762.295007,946,1604
14762.300006,759,1599
14762.305006,818,1604
14762.310007,987,1603
14762.315005,825,1599
14762.320005,788,1604
14762.325005,985,1602
14762.330006,915,1603
14762.335006,757,1603
14762.340005,923,1596
14762.345006,936,1596
14762.350006,772,1593
14762.355007,822,1589
14762.360006,973,1590
14762.365006,828,1584
14762.370005,814,1583
14762.375006,989,1583
14762.380006,921,1580
14762.385006,777,1580
14762.390006,903,1581
14762.395005,938,1573
14762.400007,757,1576
14762.405006,808,1577
14762.410007,983,1573
14762.415006,822,1574
14762.420006,793,1573
14762.425006,968,1572
14762.430005,935,1571
14762.435006,753,1577
14762.440005,915,1570
14762.445006,933,1574
14762.450006,768,1573
14762.455005,812,1572
14762.460005,975,1564
14762.465006,838,1572
14762.470006,805,1576
14762.475005,971,1576
14762.480006,915,1578
14762.485006,764,1574
14762.490006,909,1575
14762.495006,951,1576
14762.500006,763,1576
14762.505006,806,1576
14762.510006,973,1567
14762.515006,832,1575
14762.520005,794,1570
14762.525006,980,1576
14762.530005,917,1574
14762.535005,753,1575
14762.540005,912,1573
14762.545006,938,1575
14762.550006,747,1571
14762.555006,825,1571
14762.560006,967,1572
14762.565005,839,1573
14762.570006,800,1572
14762.575007,966,1574
14762.580005,934,1572
14762.585006,760,1574
14762.590005,900,1575
14762.595006,950,1567
14762.600005,762,1574
14762.605007,805,1576
14762.610006,982,1576
14762.615006,827,1570
14762.620006,807,1574
14762.625006,969,1578
14762.630007,910,1579
14762.635007,765,1576
14762.640005,899,1579
14762.645005,950,1580
14762.650007,747,1581
14762.655006,826,1580
14762.660007,977,1582
14762.665006,821,1583
14762.670005,781,1583
14762.675006,988,1580
14762.680006,920,1582
14762.685006,756,1583
14762.690006,913,1583
14762.695006,949,1586
14762.700005,752,1586
14762.705006,807,1579
14762.710005,967,1590
14762.715006,839,1585
14762.720006,785,1588
14762.725006,966,1582
14762.730006,933,1587
14762.735005,757,1593
14762.740006,895,1588
14762.745005,950,1591
14762.750006,748,1591
14762.755006,819,1588
14762.760006,967,1592
14762.765007,824,1590
14762.770005,808,1588
14762.775007,969,1592
14762.780005,911,1593
14762.785007,774,1592
14762.790006,904,1583
14762.795005,950,1596
14762.800006,761,1593
14762.805005,812,1594
14762.810006,971,1585
14762.815006,828,1592
14762.820006,805,1596
14762.825006,972,1600
14762.830005,938,1595
14762.835005,764,1597
14762.840006,893,1600
14762.845006,956,1598
14762.850005,756,1598
14762.855006,809,1603
14762.860005,976,1598
14762.865006,848,1593
14762.870006,785,1595
14762.875006,983,1592
14762.880007,923,1591
14762.885006,756,1592
14762.890007,894,1593
14762.895005,953,1587
14762.900006,754,1589
14762.905006,823,1588
14762.910006,970,1586
14762.915006,843,1587
14762.920006,786,1586
14762.925007,980,1586
14762.930005,917,1585
14762.935006,771,1586
14762.940005,893,1587
14762.945007,934,1590
14762.950006,771,1589
14762.955006,818,1588
14762.960006,965,1592
14762.965005,840,1594
14762.970007,789,1594
14762.975005,966,1597
14762.980007,934,1595
14762.985006,757,1598
14762.990007,910,1591
14762.995006,947,1598
14763.000007,749,1601
14763.005007,827,1598
14763.010007,973,1600
14763.015006,826,1604
14763.020006,807,1602
14763.025006,979,1601
14763.030006,921,1600
14763.035006,756,1603
14763.040006,916,1603
14763.045006,938,1603
14763.050006,772,1605
14763.055006,821,1605
14763.060006,970,1606
14763.065005,829,1607
14763.070006,803,1605
14763.075007,978,1608
14763.080006,932,1606
14763.085006,759,1611
14763.090006,918,1609
14763.095007,943,1610
14763.100005,753,1615
14763.105006,826,1611
14763.110005,970,1612
14763.115006,849,1612
14763.120006,798,1617
14763.125005,971,1612
14763.130005,936,1617
14763.135006,765,1615
14763.140006,896,1616
14763.145005,940,1616
14763.150006,756,1613
14763.155005,830,1617
14763.160006,973,1617
14763.165007,831,1616
14763.170006,789,1616
14763.175006,992,1619
14763.180005,927,1616
14763.185006,762,1620
14763.190005,900,1620
14763.195006,960,1619
14763.200006,765,1619
14763.205005,813,1621
14763.210006,971,1621
14763.215005,850,1622
14763.220006,794,1623
14763.225007,990,1620
14763.230005,925,1622
14763.235005,779,1621
14763.240006,906,1622
14763.245006,945,1622
14763.250006,760,1624
14763.255006,837,1620
14763.260006,984,1621
14763.265006,838,1626
14763.270005,813,1623
14763.275007,981,1623
14763.280006,926,1622
14763.285007,782,1620
14763.290006,906,1623
14763.295006,942,1625
14763.300006,767,1625
14763.305006,813,1629
14763.310006,991,1627
14763.315006,847,1629
14763.320007,794,1628
14763.325007,970,1633
14763.330006,922,1635
14763.335006,776,1634
14763.340005,900,1637
14763.345007,963,1639
14763.350005,771,1636
14763.355007,824,1638
14763.360006,971,1641
14763.365006,855,1634
14763.370006,803,1638
14763.375006,972,1638
14763.380007,940,1637
14763.385006,772,1636
14763.390007,909,1627
14763.395006,958,1634
14763.400007,767,1631
14763.405006,819,1632
14763.410006,996,1634
14763.415006,844,1631
14763.420006,794,1633
14763.425006,993,1631
14763.430005,937,1628
14763.435007,766,1633
14763.440006,897,1633
14763.445006,948,1629
14763.450005,768,1632
14763.455005,818,1635
14763.460005,973,1638
14763.465006,840,1638
14763.470007,792,1640
14763.475006,974,1642
14763.480006,932,1635
14763.485006,782,1639
14763.490006,901,1640
14763.495005,950,1643
14763.500006,776,1641
14763.505006,819,1639
14763.510005,974,1644
14763.515006,854,1641
14763.520007,793,1641
14763.525005,994,1640
14763.530005,947,1635
14763.535006,775,1643
14763.540006,891,1643
14763.545005,945,1643
14763.550005,783,1640
14763.555005,817,1641
14763.560006,973,1640
14763.565006,861,1641
14763.570006,803,1640
14763.575005,980,1642
14763.580007,927,1643
14763.585006,778,1637
14763.590006,908,1643
14763.595007,945,1642
14763.600007,780,1642
14763.605005,825,1642
14763.610006,974,1642
14763.615007,841,1640
14763.620006,807,1639
14763.625005,977,1637
14763.630005,923,1641
14763.635006,776,1635
14763.640005,906,1633
14763.645006,955,1635
14763.650007,762,1632
14763.655006,826,1630
14763.660007,984,1630
14763.665006,849,1628
14763.670005,791,1628
14763.675005,985,1627
14763.680006,931,1620
14763.685006,763,1623
14763.690006,886,1624
14763.695007,966,1622
14763.700006,773,1624
14763.705005,812,1623
14763.710005,994,1620
14763.715006,841,1621
14763.720006,805,1619
14763.725007,967,1621
14763.730006,944,1621
14763.735007,770,1618
14763.740005,902,1621
14763.745005,942,1623
14763.750007,756,1619
14763.755005,819,1619
14763.760006,972,1622
14763.765006,840,1622
14763.770006,804,1618
14763.775006,976,1617
14763.780005,926,1619
14763.785006,772,1612
14763.790006,893,1614
14763.795006,947,1617
14763.800006,772,1611
14763.805006,823,1616
14763.810006,968,1618
14763.815006,852,1614
14763.820006,784,1618
14763.825005,983,1613
14763.830006,922,1613
14763.835006,775,1614
14763.840006,880,1621
14763.845006,958,1618
14763.850006,758,1620
14763.855006,821,1621
14763.860006,968,1625
14763.865006,852,1624
14763.870006,796,1622
14763.875005,974,1627
14763.880005,939,1626
14763.885007,778,1625
14763.890005,898,1628
14763.895005,950,1629
14763.900006,758,1630
14763.905006,832,1626
14763.910006,990,1628
14763.915007,847,1626
14763.920006,788,1631
14763.925006,981,1627
14763.930005,927,1627
14763.935006,759,1629
14763.940006,907,1626
14763.945007,955,1625
14763.950005,766,1627
14763.955005,811,1627
14763.960005,988,1622
14763.965006,859,1627
14763.970006,789,1628
14763.975005,980,1629
14763.980006,924,1629
14763.985006,755,1631
14763.990006,906,1626
14763.995007,949,1628
14764.000006,777,1628
14764.005007,823,1629
14764.010006,987,1626
14764.015006,851,1631
14764.020006,807,1624
14764.025006,974,1632
14764.030006,922,1629
14764.035006,778,1628
14764.040007,900,1624
14764.045005,954,1629
14764.050005,773,1624
14764.055005,822,1629
14764.060007,988,1630
14764.065007,851,1628
14764.070005,782,1631
14764.075006,980,1629
14764.080006,925,1630
14764.085007,777,1627
14764.090006,897,1624
14764.095006,947,1625
14764.100006,773,1624
14764.105007,806,1626
14764.110006,991,1623
14764.115005,852,1622
14764.120006,806,1619
14764.125006,972,1620
14764.130006,940,1618
14764.135006,757,1616
14764.140006,894,1615
14764.145006,948,1615
14764.150007,782,1613
14764.155006,812,1613
14764.160007,970,1614
14764.165007,846,1611
14764.170005,800,1602
14764.175005,982,1610
14764.180005,933,1609
14764.185005,759,1608
14764.190005,881,1607
14764.195006,961,1605
14764.200005,772,1605
14764.205006,803,1611
14764.210007,969,1611
14764.215006,872,1608
14764.220006,803,1608
14764.225006,977,1609
14764.230006,920,1609
14764.235006,767,1604
14764.240007,889,1607
14764.245006,945,1611
14764.250006,773,1606
14764.255006,822,1606
14764.260006,971,1608
14764.265006,863,1605
14764.270006,786,1609
14764.275006,966,1607
14764.280006,940,1600
14764.285006,762,1605
14764.290005,878,1607
14764.295006,951,1606
14764.300007,756,1608
14764.305005,819,1610
14764.310005,981,1614
14764.315006,853,1611
14764.320007,782,1617
14764.325007,981,1617
14764.330006,927,1617
14764.335006,754,1620
14764.340005,878,1619
14764.345007,971,1619
14764.350006,770,1626
14764.355007,809,1624
14764.360006,979,1620
14764.365007,866,1621
14764.370006,796,1621
14764.375005,976,1621
14764.380005,929,1617
14764.385006,757,1621
14764.390006,896,1620
14764.395005,964,1620
14764.400006,776,1621
14764.405005,811,1619
14764.410007,973,1615
14764.415006,865,1617
14764.420005,785,1621
14764.425005,985,1618
14764.430005,928,1621
14764.435007,752,1624
14764.440006,900,1620
14764.445006,956,1622
14764.450005,769,1622
14764.455007,813,1628
14764.460006,990,1620
14764.465005,863,1626
14764.470006,795,1624
14764.475005,962,1627
14764.480006,939,1623
14764.485006,770,1624
14764.490006,888,1620
14764.495006,952,1620
14764.500005,760,1622
14764.505005,829,1618
14764.510006,975,1618
14764.515006,867,1609
14764.520005,799,1613
14764.525006,964,1612
14764.530006,942,1611
14764.535006,756,1613
14764.540006,893,1608
14764.545005,963,1609
14764.550005,762,1608
14764.555005,825,1608
14764.560007,986,1609
14764.565007,852,1611
14764.570006,795,1608
14764.575006,965,1610
14764.580005,924,1611
14764.585006,757,1603
14764.590005,895,1606
14764.595006,954,1611
14764.600005,758,1614
14764.605007,818,1609
14764.610005,974,1611
14764.615006,859,1604
14764.620006,791,1610
14764.625006,958,1609
14764.630007,941,1608
14764.635005,748,1614
14764.640006,889,1609
14764.645006,949,1609
14764.650006,757,1612
14764.655006,822,1607
14764.660007,968,1609
14764.665006,875,1608
14764.670006,786,1606
14764.675006,964,1600
14764.680007,934,1606
14764.685007,764,1607
14764.690006,878,1607
14764.695005,950,1610
14764.700006,762,1609
14764.705006,817,1609
14764.710006,977,1602
14764.715006,855,1610
14764.720007,799,1610
14764.725007,965,1608
14764.730005,924,1612
14764.735005,752,1609
14764.740006,889,1608
14764.745006,957,1606
14764.750005,771,1606
14764.755006,818,1601
14764.760006,985,1609
14764.765007,858,1609
14764.770006,776,1608
14764.775007,980,1614
14764.780006,932,1604
14764.785006,751,1606
14764.790007,872,1606
14764.795005,950,1611
14764.800006,769,1608
14764.805006,804,1608
14764.810006,992,1611
14764.815006,878,1609
14764.820006,783,1611
14764.825005,967,1611
14764.830006,924,1616
14764.835007,750,1617
14764.840006,882,1615
14764.845006,954,1618
14764.850006,783,1617
14764.855007,814,1621
14764.860007,989,1618
14764.865006,870,1622
14764.870005,786,1624
14764.875006,963,1624
14764.880007,945,1622
14764.885006,763,1622
14764.890006,874,1624
14764.895005,960,1620
14764.900006,766,1625
14764.905006,832,1620
14764.910007,983,1621
14764.915006,870,1624
14764.920006,804,1624
14764.925007,970,1625
14764.930006,939,1623
14764.935007,759,1625
14764.940007,872,1625
14764.945007,959,1626
14764.950006,791,1629
14764.955006,815,1628
14764.960005,984,1629
14764.965007,885,1628
14764.970005,790,1633
14764.975005,976,1632
14764.980006,934,1633
14764.985005,772,1632
14764.990006,875,1631
14764.995005,957,1634
14765.000007,795,1630
14765.005006,831,1632
14765.010006,981,1631
14765.015006,869,1631
14765.020006,806,1627
14765.025006,972,1627
14765.030006,923,1628
14765.035006,771,1624
14765.040007,863,1628
14765.045005,968,1629
14765.050005,774,1625
14765.055005,808,1628
14765.060007,976,1628
14765.065007,868,1627
14765.070006,789,1620
14765.075006,969,1623
14765.080005,944,1628
14765.085005,754,1630
14765.090007,885,1631
14765.095007,968,1627
14765.100007,788,1631
14765.105006,826,1628
14765.110006,982,1630
14765.115006,866,1632
14765.120005,801,1630
14765.125007,968,1628
14765.130006,927,1627
14765.135005,755,1624
14765.140007,890,1623
14765.145005,965,1624
14765.150006,776,1620
14765.155006,814,1620
14765.160007,1002,1613
14765.165006,872,1617
14765.170006,797,1610
14765.175006,977,1615
14765.180005,931,1610
14765.185006,762,1604
14765.190006,880,1615
14765.195007,955,1613
14765.200005,788,1611
14765.205007,820,1613
14765.210005,980,1612
14765.215006,889,1609
14765.220006,793,1612
14765.225006,962,1611
14765.230006,941,1609
14765.235006,769,1616
14765.240006,865,1614
14765.245005,952,1617
14765.250006,789,1612
14765.255007,816,1614
14765.260007,976,1617
14765.265007,889,1612
14765.270005,793,1616
14765.275007,965,1613
14765.280005,945,1614
14765.285007,761,1612
14765.290006,870,1614
14765.295006,953,1617
14765.300005,768,1617
14765.305006,806,1617
14765.310006,997,1617
14765.315006,883,1614
14765.320007,782,1618
14765.325007,976,1617
14765.330006,940,1615
14765.335007,755,1616
14765.340005,865,1618
14765.345006,977,1614
14765.350005,783,1617
14765.355007,811,1617
14765.360007,975,1618
14765.365007,892,1619
14765.370006,788,1619
14765.375006,969,1617
14765.380007,937,1610
14765.385006,765,1617
14765.390006,865,1619
14765.395005,946,1621
14765.400006,786,1617
14765.405006,816,1616
14765.410006,995,1616
14765.415006,882,1617
14765.420005,780,1619
14765.425006,978,1616
14765.430006,940,1616
14765.435007,765,1616
14765.440006,879,1617
14765.445007,959,1617
14765.450006,772,1617
14765.455006,820,1616
14765.460007,987,1611
14765.465007,889,1613
14765.470006,788,1617
14765.475006,960,1615
14765.480006,924,1618
14765.485005,765,1617
14765.490006,858,1616
14765.495005,950,1620
14765.500006,779,1616
14765.505007,822,1613
14765.510006,986,1611
14765.515006,872,1613
14765.520005,795,1609
14765.525005,961,1607
14765.530006,923,1606
14765.535006,765,1607
14765.540007,858,1609
14765.545005,952,1604
14765.550006,795,1600
14765.555005,812,1601
14765.560006,974,1605
14765.565005,888,1594
14765.570007,784,1596
14765.575005,952,1600
14765.580007,923,1596
14765.585006,765,1594
14765.590007,866,1592
14765.595007,959,1595
14765.600006,767,1596
14765.605006,826,1595
14765.610005,982,1596
14765.615006,877,1593
14765.620005,776,1595
14765.625007,955,1594
14765.630007,951,1589
14765.635005,766,1594
14765.640007,861,1595
14765.645006,948,1597
14765.650006,785,1598
14765.655006,806,1601
14765.660007,979,1596
14765.665005,891,1601
14765.670007,788,1601
14765.675006,953,1606
14765.680006,925,1606
14765.685006,767,1603
14765.690005,863,1604
14765.695006,954,1606
14765.700005,791,1611
14765.705007,811,1605
14765.710007,989,1601
14765.715005,891,1606
14765.720007,786,1606
14765.725005,962,1608
14765.730006,929,1612
14765.735005,768,1612
14765.740005,850,1611
14765.745006,974,1609
14765.750006,782,1610
14765.755006,807,1608
14765.760005,993,1610
14765.765006,876,1614
14765.770005,777,1616
14765.775007,969,1615
14765.780007,926,1614
14765.785005,775,1615
14765.790006,854,1617
14765.795006,974,1618
14765.800006,775,1619
14765.805006,825,1623
14765.810006,984,1624
14765.815006,884,1625
14765.820007,796,1623
14765.825007,961,1626
14765.830005,948,1626
14765.835006,764,1626
14765.840005,859,1622
14765.845006,957,1629
14765.850005,775,1629
14765.855006,830,1626
14765.860005,992,1630
14765.865007,885,1629
14765.870007,775,1630
14765.875006,972,1626
14765.880006,939,1626
14765.885006,756,1628
14765.890006,850,1625
14765.895006,966,1624
14765.900006,794,1624
14765.905006,809,1621
14765.910006,995,1623
14765.915005,883,1626
14765.920007,789,1621
14765.925007,952,1624
14765.930006,946,1621
14765.935006,760,1624
14765.940006,865,1616
14765.945006,976,1619
14765.950006,792,1621
14765.955005,821,1622
14765.960006,996,1620
14765.965006,888,1623
14765.970005,783,1623
14765.975005,951,1622
14765.980006,932,1613
14765.985005,766,1622
14765.990007,850,1627
14765.995006,970,1622
14766.000005,788,1619
14766.005006,812,1617
14766.010005,975,1622
14766.015006,907,1616
14766.020006,776,1621
14766.025007,959,1612
14766.030006,942,1617
14766.035006,761,1616
14766.040007,841,1621
14766.045005,978,1616
14766.050005,785,1619
14766.055005,809,1617
14766.060005,984,1617
14766.065005,886,1615
14766.070007,795,1616
14766.075007,959,1614
14766.080006,938,1615
14766.085005,758,1614
14766.090006,842,1615
14766.095005,954,1615
14766.100005,794,1613
14766.105006,802,1617
14766.110005,990,1605
14766.115006,887,1611
14766.120006,775,1611
14766.125006,965,1604
14766.130006,936,1605
14766.135006,753,1608
14766.140007,845,1596
14766.145007,974,1602
14766.150005,779,1602
14766.155005,800,1601
14766.160006,989,1598
14766.165007,896,1598
14766.170005,769,1599
14766.175005,958,1596
14766.180005,922,1596
14766.185006,766,1594
14766.190006,841,1594
14766.195007,971,1593
14766.200006,787,1592
14766.205006,796,1596
14766.210006,981,1591
14766.215005,883,1595
14766.220006,786,1594
14766.225005,943,1591
14766.230006,947,1586
14766.235006,753,1589
14766.240006,837,1590
14766.245006,977,1587
14766.250006,785,1589
14766.255007,797,1592
14766.260006,971,1591
14766.265007,904,1587
14766.270006,782,1589
14766.275006,949,1586
14766.280005,926,1592
14766.285006,769,1587
14766.290007,848,1588
14766.295006,954,1590
14766.300007,775,1586
14766.305006,816,1587
14766.310007,976,1591
14766.315007,889,1587
14766.320007,791,1590
14766.325006,957,1593
14766.330006,935,1594
14766.335006,750,1596
14766.340005,835,1597
14766.345007,975,1596
14766.350006,795,1596
14766.355006,802,1597
14766.360005,973,1597
14766.365006,906,1597
14766.370005,772,1602
14766.375006,961,1600
14766.380006,930,1601
14766.385005,764,1598
14766.390007,850,1600
14766.395006,951,1600
14766.400006,789,1601
14766.405005,816,1598
14766.410006,986,1600
14766.415006,890,1602
14766.420005,787,1600
14766.425006,939,1607
14766.430006,942,1601
14766.435006,757,1603
14766.440005,849,1604
14766.445006,959,1603
14766.450006,798,1603
14766.455005,810,1608
14766.460005,974,1609
14766.465006,914,1608
14766.470006,777,1606
14766.475006,942,1610
14766.480007,930,1611
14766.485007,765,1602
14766.490006,852,1607
14766.495005,972,1608
14766.500006,782,1609
14766.505006,801,1606
14766.510007,986,1608
14766.515006,912,1606
14766.520007,785,1610
14766.525005,939,1613
14766.530005,940,1612
14766.535006,761,1609
14766.540006,832,1611
14766.545006,980,1608
14766.550006,790,1610
14766.555005,805,1607
14766.560006,991,1610
14766.565005,904,1609
14766.570006,767,1614
14766.575005,952,1610
14766.580006,949,1608
14766.585005,765,1610
14766.590006,834,1612
14766.595007,974,1613
14766.600007,799,1610
14766.605006,803,1614
14766.610006,988,1610
14766.615006,894,1613
14766.620005,787,1612
14766.625006,948,1613
14766.630005,931,1610
14766.635006,756,1612
14766.640006,845,1611
14766.645005,965,1610
14766.650007,802,1608
14766.655006,805,1611
14766.660006,985,1611
14766.665006,916,1612
14766.670005,782,1612
14766.675005,951,1609
14766.680005,930,1612
14766.685006,771,1605
14766.690005,833,1607
14766.695006,971,1605
14766.700005,793,1605
14766.705006,805,1606
14766.710007,997,1604
14766.715006,906,1603
14766.720007,765,1606
14766.725005,952,1604
14766.730006,934,1605
14766.735005,765,1595
14766.740007,833,1604
14766.745006,976,1608
14766.750006,784,1605
14766.755006,819,1604
14766.760006,975,1604
14766.765006,907,1600
14766.770005,791,1602
14766.775006,953,1600
14766.780006,942,1597
14766.785006,752,1598
14766.790006,828,1601
14766.795006,976,1598
14766.800006,789,1600
14766.805006,817,1599
14766.810007,988,1601
14766.815006,899,1603
14766.820006,785,1600
14766.825005,944,1596
14766.830006,933,1599
14766.835006,758,1597
14766.840005,831,1601
14766.845006,963,1599
14766.850005,796,1603
14766.855006,810,1597
14766.860007,987,1602
14766.865005,904,1601
14766.870005,791,1602
14766.875007,946,1600
14766.880007,926,1601
14766.885006,765,1601
14766.890006,838,1600
14766.895005,961,1603
14766.900006,799,1594
14766.905006,812,1602
14766.910006,975,1603
14766.915007,927,1600
14766.920006,770,1600
14766.925006,949,1601
14766.930006,941,1601
14766.935007,756,1602
14766.940006,826,1608
14766.945006,976,1605
14766.950006,801,1605
14766.955005,801,1611
14766.960005,996,1606
14766.965006,913,1605
14766.970006,770,1608
14766.975006,937,1609
14766.980006,938,1608
14766.985005,771,1606
14766.990006,828,1609
14766.995006,976,1605
14767.000005,807,1603
14767.005005,802,1605
14767.010007,975,1604
14767.015006,927,1603
14767.020006,783,1601
14767.025006,947,1604
14767.030005,934,1600
14767.035006,747,1602
14767.040006,843,1600
14767.045006,970,1599
14767.050005,798,1601
14767.055005,796,1605
14767.060006,989,1603
14767.065005,908,1603
14767.070006,787,1603
14767.075005,941,1603
14767.080007,933,1605
14767.085007,771,1604
14767.090006,832,1603
14767.095006,966,1605
14767.100006,792,1608
14767.105006,820,1604
14767.110006,993,1604
14767.115006,917,1600
14767.120006,784,1608
14767.125005,941,1606
14767.130006,926,1611
14767.135006,748,1614
14767.140006,841,1610
14767.145006,976,1609
14767.150006,792,1613
14767.155005,815,1612
14767.160006,977,1614
14767.165006,907,1615
14767.170005,776,1618
14767.175005,954,1611
14767.180005,932,1619
14767.185005,771,1617
14767.190005,828,1616
14767.195006,960,1620
14767.200006,809,1616
14767.205006,803,1617
14767.210007,997,1619
14767.215007,914,1618
14767.220007,784,1620
14767.225006,943,1618
14767.230006,936,1617
14767.235006,757,1617
14767.240006,834,1617
14767.245006,973,1615
14767.250005,796,1616
14767.255005,818,1619
14767.260006,977,1614
14767.265006,930,1611
14767.270005,779,1614
14767.275007,929,1612
14767.280006,938,1603
14767.285006,763,1602
14767.290006,830,1608
14767.295006,974,1609
14767.300006,800,1606
14767.305006,806,1608
14767.310007,980,1605
14767.315007,916,1610
14767.320006,767,1608
14767.325005,928,1609
14767.330007,955,1602
14767.335007,749,1603
14767.340006,822,1602
14767.345007,959,1606
14767.350007,816,1601
14767.355006,802,1601
14767.360006,973,1606
14767.365007,925,1602
14767.370006,768,1600
14767.375005,930,1601
14767.380006,930,1603
14767.385006,766,1600
14767.390006,820,1603
14767.395005,979,1598
14767.400006,818,1598
14767.405005,807,1600
14767.410006,971,1603
14767.415006,930,1605
14767.420006,768,1604
14767.425006,930,1605
14767.430006,932,1604
14767.435006,749,1604
14767.440006,837,1603
14767.445006,969,1603
14767.450005,813,1603
14767.455007,800,1601
14767.460006,976,1603
14767.465005,913,1608
14767.470006,782,1603
14767.475005,930,1603
14767.480007,946,1597
14767.485006,765,1605
14767.490006,832,1605
14767.495006,971,1606
14767.500007,807,1606
14767.505006,807,1604
14767.510005,982,1603
14767.515006,923,1607
14767.520006,769,1607
14767.525006,920,1608
14767.530006,943,1605
14767.535006,751,1606
14767.540007,814,1605
14767.545006,964,1606
14767.550006,800,1607
14767.555005,809,1604
14767.560006,989,1596
14767.565006,914,1603
14767.570007,784,1602
14767.575007,935,1601
14767.580005,937,1595
14767.585005,746,1597
14767.590006,826,1596
14767.595007,964,1596
14767.600006,803,1596
14767.605006,808,1592
14767.610007,987,1594
14767.615006,913,1592
14767.620006,762,1592
14767.625005,932,1591
14767.630005,946,1586
14767.635007,756,1592
14767.640006,809,1595
14767.645005,976,1589
14767.650007,803,1587
14767.655006,818,1584
14767.660006,986,1585
14767.665006,918,1586
14767.670006,776,1585
14767.675006,930,1587
14767.680005,938,1585
14767.685006,746,1587
14767.690007,833,1584
14767.695005,971,1585
14767.700006,804,1585
14767.705005,816,1587
14767.710005,979,1587
14767.715006,915,1587
14767.720006,762,1589
14767.725006,927,1588
14767.730007,951,1588
14767.735006,762,1587
14767.740006,820,1590
14767.745005,970,1600
14767.750006,803,1589
14767.755007,817,1593
14767.760006,985,1594
14767.765006,916,1595
14767.770005,766,1597
14767.775007,946,1595
14767.780007,944,1599
14767.785006,761,1596
14767.790006,824,1597
14767.795006,967,1598
14767.800005,807,1602
14767.805006,799,1598
14767.810007,992,1601
14767.815006,918,1600
14767.820006,785,1601
14767.825006,933,1601
14767.830005,933,1605
14767.835006,748,1607
14767.840005,830,1605
14767.845006,968,1605
14767.850006,808,1607
14767.855006,812,1604
14767.860005,979,1607
14767.865006,916,1606
14767.870006,784,1601
14767.875005,930,1606
14767.880005,945,1604
14767.885006,758,1604
14767.890006,818,1608
14767.895006,964,1607
14767.900007,830,1603
14767.905006,813,1608
14767.910006,978,1609
14767.915007,931,1601
14767.920005,771,1610
14767.925005,916,1612
14767.930005,956,1611
14767.935007,758,1614
14767.940006,816,1617
14767.945006,965,1621
14767.950006,809,1621
14767.955006,809,1624
14767.960006,979,1623
14767.965005,939,1626
14767.970006,772,1627
14767.975006,922,1629
14767.980006,955,1630
14767.985006,770,1629
14767.990006,821,1630
14767.995006,971,1634
14768.000006,810,1635
14768.005006,819,1630
14768.010006,993,1632
14768.015007,919,1634
14768.020006,768,1632
14768.025006,932,1631
14768.030006,945,1629
14768.035006,752,1631
14768.040006,834,1632
14768.045007,984,1629
14768.050006,814,1630
14768.055007,816,1630
14768.060006,978,1629
14768.065005,920,1630
14768.070007,786,1624
14768.075007,927,1627
14768.080007,939,1629
14768.085006,758,1628
14768.090005,817,1629
14768.095007,964,1631
14768.100005,825,1620
14768.105005,809,1627
14768.110005,978,1625
14768.115007,941,1623
14768.120006,778,1621
14768.125006,917,1621
14768.130007,932,1624
14768.135006,771,1618
14768.140007,823,1618
14768.145006,970,1615
14768.150006,817,1617
14768.155006,798,1613
14768.160007,995,1610
14768.165006,922,1613
14768.170005,761,1613
14768.175006,930,1608
14768.180005,933,1608
14768.185007,764,1606
14768.190006,815,1607
14768.195007,973,1597
14768.200007,809,1606
14768.205006,809,1605
14768.210006,975,1605
14768.215007,923,1599
14768.220006,774,1603
14768.225006,931,1602
14768.230006,933,1606
14768.235006,764,1604
14768.240007,819,1604
14768.245006,978,1605
14768.250005,833,1603
14768.255005,807,1609
14768.260006,967,1610
14768.265006,925,1609
14768.270006,757,1610
14768.275006,908,1612
14768.280005,949,1607
14768.285007,752,1611
14768.290006,818,1608
14768.295006,963,1612
14768.300006,823,1611
14768.305005,815,1607
14768.310006,970,1611
14768.315006,925,1609
14768.320006,762,1610
14768.325006,927,1611
14768.330005,938,1611
14768.335006,767,1608
14768.340006,817,1612
14768.345006,966,1611
14768.350006,825,1615
14768.355007,811,1611
14768.360006,978,1613
14768.365006,934,1613
14768.370005,773,1615
14768.375006,919,1616
14768.380006,934,1615
14768.385006,762,1614
14768.390007,811,1616
14768.395005,982,1612
14768.400006,822,1612
14768.405006,796,1612
14768.410006,991,1610
14768.415006,921,1612
14768.420006,781,1612
14768.425005,906,1612
14768.430005,955,1608
14768.435006,757,1610
14768.440007,830,1605
14768.445005,970,1606
14768.450006,827,1604
14768.455006,789,1608
14768.460007,981,1605
14768.465006,915,1611
14768.470007,776,1607
14768.475006,920,1608
14768.480006,955,1609
14768.485005,763,1608
14768.490006,812,1612
14768.495005,988,1610
14768.500007,821,1615
14768.505006,806,1610
14768.510005,975,1617
14768.515006,932,1615
14768.520007,765,1617
14768.525006,907,1618
14768.530006,953,1614
14768.535006,760,1613
14768.540006,813,1617
14768.545005,965,1616
14768.550005,836,1610
14768.555006,789,1615
14768.560006,991,1612
14768.565006,930,1614
14768.570005,763,1616
14768.575005,924,1615
14768.580007,944,1615
14768.585006,756,1614
14768.590006,829,1611
14768.595005,980,1610
14768.600005,817,1615
14768.605006,813,1614
14768.610006,977,1614
14768.615007,922,1609
14768.620006,771,1611
14768.625007,912,1615
14768.630006,944,1614
14768.635005,769,1613
14768.640006,812,1617
14768.645005,967,1617
14768.650006,836,1616
14768.655006,797,1615
14768.660006,987,1616
14768.665007,921,1622
14768.670006,778,1618
14768.675006,915,1620
14768.680006,942,1621
14768.685006,759,1620
14768.690007,835,1624
14768.695005,970,1624
14768.700006,844,1616
14768.705005,799,1622
14768.710005,974,1624
14768.715006,941,1620
14768.720006,766,1620
14768.725006,905,1625
14768.730006,939,1622
14768.735005,772,1620
14768.740007,826,1620
14768.745007,971,1621
14768.750006,820,1619
14768.755006,794,1616
14768.760006,985,1607
14768.765006,934,1612
14768.770005,763,1612
14768.775007,926,1609
14768.780006,954,1608
14768.785006,759,1606
14768.790007,817,1607
14768.795005,966,1608
14768.800005,821,1611
14768.805005,808,1599
14768.810006,982,1607
14768.815007,922,1607
14768.820006,777,1608
14768.825005,907,1608
14768.830006,939,1611
14768.835006,774,1610
14768.840006,817,1611
14768.845006,981,1610
14768.850006,827,1610
14768.855006,792,1613
14768.860005,986,1610
14768.865006,938,1609
14768.870005,775,1609
14768.875007,904,1612
14768.880007,951,1610
14768.885005,768,1610
14768.890007,816,1608
14768.895006,969,1608
14768.900006,837,1603
14768.905005,804,1606
14768.910006,969,1607
14768.915007,930,1606
14768.920005,756,1609
14768.925006,913,1599
14768.930005,951,1605
14768.935006,761,1605
14768.940006,810,1606
14768.945007,980,1605
14768.950006,834,1608
14768.955005,795,1606
14768.960005,969,1609
14768.965006,924,1602
14768.970007,778,1608
14768.975007,909,1610
14768.980005,949,1609
14768.985005,756,1610
14768.990005,824,1604
14768.995006,978,1609
14769.000006,833,1610
14769.005006,791,1608
14769.010005,988,1607
14769.015007,916,1605
14769.020006,774,1603
14769.025006,915,1607
14769.030006,946,1603
14769.035006,752,1610
14769.040005,808,1611
14769.045007,985,1605
14769.050006,829,1607
14769.055006,791,1606
14769.060006,972,1607
14769.065006,933,1597
14769.070006,773,1609
14769.075006,898,1611
14769.080005,957,1612
14769.085005,763,1611
14769.090006,818,1613
14769.095007,972,1615
14769.100005,832,1615
14769.105006,790,1618
14769.110006,989,1615
14769.115005,918,1618
14769.120005,781,1616
14769.125006,912,1615
14769.130006,947,1616
14769.135005,756,1617
14769.140006,827,1610
14769.145005,986,1614
14769.150006,836,1611
14769.155005,794,1617
14769.160006,969,1610
14769.165006,943,1618
14769.170006,774,1613
14769.175006,906,1612
14769.180006,945,1616
14769.185006,756,1608
14769.190006,822,1613
14769.195005,971,1615
14769.200005,832,1615
14769.205006,811,1616
14769.210007,985,1619
14769.215006,940,1614
14769.220007,769,1616
14769.225005,899,1617
14769.230006,947,1609
14769.235005,772,1616
14769.240006,812,1619
14769.245006,971,1619
14769.250006,827,1616
14769.255006,810,1614
14769.260006,985,1615
14769.265006,923,1614
14769.270006,762,1612
14769.275006,892,1611
14769.280006,955,1608
14769.285006,757,1610
14769.290007,823,1608
14769.295005,987,1607
14769.300005,833,1606
14769.305005,786,1605
14769.310006,964,1606
14769.315006,932,1603
14769.320007,755,1604
14769.325007,912,1596
14769.330006,940,1600
14769.335007,750,1602
14769.340005,827,1599
14769.345006,978,1599
14769.350006,840,1599
14769.355006,784,1599
14769.360005,978,1598
14769.365006,925,1599
14769.370005,751,1599
14769.375007,887,1600
14769.380006,961,1599
14769.385006,758,1598
14769.390007,802,1598
14769.395006,983,1599
14769.400006,843,1599
14769.405006,791,1599
14769.410006,968,1600
14769.415006,932,1601
14769.420005,758,1600
14769.425006,887,1602
14769.430006,934,1604
14769.435006,772,1600
14769.440006,810,1599
14769.445006,966,1603
14769.450005,834,1595
14769.455006,800,1598
14769.460006,962,1603
14769.465006,932,1599
14769.470006,749,1601
14769.475005,905,1598
14769.480006,946,1599
14769.485005,753,1597
14769.490006,807,1601
14769.495006,971,1596
14769.500005,832,1596
14769.505006,802,1597
14769.510006,968,1596
14769.515007,913,1595
14769.520005,758,1589
14769.525006,904,1592
14769.530006,944,1594
14769.535006,752,1592
14769.540006,826,1593
14769.545006,967,1593
14769.550007,829,1597
14769.555006,779,1596
14769.560006,987,1598
14769.565006,923,1599
14769.570007,752,1598
14769.575006,899,1601
14769.580005,945,1603
14769.585005,756,1606
14769.590006,811,1606
14769.595007,990,1607
14769.600006,848,1610
14769.605007,790,1609
14769.610006,979,1606
14769.615005,931,1610
14769.620005,769,1610
14769.625006,898,1610
14769.630006,943,1613
14769.635006,758,1606
14769.640007,819,1609
14769.645005,978,1610
14769.650006,837,1609
14769.655005,788,1605
14769.660006,965,1610
14769.665006,928,1599
14769.670007,767,1610
14769.675006,890,1610
14769.680005,958,1607
14769.685006,771,1609
14769.690005,814,1609
14769.695007,973,1609
14769.700006,845,1611
14769.705006,786,1613
14769.710005,973,1605
14769.715006,930,1614
14769.720005,761,1613
14769.725005,885,1611
14769.730006,943,1612
14769.735006,769,1612
14769.740007,818,1612
14769.745007,970,1611
14769.750006,857,1607
14769.755006,806,1610
14769.760006,973,1611
14769.765006,920,1608
14769.770006,773,1605
14769.775005,890,1604
14769.780005,959,1603
14769.785006,767,1606
14769.790006,812,1605
14769.795005,970,1606
14769.800006,840,1602
14769.805005,801,1602
14769.810006,967,1600
14769.815006,937,1599
14769.820006,764,1599
14769.825006,890,1595
14769.830006,942,1597
14769.835006,776,1590
14769.840005,819,1593
14769.845007,977,1593
14769.850006,862,1591
14769.855006,796,1592
14769.860005,964,1596
14769.865006,916,1594
14769.870006,773,1593
14769.875005,890,1596
14769.880006,948,1593
14769.885005,773,1591
14769.890007,824,1596
14769.895006,977,1596
14769.900006,847,1596
14769.905006,782,1596
14769.910006,988,1595
14769.915007,939,1597
14769.920007,762,1597
14769.925006,886,1600
14769.930005,946,1601
14769.935006,759,1606
14769.940007,829,1600
14769.945005,978,1605
14769.950005,851,1600
14769.955006,801,1603
14769.960006,973,1605
14769.965005,921,1606
14769.970006,768,1603
14769.975005,891,1604
14769.980007,954,1605
14769.985006,759,1608
14769.990007,830,1604
14769.995007,981,1605
14770.000006,860,1601
14770.005006,798,1605
14770.010006,974,1608
14770.015006,924,1610
14770.020005,776,1613
14770.025007,886,1614
14770.030006,946,1617
14770.035006,780,1613
14770.040006,817,1616
14770.045005,984,1615
14770.050005,853,1621
14770.055006,806,1616
14770.060006,971,1618
14770.065005,929,1613
14770.070006,776,1618
14770.075006,881,1620
14770.080006,963,1617
14770.085006,766,1617
14770.090006,834,1612
14770.095007,976,1617
14770.100005,870,1614
14770.105006,790,1615
14770.110005,969,1612
14770.115007,929,1614
14770.120006,756,1615
14770.125005,893,1610
14770.130005,951,1612
14770.135007,779,1610
14770.140006,824,1610
14770.145005,982,1616
14770.150006,854,1611
14770.155006,801,1604
14770.160007,979,1610
14770.165006,928,1614
14770.170005,763,1615
14770.175005,897,1616
14770.180005,956,1616
14770.185006,763,1616
14770.190005,811,1615
14770.195007,992,1617
14770.200006,867,1617
14770.205007,789,1621
14770.210007,980,1621
14770.215005,934,1618
14770.220006,773,1619
14770.225006,884,1624
14770.230006,973,1621
14770.235005,769,1621
14770.240006,831,1623
14770.245005,986,1620
14770.250007,853,1625
14770.255006,784,1622
14770.260005,979,1621
14770.265006,923,1625
14770.270005,780,1621
14770.275006,882,1619
14770.280006,949,1621
14770.285007,780,1618
14770.290006,818,1620
14770.295005,975,1619
14770.300005,871,1615
14770.305005,782,1619
14770.310007,981,1612
14770.315006,943,1618
14770.320006,766,1617
14770.325006,874,1617
14770.330005,968,1616
14770.335005,769,1618
14770.340007,808,1617
14770.345007,993,1616
14770.350005,870,1617
14770.355007,790,1614
14770.360006,968,1615
14770.365006,938,1616
14770.370006,759,1615
14770.375005,897,1611
14770.380005,964,1613
14770.385006,767,1613
14770.390006,809,1609
14770.395006,991,1608
14770.400006,867,1609
14770.405005,795,1609
14770.410006,967,1606
14770.415006,925,1607
14770.420005,757,1603
14770.425005,869,1604
14770.430005,945,1605
14770.435007,778,1600
14770.440006,819,1601
14770.445006,986,1603
14770.450006,872,1600
14770.455006,783,1602
14770.460006,953,1605
14770.465005,921,1605
14770.470007,767,1601
14770.475005,868,1600
14770.480007,966,1601
14770.485007,778,1601
14770.490006,812,1601
14770.495006,973,1598
14770.500006,852,1601
14770.505006,794,1595
14770.510006,960,1598
14770.515007,940,1595
14770.520005,768,1597
14770.525006,874,1594
14770.530006,948,1596
14770.535006,770,1588
14770.540006,821,1597
14770.545006,984,1598
14770.550006,866,1598
14770.555005,781,1600
14770.560007,977,1595
14770.565006,924,1599
14770.570006,748,1601
14770.575006,877,1593
14770.580005,954,1598
14770.585005,759,1601
14770.590006,800,1604
14770.595006,981,1602
14770.600006,857,1605
14770.605006,801,1601
14770.610005,965,1603
14770.615006,925,1604
14770.620005,749,1607
14770.625007,882,1604
14770.630006,949,1603
14770.635006,760,1609
14770.640005,825,1602
14770.645005,976,1608
14770.650006,859,1606
14770.655006,793,1604
14770.660006,958,1604
14770.665007,943,1604
14770.670005,765,1613
14770.675006,869,1597
14770.680006,954,1604
14770.685007,762,1604
14770.690006,821,1602
14770.695007,978,1599
14770.700007,866,1604
14770.705005,774,1605
14770.710005,954,1606
14770.715006,937,1602
14770.720006,761,1604
14770.725007,872,1602
14770.730006,957,1603
14770.735005,776,1606
14770.740006,808,1604
14770.745006,972,1603
14770.750005,866,1600
14770.755005,796,1601
14770.760006,958,1603
14770.765006,944,1598
14770.770006,755,1600
14770.775007,880,1595
14770.780007,949,1600
14770.785005,763,1593
14770.790005,815,1597
14770.795007,977,1597
14770.800005,866,1597
14770.805005,772,1598
14770.810006,955,1598
14770.815006,936,1597
14770.820006,763,1599
14770.825006,866,1600
14770.830006,949,1601
14770.835007,767,1596
14770.840006,817,1601
14770.845006,972,1606
14770.850006,885,1602
14770.855006,783,1607
14770.860006,961,1601
14770.865006,924,1606
14770.870006,752,1605
14770.875005,860,1606
14770.880005,968,1605
14770.885006,772,1604
14770.890006,815,1604
14770.895006,973,1609
14770.900006,892,1602
14770.905006,797,1605
14770.910006,964,1607
14770.915006,928,1609
14770.920005,750,1609
14770.925006,859,1611
14770.930006,959,1610
14770.935006,772,1610
14770.940006,806,1612
14770.945006,1002,1609
14770.950006,889,1609
14770.955006,788,1613
14770.960006,975,1612
14770.965005,934,1615
14770.970006,759,1613
14770.975005,860,1614
14770.980006,970,1610
14770.985005,783,1613
14770.990006,821,1614
14770.995005,983,1611
14771.000006,873,1611
14771.005007,799,1608
14771.010005,975,1609
14771.015007,930,1608
14771.020005,756,1605
14771.025006,880,1607
14771.030006,955,1609
14771.035006,770,1608
14771.040006,825,1608
14771.045005,979,1605
14771.050005,867,1609
14771.055005,799,1603
14771.060006,974,1610
14771.065007,932,1607
14771.070005,752,1609
14771.075005,877,1608
14771.080007,956,1606
14771.085006,771,1609
14771.090006,802,1609
14771.095006,989,1608
14771.100006,878,1606
14771.105006,781,1608
14771.110006,973,1605
14771.115007,939,1605
14771.120007,766,1598
14771.125007,867,1606
14771.130006,950,1606
14771.135005,767,1611
14771.140006,803,1607
14771.145007,1000,1605
14771.150005,878,1598
14771.155005,783,1597
14771.160005,971,1606
14771.165005,934,1607
14771.170007,749,1611
14771.175006,875,1606
14771.180006,958,1606
14771.185007,766,1610
14771.190007,816,1607
14771.195005,974,1610
14771.200006,894,1612
14771.205006,783,1611
14771.210007,957,1612
14771.215006,924,1611
14771.220007,750,1615
14771.225007,876,1611
14771.230006,956,1611
14771.235005,776,1611
14771.240007,814,1603
14771.245006,991,1611
14771.250005,881,1610
14771.255006,775,1609
14771.260006,951,1612
14771.265007,938,1607
14771.270005,764,1609
14771.275006,853,1612
14771.280006,972,1611
14771.285007,778,1609
14771.290006,809,1610
14771.295005,996,1611
14771.300006,888,1609
14771.305005,782,1611
14771.310006,970,1608
14771.315005,947,1608
14771.320006,758,1613
14771.325005,867,1609
14771.330007,957,1610
14771.335006,785,1610
14771.340005,811,1609
14771.345007,996,1607
14771.350006,890,1607
14771.355006,780,1607
14771.360005,969,1605
14771.365007,942,1605
14771.370005,766,1603
14771.375006,856,1604
14771.380007,955,1604
14771.385007,771,1605
14771.390006,809,1602
14771.395007,975,1602
14771.400005,884,1605
14771.405005,799,1597
14771.410006,952,1603
14771.415006,929,1603
14771.420006,777,1597
14771.425006,856,1601
14771.430005,964,1593
14771.435006,787,1599
14771.440005,806,1602
14771.445006,992,1598
14771.450006,891,1604
14771.455006,789,1597
14771.460007,967,1602
14771.465007,923,1605
14771.470005,763,1603
14771.475006,847,1609
14771.480007,967,1603
14771.485006,797,1603
14771.490006,812,1604
14771.495005,996,1599
14771.500006,891,1600
14771.505006,770,1602
14771.510005,970,1603
14771.515006,930,1602
14771.520007,768,1603
14771.525006,856,1600
14771.530006,962,1598
14771.535006,779,1602
14771.540006,819,1599
14771.545005,989,1600
14771.550005,893,1601
14771.555005,778,1602
14771.560006,953,1604
14771.565007,931,1600
14771.570005,747,1605
14771.575005,863,1604
14771.580006,966,1605
14771.585006,774,1611
14771.590006,822,1607
14771.595006,977,1609
14771.600005,898,1607
14771.605007,791,1608
14771.610006,953,1611
14771.615006,941,1606
14771.620005,768,1610
14771.625006,853,1610
14771.630006,959,1612
14771.635005,777,1606
14771.640006,802,1613
14771.645006,973,1616
14771.650006,884,1613
14771.655005,793,1614
14771.660007,960,1614
14771.665006,934,1614
14771.670006,752,1618
14771.675006,865,1614
14771.680005,966,1619
14771.685006,789,1623
14771.690006,809,1621
14771.695005,993,1618
14771.700006,905,1621
14771.705006,772,1625
14771.710006,971,1617
14771.715005,944,1623
14771.720006,763,1624
14771.725006,846,1624
14771.730007,956,1622
14771.735007,800,1620
14771.740007,819,1620
14771.745006,977,1621
14771.750006,902,1620
14771.755007,774,1618
14771.760005,971,1614
14771.765006,938,1619
14771.770006,751,1618
14771.775007,842,1617
14771.780006,974,1613
14771.785006,792,1613
14771.790006,803,1616
14771.795006,991,1611
14771.800006,898,1609
14771.805005,774,1609
14771.810006,941,1611
14771.815006,926,1610
14771.820006,766,1603
14771.825005,848,1605
14771.830007,957,1605
14771.835006,796,1602
14771.840006,820,1604
14771.845006,980,1599
14771.850006,901,1599
14771.855007,787,1601
14771.860006,950,1602
14771.865007,927,1591
14771.870006,762,1596
14771.875005,839,1597
14771.880006,950,1599
14771.885006,796,1597
14771.890007,798,1596
14771.895005,993,1597
14771.900006,888,1599
14771.905006,787,1597
14771.910007,950,1596
14771.915006,923,1598
14771.920005,754,1589
14771.925006,842,1597
14771.930006,953,1596
14771.935006,794,1593
14771.940005,821,1592
14771.945006,970,1597
14771.950006,896,1589
14771.955006,782,1589
14771.960007,950,1593
14771.965006,928,1593
14771.970005,749,1595
14771.975006,853,1594
14771.980007,961,1595
14771.985006,777,1596
14771.990006,818,1595
14771.995006,980,1594
14772.000005,898,1597
14772.005006,784,1593
14772.010006,951,1599
14772.015007,925,1604
14772.020006,761,1602
14772.025006,834,1608
14772.030006,977,1602
14772.035007,782,1607
14772.040006,825,1600
14772.045005,993,1606
14772.050005,909,1606
14772.055005,781,1603
14772.060006,941,1608
14772.065005,937,1597
14772.070006,763,1607
14772.075006,842,1605
14772.080005,957,1609
14772.085006,802,1604
14772.090005,812,1605
14772.095007,984,1609
14772.100005,901,1608
14772.105007,795,1604
14772.110006,957,1606
14772.115006,932,1608
14772.120006,748,1613
14772.125005,832,1612
14772.130005,975,1603
14772.135006,805,1610
14772.140007,816,1610
14772.145007,980,1610
14772.150005,899,1609
14772.155005,767,1613
14772.160006,957,1609
14772.165006,941,1613
14772.170005,751,1612
14772.175005,841,1606
14772.180005,957,1613
14772.185006,786,1612
14772.190006,806,1612
14772.195006,976,1613
14772.200006,918,1605
14772.205006,778,1612
14772.210007,951,1608
14772.215006,939,1608
14772.220007,752,1608
14772.225006,829,1606
14772.230006,957,1607
14772.235006,809,1601
14772.240005,812,1607
14772.245005,979,1602
14772.250006,895,1607
14772.255005,771,1601
14772.260006,940,1600
14772.265007,945,1603
14772.270005,760,1601
14772.275006,834,1598
14772.280005,965,1599
14772.285006,781,1603
14772.290006,811,1597
14772.295005,993,1599
14772.300005,905,1596
14772.305005,774,1598
14772.310006,939,1596
14772.315006,929,1599
14772.320006,765,1596
14772.325006,826,1599
14772.330005,958,1601
14772.335005,787,1599
14772.340006,798,1593
14772.345006,994,1598
14772.350006,912,1597
14772.355006,770,1600
14772.360006,933,1600
14772.365006,943,1599
14772.370005,752,1599
14772.375006,828,1594
14772.380006,979,1597
14772.385005,799,1596
14772.390006,801,1597
14772.395006,973,1597
14772.400006,902,1594
14772.405007,786,1590
14772.410006,936,1595
14772.415006,950,1586
14772.420005,750,1589
14772.425005,823,1592
14772.430006,960,1587
14772.435006,797,1578
14772.440006,809,1585
14772.445007,977,1584
14772.450007,918,1584
14772.455005,786,1581
14772.460006,942,1582
14772.465005,934,1587
14772.470006,762,1583
14772.475006,840,1582
14772.480006,971,1585
14772.485007,801,1583
14772.490005,804,1585
14772.495006,976,1585
14772.500006,901,1589
14772.505006,776,1580
14772.510007,945,1585
14772.515006,928,1584
14772.520005,747,1587
14772.525006,842,1586
14772.530006,969,1586
14772.535006,795,1585
14772.540007,810,1580
14772.545006,986,1589
14772.550007,906,1587
14772.555005,786,1584
14772.560007,939,1587
14772.565006,933,1585
14772.570007,769,1584
14772.575006,833,1587
14772.580007,963,1587
14772.585006,791,1589
14772.590005,814,1588
14772.595006,976,1588
14772.600005,927,1586
14772.605006,768,1591
14772.610005,928,1592
14772.615007,928,1592
14772.620006,759,1590
14772.625007,821,1592
14772.630007,974,1591
14772.635005,805,1590
14772.640006,800,1594
14772.645006,970,1597
14772.650006,921,1593
14772.655007,772,1595
14772.660006,924,1597
14772.665007,940,1596
14772.670005,750,1596
14772.675005,840,1594
14772.680005,974,1599
14772.685007,789,1599
14772.690006,814,1601
14772.695007,981,1601
14772.700007,909,1603
14772.705007,783,1602
14772.710006,942,1604
14772.715007,931,1606
14772.720007,746,1606
14772.725006,835,1608
14772.730006,965,1612
14772.735005,801,1608
14772.740006,801,1610
14772.745006,973,1610
14772.750005,929,1611
14772.755005,772,1609
14772.760006,933,1610
14772.765006,953,1608
14772.770006,765,1609
14772.775006,818,1611
14772.780005,958,1611
14772.785006,815,1605
14772.790005,802,1609
14772.795006,977,1609
14772.800006,913,1607
14772.805006,763,1607
14772.810006,943,1598
14772.815005,942,1604
14772.820006,752,1605
14772.825006,831,1604
14772.830006,977,1604
14772.835006,804,1605
14772.840006,811,1600
14772.845006,975,1606
14772.850006,912,1608
14772.855006,783,1602
14772.860005,939,1607
14772.865005,932,1607
14772.870005,770,1607
14772.875006,826,1609
14772.880006,968,1609
14772.885007,797,1613
14772.890005,814,1611
14772.895005,982,1616
14772.900007,918,1613
14772.905007,784,1612
14772.910007,924,1616
14772.915006,952,1611
14772.920006,756,1616
14772.925006,831,1610
14772.930006,974,1615
14772.935006,805,1618
14772.940006,811,1613
14772.945006,996,1618
14772.950006,935,1618
14772.955005,776,1617
14772.960006,924,1621
14772.965005,942,1622
14772.970005,758,1622
14772.975006,820,1622
14772.980007,985,1622
14772.985005,817,1625
14772.990007,803,1624
14772.995006,1000,1625
14773.000005,935,1625
14773.005005,774,1626
14773.010006,926,1629
14773.015007,943,1616
14773.020006,762,1627
14773.025006,822,1627
14773.030006,988,1624
14773.035006,816,1625
14773.040006,807,1625
14773.045005,977,1627
14773.050005,918,1628
14773.055006,772,1631
14773.060006,945,1621
14773.065005,955,1628
14773.070007,767,1626
14773.075006,824,1629
14773.080006,973,1628
14773.085006,812,1628
14773.090005,804,1627
14773.095006,981,1628
14773.100006,947,1623
14773.105006,784,1625
14773.110005,932,1627
14773.115006,942,1625
14773.120007,758,1626
14773.125007,815,1623
14773.130006,969,1623
14773.135005,829,1622
14773.140007,811,1624
14773.145006,981,1620
14773.150007,916,1621
14773.155007,782,1619
14773.160005,928,1617
14773.165006,939,1618
14773.170005,773,1613
14773.175006,817,1613
14773.180005,982,1612
14773.185006,812,1612
14773.190007,822,1606
14773.195005,985,1607
14773.200005,918,1608
14773.205006,764,1608
14773.210006,944,1602
14773.215006,948,1606
14773.220007,751,1605
14773.225007,830,1603
14773.230006,972,1603
14773.235005,812,1604
14773.240007,796,1606
14773.245006,996,1601
14773.250006,927,1599
14773.255006,761,1605
14773.260006,942,1600
14773.265006,944,1596
14773.270006,746,1600
14773.275006,828,1598
14773.280007,965,1598
14773.285006,807,1598
14773.290006,812,1588
14773.295006,986,1596
14773.300007,930,1590
14773.305005,770,1594
14773.310006,937,1595
14773.315005,939,1594
14773.320007,750,1595
14773.325006,813,1597
14773.330006,981,1594
14773.335006,816,1594
14773.340006,794,1596
14773.345007,994,1595
14773.350005,925,1598
14773.355006,764,1597
14773.360006,926,1598
14773.365005,955,1595
14773.370005,764,1599
14773.375006,822,1599
14773.380007,964,1596
14773.385005,825,1596
14773.390006,808,1594
14773.395006,995,1599
14773.400006,916,1596
14773.405005,778,1601
14773.410005,923,1600
14773.415005,937,1602
14773.420006,770,1599
14773.425006,821,1602
14773.430005,963,1605
14773.435006,832,1603
14773.440006,807,1605
14773.445007,980,1605
14773.450006,915,1609
14773.455006,784,1609
14773.460007,922,1612
14773.465005,945,1613
14773.470006,751,1615
14773.475007,830,1614
14773.480006,969,1614
14773.485005,832,1612
14773.490006,805,1616
14773.495005,998,1616
14773.500006,926,1616
14773.505007,766,1618
14773.510005,934,1619
14773.515006,944,1617
14773.520006,750,1619
14773.525007,833,1618
14773.530006,980,1617
14773.535007,816,1620
14773.540007,794,1621
14773.545006,987,1620
14773.550006,929,1621
14773.555006,786,1621
14773.560007,924,1621
14773.565006,954,1618
14773.570006,769,1620
14773.575005,816,1620
14773.580006,979,1622
14773.585005,830,1619
14773.590006,808,1617
14773.595006,989,1621
14773.600006,916,1625
14773.605006,782,1622
14773.610005,924,1620
14773.615006,939,1621
14773.620005,749,1623
14773.625006,836,1620
14773.630006,975,1619
14773.635005,813,1620
14773.640006,818,1617
14773.645006,984,1618
14773.650005,916,1623
14773.655005,778,1620
14773.660006,925,1620
14773.665006,935,1621
14773.670006,750,1622
14773.675006,826,1620
14773.680006,972,1622
14773.685007,817,1625
14773.690006,808,1622
14773.695007,974,1621
14773.700006,936,1622
14773.705006,766,1621
14773.710007,935,1620
14773.715005,945,1620
14773.720007,753,1622
14773.725006,829,1618
14773.730006,971,1620
14773.735005,832,1613
14773.740007,804,1619
14773.745006,979,1619
14773.750006,939,1616
14773.755006,775,1617
14773.760007,916,1619
14773.765007,941,1609
14773.770006,753,1618
14773.775006,826,1617
14773.780006,968,1622
14773.785006,817,1618
14773.790007,810,1621
14773.795006,977,1623
14773.800006,935,1612
14773.805005,778,1621
14773.810007,917,1620
14773.815006,941,1622
14773.820006,753,1625
14773.825006,833,1620
14773.830006,979,1622
14773.835006,821,1625
14773.840006,796,1627
14773.845006,981,1627
14773.850006,926,1626
14773.855006,786,1621
14773.860006,924,1626
14773.865007,948,1621
14773.870006,755,1624
14773.875005,826,1622
14773.880006,971,1622
14773.885005,829,1613
14773.890006,811,1622
14773.895006,982,1622
14773.900005,924,1626
14773.905005,782,1624
14773.910006,915,1624
14773.915006,937,1629
14773.920005,753,1625
14773.925005,830,1625
14773.930006,980,1624
14773.935007,821,1628
14773.940007,811,1626
14773.945005,989,1631
14773.950006,926,1627
14773.955006,765,1634
14773.960006,910,1637
14773.965006,961,1631
14773.970005,761,1634
14773.975006,816,1635
14773.980007,971,1636
14773.985006,838,1635
14773.990007,799,1637
14773.995006,997,1636
14774.000005,932,1635
14774.005006,760,1635
14774.010006,931,1634
14774.015006,939,1634
14774.020005,775,1631
14774.025006,817,1634
14774.030005,968,1634
14774.035006,842,1629
14774.040006,800,1629
14774.045006,974,1629
14774.050007,936,1627
14774.055006,768,1626
14774.060007,927,1626
14774.065006,945,1625
14774.070006,775,1623
14774.075005,817,1625
14774.080006,965,1626
14774.085006,831,1616
14774.090005,815,1617
14774.095006,979,1621
14774.100007,921,1622
14774.105006,762,1623
14774.110005,905,1626
14774.115006,960,1621
14774.120005,760,1623
14774.125006,826,1614
14774.130006,974,1621
14774.135005,822,1620
14774.140007,810,1623
14774.145005,984,1619
14774.150005,922,1618
14774.155005,760,1620
14774.160006,920,1619
14774.165006,941,1619
14774.170005,776,1612
14774.175006,824,1612
14774.180005,974,1617
14774.185006,829,1613
14774.190005,793,1613
14774.195006,970,1612
14774.200007,933,1607
14774.205006,771,1609
14774.210007,901,1608
14774.215006,933,1610
14774.220006,753,1611
14774.225005,832,1609
14774.230006,976,1605
14774.235005,822,1607
14774.240007,786,1608
14774.245006,988,1606
14774.250005,923,1603
14774.255006,759,1608
14774.260005,921,1603
14774.265006,946,1602
14774.270006,757,1606
14774.275006,804,1609
14774.280006,979,1603
14774.285006,832,1603
14774.290006,792,1599
14774.295005,973,1603
14774.300005,917,1603
14774.305005,768,1592
14774.310006,916,1601
14774.315006,943,1599
14774.320006,750,1601
14774.325006,824,1597
14774.330005,965,1603
14774.335005,822,1601
14774.340007,813,1598
14774.345007,979,1599
14774.350006,927,1592
14774.355007,776,1600
14774.360007,905,1596
14774.365007,942,1598
14774.370007,752,1595
14774.375006,827,1597
14774.380006,975,1593
14774.385005,822,1597
14774.390006,808,1590
14774.395006,977,1591
14774.400007,913,1593
14774.405006,764,1591
14774.410007,899,1588
14774.415006,951,1593
14774.420005,756,1589
14774.425005,808,1590
14774.430005,979,1582
14774.435006,831,1589
14774.440005,787,1592
14774.445006,964,1594
14774.450006,939,1591
14774.455005,766,1592
14774.460006,893,1596
14774.465005,953,1597
14774.470006,759,1595
14774.475006,815,1597
14774.480006,972,1603
14774.485006,840,1597
14774.490006,805,1598
14774.495005,971,1599
14774.500006,918,1602
14774.505006,754,1598
14774.510005,913,1600
14774.515006,942,1598
14774.520006,755,1599
14774.525007,828,1597
14774.530005,977,1600
14774.535007,839,1595
14774.540007,796,1597
14774.545006,965,1598
14774.550006,936,1597
14774.555005,755,1597
14774.560006,908,1600
14774.565006,954,1598
14774.570006,761,1598
14774.575005,813,1600
14774.580007,968,1601
14774.585006,825,1603
14774.590005,803,1599
14774.595006,971,1603
14774.600006,932,1597
14774.605006,774,1600
14774.610006,904,1600
14774.615006,943,1597
14774.620006,749,1599
14774.625006,819,1600
14774.630007,966,1601
14774.635006,847,1596
14774.640006,795,1594
14774.645005,974,1595
14774.650006,924,1593
14774.655006,764,1594
14774.660006,903,1584
14774.665006,959,1590
14774.670005,770,1588
14774.675006,813,1591
14774.680005,973,1587
14774.685007,835,1593
14774.690006,783,1593
14774.695006,982,1589
14774.700005,921,1595
14774.705006,765,1592
14774.710006,895,1593
14774.715006,942,1593
14774.720006,768,1593
14774.725006,809,1598
14774.730007,965,1597
14774.735007,832,1597
14774.740006,811,1598
14774.745005,973,1597
14774.750006,934,1596
14774.755006,765,1599
14774.760007,897,1603
14774.765005,939,1605
14774.770005,775,1605
14774.775006,817,1605
14774.780005,969,1606
14774.785006,832,1608
14774.790006,803,1609
14774.795005,973,1608
14774.800005,940,1609
14774.805005,774,1608
14774.810007,900,1609
14774.815007,951,1610
14774.820006,766,1611
14774.825006,815,1612
14774.830006,969,1614
14774.835006,850,1616
14774.840006,794,1614
14774.845007,972,1616
14774.850006,937,1617
14774.855006,770,1618
14774.860006,902,1615
14774.865006,960,1617
14774.870006,764,1620
14774.875006,809,1621
14774.880005,991,1621
14774.885007,851,1620
14774.890007,790,1623
14774.895006,967,1626
14774.900006,939,1621
14774.905005,776,1626
14774.910006,898,1628
14774.915005,949,1620
14774.920007,772,1630
14774.925007,816,1627
14774.930005,987,1627
14774.935007,838,1625
14774.940005,804,1634
14774.945007,976,1633
14774.950006,921,1636
14774.955005,777,1636
14774.960005,909,1637
14774.965007,947,1640
14774.970007,757,1638
14774.975006,834,1640
14774.980006,979,1637
14774.985005,843,1640
14774.990005,789,1642
14774.995006,980,1637
14775.000005,941,1637
14775.005006,774,1634
14775.010006,901,1633
14775.015006,948,1635
14775.020006,762,1633
14775.025007,811,1631
14775.030006,983,1629
14775.035006,846,1625
14775.040006,790,1625
14775.045006,969,1626
14775.050006,939,1624
14775.055005,767,1624
14775.060007,907,1612
14775.065006,961,1622
14775.070006,762,1623
14775.075006,811,1624
14775.080006,990,1618
14775.085006,845,1621
14775.090005,797,1620
14775.095006,968,1621
14775.100005,943,1620
14775.105006,769,1621
14775.110006,905,1614
14775.115007,952,1619
14775.120007,773,1618
14775.125006,826,1619
14775.130007,977,1616
14775.135007,846,1617
14775.140006,795,1616
14775.145005,981,1615
14775.150006,928,1614
14775.155006,764,1615
14775.160006,887,1616
14775.165007,958,1607
14775.170005,758,1614
14775.175005,807,1616
14775.180006,984,1612
14775.185006,849,1611
14775.190006,785,1615
14775.195007,976,1613
14775.200006,929,1604
14775.205006,765,1612
14775.210007,885,1615
14775.215005,968,1610
14775.220006,763,1610
14775.225006,805,1613
14775.230006,991,1611
14775.235005,844,1612
14775.240006,785,1613
14775.245005,989,1611
14775.250006,932,1610
14775.255006,754,1608
14775.260005,905,1610
14775.265007,939,1607
14775.270006,774,1607
14775.275005,813,1608
14775.280005,971,1609
14775.285007,838,1611
14775.290006,794,1605
14775.295005,969,1610
14775.300006,938,1604
14775.305005,754,1612
14775.310006,906,1600
14775.315005,958,1608
14775.320006,761,1606
14775.325006,811,1606
14775.330006,987,1602
14775.335006,848,1602
14775.340006,784,1605
14775.345006,982,1605
14775.350005,929,1600
14775.355007,763,1603
14775.360007,888,1602
14775.365006,945,1603
14775.370005,754,1604
14775.375006,816,1596
14775.380006,988,1600
14775.385006,845,1601
14775.390006,782,1598
14775.395006,981,1599
14775.400007,926,1598
14775.405006,760,1592
14775.410006,890,1601
14775.415007,938,1601
14775.420005,773,1600
14775.425006,809,1600
14775.430006,971,1597
14775.435006,860,1599
14775.440006,788,1605
14775.445006,971,1598
14775.450006,916,1597
14775.455005,768,1597
14775.460005,888,1600
14775.465006,953,1594
14775.470007,765,1598
14775.475007,805,1601
14775.480005,974,1594
14775.485006,862,1597
14775.490006,787,1598
14775.495005,968,1591
14775.500007,939,1595
14775.505007,754,1599
14775.510005,895,1596
14775.515006,947,1596
14775.520006,757,1598
14775.525007,804,1598
14775.530006,985,1589
14775.535006,861,1598
14775.540007,791,1596
14775.545006,961,1600
14775.550006,936,1596
14775.555005,750,1603
14775.560006,896,1602
14775.565006,947,1599
14775.570007,754,1606
14775.575006,827,1604
14775.580006,979,1608
14775.585006,850,1608
14775.590006,780,1612
14775.595007,980,1609
14775.600006,941,1611
14775.605006,762,1610
14775.610005,886,1610
14775.615006,949,1612
14775.620005,774,1612
14775.625006,822,1613
14775.630005,976,1615
14775.635006,846,1613
14775.640006,806,1615
14775.645007,970,1615
14775.650005,928,1607
14775.655006,769,1613
14775.660006,888,1613
14775.665007,950,1613
14775.670005,773,1616
14775.675005,810,1616
14775.680005,974,1617
14775.685007,872,1615
14775.690006,792,1618
14775.695007,969,1620
14775.700006,930,1612
14775.705006,771,1620
14775.710006,886,1623
14775.715005,945,1624
14775.720006,784,1618
14775.725006,819,1624
14775.730006,974,1629
14775.735005,851,1626
14775.740007,784,1626
14775.745006,987,1627
14775.750006,932,1624
14775.755007,764,1625
14775.760006,881,1627
14775.765006,963,1620
14775.770005,766,1625
14775.775006,813,1625
14775.780007,976,1626
14775.785005,859,1622
14775.790005,795,1625
14775.795006,970,1623
14775.800006,923,1623
14775.805005,768,1621
14775.810006,881,1621
14775.815006,965,1618
14775.820006,769,1618
14775.825006,805,1621
14775.830005,984,1618
14775.835005,856,1620
14775.840006,784,1611
14775.845005,963,1617
14775.850006,940,1614
14775.855006,764,1611
14775.860006,886,1612
14775.865007,945,1615
14775.870007,782,1608
14775.875005,816,1607
14775.880006,970,1612
14775.885005,864,1602
14775.890006,792,1601
14775.895006,961,1604
14775.900006,931,1596
14775.905006,765,1603
14775.910006,877,1603
14775.915006,945,1601
14775.920006,757,1595
14775.925006,823,1593
14775.930005,978,1594
14775.935006,851,1593
14775.940006,799,1589
14775.945006,968,1591
14775.950005,919,1588
14775.955006,772,1584
14775.960007,879,1589
14775.965005,945,1588
14775.970006,760,1581
14775.975005,816,1583
14775.980006,968,1590
14775.985005,845,1588
14775.990007,782,1580
14775.995006,974,1587
14776.000006,922,1589
14776.005006,754,1587
14776.010005,876,1586
14776.015006,944,1587
14776.020005,773,1587
14776.025006,809,1587
14776.030006,976,1574
14776.035007,869,1583
14776.040006,788,1581
14776.045006,964,1580
14776.050006,916,1582
14776.055006,770,1579
14776.060006,882,1583
14776.065005,955,1576
14776.070006,765,1583
14776.075005,814,1582
14776.080006,969,1582
14776.085007,862,1580
14776.090006,782,1583
14776.095007,956,1585
14776.100005,937,1582
14776.105007,755,1583
14776.110007,868,1586
14776.115005,959,1581
14776.120005,778,1580
14776.125006,811,1582
14776.130007,963,1583
14776.135006,867,1581
14776.140006,778,1581
14776.145006,955,1585
14776.150006,931,1584
14776.155005,763,1584
14776.160006,870,1583
14776.165006,957,1582
14776.170006,759,1584
14776.175006,801,1587
14776.180006,990,1588
14776.185006,856,1589
14776.190006,782,1584
14776.195007,968,1592
14776.200007,923,1595
14776.205005,771,1596
14776.210006,887,1597
14776.215005,949,1600
14776.220006,766,1603
14776.225006,824,1601
14776.230006,983,1608
14776.235006,858,1607
14776.240006,780,1608
14776.245006,975,1609
14776.250006,932,1606
14776.255007,749,1612
14776.260006,879,1610
14776.265006,948,1609
14776.270007,763,1612
14776.275006,828,1606
14776.280005,985,1610
14776.285006,862,1611
14776.290006,797,1610
14776.295006,964,1614
14776.300007,922,1614
14776.305006,764,1614
14776.310006,870,1615
14776.315005,953,1617
14776.320005,762,1619
14776.325006,830,1617
14776.330005,981,1621
14776.335005,865,1621
14776.340006,777,1621
14776.345007,984,1618
14776.350006,940,1621
14776.355007,761,1622
14776.360006,882,1623
14776.365006,957,1619
14776.370005,769,1622
14776.375005,802,1624
14776.380005,990,1619
14776.385006,872,1619
14776.390007,780,1623
14776.395006,976,1616
14776.400006,929,1618
14776.405005,767,1612
14776.410006,879,1614
14776.415006,945,1618
14776.420006,784,1614
14776.425007,806,1617
14776.430007,981,1609
14776.435007,873,1613
14776.440006,782,1619
14776.445006,961,1616
14776.450006,945,1616
14776.455007,764,1617
14776.460006,872,1618
14776.465005,972,1616
14776.470007,765,1617
14776.475005,826,1618
14776.480005,992,1618
14776.485006,866,1620
14776.490007,805,1619
14776.495006,973,1616
14776.500006,933,1619
14776.505007,753,1621
14776.510006,867,1618
14776.515007,976,1614
14776.520006,777,1618
14776.525007,818,1614
14776.530006,980,1614
14776.535006,867,1616
14776.540005,802,1615
14776.545007,966,1613
14776.550007,923,1614
14776.555005,758,1614
14776.560006,883,1606
14776.565006,971,1610
14776.570006,778,1613
14776.575005,812,1612
14776.580005,992,1614
14776.585006,878,1613
14776.590006,778,1616
14776.595006,984,1615
14776.600006,934,1615
14776.605007,757,1616
14776.610006,884,1611
14776.615007,951,1615
14776.620005,781,1612
14776.625006,816,1611
14776.630006,981,1613
14776.635005,869,1613
14776.640006,786,1615
14776.645006,966,1616
14776.650007,926,1616
14776.655007,772,1611
14776.660005,878,1612
14776.665006,959,1612
14776.670005,770,1614
14776.675005,808,1615
14776.680006,981,1611
14776.685006,880,1611
14776.690006,784,1611
14776.695007,980,1611
14776.700006,934,1611
14776.705005,758,1612
14776.710006,864,1612
14776.715005,954,1612
14776.720006,791,1611
14776.725005,811,1611
14776.730007,996,1609
14776.735005,875,1609
14776.740006,778,1610
14776.745006,982,1607
14776.750006,927,1608
14776.755006,754,1602
14776.760006,875,1604
14776.765006,957,1604
14776.770005,787,1601
14776.775006,820,1602
14776.780006,981,1603
14776.785006,867,1604
14776.790006,797,1598
14776.795006,975,1601
14776.800006,931,1604
14776.805005,753,1606
14776.810006,881,1605
14776.815006,962,1603
14776.820007,773,1607
14776.825007,809,1606
14776.830006,997,1604
14776.835007,878,1605
14776.840006,783,1609
14776.845006,960,1609
14776.850005,925,1609
14776.855006,752,1607
14776.860007,883,1607
14776.865005,965,1606
14776.870005,775,1604
14776.875006,803,1603
14776.880006,986,1604
14776.885005,871,1602
14776.890007,802,1603
14776.895006,973,1603
14776.900006,922,1603
14776.905006,770,1603
14776.910007,864,1603
14776.915007,951,1602
14776.920007,789,1601
14776.925007,825,1600
14776.930006,980,1602
14776.935007,871,1603
14776.940006,786,1604
14776.945006,958,1608
14776.950005,943,1601
14776.955006,765,1603
14776.960006,859,1608
14776.965006,968,1605
14776.970007,770,1608
14776.975007,808,1610
14776.980006,992,1608
14776.985006,889,1609
14776.990007,788,1608
14776.995006,959,1608
14777.000005,949,1608
14777.005005,759,1608
14777.010006,857,1611
14777.015005,964,1610
14777.020005,780,1611
14777.025006,810,1614
14777.030006,981,1606
14777.035007,886,1611
14777.040007,779,1615
14777.045005,978,1608
14777.050005,935,1618
14777.055005,758,1613
14777.060006,875,1616
14777.065005,954,1619
14777.070006,786,1615
14777.075007,821,1613
14777.080005,989,1614
14777.085005,877,1616
14777.090006,784,1617
14777.095007,960,1617
14777.100005,925,1619
14777.105006,775,1618
14777.110006,863,1618
14777.115007,951,1620
14777.120006,766,1625
14777.125005,809,1622
14777.130005,996,1620
14777.135006,884,1620
14777.140006,776,1622
14777.145006,956,1622
14777.150007,943,1622
14777.155006,762,1622
14777.160006,861,1624
14777.165006,973,1619
14777.170006,783,1619
14777.175006,807,1621
14777.180005,974,1624
14777.185006,890,1621
14777.190005,790,1618
14777.195005,961,1621
14777.200005,942,1617
14777.205006,771,1618
14777.210006,861,1618
14777.215007,952,1620
14777.220006,775,1617
14777.225006,822,1614
14777.230007,980,1615
14777.235006,882,1613
14777.240006,778,1617
14777.245005,957,1614
14777.250006,927,1617
14777.255006,775,1613
14777.260006,861,1615
14777.265006,969,1606
14777.270007,783,1614
14777.275006,806,1611
14777.280006,992,1611
14777.285007,878,1613
14777.290006,770,1613
14777.295006,975,1608
14777.300006,940,1609
14777.305005,749,1611
14777.310006,862,1610
14777.315006,959,1610
14777.320005,773,1613
14777.325005,824,1608
14777.330006,980,1609
14777.335006,872,1611
14777.340006,792,1606
14777.345005,965,1612
14777.350005,932,1608
14777.355006,751,1608
14777.360005,849,1608
14777.365006,969,1608
14777.370006,779,1606
14777.375005,817,1605
14777.380005,982,1607
14777.385006,882,1601
14777.390007,776,1602
14777.395005,969,1601
14777.400006,931,1598
14777.405006,765,1596
14777.410006,865,1596
14777.415007,957,1592
14777.420006,776,1587
14777.425006,797,1592
14777.430006,984,1593
14777.435006,872,1596
14777.440005,784,1592
14777.445006,959,1592
14777.450006,930,1588
14777.455005,767,1585
14777.460005,855,1590
14777.465007,947,1590
14777.470006,768,1593
14777.475006,802,1587
14777.480006,993,1588
14777.485005,883,1588
14777.490006,788,1583
14777.495005,958,1583
14777.500006,922,1585
14777.505007,767,1583
14777.510006,850,1579
14777.515007,947,1582
14777.520006,785,1580
14777.525006,808,1581
14777.530006,965,1584
14777.535006,893,1581
14777.540006,776,1578
14777.545005,949,1577
14777.550005,923,1582
14777.555005,758,1577
14777.560007,846,1581
14777.565006,949,1584
14777.570007,790,1583
14777.575006,809,1583
14777.580005,968,1588
14777.585005,888,1588
14777.590006,769,1591
14777.595006,967,1588
14777.600006,931,1589
14777.605007,741,1593
14777.610007,859,1586
14777.615007,959,1595
14777.620006,769,1594
14777.625005,816,1587
14777.630005,980,1597
14777.635006,882,1595
14777.640006,787,1596
14777.645006,953,1598
14777.650006,924,1600
14777.655005,741,1605
14777.660007,859,1601
14777.665007,959,1605
14777.670006,779,1607
14777.675007,803,1609
14777.680007,989,1609
14777.685006,894,1605
14777.690005,782,1611
14777.695006,949,1617
14777.700005,927,1615
14777.705007,765,1615
14777.710007,856,1615
14777.715006,953,1616
14777.720006,789,1617
14777.725005,814,1616
14777.730006,980,1622
14777.735005,885,1619
14777.740006,779,1619
14777.745006,952,1620
14777.750005,925,1622
14777.755006,769,1619
14777.760005,847,1619
14777.765006,973,1619
14777.770006,784,1618
14777.775006,805,1618
14777.780006,975,1616
14777.785007,896,1617
14777.790005,772,1621
14777.795006,958,1619
14777.800007,938,1618
14777.805006,753,1621
14777.810007,842,1617
14777.815006,971,1614
14777.820006,781,1617
14777.825005,804,1610
14777.830007,986,1615
14777.835007,885,1614
14777.840006,788,1605
14777.845006,955,1615
14777.850006,926,1615
14777.855007,756,1597
14777.860006,863,1610
14777.865006,965,1610
14777.870005,782,1611
14777.875006,803,1610
14777.880007,978,1600
14777.885006,894,1602
14777.890006,787,1606
14777.895006,955,1606
14777.900007,928,1608
14777.905006,764,1607
14777.910006,848,1608
14777.915006,953,1610
14777.920007,795,1609
14777.925007,808,1606
14777.930005,971,1609
14777.935006,906,1611
14777.940005,773,1608
14777.945006,949,1608
14777.950006,928,1611
14777.955007,760,1608
14777.960006,836,1610
14777.965005,955,1613
14777.970006,781,1612
14777.975007,822,1615
14777.980006,986,1611
14777.985005,894,1612
14777.990007,771,1610
14777.995006,960,1610
14778.000005,930,1604
14778.005006,747,1615
14778.010005,858,1610
14778.015007,967,1612
14778.020006,784,1611
14778.025006,799,1613
14778.030005,975,1611
14778.035007,890,1612
14778.040006,773,1608
14778.045005,945,1612
14778.050006,947,1607
14778.055005,755,1609
14778.060006,833,1614
14778.065005,977,1615
14778.070006,781,1613
14778.075006,821,1613
14778.080006,984,1614
14778.085005,891,1615
14778.090006,770,1618
14778.095006,960,1617
14778.100006,931,1618
14778.105006,752,1614
14778.110005,839,1618
14778.115007,976,1617
14778.120007,786,1619
14778.125006,809,1612
14778.130006,984,1612
14778.135006,909,1619
14778.140006,777,1617
14778.145006,939,1619
14778.150005,941,1616
14778.155005,752,1616
14778.160006,856,1614
14778.165006,965,1614
14778.170006,784,1607
14778.175006,812,1612
14778.180005,972,1613
14778.185006,907,1608
14778.190006,775,1609
14778.195006,938,1610
14778.200005,939,1610
14778.205006,752,1612
14778.210006,853,1611
14778.215006,971,1610
14778.220006,791,1609
14778.225006,804,1610
14778.230007,974,1608
14778.235006,909,1610
14778.240005,776,1611
14778.245005,944,1611
14778.250007,925,1612
14778.255007,749,1612
14778.260006,853,1609
14778.265006,955,1614
14778.270006,803,1614
14778.275006,811,1614
14778.280005,981,1615
14778.285006,899,1618
14778.290006,767,1619
14778.295006,937,1622
14778.300006,947,1621
14778.305006,759,1620
14778.310007,839,1619
14778.315005,958,1627
14778.320006,781,1628
14778.325006,812,1624
14778.330005,983,1626
14778.335005,897,1628
14778.340007,785,1620
14778.345006,956,1629
14778.350006,937,1632
14778.355006,754,1631
14778.360005,830,1631
14778.365006,957,1633
14778.370006,798,1629
14778.375006,798,1631
14778.380006,976,1635
14778.385005,917,1620
14778.390006,780,1628
14778.395005,945,1625
14778.400007,929,1627
14778.405006,747,1624
14778.410007,830,1626
14778.415007,984,1619
14778.420006,804,1621
14778.425007,814,1621
14778.430006,980,1620
14778.435007,900,1619
14778.440006,768,1620
14778.445006,955,1615
14778.450006,941,1615
14778.455005,760,1611
14778.460006,832,1608
14778.465005,970,1613
14778.470006,789,1614
14778.475006,798,1613
14778.480007,997,1613
14778.485006,910,1608
14778.490006,770,1612
14778.495006,958,1608
14778.500006,942,1608
14778.505006,762,1608
14778.510006,832,1610
14778.515006,978,1602
14778.520006,787,1609
14778.525006,819,1607
14778.530005,980,1604
14778.535006,895,1608
14778.540006,788,1604
14778.545006,951,1607
14778.550006,932,1606
14778.555005,770,1603
14778.560007,831,1603
14778.565006,955,1604
14778.570006,809,1599
14778.575005,807,1602
14778.580006,971,1604
14778.585007,899,1601
14778.590006,771,1598
14778.595006,951,1595
14778.600005,936,1600
14778.605007,757,1598
14778.610006,822,1601
14778.615006,978,1596
14778.620006,792,1597
14778.625005,797,1597
14778.630005,994,1598
14778.635006,906,1596
14778.640006,785,1596
14778.645005,939,1594
14778.650006,930,1591
14778.655006,765,1593
14778.660006,828,1598
14778.665007,960,1596
14778.670005,810,1593
14778.675005,806,1598
14778.680005,973,1600
14778.685007,925,1595
14778.690006,777,1600
14778.695006,932,1599
14778.700006,943,1593
14778.705005,756,1601
14778.710005,826,1602
14778.715005,975,1606
14778.720006,790,1606
14778.725006,824,1600
14778.730007,992,1603
14778.735006,904,1607
14778.740006,782,1608
14778.745007,938,1609
14778.750005,945,1606
14778.755006,755,1609
14778.760006,823,1609
14778.765007,979,1611
14778.770005,800,1610
14778.775006,798,1613
14778.780005,992,1609
14778.785006,911,1611
14778.790006,765,1613
14778.795005,935,1614
14778.800006,943,1614
14778.805005,753,1619
14778.810006,845,1614
14778.815005,972,1612
14778.820007,808,1610
14778.825007,813,1614
14778.830006,979,1610
14778.835007,924,1607
14778.840006,780,1614
14778.845005,936,1614
14778.850005,931,1613
14778.855006,772,1611
14778.860005,828,1615
14778.865006,965,1611
14778.870006,812,1612
14778.875006,812,1611
14778.880006,980,1611
14778.885005,928,1615
14778.890006,780,1613
14778.895006,937,1614
14778.900006,932,1618
14778.905007,764,1613
14778.910006,831,1613
14778.915007,966,1613
14778.920005,819,1609
14778.925005,814,1614
14778.930006,980,1612
14778.935007,924,1606
14778.940006,786,1609
14778.945006,936,1606
14778.950006,938,1610
14778.955005,749,1610
14778.960006,846,1606
14778.965006,971,1609
14778.970006,795,1608
14778.975007,800,1609
14778.980006,993,1607
14778.985005,917,1610
14778.990007,771,1608
14778.995007,931,1613
14779.000005,934,1608
14779.005006,774,1607
14779.010005,826,1611
14779.015006,965,1610
14779.020007,796,1615
14779.025005,817,1612
14779.030005,977,1615
14779.035006,911,1614
14779.040006,788,1614
14779.045005,940,1612
14779.050005,952,1611
14779.055006,760,1610
14779.060006,829,1609
14779.065005,973,1612
14779.070005,797,1611
14779.075005,813,1606
14779.080005,981,1610
14779.085005,911,1611
14779.090006,782,1608
14779.095006,936,1608
14779.100005,931,1610
14779.105006,768,1606
14779.110005,829,1606
14779.115006,967,1608
14779.120006,798,1606
14779.125005,802,1605
14779.130005,973,1609
14779.135006,927,1604
14779.140007,770,1603
14779.145006,927,1607
14779.150006,947,1603
14779.155007,760,1605
14779.160006,816,1603
14779.165007,979,1605
14779.170006,801,1603
14779.175006,795,1603
14779.180005,995,1599
14779.185006,917,1602
14779.190005,787,1596
14779.195006,930,1598
14779.200005,939,1597
14779.205007,753,1593
14779.210005,825,1598
14779.215006,960,1595
14779.220006,802,1596
14779.225005,813,1592
14779.230006,973,1597
14779.235006,923,1595
14779.240007,764,1595
14779.245007,942,1589
14779.250007,936,1589
14779.255006,753,1582
14779.260006,836,1585
14779.265006,977,1588
14779.270005,802,1589
14779.275006,792,1589
14779.280007,979,1587
14779.285006,910,1589
14779.290007,777,1584
14779.295006,930,1586
14779.300006,932,1581
14779.305005,765,1585
14779.310006,820,1587
14779.315006,960,1589
14779.320006,815,1582
14779.325005,817,1588
14779.330007,980,1585
14779.335006,927,1586
14779.340005,764,1588
14779.345006,920,1589
14779.350006,945,1587
14779.355007,756,1587
14779.360006,821,1589
14779.365006,963,1591
14779.370006,802,1590
14779.375006,803,1592
14779.380007,985,1594
14779.385006,916,1592
14779.390006,776,1598
14779.395005,932,1596
14779.400007,934,1601
14779.405007,771,1598
14779.410005,822,1604
14779.415005,962,1602
14779.420006,821,1603
14779.425006,799,1602
14779.430006,992,1603
14779.435006,924,1605
14779.440006,765,1604
14779.445006,938,1597
14779.450005,947,1604
14779.455006,759,1602
14779.460006,812,1609
14779.465005,977,1602
14779.470006,817,1607
14779.475006,810,1608
14779.480007,975,1612
14779.485006,939,1607
14779.490005,779,1609
14779.495005,933,1611
14779.500006,934,1615
14779.505006,749,1611
14779.510006,824,1614
14779.515006,964,1619
14779.520006,823,1617
14779.525006,817,1613
14779.530006,983,1619
14779.535006,938,1619
14779.540006,787,1622
14779.545006,934,1621
14779.550006,942,1621
14779.555006,749,1624
14779.560006,821,1616
14779.565005,990,1622
14779.570007,812,1624
14779.575006,803,1624
14779.580006,1000,1626
14779.585006,925,1627
14779.590007,783,1622
14779.595006,933,1624
14779.600005,935,1623
14779.605006,756,1623
14779.610005,815,1622
14779.615007,981,1622
14779.620007,816,1624
14779.625006,798,1621
14779.630006,997,1621
14779.635005,930,1618
14779.640006,771,1621
14779.645006,928,1621
14779.650006,959,1617
14779.655006,762,1616
14779.660006,821,1622
14779.665006,981,1617
14779.670006,826,1617
14779.675007,807,1619
14779.680007,981,1617
14779.685006,916,1619
14779.690005,787,1616
14779.695007,917,1621
14779.700005,952,1615
14779.705007,759,1613
14779.710006,816,1615
14779.715006,969,1607
14779.720007,805,1614
14779.725006,819,1611
14779.730006,980,1612
14779.735005,918,1613
14779.740006,781,1612
14779.745005,934,1610
14779.750007,940,1606
14779.755006,756,1609
14779.760006,825,1606
14779.765007,966,1605
14779.770007,803,1610
14779.775006,818,1602
14779.780006,990,1603
14779.785007,917,1607
14779.790006,758,1605
14779.795006,937,1599
14779.800006,937,1602
14779.805005,749,1601
14779.810007,814,1598
14779.815006,961,1601
14779.820006,803,1600
14779.825005,814,1596
14779.830006,972,1600
14779.835005,914,1600
14779.840006,783,1595
14779.845006,927,1595
14779.850005,932,1596
14779.855006,769,1593
14779.860006,826,1594
14779.865007,964,1600
14779.870007,826,1593
14779.875005,808,1598
14779.880006,973,1598
14779.885005,918,1598
14779.890007,765,1603
14779.895005,916,1604
14779.900006,956,1599
14779.905006,760,1603
14779.910007,818,1607
14779.915007,964,1611
14779.920006,808,1610
14779.925006,813,1607
14779.930006,985,1606
14779.935007,917,1612
14779.940006,766,1610
14779.945006,918,1611
14779.950006,953,1603
14779.955005,768,1610
14779.960006,820,1612
14779.965005,974,1606
14779.970006,825,1608
14779.975005,802,1610
14779.980007,979,1603
14779.985006,930,1614
14779.990007,759,1615
14779.995006,928,1617
14780.000006,934,1616
14780.005006,771,1617
14780.010006,827,1614
14780.015007,968,1613
14780.020006,810,1611
14780.025006,805,1615
14780.030005,974,1616
14780.035006,937,1615
14780.040006,767,1612
14780.045006,915,1620
14780.050007,950,1615
14780.055007,758,1616
14780.060007,812,1617
14780.065007,983,1616
14780.070005,819,1617
14780.075006,795,1616
14780.080006,971,1621
14780.085006,922,1617
14780.090006,763,1619
14780.095006,915,1625
14780.100006,936,1616
14780.105006,766,1621
14780.110005,824,1619
14780.115006,968,1621
14780.120005,836,1618
14780.125006,814,1624
14780.130006,988,1625
14780.135006,912,1624
14780.140006,761,1627
14780.145005,933,1625
14780.150007,943,1623
14780.155006,758,1622
14780.160006,824,1616
14780.165007,978,1621
14780.170006,815,1622
14780.175006,816,1617
14780.180005,991,1619
14780.185006,921,1619
14780.190005,769,1620
14780.195007,913,1620
14780.200007,954,1619
14780.205006,761,1615
14780.210006,817,1618
14780.215005,978,1614
14780.220006,818,1615
14780.225005,794,1618
14780.230006,990,1615
14780.235006,920,1619
14780.240007,777,1615
14780.245007,928,1616
14780.250006,946,1616
14780.255007,757,1616
14780.260006,815,1618
14780.265007,966,1619
14780.270005,833,1616
14780.275006,807,1619
14780.280006,979,1620
14780.285007,916,1622
14780.290007,786,1621
14780.295006,929,1620
14780.300006,942,1620
14780.305006,773,1619
14780.310007,821,1622
14780.315006,964,1623
14780.320007,815,1617
14780.325006,814,1621
14780.330006,987,1620
14780.335007,925,1622
14780.340005,768,1619
14780.345006,933,1614
14780.350005,956,1619
14780.355006,757,1618
14780.360006,815,1620
14780.365006,982,1616
14780.370006,817,1613
14780.375006,805,1606
14780.380006,986,1615
14780.385005,921,1614
14780.390005,764,1616
14780.395005,920,1610
14780.400006,955,1613
14780.405007,757,1611
14780.410006,815,1612
14780.415007,967,1613
14780.420006,818,1611
14780.425006,796,1615
14780.430006,995,1609
14780.435006,931,1608
14780.440006,768,1608
14780.445006,921,1610
14780.450006,961,1608
14780.455006,756,1609
14780.460006,815,1612
14780.465006,967,1610
14780.470006,833,1603
14780.475006,811,1611
14780.480005,980,1610
14780.485005,917,1612
14780.490007,766,1612
14780.495005,939,1609
14780.500006,953,1611
14780.505006,754,1615
14780.510006,824,1611
14780.515006,973,1612
14780.520006,819,1609
14780.525006,798,1612
14780.530006,980,1611
14780.535006,938,1610
14780.540007,780,1608
14780.545007,916,1608
14780.550006,942,1600
14780.555006,771,1604
14780.560006,830,1600
14780.565005,970,1601
14780.570006,821,1595
14780.575006,799,1598
14780.580005,981,1593
14780.585005,921,1595
14780.590006,766,1594
14780.595006,918,1584
14780.600006,960,1588
14780.605007,765,1586
14780.610006,820,1586
14780.615007,968,1586
14780.620007,816,1585
14780.625007,797,1584
14780.630006,988,1584
14780.635006,937,1585
14780.640007,767,1583
14780.645005,911,1586
14780.650006,949,1580
14780.655005,763,1584
14780.660007,812,1588
14780.665006,961,1584
14780.670006,832,1585
14780.675007,798,1584
14780.680007,968,1585
14780.685006,921,1581
14780.690006,776,1578
14780.695006,918,1585
14780.700005,939,1585
14780.705007,753,1588
14780.710006,828,1578
14780.715005,976,1585
14780.720007,821,1583
14780.725006,797,1587
14780.730007,976,1587
14780.735007,938,1587
14780.740005,776,1586
14780.745005,921,1585
14780.750006,931,1587
14780.755006,766,1588
14780.760005,820,1589
14780.765006,966,1589
14780.770005,827,1584
14780.775007,811,1587
14780.780006,983,1589
14780.785007,927,1588
14780.790006,764,1592
14780.795005,908,1591
14780.800005,954,1589
14780.805006,764,1590
14780.810007,819,1590
14780.815006,975,1588
14780.820006,814,1594
14780.825006,815,1591
14780.830005,985,1589
14780.835006,913,1594
14780.840005,761,1596
14780.845006,928,1595
14780.850005,936,1593
14780.855005,751,1599
14780.860006,837,1593
14780.865006,982,1594
14780.870005,824,1596
14780.875006,797,1596
14780.880007,971,1600
14780.885006,936,1596
14780.890006,764,1600
14780.895006,928,1598
14780.900006,954,1599
14780.905006,756,1601
14780.910007,826,1597
14780.915007,987,1601
14780.920006,822,1598
14780.925006,800,1601
14780.930006,974,1601
14780.935006,939,1598
14780.940006,770,1603
14780.945006,911,1604
14780.950006,950,1602
14780.955006,758,1604
14780.960007,816,1606
14780.965006,964,1605
14780.970006,835,1607
14780.975006,799,1606
14780.980006,973,1609
14780.985007,923,1603
14780.990005,778,1611
14780.995005,916,1610
14781.000007,939,1614
14781.005007,751,1607
14781.010005,834,1609
14781.015007,986,1613
14781.020005,818,1615
14781.025006,792,1615
14781.030005,983,1612
14781.035007,918,1615
14781.040007,783,1611
14781.045007,919,1613
14781.050007,935,1618
14781.055005,776,1615
14781.060007,820,1616
14781.065006,973,1615
14781.070006,820,1619
14781.075005,812,1615
14781.080006,982,1614
14781.085006,918,1617
14781.090006,771,1619
14781.095007,911,1623
14781.100006,942,1617
14781.105006,775,1618
14781.110005,829,1617
14781.115006,968,1622
14781.120006,842,1623
14781.125006,805,1616
14781.130006,985,1621
14781.135006,922,1617
14781.140006,780,1617
14781.145006,909,1620
14781.150006,960,1613
14781.155006,763,1619
14781.160007,815,1618
14781.165007,966,1620
14781.170005,838,1619
14781.175005,798,1618
14781.180006,995,1613
14781.185007,919,1616
14781.190006,772,1614
14781.195006,909,1616
14781.200005,935,1615
14781.205006,771,1613
14781.210006,820,1613
14781.215005,966,1612
14781.220006,842,1607
14781.225005,802,1611
14781.230006,973,1611
14781.235006,934,1604
14781.240006,772,1607
14781.245006,918,1609
14781.250006,938,1609
14781.255007,763,1602
14781.260006,820,1610
14781.265006,976,1605
14781.270005,821,1612
14781.275006,800,1608
14781.280006,983,1606
14781.285007,938,1607
14781.290005,778,1606
14781.295006,911,1609
14781.300007,960,1604
14781.305005,756,1615
14781.310007,831,1610
14781.315006,991,1604
14781.320006,834,1612
14781.325005,799,1607
14781.330006,974,1609
14781.335005,916,1614
14781.340007,780,1608
14781.345006,910,1612
14781.350006,964,1608
14781.355006,770,1611
14781.360005,815,1611
14781.365006,990,1609
14781.370006,825,1610
14781.375006,793,1617
14781.380007,990,1613
14781.385006,927,1610
14781.390006,785,1609
14781.395005,929,1611
14781.400005,941,1611
14781.405006,773,1609
14781.410007,816,1611
14781.415007,968,1610
14781.420006,821,1608
14781.425006,820,1608
14781.430005,989,1610
14781.435006,921,1608
14781.440006,783,1610
14781.445007,911,1612
14781.450006,938,1615
14781.455006,769,1613
14781.460007,818,1615
14781.465005,991,1614
14781.470006,825,1617
14781.475007,797,1616
14781.480005,977,1615
14781.485005,920,1619
14781.490006,784,1617
14781.495005,916,1620
14781.500005,961,1619
14781.505006,759,1616
14781.510006,828,1620
14781.515006,968,1624
14781.520005,840,1620
14781.525006,802,1622
14781.530005,972,1626
14781.535006,941,1622
14781.540006,768,1621
14781.545006,907,1624
14781.550006,949,1622
14781.555006,766,1615
14781.560005,820,1621
14781.565006,991,1622
14781.570006,833,1621
14781.575006,798,1617
14781.580006,974,1615
14781.585006,942,1618
14781.590006,781,1618
14781.595006,906,1617
14781.600006,955,1619
14781.605007,760,1617
14781.610006,827,1618
14781.615006,970,1616
14781.620005,821,1617
14781.625006,805,1616
14781.630006,980,1617
14781.635005,918,1616
14781.640007,778,1614
14781.645007,924,1614
14781.650007,943,1613
14781.655007,762,1607
14781.660005,826,1614
14781.665006,968,1615
14781.670006,841,1613
14781.675006,803,1613
14781.680005,976,1615
14781.685006,934,1612
14781.690005,780,1612
14781.695006,921,1612
14781.700006,935,1612
14781.705005,753,1609
14781.710006,821,1611
14781.715006,969,1612
14781.720006,840,1613
14781.725006,796,1610
14781.730006,984,1609
14781.735006,916,1611
14781.740006,777,1605
14781.745007,913,1608
14781.750005,939,1609
14781.755006,770,1595
14781.760006,825,1602
14781.765006,970,1602
14781.770006,826,1604
14781.775006,813,1598
14781.780005,973,1606
14781.785006,919,1602
14781.790005,769,1592
14781.795007,925,1603
14781.800006,937,1603
14781.805006,752,1603
14781.810007,831,1599
14781.815006,977,1605
14781.820007,820,1610
14781.825006,789,1608
14781.830005,986,1609
14781.835006,920,1606
14781.840005,762,1610
14781.845006,922,1610
14781.850005,947,1609
14781.855006,758,1609
14781.860005,834,1612
14781.865006,975,1611
14781.870006,839,1613
14781.875005,808,1616
14781.880005,978,1615
14781.885006,918,1621
14781.890006,774,1618
14781.895007,911,1620
14781.900006,961,1623
14781.905006,768,1621
14781.910006,812,1626
14781.915007,984,1626
14781.920005,837,1626
14781.925006,801,1626
14781.930005,973,1631
14781.935006,937,1620
14781.940006,772,1630
14781.945006,921,1631
14781.950006,945,1629
14781.955006,779,1627
14781.960006,827,1629
14781.965006,970,1633
14781.970006,825,1633
14781.975005,815,1628
14781.980006,978,1631
14781.985005,921,1632
14781.990006,784,1626
14781.995006,904,1629
14782.000006,959,1628
14782.005006,765,1626
14782.010006,812,1625
14782.015006,976,1628
14782.020005,824,1627
14782.025007,811,1625
14782.030007,973,1627
14782.035005,941,1624
14782.040006,771,1622
14782.045006,930,1620
14782.050006,945,1621
14782.055007,758,1622
14782.060007,832,1621
14782.065006,974,1620
14782.070006,826,1616
14782.075006,809,1616
14782.080006,989,1615
14782.085007,921,1614
14782.090006,779,1612
14782.095006,905,1611
14782.100006,957,1608
14782.105006,756,1607
14782.110006,814,1610
14782.115007,987,1602
14782.120006,830,1605
14782.125007,802,1605
14782.130007,988,1596
14782.135005,928,1603
14782.140006,768,1600
14782.145006,903,1600
14782.150006,954,1599
14782.155006,754,1596
14782.160006,825,1596
14782.165006,971,1598
14782.170006,837,1586
14782.175005,799,1595
14782.180006,976,1595
14782.185007,916,1591
14782.190006,771,1587
14782.195006,914,1591
14782.200005,942,1590
14782.205007,748,1594
14782.210006,827,1591
14782.215005,967,1593
14782.220006,824,1593
14782.225006,813,1594
14782.230006,977,1593
14782.235006,917,1596
14782.240006,767,1583
14782.245006,905,1594
14782.250005,958,1595
14782.255005,763,1596
14782.260006,821,1597
14782.265006,970,1598
14782.270005,825,1597
14782.275007,808,1597
14782.280005,993,1594
14782.285006,925,1596
14782.290005,761,1597
14782.295006,907,1596
14782.300006,962,1592
14782.305006,767,1594
14782.310006,813,1595
14782.315005,982,1593
14782.320007,838,1597
14782.325006,794,1594
14782.330006,973,1597
14782.335006,942,1588
14782.340006,765,1593
14782.345007,909,1588
14782.350005,951,1592
14782.355006,765,1595
14782.360006,811,1596
14782.365007,964,1602
14782.370006,842,1600
14782.375005,790,1598
14782.380005,972,1599
14782.385006,939,1602
14782.390007,771,1599
14782.395007,903,1605
14782.400007,958,1604
14782.405006,763,1603
14782.410006,821,1604
14782.415006,971,1605
14782.420007,840,1602
14782.425005,804,1606
14782.430005,967,1606
14782.435007,935,1603
14782.440007,773,1601
14782.445006,903,1605
14782.450005,960,1606
14782.455006,766,1605
14782.460006,815,1604
14782.465005,982,1597
14782.470007,831,1602
14782.475005,797,1595
14782.480006,988,1602
14782.485006,917,1600
14782.490005,780,1599
14782.495005,906,1600
14782.500006,959,1600
14782.505006,760,1599
14782.510006,810,1603
14782.515006,985,1600
14782.520007,830,1598
14782.525005,790,1599
14782.530005,985,1593
14782.535006,927,1599
14782.540006,764,1596
14782.545006,904,1597
14782.550006,952,1594
14782.555006,770,1597
14782.560005,820,1597
14782.565005,966,1602
14782.570006,844,1599
14782.575007,797,1599
14782.580007,974,1598
14782.585006,921,1600
14782.590005,782,1596
14782.595006,916,1601
14782.600005,942,1601
14782.605006,753,1602
14782.610006,833,1601
14782.615006,971,1604
14782.620006,825,1601
14782.625005,809,1604
14782.630005,985,1604
14782.635006,933,1603
14782.640007,760,1604
14782.645005,922,1605
14782.650006,941,1606
14782.655006,772,1604
14782.660006,810,1604
14782.665005,979,1603
14782.670006,841,1606
14782.675006,789,1610
14782.680006,987,1608
14782.685006,920,1611
14782.690006,759,1611
14782.695006,911,1612
14782.700005,941,1616
14782.705006,762,1611
14782.710006,834,1606
14782.715006,979,1610
14782.720006,824,1615
14782.725005,813,1611
14782.730007,979,1612
14782.735006,927,1611
14782.740006,771,1612
14782.745006,908,1613
14782.750005,960,1610
14782.755005,756,1614
14782.760006,827,1612
14782.765006,975,1610
14782.770006,848,1609
14782.775006,806,1611
14782.780005,974,1612
14782.785007,920,1610
14782.790006,782,1608
14782.795006,914,1611
14782.800006,936,1612
14782.805005,770,1607
14782.810007,826,1611
14782.815006,965,1611
14782.820006,845,1612
14782.825006,807,1611
14782.830005,984,1613
14782.835006,924,1613
14782.840005,766,1614
14782.845007,902,1614
14782.850005,937,1618
14782.855006,770,1617
14782.860005,829,1614
14782.865006,978,1613
14782.870006,825,1615
14782.875005,817,1613
14782.880005,987,1618
14782.885007,926,1614
14782.890006,759,1617
14782.895005,907,1607
14782.900007,940,1607
14782.905006,772,1611
14782.910007,813,1611
14782.915006,968,1611
14782.920005,845,1609
14782.925005,801,1608
14782.930005,973,1607
14782.935006,934,1604
14782.940006,777,1606
14782.945007,907,1604
14782.950006,944,1604
14782.955005,774,1599
14782.960006,824,1603
14782.965005,975,1603
14782.970006,825,1604
14782.975005,789,1605
14782.980006,991,1603
14782.985005,925,1608
14782.990007,762,1606
14782.995006,902,1607
14783.000007,958,1611
14783.005006,766,1605
14783.010005,809,1608
14783.015007,992,1609
14783.020006,833,1610
14783.025006,796,1610
14783.030005,990,1612
14783.035006,924,1615
14783.040006,757,1613
14783.045006,920,1610
14783.050007,948,1611
14783.055006,759,1611
14783.060007,828,1610
14783.065006,982,1608
14783.070006,832,1608
14783.075006,797,1612
14783.080006,971,1611
14783.085006,935,1603
14783.090005,770,1607
14783.095006,901,1613
14783.100007,957,1608
14783.105007,752,1610
14783.110006,833,1610
14783.115006,978,1608
14783.120005,833,1609
14783.125007,789,1612
14783.130006,992,1610
14783.135005,930,1609
14783.140006,760,1613
14783.145005,905,1615
14783.150006,942,1612
14783.155006,776,1612
14783.160006,822,1611
14783.165006,968,1617
14783.170005,834,1609
14783.175005,804,1616
14783.180005,979,1617
14783.185006,924,1614
14783.190006,764,1613
14783.195006,922,1617
14783.200006,944,1618
14783.205006,753,1617
14783.210007,827,1617
14783.215006,971,1619
14783.220006,839,1618
14783.225006,801,1617
14783.230006,979,1621
14783.235005,927,1616
14783.240006,756,1621
14783.245005,924,1617
14783.250006,947,1619
14783.255006,759,1617
14783.260006,814,1618
14783.265007,983,1611
14783.270007,821,1617
14783.275005,814,1612
14783.280005,977,1617
14783.285007,915,1617
14783.290007,757,1619
14783.295005,925,1613
14783.300005,955,1618
14783.305005,755,1620
14783.310006,813,1621
14783.315005,982,1618
14783.320006,838,1618
14783.325007,793,1621
14783.330007,994,1617
14783.335005,932,1619
14783.340006,758,1619
14783.345006,918,1620
14783.350006,944,1619
14783.355006,765,1610
14783.360006,820,1616
14783.365007,970,1617
14783.370005,847,1616
14783.375006,806,1618
14783.380006,977,1616
14783.385006,925,1617
14783.390006,783,1613
14783.395006,918,1616
14783.400006,941,1617
14783.405006,768,1611
14783.410006,824,1613
14783.415006,968,1616
14783.420007,841,1608
14783.425006,810,1613
14783.430005,984,1612
14783.435006,921,1615
14783.440005,763,1616
14783.445006,923,1616
14783.450005,949,1617
14783.455006,755,1617
14783.460007,832,1614
14783.465005,976,1615
14783.470006,824,1614
14783.475006,804,1614
14783.480006,975,1612
14783.485005,920,1613
14783.490007,760,1609
14783.495007,924,1611
14783.500006,946,1608
14783.505007,759,1607
14783.510006,810,1607
14783.515006,984,1604
14783.520006,825,1604
14783.525007,794,1601
14783.530006,986,1604
14783.535007,922,1603
14783.540006,759,1604
14783.545006,923,1604
14783.550006,942,1604
14783.555006,776,1601
14783.560006,819,1601
14783.565005,965,1606
14783.570006,843,1605
14783.575005,791,1601
14783.580007,992,1603
14783.585006,924,1602
14783.590006,764,1605
14783.595007,923,1607
14783.600006,944,1604
14783.605007,765,1600
14783.610007,810,1608
14783.615006,984,1606
14783.620006,829,1610
14783.625007,810,1607
14783.630006,975,1607
14783.635006,936,1605
14783.640007,770,1608
14783.645006,907,1614
14783.650005,937,1613
14783.655006,775,1611
14783.660007,824,1610
14783.665006,977,1611
14783.670006,821,1616
14783.675006,810,1611
14783.680006,975,1611
14783.685007,916,1614
14783.690006,771,1613
14783.695006,904,1615
14783.700005,952,1611
14783.705007,761,1614
14783.710006,820,1608
14783.715006,982,1612
14783.720006,821,1614
14783.725006,812,1613
14783.730007,979,1613
14783.735005,920,1616
14783.740006,779,1610
14783.745006,911,1617
14783.750006,954,1615
14783.755007,762,1612
14783.760006,821,1609
14783.765005,974,1614
14783.770005,821,1618
14783.775006,801,1614
14783.780006,973,1620
14783.785007,937,1618
14783.790007,766,1619
14783.795005,903,1623
14783.800005,957,1621
14783.805005,755,1625
14783.810006,838,1622
14783.815006,973,1623
14783.820006,841,1622
14783.825005,793,1626
14783.830007,988,1622
14783.835006,937,1624
14783.840007,762,1628
14783.845006,921,1624
14783.850005,957,1624
14783.855006,758,1623
14783.860006,832,1623
14783.865006,974,1622
14783.870007,845,1620
14783.875006,801,1618
14783.880006,978,1618
14783.885005,920,1620
14783.890007,780,1615
14783.895006,916,1618
14783.900007,944,1605
14783.905006,765,1612
14783.910007,810,1616
14783.915006,974,1610
14783.920006,838,1607
14783.925005,805,1609
14783.930005,970,1608
14783.935006,932,1605
14783.940006,764,1602
14783.945006,918,1604
14783.950006,941,1602
14783.955006,775,1600
14783.960005,818,1602
14783.965006,965,1598
14783.970005,834,1597
14783.975006,799,1598
14783.980006,974,1597
14783.985005,938,1594
14783.990006,769,1597
14783.995006,909,1598
14784.000005,933,1599
14784.005005,760,1600
14784.010006,812,1598
14784.015006,976,1599
14784.020007,838,1598
14784.025006,790,1602
14784.030006,991,1596
14784.035005,919,1599
14784.040005,761,1601
14784.045006,918,1601
14784.050007,940,1599
14784.055007,752,1601
14784.060006,839,1593
14784.065007,973,1596
14784.070006,820,1599
14784.075005,802,1597
14784.080007,978,1595
14784.085006,938,1594
14784.090005,770,1594
14784.095007,920,1591
14784.100005,937,1595
14784.105006,771,1592
14784.110005,821,1596
14784.115007,969,1593
14784.120006,815,1597
14784.125006,811,1591
14784.130005,982,1594
14784.135005,920,1596
14784.140007,776,1589
14784.145005,921,1596
14784.150007,943,1592
14784.155006,759,1592
14784.160005,806,1594
14784.165005,985,1593
14784.170006,821,1596
14784.175006,802,1590
14784.180006,984,1595
14784.185006,922,1593
14784.190006,760,1593
14784.195006,904,1592
14784.200006,952,1592
14784.205006,760,1589
14784.210006,813,1596
14784.215006,988,1592
14784.220007,824,1596
14784.225006,788,1598
14784.230006,984,1592
14784.235006,929,1595
14784.240006,777,1595
14784.245006,915,1598
14784.250006,940,1599
14784.255007,747,1601
14784.260006,830,1600
14784.265007,968,1601
14784.270005,833,1591
14784.275006,804,1600
14784.280005,970,1600
14784.285005,937,1599
14784.290005,767,1600
14784.295006,903,1599
14784.300007,941,1599
14784.305006,766,1596
14784.310006,817,1598
14784.315006,978,1596
14784.320006,830,1592
14784.325005,793,1596
14784.330007,988,1597
14784.335006,924,1596
14784.340005,756,1601
14784.345006,923,1594
14784.350005,933,1598
14784.355006,772,1595
14784.360005,816,1596
14784.365006,975,1596
14784.370006,815,1599
14784.375005,793,1594
14784.380005,977,1598
14784.385006,921,1599
14784.390007,759,1600
14784.395006,924,1600
14784.400006,949,1600
14784.405005,761,1599
14784.410007,817,1600
14784.415006,965,1603
14784.420005,831,1603
14784.425005,789,1607
14784.430005,989,1603
14784.435006,928,1604
14784.440005,775,1604
14784.445007,906,1610
14784.450005,937,1604
14784.455007,749,1609
14784.460006,834,1607
14784.465006,976,1606
14784.470006,826,1609
14784.475005,797,1609
14784.480006,991,1609
14784.485006,928,1609
14784.490007,761,1612
14784.495007,923,1610
14784.500007,951,1614
14784.505006,755,1616
14784.510006,827,1606
14784.515006,974,1617
14784.520006,816,1617
14784.525006,814,1615
14784.530007,985,1618
14784.535005,924,1618
14784.540006,767,1617
14784.545006,912,1622
14784.550006,942,1616
14784.555006,778,1618
14784.560006,817,1619
14784.565006,990,1617
14784.570007,821,1618
14784.575007,794,1621
14784.580006,996,1618
14784.585006,928,1617
14784.590006,764,1616
14784.595007,928,1619
14784.600006,952,1614
14784.605006,758,1616
14784.610006,836,1615
14784.615006,967,1613
14784.620007,834,1612
14784.625007,798,1614
14784.630006,994,1613
14784.635006,930,1609
14784.640005,767,1610
14784.645005,932,1609
14784.650005,950,1609
14784.655006,766,1605
14784.660006,819,1604
14784.665007,965,1608
14784.670006,838,1609
14784.675007,800,1607
14784.680006,972,1609
14784.685006,920,1605
14784.690006,777,1604
14784.695005,908,1609
14784.700005,954,1608
14784.705006,758,1611
14784.710006,812,1608
14784.715005,967,1612
14784.720006,827,1608
14784.725005,797,1612
14784.730006,997,1605
14784.735005,926,1609
14784.740007,765,1610
14784.745007,928,1610
14784.750006,948,1609
14784.755006,759,1613
14784.760005,820,1608
14784.765007,979,1609
14784.770007,815,1613
14784.775006,808,1606
14784.780005,992,1607
14784.785006,927,1608
14784.790006,765,1610
14784.795005,910,1610
14784.800006,938,1608
14784.805006,769,1605
14784.810007,830,1609
14784.815006,975,1608
14784.820006,828,1611
14784.825006,800,1610
14784.830005,975,1610
14784.835005,937,1609
14784.840007,769,1607
14784.845006,916,1610
14784.850005,933,1610
14784.855006,746,1613
14784.860007,831,1611
14784.865005,968,1609
14784.870006,812,1613
14784.875006,804,1610
14784.880006,974,1610
14784.885005,930,1608
14784.890006,772,1613
14784.895006,910,1616
14784.900006,931,1615
14784.905006,769,1613
14784.910006,830,1615
14784.915006,973,1616
14784.920005,816,1614
14784.925005,809,1613
14784.930005,982,1613
14784.935006,918,1614
14784.940005,762,1616
14784.945006,926,1616
14784.950005,941,1615
14784.955006,755,1615
14784.960006,816,1616
14784.965005,982,1613
14784.970006,809,1619
14784.975005,813,1614
14784.980007,977,1618
14784.985006,917,1619
14784.990006,776,1614
14784.995006,917,1614
14785.000006,934,1619
14785.005007,769,1605
14785.010005,827,1618
14785.015007,975,1614
14785.020005,820,1615
14785.025005,798,1621
14785.030006,979,1624
14785.035007,933,1616
14785.040006,782,1620
14785.045006,923,1622
14785.050006,938,1620
14785.055006,762,1616
14785.060006,832,1623
14785.065006,971,1620
14785.070007,818,1622
14785.075005,793,1627
14785.080007,990,1626
14785.085007,929,1624
14785.090006,766,1624
14785.095006,918,1628
14785.100006,940,1629
14785.105006,771,1630
14785.110006,822,1626
14785.115007,975,1621
14785.120006,830,1626
14785.125006,803,1625
14785.130007,971,1632
14785.135005,937,1628
14785.140007,772,1625
14785.145006,914,1624
14785.150006,959,1621
14785.155005,761,1624
14785.160007,814,1626
14785.165006,989,1618
14785.170005,818,1620
14785.175005,814,1614
14785.180005,993,1617
14785.185006,925,1618
14785.190006,764,1622
14785.195007,939,1614
14785.200006,947,1613
14785.205005,760,1615
14785.210005,837,1613
14785.215006,978,1611
14785.220007,811,1611
14785.225006,816,1613
14785.230007,976,1611
14785.235007,935,1606
14785.240005,782,1611
14785.245005,928,1606
14785.250007,931,1611
14785.255006,774,1607
14785.260007,832,1606
14785.265006,972,1606
14785.270005,812,1608
14785.275005,792,1605
14785.280005,984,1602
14785.285006,924,1601
14785.290006,765,1606
14785.295005,939,1599
14785.300006,941,1601
14785.305006,752,1603
14785.310006,817,1593
14785.315005,988,1594
14785.320006,814,1598
14785.325006,792,1598
14785.330006,986,1599
14785.335007,918,1597
14785.340005,784,1593
14785.345006,928,1596
14785.350006,936,1595
14785.355006,761,1587
14785.360006,830,1590
14785.365007,972,1589
14785.370006,817,1589
14785.375006,794,1590
14785.380006,995,1585
14785.385005,923,1586
14785.390006,766,1588
14785.395005,933,1585
14785.400007,938,1586
14785.405006,748,1590
14785.410007,829,1590
14785.415006,962,1590
14785.420007,828,1590
14785.425007,807,1589
14785.430006,977,1591
14785.435006,916,1596
14785.440005,758,1594
14785.445005,929,1593
14785.450006,934,1593
14785.455005,770,1592
14785.460006,828,1594
14785.465005,963,1596
14785.470007,821,1593
14785.475005,794,1596
14785.480007,996,1595
14785.485006,936,1594
14785.490006,771,1595
14785.495006,917,1598
14785.500005,928,1600
14785.505006,767,1596
14785.510006,819,1601
14785.515006,984,1600
14785.520006,807,1602
14785.525006,811,1602
14785.530006,977,1603
14785.535007,933,1600
14785.540006,780,1606
14785.545006,922,1608
14785.550007,933,1609
14785.555005,771,1608
14785.560007,824,1605
14785.565006,963,1612
14785.570007,825,1608
14785.575007,799,1612
14785.580006,975,1611
14785.585006,931,1610
14785.590007,776,1609
14785.595006,917,1614
14785.600006,958,1606
14785.605007,764,1610
14785.610007,817,1604
14785.615005,961,1612
14785.620006,824,1609
14785.625006,803,1610
14785.630007,976,1606
14785.635006,933,1606
14785.640006,782,1607
14785.645005,926,1608
14785.650005,931,1609
14785.655005,771,1607
14785.660006,828,1604
14785.665006,966,1605
14785.670006,808,1603
14785.675006,814,1603
14785.680006,973,1605
14785.685006,914,1607
14785.690007,780,1602
14785.695006,926,1603
14785.700006,946,1603
14785.705006,750,1603
14785.710005,827,1601
14785.715006,979,1601
14785.720006,813,1600
14785.725005,797,1602
14785.730006,970,1603
14785.735006,927,1603
14785.740006,763,1601
14785.745006,919,1601
14785.750006,952,1598
14785.755006,750,1601
14785.760006,828,1594
14785.765006,969,1599
14785.770006,808,1600
14785.775006,799,1595
14785.780005,987,1599
14785.785007,916,1601
14785.790005,782,1599
14785.795006,930,1602
14785.800006,929,1601
14785.805006,760,1593
14785.810006,821,1596
14785.815006,971,1599
14785.820006,803,1600
14785.825005,816,1597
14785.830006,977,1600
14785.835005,910,1598
14785.840007,760,1601
14785.845007,942,1596
14785.850006,943,1595
14785.855006,754,1593
14785.860005,811,1596
14785.865006,957,1598
14785.870005,818,1599
14785.875006,810,1595
14785.880006,979,1594
14785.885006,913,1596
14785.890007,773,1588
14785.895007,933,1595
14785.900005,936,1597
14785.905005,745,1602
14785.910006,809,1600
14785.915007,974,1600
14785.920006,810,1601
14785.925005,794,1602
14785.930005,993,1602
14785.935007,920,1604
14785.940006,768,1605
14785.945007,919,1605
14785.950006,939,1604
14785.955006,753,1602
14785.960006,821,1598
14785.965006,969,1606
14785.970007,797,1607
14785.975006,813,1606
14785.980006,974,1610
14785.985006,916,1604
14785.990006,775,1608
14785.995006,922,1610
14786.000005,929,1610
14786.005006,771,1610
14786.010005,813,1614
14786.015006,975,1611
14786.020006,799,1619
14786.025007,815,1614
14786.030005,974,1619
14786.035006,931,1612
14786.040006,770,1617
14786.045006,924,1619
14786.050005,953,1617
14786.055005,754,1617
14786.060006,809,1620
14786.065006,980,1619
14786.070007,804,1622
14786.075007,798,1619
14786.080005,998,1620
14786.085005,924,1619
14786.090007,766,1617
14786.095005,943,1622
14786.100006,935,1619
14786.105007,746,1624
14786.110006,830,1620
14786.115007,971,1619
14786.120007,800,1619
14786.125006,812,1621
14786.130006,983,1620
14786.135005,916,1622
14786.140007,765,1617
14786.145007,944,1620
14786.150006,939,1619
14786.155005,748,1621
14786.160006,831,1619
14786.165006,968,1618
14786.170005,797,1629
14786.175005,819,1620
14786.180005,988,1619
14786.185006,923,1619
14786.190005,769,1619
14786.195006,946,1618
14786.200006,931,1617
14786.205005,746,1620
14786.210005,834,1615
14786.215006,970,1616
14786.220005,799,1617
14786.225005,816,1612
14786.230007,980,1614
14786.235006,915,1613
14786.240006,766,1612
14786.245005,925,1618
14786.250006,947,1614
14786.255005,757,1616
14786.260007,816,1618
14786.265006,980,1614
14786.270006,812,1616
14786.275007,802,1618
14786.280006,978,1623
14786.285006,914,1620
14786.290006,782,1616
14786.295006,941,1618
14786.300006,934,1620
14786.305006,751,1620
14786.310006,822,1612
14786.315005,977,1619
14786.320007,801,1619
14786.325006,818,1618
14786.330006,979,1618
14786.335006,915,1616
14786.340006,766,1616
14786.345006,931,1613
14786.350005,934,1612
14786.355007,747,1613
14786.360007,834,1606
14786.365006,978,1610
14786.370005,804,1609
14786.375006,797,1610
14786.380006,978,1603
14786.385006,930,1608
14786.390006,769,1607
14786.395006,924,1610
14786.400007,938,1607
14786.405007,748,1606
14786.410006,819,1607
14786.415006,985,1603
14786.420007,799,1606
14786.425007,798,1606
14786.430005,989,1593
14786.435006,920,1604
14786.440005,765,1606
14786.445005,943,1602
14786.450005,925,1604
14786.455006,763,1601
14786.460006,816,1603
14786.465006,974,1600
14786.470006,802,1602
14786.475007,804,1602
14786.480005,981,1600
14786.485005,905,1605
14786.490006,783,1603
14786.495006,938,1601
14786.500006,928,1603
14786.505007,745,1602
14786.510005,835,1603
14786.515006,962,1603
14786.520006,790,1604
14786.525006,817,1597
14786.530007,976,1601
14786.535006,906,1597
14786.540007,778,1600
14786.545006,939,1593
14786.550007,933,1596
14786.555006,741,1598
14786.560007,834,1588
14786.565006,965,1592
14786.570006,788,1597
14786.575006,809,1602
14786.580005,972,1596
14786.585005,902,1597
14786.590007,777,1595
14786.595005,933,1594
14786.600005,926,1598
14786.605005,769,1593
14786.610005,831,1594
14786.615006,963,1595
14786.620006,796,1598
14786.625005,792,1598
14786.630005,974,1600
14786.635007,902,1603
14786.640006,788,1598
14786.645006,950,1599
14786.650007,937,1601
14786.655006,760,1599
14786.660006,834,1600
14786.665006,969,1604
14786.670006,788,1606
14786.675006,819,1603
14786.680006,984,1602
14786.685006,909,1603
14786.690006,764,1604
14786.695006,936,1608
14786.700007,950,1603
14786.705006,757,1604
14786.710007,826,1607
14786.715005,982,1604
14786.720006,796,1607
14786.725005,798,1608
14786.730007,989,1607
14786.735006,903,1613
14786.740006,785,1612
14786.745006,937,1615
14786.750006,929,1617
14786.755006,768,1616
14786.760005,837,1616
14786.765006,970,1617
14786.770007,814,1620
14786.775007,800,1624
14786.780006,993,1623
14786.785006,903,1627
14786.790006,787,1622
14786.795006,937,1626
14786.800006,929,1627
14786.805006,776,1623
14786.810007,832,1625
14786.815006,963,1627
14786.820006,812,1625
14786.825006,807,1623
14786.830006,978,1625
14786.835007,913,1618
14786.840005,787,1625
14786.845006,956,1627
14786.850007,951,1624
14786.855005,755,1627
14786.860005,852,1626
14786.865006,971,1628
14786.870006,800,1628
14786.875006,802,1631
14786.880006,978,1631
14786.885005,927,1628
14786.890006,776,1631
14786.895005,942,1631
14786.900006,946,1629
14786.905006,758,1628
14786.910007,831,1631
14786.915007,979,1629
14786.920006,796,1629
14786.925006,826,1630
14786.930005,987,1629
14786.935006,915,1620
14786.940005,781,1628
14786.945007,940,1627
14786.950006,953,1628
14786.955006,764,1628
14786.960006,835,1628
14786.965006,982,1631
14786.970006,802,1627
14786.975005,809,1627
14786.980007,994,1622
14786.985006,907,1626
14786.990005,768,1633
14786.995005,952,1625
14787.000007,937,1627
14787.005007,754,1629
14787.010005,857,1624
14787.015007,969,1624
14787.020006,810,1625
14787.025006,804,1623
14787.030006,995,1621
14787.035007,902,1622
14787.040007,772,1629
14787.045006,954,1621
14787.050007,933,1614
14787.055005,771,1619
14787.060007,836,1619
14787.065007,958,1617
14787.070007,788,1620
14787.075006,821,1620
14787.080007,986,1606
14787.085007,917,1614
14787.090006,772,1614
14787.095006,955,1603
14787.100005,942,1608
14787.105006,747,1612
14787.110006,853,1608
14787.115006,960,1607
14787.120005,807,1606
14787.125006,809,1607
14787.130006,974,1602
14787.135005,906,1603
14787.140006,770,1606
14787.145006,940,1605
14787.150005,943,1602
14787.155006,762,1603
14787.160007,831,1602
14787.165007,960,1596
14787.170005,802,1601
14787.175005,804,1602
14787.180005,972,1601
14787.185005,906,1600
14787.190005,790,1598
14787.195006,948,1597
14787.200006,928,1598
14787.205005,751,1599
14787.210005,853,1599
14787.215006,957,1602
14787.220006,793,1598
14787.225005,803,1598
14787.230006,985,1592
14787.235006,901,1598
14787.240006,791,1598
14787.245006,952,1597
14787.250005,925,1601
14787.255005,762,1595
14787.260006,833,1600
14787.265007,958,1597
14787.270005,781,1596
14787.275007,817,1596
14787.280006,981,1596
14787.285006,914,1598
14787.290006,781,1592
14787.295006,940,1599
14787.300006,948,1594
14787.305005,767,1595
14787.310006,833,1595
14787.315005,968,1596
14787.320006,780,1600
14787.325006,815,1598
14787.330005,982,1597
14787.335006,897,1595
14787.340006,786,1595
14787.345007,942,1598
14787.350006,942,1600
14787.355006,754,1602
14787.360006,835,1601
14787.365006,957,1606
14787.370006,800,1603
14787.375005,813,1605
14787.380005,976,1608
14787.385006,911,1604
14787.390006,776,1608
14787.395005,943,1610
14787.400006,946,1608
14787.405006,752,1610
14787.410007,865,1604
14787.415006,975,1605
14787.420005,795,1606
14787.425005,810,1603
14787.430005,975,1609
14787.435007,911,1605
14787.440006,790,1602
14787.445006,962,1603
14787.450006,928,1604
14787.455005,770,1600
14787.460005,842,1602
14787.465006,970,1601
14787.470006,786,1601
14787.475006,823,1597
14787.480005,979,1601
14787.485005,893,1601
14787.490006,772,1601
14787.495005,961,1598
14787.500006,935,1598
14787.505006,749,1602
14787.510006,862,1600
14787.515006,959,1600
14787.520006,776,1602
14787.525007,820,1601
14787.530006,981,1602
14787.535007,889,1601
14787.540006,777,1605
14787.545006,948,1602
14787.550007,945,1602
14787.555005,751,1606
14787.560006,863,1602
14787.565005,954,1611
14787.570006,788,1611
14787.575005,804,1609
14787.580006,998,1609
14787.585007,899,1607
14787.590007,774,1608
14787.595006,961,1607
14787.600006,946,1611
14787.605007,770,1609
14787.610006,854,1609
14787.615006,960,1610
14787.620005,779,1610
14787.625006,804,1608
14787.630007,995,1610
14787.635005,893,1611
14787.640006,775,1612
14787.645006,949,1612
14787.650006,952,1604
14787.655005,762,1608
14787.660006,844,1607
14787.665006,976,1604
14787.670006,779,1608
14787.675006,801,1607
14787.680007,988,1600
14787.685006,902,1603
14787.690005,781,1604
14787.695007,945,1605
14787.700006,949,1599
14787.705007,756,1598
14787.710006,865,1600
14787.715006,961,1598
14787.720006,773,1601
14787.725007,814,1600
14787.730006,993,1592
14787.735005,894,1594
14787.740006,773,1599
14787.745005,965,1598
14787.750007,926,1597
14787.755005,768,1598
14787.760006,842,1600
14787.765007,973,1597
14787.770005,786,1594
14787.775006,804,1594
14787.780006,986,1589
14787.785006,890,1593
14787.790006,769,1595
14787.795006,971,1593
14787.800007,930,1592
14787.805006,749,1595
14787.810006,868,1591
14787.815006,970,1593
14787.820006,782,1592
14787.825005,800,1592
14787.830006,968,1592
14787.835006,894,1587
14787.840005,781,1590
14787.845006,947,1591
14787.850006,934,1589
14787.855006,758,1593
14787.860006,849,1592
14787.865006,949,1593
14787.870006,792,1589
14787.875005,807,1592
14787.880005,997,1594
14787.885007,881,1591
14787.890006,769,1595
14787.895005,966,1591
14787.900007,932,1594
14787.905006,749,1595
14787.910006,846,1596
14787.915007,970,1594
14787.920005,779,1594
14787.925005,799,1598
14787.930005,983,1594
14787.935006,880,1595
14787.940006,781,1599
14787.945006,949,1602
14787.950006,938,1598
14787.955006,750,1595
14787.960006,868,1602
14787.965006,955,1599
14787.970007,769,1603
14787.975007,823,1602
14787.980005,974,1602
14787.985006,899,1600
14787.990007,783,1605
14787.995006,949,1603
14788.000005,940,1605
14788.005006,752,1606
14788.010005,853,1604
14788.015006,968,1599
14788.020006,785,1606
14788.025006,805,1606
14788.030006,979,1607
14788.035006,891,1611
14788.040006,780,1608
14788.045006,952,1609
14788.050006,931,1611
14788.055007,767,1609
14788.060007,851,1611
14788.065007,970,1608
14788.070006,779,1609
14788.075006,807,1611
14788.080006,991,1604
14788.085006,890,1607
14788.090006,777,1614
14788.095006,966,1608
14788.100005,933,1604
14788.105006,760,1610
14788.110007,858,1609
14788.115006,956,1608
14788.120005,782,1611
14788.125007,816,1603
14788.130007,995,1610
14788.135006,879,1609
14788.140006,797,1611
14788.145005,962,1612
14788.150007,936,1605
14788.155007,761,1612
14788.160006,865,1612
14788.165006,953,1618
14788.170005,784,1615
14788.175006,805,1616
14788.180005,992,1614
14788.185006,872,1617
14788.190006,796,1613
14788.195007,965,1619
14788.200007,925,1620
14788.205006,754,1618
14788.210006,880,1616
14788.215005,960,1618
14788.220006,769,1616
14788.225006,822,1618
14788.230006,999,1617
14788.235006,876,1620
14788.240007,801,1616
14788.245006,975,1617
14788.250006,930,1619
14788.255007,755,1622
14788.260007,881,1622
14788.265006,965,1621
14788.270006,771,1623
14788.275007,826,1622
14788.280006,979,1626
14788.285006,893,1622
14788.290006,783,1627
14788.295006,959,1628
14788.300006,944,1627
14788.305006,760,1631
14788.310006,870,1628
14788.315005,956,1630
14788.320006,772,1631
14788.325005,830,1630
14788.330006,985,1630
14788.335006,899,1627
14788.340005,800,1627
14788.345006,965,1628
14788.350006,950,1628
14788.355006,761,1627
14788.360005,872,1626
14788.365007,955,1629
14788.370006,787,1627
14788.375005,816,1630
14788.380006,979,1626
14788.385005,891,1624
14788.390006,785,1625
14788.395006,960,1624
14788.400006,927,1624
14788.405006,770,1620
14788.410006,869,1622
14788.415006,975,1621
14788.420007,776,1617
14788.425006,808,1621
14788.430006,975,1617
14788.435007,881,1620
14788.440006,781,1621
14788.445006,979,1608
14788.450006,941,1617
14788.455006,751,1619
14788.460007,878,1616
14788.465006,952,1618
14788.470005,768,1618
14788.475005,827,1617
14788.480006,978,1615
14788.485005,883,1613
14788.490006,795,1609
14788.495006,975,1612
14788.500005,921,1611
14788.505005,774,1604
14788.510006,863,1613
14788.515006,946,1606
14788.520005,785,1604
14788.525006,810,1606
14788.530006,979,1603
14788.535006,881,1600
14788.540006,794,1603
14788.545006,963,1599
14788.550006,921,1600
14788.555005,762,1600
14788.560006,873,1597
14788.565006,950,1597
14788.570007,779,1592
14788.575006,827,1595
14788.580005,982,1594
14788.585005,868,1596
14788.590007,786,1585
14788.595006,970,1594
14788.600005,930,1592
14788.605007,772,1590
14788.610006,881,1592
14788.615007,957,1593
14788.620007,763,1596
14788.625006,806,1594
14788.630006,974,1597
14788.635006,857,1594
14788.640007,790,1594
14788.645005,956,1599
14788.650006,939,1592
14788.655005,767,1594
14788.660005,879,1596
14788.665005,951,1599
14788.670007,769,1598
14788.675007,814,1598
14788.680006,974,1602
14788.685007,870,1597
14788.690006,787,1601
14788.695006,965,1602
14788.700005,928,1599
14788.705006,770,1601
14788.710006,876,1601
14788.715005,946,1605
14788.720006,779,1604
14788.725005,816,1607
14788.730007,981,1607
14788.735006,860,1608
14788.740006,779,1610
14788.745006,984,1605
14788.750005,931,1609
14788.755005,757,1608
14788.760007,866,1611
14788.765005,965,1609
14788.770005,772,1610
14788.775007,806,1609
14788.780006,988,1607
14788.785006,871,1609
14788.790006,781,1609
14788.795006,956,1613
14788.800006,945,1611
14788.805005,767,1608
14788.810006,873,1611
14788.815005,961,1610
14788.820007,775,1612
14788.825006,813,1612
14788.830006,972,1613
14788.835007,862,1606
14788.840005,787,1613
14788.845006,957,1616
14788.850006,940,1613
14788.855006,757,1615
14788.860005,892,1612
14788.865006,953,1615
14788.870005,768,1615
14788.875007,804,1620
14788.880007,991,1615
14788.885006,857,1617
14788.890006,788,1616
14788.895005,970,1615
14788.900006,922,1616
14788.905005,774,1616
14788.910007,880,1614
14788.915006,945,1616
14788.920006,778,1615
14788.925007,808,1614
14788.930005,991,1613
14788.935006,867,1614
14788.940006,788,1611
14788.945007,961,1615
14788.950006,940,1613
14788.955006,758,1616
14788.960006,896,1616
14788.965006,963,1615
14788.970007,768,1619
14788.975005,808,1620
14788.980006,993,1616
14788.985005,854,1618
14788.990006,799,1618
14788.995005,969,1619
14789.000006,922,1622
14789.005006,771,1618
14789.010005,880,1620
14789.015006,966,1620
14789.020006,763,1618
14789.025006,827,1621
14789.030005,981,1618
14789.035007,856,1618
14789.040006,789,1619
14789.045006,966,1620
14789.050007,936,1616
14789.055005,759,1617
14789.060006,896,1616
14789.065006,951,1615
14789.070007,760,1617
14789.075006,830,1615
14789.080006,973,1617
14789.085006,867,1615
14789.090005,782,1616
14789.095006,984,1615
14789.100005,923,1615
14789.105006,774,1612
14789.110005,885,1617
14789.115006,946,1615
14789.120005,768,1616
14789.125007,809,1617
14789.130006,967,1617
14789.135005,870,1612
14789.140006,798,1613
14789.145006,969,1616
14789.150007,924,1615
14789.155007,752,1613
14789.160006,890,1615
14789.165006,949,1606
14789.170006,767,1613
14789.175006,808,1615
14789.180005,990,1613
14789.185006,843,1613
14789.190005,790,1610
14789.195007,961,1610
14789.200006,920,1612
14789.205006,764,1612
14789.210006,898,1608
14789.215005,949,1606
14789.220006,761,1606
14789.225006,811,1601
14789.230007,986,1605
14789.235006,843,1604
14789.240006,797,1601
14789.245006,969,1601
14789.250005,917,1600
14789.255005,775,1596
14789.260006,886,1599
14789.265007,949,1594
14789.270005,760,1593
14789.275006,801,1593
14789.280006,980,1589
14789.285006,839,1592
14789.290006,799,1589
14789.295006,964,1591
14789.300006,928,1580
14789.305006,757,1588
14789.310007,874,1589
14789.315006,957,1586
14789.320007,751,1595
14789.325006,814,1589
14789.330005,964,1591
14789.335005,861,1589
14789.340006,775,1593
14789.345006,975,1589
14789.350006,915,1593
14789.355007,760,1596
14789.360007,897,1589
14789.365005,947,1596
14789.370006,773,1592
14789.375005,806,1598
14789.380005,983,1594
14789.385006,855,1596
14789.390006,780,1599
14789.395006,985,1597
14789.400006,922,1598
14789.405005,752,1599
14789.410007,883,1599
14789.415007,965,1594
14789.420005,761,1599
14789.425005,812,1595
14789.430005,980,1594
14789.435006,845,1599
14789.440005,787,1596
14789.445006,964,1599
14789.450007,939,1597
14789.455005,763,1596
14789.460006,880,1600
14789.465006,952,1596
14789.470006,754,1598
14789.475006,819,1595
14789.480007,968,1594
14789.485007,837,1598
14789.490005,806,1595
14789.495005,972,1594
14789.500007,920,1597
14789.505005,769,1596
14789.510006,892,1594
14789.515006,936,1598
14789.520005,761,1601
14789.525006,808,1592
14789.530006,989,1596
14789.535007,837,1598
14789.540006,794,1599
14789.545006,965,1600
14789.550005,937,1600
14789.555005,763,1603
14789.560006,883,1605
14789.565007,954,1603
14789.570005,756,1605
14789.575006,827,1605
14789.580006,981,1604
14789.585006,851,1605
14789.590006,792,1609
14789.595006,969,1609
14789.600006,937,1602
14789.605006,779,1608
14789.610005,902,1610
14789.615006,945,1610
14789.620006,754,1611
14789.625005,820,1614
14789.630005,973,1616
14789.635007,854,1616
14789.640006,807,1616
14789.645006,985,1615
14789.650006,932,1616
14789.655005,757,1618
14789.660006,909,1613
14789.665007,948,1618
14789.670006,781,1617
14789.675007,825,1617
14789.680005,978,1616
14789.685006,842,1617
14789.690006,794,1615
14789.695007,988,1615
14789.700007,921,1619
14789.705007,776,1610
14789.710007,901,1618
14789.715006,947,1617
14789.720007,760,1619
14789.725006,837,1616
14789.730006,985,1619
14789.735006,848,1621
14789.740006,793,1621
14789.745005,990,1622
14789.750006,932,1620
14789.755006,773,1620
14789.760005,898,1623
14789.765006,946,1624
14789.770005,783,1617
14789.775007,830,1618
14789.780006,972,1622
14789.785006,856,1619
14789.790007,795,1623
14789.795005,991,1618
14789.800006,940,1618
14789.805005,763,1623
14789.810007,892,1616
14789.815005,965,1614
14789.820006,761,1617
14789.825006,811,1616
14789.830005,989,1611
14789.835005,843,1614
14789.840007,802,1605
14789.845007,988,1612
14789.850006,940,1613
14789.855005,764,1612
14789.860005,899,1614
14789.865006,958,1614
14789.870006,778,1608
14789.875005,815,1614
14789.880005,966,1616
14789.885006,849,1613
14789.890007,793,1615
14789.895006,974,1614
14789.900007,940,1610
14789.905007,777,1614
14789.910006,900,1613
14789.915006,958,1609
14789.920007,765,1615
14789.925006,817,1613
14789.930006,967,1612
14789.935005,847,1613
14789.940005,791,1613
14789.945006,992,1613
14789.950006,927,1611
14789.955005,759,1612
14789.960005,911,1605
14789.965006,953,1612
14789.970007,752,1612
14789.975006,828,1612
14789.980007,971,1611
14789.985006,840,1603
14789.990006,800,1613
14789.995006,978,1611
14790.000006,914,1615
14790.005006,770,1614
14790.010006,901,1618
14790.015006,940,1618
14790.020006,755,1619
14790.025007,825,1620
14790.030005,973,1621
14790.035006,832,1622
14790.040006,815,1618
14790.045005,977,1623
14790.050006,935,1620
14790.055005,763,1626
14790.060006,914,1626
14790.065006,952,1627
14790.070007,777,1625
14790.075006,822,1627
14790.080006,974,1627
14790.085006,845,1622
14790.090005,792,1627
14790.095007,992,1625
14790.100006,926,1625
14790.105006,757,1625
14790.110005,916,1625
14790.115007,945,1626
14790.120006,779,1624
14790.125006,817,1625
14790.130006,985,1623
14790.135006,832,1618
14790.140007,800,1625
14790.145006,978,1623
14790.150007,939,1622
14790.155006,761,1625
14790.160006,915,1621
14790.165006,938,1625
14790.170005,778,1622
14790.175006,818,1625
14790.180006,990,1627
14790.185007,843,1622
14790.190006,794,1626
14790.195005,991,1624
14790.200005,920,1626
14790.205006,761,1628
14790.210006,921,1626
14790.215006,942,1629
14790.220007,778,1625
14790.225006,827,1629
14790.230006,973,1628
14790.235006,828,1629
14790.240005,810,1629
14790.245005,976,1629
14790.250006,942,1626
14790.255006,767,1626
14790.260006,922,1624
14790.265006,941,1629
14790.270005,771,1624
14790.275005,817,1628
14790.280005,974,1624
14790.285006,853,1622
14790.290007,801,1622
14790.295005,978,1624
14790.300005,947,1617
14790.305005,768,1625
14790.310006,925,1618
14790.315005,947,1621
14790.320006,759,1622
14790.325006,812,1624
14790.330006,982,1619
14790.335006,829,1620
14790.340007,810,1617
14790.345006,982,1615
14790.350005,918,1616
14790.355006,778,1614
14790.360005,921,1616
14790.365007,944,1620
14790.370006,769,1616
14790.375005,826,1608
14790.380005,980,1614
14790.385007,823,1612
14790.390006,807,1616
14790.395005,977,1613
14790.400006,941,1609
14790.405006,766,1614
14790.410006,922,1610
14790.415006,950,1611
14790.420005,753,1619
14790.425006,809,1616
14790.430006,985,1610
14790.435007,839,1609
14790.440006,797,1611
14790.445006,981,1612
14790.450005,921,1611
14790.455006,779,1609
14790.460007,914,1610
14790.465005,943,1612
14790.470007,755,1611
14790.475006,815,1608
14790.480007,989,1606
14790.485007,832,1610
14790.490006,792,1613
14790.495005,996,1614
14790.500006,925,1615
14790.505005,762,1615
14790.510006,911,1609
14790.515007,949,1618
14790.520006,770,1617
14790.525006,829,1617
14790.530005,967,1622
14790.535006,833,1618
14790.540007,797,1621
14790.545005,972,1622
14790.550005,932,1619
14790.555006,770,1621
14790.560006,908,1624
14790.565007,936,1621
14790.570005,770,1618
14790.575005,832,1620
14790.580006,976,1621
14790.585007,819,1619
14790.590005,814,1616
14790.595007,983,1618
14790.600007,928,1616
14790.605005,781,1614
14790.610005,915,1617
14790.615006,939,1613
14790.620006,770,1615
14790.625006,819,1616
14790.630006,964,1615
14790.635006,823,1613
14790.640006,794,1619
14790.645006,996,1613
14790.650006,932,1612
14790.655006,776,1614
14790.660006,916,1612
14790.665007,960,1611
14790.670005,774,1611
14790.675006,817,1614
14790.680005,964,1618
14790.685006,838,1614
14790.690005,800,1615
14790.695007,989,1612
14790.700005,920,1612
14790.705006,784,1615
14790.710006,915,1613
14790.715006,945,1614
14790.720006,752,1616
14790.725006,818,1617
14790.730006,966,1618
14790.735006,836,1612
14790.740006,815,1616
14790.745006,978,1620
14790.750006,921,1621
14790.755006,765,1619
14790.760007,912,1625
14790.765006,955,1619
14790.770007,769,1619
14790.775006,824,1621
14790.780006,988,1619
14790.785006,818,1623
14790.790005,815,1622
14790.795006,982,1619
14790.800006,925,1619
14790.805006,765,1619
14790.810006,916,1618
14790.815006,957,1618
14790.820007,766,1619
14790.825006,813,1620
14790.830005,989,1614
14790.835005,827,1616
14790.840006,799,1618
14790.845006,995,1614
14790.850005,919,1618
14790.855007,763,1618
14790.860007,933,1616
14790.865006,941,1615
14790.870006,753,1616
14790.875005,836,1614
14790.880005,973,1617
14790.885006,810,1619
14790.890007,815,1616
14790.895005,982,1613
14790.900006,915,1617
14790.905006,764,1618
14790.910007,914,1616
14790.915007,956,1615
14790.920006,758,1613
14790.925007,823,1615
14790.930005,963,1615
14790.935005,815,1609
14790.940006,810,1612
14790.945006,978,1611
14790.950006,914,1611
14790.955005,779,1611
14790.960005,935,1610
14790.965006,938,1613
14790.970007,746,1612
14790.975005,830,1605
14790.980006,971,1607
14790.985006,815,1607
14790.990006,795,1608
14790.995006,973,1609
14791.000005,929,1605
14791.005005,766,1602
14791.010006,920,1605
14791.015006,944,1596
14791.020006,764,1601
14791.025005,827,1595
14791.030006,982,1599
14791.035007,811,1600
14791.040006,796,1601
14791.045005,995,1598
14791.050005,922,1601
