t,x,y
14453.520006,979,1609
14453.525006,829,1613
14453.530006,796,1617
14453.535007,976,1613
14453.540006,930,1617
14453.545006,768,1616
14453.550005,933,1615
14453.555005,943,1618
14453.560006,773,1617
14453.565006,820,1615
14453.570007,982,1619
14453.575006,819,1625
14453.580006,811,1624
14453.585005,985,1621
14453.590006,914,1627
14453.595006,771,1627
14453.600005,908,1629
14453.605006,944,1628
14453.610006,777,1628
14453.615006,818,1630
14453.620005,964,1630
14453.625006,825,1630
14453.630006,792,1634
14453.635006,982,1629
14453.640007,918,1633
14453.645006,774,1630
14453.650006,917,1633
14453.655005,939,1635
14453.660007,766,1627
14453.665006,822,1632
14453.670006,968,1634
14453.675006,830,1629
14453.680005,800,1631
14453.685007,995,1629
14453.690005,924,1633
14453.695007,779,1630
14453.700006,930,1629
14453.705005,942,1627
14453.710006,767,1623
14453.715006,822,1626
14453.720006,977,1626
14453.725005,816,1626
14453.730006,816,1624
14453.735005,974,1622
14453.740006,934,1620
14453.745006,761,1622
14453.750005,928,1615
14453.755005,943,1615
14453.760006,772,1616
14453.765005,824,1613
14453.770006,964,1612
14453.775006,827,1612
14453.780006,803,1611
14453.785006,973,1611
14453.790006,931,1611
14453.795006,771,1611
14453.800007,913,1612
14453.805005,956,1608
14453.810006,757,1611
14453.815005,820,1611
14453.820006,979,1614
14453.825005,823,1611
14453.830006,794,1615
14453.835006,989,1614
14453.840006,919,1612
14453.845006,779,1606
14453.850005,929,1612
14453.855007,936,1611
14453.860006,765,1603
14453.865007,818,1608
14453.870006,980,1605
14453.875005,824,1607
14453.880005,815,1602
14453.885006,982,1605
14453.890007,918,1604
14453.895006,760,1607
14453.900006,931,1602
14453.905005,937,1603
14453.910007,769,1603
14453.915006,817,1604
14453.920006,986,1608
14453.925006,818,1609
14453.930006,818,1609
14453.935007,976,1610
14453.940006,937,1612
14453.945006,775,1614
14453.950005,921,1613
14453.955006,938,1617
14453.960006,766,1610
14453.965005,821,1616
14453.970007,983,1620
14453.975006,819,1617
14453.980007,802,1618
14453.985005,993,1615
14453.990007,923,1612
14453.995006,772,1610
14454.000006,921,1613
14454.005006,949,1609
14454.010007,755,1609
14454.015006,832,1610
14454.020005,965,1607
14454.025006,823,1606
14454.030006,798,1609
14454.035006,987,1603
14454.040006,939,1604
14454.045005,767,1604
14454.050005,941,1603
14454.055006,936,1609
14454.060006,752,1609
14454.065006,837,1609
14454.070006,975,1609
14454.075006,810,1608
14454.080006,819,1608
14454.085006,976,1612
14454.090005,913,1616
14454.095006,773,1610
14454.100005,922,1611
14454.105006,940,1610
14454.110006,756,1609
14454.115007,814,1609
14454.120006,984,1608
14454.125006,815,1607
14454.130006,793,1605
14454.135007,995,1602
14454.140006,911,1605
14454.145005,784,1605
14454.150006,919,1605
14454.155005,944,1599
14454.160006,768,1606
14454.165006,813,1604
14454.170005,981,1600
14454.175005,808,1602
14454.180005,796,1606
14454.185007,975,1604
14454.190006,936,1603
14454.195007,768,1607
14454.200007,924,1611
14454.205006,934,1612
14454.210007,766,1611
14454.215007,820,1613
14454.220006,986,1611
14454.225006,808,1616
14454.230007,801,1617
14454.235006,993,1615
14454.240007,919,1616
14454.245006,788,1617
14454.250006,934,1617
14454.255007,957,1614
14454.260006,764,1614
14454.265006,826,1616
14454.270005,969,1615
14454.275007,817,1615
14454.280006,812,1616
14454.285006,977,1615
14454.290006,924,1607
14454.295006,784,1614
14454.300006,932,1614
14454.305006,949,1612
14454.310006,768,1612
14454.315006,826,1614
14454.320006,971,1614
14454.325005,806,1613
14454.330007,816,1610
14454.335006,989,1614
14454.340005,915,1616
14454.345006,781,1611
14454.350005,926,1613
14454.355006,952,1611
14454.360006,754,1614
14454.365006,837,1612
14454.370006,979,1614
14454.375005,802,1614
14454.380005,806,1614
14454.385006,992,1613
14454.390005,930,1613
14454.395006,779,1614
14454.400007,934,1613
14454.405006,938,1617
14454.410006,751,1615
14454.415006,837,1612
14454.420006,970,1614
14454.425006,798,1613
14454.430006,818,1613
14454.435006,981,1615
14454.440005,918,1609
14454.445006,788,1612
14454.450006,930,1618
14454.455006,945,1612
14454.460006,754,1616
14454.465006,824,1612
14454.470007,968,1614
14454.475006,816,1610
14454.480006,818,1616
14454.485007,983,1613
14454.490006,915,1612
14454.495005,768,1613
14454.500005,945,1611
14454.505005,932,1613
14454.510006,766,1605
14454.515006,836,1611
14454.520007,962,1612
14454.525005,812,1610
14454.530005,804,1611
14454.535006,997,1608
14454.540006,904,1612
14454.545005,789,1611
14454.550006,933,1610
14454.555005,945,1614
14454.560006,753,1614
14454.565005,823,1618
14454.570006,981,1612
14454.575005,801,1616
14454.580006,798,1617
14454.585006,998,1617
14454.590006,911,1617
14454.595006,768,1620
14454.600005,952,1621
14454.605006,941,1618
14454.610006,767,1619
14454.615006,835,1616
14454.620005,972,1618
14454.625006,802,1619
14454.630007,802,1618
14454.635005,995,1615
14454.640006,907,1618
14454.645006,791,1615
14454.650006,949,1614
14454.655006,941,1614
14454.660006,761,1612
14454.665006,824,1611
14454.670006,973,1611
14454.675006,803,1604
14454.680005,807,1609
14454.685006,983,1610
14454.690006,901,1611
14454.695006,779,1606
14454.700005,940,1610
14454.705007,948,1604
14454.710007,758,1609
14454.715007,830,1606
14454.720007,976,1596
14454.725006,805,1601
14454.730006,802,1602
14454.735005,994,1599
14454.740006,907,1601
14454.745006,767,1601
14454.750005,954,1601
14454.755005,936,1600
14454.760007,765,1595
14454.765006,845,1598
14454.770005,969,1596
14454.775006,785,1594
14454.780007,806,1585
14454.785007,984,1595
14454.790007,918,1592
14454.795007,768,1593
14454.800005,935,1596
14454.805005,948,1592
14454.810006,761,1590
14454.815006,828,1592
14454.820007,981,1587
14454.825006,796,1593
14454.830006,805,1592
14454.835007,976,1591
14454.840007,918,1587
14454.845006,783,1589
14454.850006,941,1592
14454.855006,927,1592
14454.860007,768,1589
14454.865007,833,1590
14454.870006,966,1588
14454.875005,785,1592
14454.880005,821,1589
14454.885007,980,1590
14454.890006,898,1589
14454.895005,774,1593
14454.900007,939,1592
14454.905006,944,1592
14454.910006,749,1590
14454.915006,850,1593
14454.920006,964,1591
14454.925006,785,1593
14454.930005,799,1595
14454.935006,993,1590
14454.940006,897,1591
14454.945007,767,1595
14454.950007,944,1592
14454.955005,924,1597
14454.960006,763,1589
14454.965006,830,1597
14454.970006,966,1593
14454.975005,784,1592
14454.980006,799,1596
14454.985005,994,1593
14454.990007,902,1594
14454.995007,781,1589
14455.000006,957,1591
14455.005007,933,1592
14455.010007,747,1595
14455.015006,847,1594
14455.020006,960,1590
14455.025006,777,1589
14455.030006,818,1593
14455.035007,978,1592
14455.040006,889,1594
14455.045005,780,1599
14455.050005,944,1597
14455.055005,937,1593
14455.060006,765,1599
14455.065005,844,1602
14455.070006,958,1604
14455.075006,779,1606
14455.080006,824,1606
14455.085006,978,1605
14455.090006,888,1610
14455.095006,789,1608
14455.100006,946,1608
14455.105006,933,1609
14455.110006,767,1606
14455.115007,844,1608
14455.120006,957,1603
14455.125006,801,1601
14455.130006,811,1603
14455.135006,974,1612
14455.140007,901,1604
14455.145005,776,1604
14455.150006,962,1603
14455.155006,926,1608
14455.160007,769,1605
14455.165006,842,1611
14455.170006,970,1611
14455.175007,783,1611
14455.180006,826,1610
14455.185006,984,1611
14455.190005,887,1617
14455.195006,795,1617
14455.200005,954,1620
14455.205007,949,1618
14455.210006,753,1623
14455.215006,864,1625
14455.220006,956,1622
14455.225006,802,1625
14455.230006,811,1624
14455.235006,986,1614
14455.240006,899,1621
14455.245005,774,1624
14455.250007,970,1624
14455.255006,934,1622
14455.260006,770,1621
14455.265005,857,1621
14455.270005,958,1622
14455.275007,801,1618
14455.280007,826,1617
14455.285006,992,1619
14455.290006,893,1619
14455.295005,780,1615
14455.300006,949,1619
14455.305006,950,1616
14455.310006,765,1618
14455.315007,849,1618
14455.320006,962,1611
14455.325006,796,1618
14455.330005,811,1613
14455.335005,976,1616
14455.340005,900,1615
14455.345006,783,1614
14455.350006,955,1616
14455.355006,935,1605
14455.360005,767,1614
14455.365006,852,1613
14455.370006,976,1611
14455.375005,781,1609
14455.380006,823,1608
14455.385005,984,1610
14455.390007,886,1607
14455.395005,785,1609
14455.400006,971,1608
14455.405006,932,1610
14455.410006,753,1608
14455.415005,852,1608
14455.420006,978,1611
14455.425006,785,1610
14455.430005,812,1602
14455.435007,989,1608
14455.440006,879,1609
14455.445006,799,1609
14455.450006,961,1606
14455.455005,926,1609
14455.460005,769,1608
14455.465006,854,1605
14455.470007,956,1604
14455.475006,795,1605
14455.480006,813,1602
14455.485006,971,1604
14455.490006,897,1599
14455.495005,787,1600
14455.500006,953,1599
14455.505006,941,1597
14455.510005,771,1600
14455.515006,864,1596
14455.520006,950,1598
14455.525006,772,1597
14455.530005,821,1599
14455.535006,984,1602
14455.540006,879,1601
14455.545006,791,1603
14455.550007,967,1605
14455.555007,931,1601
14455.560007,751,1607
14455.565006,869,1611
14455.570006,956,1614
14455.575005,772,1615
14455.580006,824,1616
14455.585007,986,1616
14455.590005,877,1622
14455.595006,796,1615
14455.600005,969,1615
14455.605006,929,1618
14455.610006,770,1616
14455.615006,865,1616
14455.620005,957,1617
14455.625006,774,1615
14455.630006,823,1606
14455.635005,983,1616
14455.640006,886,1612
14455.645005,781,1615
14455.650007,975,1610
14455.655007,943,1610
14455.660007,762,1607
14455.665006,854,1609
14455.670006,953,1608
14455.675007,790,1609
14455.680005,818,1611
14455.685007,978,1612
14455.690007,895,1610
14455.695006,784,1609
14455.700006,955,1617
14455.705006,939,1608
14455.710007,770,1615
14455.715005,875,1618
14455.720006,963,1617
14455.725005,775,1619
14455.730006,808,1624
14455.735005,993,1620
14455.740006,889,1620
14455.745005,799,1625
14455.750005,958,1626
14455.755005,941,1626
14455.760006,760,1629
14455.765006,857,1628
14455.770006,967,1623
14455.775007,783,1623
14455.780007,807,1629
14455.785007,978,1628
14455.790006,872,1626
14455.795005,804,1620
14455.800006,974,1621
14455.805005,931,1622
14455.810006,754,1620
14455.815005,876,1618
14455.820006,961,1616
14455.825006,776,1612
14455.830005,827,1616
14455.835005,978,1617
14455.840006,869,1618
14455.845005,796,1617
14455.850005,964,1616
14455.855006,945,1616
14455.860005,760,1617
14455.865006,861,1618
14455.870006,950,1617
14455.875005,783,1618
14455.880005,810,1616
14455.885006,974,1620
14455.890007,890,1618
14455.895006,792,1616
14455.900006,965,1620
14455.905007,925,1620
14455.910006,756,1617
14455.915006,873,1619
14455.920005,953,1621
14455.925006,783,1618
14455.930006,812,1619
14455.935007,998,1619
14455.940006,871,1623
14455.945006,796,1621
14455.950006,964,1618
14455.955006,934,1618
14455.960006,755,1620
14455.965006,866,1621
14455.970006,961,1618
14455.975005,769,1618
14455.980007,817,1619
14455.985006,974,1621
14455.990006,876,1619
14455.995006,785,1614
14456.000005,962,1617
14456.005006,928,1614
14456.010005,777,1611
14456.015006,874,1616
14456.020006,954,1612
14456.025007,786,1608
14456.030006,813,1610
14456.035006,970,1612
14456.040006,881,1605
14456.045006,783,1611
14456.050006,963,1611
14456.055006,922,1614
14456.060006,766,1610
14456.065005,868,1613
14456.070006,970,1612
14456.075006,770,1607
14456.080006,805,1622
14456.085006,987,1609
14456.090006,860,1615
14456.095007,796,1612
14456.100005,964,1611
14456.105006,941,1613
14456.110005,760,1609
14456.115007,866,1609
14456.120006,958,1606
14456.125006,776,1604
14456.130006,810,1604
14456.135005,972,1603
14456.140006,876,1595
14456.145006,785,1601
14456.150005,963,1602
14456.155006,944,1598
14456.160006,757,1598
14456.165007,866,1602
14456.170006,965,1599
14456.175006,765,1601
14456.180005,805,1601
14456.185006,992,1595
14456.190005,870,1600
14456.195006,780,1599
14456.200006,974,1602
14456.205006,929,1598
14456.210006,751,1600
14456.215006,888,1599
14456.220007,946,1597
14456.225005,784,1596
14456.230006,824,1595
14456.235005,977,1595
14456.240006,867,1592
14456.245006,784,1595
14456.250005,982,1592
14456.255005,931,1591
14456.260006,760,1594
14456.265006,873,1585
14456.270005,942,1591
14456.275006,766,1584
14456.280005,826,1588
14456.285007,976,1590
14456.290006,853,1589
14456.295005,795,1589
14456.300005,963,1588
14456.305005,941,1587
14456.310006,759,1588
14456.315005,871,1585
14456.320006,958,1585
14456.325005,769,1588
14456.330006,801,1591
14456.335006,981,1587
14456.340005,848,1589
14456.345006,802,1584
14456.350006,967,1588
14456.355006,916,1589
14456.360007,763,1590
14456.365006,867,1593
14456.370006,959,1592
14456.375005,759,1589
14456.380005,820,1587
14456.385006,976,1590
14456.390006,849,1593
14456.395006,799,1592
14456.400005,968,1591
14456.405005,918,1592
14456.410005,768,1591
14456.415005,874,1595
14456.420006,964,1592
14456.425006,763,1593
14456.430006,819,1594
14456.435007,972,1593
14456.440006,869,1596
14456.445006,783,1596
14456.450007,958,1595
14456.455005,916,1600
14456.460005,770,1592
14456.465005,874,1596
14456.470006,966,1595
14456.475005,763,1596
14456.480007,826,1597
14456.485006,973,1597
14456.490006,850,1593
14456.495005,801,1594
14456.500006,964,1596
14456.505007,922,1588
14456.510006,767,1595
14456.515006,882,1594
14456.520005,945,1594
14456.525007,757,1596
14456.530006,808,1597
14456.535007,986,1594
14456.540006,848,1597
14456.545006,795,1601
14456.550006,966,1599
14456.555005,937,1602
14456.560006,769,1603
14456.565005,879,1610
14456.570007,960,1606
14456.575006,772,1610
14456.580005,810,1610
14456.585005,995,1612
14456.590006,853,1615
14456.595006,805,1613
14456.600005,969,1617
14456.605006,937,1616
14456.610005,771,1613
14456.615007,889,1616
14456.620006,945,1617
14456.625005,768,1607
14456.630005,828,1616
14456.635006,975,1612
14456.640006,852,1606
14456.645006,806,1612
14456.650006,978,1613
14456.655005,929,1608
14456.660006,756,1610
14456.665005,881,1613
14456.670006,955,1608
14456.675006,780,1608
14456.680005,818,1607
14456.685006,973,1612
14456.690006,849,1611
14456.695007,803,1612
14456.700007,982,1614
14456.705006,924,1613
14456.710006,757,1616
14456.715006,900,1614
14456.720006,949,1616
14456.725006,781,1616
14456.730006,831,1616
14456.735005,973,1619
14456.740007,863,1620
14456.745007,796,1619
14456.750006,966,1618
14456.755006,941,1619
14456.760006,768,1617
14456.765007,894,1612
14456.770007,959,1617
14456.775005,769,1615
14456.780005,816,1616
14456.785007,993,1615
14456.790006,856,1615
14456.795006,785,1617
14456.800006,973,1617
14456.805005,944,1612
14456.810006,760,1614
14456.815007,897,1605
14456.820005,968,1605
14456.825006,766,1613
14456.830005,811,1611
14456.835005,986,1610
14456.840006,838,1609
14456.845006,796,1609
14456.850006,988,1608
14456.855006,927,1610
14456.860005,755,1611
14456.865006,906,1610
14456.870006,949,1608
14456.875005,773,1606
14456.880006,818,1599
14456.885006,988,1605
14456.890007,841,1608
14456.895006,803,1611
14456.900007,971,1609
14456.905006,929,1602
14456.910006,768,1604
14456.915006,886,1608
14456.920006,958,1609
14456.925006,766,1606
14456.930006,814,1606
14456.935007,985,1607
14456.940007,852,1606
14456.945006,806,1604
14456.950005,979,1612
14456.955006,931,1611
14456.960006,765,1609
14456.965006,886,1612
14456.970007,959,1611
14456.975006,762,1611
14456.980006,806,1613
14456.985005,981,1610
14456.990007,833,1613
14456.995006,803,1609
14457.000005,979,1610
14457.005005,916,1612
14457.010006,757,1613
14457.015006,900,1608
14457.020006,964,1603
14457.025006,761,1605
14457.030006,823,1607
14457.035006,965,1604
14457.040006,847,1608
14457.045006,785,1605
14457.050006,987,1601
14457.055005,932,1605
14457.060006,758,1607
14457.065006,887,1608
14457.070006,953,1604
14457.075006,765,1604
14457.080006,802,1611
14457.085006,982,1604
14457.090005,831,1604
14457.095006,793,1608
14457.100007,967,1608
14457.105006,937,1604
14457.110006,764,1601
14457.115006,902,1605
14457.120006,946,1604
14457.125005,770,1603
14457.130006,804,1602
14457.135005,981,1604
14457.140006,836,1603
14457.145006,797,1598
14457.150006,982,1604
14457.155006,926,1604
14457.160007,759,1607
14457.165007,902,1602
14457.170006,944,1599
14457.175006,753,1609
14457.180005,828,1606
14457.185006,980,1605
14457.190005,837,1607
14457.195007,811,1608
14457.200005,979,1609
14457.205005,915,1613
14457.210005,774,1610
14457.215006,897,1611
14457.220005,938,1612
14457.225006,771,1609
14457.230006,815,1606
14457.235006,988,1608
14457.240007,847,1605
14457.245006,794,1604
14457.250005,964,1610
14457.255005,937,1599
14457.260007,761,1602
14457.265006,903,1596
14457.270005,951,1603
14457.275006,757,1603
14457.280006,807,1604
14457.285007,986,1601
14457.290007,833,1604
14457.295007,811,1602
14457.300007,968,1608
14457.305005,938,1600
14457.310006,769,1606
14457.315006,905,1609
14457.320006,942,1614
14457.325006,757,1613
14457.330005,832,1613
14457.335006,975,1616
14457.340005,846,1609
14457.345006,813,1620
14457.350005,984,1617
14457.355007,924,1621
14457.360007,782,1616
14457.365006,905,1618
14457.370005,958,1608
14457.375007,767,1614
14457.380006,814,1616
14457.385006,989,1610
14457.390006,846,1609
14457.395005,796,1613
14457.400006,994,1608
14457.405007,941,1611
14457.410005,765,1609
14457.415006,898,1610
14457.420005,951,1603
14457.425005,773,1610
14457.430005,819,1613
14457.435006,972,1614
14457.440006,828,1617
14457.445006,812,1615
14457.450005,969,1619
14457.455006,934,1620
14457.460006,767,1620
14457.465005,918,1622
14457.470005,957,1624
14457.475005,760,1624
14457.480005,832,1628
14457.485005,974,1627
14457.490006,849,1624
14457.495005,796,1631
14457.500006,988,1627
14457.505006,924,1630
14457.510007,778,1624
14457.515007,916,1626
14457.520006,959,1626
14457.525006,765,1626
14457.530006,814,1622
14457.535006,981,1625
14457.540006,834,1623
14457.545006,818,1617
14457.550006,990,1621
14457.555006,927,1622
14457.560006,773,1620
14457.565005,905,1621
14457.570006,964,1620
14457.575005,769,1620
14457.580006,816,1618
14457.585007,986,1620
14457.590006,835,1619
14457.595006,799,1618
14457.600007,968,1621
14457.605005,944,1613
14457.610005,776,1618
14457.615006,909,1618
14457.620005,956,1616
14457.625006,754,1616
14457.630006,830,1615
14457.635006,967,1613
14457.640007,822,1616
14457.645006,804,1612
14457.650006,973,1612
14457.655006,941,1609
14457.660006,768,1612
14457.665006,901,1613
14457.670005,936,1608
14457.675005,770,1610
14457.680006,813,1614
14457.685006,963,1615
14457.690005,830,1609
14457.695006,812,1612
14457.700005,965,1616
14457.705007,938,1609
14457.710007,766,1609
14457.715007,902,1609
14457.720006,957,1608
14457.725007,756,1606
14457.730005,807,1607
14457.735006,977,1604
14457.740007,821,1604
14457.745006,810,1600
14457.750007,976,1598
14457.755007,918,1599
14457.760006,776,1599
14457.765006,904,1595
14457.770005,938,1589
14457.775006,757,1595
14457.780006,823,1585
14457.785006,966,1592
14457.790007,829,1587
14457.795006,806,1591
14457.800007,979,1596
14457.805005,933,1594
14457.810006,757,1597
14457.815005,902,1597
14457.820006,949,1596
14457.825006,769,1596
14457.830005,828,1599
14457.835006,963,1605
14457.840006,827,1604
14457.845006,795,1604
14457.850006,992,1606
14457.855007,919,1608
14457.860007,778,1603
14457.865005,906,1611
14457.870005,959,1607
14457.875006,755,1610
14457.880006,813,1610
14457.885005,984,1604
14457.890006,836,1608
14457.895006,796,1609
14457.900006,987,1608
14457.905005,916,1611
14457.910007,765,1604
14457.915007,924,1610
14457.920005,936,1615
14457.925006,771,1604
14457.930006,820,1613
14457.935006,986,1614
14457.940006,838,1617
14457.945006,796,1617
14457.950006,995,1615
14457.955006,925,1616
14457.960007,780,1625
14457.965007,920,1619
14457.970007,941,1615
14457.975007,774,1613
14457.980007,821,1613
14457.985006,968,1615
14457.990006,841,1610
14457.995005,798,1608
14458.000007,991,1605
14458.005006,922,1606
14458.010005,785,1599
14458.015006,922,1604
14458.020006,944,1603
14458.025006,753,1600
14458.030006,816,1594
14458.035006,982,1596
14458.040006,814,1599
14458.045005,817,1594
14458.050005,982,1594
14458.055005,915,1597
14458.060006,774,1597
14458.065005,906,1602
14458.070006,953,1595
14458.075006,768,1597
14458.080006,830,1598
14458.085007,967,1600
14458.090007,813,1602
14458.095006,813,1599
14458.100007,979,1598
14458.105005,915,1601
14458.110005,764,1600
14458.115006,933,1597
14458.120006,944,1595
14458.125005,755,1597
14458.130005,831,1590
14458.135006,978,1589
14458.140006,820,1587
14458.145006,794,1585
14458.150006,980,1586
14458.155005,916,1587
14458.160006,780,1586
14458.165006,925,1583
14458.170005,946,1586
14458.175006,760,1587
14458.180005,814,1586
14458.185006,959,1588
14458.190005,826,1587
14458.195006,793,1590
14458.200006,983,1592
14458.205006,924,1592
14458.210006,765,1594
14458.215006,914,1595
14458.220006,933,1598
14458.225005,764,1600
14458.230006,820,1597
14458.235005,965,1601
14458.240007,826,1599
14458.245007,804,1599
14458.250006,974,1603
14458.255006,940,1600
14458.260006,782,1603
14458.265007,925,1602
14458.270005,933,1602
14458.275006,773,1605
14458.280005,834,1603
14458.285007,966,1605
14458.290007,811,1605
14458.295005,819,1606
14458.300005,980,1604
14458.305005,913,1608
14458.310006,774,1604
14458.315006,913,1605
14458.320007,950,1603
14458.325005,762,1603
14458.330006,814,1604
14458.335007,988,1603
14458.340005,819,1600
14458.345006,799,1604
14458.350005,987,1603
14458.355007,914,1605
14458.360006,777,1595
14458.365006,924,1603
14458.370005,936,1605
14458.375006,765,1596
14458.380006,827,1605
14458.385005,961,1605
14458.390006,821,1607
14458.395006,799,1608
14458.400007,975,1610
14458.405006,938,1608
14458.410006,770,1608
14458.415007,919,1607
14458.420006,953,1608
14458.425006,761,1605
14458.430006,814,1608
14458.435006,984,1608
14458.440006,820,1605
14458.445006,799,1610
14458.450006,997,1604
14458.455007,932,1605
14458.460006,778,1606
14458.465006,921,1605
14458.470006,952,1601
14458.475006,757,1602
14458.480007,811,1600
14458.485007,983,1600
14458.490006,804,1599
14458.495005,809,1597
14458.500007,975,1595
14458.505007,927,1593
14458.510006,765,1592
14458.515006,936,1588
14458.520006,944,1593
14458.525006,751,1595
14458.530005,830,1589
14458.535006,971,1596
14458.540007,808,1596
14458.545005,806,1598
14458.550005,977,1596
14458.555005,915,1605
14458.560006,776,1603
14458.565006,920,1610
14458.570006,948,1609
14458.575006,769,1611
14458.580005,822,1615
14458.585006,982,1620
14458.590005,825,1615
14458.595006,804,1620
14458.600005,977,1624
14458.605006,920,1626
14458.610007,785,1624
14458.615006,934,1623
14458.620005,935,1627
14458.625006,770,1618
14458.630005,827,1624
14458.635007,967,1626
14458.640006,821,1621
14458.645006,800,1622
14458.650006,989,1624
14458.655006,938,1619
14458.660006,769,1621
14458.665006,924,1620
14458.670005,954,1612
14458.675005,754,1617
14458.680005,833,1613
14458.685007,979,1615
14458.690006,805,1613
14458.695006,814,1617
14458.700006,980,1618
14458.705006,918,1615
14458.710006,775,1618
14458.715005,941,1611
14458.720006,935,1624
14458.725005,768,1621
14458.730006,834,1621
14458.735005,972,1622
14458.740007,805,1626
14458.745007,798,1628
14458.750007,991,1624
14458.755005,941,1621
14458.760007,775,1625
14458.765006,926,1630
14458.770005,956,1625
14458.775006,757,1630
14458.780006,837,1626
14458.785007,967,1628
14458.790006,825,1625
14458.795006,802,1625
14458.800006,993,1622
14458.805006,927,1626
14458.810007,771,1623
14458.815007,946,1622
14458.820005,941,1623
14458.825005,753,1626
14458.830007,836,1621
14458.835007,974,1624
14458.840006,810,1620
14458.845006,800,1625
14458.850005,977,1622
14458.855006,933,1623
14458.860005,777,1622
14458.865006,945,1622
14458.870005,931,1622
14458.875006,751,1623
14458.880006,825,1621
14458.885006,964,1624
14458.890007,818,1619
14458.895005,808,1620
14458.900006,999,1620
14458.905006,912,1620
14458.910007,772,1617
14458.915007,945,1615
14458.920005,944,1615
14458.925006,754,1615
14458.930006,834,1613
14458.935006,972,1613
14458.940006,796,1615
14458.945006,814,1609
14458.950005,979,1617
14458.955006,933,1610
14458.960006,771,1613
14458.965005,950,1609
14458.970007,945,1610
14458.975005,759,1606
14458.980007,820,1609
14458.985007,968,1600
14458.990006,819,1604
14458.995005,817,1604
14459.000006,980,1603
14459.005006,905,1605
14459.010006,778,1602
14459.015006,932,1596
14459.020007,946,1602
14459.025005,767,1600
14459.030006,818,1603
14459.035006,958,1604
14459.040006,812,1609
14459.045006,804,1606
14459.050006,984,1607
14459.055006,922,1609
14459.060007,770,1612
14459.065006,942,1612
14459.070006,949,1614
14459.075007,766,1612
14459.080005,826,1615
14459.085006,966,1616
14459.090005,798,1617
14459.095007,817,1614
14459.100006,977,1618
14459.105007,923,1617
14459.110006,783,1613
14459.115006,933,1612
14459.120005,956,1609
14459.125006,755,1612
14459.130006,842,1611
14459.135006,962,1608
14459.140006,794,1609
14459.145005,800,1610
14459.150006,974,1609
14459.155006,922,1606
14459.160006,769,1603
14459.165006,943,1606
14459.170006,927,1609
14459.175007,747,1608
14459.180006,829,1611
14459.185006,961,1611
14459.190005,815,1615
14459.195006,809,1613
14459.200005,974,1617
14459.205006,927,1617
14459.210007,770,1621
14459.215005,949,1619
14459.220006,933,1620
14459.225005,753,1616
14459.230006,830,1615
14459.235005,981,1618
14459.240006,792,1620
14459.245006,796,1619
14459.250005,973,1621
14459.255005,912,1622
14459.260006,767,1621
14459.265006,948,1617
14459.270007,935,1617
14459.275006,750,1620
14459.280005,842,1620
14459.285005,966,1618
14459.290006,800,1619
14459.295006,802,1620
14459.300005,996,1619
14459.305005,917,1618
14459.310007,770,1621
14459.315005,936,1621
14459.320006,950,1619
14459.325005,763,1621
14459.330006,829,1622
14459.335007,958,1624
14459.340005,808,1627
14459.345007,807,1625
14459.350005,977,1624
14459.355006,921,1625
14459.360006,775,1625
14459.365006,955,1626
14459.370007,938,1627
14459.375005,752,1623
14459.380005,844,1622
14459.385007,972,1619
14459.390007,795,1624
14459.395005,816,1613
14459.400006,990,1621
14459.405006,915,1616
14459.410007,784,1616
14459.415006,939,1616
14459.420005,925,1618
14459.425005,757,1613
14459.430006,824,1619
14459.435006,981,1613
14459.440005,794,1616
14459.445007,803,1616
14459.450006,977,1611
14459.455005,916,1611
14459.460005,786,1608
14459.465007,941,1609
14459.470007,927,1609
14459.475005,750,1610
14459.480005,851,1604
14459.485006,968,1601
14459.490006,801,1597
14459.495006,815,1599
14459.500005,973,1600
14459.505005,913,1593
14459.510006,779,1596
14459.515006,945,1593
14459.520006,931,1593
14459.525005,768,1593
14459.530005,835,1592
14459.535006,966,1593
14459.540006,787,1589
14459.545005,797,1591
14459.550006,992,1590
14459.555006,901,1592
14459.560007,781,1596
14459.565007,940,1589
14459.570007,933,1598
14459.575006,755,1595
14459.580005,830,1600
14459.585005,956,1597
14459.590006,805,1604
14459.595006,811,1599
14459.600006,975,1605
14459.605007,892,1603
14459.610006,783,1603
14459.615007,953,1596
14459.620005,945,1599
14459.625007,755,1600
14459.630006,827,1602
14459.635006,977,1598
14459.640006,790,1599
14459.645005,806,1596
14459.650007,974,1599
14459.655006,890,1599
14459.660006,772,1602
14459.665006,955,1600
14459.670006,928,1601
14459.675006,770,1599
14459.680006,846,1603
14459.685006,964,1603
14459.690005,782,1607
14459.695005,822,1603
14459.700006,983,1608
14459.705005,895,1610
14459.710005,790,1609
14459.715006,946,1609
14459.720006,942,1608
14459.725006,761,1609
14459.730007,835,1609
14459.735006,975,1611
14459.740007,798,1606
14459.745005,802,1608
14459.750006,971,1610
14459.755006,907,1604
14459.760006,776,1608
14459.765006,964,1604
14459.770006,932,1605
14459.775007,772,1601
14459.780006,846,1602
14459.785006,953,1605
14459.790006,796,1603
14459.795006,808,1603
14459.800007,975,1609
14459.805006,904,1607
14459.810006,773,1610
14459.815005,957,1606
14459.820006,931,1606
14459.825006,753,1608
14459.830005,841,1606
14459.835005,974,1608
14459.840007,781,1609
14459.845006,817,1609
14459.850005,980,1609
14459.855007,893,1608
14459.860006,770,1608
14459.865006,959,1608
14459.870005,926,1611
14459.875006,750,1614
14459.880006,841,1605
14459.885005,979,1610
14459.890006,783,1607
14459.895005,822,1606
14459.900006,976,1609
14459.905007,904,1604
14459.910005,784,1607
14459.915006,948,1606
14459.920005,945,1603
14459.925005,752,1605
14459.930005,851,1597
14459.935007,968,1610
14459.940006,780,1604
14459.945007,814,1599
14459.950006,977,1604
14459.955005,884,1604
14459.960005,793,1604
14459.965006,952,1601
14459.970007,928,1604
14459.975005,765,1601
14459.980006,839,1601
14459.985006,966,1604
14459.990006,778,1602
14459.995006,815,1601
14460.000005,977,1597
14460.005006,899,1597
14460.010005,778,1597
14460.015006,942,1600
14460.020006,939,1599
14460.025006,745,1600
14460.030005,859,1598
14460.035006,962,1598
14460.040006,777,1601
14460.045007,800,1601
14460.050007,987,1596
14460.055005,882,1604
14460.060007,797,1598
14460.065007,957,1601
14460.070006,928,1601
14460.075005,749,1606
14460.080006,857,1601
14460.085005,954,1609
14460.090006,775,1605
14460.095006,822,1606
14460.100005,991,1600
14460.105006,897,1598
14460.110006,793,1603
14460.115006,966,1602
14460.120005,929,1601
14460.125005,750,1603
14460.130005,844,1600
14460.135006,966,1600
14460.140006,775,1602
14460.145006,801,1598
14460.150006,973,1603
14460.155005,881,1605
14460.160007,778,1602
14460.165006,954,1601
14460.170005,938,1596
14460.175006,774,1603
14460.180005,859,1604
14460.185006,961,1609
14460.190006,773,1611
14460.195007,821,1610
14460.200006,981,1613
14460.205006,904,1614
14460.210006,784,1612
14460.215006,949,1620
14460.220007,941,1614
14460.225005,760,1615
14460.230007,850,1615
14460.235005,979,1614
14460.240006,795,1610
14460.245006,815,1611
14460.250005,980,1609
14460.255005,905,1606
14460.260006,784,1608
14460.265006,955,1609
14460.270005,928,1612
14460.275006,760,1600
14460.280006,863,1605
14460.285006,958,1605
14460.290006,777,1609
14460.295007,821,1604
14460.300005,980,1604
14460.305006,901,1602
14460.310007,787,1605
14460.315006,956,1603
14460.320007,936,1603
14460.325006,769,1600
14460.330005,851,1608
14460.335005,971,1606
14460.340006,772,1608
14460.345006,822,1606
14460.350006,987,1610
14460.355006,880,1610
14460.360005,800,1610
14460.365007,965,1614
14460.370006,927,1616
14460.375006,776,1614
14460.380006,866,1617
14460.385005,959,1619
14460.390006,797,1618
14460.395007,816,1618
14460.400006,974,1623
14460.405005,885,1621
14460.410006,780,1624
14460.415006,975,1622
14460.420006,938,1620
14460.425007,758,1622
14460.430007,863,1619
14460.435006,979,1620
14460.440005,773,1623
14460.445006,820,1620
14460.450005,995,1615
14460.455006,885,1616
14460.460007,793,1615
14460.465006,957,1620
14460.470006,944,1615
14460.475005,759,1614
14460.480006,871,1611
14460.485006,967,1614
14460.490005,780,1611
14460.495006,811,1611
14460.500006,973,1610
14460.505006,893,1605
14460.510006,792,1607
14460.515006,954,1609
14460.520006,941,1607
14460.525006,767,1604
14460.530007,872,1605
14460.535005,958,1605
14460.540005,771,1608
14460.545007,805,1609
14460.550006,991,1605
14460.555006,876,1610
14460.560007,774,1611
14460.565006,975,1612
14460.570006,924,1614
14460.575006,768,1612
14460.580005,872,1613
14460.585005,964,1613
14460.590006,765,1616
14460.595006,822,1613
14460.600007,970,1616
14460.605006,879,1609
14460.610005,783,1610
14460.615007,962,1610
14460.620006,923,1607
14460.625005,764,1606
14460.630006,860,1604
14460.635006,970,1603
14460.640006,769,1604
14460.645005,818,1600
14460.650006,978,1600
14460.655006,864,1604
14460.660007,778,1608
14460.665007,955,1603
14460.670005,948,1601
14460.675005,754,1602
14460.680006,874,1596
14460.685006,954,1603
14460.690005,764,1606
14460.695006,826,1605
14460.700006,975,1605
14460.705006,871,1606
14460.710006,775,1611
14460.715006,974,1612
14460.720006,922,1614
14460.725005,768,1612
14460.730007,867,1615
14460.735006,953,1616
14460.740006,786,1616
14460.745006,810,1616
14460.750005,993,1616
14460.755006,865,1618
14460.760005,798,1617
14460.765006,961,1621
14460.770005,922,1619
14460.775006,768,1617
14460.780005,865,1617
14460.785006,949,1617
14460.790006,785,1618
14460.795006,815,1618
14460.800007,975,1613
14460.805007,868,1619
14460.810007,800,1616
14460.815007,958,1618
14460.820005,938,1619
14460.825005,777,1611
14460.830006,878,1618
14460.835007,944,1619
14460.840005,772,1616
14460.845007,809,1615
14460.850005,992,1613
14460.855006,867,1614
14460.860005,801,1614
14460.865006,962,1613
14460.870007,928,1602
14460.875005,766,1612
14460.880005,863,1614
14460.885006,964,1612
14460.890006,775,1610
14460.895006,811,1612
14460.900006,990,1612
14460.905006,864,1613
14460.910006,788,1603
14460.915006,959,1612
14460.920007,942,1611
14460.925007,759,1611
14460.930006,863,1614
14460.935006,962,1612
14460.940006,775,1610
14460.945007,807,1609
14460.950006,969,1615
14460.955006,862,1608
14460.960007,778,1613
14460.965005,980,1609
14460.970007,932,1608
14460.975006,754,1608
14460.980006,868,1606
14460.985005,947,1612
14460.990006,776,1607
14460.995006,806,1606
14461.000006,987,1599
14461.005006,872,1605
14461.010005,779,1607
14461.015007,969,1604
14461.020006,923,1604
14461.025006,751,1607
14461.030006,880,1604
14461.035007,969,1603
14461.040006,762,1603
14461.045006,820,1601
14461.050006,969,1601
14461.055007,865,1600
14461.060007,800,1599
14461.065006,964,1601
14461.070006,924,1602
14461.075005,753,1601
14461.080007,883,1597
14461.085006,956,1600
14461.090007,767,1600
14461.095007,824,1602
14461.100005,973,1607
14461.105006,877,1601
14461.110006,798,1604
14461.115006,961,1605
14461.120005,920,1603
14461.125007,770,1604
14461.130006,870,1604
14461.135006,948,1605
14461.140005,772,1597
14461.145006,823,1601
14461.150007,969,1605
14461.155006,861,1606
14461.160006,779,1604
14461.165005,967,1604
14461.170007,923,1605
14461.175006,770,1601
14461.180005,875,1603
14461.185005,945,1603
14461.190005,782,1601
14461.195005,810,1601
14461.200006,984,1599
14461.205005,868,1598
14461.210005,783,1599
14461.215007,979,1595
14461.220007,926,1596
14461.225006,765,1591
14461.230006,878,1593
14461.235005,939,1595
14461.240005,769,1593
14461.245006,801,1595
14461.250006,982,1592
14461.255007,857,1589
14461.260005,778,1589
14461.265006,974,1588
14461.270006,917,1592
14461.275005,770,1589
14461.280006,879,1589
14461.285006,940,1585
14461.290006,771,1588
14461.295005,826,1585
14461.300006,976,1588
14461.305005,856,1594
14461.310006,785,1593
14461.315005,958,1598
14461.320007,941,1596
14461.325006,756,1599
14461.330006,868,1600
14461.335006,956,1601
14461.340006,756,1602
14461.345007,824,1601
14461.350006,976,1604
14461.355006,851,1602
14461.360006,799,1600
14461.365006,964,1600
14461.370006,943,1597
14461.375006,769,1599
14461.380006,877,1602
14461.385005,940,1599
14461.390007,781,1595
14461.395007,816,1593
14461.400007,972,1596
14461.405007,868,1593
14461.410006,787,1599
14461.415006,977,1590
14461.420005,937,1594
14461.425006,760,1595
14461.430006,873,1598
14461.435007,960,1600
14461.440006,763,1600
14461.445007,809,1594
14461.450006,977,1601
14461.455005,852,1600
14461.460005,779,1607
14461.465006,973,1603
14461.470006,918,1603
14461.475005,779,1597
14461.480006,882,1605
14461.485006,943,1603
14461.490006,762,1603
14461.495005,807,1602
14461.500007,989,1599
14461.505006,865,1596
14461.510006,794,1599
14461.515006,969,1597
14461.520005,919,1600
14461.525006,777,1598
14461.530006,884,1595
14461.535006,939,1601
14461.540006,762,1595
14461.545006,826,1592
14461.550006,976,1600
14461.555006,845,1603
14461.560006,781,1601
14461.565005,982,1602
14461.570006,924,1605
14461.575006,770,1600
14461.580005,896,1607
14461.585005,946,1604
14461.590006,777,1600
14461.595006,822,1605
14461.600006,980,1606
14461.605006,846,1608
14461.610005,801,1606
14461.615006,976,1605
14461.620006,932,1606
14461.625005,760,1605
14461.630005,878,1606
14461.635006,959,1608
14461.640006,765,1606
14461.645005,826,1601
14461.650007,984,1604
14461.655007,850,1601
14461.660007,803,1601
14461.665007,981,1602
14461.670006,918,1610
14461.675006,773,1603
14461.680005,879,1609
14461.685006,952,1608
14461.690006,762,1608
14461.695006,829,1611
14461.700006,975,1613
14461.705006,866,1610
14461.710007,804,1612
14461.715005,966,1611
14461.720006,922,1611
14461.725005,780,1610
14461.730006,893,1611
14461.735005,949,1609
14461.740007,766,1610
14461.745006,810,1613
14461.750006,997,1604
14461.755006,860,1608
14461.760005,790,1607
14461.765006,966,1610
14461.770007,933,1607
14461.775005,764,1605
14461.780005,906,1603
14461.785006,952,1606
14461.790005,754,1606
14461.795006,826,1600
14461.800006,981,1601
14461.805006,846,1602
14461.810006,785,1600
14461.815005,984,1599
14461.820006,931,1594
14461.825007,780,1595
14461.830006,904,1599
14461.835006,949,1598
14461.840005,764,1597
14461.845007,808,1599
14461.850005,982,1598
14461.855006,842,1597
14461.860006,785,1600
14461.865006,986,1597
14461.870006,933,1599
14461.875006,756,1602
14461.880006,903,1601
14461.885005,942,1602
14461.890006,768,1600
14461.895005,819,1599
14461.900006,970,1603
14461.905005,861,1600
14461.910006,787,1599
14461.915006,982,1599
14461.920005,925,1601
14461.925005,777,1603
14461.930005,889,1602
14461.935006,966,1596
14461.940006,772,1596
14461.945006,819,1597
14461.950005,974,1600
14461.955006,835,1594
14461.960006,808,1598
14461.965005,971,1599
14461.970007,917,1598
14461.975006,776,1595
14461.980006,893,1598
14461.985006,956,1591
14461.990007,761,1595
14461.995006,813,1597
14462.000005,968,1595
14462.005005,860,1593
14462.010007,802,1596
14462.015006,971,1594
14462.020007,940,1593
14462.025005,775,1594
14462.030006,893,1597
14462.035007,954,1589
14462.040007,765,1596
14462.045005,807,1598
14462.050005,979,1593
14462.055005,839,1597
14462.060007,790,1591
14462.065007,974,1602
14462.070006,922,1605
14462.075005,778,1607
14462.080006,889,1607
14462.085006,948,1608
14462.090006,759,1611
14462.095006,816,1610
14462.100005,971,1613
14462.105006,848,1611
14462.110006,799,1613
14462.115006,974,1613
14462.120006,921,1614
14462.125006,784,1608
14462.130007,901,1610
14462.135006,940,1613
14462.140006,780,1608
14462.145005,810,1612
14462.150006,993,1610
14462.155006,847,1613
14462.160007,791,1613
14462.165007,974,1608
14462.170005,942,1613
14462.175006,767,1616
14462.180006,909,1610
14462.185006,948,1620
14462.190007,755,1624
14462.195005,823,1624
14462.200006,973,1628
14462.205006,852,1620
14462.210006,806,1627
14462.215006,973,1629
14462.220006,944,1629
14462.225005,767,1632
14462.230007,895,1635
14462.235006,956,1635
14462.240006,761,1634
14462.245007,829,1634
14462.250006,973,1636
14462.255007,852,1634
14462.260005,796,1637
14462.265007,994,1634
14462.270005,936,1633
14462.275007,762,1637
14462.280006,906,1633
14462.285006,950,1635
14462.290006,766,1634
14462.295006,819,1636
14462.300006,992,1631
14462.305005,858,1638
14462.310006,806,1632
14462.315006,974,1633
14462.320007,924,1636
14462.325006,776,1636
14462.330006,905,1636
14462.335006,965,1637
14462.340006,769,1636
14462.345006,812,1638
14462.350005,989,1636
14462.355006,838,1637
14462.360006,804,1626
14462.365007,985,1636
14462.370007,924,1637
14462.375005,761,1638
14462.380005,916,1632
14462.385006,948,1633
14462.390007,779,1634
14462.395007,825,1632
14462.400005,971,1631
14462.405006,854,1631
14462.410007,797,1630
14462.415006,968,1632
14462.420005,936,1630
14462.425005,764,1630
14462.430005,922,1624
14462.435007,959,1628
14462.440005,768,1626
14462.445006,812,1625
14462.450006,983,1619
14462.455005,852,1621
14462.460005,796,1622
14462.465007,966,1622
14462.470006,935,1617
14462.475006,761,1619
14462.480007,912,1608
14462.485006,949,1613
14462.490006,752,1615
14462.495006,825,1609
14462.500006,969,1610
14462.505006,836,1600
14462.510005,793,1608
14462.515007,965,1610
14462.520005,933,1605
14462.525007,765,1605
14462.530006,916,1598
14462.535006,955,1604
14462.540006,764,1605
14462.545005,808,1604
14462.550005,973,1601
14462.555005,846,1604
14462.560006,791,1604
14462.565005,985,1595
14462.570006,932,1602
14462.575006,757,1606
14462.580005,913,1599
14462.585006,946,1603
14462.590005,757,1601
14462.595006,826,1595
14462.600005,978,1600
14462.605006,831,1598
14462.610006,788,1602
14462.615006,986,1597
14462.620005,919,1596
14462.625006,759,1593
14462.630007,909,1583
14462.635006,947,1590
14462.640006,759,1588
14462.645005,808,1588
14462.650007,978,1584
14462.655006,827,1583
14462.660006,809,1582
14462.665006,982,1583
14462.670006,917,1584
14462.675006,755,1584
14462.680006,911,1583
14462.685006,937,1587
14462.690006,768,1588
14462.695007,814,1592
14462.700006,968,1597
14462.705005,835,1586
14462.710006,811,1595
14462.715005,972,1601
14462.720006,915,1600
14462.725006,776,1602
14462.730006,911,1598
14462.735007,948,1600
14462.740006,758,1602
14462.745006,834,1598
14462.750005,978,1604
14462.755005,826,1603
14462.760005,789,1603
14462.765006,989,1601
14462.770006,923,1602
14462.775007,783,1600
14462.780007,908,1595
14462.785006,955,1600
14462.790006,760,1602
14462.795006,812,1605
14462.800006,985,1602
14462.805006,830,1601
14462.810006,806,1597
14462.815005,981,1604
14462.820006,919,1602
14462.825005,778,1603
14462.830006,911,1607
14462.835006,943,1602
14462.840006,752,1604
14462.845005,829,1605
14462.850006,972,1606
14462.855005,824,1607
14462.860006,813,1605
14462.865006,982,1604
14462.870006,915,1608
14462.875005,776,1604
14462.880006,909,1608
14462.885006,961,1610
14462.890007,761,1607
14462.895005,832,1609
14462.900007,971,1609
14462.905007,841,1607
14462.910006,807,1607
14462.915006,978,1607
14462.920005,925,1609
14462.925006,768,1605
14462.930005,908,1608
14462.935005,953,1605
14462.940005,761,1604
14462.945007,818,1608
14462.950006,975,1605
14462.955006,822,1604
14462.960007,816,1605
14462.965007,986,1604
14462.970007,920,1603
14462.975005,771,1594
14462.980006,918,1601
14462.985005,934,1605
14462.990006,771,1599
14462.995006,820,1602
14463.000006,967,1602
14463.005007,838,1599
14463.010006,805,1602
14463.015005,980,1601
14463.020005,923,1600
14463.025006,767,1601
14463.030005,908,1604
14463.035006,954,1604
14463.040006,760,1605
14463.045006,819,1605
14463.050006,973,1605
14463.055005,823,1603
14463.060006,806,1595
14463.065006,979,1604
14463.070006,922,1602
14463.075005,762,1609
14463.080006,923,1604
14463.085006,944,1606
14463.090006,773,1604
14463.095007,824,1604
14463.100005,982,1604
14463.105007,826,1605
14463.110007,793,1608
14463.115006,972,1608
14463.120005,940,1605
14463.125006,766,1607
14463.130006,921,1600
14463.135005,955,1605
14463.140006,753,1607
14463.145005,833,1608
14463.150007,978,1606
14463.155005,821,1606
14463.160007,815,1605
14463.165006,979,1607
14463.170007,920,1610
14463.175006,778,1608
14463.180006,912,1608
14463.185006,958,1605
14463.190006,757,1606
14463.195006,827,1605
14463.200006,985,1609
14463.205005,820,1610
14463.210005,810,1607
14463.215006,984,1608
14463.220007,921,1611
14463.225005,762,1605
14463.230006,933,1611
14463.235005,947,1608
14463.240007,756,1608
14463.245007,815,1607
14463.250005,980,1597
14463.255006,826,1605
14463.260005,801,1609
14463.265006,974,1607
14463.270005,933,1610
14463.275007,767,1609
14463.280006,912,1610
14463.285006,959,1606
14463.290007,765,1608
14463.295005,823,1613
14463.300005,966,1613
14463.305006,816,1614
14463.310006,810,1608
14463.315006,984,1617
14463.320006,917,1621
14463.325006,783,1617
14463.330005,923,1622
14463.335006,949,1621
14463.340006,769,1621
14463.345007,824,1622
14463.350006,973,1627
14463.355006,818,1626
14463.360006,798,1621
14463.365006,996,1626
14463.370005,927,1624
14463.375007,764,1622
14463.380006,935,1624
14463.385006,942,1620
14463.390006,753,1624
14463.395005,828,1617
14463.400006,976,1622
14463.405006,828,1612
14463.410006,813,1620
14463.415006,976,1622
14463.420006,920,1621
14463.425006,787,1619
14463.430005,926,1621
14463.435006,941,1622
14463.440007,753,1624
14463.445007,840,1624
14463.450007,975,1624
14463.455006,815,1622
14463.460007,821,1622
14463.465007,985,1622
14463.470006,915,1625
14463.475005,772,1614
14463.480006,933,1621
14463.485006,944,1626
14463.490006,753,1621
14463.495005,836,1620
14463.500007,977,1619
14463.505007,820,1621
14463.510005,798,1619
14463.515006,997,1618
14463.520005,926,1617
14463.525006,765,1617
14463.530007,940,1612
14463.535006,939,1612
14463.540006,752,1613
14463.545005,835,1609
14463.550005,969,1613
14463.555005,825,1609
14463.560006,809,1609
14463.565006,989,1607
14463.570006,922,1608
14463.575006,768,1607
14463.580005,940,1606
14463.585005,933,1606
14463.590006,766,1605
14463.595006,813,1607
14463.600005,971,1603
14463.605007,807,1605
14463.610007,816,1606
14463.615006,982,1602
14463.620005,919,1605
14463.625006,787,1605
14463.630006,926,1604
14463.635006,952,1602
14463.640007,758,1605
14463.645005,836,1595
14463.650007,966,1604
14463.655006,821,1600
14463.660006,797,1601
14463.665006,992,1602
14463.670006,915,1601
14463.675007,785,1598
14463.680006,925,1599
14463.685006,940,1589
14463.690005,756,1600
14463.695006,828,1588
14463.700006,973,1598
14463.705006,805,1592
14463.710006,801,1592
14463.715005,974,1589
14463.720006,919,1591
14463.725005,782,1585
14463.730006,930,1594
14463.735005,932,1586
14463.740006,766,1587
14463.745005,809,1588
14463.750006,974,1586
14463.755006,800,1585
14463.760007,810,1581
14463.765006,974,1586
14463.770005,929,1580
14463.775006,781,1583
14463.780006,923,1587
14463.785005,944,1578
14463.790005,752,1588
14463.795006,811,1591
14463.800007,958,1591
14463.805006,811,1596
14463.810006,797,1598
14463.815006,992,1597
14463.820006,915,1600
14463.825006,776,1603
14463.830005,929,1606
14463.835005,955,1602
14463.840006,754,1607
14463.845006,829,1601
14463.850005,972,1606
14463.855006,798,1609
14463.860006,808,1611
14463.865007,972,1610
14463.870006,924,1610
14463.875006,765,1612
14463.880007,940,1607
14463.885006,930,1612
14463.890006,771,1611
14463.895005,821,1610
14463.900007,980,1610
14463.905006,813,1611
14463.910006,795,1618
14463.915006,991,1621
14463.920005,914,1624
14463.925005,787,1621
14463.930005,937,1624
14463.935006,928,1632
14463.940007,765,1632
14463.945006,822,1635
14463.950006,966,1635
14463.955006,821,1640
14463.960006,805,1642
14463.965006,977,1646
14463.970006,934,1648
14463.975006,769,1651
14463.980006,949,1646
14463.985005,935,1647
14463.990006,766,1650
14463.995007,822,1645
14464.000007,962,1646
14464.005006,824,1643
14464.010006,811,1643
14464.015006,974,1638
14464.020005,929,1636
14464.025006,767,1638
14464.030005,941,1633
14464.035007,939,1632
14464.040006,766,1631
14464.045005,840,1631
14464.050005,969,1632
14464.055005,796,1633
14464.060007,816,1629
14464.065006,978,1631
14464.070006,910,1631
14464.075006,783,1626
14464.080007,947,1629
14464.085007,941,1626
14464.090005,750,1630
14464.095006,836,1626
14464.100006,961,1628
14464.105007,811,1624
14464.110005,819,1624
14464.115006,979,1621
14464.120006,908,1623
14464.125007,765,1617
14464.130007,950,1610
14464.135006,930,1614
14464.140007,746,1611
14464.145005,838,1608
14464.150006,971,1606
14464.155005,792,1610
14464.160006,812,1604
14464.165007,972,1600
14464.170006,918,1602
14464.175007,766,1602
14464.180006,931,1597
14464.185006,942,1598
14464.190005,762,1600
14464.195007,816,1602
14464.200006,978,1602
14464.205005,799,1595
14464.210005,801,1599
14464.215007,972,1604
14464.220006,908,1597
14464.225006,781,1602
14464.230006,934,1599
14464.235006,946,1600
14464.240006,753,1598
14464.245006,837,1598
14464.250005,956,1601
14464.255005,802,1596
14464.260006,800,1596
14464.265007,993,1595
14464.270006,907,1598
14464.275006,783,1599
14464.280006,942,1590
14464.285007,937,1596
14464.290006,753,1587
14464.295006,839,1595
14464.300006,960,1597
14464.305006,802,1593
14464.310007,801,1596
14464.315007,969,1604
14464.320005,913,1601
14464.325005,773,1601
14464.330006,951,1599
14464.335006,945,1601
14464.340006,757,1601
14464.345006,827,1600
14464.350005,966,1598
14464.355006,802,1600
14464.360006,805,1600
14464.365007,973,1598
14464.370007,901,1598
14464.375005,777,1600
14464.380005,948,1597
14464.385006,940,1596
14464.390006,754,1596
14464.395006,836,1593
14464.400006,963,1592
14464.405006,805,1591
14464.410007,807,1594
14464.415006,973,1593
14464.420005,895,1594
14464.425006,778,1592
14464.430006,939,1590
14464.435007,926,1593
14464.440007,769,1592
14464.445006,834,1592
14464.450005,970,1590
14464.455006,795,1593
14464.460006,799,1595
14464.465007,984,1594
14464.470006,893,1596
14464.475006,779,1596
14464.480006,930,1600
14464.485006,939,1596
14464.490006,748,1599
14464.495007,850,1598
14464.500005,965,1601
14464.505005,787,1602
14464.510006,815,1605
14464.515006,977,1605
14464.520006,892,1607
14464.525006,785,1606
14464.530006,948,1611
14464.535006,929,1612
14464.540006,765,1608
14464.545005,831,1608
14464.550006,961,1611
14464.555006,791,1613
14464.560007,818,1612
14464.565006,981,1612
14464.570007,896,1612
14464.575006,789,1613
14464.580006,947,1611
14464.585006,928,1615
14464.590006,768,1614
14464.595007,840,1614
14464.600006,955,1613
14464.605006,796,1615
14464.610006,807,1617
14464.615007,974,1614
14464.620006,902,1613
14464.625006,772,1613
14464.630006,960,1612
14464.635006,939,1613
14464.640006,761,1612
14464.645006,833,1614
14464.650007,976,1610
14464.655006,787,1613
14464.660006,799,1614
14464.665006,989,1615
14464.670006,895,1616
14464.675006,769,1614
14464.680006,954,1614
14464.685006,928,1616
14464.690006,772,1613
14464.695006,836,1613
14464.700005,978,1614
14464.705007,785,1611
14464.710006,800,1614
14464.715006,995,1610
14464.720005,897,1612
14464.725005,780,1610
14464.730006,944,1610
14464.735006,947,1608
14464.740006,754,1608
14464.745006,850,1606
14464.750006,968,1598
14464.755006,796,1608
14464.760005,808,1604
14464.765006,982,1602
14464.770005,894,1602
14464.775006,769,1602
14464.780007,957,1601
14464.785006,937,1599
14464.790006,749,1605
14464.795005,851,1600
14464.800006,955,1599
14464.805006,793,1597
14464.810005,815,1601
14464.815006,987,1604
14464.820006,886,1607
14464.825006,788,1606
14464.830005,941,1609
14464.835005,937,1609
14464.840007,754,1611
14464.845006,858,1607
14464.850006,964,1612
14464.855006,778,1614
14464.860006,825,1612
14464.865005,974,1614
14464.870005,907,1611
14464.875006,773,1611
14464.880006,950,1610
14464.885005,942,1609
14464.890006,753,1608
14464.895007,837,1604
14464.900005,966,1606
14464.905005,782,1608
14464.910006,816,1606
14464.915006,985,1605
14464.920006,885,1608
14464.925007,790,1609
14464.930006,959,1609
14464.935006,924,1610
14464.940006,761,1608
14464.945006,857,1610
14464.950006,957,1614
14464.955005,790,1609
14464.960005,813,1614
14464.965006,974,1609
14464.970006,898,1616
14464.975006,776,1617
14464.980006,966,1619
14464.985006,930,1615
14464.990006,763,1617
14464.995006,841,1619
14465.000005,973,1616
14465.005006,774,1619
14465.010005,823,1616
14465.015006,981,1613
14465.020007,883,1619
14465.025005,788,1608
14465.030005,965,1614
14465.035006,925,1617
14465.040006,766,1612
14465.045006,845,1614
14465.050007,963,1607
14465.055005,779,1612
14465.060006,822,1608
14465.065007,993,1604
14465.070006,881,1603
14465.075005,786,1601
14465.080007,955,1600
14465.085007,922,1604
14465.090006,763,1601
14465.095005,845,1600
14465.100006,966,1599
14465.105007,794,1595
14465.110006,799,1598
14465.115006,993,1594
14465.120006,876,1596
14465.125006,789,1595
14465.130007,944,1594
14465.135006,936,1592
14465.140006,761,1590
14465.145005,843,1594
14465.150006,964,1587
14465.155006,782,1588
14465.160006,797,1594
14465.165007,981,1589
14465.170006,894,1591
14465.175007,776,1589
14465.180006,960,1590
14465.185006,923,1589
14465.190006,763,1589
14465.195007,845,1593
14465.200006,961,1588
14465.205005,784,1593
14465.210005,798,1596
14465.215007,982,1591
14465.220006,894,1594
14465.225006,775,1593
14465.230006,968,1592
14465.235006,931,1594
14465.240006,762,1591
14465.245006,856,1593
14465.250006,949,1593
14465.255006,779,1596
14465.260006,813,1593
14465.265007,980,1591
14465.270006,874,1589
14465.275006,787,1593
14465.280006,952,1593
14465.285006,929,1589
14465.290006,758,1595
14465.295006,862,1593
14465.300007,958,1601
14465.305006,768,1600
14465.310007,811,1606
14465.315006,972,1605
14465.320006,869,1604
14465.325006,789,1609
14465.330006,959,1607
14465.335007,924,1613
14465.340005,765,1611
14465.345005,856,1613
14465.350005,952,1616
14465.355006,786,1614
14465.360006,809,1615
14465.365006,989,1615
14465.370005,876,1617
14465.375005,783,1621
14465.380005,958,1614
14465.385006,943,1611
14465.390006,751,1615
14465.395006,871,1612
14465.400006,952,1617
14465.405006,788,1615
14465.410005,813,1616
14465.415005,974,1619
14465.420006,888,1620
14465.425006,790,1614
14465.430005,965,1623
14465.435006,927,1623
14465.440006,750,1624
14465.445006,852,1630
14465.450006,972,1628
14465.455006,772,1632
14465.460007,804,1625
14465.465006,994,1631
14465.470007,876,1632
14465.475005,790,1634
14465.480006,976,1635
14465.485006,930,1636
14465.490007,749,1635
14465.495007,873,1637
14465.500006,957,1635
14465.505006,766,1640
14465.510006,823,1637
14465.515007,972,1639
14465.520007,890,1635
14465.525006,789,1635
14465.530006,965,1635
14465.535006,922,1639
14465.540006,753,1639
14465.545006,877,1636
14465.550007,953,1638
14465.555005,791,1638
14465.560007,810,1636
14465.565006,972,1635
14465.570006,896,1634
14465.575006,784,1637
14465.580005,963,1634
14465.585006,923,1632
14465.590006,768,1631
14465.595006,866,1631
14465.600005,964,1626
14465.605006,770,1626
14465.610005,819,1622
14465.615005,983,1622
14465.620005,868,1621
14465.625006,792,1616
14465.630006,966,1613
14465.635006,930,1615
14465.640006,753,1612
14465.645006,876,1611
14465.650007,952,1607
14465.655006,781,1608
14465.660007,805,1608
14465.665006,986,1606
14465.670005,874,1603
14465.675006,770,1608
14465.680005,974,1603
14465.685005,923,1606
14465.690006,772,1600
14465.695007,862,1601
14465.700006,961,1603
14465.705006,781,1603
14465.710006,801,1602
14465.715006,987,1601
14465.720006,864,1604
14465.725006,772,1603
14465.730005,973,1604
14465.735006,930,1599
14465.740006,747,1602
14465.745005,870,1603
14465.750006,945,1605
14465.755006,769,1596
14465.760006,819,1601
14465.765007,968,1601
14465.770005,870,1599
14465.775007,791,1593
14465.780007,954,1600
14465.785006,933,1601
14465.790007,750,1600
14465.795006,873,1598
14465.800006,969,1601
14465.805005,772,1600
14465.810006,802,1603
14465.815005,988,1603
14465.820006,863,1599
14465.825006,794,1601
14465.830005,964,1602
14465.835006,932,1594
14465.840005,761,1605
14465.845006,861,1605
14465.850006,964,1606
14465.855006,767,1599
14465.860006,807,1601
14465.865006,997,1602
14465.870006,877,1602
14465.875006,787,1602
14465.880007,957,1604
14465.885005,940,1600
14465.890006,750,1601
14465.895007,878,1598
14465.900006,946,1601
14465.905006,787,1596
14465.910006,815,1598
14465.915006,990,1601
14465.920006,866,1603
14465.925006,788,1603
14465.930005,964,1604
14465.935007,940,1603
14465.940007,759,1606
14465.945005,872,1609
14465.950005,961,1598
14465.955007,782,1610
14465.960006,824,1611
14465.965005,976,1611
14465.970006,875,1610
14465.975006,780,1611
14465.980007,981,1609
14465.985006,931,1608
14465.990006,751,1611
14465.995006,891,1604
14466.000005,961,1602
14466.005005,771,1603
14466.010005,804,1605
14466.015006,992,1601
14466.020006,861,1598
14466.025006,777,1601
14466.030005,976,1600
14466.035006,925,1601
14466.040006,771,1599
14466.045006,875,1602
14466.050007,942,1604
14466.055006,780,1600
14466.060006,813,1603
14466.065006,966,1610
14466.070006,863,1608
14466.075007,799,1603
14466.080005,974,1610
14466.085006,925,1611
14466.090006,768,1611
14466.095007,871,1613
14466.100005,950,1613
14466.105006,785,1612
14466.110006,814,1612
14466.115006,986,1608
14466.120006,867,1609
14466.125005,784,1611
14466.130005,983,1609
14466.135006,934,1607
14466.140006,761,1607
14466.145005,885,1602
14466.150006,962,1604
14466.155006,761,1605
14466.160006,811,1596
14466.165006,984,1602
14466.170006,871,1607
14466.175006,785,1605
14466.180006,975,1603
14466.185006,916,1606
14466.190006,765,1606
14466.195006,888,1608
14466.200006,960,1608
14466.205006,766,1606
14466.210007,805,1613
14466.215007,990,1607
14466.220006,850,1614
14466.225006,797,1609
14466.230007,960,1614
14466.235005,932,1612
14466.240006,765,1613
14466.245006,882,1611
14466.250005,962,1611
14466.255006,778,1611
14466.260005,811,1612
14466.265006,988,1611
14466.270005,855,1613
14466.275006,789,1609
14466.280006,966,1609
14466.285006,936,1607
14466.290006,774,1605
14466.295007,882,1606
14466.300006,945,1606
14466.305006,760,1604
14466.310007,804,1605
14466.315005,993,1602
14466.320006,865,1602
14466.325007,794,1602
14466.330006,961,1600
14466.335006,936,1592
14466.340006,753,1596
14466.345006,869,1595
14466.350007,963,1593
14466.355006,761,1591
14466.360006,804,1590
14466.365007,966,1589
14466.370006,862,1590
14466.375005,780,1588
14466.380005,961,1587
14466.385007,934,1584
14466.390006,767,1588
14466.395006,882,1583
14466.400007,936,1586
14466.405006,770,1583
14466.410006,801,1583
14466.415006,987,1581
14466.420005,863,1581
14466.425006,786,1580
14466.430006,961,1582
14466.435006,926,1582
14466.440006,750,1580
14466.445006,893,1579
14466.450006,952,1577
14466.455005,755,1580
14466.460005,801,1582
14466.465006,988,1581
14466.470006,850,1578
14466.475005,779,1582
14466.480007,978,1581
14466.485007,928,1581
14466.490007,751,1582
14466.495006,875,1586
14466.500006,950,1584
14466.505005,757,1584
14466.510007,803,1589
14466.515007,976,1583
14466.520007,843,1589
14466.525006,798,1590
14466.530005,976,1591
14466.535006,920,1595
14466.540007,772,1596
14466.545006,884,1598
14466.550006,940,1603
14466.555006,773,1604
14466.560006,805,1610
14466.565005,967,1611
14466.570006,860,1609
14466.575005,799,1611
14466.580005,975,1612
14466.585005,927,1614
14466.590006,760,1617
14466.595006,904,1614
14466.600005,955,1615
14466.605007,764,1617
14466.610006,833,1614
14466.615006,984,1615
14466.620006,843,1618
14466.625005,808,1612
14466.630006,976,1615
14466.635006,921,1616
14466.640006,756,1616
14466.645006,908,1617
14466.650006,952,1616
14466.655006,757,1616
14466.660006,830,1619
14466.665007,976,1618
14466.670006,862,1614
14466.675006,789,1618
14466.680006,985,1618
14466.685007,930,1619
14466.690006,766,1617
14466.695007,898,1625
14466.700006,950,1626
14466.705006,780,1623
14466.710007,815,1628
14466.715006,969,1635
14466.720007,855,1633
14466.725006,791,1634
14466.730007,991,1633
14466.735007,923,1634
14466.740006,771,1634
14466.745006,891,1637
14466.750005,968,1633
14466.755006,767,1635
14466.760005,812,1634
14466.765006,989,1626
14466.770006,854,1630
14466.775006,795,1631
14466.780005,993,1629
14466.785007,927,1628
14466.790007,766,1624
14466.795006,910,1626
14466.800005,950,1624
14466.805005,759,1626
14466.810006,825,1624
14466.815006,978,1621
14466.820005,841,1623
14466.825005,803,1618
14466.830006,972,1618
14466.835006,936,1619
14466.840006,759,1617
14466.845007,911,1615
14466.850006,956,1613
14466.855006,762,1613
14466.860005,827,1611
14466.865006,973,1615
14466.870007,854,1613
14466.875007,802,1610
14466.880006,972,1609
14466.885006,924,1612
14466.890006,773,1600
14466.895005,892,1608
14466.900006,964,1605
14466.905006,769,1596
14466.910006,819,1606
14466.915006,967,1605
14466.920006,855,1601
14466.925006,799,1602
14466.930005,968,1603
14466.935006,918,1602
14466.940005,775,1597
14466.945007,911,1601
14466.950006,948,1599
14466.955005,757,1595
14466.960005,825,1595
14466.965006,967,1597
14466.970006,858,1591
14466.975006,797,1592
14466.980006,978,1590
14466.985005,920,1592
14466.990006,757,1595
14466.995007,909,1587
14467.000006,949,1590
14467.005007,755,1590
14467.010006,831,1588
14467.015006,971,1586
14467.020005,829,1595
14467.025006,786,1593
14467.030005,990,1587
14467.035007,933,1590
14467.040006,768,1592
14467.045006,907,1592
14467.050006,952,1594
14467.055005,758,1595
14467.060006,816,1592
14467.065005,962,1597
14467.070006,846,1596
14467.075006,791,1601
14467.080006,973,1601
14467.085006,917,1603
14467.090007,779,1603
14467.095006,909,1604
14467.100006,939,1604
14467.105006,753,1606
14467.110005,828,1606
14467.115007,976,1609
14467.120005,840,1606
14467.125007,788,1612
14467.130007,979,1598
14467.135005,932,1608
14467.140005,765,1609
14467.145006,893,1612
14467.150007,956,1610
14467.155006,756,1613
14467.160006,810,1616
14467.165006,985,1615
14467.170006,831,1612
14467.175006,807,1617
14467.180006,978,1619
14467.185006,918,1623
14467.190006,772,1621
14467.195006,905,1622
14467.200007,964,1624
14467.205005,772,1625
14467.210006,813,1630
14467.215006,975,1628
14467.220006,832,1633
14467.225006,812,1630
14467.230006,981,1629
14467.235005,920,1630
14467.240006,780,1630
14467.245005,912,1633
14467.250007,961,1627
14467.255007,763,1628
14467.260006,820,1626
14467.265006,969,1630
14467.270007,841,1628
14467.275006,800,1627
14467.280005,989,1619
14467.285006,930,1625
14467.290006,765,1628
14467.295006,925,1626
14467.300007,949,1625
14467.305007,764,1627
14467.310007,833,1624
14467.315006,980,1627
14467.320007,833,1629
14467.325006,793,1628
14467.330006,988,1626
14467.335006,928,1625
14467.340005,780,1628
14467.345005,908,1627
14467.350006,951,1619
14467.355007,773,1624
14467.360006,816,1627
14467.365006,969,1624
14467.370006,850,1622
14467.375006,803,1624
14467.380007,988,1620
14467.385006,932,1620
14467.390007,765,1620
14467.395006,918,1611
14467.400006,947,1618
14467.405005,761,1612
14467.410006,826,1616
14467.415006,984,1611
14467.420006,832,1615
14467.425006,792,1612
14467.430006,969,1615
14467.435007,936,1613
14467.440006,768,1611
14467.445005,901,1611
14467.450005,954,1608
14467.455007,758,1608
14467.460006,826,1604
14467.465005,987,1607
14467.470006,840,1606
14467.475005,794,1602
14467.480007,967,1604
14467.485006,917,1602
14467.490007,762,1600
14467.495006,901,1594
14467.500005,951,1596
14467.505005,752,1600
14467.510006,820,1596
14467.515006,974,1593
14467.520007,825,1589
14467.525006,803,1590
14467.530006,972,1592
14467.535006,939,1592
14467.540007,757,1595
14467.545007,919,1596
14467.550005,940,1595
14467.555005,753,1599
14467.560007,828,1595
14467.565007,970,1602
14467.570006,829,1595
14467.575006,810,1601
14467.580005,969,1604
14467.585005,929,1604
14467.590007,757,1610
14467.595007,911,1605
14467.600005,960,1606
14467.605006,759,1607
14467.610006,828,1600
14467.615006,975,1603
14467.620005,824,1599
14467.625007,792,1607
14467.630007,985,1605
14467.635006,914,1605
14467.640006,773,1604
14467.645006,905,1602
14467.650006,945,1604
14467.655006,757,1605
14467.660006,837,1604
14467.665007,967,1608
14467.670005,840,1609
14467.675006,801,1614
14467.680005,992,1611
14467.685007,920,1614
14467.690006,775,1615
14467.695006,911,1619
14467.700006,937,1620
14467.705007,766,1617
14467.710007,821,1624
14467.715006,968,1625
14467.720007,839,1624
14467.725006,805,1631
14467.730007,973,1629
14467.735006,921,1627
14467.740007,782,1630
14467.745007,923,1625
14467.750006,943,1628
14467.755007,766,1619
14467.760007,822,1628
14467.765007,971,1628
14467.770005,842,1626
14467.775006,801,1626
14467.780006,998,1624
14467.785006,937,1625
14467.790005,778,1619
14467.795006,913,1625
14467.800006,949,1620
14467.805006,754,1626
14467.810006,832,1621
14467.815006,971,1620
14467.820006,840,1620
14467.825005,802,1620
14467.830006,992,1619
14467.835006,922,1620
14467.840006,783,1619
14467.845007,921,1617
14467.850005,938,1620
14467.855007,776,1612
14467.860005,824,1616
14467.865007,962,1615
14467.870005,835,1612
14467.875006,798,1614
14467.880006,969,1612
14467.885007,935,1609
14467.890007,768,1610
14467.895006,915,1603
14467.900006,956,1608
14467.905005,761,1606
14467.910006,815,1608
14467.915007,986,1606
14467.920006,814,1611
14467.925006,809,1607
14467.930005,976,1608
14467.935007,932,1601
14467.940006,780,1603
14467.945007,917,1605
14467.950006,950,1603
14467.955006,760,1605
14467.960006,810,1609
14467.965005,987,1603
14467.970006,824,1603
14467.975005,796,1604
14467.980007,989,1596
14467.985006,927,1602
14467.990006,775,1602
14467.995006,914,1601
14468.000006,957,1598
14468.005006,766,1598
14468.010005,821,1598
14468.015006,983,1597
14468.020005,824,1596
14468.025006,796,1593
14468.030005,990,1593
14468.035006,929,1591
14468.040006,767,1592
14468.045006,914,1595
14468.050007,933,1591
14468.055005,769,1585
14468.060007,822,1587
14468.065006,965,1592
14468.070007,833,1588
14468.075006,797,1593
14468.080007,989,1589
14468.085006,929,1586
14468.090006,764,1587
14468.095006,910,1590
14468.100006,954,1588
14468.105006,767,1588
14468.110007,815,1589
14468.115005,962,1591
14468.120006,831,1587
14468.125005,798,1590
14468.130005,973,1589
14468.135006,935,1589
14468.140007,772,1590
14468.145006,935,1590
14468.150006,935,1591
14468.155005,772,1592
14468.160006,817,1593
14468.165007,984,1587
14468.170007,824,1585
14468.175006,809,1593
14468.180006,978,1595
14468.185006,915,1597
14468.190006,761,1599
14468.195006,930,1596
14468.200006,941,1599
14468.205005,754,1591
14468.210006,828,1594
14468.215005,971,1595
14468.220006,814,1595
14468.225006,817,1591
14468.230006,984,1594
14468.235005,923,1596
14468.240006,756,1596
14468.245005,932,1595
14468.250006,947,1597
14468.255006,751,1596
14468.260007,828,1594
14468.265006,962,1598
14468.270006,822,1596
14468.275007,806,1596
14468.280007,984,1595
14468.285005,922,1602
14468.290005,766,1604
14468.295006,925,1600
14468.300007,940,1606
14468.305006,750,1607
14468.310006,835,1607
14468.315006,969,1610
14468.320005,807,1612
14468.325005,811,1611
14468.330007,981,1613
14468.335006,912,1621
14468.340006,772,1614
14468.345006,926,1613
14468.350006,956,1613
14468.355006,762,1616
14468.360005,820,1611
14468.365006,971,1617
14468.370006,810,1618
14468.375006,809,1612
14468.380007,979,1612
14468.385006,935,1612
14468.390006,772,1610
14468.395005,937,1605
14468.400006,944,1609
14468.405006,755,1609
14468.410007,814,1609
14468.415006,986,1609
14468.420006,809,1609
14468.425007,810,1608
14468.430005,973,1612
14468.435007,937,1610
14468.440007,765,1611
14468.445006,929,1605
14468.450005,948,1613
14468.455006,749,1617
14468.460007,836,1611
14468.465005,980,1616
14468.470006,805,1617
14468.475007,810,1610
14468.480006,985,1618
14468.485005,922,1620
14468.490006,775,1615
14468.495005,928,1618
14468.500006,939,1621
14468.505006,757,1621
14468.510006,811,1622
14468.515005,981,1618
14468.520005,808,1619
14468.525006,816,1620
14468.530007,983,1618
14468.535005,917,1619
14468.540005,766,1620
14468.545007,936,1618
14468.550006,937,1617
14468.555006,770,1621
14468.560006,821,1622
14468.565006,967,1622
14468.570006,805,1617
14468.575006,818,1622
14468.580006,982,1625
14468.585006,916,1620
14468.590007,781,1624
14468.595007,934,1624
14468.600006,936,1621
14468.605006,764,1624
14468.610005,817,1624
14468.615006,966,1620
14468.620006,817,1618
14468.625006,803,1622
14468.630006,977,1619
14468.635006,935,1616
14468.640007,768,1616
14468.645006,922,1615
14468.650007,952,1608
14468.655006,756,1610
14468.660007,815,1612
14468.665007,980,1606
14468.670005,809,1609
14468.675005,815,1602
14468.680006,988,1604
14468.685005,918,1610
14468.690006,763,1612
14468.695006,946,1607
14468.700005,935,1611
14468.705006,748,1613
14468.710007,824,1611
14468.715005,961,1613
14468.720006,824,1612
14468.725006,805,1612
14468.730006,990,1610
14468.735005,924,1615
14468.740007,774,1612
14468.745007,923,1616
14468.750006,948,1615
14468.755006,757,1615
14468.760006,828,1613
14468.765006,981,1619
14468.770006,803,1619
14468.775007,821,1617
14468.780006,987,1617
14468.785006,920,1618
14468.790006,774,1612
14468.795006,940,1618
14468.800006,937,1617
14468.805005,750,1619
14468.810007,831,1616
14468.815006,983,1619
14468.820007,805,1619
14468.825006,796,1620
14468.830005,995,1617
14468.835006,919,1614
14468.840005,767,1617
14468.845007,946,1613
14468.850006,952,1616
14468.855007,755,1613
14468.860006,836,1613
14468.865007,966,1613
14468.870007,795,1613
14468.875006,812,1608
14468.880007,992,1607
14468.885005,915,1612
14468.890006,766,1613
14468.895007,938,1612
14468.900005,945,1610
14468.905005,758,1612
14468.910006,814,1612
14468.915006,985,1610
14468.920005,803,1612
14468.925005,810,1604
14468.930005,981,1608
14468.935006,910,1614
14468.940006,781,1608
14468.945006,926,1610
14468.950006,950,1607
14468.955005,747,1611
14468.960005,835,1608
14468.965006,970,1604
14468.970005,798,1607
14468.975005,809,1608
14468.980007,969,1609
14468.985006,925,1602
14468.990006,771,1603
14468.995005,940,1601
14469.000006,942,1604
14469.005006,751,1603
14469.010006,810,1601
14469.015007,981,1595
14469.020006,805,1602
14469.025006,794,1605
14469.030006,989,1601
14469.035006,911,1603
14469.040006,771,1605
14469.045005,929,1605
14469.050006,940,1600
14469.055006,765,1607
14469.060006,822,1607
14469.065005,960,1612
14469.070007,807,1611
14469.075006,803,1614
14469.080006,989,1614
14469.085006,908,1616
14469.090005,775,1616
14469.095006,929,1613
14469.100007,947,1614
14469.105005,753,1616
14469.110006,819,1616
14469.115005,980,1612
14469.120005,812,1612
14469.125006,811,1612
14469.130006,981,1611
14469.135006,931,1606
14469.140006,779,1609
14469.145005,934,1608
14469.150006,936,1608
14469.155005,751,1608
14469.160006,838,1608
14469.165006,960,1611
14469.170005,817,1608
14469.175006,818,1609
14469.180006,978,1608
14469.185007,905,1613
14469.190006,789,1612
14469.195006,932,1612
14469.200007,944,1611
14469.205006,754,1613
14469.210007,843,1612
14469.215006,967,1612
14469.220006,797,1613
14469.225006,819,1608
14469.230007,990,1610
14469.235006,913,1610
14469.240007,782,1608
14469.245007,945,1610
14469.250006,929,1609
14469.255006,769,1608
14469.260007,833,1606
14469.265006,965,1607
14469.270006,799,1605
14469.275006,797,1608
14469.280005,995,1602
14469.285007,917,1604
14469.290006,767,1605
14469.295006,932,1607
14469.300006,950,1604
14469.305007,758,1606
14469.310007,820,1608
14469.315006,982,1604
14469.320006,806,1605
14469.325005,803,1605
14469.330007,990,1602
14469.335007,910,1604
14469.340006,767,1606
14469.345006,946,1603
14469.350006,938,1602
14469.355007,749,1603
14469.360006,838,1604
14469.365006,962,1607
14469.370006,792,1604
14469.375005,813,1601
14469.380006,976,1603
14469.385006,917,1601
14469.390006,773,1601
14469.395006,958,1598
14469.400006,945,1600
14469.405006,757,1598
14469.410007,842,1598
14469.415007,967,1599
14469.420005,783,1599
14469.425006,818,1596
14469.430006,978,1596
14469.435006,920,1596
14469.440006,784,1593
14469.445006,937,1594
14469.450005,945,1592
14469.455007,756,1594
14469.460007,825,1597
14469.465005,954,1598
14469.470006,806,1592
14469.475006,806,1592
14469.480006,988,1589
14469.485007,905,1591
14469.490006,781,1591
14469.495005,940,1592
14469.500006,940,1592
14469.505006,755,1594
14469.510006,828,1593
14469.515007,953,1591
14469.520006,798,1595
14469.525006,804,1593
14469.530006,993,1593
14469.535006,904,1593
14469.540006,765,1592
14469.545006,948,1594
14469.550006,935,1593
14469.555006,748,1595
14469.560005,839,1595
14469.565005,965,1597
14469.570007,789,1595
14469.575007,798,1594
14469.580006,992,1593
14469.585006,919,1590
14469.590006,769,1593
14469.595006,954,1590
14469.600006,942,1591
14469.605007,748,1593
14469.610006,832,1589
14469.615006,978,1588
14469.620005,787,1589
14469.625006,822,1588
14469.630006,974,1589
14469.635005,915,1587
14469.640006,769,1589
14469.645005,953,1587
14469.650006,933,1586
14469.655006,745,1589
14469.660005,843,1588
14469.665005,956,1588
14469.670007,796,1589
14469.675006,810,1584
14469.680006,981,1590
14469.685006,912,1591
14469.690005,777,1590
14469.695007,936,1591
14469.700006,942,1587
14469.705006,759,1589
14469.710007,847,1587
14469.715006,961,1588
14469.720006,797,1582
14469.725007,802,1587
14469.730005,968,1590
14469.735005,899,1586
14469.740006,768,1586
14469.745006,953,1582
14469.750006,937,1582
14469.755006,750,1582
14469.760005,848,1581
14469.765006,955,1580
14469.770006,801,1576
14469.775007,807,1580
14469.780005,973,1579
14469.785006,906,1578
14469.790006,781,1581
14469.795006,937,1584
14469.800007,943,1586
14469.805005,753,1587
14469.810005,843,1587
14469.815006,954,1590
14469.820005,777,1594
14469.825005,813,1592
14469.830006,974,1599
14469.835006,891,1596
14469.840007,794,1595
14469.845007,948,1600
14469.850006,929,1600
14469.855006,769,1603
14469.860006,838,1604
14469.865006,971,1603
14469.870006,783,1603
14469.875006,816,1603
14469.880006,978,1604
14469.885005,891,1605
14469.890007,787,1602
14469.895006,954,1603
14469.900006,931,1602
14469.905006,764,1600
14469.910006,854,1599
14469.915006,952,1608
14469.920006,781,1609
14469.925006,810,1608
14469.930006,973,1610
14469.935006,904,1612
14469.940006,773,1613
14469.945007,956,1613
14469.950006,927,1617
14469.955005,770,1615
14469.960006,843,1621
14469.965006,971,1619
14469.970006,792,1624
14469.975005,811,1617
14469.980006,993,1625
14469.985005,889,1626
14469.990006,800,1624
14469.995007,958,1628
14470.000005,933,1627
14470.005006,760,1623
14470.010006,859,1630
14470.015006,959,1631
14470.020006,785,1631
14470.025007,830,1629
14470.030006,986,1634
14470.035006,897,1634
14470.040007,785,1628
14470.045005,955,1633
14470.050005,950,1634
14470.055005,770,1633
14470.060006,848,1634
14470.065007,983,1631
14470.070007,784,1634
14470.075006,827,1630
14470.080006,985,1633
14470.085006,915,1632
14470.090006,786,1634
14470.095007,968,1631
14470.100005,940,1633
14470.105006,755,1633
14470.110005,868,1630
14470.115007,969,1629
14470.120006,780,1633
14470.125006,828,1628
14470.130007,976,1631
14470.135005,888,1629
14470.140006,797,1626
14470.145006,961,1622
14470.150005,946,1622
14470.155005,760,1622
14470.160006,847,1623
14470.165007,981,1619
14470.170005,787,1616
14470.175006,815,1618
14470.180005,986,1610
14470.185006,896,1616
14470.190006,790,1614
14470.195006,953,1614
14470.200005,928,1618
14470.205007,765,1612
14470.210007,864,1612
14470.215005,959,1616
14470.220006,794,1611
14470.225007,815,1614
14470.230006,981,1611
14470.235006,904,1612
14470.240007,778,1612
14470.245007,955,1608
14470.250005,949,1608
14470.255006,761,1607
14470.260005,853,1606
14470.265006,979,1604
14470.270005,780,1608
14470.275007,803,1608
14470.280006,998,1605
14470.285005,883,1607
14470.290006,794,1605
14470.295005,956,1606
14470.300006,926,1609
14470.305006,764,1606
14470.310006,851,1611
14470.315005,971,1603
14470.320006,777,1612
14470.325006,821,1612
14470.330006,981,1612
14470.335006,880,1619
14470.340006,787,1615
14470.345007,963,1616
14470.350006,936,1615
14470.355007,751,1619
14470.360007,862,1615
14470.365006,959,1618
14470.370006,777,1618
14470.375005,820,1614
14470.380005,976,1613
14470.385007,902,1612
14470.390005,778,1614
14470.395006,965,1612
14470.400006,939,1612
14470.405006,761,1610
14470.410006,873,1613
14470.415007,957,1612
14470.420005,793,1614
14470.425005,814,1617
14470.430006,979,1617
14470.435006,898,1619
14470.440005,782,1620
14470.445006,951,1624
14470.450006,939,1622
14470.455005,771,1624
14470.460006,860,1626
14470.465006,970,1625
14470.470006,780,1625
14470.475006,827,1626
14470.480006,976,1628
14470.485005,887,1623
14470.490006,782,1624
14470.495005,980,1618
14470.500007,930,1621
14470.505006,755,1621
14470.510007,852,1620
14470.515007,956,1616
14470.520005,792,1617
14470.525006,805,1616
14470.530005,999,1611
14470.535006,879,1613
14470.540007,778,1609
14470.545006,957,1613
14470.550006,948,1614
14470.555005,760,1613
14470.560006,863,1611
14470.565006,961,1613
14470.570006,788,1611
14470.575006,816,1612
14470.580006,976,1615
14470.585006,871,1616
14470.590006,784,1614
14470.595006,973,1612
14470.600005,942,1613
14470.605006,768,1612
14470.610006,858,1615
14470.615006,950,1614
14470.620006,789,1613
14470.625006,808,1611
14470.630006,982,1608
14470.635005,874,1607
14470.640006,789,1609
14470.645006,958,1609
14470.650006,940,1602
14470.655006,760,1606
14470.660006,870,1600
14470.665006,961,1608
14470.670006,773,1606
14470.675006,810,1606
14470.680006,991,1605
14470.685007,870,1605
14470.690006,799,1605
14470.695007,962,1603
14470.700006,924,1603
14470.705005,771,1607
14470.710005,864,1602
14470.715006,953,1602
14470.720006,770,1606
14470.725005,827,1596
14470.730006,988,1599
14470.735005,878,1600
14470.740005,785,1600
14470.745006,959,1599
14470.750005,923,1596
14470.755005,749,1599
14470.760006,865,1597
14470.765007,954,1598
14470.770005,784,1595
14470.775006,808,1597
14470.780005,973,1598
14470.785006,884,1597
14470.790006,788,1599
14470.795006,958,1600
14470.800006,940,1599
14470.805006,763,1598
14470.810006,867,1602
14470.815006,952,1604
14470.820007,783,1603
14470.825007,811,1603
14470.830005,993,1601
14470.835006,876,1603
14470.840006,780,1605
14470.845006,976,1603
14470.850006,928,1605
14470.855007,771,1605
14470.860007,866,1605
14470.865007,952,1606
14470.870006,770,1604
14470.875006,829,1601
14470.880006,986,1602
14470.885005,868,1604
14470.890006,806,1600
14470.895005,967,1601
14470.900007,928,1603
14470.905006,754,1611
14470.910006,864,1611
14470.915006,970,1605
14470.920005,773,1610
14470.925005,808,1611
14470.930005,990,1614
14470.935006,874,1618
14470.940007,796,1617
14470.945006,965,1619
14470.950005,945,1622
14470.955006,762,1624
14470.960005,875,1625
14470.965006,957,1628
14470.970006,782,1625
14470.975005,827,1625
14470.980007,983,1622
14470.985007,867,1627
14470.990005,792,1621
14470.995006,958,1622
14471.000006,943,1621
14471.005007,763,1619
14471.010006,862,1617
14471.015006,968,1614
14471.020006,776,1611
14471.025006,813,1613
14471.030006,976,1612
14471.035007,866,1616
14471.040005,799,1609
14471.045007,966,1614
14471.050006,923,1617
14471.055006,768,1614
14471.060007,867,1617
14471.065006,964,1617
14471.070006,771,1618
14471.075007,830,1618
14471.080005,985,1618
14471.085006,863,1624
14471.090005,801,1621
14471.095007,967,1624
14471.100006,933,1621
14471.105007,761,1625
14471.110006,869,1626
14471.115006,966,1621
14471.120005,779,1623
14471.125006,811,1622
14471.130007,990,1619
14471.135006,872,1621
14471.140007,786,1618
14471.145005,961,1619
14471.150006,949,1614
14471.155006,767,1614
14471.160006,866,1613
14471.165006,966,1609
14471.170005,771,1613
14471.175005,807,1614
14471.180005,978,1609
14471.185007,876,1615
14471.190006,778,1616
14471.195006,976,1614
14471.200006,931,1612
14471.205005,768,1615
14471.210006,867,1617
14471.215005,961,1613
14471.220006,769,1614
14471.225006,806,1617
14471.230006,981,1614
14471.235005,870,1614
14471.240006,806,1613
14471.245006,968,1613
14471.250006,928,1612
14471.255007,766,1611
14471.260005,865,1614
14471.265006,965,1611
14471.270005,779,1610
14471.275006,817,1606
14471.280006,988,1612
14471.285006,860,1614
14471.290006,801,1612
14471.295005,958,1615
14471.300005,935,1613
14471.305006,751,1614
14471.310006,883,1612
14471.315006,946,1615
14471.320006,782,1613
14471.325006,813,1612
14471.330006,994,1612
14471.335006,871,1612
14471.340007,782,1613
14471.345006,977,1610
14471.350005,932,1611
14471.355006,762,1609
14471.360006,886,1612
14471.365006,951,1612
14471.370007,764,1609
14471.375007,822,1609
14471.380006,973,1608
14471.385006,873,1606
14471.390006,785,1603
14471.395006,959,1607
14471.400006,940,1602
14471.405006,760,1604
14471.410007,886,1602
14471.415007,957,1603
14471.420006,776,1594
14471.425005,814,1601
14471.430006,986,1600
14471.435006,862,1600
14471.440006,782,1600
14471.445006,982,1598
14471.450005,928,1598
14471.455007,758,1598
14471.460006,869,1599
14471.465005,961,1598
14471.470006,767,1600
14471.475005,826,1599
14471.480006,971,1599
14471.485005,872,1593
14471.490007,789,1598
14471.495007,959,1606
14471.500005,943,1600
14471.505005,760,1601
14471.510007,870,1602
14471.515005,957,1604
14471.520006,780,1599
14471.525007,820,1602
14471.530007,969,1605
14471.535005,871,1602
14471.540006,796,1602
14471.545006,981,1605
14471.550007,925,1604
14471.555005,752,1607
14471.560007,896,1604
14471.565006,958,1604
14471.570006,763,1605
14471.575005,821,1608
14471.580006,993,1608
14471.585006,859,1609
14471.590006,798,1604
14471.595006,976,1612
14471.600005,924,1612
14471.605006,775,1611
14471.610006,892,1611
14471.615006,956,1609
14471.620005,761,1611
14471.625006,828,1613
14471.630006,986,1609
14471.635006,851,1614
14471.640006,798,1609
14471.645005,979,1601
14471.650006,938,1607
14471.655006,754,1610
14471.660007,894,1609
14471.665006,963,1608
14471.670006,763,1609
14471.675006,823,1603
14471.680006,979,1608
14471.685006,868,1605
14471.690006,790,1607
14471.695005,979,1605
14471.700005,925,1603
14471.705006,771,1602
14471.710006,875,1605
14471.715005,961,1602
14471.720007,762,1604
14471.725006,824,1599
14471.730007,975,1598
14471.735007,870,1594
14471.740007,787,1595
14471.745006,987,1592
14471.750005,924,1594
14471.755006,777,1587
14471.760006,883,1590
14471.765007,948,1593
14471.770007,775,1589
14471.775006,809,1589
14471.780006,988,1592
14471.785006,854,1588
14471.790006,794,1588
14471.795005,972,1591
14471.800005,920,1593
14471.805006,755,1593
14471.810006,891,1594
14471.815006,953,1594
14471.820006,767,1590
14471.825006,819,1601
14471.830006,975,1604
14471.835007,846,1603
14471.840006,801,1603
14471.845007,964,1605
14471.850006,944,1597
14471.855006,756,1608
14471.860005,893,1606
14471.865006,940,1607
14471.870005,771,1611
14471.875006,809,1607
14471.880007,987,1599
14471.885005,865,1606
14471.890006,785,1607
14471.895007,979,1609
14471.900005,932,1608
14471.905006,751,1612
14471.910006,886,1611
14471.915006,946,1611
14471.920006,774,1614
14471.925006,809,1613
14471.930006,988,1616
14471.935006,857,1616
14471.940006,783,1617
14471.945006,976,1617
14471.950006,931,1618
14471.955006,761,1624
14471.960006,882,1626
14471.965006,966,1621
14471.970006,772,1625
14471.975006,811,1627
14471.980006,989,1626
14471.985007,852,1630
14471.990006,809,1627
14471.995006,968,1632
14472.000005,933,1630
14472.005005,773,1634
14472.010006,895,1633
14472.015006,953,1634
14472.020006,769,1631
14472.025006,818,1634
14472.030006,976,1635
14472.035007,868,1631
14472.040006,797,1635
14472.045005,965,1639
14472.050005,943,1634
14472.055006,761,1637
14472.060007,896,1636
14472.065007,956,1634
14472.070005,764,1640
14472.075006,823,1638
14472.080006,979,1635
14472.085006,874,1633
14472.090006,792,1635
14472.095007,967,1641
14472.100005,940,1636
14472.105007,763,1634
14472.110006,903,1633
14472.115006,959,1635
14472.120006,763,1635
14472.125006,809,1635
14472.130006,997,1632
14472.135006,862,1629
14472.140006,786,1633
14472.145005,986,1628
14472.150006,926,1628
14472.155006,758,1629
14472.160006,907,1629
14472.165007,958,1629
14472.170006,769,1627
14472.175006,814,1629
14472.180006,974,1628
14472.185007,848,1629
14472.190007,802,1628
14472.195006,966,1627
14472.200005,947,1624
14472.205007,767,1624
14472.210007,894,1617
14472.215005,951,1620
14472.220007,774,1617
14472.225006,811,1617
14472.230007,969,1618
14472.235006,860,1613
14472.240006,784,1613
14472.245005,983,1612
14472.250006,934,1609
14472.255007,752,1611
14472.260007,902,1603
14472.265006,950,1602
14472.270006,753,1604
14472.275007,817,1604
14472.280005,978,1602
14472.285007,844,1603
14472.290006,784,1601
14472.295007,979,1594
14472.300006,926,1601
14472.305006,754,1602
14472.310006,881,1603
14472.315006,960,1601
14472.320006,756,1605
14472.325006,806,1604
14472.330005,980,1602
14472.335005,839,1605
14472.340007,809,1598
14472.345007,974,1601
14472.350006,922,1604
14472.355006,775,1600
14472.360007,890,1602
14472.365006,939,1603
14472.370006,771,1600
14472.375006,804,1602
14472.380006,987,1599
14472.385006,837,1602
14472.390006,800,1598
14472.395005,981,1598
14472.400006,918,1600
14472.405005,765,1596
14472.410006,882,1598
14472.415006,961,1596
14472.420006,763,1597
14472.425006,803,1600
14472.430005,988,1598
14472.435007,836,1602
14472.440006,784,1602
14472.445006,968,1601
14472.450006,944,1601
14472.455006,778,1594
14472.460006,891,1601
14472.465006,941,1601
14472.470007,753,1605
14472.475006,817,1594
14472.480007,978,1601
14472.485006,837,1601
14472.490007,791,1602
14472.495006,963,1606
14472.500005,932,1601
14472.505005,757,1597
14472.510006,899,1600
14472.515007,957,1600
14472.520006,761,1602
14472.525006,826,1594
14472.530005,972,1603
14472.535006,858,1604
14472.540005,782,1605
14472.545006,985,1606
14472.550007,933,1602
14472.555006,764,1608
14472.560006,908,1611
14472.565006,938,1615
14472.570006,776,1615
14472.575006,815,1622
14472.580006,985,1617
14472.585007,838,1621
14472.590005,804,1622
14472.595006,968,1624
14472.600006,941,1624
14472.605007,754,1625
14472.610006,908,1621
14472.615007,955,1621
14472.620007,760,1623
14472.625005,833,1622
14472.630006,974,1620
14472.635005,855,1619
14472.640007,789,1619
14472.645005,989,1618
14472.650006,920,1617
14472.655005,760,1616
14472.660006,895,1608
14472.665006,957,1618
14472.670006,755,1617
14472.675006,817,1614
14472.680005,967,1621
14472.685006,858,1617
14472.690005,807,1619
14472.695006,967,1619
14472.700006,940,1618
14472.705006,756,1621
14472.710006,912,1621
14472.715006,944,1621
14472.720007,760,1613
14472.725005,820,1618
14472.730005,966,1620
14472.735005,849,1620
14472.740006,794,1617
14472.745005,972,1617
14472.750007,920,1613
14472.755006,776,1613
14472.760005,900,1612
14472.765006,956,1610
14472.770005,772,1609
14472.775006,813,1607
14472.780006,981,1603
14472.785006,845,1606
14472.790006,786,1606
14472.795005,972,1607
14472.800005,920,1608
14472.805005,772,1595
14472.810006,899,1602
14472.815005,945,1603
14472.820006,760,1602
14472.825006,814,1606
14472.830006,965,1604
14472.835007,841,1597
14472.840005,800,1601
14472.845006,968,1603
14472.850007,931,1591
14472.855005,767,1602
14472.860005,892,1607
14472.865006,957,1604
14472.870007,756,1604
14472.875006,809,1602
14472.880006,986,1606
14472.885006,837,1602
14472.890007,786,1607
14472.895006,980,1604
14472.900006,921,1603
14472.905005,753,1605
14472.910006,907,1603
14472.915006,942,1605
14472.920005,753,1603
14472.925005,829,1598
14472.930005,982,1603
14472.935007,837,1599
14472.940006,789,1601
14472.945006,987,1600
14472.950005,930,1594
14472.955007,758,1600
14472.960006,893,1600
14472.965006,953,1596
14472.970007,762,1595
14472.975007,810,1598
14472.980005,988,1594
14472.985005,837,1588
14472.990007,791,1593
14472.995006,965,1601
14473.000006,933,1594
14473.005006,763,1591
14473.010006,893,1595
14473.015006,940,1594
14473.020006,772,1594
14473.025007,811,1593
14473.030006,986,1591
14473.035006,830,1591
14473.040006,786,1595
14473.045006,985,1593
14473.050006,932,1598
14473.055005,768,1596
14473.060006,910,1599
14473.065006,934,1604
14473.070006,773,1601
14473.075007,813,1602
14473.080005,965,1606
14473.085006,840,1606
14473.090005,792,1605
14473.095006,968,1608
14473.100006,939,1601
14473.105007,768,1605
14473.110006,905,1606
14473.115006,943,1605
14473.120005,769,1605
14473.125007,812,1603
14473.130006,976,1600
14473.135005,837,1602
14473.140006,789,1606
14473.145006,981,1603
14473.150007,925,1603
14473.155006,767,1602
14473.160007,901,1606
14473.165007,941,1607
14473.170005,753,1606
14473.175005,829,1610
14473.180005,963,1611
14473.185006,841,1608
14473.190006,798,1614
14473.195007,979,1613
14473.200006,931,1615
14473.205006,762,1614
14473.210006,917,1616
14473.215006,944,1616
14473.220005,754,1617
14473.225005,829,1614
14473.230006,972,1616
14473.235006,829,1618
14473.240006,790,1617
14473.245006,989,1616
14473.250005,931,1618
14473.255006,769,1616
14473.260005,900,1618
14473.265006,955,1614
14473.270006,761,1618
14473.275006,813,1621
14473.280006,991,1618
14473.285006,832,1620
14473.290006,794,1620
14473.295005,993,1619
14473.300005,934,1619
14473.305006,766,1621
14473.310006,917,1615
14473.315006,953,1616
14473.320006,769,1619
14473.325006,814,1616
14473.330006,988,1619
14473.335006,845,1617
14473.340005,799,1616
14473.345007,971,1619
14473.350005,933,1612
14473.355006,779,1614
14473.360006,911,1613
14473.365006,939,1614
14473.370006,768,1610
14473.375005,810,1612
14473.380006,986,1603
14473.385005,840,1610
14473.390007,793,1611
14473.395006,991,1608
14473.400006,925,1608
14473.405006,765,1605
14473.410006,919,1606
14473.415006,946,1607
14473.420006,777,1603
14473.425006,819,1607
14473.430005,964,1612
14473.435006,835,1607
14473.440006,793,1613
14473.445007,991,1609
14473.450005,941,1609
14473.455006,768,1606
14473.460006,901,1611
14473.465006,954,1608
14473.470005,757,1607
14473.475005,822,1602
14473.480006,984,1606
14473.485006,832,1605
14473.490007,790,1605
14473.495006,987,1602
14473.500006,921,1601
14473.505006,782,1600
14473.510006,907,1601
14473.515006,958,1602
14473.520005,760,1598
14473.525007,829,1599
14473.530006,986,1598
14473.535007,825,1598
14473.540006,805,1597
14473.545006,969,1601
14473.550006,927,1601
14473.555005,765,1605
14473.560006,923,1601
14473.565005,945,1603
14473.570006,756,1608
14473.575005,837,1604
14473.580007,980,1608
14473.585006,825,1610
14473.590005,805,1605
14473.595007,976,1606
14473.600005,925,1604
14473.605006,777,1607
14473.610005,913,1605
14473.615006,939,1606
14473.620006,770,1603
14473.625005,817,1605
14473.630006,970,1605
14473.635005,842,1604
14473.640006,797,1603
14473.645007,970,1601
14473.650006,929,1596
14473.655006,781,1601
14473.660006,907,1603
14473.665007,947,1598
14473.670006,763,1603
14473.675006,816,1605
14473.680007,965,1607
14473.685007,831,1600
14473.690007,805,1609
14473.695006,981,1610
14473.700005,926,1611
14473.705006,761,1616
14473.710006,915,1614
14473.715005,939,1618
14473.720006,778,1617
14473.725006,815,1621
14473.730007,988,1617
14473.735007,830,1619
14473.740005,797,1620
14473.745005,971,1619
14473.750006,936,1617
14473.755007,764,1617
14473.760006,909,1617
14473.765006,955,1614
14473.770006,771,1612
14473.775006,825,1613
14473.780007,965,1615
14473.785005,833,1612
14473.790005,789,1612
14473.795006,986,1609
14473.800006,923,1609
14473.805007,759,1611
14473.810007,925,1606
14473.815007,950,1608
14473.820006,756,1604
14473.825005,818,1605
14473.830006,974,1597
14473.835006,822,1604
14473.840006,796,1598
14473.845006,978,1600
14473.850005,914,1604
14473.855006,776,1601
14473.860005,916,1601
14473.865007,936,1601
14473.870005,753,1598
14473.875006,822,1604
14473.880006,965,1604
14473.885006,834,1601
14473.890007,797,1603
14473.895007,990,1602
14473.900006,928,1603
14473.905006,759,1610
14473.910006,921,1600
14473.915006,945,1595
14473.920006,766,1601
14473.925007,810,1602
14473.930006,976,1601
14473.935006,814,1603
14473.940006,809,1596
14473.945007,973,1603
14473.950006,938,1601
14473.955005,767,1604
14473.960005,925,1602
14473.965006,957,1604
14473.970007,753,1604
14473.975006,834,1600
14473.980006,979,1605
14473.985006,822,1605
14473.990007,798,1599
14473.995005,986,1607
14474.000006,915,1610
14474.005005,771,1608
14474.010006,931,1608
14474.015007,938,1611
14474.020006,771,1610
14474.025006,813,1608
14474.030006,975,1608
14474.035007,814,1610
14474.040006,809,1603
14474.045006,980,1607
14474.050006,913,1612
14474.055005,778,1610
14474.060006,920,1608
14474.065006,932,1613
14474.070007,753,1610
14474.075007,837,1606
14474.080006,968,1608
14474.085007,814,1611
14474.090005,814,1605
14474.095006,974,1605
14474.100005,939,1603
14474.105007,768,1604
14474.110006,930,1602
14474.115007,953,1601
14474.120006,760,1601
14474.125005,824,1600
14474.130005,972,1600
14474.135006,822,1600
14474.140007,809,1599
14474.145005,978,1598
14474.150007,913,1600
14474.155006,779,1591
14474.160006,938,1596
14474.165007,948,1596
14474.170007,746,1596
14474.175006,826,1597
14474.180006,977,1597
14474.185006,812,1598
14474.190005,815,1597
14474.195006,981,1594
14474.200006,922,1599
14474.205005,762,1597
14474.210006,930,1594
14474.215005,937,1596
14474.220006,773,1592
14474.225005,819,1594
14474.230006,963,1595
14474.235006,825,1591
14474.240006,789,1598
14474.245007,985,1594
14474.250005,924,1592
14474.255006,766,1591
14474.260006,911,1596
14474.265006,953,1590
14474.270005,759,1589
14474.275006,816,1593
14474.280006,973,1591
14474.285006,808,1595
14474.290007,802,1592
14474.295005,978,1598
14474.300006,932,1597
14474.305006,761,1602
14474.310007,937,1598
14474.315007,940,1602
14474.320006,751,1604
14474.325006,831,1604
14474.330005,971,1609
14474.335006,826,1602
14474.340005,808,1611
14474.345006,980,1608
14474.350005,936,1604
14474.355007,774,1613
14474.360006,928,1605
14474.365007,948,1611
14474.370006,754,1611
14474.375005,830,1610
14474.380005,965,1611
14474.385006,834,1605
14474.390006,806,1606
14474.395006,982,1610
14474.400007,922,1604
14474.405007,764,1604
14474.410006,941,1606
14474.415006,944,1605
14474.420007,766,1599
14474.425006,820,1608
14474.430006,984,1608
14474.435006,822,1605
14474.440007,795,1612
14474.445006,992,1612
14474.450005,927,1614
14474.455007,775,1614
14474.460006,920,1613
14474.465006,932,1616
14474.470005,765,1613
14474.475006,818,1614
14474.480006,980,1617
14474.485006,814,1616
14474.490006,801,1616
14474.495007,973,1619
14474.500005,935,1609
14474.505006,781,1618
14474.510006,920,1618
14474.515007,951,1611
14474.520005,770,1616
14474.525006,834,1615
14474.530006,972,1617
14474.535006,814,1617
14474.540007,794,1615
14474.545005,989,1615
14474.550006,927,1613
14474.555005,764,1611
14474.560006,932,1616
14474.565006,938,1610
14474.570006,747,1610
14474.575006,829,1605
14474.580005,968,1612
14474.585005,809,1609
14474.590006,813,1609
14474.595006,994,1605
14474.600007,917,1607
14474.605006,762,1610
14474.610006,917,1608
14474.615007,946,1605
14474.620006,753,1605
14474.625005,829,1606
14474.630006,961,1605
14474.635005,804,1609
14474.640006,805,1605
14474.645006,981,1603
14474.650006,921,1603
14474.655005,781,1597
14474.660006,928,1600
14474.665007,926,1601
14474.670006,760,1604
14474.675007,809,1604
14474.680005,982,1601
14474.685006,811,1604
14474.690006,799,1602
14474.695006,977,1596
14474.700005,929,1600
14474.705006,770,1600
14474.710006,922,1603
14474.715005,946,1601
14474.720006,758,1599
14474.725006,812,1601
14474.730006,978,1599
14474.735006,803,1599
14474.740007,806,1596
14474.745006,975,1596
14474.750006,927,1587
14474.755006,768,1592
14474.760006,916,1594
14474.765006,944,1581
14474.770005,758,1590
14474.775006,814,1589
14474.780005,977,1579
14474.785007,806,1585
14474.790005,798,1588
14474.795006,984,1584
14474.800006,926,1587
14474.805006,765,1586
14474.810006,940,1587
14474.815006,944,1589
14474.820006,756,1592
14474.825006,819,1593
14474.830006,965,1594
14474.835007,796,1598
14474.840006,814,1598
14474.845007,974,1596
14474.850006,914,1603
14474.855007,773,1602
14474.860006,926,1603
14474.865006,928,1607
14474.870006,771,1599
14474.875006,821,1603
14474.880007,980,1601
14474.885006,815,1603
14474.890006,804,1602
14474.895007,971,1602
14474.900005,929,1602
14474.905005,765,1602
14474.910006,922,1602
14474.915006,952,1592
14474.920005,762,1601
14474.925005,819,1608
14474.930005,970,1595
14474.935006,812,1604
14474.940006,798,1605
14474.945007,976,1607
14474.950006,916,1608
14474.955006,780,1604
14474.960007,941,1613
14474.965005,939,1613
14474.970006,754,1616
14474.975006,833,1614
14474.980006,976,1617
14474.985006,803,1618
14474.990006,821,1613
14474.995006,987,1617
14475.000005,921,1621
14475.005006,768,1616
14475.010005,941,1613
14475.015006,951,1619
14475.020006,756,1612
14475.025007,820,1617
14475.030006,961,1616
14475.035006,820,1617
14475.040007,810,1614
14475.045007,980,1616
14475.050006,915,1617
14475.055005,788,1612
14475.060007,928,1618
14475.065006,951,1615
14475.070007,753,1616
14475.075007,832,1609
14475.080007,974,1616
14475.085007,800,1617
14475.090006,815,1609
14475.095006,981,1614
14475.100005,912,1616
14475.105006,787,1616
14475.110006,928,1615
14475.115006,954,1615
14475.120005,757,1615
14475.125007,826,1611
14475.130006,971,1613
14475.135006,804,1614
14475.140007,801,1614
14475.145006,976,1614
14475.150006,912,1615
14475.155006,766,1613
14475.160006,937,1613
14475.165006,935,1615
14475.170006,771,1613
14475.175006,828,1614
14475.180005,964,1614
14475.185007,822,1613
14475.190006,806,1616
14475.195006,974,1616
14475.200005,912,1615
14475.205006,783,1610
14475.210005,934,1612
14475.215006,934,1609
14475.220006,769,1610
14475.225005,823,1609
14475.230006,977,1605
14475.235006,813,1605
14475.240007,801,1610
14475.245006,995,1607
14475.250006,920,1605
14475.255007,772,1605
14475.260006,931,1604
14475.265006,927,1602
14475.270005,764,1601
14475.275007,835,1600
14475.280007,971,1598
14475.285007,792,1603
14475.290006,815,1600
14475.295007,976,1603
14475.300007,913,1605
14475.305006,765,1607
14475.310005,949,1604
14475.315005,934,1608
14475.320006,771,1605
14475.325006,821,1608
14475.330005,959,1613
14475.335005,819,1606
14475.340006,801,1612
14475.345006,973,1613
14475.350006,922,1611
14475.355006,769,1613
14475.360006,952,1611
14475.365006,940,1610
14475.370006,749,1612
14475.375006,836,1608
14475.380006,964,1610
14475.385006,811,1608
14475.390007,803,1607
14475.395005,976,1611
14475.400007,923,1610
14475.405006,769,1610
14475.410005,950,1608
14475.415005,936,1610
14475.420007,767,1608
14475.425006,834,1608
14475.430005,961,1612
14475.435006,809,1611
14475.440006,799,1616
14475.445006,993,1610
14475.450005,914,1616
14475.455007,790,1615
14475.460006,942,1618
14475.465005,935,1616
14475.470006,749,1618
14475.475007,843,1614
14475.480005,963,1613
14475.485006,812,1612
14475.490006,804,1615
14475.495005,976,1614
14475.500006,925,1610
14475.505007,772,1610
14475.510006,929,1613
14475.515007,945,1601
14475.520005,757,1602
14475.525007,823,1606
14475.530006,970,1605
14475.535006,802,1606
14475.540007,798,1606
14475.545006,992,1604
14475.550007,922,1606
14475.555006,782,1605
14475.560006,944,1608
14475.565005,933,1609
14475.570005,756,1610
14475.575005,819,1612
14475.580007,965,1604
14475.585007,812,1613
14475.590005,814,1615
14475.595007,986,1611
14475.600006,917,1616
14475.605007,769,1619
14475.610006,950,1616
14475.615006,938,1618
14475.620006,755,1617
14475.625006,821,1619
14475.630006,975,1616
14475.635005,787,1617
14475.640007,806,1615
14475.645005,975,1618
14475.650007,921,1616
14475.655006,770,1615
14475.660006,955,1612
14475.665006,928,1616
14475.670005,771,1614
14475.675005,834,1618
14475.680006,967,1619
14475.685006,794,1617
14475.690006,805,1611
14475.695007,993,1618
14475.700007,909,1618
14475.705005,768,1620
14475.710005,952,1620
14475.715007,932,1619
14475.720006,772,1619
14475.725006,845,1616
14475.730006,973,1617
14475.735006,796,1619
14475.740007,801,1616
14475.745006,991,1618
14475.750006,905,1615
14475.755006,773,1611
14475.760005,956,1609
14475.765006,947,1612
14475.770006,753,1614
14475.775006,834,1605
14475.780007,972,1609
14475.785005,794,1614
14475.790006,802,1609
14475.795006,975,1611
14475.800006,918,1607
14475.805005,791,1606
14475.810007,947,1609
14475.815006,928,1607
14475.820006,752,1605
14475.825006,848,1607
14475.830005,960,1606
14475.835006,786,1604
14475.840005,813,1603
14475.845006,974,1597
14475.850006,898,1603
14475.855006,778,1600
14475.860006,941,1598
14475.865006,938,1594
14475.870006,747,1597
14475.875007,843,1593
14475.880006,962,1595
14475.885005,787,1600
14475.890006,818,1593
14475.895006,977,1592
14475.900006,901,1593
14475.905005,792,1589
14475.910006,953,1590
14475.915006,930,1592
14475.920005,753,1595
14475.925005,852,1590
14475.930006,959,1594
14475.935006,785,1592
14475.940005,817,1593
14475.945006,985,1593
14475.950006,907,1594
14475.955006,775,1593
14475.960007,942,1594
14475.965006,927,1598
14475.970007,746,1600
14475.975006,846,1596
14475.980007,970,1600
14475.985007,783,1597
14475.990005,796,1601
14475.995006,981,1601
14476.000005,905,1602
14476.005005,771,1604
14476.010007,961,1601
14476.015006,932,1604
14476.020006,768,1602
14476.025006,838,1603
14476.030005,973,1606
14476.035006,798,1604
14476.040006,808,1606
14476.045006,972,1611
14476.050006,892,1609
14476.055006,788,1611
14476.060006,941,1610
14476.065006,924,1613
14476.070006,764,1610
14476.075006,836,1612
14476.080005,972,1610
14476.085005,783,1612
14476.090007,820,1609
14476.095006,993,1614
14476.100006,894,1617
14476.105007,789,1615
14476.110007,941,1619
14476.115006,925,1619
14476.120006,772,1615
14476.125005,849,1620
14476.130005,970,1620
14476.135006,789,1618
14476.140007,802,1618
14476.145006,976,1615
14476.150006,913,1617
14476.155005,773,1624
14476.160006,945,1614
14476.165006,929,1618
14476.170006,749,1620
14476.175006,857,1615
14476.180006,963,1616
14476.185007,780,1615
14476.190006,825,1613
14476.195006,981,1610
14476.200006,890,1611
14476.205007,790,1606
14476.210007,952,1609
14476.215005,926,1610
14476.220006,770,1605
14476.225006,837,1606
14476.230006,980,1602
14476.235006,787,1603
14476.240006,799,1603
14476.245006,986,1599
14476.250005,902,1601
14476.255005,773,1600
14476.260005,940,1602
14476.265007,941,1597
14476.270005,757,1598
14476.275007,834,1601
14476.280005,977,1597
14476.285007,789,1606
14476.290007,801,1606
14476.295005,975,1604
14476.300005,903,1601
14476.305006,778,1602
14476.310006,948,1601
14476.315006,942,1606
14476.320006,765,1607
14476.325005,843,1608
14476.330007,964,1602
14476.335006,795,1611
14476.340006,805,1612
14476.345006,973,1612
14476.350006,908,1607
14476.355006,782,1605
14476.360006,946,1606
14476.365006,946,1604
14476.370006,758,1603
14476.375006,840,1603
14476.380006,954,1599
14476.385006,800,1599
14476.390006,819,1598
14476.395005,985,1596
14476.400006,885,1597
14476.405005,772,1596
14476.410006,957,1595
14476.415006,923,1598
14476.420006,770,1599
14476.425006,853,1598
14476.430006,961,1599
14476.435006,779,1600
14476.440005,807,1604
14476.445006,989,1605
14476.450006,882,1616
14476.455006,788,1611
14476.460006,947,1613
14476.465006,925,1616
14476.470007,771,1615
14476.475006,847,1619
14476.480006,973,1616
14476.485006,796,1613
14476.490006,806,1617
14476.495005,996,1616
14476.500006,885,1618
14476.505005,793,1615
14476.510007,962,1613
14476.515007,933,1615
14476.520006,753,1615
14476.525007,868,1614
14476.530005,965,1611
14476.535006,782,1610
14476.540006,818,1613
14476.545005,982,1611
14476.550005,900,1604
14476.555005,787,1614
14476.560006,947,1617
14476.565006,943,1615
14476.570007,753,1619
14476.575006,855,1614
14476.580005,972,1612
14476.585005,797,1618
14476.590006,822,1618
14476.595005,989,1617
14476.600006,884,1616
14476.605006,780,1609
14476.610006,968,1613
14476.615006,928,1616
14476.620005,749,1614
14476.625006,857,1611
14476.630006,953,1611
14476.635006,777,1609
14476.640007,822,1608
14476.645006,974,1610
14476.650006,894,1601
14476.655006,791,1602
14476.660007,961,1605
14476.665006,927,1604
14476.670006,766,1603
14476.675006,854,1606
14476.680006,950,1607
14476.685005,795,1602
14476.690005,806,1604
14476.695006,976,1608
14476.700006,891,1603
14476.705005,779,1606
14476.710005,952,1608
14476.715006,946,1607
14476.720007,766,1607
14476.725006,849,1609
14476.730006,976,1608
14476.735006,786,1605
14476.740007,809,1611
14476.745006,978,1611
14476.750006,898,1606
14476.755006,789,1609
14476.760006,954,1608
14476.765006,945,1608
14476.770005,753,1608
14476.775006,869,1605
14476.780006,960,1610
14476.785007,775,1609
14476.790006,803,1609
14476.795005,976,1609
14476.800005,890,1609
14476.805005,788,1606
14476.810007,953,1609
14476.815007,944,1604
14476.820005,771,1601
14476.825005,864,1607
14476.830007,956,1607
14476.835007,770,1606
14476.840006,824,1605
14476.845006,977,1610
14476.850006,876,1609
14476.855007,789,1604
14476.860007,972,1609
14476.865005,947,1609
14476.870005,764,1612
14476.875007,853,1615
14476.880006,972,1612
14476.885005,779,1613
14476.890007,826,1613
14476.895006,987,1615
14476.900007,877,1616
14476.905005,777,1618
14476.910006,973,1616
14476.915006,930,1616
14476.920006,769,1616
14476.925007,854,1618
14476.930006,973,1621
14476.935006,786,1619
14476.940005,808,1622
14476.945006,975,1622
14476.950005,896,1623
14476.955006,777,1623
14476.960006,973,1614
14476.965005,936,1620
14476.970005,776,1620
14476.975006,868,1621
14476.980005,961,1622
14476.985005,774,1622
14476.990006,804,1627
14476.995006,979,1622
14477.000006,891,1621
14477.005007,796,1619
14477.010005,971,1619
14477.015006,931,1621
14477.020005,758,1620
14477.025006,879,1621
14477.030006,965,1620
14477.035007,771,1621
14477.040006,828,1622
14477.045005,982,1620
14477.050005,889,1618
14477.055005,788,1620
14477.060007,969,1621
14477.065007,934,1621
14477.070007,766,1622
14477.075006,868,1616
14477.080006,967,1623
14477.085006,769,1621
14477.090005,815,1619
14477.095007,980,1613
14477.100006,879,1610
14477.105006,794,1618
14477.110006,964,1617
14477.115006,928,1616
14477.120005,773,1610
14477.125006,863,1610
14477.130006,961,1601
14477.135006,786,1609
14477.140006,814,1605
14477.145006,977,1608
14477.150006,892,1605
14477.155006,781,1606
14477.160006,976,1604
14477.165006,925,1603
14477.170006,764,1601
14477.175007,858,1606
14477.180006,954,1598
14477.185007,782,1603
14477.190006,805,1604
14477.195006,994,1604
14477.200006,869,1606
14477.205005,797,1603
14477.210005,967,1606
14477.215006,921,1605
14477.220006,769,1606
14477.225006,866,1604
14477.230007,950,1606
14477.235006,767,1610
14477.240006,828,1602
14477.245005,983,1603
14477.250006,869,1604
14477.255006,778,1603
14477.260006,976,1600
14477.265006,942,1598
14477.270006,754,1602
14477.275006,876,1596
14477.280006,966,1600
14477.285007,768,1602
14477.290005,820,1602
14477.295006,982,1603
14477.300006,875,1605
14477.305006,799,1604
14477.310006,959,1607
14477.315006,943,1611
14477.320005,761,1613
14477.325005,861,1613
14477.330006,975,1612
14477.335006,780,1611
14477.340005,810,1613
14477.345007,975,1619
14477.350007,886,1612
14477.355006,796,1605
14477.360005,971,1613
14477.365006,928,1612
14477.370006,771,1612
14477.375006,874,1610
14477.380007,953,1610
14477.385005,764,1611
14477.390006,807,1609
14477.395007,992,1608
14477.400006,873,1611
14477.405005,780,1610
14477.410007,978,1605
14477.415007,928,1608
14477.420006,771,1602
14477.425006,884,1610
14477.430006,957,1609
14477.435007,767,1611
14477.440006,804,1611
14477.445007,990,1609
14477.450006,881,1610
14477.455006,782,1613
14477.460007,961,1611
14477.465007,925,1611
14477.470006,770,1611
14477.475006,877,1609
14477.480006,952,1612
14477.485005,765,1617
14477.490006,807,1615
14477.495006,992,1612
14477.500007,879,1613
14477.505006,787,1615
14477.510006,958,1617
14477.515005,934,1614
14477.520005,761,1613
14477.525007,864,1617
14477.530006,966,1607
14477.535006,774,1616
14477.540006,809,1619
14477.545006,988,1608
14477.550006,880,1614
14477.555005,782,1618
14477.560006,959,1616
14477.565005,928,1614
14477.570006,751,1621
14477.575005,866,1618
14477.580005,966,1616
14477.585005,771,1617
14477.590005,828,1614
14477.595006,992,1614
14477.600005,883,1610
14477.605006,781,1613
14477.610006,961,1614
14477.615005,937,1613
14477.620005,750,1613
14477.625006,885,1606
14477.630006,963,1609
14477.635005,768,1607
14477.640006,799,1609
14477.645005,982,1605
14477.650006,860,1608
14477.655005,796,1605
14477.660006,980,1602
14477.665006,926,1601
14477.670005,748,1601
14477.675005,886,1596
14477.680005,954,1598
14477.685005,763,1596
14477.690006,822,1596
14477.695007,975,1595
14477.700006,860,1595
14477.705006,778,1594
14477.710006,970,1595
14477.715006,926,1591
14477.720005,755,1594
14477.725005,883,1590
14477.730007,959,1592
14477.735006,763,1591
14477.740007,822,1590
14477.745006,974,1589
14477.750005,865,1589
14477.755006,774,1591
14477.760006,976,1588
14477.765006,921,1584
14477.770007,746,1589
14477.775006,885,1590
14477.780005,954,1590
14477.785006,763,1585
14477.790005,817,1590
14477.795006,975,1589
14477.800006,851,1594
14477.805005,794,1593
14477.810006,964,1594
14477.815005,925,1596
14477.820006,748,1603
14477.825006,884,1599
14477.830005,957,1601
14477.835005,762,1601
14477.840006,801,1602
14477.845006,979,1601
14477.850006,854,1601
14477.855006,798,1600
14477.860006,961,1599
14477.865006,937,1596
14477.870006,757,1597
14477.875005,866,1601
14477.880005,962,1590
14477.885006,773,1592
14477.890006,808,1595
14477.895005,968,1595
14477.900006,866,1589
14477.905005,781,1595
14477.910007,957,1593
14477.915006,935,1594
14477.920005,751,1599
14477.925005,886,1599
14477.930005,952,1601
14477.935006,765,1601
14477.940006,824,1598
14477.945006,979,1601
14477.950005,857,1607
14477.955006,801,1601
14477.960006,966,1604
14477.965006,923,1606
14477.970006,755,1608
14477.975005,885,1605
14477.980007,943,1607
14477.985007,777,1606
14477.990006,819,1600
14477.995006,988,1601
14478.000005,861,1600
14478.005005,774,1604
14478.010007,968,1599
14478.015005,925,1597
14478.020005,750,1601
14478.025007,884,1597
14478.030005,968,1596
14478.035006,769,1599
14478.040007,804,1600
14478.045007,987,1600
14478.050007,856,1599
14478.055007,787,1601
14478.060006,974,1600
14478.065007,926,1606
14478.070006,760,1605
14478.075006,896,1608
14478.080006,949,1609
14478.085006,765,1609
14478.090006,808,1611
14478.095006,973,1613
14478.100005,877,1608
14478.105006,793,1612
14478.110006,971,1611
14478.115006,922,1610
14478.120006,754,1611
14478.125005,874,1615
14478.130006,967,1606
14478.135006,761,1609
14478.140007,806,1611
14478.145006,985,1608
14478.150006,873,1606
14478.155006,783,1608
14478.160007,960,1609
14478.165006,938,1605
14478.170005,762,1605
14478.175006,897,1606
14478.180005,956,1611
14478.185006,758,1613
14478.190006,808,1617
14478.195006,983,1614
14478.200005,849,1616
14478.205006,799,1613
14478.210006,963,1617
14478.215005,940,1614
14478.220007,775,1616
14478.225006,878,1618
14478.230006,963,1617
14478.235005,777,1619
14478.240007,812,1618
14478.245006,992,1617
14478.250006,847,1619
14478.255006,805,1616
14478.260005,964,1618
14478.265006,936,1618
14478.270005,757,1615
14478.275006,880,1619
14478.280005,969,1612
14478.285006,771,1614
14478.290006,808,1612
14478.295005,989,1611
14478.300005,851,1609
14478.305006,783,1612
14478.310007,981,1609
14478.315007,928,1609
14478.320006,758,1610
14478.325005,877,1610
14478.330006,946,1608
14478.335006,765,1606
14478.340006,808,1608
14478.345006,972,1601
14478.350007,869,1602
14478.355005,796,1599
14478.360005,974,1600
14478.365005,922,1602
14478.370006,773,1601
14478.375005,876,1601
14478.380005,959,1600
14478.385006,772,1602
14478.390006,808,1601
14478.395005,966,1603
14478.400006,846,1602
14478.405005,783,1600
14478.410006,974,1600
14478.415006,919,1601
14478.420006,764,1589
14478.425006,894,1598
14478.430006,946,1600
14478.435006,759,1604
14478.440005,805,1600
14478.445007,993,1599
14478.450006,861,1595
14478.455006,789,1599
14478.460007,965,1597
14478.465007,915,1598
14478.470005,768,1591
14478.475005,890,1596
14478.480006,945,1596
14478.485006,752,1596
14478.490006,805,1594
14478.495005,977,1598
14478.500006,842,1597
14478.505007,796,1595
14478.510007,971,1597
14478.515005,933,1594
14478.520006,767,1595
14478.525007,896,1598
14478.530006,957,1599
14478.535006,754,1603
14478.540005,800,1605
14478.545007,984,1604
14478.550006,850,1605
14478.555006,783,1611
14478.560006,977,1611
14478.565006,921,1613
14478.570006,753,1609
14478.575005,902,1612
14478.580007,949,1615
14478.585007,760,1615
14478.590006,822,1610
14478.595007,984,1612
14478.600007,847,1616
14478.605006,798,1613
14478.610005,979,1615
14478.615006,919,1619
14478.620006,760,1614
14478.625006,904,1612
14478.630007,960,1614
14478.635006,763,1617
14478.640006,814,1613
14478.645005,974,1615
14478.650006,840,1618
14478.655007,803,1614
14478.660006,973,1615
14478.665007,938,1617
14478.670006,771,1610
14478.675007,881,1621
14478.680006,959,1618
14478.685006,764,1620
14478.690006,823,1620
14478.695006,977,1625
14478.700005,844,1627
14478.705007,808,1625
14478.710006,978,1627
14478.715006,923,1632
14478.720007,784,1625
14478.725006,905,1627
14478.730006,951,1629
14478.735006,766,1629
14478.740007,818,1623
14478.745007,986,1626
14478.750005,849,1629
14478.755006,810,1621
14478.760005,986,1621
14478.765006,925,1626
14478.770006,757,1625
14478.775007,914,1617
14478.780006,959,1617
14478.785007,758,1620
14478.790006,823,1617
14478.795006,971,1619
14478.800006,850,1616
14478.805006,806,1606
14478.810006,975,1617
14478.815005,926,1614
14478.820006,760,1616
14478.825005,911,1613
14478.830006,955,1604
14478.835005,778,1609
14478.840006,817,1603
14478.845006,980,1601
14478.850005,853,1605
14478.855006,788,1606
14478.860006,970,1604
14478.865006,928,1603
14478.870005,762,1598
14478.875005,907,1601
14478.880005,952,1600
14478.885006,757,1605
14478.890006,830,1599
14478.895005,990,1600
14478.900006,852,1600
14478.905006,799,1599
14478.910006,976,1601
14478.915006,924,1602
14478.920006,772,1594
14478.925006,894,1599
14478.930006,947,1601
14478.935007,758,1609
14478.940006,824,1593
14478.945007,983,1599
14478.950006,842,1598
14478.955006,788,1597
14478.960006,968,1598
14478.965006,940,1598
14478.970006,763,1597
14478.975005,905,1590
14478.980005,954,1594
14478.985005,757,1595
14478.990006,830,1592
14478.995006,975,1592
14479.000006,841,1591
14479.005006,787,1594
14479.010006,985,1591
14479.015006,932,1589
14479.020005,773,1592
14479.025006,901,1593
14479.030006,941,1595
14479.035006,755,1595
14479.040006,825,1595
14479.045007,970,1597
14479.050006,833,1597
14479.055005,806,1597
14479.060006,977,1600
14479.065005,921,1600
14479.070007,752,1603
14479.075007,903,1605
14479.080005,956,1605
14479.085006,762,1608
14479.090005,809,1611
14479.095007,968,1613
14479.100005,849,1611
14479.105006,789,1615
14479.110005,985,1612
14479.115007,920,1614
14479.120007,768,1601
14479.125005,910,1611
14479.130005,952,1612
14479.135006,766,1611
14479.140006,835,1614
14479.145006,979,1608
14479.150006,833,1613
14479.155006,805,1603
14479.160007,973,1610
14479.165007,919,1612
14479.170006,776,1612
14479.175006,891,1613
14479.180007,965,1608
14479.185007,765,1610
14479.190006,811,1616
14479.195006,992,1615
14479.200006,844,1614
14479.205005,791,1613
14479.210005,993,1610
14479.215005,933,1611
14479.220006,759,1612
14479.225006,912,1614
14479.230006,946,1611
14479.235006,773,1612
14479.240006,825,1608
14479.245006,973,1608
14479.250006,842,1601
14479.255007,803,1595
14479.260006,978,1605
14479.265007,919,1603
14479.270006,777,1603
14479.275006,898,1602
14479.280005,941,1603
14479.285007,774,1601
14479.290006,808,1601
14479.295005,983,1598
14479.300006,830,1602
14479.305005,807,1600
14479.310007,971,1599
14479.315006,922,1596
14479.320006,781,1599
14479.325006,909,1599
14479.330006,938,1603
14479.335005,770,1602
14479.340006,825,1602
14479.345007,976,1605
14479.350007,830,1605
14479.355005,788,1606
14479.360006,985,1604
14479.365006,926,1608
14479.370005,757,1608
14479.375005,912,1609
14479.380005,950,1604
14479.385006,769,1604
14479.390006,815,1611
14479.395006,972,1607
14479.400007,828,1608
14479.405007,801,1610
14479.410006,974,1609
14479.415007,922,1608
14479.420006,773,1609
14479.425007,901,1611
14479.430005,943,1618
14479.435006,778,1603
14479.440005,822,1609
14479.445007,972,1613
14479.450006,852,1610
14479.455005,805,1610
14479.460006,977,1609
14479.465006,921,1611
14479.470006,775,1610
14479.475006,905,1608
14479.480006,938,1610
14479.485005,758,1604
14479.490006,821,1609
14479.495005,964,1611
14479.500006,845,1603
14479.505006,809,1609
14479.510006,971,1606
14479.515006,931,1602
14479.520005,768,1608
14479.525006,899,1609
14479.530006,951,1603
14479.535006,773,1608
14479.540006,816,1608
14479.545006,974,1608
14479.550006,832,1611
14479.555005,790,1610
14479.560006,992,1608
14479.565005,922,1611
14479.570007,773,1612
14479.575007,905,1611
14479.580007,957,1609
14479.585007,762,1609
14479.590005,815,1608
14479.595006,972,1610
14479.600006,827,1609
14479.605006,801,1607
14479.610005,972,1609
14479.615006,942,1606
14479.620005,766,1604
14479.625006,912,1601
14479.630006,960,1602
14479.635006,769,1603
14479.640007,816,1602
14479.645005,977,1595
14479.650007,842,1602
14479.655007,797,1602
14479.660006,980,1604
14479.665006,916,1609
14479.670005,776,1605
14479.675005,907,1606
14479.680005,938,1613
14479.685006,769,1610
14479.690005,812,1615
14479.695006,982,1613
14479.700006,846,1613
14479.705005,803,1618
14479.710005,979,1619
14479.715006,919,1621
14479.720006,784,1621
14479.725006,918,1612
14479.730006,960,1622
14479.735006,772,1623
14479.740007,821,1619
14479.745007,971,1623
14479.750006,850,1618
14479.755006,800,1622
14479.760006,982,1614
14479.765006,923,1623
14479.770005,787,1620
14479.775007,920,1618
14479.780007,943,1620
14479.785005,758,1620
14479.790006,836,1623
14479.795005,967,1624
14479.800006,832,1622
14479.805005,808,1621
14479.810006,978,1625
14479.815006,921,1624
14479.820006,780,1624
14479.825007,916,1616
14479.830007,942,1620
14479.835006,782,1623
14479.840006,831,1627
14479.845006,973,1625
14479.850006,851,1618
14479.855006,800,1623
14479.860005,976,1621
14479.865006,924,1619
14479.870006,778,1622
14479.875006,906,1619
14479.880007,941,1622
14479.885007,757,1620
14479.890006,831,1618
14479.895007,976,1618
14479.900006,845,1615
14479.905005,802,1618
14479.910006,976,1615
14479.915005,917,1622
14479.920006,782,1613
14479.925006,911,1615
14479.930006,938,1617
14479.935006,756,1611
14479.940005,829,1603
14479.945006,988,1603
14479.950005,828,1606
14479.955007,794,1606
14479.960006,995,1600
14479.965005,928,1603
14479.970006,770,1600
14479.975005,907,1604
14479.980007,938,1598
14479.985006,753,1600
14479.990006,810,1595
14479.995006,984,1596
14480.000006,824,1593
14480.005007,806,1584
14480.010006,980,1588
14480.015006,918,1589
14480.020005,772,1581
14480.025006,900,1591
14480.030006,954,1587
14480.035006,750,1591
14480.040006,825,1592
14480.045005,967,1591
14480.050006,816,1592
14480.055005,801,1593
14480.060006,974,1596
14480.065006,935,1593
14480.070005,761,1597
14480.075005,925,1596
14480.080007,943,1598
14480.085006,764,1597
14480.090006,816,1598
14480.095006,965,1599
14480.100005,840,1597
14480.105006,796,1602
14480.110005,969,1603
14480.115006,930,1595
14480.120005,763,1599
14480.125005,928,1595
14480.130005,953,1596
14480.135006,754,1598
14480.140006,833,1596
14480.145006,975,1594
14480.150007,826,1592
14480.155006,794,1598
14480.160006,969,1599
14480.165007,915,1595
14480.170005,779,1596
14480.175005,917,1598
14480.180005,956,1595
14480.185006,767,1603
14480.190006,813,1607
14480.195007,982,1605
14480.200007,827,1599
14480.205005,810,1608
14480.210006,974,1612
14480.215006,920,1613
14480.220006,783,1613
14480.225006,917,1617
14480.230006,936,1614
14480.235007,770,1616
14480.240005,821,1617
14480.245005,971,1619
14480.250006,842,1614
14480.255007,802,1618
14480.260006,978,1614
14480.265006,937,1616
14480.270006,772,1618
14480.275006,919,1618
14480.280005,942,1622
14480.285006,770,1616
14480.290006,832,1617
14480.295005,964,1622
14480.300005,839,1619
14480.305005,813,1621
14480.310006,976,1623
14480.315005,938,1620
14480.320007,762,1626
14480.325006,930,1624
14480.330005,943,1621
14480.335006,754,1625
14480.340006,832,1621
14480.345006,982,1629
14480.350005,825,1625
14480.355006,795,1628
14480.360005,989,1624
14480.365006,923,1626
14480.370005,763,1629
14480.375006,930,1621
14480.380007,952,1625
14480.385006,765,1627
14480.390007,829,1626
14480.395005,972,1627
14480.400006,834,1625
14480.405005,796,1630
14480.410006,991,1619
14480.415006,936,1624
14480.420006,774,1622
14480.425006,917,1622
14480.430005,949,1619
14480.435007,757,1621
14480.440006,831,1616
14480.445006,988,1616
14480.450005,827,1616
14480.455007,797,1614
14480.460007,986,1605
14480.465005,926,1613
14480.470006,778,1610
14480.475006,920,1612
14480.480006,952,1608
14480.485005,766,1612
14480.490006,822,1608
14480.495005,964,1614
14480.500007,832,1607
14480.505007,797,1610
14480.510006,989,1614
14480.515007,916,1613
14480.520007,769,1609
14480.525005,918,1610
14480.530005,949,1610
14480.535006,777,1610
14480.540007,824,1615
14480.545006,982,1608
14480.550006,828,1613
14480.555006,802,1613
14480.560006,979,1614
14480.565005,934,1604
14480.570006,773,1614
14480.575006,918,1611
14480.580005,952,1612
14480.585005,756,1612
14480.590006,838,1608
14480.595006,973,1609
14480.600005,818,1610
14480.605006,801,1612
14480.610006,974,1610
14480.615006,916,1609
14480.620006,779,1608
14480.625006,917,1612
14480.630007,944,1602
14480.635007,775,1602
14480.640006,816,1604
14480.645005,963,1602
14480.650006,825,1598
14480.655006,794,1601
14480.660007,983,1598
14480.665006,914,1598
14480.670005,777,1597
14480.675006,934,1593
14480.680005,946,1593
14480.685007,754,1592
14480.690006,830,1590
14480.695007,960,1593
14480.700007,825,1589
14480.705007,795,1590
14480.710007,996,1590
14480.715006,925,1587
14480.720006,761,1591
14480.725005,914,1589
14480.730007,940,1585
14480.735006,750,1590
14480.740006,818,1587
14480.745005,962,1592
14480.750006,809,1582
14480.755007,806,1590
14480.760005,978,1593
14480.765006,935,1589
14480.770006,769,1590
14480.775006,919,1591
14480.780005,932,1595
14480.785006,766,1599
14480.790005,820,1599
14480.795007,970,1597
14480.800006,808,1602
14480.805005,815,1603
14480.810006,978,1608
14480.815006,932,1608
14480.820006,771,1611
14480.825006,918,1619
14480.830005,950,1613
14480.835005,761,1619
14480.840005,817,1618
14480.845006,976,1613
14480.850006,830,1615
14480.855006,807,1617
14480.860006,985,1618
14480.865007,920,1616
14480.870007,765,1617
14480.875006,939,1620
14480.880007,938,1617
14480.885006,752,1616
14480.890006,836,1616
14480.895005,985,1614
14480.900006,811,1616
14480.905005,816,1617
14480.910007,984,1615
14480.915006,914,1620
14480.920006,780,1616
14480.925006,924,1622
14480.930006,953,1619
14480.935006,760,1622
14480.940006,830,1620
14480.945006,972,1619
14480.950006,820,1625
14480.955006,800,1627
14480.960006,977,1626
14480.965007,929,1625
14480.970006,771,1628
14480.975005,931,1620
14480.980007,950,1623
14480.985006,752,1626
14480.990006,818,1621
14480.995006,985,1623
14481.000006,822,1621
14481.005007,810,1618
14481.010005,984,1618
14481.015006,916,1621
14481.020006,789,1615
14481.025006,940,1610
14481.030006,940,1613
14481.035006,750,1616
14481.040007,834,1610
14481.045006,980,1613
14481.050006,805,1616
14481.055005,797,1619
14481.060006,994,1610
14481.065006,934,1617
14481.070006,763,1619
14481.075007,934,1614
14481.080005,932,1620
14481.085005,751,1619
14481.090006,834,1616
14481.095006,972,1618
14481.100006,805,1618
14481.105006,810,1616
14481.110007,977,1620
14481.115006,931,1618
14481.120006,768,1617
14481.125005,946,1616
14481.130005,937,1616
14481.135006,776,1615
14481.140007,825,1613
14481.145006,964,1616
14481.150007,816,1615
14481.155006,803,1616
14481.160006,996,1617
14481.165006,923,1613
14481.170005,768,1613
14481.175005,945,1612
14481.180005,947,1616
14481.185007,756,1619
14481.190007,816,1622
14481.195006,962,1623
14481.200005,818,1621
14481.205007,809,1623
14481.210007,997,1621
14481.215005,926,1623
14481.220006,778,1624
14481.225006,929,1625
14481.230006,951,1627
14481.235005,776,1625
14481.240007,826,1624
14481.245006,964,1629
14481.250006,801,1629
14481.255007,811,1625
14481.260005,976,1625
14481.265006,930,1622
14481.270006,774,1621
14481.275007,949,1620
14481.280006,940,1621
14481.285006,769,1617
14481.290005,824,1616
14481.295007,976,1609
14481.300006,801,1619
14481.305006,820,1614
14481.310007,981,1615
14481.315007,915,1614
14481.320005,779,1611
14481.325005,939,1612
14481.330006,932,1613
14481.335006,749,1612
14481.340006,829,1608
14481.345007,977,1607
14481.350005,807,1608
14481.355006,799,1606
14481.360006,984,1604
14481.365006,932,1603
14481.370006,772,1597
14481.375005,927,1602
14481.380006,947,1598
14481.385006,763,1598
14481.390006,825,1597
14481.395006,964,1595
14481.400006,813,1586
14481.405006,811,1591
14481.410007,978,1590
14481.415006,913,1592
14481.420005,782,1586
14481.425005,926,1590
14481.430005,929,1585
14481.435007,765,1584
14481.440006,831,1586
14481.445005,964,1586
14481.450005,804,1583
14481.455006,795,1590
14481.460006,982,1584
14481.465005,907,1586
14481.470006,788,1585
14481.475007,933,1587
14481.480006,927,1591
14481.485005,768,1586
14481.490006,823,1590
14481.495005,959,1587
14481.500006,796,1587
14481.505007,817,1586
14481.510006,986,1585
14481.515007,912,1587
14481.520006,767,1588
14481.525007,927,1593
14481.530006,936,1588
14481.535006,750,1592
14481.540007,820,1592
14481.545006,976,1591
14481.550006,800,1596
14481.555005,803,1599
14481.560006,995,1599
14481.565006,918,1601
14481.570007,768,1605
14481.575007,931,1608
14481.580005,950,1608
14481.585006,768,1607
14481.590005,828,1612
14481.595006,966,1610
14481.600006,815,1608
14481.605006,821,1612
14481.610006,989,1612
14481.615007,916,1612
14481.620006,785,1608
14481.625005,951,1609
14481.630006,940,1609
14481.635005,760,1608
14481.640006,826,1610
14481.645005,988,1601
14481.650006,807,1604
14481.655007,805,1604
14481.660006,992,1603
14481.665007,917,1605
14481.670006,768,1607
14481.675007,930,1609
14481.680007,945,1612
14481.685007,756,1611
14481.690006,832,1612
14481.695006,964,1616
14481.700006,811,1614
14481.705006,806,1622
14481.710006,1001,1615
14481.715006,918,1620
14481.720006,793,1622
14481.725006,955,1626
14481.730007,939,1627
14481.735006,776,1624
14481.740007,833,1628
14481.745006,963,1628
14481.750006,794,1631
14481.755007,816,1632
14481.760005,982,1632
14481.765007,931,1634
14481.770007,777,1634
14481.775007,943,1632
14481.780005,934,1635
14481.785006,776,1632
14481.790007,841,1633
14481.795007,964,1634
14481.800007,816,1633
14481.805006,813,1634
14481.810005,992,1636
14481.815005,904,1637
14481.820006,784,1633
14481.825005,944,1634
14481.830006,951,1632
14481.835006,759,1632
14481.840006,832,1635
14481.845006,964,1631
14481.850006,813,1632
14481.855006,820,1630
14481.860005,985,1632
14481.865006,905,1632
14481.870006,797,1630
14481.875005,947,1629
14481.880005,931,1631
14481.885006,777,1626
14481.890006,853,1626
14481.895005,963,1629
14481.900006,807,1624
14481.905007,816,1627
14481.910006,977,1626
14481.915006,921,1626
14481.920005,776,1628
14481.925005,962,1623
14481.930005,947,1624
14481.935006,762,1622
14481.940005,833,1625
14481.945006,962,1624
14481.950006,791,1623
14481.955007,826,1624
14481.960006,982,1624
14481.965005,918,1624
14481.970006,785,1626
14481.975006,948,1623
14481.980006,935,1622
14481.985006,771,1623
14481.990006,857,1624
14481.995007,973,1621
14482.000006,794,1625
14482.005006,809,1625
14482.010007,1000,1621
14482.015006,913,1621
14482.020005,772,1625
14482.025007,964,1619
14482.030006,944,1620
14482.035006,755,1621
14482.040006,838,1618
14482.045005,961,1619
14482.050005,792,1620
14482.055005,821,1616
14482.060006,989,1617
14482.065006,902,1614
14482.070006,792,1612
14482.075005,949,1610
14482.080007,944,1607
14482.085006,749,1607
14482.090005,853,1606
14482.095006,967,1605
14482.100005,787,1604
14482.105007,821,1604
14482.110006,988,1603
14482.115006,900,1602
14482.120006,787,1602
14482.125006,950,1599
14482.130006,930,1600
14482.135006,748,1597
14482.140006,846,1601
14482.145005,952,1603
14482.150006,802,1600
14482.155006,798,1600
14482.160007,975,1599
14482.165006,903,1591
14482.170006,783,1600
14482.175007,942,1595
14482.180005,938,1597
14482.185006,763,1597
14482.190005,831,1596
14482.195006,969,1594
14482.200005,778,1594
14482.205007,797,1592
14482.210006,993,1592
14482.215006,904,1587
14482.220007,774,1595
14482.225006,939,1587
14482.230006,940,1586
14482.235007,752,1590
14482.240006,828,1588
14482.245006,952,1587
14482.250005,789,1584
14482.255006,804,1581
14482.260006,979,1568
14482.265006,909,1580
14482.270007,780,1580
14482.275005,946,1581
14482.280005,926,1578
14482.285006,745,1580
14482.290007,847,1579
14482.295006,957,1579
14482.300006,793,1575
14482.305005,813,1580
14482.310006,981,1582
14482.315006,893,1584
14482.320006,770,1586
14482.325005,963,1588
14482.330005,931,1586
14482.335005,769,1585
14482.340007,845,1591
14482.345007,958,1592
14482.350005,786,1583
14482.355006,817,1588
14482.360006,980,1591
14482.365007,887,1593
14482.370006,790,1588
14482.375005,946,1593
14482.380005,926,1592
14482.385006,762,1593
14482.390006,845,1592
14482.395006,957,1595
14482.400007,802,1592
14482.405006,821,1594
14482.410006,983,1596
14482.415007,892,1600
14482.420006,771,1605
14482.425006,963,1602
14482.430005,937,1605
14482.435006,753,1608
14482.440006,845,1609
14482.445006,971,1612
14482.450006,789,1611
14482.455006,803,1619
14482.460007,993,1618
14482.465005,903,1618
14482.470006,782,1621
14482.475005,951,1622
14482.480006,946,1622
14482.485006,758,1622
14482.490006,867,1623
14482.495007,962,1624
14482.500006,784,1624
14482.505006,827,1621
14482.510005,985,1623
14482.515006,884,1626
14482.520006,792,1622
14482.525006,951,1624
14482.530005,930,1624
14482.535006,769,1625
14482.540006,851,1625
14482.545006,968,1618
14482.550006,789,1626
14482.555006,807,1630
14482.560007,995,1631
14482.565006,901,1633
14482.570006,785,1632
14482.575005,954,1633
14482.580007,932,1636
14482.585007,777,1633
14482.590005,861,1633
14482.595006,960,1635
14482.600006,796,1631
14482.605006,821,1633
14482.610006,986,1630
14482.615007,888,1630
14482.620006,796,1622
14482.625007,958,1623
14482.630006,928,1617
14482.635005,756,1619
14482.640007,853,1604
14482.645005,976,1610
14482.650007,785,1609
14482.655006,801,1608
14482.660005,973,1606
14482.665006,900,1605
14482.670005,798,1599
14482.675005,954,1603
14482.680006,921,1602
14482.685007,762,1596
14482.690006,860,1604
14482.695006,957,1600
14482.700006,776,1604
14482.705006,801,1606
14482.710006,984,1602
14482.715005,888,1603
14482.720006,781,1604
14482.725006,954,1603
14482.730007,929,1603
14482.735007,767,1601
14482.740006,859,1609
14482.745006,950,1608
14482.750005,787,1606
14482.755005,809,1606
14482.760007,977,1606
14482.765007,883,1605
14482.770005,793,1603
14482.775007,973,1602
14482.780006,924,1601
14482.785006,757,1600
14482.790006,862,1599
14482.795005,959,1601
14482.800006,777,1599
14482.805006,818,1595
14482.810006,972,1596
14482.815005,892,1595
14482.820006,772,1595
14482.825006,961,1592
14482.830005,933,1589
14482.835006,754,1589
14482.840006,860,1580
14482.845007,962,1586
14482.850005,766,1587
14482.855006,811,1582
14482.860006,986,1584
14482.865006,878,1582
14482.870006,777,1581
14482.875006,947,1587
14482.880006,922,1586
14482.885006,771,1582
14482.890006,856,1584
14482.895006,950,1585
14482.900007,790,1584
14482.905006,811,1585
14482.910007,968,1584
14482.915006,896,1584
14482.920005,780,1585
14482.925005,970,1586
14482.930005,925,1589
14482.935007,768,1586
14482.940006,859,1587
14482.945007,952,1586
14482.950007,764,1591
14482.955005,822,1587
14482.960006,978,1586
14482.965006,876,1584
14482.970007,781,1586
14482.975005,957,1582
14482.980006,941,1585
14482.985005,748,1588
14482.990007,865,1582
14482.995006,954,1582
14483.000006,777,1571
14483.005006,811,1579
14483.010006,972,1580
14483.015007,886,1569
14483.020006,788,1578
14483.025006,964,1579
14483.030006,929,1581
14483.035006,749,1581
14483.040006,853,1585
14483.045005,973,1583
14483.050005,775,1585
14483.055005,821,1588
14483.060006,979,1587
14483.065005,882,1583
14483.070007,777,1593
14483.075006,948,1596
14483.080005,933,1594
14483.085005,758,1596
14483.090006,854,1598
14483.095005,974,1595
14483.100006,789,1597
14483.105006,805,1603
14483.110006,990,1599
14483.115007,869,1600
14483.120006,787,1600
14483.125007,951,1600
14483.130007,947,1601
14483.135005,755,1598
14483.140006,870,1590
14483.145006,963,1598
14483.150006,768,1600
14483.155006,812,1598
14483.160007,972,1600
14483.165007,890,1601
14483.170005,789,1605
14483.175006,967,1603
14483.180005,932,1604
14483.185006,748,1611
14483.190005,874,1612
14483.195007,950,1616
14483.200006,789,1615
14483.205006,805,1622
14483.210006,989,1617
14483.215007,876,1622
14483.220006,800,1621
14483.225006,966,1626
14483.230006,947,1629
14483.235007,763,1627
14483.240005,869,1630
14483.245005,956,1628
14483.250007,774,1629
14483.255006,810,1633
14483.260006,1001,1633
14483.265006,879,1632
14483.270006,780,1634
14483.275006,977,1632
14483.280005,933,1631
14483.285005,780,1634
14483.290006,870,1631
14483.295006,956,1632
14483.300006,770,1637
14483.305006,829,1629
14483.310007,987,1631
14483.315007,881,1628
14483.320006,785,1628
14483.325005,986,1626
14483.330007,933,1628
14483.335006,753,1629
14483.340005,870,1625
14483.345007,974,1621
14483.350005,777,1625
14483.355006,807,1626
14483.360006,976,1625
14483.365007,890,1620
14483.370007,790,1623
14483.375005,968,1620
14483.380006,952,1616
14483.385005,769,1615
14483.390007,868,1616
14483.395005,957,1614
14483.400006,771,1614
14483.405006,806,1611
14483.410006,995,1609
14483.415006,876,1608
14483.420006,780,1606
14483.425006,970,1605
14483.430006,924,1605
14483.435006,753,1603
14483.440006,879,1597
14483.445006,970,1598
14483.450006,771,1600
14483.455006,810,1596
14483.460006,974,1598
14483.465006,863,1601
14483.470007,778,1596
14483.475005,978,1595
14483.480006,928,1594
14483.485006,752,1593
14483.490007,862,1591
14483.495006,964,1591
14483.500006,772,1588
14483.505007,812,1589
14483.510006,991,1588
14483.515006,872,1586
14483.520005,776,1591
14483.525006,979,1581
14483.530006,936,1586
14483.535007,757,1588
14483.540006,870,1589
14483.545005,945,1591
14483.550005,782,1589
14483.555005,809,1591
14483.560006,984,1597
14483.565006,861,1600
14483.570006,801,1601
14483.575006,970,1600
14483.580005,924,1607
14483.585006,754,1608
14483.590005,884,1609
14483.595006,958,1607
14483.600005,768,1610
14483.605007,811,1609
14483.610007,976,1612
14483.615007,887,1608
14483.620006,790,1611
14483.625005,959,1613
14483.630005,945,1609
14483.635007,766,1609
14483.640006,880,1612
14483.645005,952,1614
14483.650006,769,1612
14483.655006,809,1614
14483.660006,992,1612
14483.665006,867,1612
14483.670006,782,1615
14483.675006,986,1615
14483.680007,931,1619
14483.685006,760,1621
14483.690005,872,1622
14483.695007,968,1620
14483.700006,777,1622
14483.705006,814,1625
14483.710007,990,1622
14483.715006,870,1623
14483.720005,802,1627
14483.725005,967,1629
14483.730006,942,1627
14483.735005,759,1628
14483.740006,887,1622
14483.745005,951,1621
14483.750006,790,1620
14483.755006,814,1619
14483.760007,995,1619
14483.765006,864,1621
14483.770005,782,1619
14483.775006,981,1615
14483.780006,930,1617
14483.785007,750,1619
14483.790006,880,1615
14483.795005,947,1617
14483.800006,769,1617
14483.805005,809,1617
14483.810006,990,1616
14483.815006,864,1619
14483.820006,779,1620
14483.825006,970,1619
14483.830005,923,1621
14483.835006,778,1618
14483.840005,876,1620
14483.845007,946,1622
14483.850007,787,1618
14483.855006,815,1621
14483.860007,971,1622
14483.865005,864,1622
14483.870005,802,1622
14483.875006,964,1624
14483.880006,942,1620
14483.885005,757,1623
14483.890006,889,1619
14483.895007,962,1623
14483.900006,774,1620
14483.905005,803,1622
14483.910006,972,1621
14483.915005,867,1617
14483.920007,781,1622
14483.925007,981,1619
14483.930006,937,1619
14483.935006,767,1616
14483.940006,867,1620
14483.945006,959,1616
14483.950005,763,1619
14483.955007,806,1615
14483.960006,995,1614
14483.965005,867,1614
14483.970006,783,1613
14483.975006,979,1613
14483.980006,921,1614
14483.985005,770,1611
14483.990006,880,1614
14483.995006,947,1612
14484.000005,780,1611
14484.005005,810,1611
14484.010007,985,1610
14484.015006,852,1613
14484.020006,790,1613
14484.025007,981,1612
14484.030006,927,1611
14484.035006,770,1615
14484.040006,875,1613
14484.045006,960,1614
14484.050006,775,1613
14484.055006,811,1614
14484.060007,985,1611
14484.065006,859,1612
14484.070006,799,1615
14484.075006,960,1613
14484.080006,939,1614
14484.085007,762,1612
14484.090005,888,1609
14484.095006,963,1610
14484.100006,755,1614
14484.105006,820,1612
14484.110005,972,1611
14484.115006,867,1609
14484.120005,779,1609
14484.125006,977,1609
14484.130006,925,1609
14484.135005,753,1609
14484.140006,896,1607
14484.145006,949,1609
14484.150006,759,1613
14484.155006,824,1611
14484.160007,980,1613
14484.165006,847,1612
14484.170005,800,1608
14484.175006,973,1609
14484.180006,923,1609
14484.185007,751,1611
14484.190006,888,1611
14484.195007,947,1612
14484.200006,773,1604
14484.205005,827,1608
14484.210005,973,1612
14484.215006,850,1610
14484.220006,794,1606
14484.225005,961,1608
14484.230007,932,1605
14484.235005,754,1606
14484.240006,888,1603
14484.245005,964,1601
14484.250007,761,1601
14484.255006,829,1594
14484.260006,976,1598
14484.265005,848,1598
14484.270005,796,1596
14484.275007,963,1595
14484.280006,934,1595
14484.285006,756,1597
14484.290007,877,1596
14484.295006,962,1595
14484.300006,764,1595
14484.305006,813,1595
14484.310005,985,1595
14484.315005,854,1596
14484.320006,785,1600
14484.325006,982,1599
14484.330005,919,1600
14484.335006,751,1602
14484.340005,889,1595
14484.345006,946,1599
14484.350005,755,1600
14484.355007,827,1600
14484.360006,978,1600
14484.365006,842,1599
14484.370006,782,1598
14484.375006,975,1597
14484.380007,919,1599
14484.385006,760,1598
14484.390007,876,1599
14484.395006,965,1597
14484.400007,765,1597
14484.405006,815,1597
14484.410007,970,1598
14484.415007,861,1591
14484.420006,792,1599
14484.425006,962,1601
14484.430006,940,1601
14484.435007,761,1604
14484.440007,886,1603
14484.445006,943,1607
14484.450006,775,1601
14484.455006,817,1607
14484.460007,982,1603
14484.465006,852,1605
14484.470006,786,1605
14484.475006,963,1606
14484.480007,940,1603
14484.485006,770,1602
14484.490006,886,1602
14484.495006,965,1598
14484.500005,766,1600
14484.505005,809,1600
14484.510007,985,1592
14484.515006,859,1601
14484.520007,793,1594
14484.525006,963,1594
14484.530005,941,1594
14484.535006,760,1592
14484.540006,880,1595
14484.545005,941,1596
14484.550006,780,1592
14484.555006,815,1595
14484.560006,974,1594
14484.565006,851,1587
14484.570006,797,1599
14484.575006,969,1595
14484.580006,917,1599
14484.585006,769,1593
14484.590006,901,1595
14484.595005,951,1595
14484.600006,757,1593
14484.605006,804,1595
14484.610006,989,1589
14484.615006,854,1594
14484.620005,782,1593
14484.625006,977,1588
14484.630006,928,1589
14484.635006,754,1589
14484.640006,899,1585
14484.645005,939,1588
14484.650006,770,1584
14484.655006,809,1586
14484.660006,986,1587
14484.665007,839,1589
14484.670005,801,1587
14484.675005,961,1590
14484.680005,931,1587
14484.685006,752,1594
14484.690006,899,1591
14484.695006,935,1599
14484.700006,765,1594
14484.705006,806,1604
14484.710006,990,1599
14484.715005,835,1604
14484.720006,793,1601
14484.725005,979,1602
14484.730007,937,1600
14484.735006,763,1602
14484.740006,887,1605
14484.745006,938,1603
14484.750006,767,1603
14484.755007,805,1604
14484.760005,993,1604
14484.765006,842,1608
14484.770005,799,1599
14484.775006,973,1603
14484.780005,918,1608
14484.785006,764,1605
14484.790007,883,1609
14484.795005,958,1615
14484.800005,764,1609
14484.805005,810,1609
14484.810006,989,1608
14484.815006,844,1609
14484.820006,793,1605
14484.825006,978,1613
14484.830005,918,1614
14484.835005,769,1610
14484.840006,894,1617
14484.845006,942,1619
14484.850007,754,1618
14484.855006,818,1619
14484.860006,971,1620
14484.865006,860,1621
14484.870005,796,1622
14484.875006,970,1626
14484.880006,917,1632
14484.885006,773,1623
14484.890006,890,1625
14484.895007,961,1625
14484.900006,757,1627
14484.905006,830,1623
14484.910006,970,1625
14484.915006,857,1624
14484.920005,789,1626
14484.925006,990,1621
14484.930005,925,1621
14484.935006,757,1625
14484.940005,911,1618
14484.945006,946,1620
14484.950005,756,1620
14484.955006,827,1617
14484.960007,969,1619
14484.965006,852,1614
14484.970007,805,1616
14484.975006,979,1613
14484.980007,915,1621
14484.985007,769,1614
14484.990006,893,1612
14484.995006,956,1607
14485.000005,779,1611
14485.005005,814,1613
14485.010006,966,1614
14485.015007,848,1610
14485.020005,785,1614
14485.025006,980,1612
14485.030005,918,1616
14485.035006,769,1613
14485.040007,891,1615
14485.045006,960,1617
14485.050006,758,1620
14485.055006,826,1616
14485.060006,970,1616
14485.065005,846,1616
14485.070007,802,1616
14485.075007,971,1620
14485.080006,916,1619
14485.085006,769,1619
14485.090006,904,1616
14485.095006,953,1617
14485.100006,756,1619
14485.105006,820,1616
14485.110006,967,1619
14485.115006,857,1613
14485.120005,797,1619
14485.125006,985,1614
14485.130006,931,1613
14485.135006,765,1614
14485.140006,893,1616
14485.145005,940,1617
14485.150006,774,1614
14485.155006,808,1622
14485.160007,991,1614
14485.165006,836,1621
14485.170005,804,1617
14485.175005,978,1616
14485.180005,916,1617
14485.185006,772,1613
14485.190006,896,1614
14485.195006,941,1615
14485.200006,776,1618
14485.205005,817,1615
14485.210005,988,1612
14485.215006,841,1616
14485.220006,787,1613
14485.225006,980,1615
14485.230006,917,1616
14485.235005,776,1611
14485.240006,892,1613
14485.245006,952,1611
14485.250006,751,1614
14485.255006,828,1606
14485.260005,976,1606
14485.265006,828,1606
14485.270005,805,1604
14485.275006,979,1603
14485.280006,921,1602
14485.285007,757,1602
14485.290006,891,1603
14485.295006,948,1594
14485.300006,764,1593
14485.305005,824,1602
14485.310006,986,1603
14485.315005,832,1609
14485.320006,784,1609
14485.325006,991,1608
14485.330005,928,1608
14485.335005,753,1612
14485.340006,906,1614
14485.345006,955,1610
14485.350006,774,1616
14485.355006,812,1618
14485.360005,964,1617
14485.365007,840,1616
14485.370006,788,1616
14485.375007,982,1614
14485.380006,921,1616
14485.385006,783,1613
14485.390007,907,1615
14485.395005,938,1619
14485.400006,778,1612
14485.405005,818,1613
14485.410006,969,1616
14485.415007,848,1614
14485.420006,808,1615
14485.425006,974,1618
14485.430006,935,1618
14485.435006,769,1623
14485.440006,897,1622
14485.445006,939,1625
14485.450006,758,1624
14485.455005,835,1625
14485.460006,976,1629
14485.465005,830,1630
14485.470006,807,1631
14485.475005,972,1631
14485.480006,928,1621
14485.485006,775,1627
14485.490007,901,1628
14485.495007,960,1627
14485.500006,779,1629
14485.505006,822,1626
14485.510006,970,1630
14485.515007,829,1626
14485.520005,816,1619
14485.525007,981,1628
14485.530006,935,1624
14485.535006,780,1624
14485.540006,902,1626
14485.545006,953,1619
14485.550006,768,1624
14485.555006,816,1627
14485.560006,992,1628
14485.565005,843,1627
14485.570006,796,1629
14485.575005,975,1624
14485.580007,935,1623
14485.585006,780,1630
14485.590006,900,1630
14485.595006,952,1622
14485.600006,770,1629
14485.605006,815,1628
14485.610006,981,1627
14485.615005,830,1628
14485.620005,813,1624
14485.625007,980,1622
14485.630006,942,1620
14485.635006,763,1623
14485.640007,918,1616
14485.645007,949,1615
14485.650006,774,1616
14485.655005,811,1614
14485.660006,990,1610
14485.665006,835,1609
14485.670005,804,1610
14485.675005,985,1608
14485.680005,915,1609
14485.685006,766,1601
14485.690006,919,1613
14485.695007,948,1605
14485.700006,771,1609
14485.705005,815,1609
14485.710005,973,1613
14485.715006,825,1612
14485.720006,809,1608
14485.725005,970,1618
14485.730006,930,1603
14485.735006,776,1608
14485.740006,909,1609
14485.745006,948,1606
14485.750005,760,1605
14485.755005,814,1604
14485.760007,986,1600
14485.765007,822,1603
14485.770006,814,1597
14485.775006,976,1601
14485.780006,919,1599
14485.785006,774,1596
14485.790007,899,1596
14485.795006,949,1597
14485.800006,764,1594
14485.805005,815,1596
14485.810006,966,1597
14485.815006,847,1592
14485.820006,796,1592
14485.825005,977,1591
14485.830006,927,1590
14485.835007,765,1591
14485.840006,900,1591
14485.845007,953,1589
14485.850006,756,1588
14485.855006,812,1592
14485.860006,979,1590
14485.865007,831,1583
14485.870006,798,1587
14485.875006,987,1586
14485.880006,934,1587
14485.885005,773,1588
14485.890006,910,1590
14485.895006,941,1589
14485.900006,749,1591
14485.905005,829,1589
14485.910006,964,1592
14485.915007,818,1593
14485.920005,789,1595
14485.925005,984,1593
14485.930005,933,1594
14485.935006,768,1596
14485.940007,909,1596
14485.945006,932,1602
14485.950006,769,1598
14485.955006,811,1605
14485.960007,979,1601
14485.965006,831,1600
14485.970007,794,1601
14485.975007,992,1604
14485.980007,923,1602
14485.985006,760,1605
14485.990007,905,1605
14485.995006,947,1598
14486.000005,771,1604
14486.005005,817,1604
14486.010006,964,1609
14486.015006,817,1604
14486.020005,809,1602
14486.025007,982,1601
14486.030006,922,1602
14486.035007,761,1603
14486.040007,926,1596
14486.045005,937,1599
14486.050005,756,1595
14486.055006,832,1596
14486.060006,973,1599
14486.065007,820,1600
14486.070006,808,1596
14486.075006,975,1597
14486.080005,935,1597
14486.085006,766,1593
14486.090005,904,1599
14486.095006,951,1594
14486.100006,757,1597
14486.105006,833,1594
14486.110006,976,1595
14486.115006,820,1597
14486.120005,790,1598
14486.125006,982,1597
14486.130006,940,1596
14486.135006,765,1598
14486.140007,907,1600
14486.145005,953,1600
14486.150007,762,1598
14486.155007,812,1602
14486.160005,965,1601
14486.165005,833,1596
14486.170006,805,1600
14486.175006,978,1602
14486.180006,916,1604
14486.185007,779,1601
14486.190007,919,1602
14486.195006,944,1601
14486.200005,749,1607
14486.205006,830,1599
14486.210006,970,1602
14486.215005,837,1600
14486.220006,799,1602
14486.225006,968,1603
14486.230007,932,1599
14486.235007,777,1598
14486.240006,910,1601
14486.245005,955,1600
14486.250007,759,1600
14486.255006,817,1599
14486.260005,987,1594
14486.265006,822,1596
14486.270005,805,1595
14486.275006,975,1597
14486.280007,916,1600
14486.285006,767,1592
14486.290006,929,1601
14486.295006,944,1600
14486.300006,754,1603
14486.305005,830,1604
14486.310006,978,1607
14486.315005,814,1610
14486.320007,817,1608
14486.325006,983,1611
14486.330006,920,1613
14486.335006,785,1613
14486.340005,922,1613
14486.345007,937,1612
14486.350006,765,1609
14486.355006,819,1616
14486.360006,964,1617
14486.365007,814,1617
14486.370005,799,1612
14486.375006,992,1613
14486.380006,922,1612
14486.385005,763,1612
14486.390006,933,1608
14486.395005,934,1609
14486.400006,768,1605
14486.405005,831,1609
14486.410007,970,1605
14486.415006,814,1602
14486.420006,811,1608
14486.425006,975,1609
14486.430005,913,1611
14486.435006,783,1608
14486.440007,927,1606
14486.445006,941,1610
14486.450005,765,1610
14486.455006,814,1612
14486.460006,984,1611
14486.465006,826,1611
14486.470006,799,1611
14486.475005,975,1613
14486.480006,940,1610
14486.485006,772,1612
14486.490006,914,1616
14486.495005,939,1616
14486.500006,751,1616
14486.505006,838,1615
14486.510006,988,1612
14486.515007,831,1613
14486.520006,797,1617
14486.525007,983,1608
14486.530005,935,1616
14486.535007,770,1619
14486.540006,916,1619
14486.545006,953,1615
14486.550006,764,1618
14486.555006,824,1614
14486.560006,985,1624
14486.565006,813,1625
14486.570006,798,1619
14486.575006,974,1621
14486.580006,937,1616
14486.585006,785,1622
14486.590006,929,1617
14486.595006,941,1619
14486.600006,751,1622
14486.605006,814,1622
14486.610005,965,1623
14486.615007,831,1616
14486.620006,812,1616
14486.625005,978,1618
14486.630005,941,1614
14486.635006,767,1617
14486.640006,916,1618
14486.645006,956,1617
14486.650006,751,1617
14486.655005,831,1617
14486.660006,962,1617
14486.665007,829,1615
14486.670007,802,1612
14486.675007,994,1611
14486.680006,925,1615
14486.685006,764,1616
14486.690006,941,1612
14486.695006,948,1610
14486.700005,764,1612
14486.705006,821,1611
14486.710006,961,1608
14486.715005,819,1608
14486.720007,804,1606
14486.725006,978,1605
14486.730007,934,1604
14486.735006,774,1604
14486.740006,917,1602
14486.745005,942,1601
14486.750006,753,1604
14486.755007,815,1600
14486.760006,978,1598
14486.765007,808,1599
14486.770005,819,1596
14486.775006,992,1593
14486.780006,918,1597
14486.785006,765,1598
14486.790007,924,1601
14486.795007,950,1599
14486.800006,760,1602
14486.805005,821,1601
14486.810005,963,1602
14486.815005,819,1603
14486.820006,806,1605
14486.825006,975,1608
14486.830005,940,1608
14486.835006,781,1607
14486.840005,927,1609
14486.845006,936,1612
14486.850006,773,1609
14486.855007,827,1611
14486.860006,969,1609
14486.865006,805,1611
14486.870006,816,1606
14486.875006,985,1605
14486.880007,920,1605
14486.885006,787,1606
14486.890006,929,1605
14486.895006,955,1599
14486.900006,772,1602
14486.905005,820,1605
14486.910007,977,1604
14486.915006,801,1606
14486.920005,821,1601
14486.925005,988,1606
14486.930006,919,1608
14486.935006,781,1604
14486.940005,932,1609
14486.945007,936,1612
14486.950006,772,1609
14486.955006,833,1613
14486.960007,966,1617
14486.965007,820,1614
14486.970006,802,1612
14486.975006,985,1608
14486.980007,927,1614
14486.985006,788,1611
14486.990006,927,1616
14486.995006,950,1609
14487.000006,770,1610
14487.005007,819,1614
14487.010007,980,1604
14487.015006,813,1611
14487.020006,821,1611
14487.025007,978,1613
14487.030007,932,1611
14487.035007,776,1614
14487.040006,924,1616
14487.045005,944,1613
14487.050005,756,1612
14487.055005,817,1617
14487.060006,965,1614
14487.065006,827,1614
14487.070007,809,1613
14487.075006,981,1606
14487.080005,925,1614
14487.085006,769,1614
14487.090006,944,1613
14487.095007,933,1614
14487.100006,752,1613
14487.105006,829,1613
14487.110006,968,1615
14487.115006,807,1615
14487.120005,813,1607
14487.125005,992,1614
14487.130006,920,1614
14487.135005,788,1612
14487.140006,939,1614
14487.145005,935,1616
14487.150007,766,1612
14487.155007,822,1614
14487.160007,980,1613
14487.165006,809,1611
14487.170006,807,1612
14487.175007,981,1613
14487.180006,916,1613
14487.185006,780,1606
14487.190006,944,1614
14487.195006,940,1611
14487.200006,756,1614
14487.205005,842,1607
14487.210005,974,1612
14487.215006,801,1616
14487.220006,815,1610
14487.225005,975,1615
14487.230006,929,1612
14487.235005,766,1611
14487.240006,946,1610
14487.245006,936,1612
14487.250005,762,1609
14487.255006,817,1613
14487.260006,986,1608
14487.265006,810,1609
14487.270006,813,1607
14487.275007,977,1611
14487.280007,913,1610
14487.285005,790,1608
14487.290006,935,1607
14487.295006,934,1612
14487.300007,756,1607
14487.305005,832,1611
14487.310006,965,1615
14487.315006,799,1613
14487.320006,822,1614
14487.325006,978,1615
14487.330006,931,1615
14487.335007,773,1617
14487.340006,926,1616
14487.345006,947,1615
14487.350005,762,1614
14487.355006,833,1614
14487.360006,974,1615
14487.365006,806,1612
14487.370005,804,1616
14487.375006,1000,1611
14487.380006,921,1612
14487.385005,766,1611
14487.390006,941,1610
14487.395005,933,1608
14487.400006,773,1608
14487.405006,833,1609
14487.410005,960,1608
14487.415006,803,1607
14487.420005,807,1605
14487.425005,981,1605
14487.430005,927,1605
14487.435006,785,1605
14487.440006,939,1605
14487.445005,934,1608
14487.450006,772,1607
14487.455006,827,1605
14487.460006,984,1604
14487.465005,807,1603
14487.470006,809,1604
14487.475006,973,1608
14487.480006,925,1606
14487.485005,778,1600
14487.490006,933,1602
14487.495006,930,1600
14487.500005,753,1600
14487.505006,820,1595
14487.510006,977,1593
14487.515006,805,1591
14487.520006,797,1595
14487.525007,990,1591
14487.530006,910,1590
14487.535007,769,1590
14487.540006,934,1592
14487.545006,932,1592
14487.550005,772,1592
14487.555005,838,1589
14487.560006,962,1594
14487.565005,811,1592
14487.570006,819,1594
14487.575006,992,1593
14487.580006,919,1593
14487.585007,774,1595
14487.590006,932,1595
14487.595006,927,1594
14487.600006,769,1594
14487.605007,826,1593
14487.610005,963,1596
14487.615005,789,1593
14487.620006,814,1585
14487.625005,979,1590
14487.630005,902,1589
14487.635006,781,1589
14487.640006,929,1590
14487.645006,951,1587
14487.650006,759,1587
14487.655005,823,1592
14487.660007,979,1591
14487.665006,801,1590
14487.670005,802,1593
14487.675005,988,1584
14487.680005,921,1592
14487.685005,764,1596
14487.690005,948,1596
14487.695006,932,1599
14487.700007,746,1601
14487.705006,846,1602
14487.710006,971,1601
14487.715005,790,1605
14487.720006,813,1601
14487.725005,992,1607
14487.730006,906,1607
14487.735005,787,1609
14487.740006,944,1613
14487.745006,942,1610
14487.750005,766,1610
14487.755005,828,1615
14487.760006,958,1613
14487.765006,804,1613
14487.770006,811,1613
14487.775006,976,1613
14487.780006,923,1613
14487.785006,780,1613
14487.790006,936,1611
14487.795005,927,1615
14487.800006,767,1609
14487.805005,837,1613
14487.810006,973,1605
14487.815006,801,1610
14487.820006,801,1611
14487.825006,991,1610
14487.830005,900,1612
14487.835005,783,1612
14487.840007,941,1610
14487.845007,932,1611
14487.850006,771,1611
14487.855007,846,1613
14487.860006,968,1610
14487.865007,800,1608
14487.870006,820,1611
14487.875005,981,1611
14487.880006,895,1609
14487.885005,785,1608
14487.890007,945,1608
14487.895005,929,1611
14487.900005,767,1608
14487.905005,830,1608
14487.910006,973,1606
14487.915006,804,1602
14487.920005,816,1602
14487.925005,984,1601
14487.930005,899,1601
14487.935006,793,1600
14487.940005,940,1602
14487.945007,950,1600
14487.950007,753,1599
14487.955007,830,1600
14487.960006,974,1598
14487.965005,794,1599
14487.970006,805,1602
14487.975006,987,1599
14487.980006,904,1597
14487.985005,784,1600
14487.990006,937,1604
14487.995006,952,1599
14488.000005,762,1598
14488.005005,835,1602
14488.010006,974,1600
14488.015006,786,1602
14488.020006,823,1603
14488.025006,991,1600
14488.030007,898,1598
14488.035006,783,1595
14488.040006,959,1601
14488.045007,935,1600
14488.050006,749,1604
14488.055007,853,1599
14488.060007,963,1601
14488.065007,805,1601
14488.070006,812,1599
14488.075005,977,1599
14488.080006,916,1600
14488.085006,780,1601
14488.090006,948,1601
14488.095007,950,1601
14488.100005,753,1600
14488.105006,837,1602
14488.110005,975,1600
14488.115007,786,1601
14488.120007,820,1599
14488.125007,981,1598
14488.130007,916,1598
14488.135006,779,1598
14488.140006,962,1597
14488.145006,938,1594
14488.150007,747,1600
14488.155006,856,1595
14488.160006,960,1594
14488.165006,804,1594
14488.170006,805,1597
14488.175006,994,1595
14488.180005,901,1595
14488.185006,777,1597
14488.190006,960,1596
14488.195006,931,1599
14488.200006,751,1598
14488.205006,841,1601
14488.210007,974,1594
14488.215006,788,1601
14488.220006,819,1602
14488.225007,978,1603
14488.230005,891,1606
14488.235005,796,1601
14488.240006,951,1605
14488.245007,943,1597
14488.250006,757,1604
14488.255006,843,1604
14488.260005,974,1600
14488.265006,798,1603
14488.270006,805,1608
14488.275007,974,1608
14488.280006,905,1608
14488.285007,780,1608
14488.290006,958,1606
14488.295006,932,1609
14488.300006,757,1606
14488.305005,838,1611
14488.310006,969,1609
14488.315006,788,1609
14488.320006,802,1613
14488.325006,982,1609
14488.330006,906,1612
14488.335006,792,1610
14488.340005,954,1611
14488.345006,946,1608
14488.350006,766,1611
14488.355006,838,1614
14488.360006,970,1610
14488.365006,783,1614
14488.370006,824,1612
14488.375005,977,1615
14488.380005,907,1614
14488.385006,778,1614
14488.390006,946,1617
14488.395005,940,1612
14488.400006,767,1612
14488.405006,857,1611
14488.410007,962,1615
14488.415006,792,1608
14488.420006,813,1614
14488.425006,977,1613
14488.430007,901,1617
14488.435006,777,1619
14488.440006,962,1615
14488.445007,931,1617
14488.450006,760,1612
14488.455006,854,1617
14488.460006,952,1621
14488.465006,798,1619
14488.470006,798,1619
14488.475005,991,1620
14488.480007,889,1617
14488.485006,770,1621
14488.490006,959,1618
14488.495006,940,1614
14488.500006,757,1616
14488.505006,841,1618
14488.510007,963,1618
14488.515006,795,1618
14488.520006,813,1615
14488.525006,987,1611
14488.530007,885,1617
14488.535006,770,1614
14488.540006,963,1613
14488.545006,933,1614
14488.550006,749,1618
14488.555005,850,1614
14488.560007,953,1616
14488.565006,794,1610
14488.570007,812,1610
14488.575006,978,1610
14488.580006,880,1613
14488.585007,772,1611
14488.590005,966,1609
14488.595005,931,1608
14488.600006,752,1610
14488.605007,846,1612
14488.610006,969,1609
14488.615005,788,1608
14488.620006,804,1610
14488.625006,973,1610
14488.630006,897,1607
14488.635005,779,1607
14488.640006,947,1609
14488.645006,927,1612
14488.650006,769,1608
14488.655005,857,1607
14488.660006,955,1609
14488.665006,793,1606
14488.670007,813,1601
14488.675006,984,1607
14488.680005,877,1609
14488.685006,794,1609
14488.690005,953,1609
14488.695007,949,1609
14488.700007,758,1611
14488.705005,852,1612
14488.710006,953,1613
14488.715005,793,1612
14488.720006,808,1614
14488.725006,996,1610
14488.730006,891,1612
14488.735006,786,1610
14488.740006,950,1613
14488.745007,924,1613
14488.750006,766,1609
14488.755005,856,1611
14488.760006,951,1609
14488.765006,789,1609
14488.770007,813,1607
14488.775006,974,1609
14488.780005,891,1609
14488.785006,777,1614
14488.790006,952,1615
14488.795006,949,1610
14488.800007,757,1616
14488.805006,862,1613
14488.810006,957,1616
14488.815006,777,1617
14488.820007,828,1618
14488.825005,980,1620
14488.830007,892,1622
14488.835005,774,1622
14488.840006,958,1622
14488.845007,943,1620
14488.850006,754,1620
14488.855007,877,1617
14488.860006,961,1617
14488.865006,772,1616
14488.870005,822,1608
14488.875006,986,1608
14488.880006,873,1609
14488.885005,796,1606
14488.890007,961,1605
14488.895005,925,1608
14488.900006,776,1600
14488.905006,862,1598
14488.910007,976,1596
14488.915006,776,1598
14488.920006,805,1600
14488.925006,975,1602
14488.930005,889,1598
14488.935007,775,1602
14488.940006,969,1600
14488.945007,938,1601
14488.950006,758,1604
14488.955005,858,1604
14488.960006,963,1604
14488.965006,773,1606
14488.970007,828,1609
14488.975005,984,1609
14488.980006,875,1612
14488.985006,776,1611
14488.990006,978,1611
14488.995006,935,1609
14489.000005,756,1614
14489.005005,882,1610
14489.010006,954,1616
14489.015007,766,1615
14489.020006,827,1613
14489.025006,992,1616
14489.030006,882,1612
14489.035006,782,1616
14489.040005,973,1618
14489.045006,922,1621
14489.050007,755,1617
14489.055005,880,1612
14489.060006,963,1620
14489.065007,771,1622
14489.070005,825,1618
14489.075006,987,1619
14489.080006,874,1622
14489.085006,790,1622
14489.090007,961,1624
14489.095007,926,1625
14489.100006,778,1622
14489.105007,873,1622
14489.110006,958,1626
14489.115006,767,1622
14489.120005,824,1624
14489.125005,978,1624
14489.130005,894,1625
14489.135006,783,1621
14489.140006,974,1623
14489.145005,930,1622
14489.150006,770,1625
14489.155006,870,1615
14489.160006,967,1622
14489.165006,778,1621
14489.170006,805,1624
14489.175006,980,1626
14489.180006,892,1620
14489.185007,783,1622
14489.190007,976,1619
14489.195006,942,1617
14489.200005,760,1618
14489.205006,865,1620
14489.210006,959,1610
14489.215005,781,1618
14489.220006,812,1614
14489.225007,974,1614
14489.230005,883,1610
14489.235005,802,1608
14489.240006,970,1607
14489.245006,927,1608
14489.250005,752,1609
14489.255005,882,1602
14489.260007,962,1601
14489.265006,772,1600
14489.270007,801,1604
14489.275006,977,1593
14489.280006,878,1600
14489.285007,784,1600
14489.290006,958,1595
14489.295005,944,1600
14489.300005,753,1601
14489.305005,884,1598
14489.310006,958,1599
14489.315006,766,1602
14489.320007,802,1602
14489.325007,984,1602
14489.330006,868,1602
14489.335006,777,1603
14489.340007,977,1599
14489.345006,926,1599
14489.350006,768,1592
14489.355006,872,1594
14489.360005,946,1595
14489.365006,784,1593
14489.370006,808,1591
14489.375005,988,1586
14489.380006,875,1586
14489.385005,776,1589
14489.390006,974,1587
14489.395006,930,1585
14489.400006,748,1591
14489.405006,884,1587
14489.410006,968,1586
14489.415007,783,1589
14489.420006,815,1594
14489.425006,978,1593
14489.430007,862,1592
14489.435006,795,1588
14489.440005,976,1597
14489.445007,924,1595
14489.450006,772,1599
14489.455005,875,1589
14489.460005,949,1599
14489.465006,784,1599
14489.470006,812,1597
14489.475005,977,1598
14489.480005,862,1600
14489.485006,780,1596
14489.490006,978,1595
14489.495006,931,1596
14489.500005,753,1599
14489.505006,883,1593
14489.510005,953,1598
14489.515006,766,1597
14489.520005,832,1594
14489.525006,983,1593
14489.530005,874,1594
14489.535007,787,1595
14489.540005,965,1596
14489.545005,921,1597
14489.550005,776,1597
14489.555005,878,1592
14489.560006,955,1594
14489.565006,768,1598
14489.570006,808,1601
14489.575006,992,1597
14489.580006,870,1600
14489.585006,792,1599
14489.590007,972,1599
14489.595007,931,1600
14489.600007,773,1601
14489.605007,872,1601
14489.610006,949,1606
14489.615006,770,1599
14489.620005,829,1601
14489.625006,993,1604
14489.630006,876,1600
14489.635005,800,1605
14489.640006,972,1607
14489.645006,934,1605
14489.650007,754,1609
14489.655006,869,1608
14489.660006,966,1610
14489.665006,783,1611
14489.670006,819,1611
14489.675007,980,1608
14489.680005,859,1616
14489.685006,799,1610
14489.690005,977,1612
14489.695006,924,1613
14489.700006,757,1613
14489.705005,878,1614
14489.710005,947,1618
14489.715006,782,1610
14489.720006,820,1616
14489.725006,974,1618
14489.730007,859,1619
14489.735007,798,1616
14489.740005,965,1619
14489.745005,925,1620
14489.750006,773,1620
14489.755005,873,1620
14489.760005,968,1619
14489.765006,772,1618
14489.770005,815,1620
14489.775006,978,1616
14489.780006,868,1619
14489.785006,808,1617
14489.790006,976,1619
14489.795006,928,1622
14489.800007,753,1624
14489.805006,890,1621
14489.810006,962,1622
14489.815006,769,1624
14489.820006,827,1624
14489.825006,971,1627
14489.830006,873,1627
14489.835006,782,1629
14489.840005,976,1624
14489.845006,929,1619
14489.850006,770,1625
14489.855007,897,1624
14489.860006,955,1625
14489.865006,766,1621
14489.870006,826,1622
14489.875005,976,1623
14489.880006,857,1624
14489.885005,800,1617
14489.890007,981,1618
14489.895007,926,1619
14489.900006,776,1617
14489.905006,881,1618
14489.910007,952,1618
14489.915007,784,1615
14489.920005,817,1617
14489.925005,971,1617
14489.930005,876,1616
14489.935006,800,1617
14489.940006,972,1617
14489.945006,923,1620
14489.950005,774,1618
14489.955006,885,1618
14489.960006,945,1619
14489.965006,773,1611
14489.970007,806,1619
14489.975006,992,1617
14489.980007,867,1616
14489.985006,789,1621
14489.990007,983,1612
14489.995007,926,1619
14490.000007,768,1608
14490.005007,874,1619
14490.010006,965,1616
14490.015007,772,1613
14490.020006,808,1616
14490.025006,971,1615
14490.030006,870,1615
14490.035006,794,1615
14490.040006,965,1613
14490.045006,940,1612
14490.050006,759,1614
14490.055007,897,1613
14490.060006,957,1611
14490.065006,757,1616
14490.070007,821,1616
14490.075006,975,1614
14490.080007,864,1616
14490.085007,783,1617
14490.090005,981,1615
14490.095005,932,1617
14490.100005,753,1619
14490.105006,896,1617
14490.110005,948,1615
14490.115006,777,1614
14490.120005,819,1616
14490.125007,977,1614
14490.130007,859,1613
14490.135005,785,1617
14490.140006,964,1614
14490.145005,921,1613
14490.150006,772,1613
14490.155006,875,1613
14490.160007,964,1614
14490.165006,764,1615
14490.170006,807,1617
14490.175007,990,1617
14490.180005,854,1618
14490.185007,804,1620
14490.190006,972,1620
14490.195006,923,1622
14490.200005,759,1623
14490.205007,885,1622
14490.210007,946,1626
14490.215006,761,1626
14490.220006,827,1620
14490.225005,987,1626
14490.230007,852,1629
14490.235006,801,1622
14490.240005,978,1627
14490.245005,930,1628
14490.250006,764,1627
14490.255006,884,1627
14490.260006,944,1627
14490.265006,778,1622
14490.270006,814,1624
14490.275006,974,1626
14490.280006,874,1620
14490.285006,796,1623
14490.290006,973,1624
14490.295006,922,1622
14490.300006,777,1616
14490.305005,894,1616
14490.310006,944,1619
14490.315005,781,1616
14490.320006,816,1614
14490.325006,988,1614
14490.330006,854,1616
14490.335005,782,1620
14490.340006,987,1609
14490.345006,933,1612
14490.350005,758,1613
14490.355006,879,1613
14490.360005,956,1610
14490.365006,760,1614
14490.370006,826,1609
14490.375005,984,1611
14490.380005,845,1614
14490.385006,801,1609
14490.390006,984,1609
14490.395005,928,1611
14490.400006,762,1611
14490.405005,886,1614
14490.410006,953,1613
14490.415006,767,1613
14490.420006,810,1617
14490.425006,989,1613
14490.430007,856,1612
14490.435006,794,1612
14490.440006,967,1615
14490.445007,938,1611
14490.450007,762,1604
14490.455005,902,1611
14490.460006,960,1612
14490.465006,761,1611
14490.470006,813,1616
14490.475007,973,1609
14490.480006,853,1604
14490.485005,802,1613
14490.490006,979,1612
14490.495006,921,1615
14490.500005,776,1611
14490.505005,898,1613
14490.510007,943,1618
14490.515005,776,1610
14490.520005,828,1615
14490.525006,974,1615
14490.530006,860,1615
14490.535006,785,1619
14490.540007,987,1616
14490.545007,929,1613
14490.550007,758,1615
14490.555006,899,1614
14490.560007,947,1616
14490.565006,775,1610
14490.570007,823,1615
14490.575006,975,1612
14490.580005,857,1607
14490.585006,805,1609
14490.590005,977,1612
14490.595007,936,1606
14490.600007,767,1609
14490.605007,895,1607
14490.610007,941,1616
14490.615006,777,1610
14490.620005,820,1609
14490.625006,972,1611
14490.630006,856,1604
14490.635005,787,1610
14490.640006,966,1611
14490.645005,937,1611
14490.650006,763,1610
14490.655005,885,1615
14490.660006,959,1610
14490.665006,760,1611
14490.670006,830,1606
14490.675006,973,1608
14490.680007,837,1611
14490.685006,784,1606
14490.690006,984,1606
14490.695007,926,1603
14490.700007,764,1602
14490.705006,887,1604
14490.710006,955,1596
14490.715006,767,1604
14490.720006,811,1604
14490.725006,974,1602
14490.730006,845,1602
14490.735007,792,1602
14490.740006,973,1601
14490.745005,925,1599
14490.750006,761,1602
14490.755007,885,1600
14490.760006,957,1600
14490.765006,764,1598
14490.770006,811,1601
14490.775006,972,1600
14490.780006,837,1603
14490.785006,804,1596
14490.790005,983,1600
14490.795006,938,1603
14490.800006,771,1604
14490.805005,906,1606
14490.810006,951,1606
14490.815006,763,1607
14490.820006,812,1614
14490.825005,969,1613
14490.830006,843,1605
14490.835007,794,1613
14490.840006,980,1613
14490.845006,928,1617
14490.850005,762,1616
14490.855006,891,1618
14490.860006,954,1611
14490.865006,769,1615
14490.870006,812,1616
14490.875006,972,1616
14490.880006,853,1609
14490.885006,810,1609
14490.890006,974,1608
14490.895005,920,1604
14490.900007,777,1605
14490.905006,899,1604
14490.910006,950,1604
14490.915007,759,1604
14490.920006,811,1605
14490.925007,973,1605
14490.930006,840,1599
14490.935006,803,1604
14490.940006,984,1608
14490.945006,924,1607
14490.950006,774,1606
14490.955005,902,1609
14490.960006,942,1611
14490.965006,771,1605
14490.970007,828,1612
14490.975006,981,1616
14490.980007,835,1611
14490.985006,804,1614
14490.990006,993,1611
14490.995005,926,1616
14491.000006,763,1614
14491.005006,908,1611
14491.010007,947,1610
14491.015007,753,1615
14491.020007,825,1610
14491.025006,976,1608
14491.030005,837,1606
14491.035006,808,1602
14491.040006,984,1604
14491.045006,917,1606
14491.050006,782,1602
14491.055005,904,1601
14491.060006,944,1600
14491.065005,773,1596
14491.070006,818,1597
14491.075005,971,1597
14491.080006,841,1598
14491.085006,793,1600
14491.090006,969,1600
14491.095006,934,1598
14491.100005,769,1596
14491.105007,901,1595
14491.110007,949,1597
14491.115005,753,1599
14491.120005,830,1596
14491.125006,983,1598
14491.130006,834,1594
14491.135006,789,1595
14491.140006,979,1594
14491.145006,921,1593
14491.150006,758,1593
14491.155005,916,1593
14491.160006,944,1592
14491.165006,771,1592
14491.170006,831,1590
14491.175006,974,1592
14491.180005,833,1592
14491.185006,792,1589
14491.190005,984,1594
14491.195006,919,1595
14491.200005,773,1590
14491.205007,898,1596
14491.210006,950,1586
14491.215006,769,1593
14491.220006,815,1594
14491.225005,964,1598
14491.230006,827,1594
14491.235005,802,1592
14491.240005,971,1594
14491.245005,915,1597
14491.250006,779,1588
14491.255007,908,1593
14491.260006,944,1596
14491.265005,749,1599
14491.270006,828,1594
14491.275006,975,1596
14491.280005,825,1599
14491.285006,801,1591
14491.290005,965,1602
14491.295006,930,1595
14491.300005,762,1605
14491.305005,895,1608
14491.310007,934,1611
14491.315006,751,1616
14491.320007,826,1614
14491.325006,987,1612
14491.330005,834,1614
14491.335005,805,1618
14491.340006,971,1619
14491.345007,921,1617
14491.350005,754,1618
14491.355006,917,1618
14491.360006,947,1615
14491.365006,758,1616
14491.370006,813,1614
14491.375005,962,1616
14491.380006,846,1608
14491.385005,797,1610
14491.390007,972,1608
14491.395007,932,1606
14491.400005,779,1607
14491.405006,905,1604
14491.410005,933,1609
14491.415006,772,1602
14491.420005,820,1604
14491.425005,966,1605
14491.430006,823,1602
14491.435007,810,1605
14491.440007,978,1607
14491.445006,922,1603
14491.450005,760,1608
14491.455006,900,1607
14491.460006,952,1597
14491.465005,767,1608
14491.470006,817,1605
14491.475006,963,1609
14491.480007,840,1603
14491.485006,794,1610
14491.490006,968,1605
14491.495005,936,1605
14491.500007,770,1610
14491.505006,907,1608
14491.510005,940,1607
14491.515007,754,1609
14491.520005,812,1610
14491.525006,979,1604
14491.530005,821,1610
14491.535006,810,1611
14491.540007,979,1614
14491.545006,921,1617
14491.550007,760,1618
14491.555005,924,1616
14491.560006,940,1619
14491.565005,770,1613
14491.570006,817,1620
14491.575005,968,1625
14491.580006,824,1624
14491.585006,816,1624
14491.590006,977,1624
14491.595007,919,1627
14491.600005,784,1623
14491.605006,910,1622
14491.610006,938,1622
14491.615006,755,1626
14491.620005,831,1623
14491.625006,976,1619
14491.630006,827,1619
14491.635006,809,1614
14491.640006,988,1618
14491.645006,923,1615
14491.650006,759,1619
14491.655007,906,1620
14491.660006,954,1616
14491.665006,760,1620
14491.670006,819,1619
14491.675006,970,1619
14491.680005,826,1620
14491.685006,812,1624
14491.690006,996,1621
14491.695006,932,1624
14491.700005,774,1623
14491.705006,919,1629
14491.710007,939,1627
14491.715006,754,1626
14491.720006,814,1625
14491.725005,987,1627
14491.730006,831,1628
14491.735005,800,1630
14491.740007,973,1628
14491.745005,939,1626
14491.750006,770,1626
14491.755006,932,1626
14491.760005,934,1628
14491.765006,771,1626
14491.770007,815,1624
14491.775005,987,1623
14491.780005,824,1620
14491.785006,815,1620
14491.790006,984,1618
14491.795006,918,1618
14491.800007,776,1611
14491.805005,913,1617
14491.810006,952,1612
14491.815006,757,1614
14491.820007,814,1613
14491.825006,966,1613
14491.830006,839,1609
14491.835006,805,1610
14491.840005,979,1605
14491.845006,919,1609
14491.850005,760,1610
14491.855006,906,1608
14491.860005,950,1605
14491.865006,758,1605
14491.870005,818,1608
14491.875006,964,1605
14491.880006,832,1607
14491.885006,813,1605
14491.890006,975,1602
14491.895006,916,1608
14491.900006,769,1596
14491.905005,932,1601
14491.910006,939,1600
14491.915006,753,1602
14491.920005,816,1605
14491.925006,967,1601
14491.930006,813,1612
14491.935007,804,1596
14491.940006,976,1596
14491.945006,917,1599
14491.950006,759,1598
14491.955006,914,1587
14491.960006,953,1592
14491.965006,758,1592
14491.970006,815,1593
14491.975007,970,1586
14491.980005,823,1587
14491.985006,792,1589
14491.990006,968,1587
14491.995006,931,1586
14492.000005,770,1585
14492.005006,913,1587
14492.010005,931,1589
14492.015006,751,1588
14492.020006,810,1588
14492.025006,980,1588
14492.030006,818,1589
14492.035006,793,1592
14492.040007,970,1593
14492.045005,927,1590
14492.050006,763,1596
14492.055005,908,1594
14492.060007,948,1594
14492.065006,769,1596
14492.070006,821,1595
14492.075006,968,1597
14492.080006,813,1598
14492.085007,791,1599
14492.090005,994,1595
14492.095006,920,1600
14492.100005,764,1598
14492.105006,927,1595
14492.110006,954,1597
14492.115007,766,1599
14492.120006,816,1601
14492.125006,964,1608
14492.130006,809,1608
14492.135005,809,1605
14492.140006,987,1605
14492.145006,927,1610
14492.150006,762,1609
14492.155005,915,1610
14492.160006,932,1609
14492.165007,768,1612
14492.170006,821,1614
14492.175006,968,1615
14492.180006,834,1613
14492.185006,811,1615
14492.190005,978,1614
14492.195005,913,1617
14492.200006,784,1613
14492.205005,924,1613
14492.210005,935,1615
14492.215006,768,1614
14492.220005,823,1613
14492.225005,966,1612
14492.230006,809,1615
14492.235005,811,1613
14492.240006,981,1612
14492.245006,915,1610
14492.250005,784,1609
14492.255006,911,1613
14492.260005,932,1612
14492.265006,760,1609
14492.270006,826,1610
14492.275006,966,1612
14492.280006,806,1612
14492.285006,817,1613
14492.290006,983,1615
14492.295005,921,1618
14492.300006,771,1618
14492.305005,918,1622
14492.310006,930,1626
14492.315006,767,1624
14492.320006,831,1630
14492.325005,969,1632
14492.330007,823,1630
14492.335006,814,1634
14492.340006,987,1636
14492.345006,924,1635
14492.350006,770,1639
14492.355006,921,1639
14492.360006,941,1637
14492.365007,756,1637
14492.370006,835,1631
14492.375005,989,1634
14492.380006,823,1633
14492.385005,801,1640
14492.390006,976,1635
14492.395006,941,1630
14492.400006,781,1636
14492.405006,936,1633
14492.410006,942,1633
14492.415006,754,1636
14492.420006,820,1637
14492.425006,974,1627
14492.430006,823,1635
14492.435006,801,1638
14492.440006,987,1629
14492.445006,928,1634
14492.450005,781,1637
14492.455006,921,1639
14492.460006,952,1630
14492.465005,754,1633
14492.470006,842,1632
14492.475006,978,1632
14492.480006,816,1627
14492.485005,801,1628
14492.490006,979,1629
14492.495005,934,1624
14492.500006,785,1621
14492.505006,931,1620
14492.510005,930,1615
14492.515007,772,1615
14492.520005,826,1611
14492.525007,961,1612
14492.530006,826,1609
14492.535007,805,1605
14492.540005,972,1604
14492.545006,917,1601
14492.550006,763,1603
14492.555006,917,1596
14492.560006,945,1594
14492.565005,750,1595
14492.570006,834,1591
14492.575006,961,1593
14492.580005,813,1585
14492.585006,803,1591
14492.590005,969,1588
14492.595007,925,1587
14492.600006,766,1587
14492.605007,931,1583
14492.610006,936,1583
14492.615005,747,1586
14492.620005,825,1587
14492.625006,974,1582
14492.630006,815,1587
14492.635005,797,1587
14492.640006,965,1587
14492.645006,927,1587
14492.650007,762,1585
14492.655006,917,1587
14492.660006,944,1586
14492.665006,751,1586
14492.670006,824,1586
14492.675006,954,1588
14492.680005,813,1585
14492.685006,796,1587
14492.690005,965,1585
14492.695006,923,1585
14492.700005,765,1585
14492.705006,917,1589
14492.710007,950,1582
14492.715006,758,1581
14492.720006,815,1582
14492.725006,955,1587
14492.730006,815,1575
14492.735006,801,1582
14492.740007,986,1579
14492.745006,926,1578
14492.750006,768,1577
14492.755006,922,1581
14492.760007,927,1578
14492.765006,768,1577
14492.770006,833,1574
14492.775006,968,1579
14492.780007,804,1578
14492.785006,804,1581
14492.790007,975,1585
14492.795006,917,1583
14492.800006,768,1585
14492.805005,942,1584
14492.810007,941,1581
14492.815006,759,1587
14492.820006,816,1592
14492.825006,965,1590
14492.830006,798,1593
14492.835006,815,1590
14492.840006,984,1590
14492.845005,919,1593
14492.850006,761,1594
14492.855007,933,1583
14492.860007,943,1589
14492.865005,753,1591
14492.870006,815,1589
14492.875005,981,1586
14492.880005,818,1592
14492.885006,803,1589
14492.890006,970,1587
14492.895006,929,1588
14492.900006,779,1590
14492.905007,937,1592
14492.910006,931,1593
14492.915006,746,1599
14492.920006,834,1596
14492.925006,977,1597
14492.930005,813,1601
14492.935005,800,1603
14492.940005,976,1604
14492.945007,911,1610
14492.950006,784,1607
14492.955007,927,1612
14492.960007,933,1608
14492.965006,766,1609
14492.970006,829,1616
14492.975006,970,1618
14492.980006,805,1620
14492.985006,816,1616
14492.990007,996,1617
14492.995006,920,1620
14493.000006,766,1618
14493.005005,933,1615
14493.010006,947,1616
14493.015005,757,1617
14493.020005,817,1617
14493.025006,962,1617
14493.030005,803,1622
14493.035007,820,1615
14493.040005,985,1616
14493.045006,910,1619
14493.050006,765,1623
14493.055005,949,1619
14493.060006,953,1623
14493.065007,767,1626
14493.070006,832,1626
14493.075005,972,1631
14493.080006,798,1632
14493.085006,819,1630
14493.090005,987,1632
14493.095007,914,1632
14493.100006,777,1622
14493.105006,942,1633
14493.110006,932,1635
14493.115007,775,1631
14493.120007,828,1631
14493.125007,963,1633
14493.130006,819,1628
14493.135005,805,1627
14493.140006,978,1627
14493.145005,914,1629
14493.150006,771,1621
14493.155006,953,1624
14493.160007,942,1623
14493.165006,754,1622
14493.170006,829,1621
14493.175006,960,1620
14493.180005,807,1624
14493.185007,806,1625
14493.190006,975,1623
14493.195006,912,1619
14493.200006,785,1621
14493.205005,945,1620
14493.210005,933,1623
14493.215006,755,1622
14493.220006,822,1621
14493.225006,962,1623
14493.230006,814,1617
14493.235005,810,1620
14493.240007,991,1620
14493.245006,911,1617
14493.250006,769,1617
14493.255006,954,1616
14493.260006,939,1612
14493.265007,757,1611
14493.270006,829,1609
14493.275005,977,1604
14493.280005,810,1611
14493.285007,804,1611
14493.290006,972,1610
14493.295006,928,1608
14493.300006,780,1604
14493.305005,952,1602
14493.310007,935,1606
14493.315006,749,1606
14493.320006,821,1606
14493.325005,981,1602
14493.330006,798,1603
14493.335006,799,1607
14493.340007,987,1603
14493.345007,916,1605
14493.350006,766,1603
14493.355006,926,1605
14493.360005,941,1603
14493.365006,763,1602
14493.370006,825,1602
14493.375006,956,1600
14493.380006,809,1596
14493.385006,803,1596
14493.390006,974,1596
14493.395006,900,1595
14493.400006,781,1590
14493.405006,943,1589
14493.410006,928,1593
14493.415006,747,1592
14493.420005,822,1591
14493.425005,958,1592
14493.430005,813,1588
14493.435006,799,1592
14493.440006,970,1593
14493.445006,921,1597
14493.450005,773,1592
14493.455005,937,1595
14493.460005,925,1599
14493.465006,767,1595
14493.470006,829,1598
14493.475006,963,1599
14493.480007,790,1601
14493.485007,825,1596
14493.490005,984,1601
14493.495006,923,1601
14493.500006,766,1603
14493.505006,945,1601
14493.510007,929,1606
14493.515006,767,1604
14493.520005,832,1607
14493.525006,959,1606
14493.530006,805,1604
14493.535006,802,1608
14493.540006,991,1599
14493.545006,922,1606
14493.550006,779,1605
14493.555006,940,1606
14493.560006,934,1603
14493.565007,763,1607
14493.570006,828,1609
14493.575006,976,1606
14493.580005,798,1604
14493.585005,803,1608
14493.590005,997,1607
14493.595006,915,1606
14493.600007,773,1605
14493.605005,949,1605
14493.610005,938,1596
14493.615006,749,1607
14493.620005,834,1603
14493.625006,966,1600
14493.630006,812,1605
14493.635006,818,1603
14493.640006,978,1607
14493.645006,904,1598
14493.650007,792,1605
14493.655006,949,1605
14493.660007,934,1605
14493.665006,749,1613
14493.670005,848,1611
14493.675005,973,1613
14493.680005,794,1612
14493.685006,802,1617
14493.690005,978,1614
14493.695005,920,1613
14493.700006,796,1608
14493.705005,959,1613
14493.710005,941,1613
14493.715007,753,1613
14493.720006,854,1610
14493.725005,964,1610
14493.730006,805,1603
14493.735005,824,1607
14493.740006,993,1609
14493.745006,910,1608
14493.750005,771,1609
14493.755005,941,1608
14493.760006,931,1601
14493.765006,776,1602
14493.770005,850,1606
14493.775007,966,1605
14493.780006,785,1607
14493.785006,813,1604
14493.790006,986,1605
14493.795006,899,1610
14493.800006,794,1610
14493.805006,955,1609
14493.810006,933,1613
14493.815006,751,1617
14493.820006,851,1611
14493.825006,971,1613
14493.830007,796,1616
14493.835005,812,1617
14493.840006,980,1618
14493.845006,916,1615
14493.850006,793,1619
14493.855006,948,1616
14493.860005,930,1616
14493.865006,755,1615
14493.870006,839,1617
14493.875005,963,1614
14493.880006,790,1617
14493.885005,827,1612
14493.890006,996,1611
14493.895006,907,1613
14493.900006,771,1611
14493.905005,956,1606
14493.910006,947,1611
14493.915007,764,1608
14493.920006,837,1610
14493.925005,959,1612
14493.930005,788,1613
14493.935007,802,1616
14493.940006,994,1616
14493.945005,904,1615
14493.950005,773,1619
14493.955007,957,1618
14493.960006,947,1616
14493.965006,771,1617
14493.970007,840,1622
14493.975007,957,1622
14493.980005,805,1618
14493.985005,812,1619
14493.990006,977,1621
14493.995007,911,1619
14494.000007,786,1618
14494.005007,946,1618
14494.010006,944,1611
14494.015006,767,1619
14494.020006,842,1617
14494.025006,954,1617
14494.030006,807,1615
14494.035006,812,1615
14494.040007,984,1614
14494.045006,892,1615
14494.050007,798,1609
14494.055005,953,1612
14494.060007,930,1612
14494.065006,750,1618
14494.070006,850,1611
14494.075005,958,1611
14494.080006,782,1615
14494.085006,804,1612
14494.090006,995,1609
14494.095007,903,1610
14494.100006,779,1613
14494.105006,945,1616
14494.110005,949,1611
14494.115007,763,1612
14494.120006,842,1613
14494.125005,973,1612
14494.130005,793,1610
14494.135006,810,1612
14494.140006,985,1608
14494.145006,893,1609
14494.150006,797,1607
14494.155006,955,1607
14494.160007,929,1609
14494.165006,775,1608
14494.170006,863,1608
14494.175007,969,1608
14494.180005,782,1607
14494.185006,824,1605
14494.190006,985,1605
14494.195006,885,1609
14494.200005,789,1605
14494.205006,958,1609
14494.210006,928,1607
14494.215005,754,1608
14494.220006,841,1610
14494.225005,972,1607
14494.230006,785,1608
14494.235006,802,1609
14494.240006,996,1603
14494.245005,886,1600
14494.250006,793,1602
14494.255007,966,1599
14494.260006,937,1598
14494.265007,751,1598
14494.270005,845,1598
14494.275006,970,1592
14494.280005,782,1596
14494.285005,799,1595
14494.290006,990,1592
14494.295006,885,1592
14494.300006,773,1594
14494.305006,945,1598
14494.310007,943,1587
14494.315007,762,1591
14494.320005,851,1596
14494.325005,951,1597
14494.330007,785,1583
14494.335005,821,1595
14494.340006,985,1592
14494.345006,890,1592
14494.350007,772,1596
14494.355005,963,1591
14494.360005,925,1592
14494.365006,765,1579
14494.370006,864,1586
14494.375006,957,1584
14494.380006,773,1586
14494.385005,801,1581
14494.390007,991,1581
14494.395006,885,1584
14494.400006,770,1576
14494.405006,963,1578
14494.410006,938,1576
14494.415006,760,1584
14494.420006,855,1587
14494.425005,961,1584
14494.430005,779,1585
14494.435006,799,1589
14494.440006,992,1587
14494.445005,902,1585
14494.450006,778,1586
14494.455005,961,1588
14494.460005,924,1592
14494.465006,758,1586
14494.470006,861,1591
14494.475006,955,1593
14494.480007,793,1592
14494.485007,807,1592
14494.490005,978,1592
14494.495005,879,1595
14494.500006,795,1590
14494.505006,959,1591
14494.510005,921,1596
14494.515006,765,1579
14494.520006,858,1590
14494.525006,958,1589
14494.530006,773,1590
14494.535006,825,1588
14494.540007,982,1592
14494.545005,874,1595
14494.550005,775,1593
14494.555005,951,1598
14494.560006,926,1596
14494.565006,770,1597
14494.570006,855,1603
14494.575006,948,1605
14494.580005,790,1600
14494.585005,808,1602
14494.590007,979,1600
14494.595005,894,1607
14494.600005,779,1608
14494.605007,947,1609
14494.610006,947,1609
14494.615007,753,1611
14494.620006,847,1612
14494.625006,969,1609
14494.630006,775,1611
14494.635007,804,1611
14494.640006,971,1615
14494.645006,892,1611
14494.650006,789,1617
14494.655006,958,1611
14494.660006,923,1613
14494.665007,753,1614
14494.670007,850,1616
14494.675006,973,1613
14494.680006,776,1614
14494.685007,802,1614
14494.690007,995,1615
14494.695005,884,1612
14494.700005,779,1613
14494.705006,971,1615
14494.710006,924,1617
14494.715007,752,1610
14494.720006,863,1607
14494.725005,961,1614
14494.730006,775,1619
14494.735006,823,1614
14494.740007,986,1616
14494.745006,877,1616
14494.750005,776,1620
14494.755005,973,1614
14494.760007,921,1618
14494.765006,767,1617
14494.770006,861,1616
14494.775007,956,1616
14494.780007,787,1616
14494.785005,817,1619
14494.790005,976,1621
14494.795006,879,1622
14494.800005,778,1627
14494.805005,972,1625
14494.810006,937,1626
14494.815007,770,1631
14494.820005,861,1630
14494.825005,973,1627
14494.830006,777,1636
14494.835006,811,1635
14494.840006,974,1640
14494.845006,897,1635
14494.850006,786,1634
14494.855007,957,1640
14494.860006,933,1630
14494.865006,764,1636
14494.870005,870,1636
14494.875005,968,1633
14494.880006,790,1630
14494.885006,810,1634
14494.890007,990,1632
14494.895006,882,1628
14494.900006,776,1632
14494.905005,975,1630
14494.910006,932,1629
14494.915007,756,1629
14494.920006,878,1629
14494.925006,952,1634
14494.930007,772,1631
14494.935007,808,1631
14494.940006,998,1632
14494.945006,881,1635
14494.950006,782,1635
14494.955005,978,1639
14494.960005,932,1636
14494.965006,754,1637
14494.970007,884,1632
14494.975006,963,1632
14494.980005,770,1630
14494.985005,827,1630
14494.990007,987,1627
14494.995006,873,1629
14495.000005,801,1621
14495.005006,962,1619
14495.010005,945,1617
14495.015006,769,1615
14495.020005,864,1617
14495.025006,952,1612
14495.030005,782,1609
14495.035006,817,1608
14495.040007,974,1608
14495.045006,877,1609
14495.050007,786,1602
14495.055006,968,1605
14495.060007,921,1610
14495.065006,773,1605
14495.070006,864,1609
14495.075005,951,1608
14495.080006,784,1606
14495.085005,808,1606
14495.090006,986,1606
14495.095006,864,1609
14495.100006,794,1608
14495.105006,959,1604
14495.110006,940,1605
14495.115006,760,1602
14495.120006,862,1604
14495.125005,946,1605
14495.130006,786,1599
14495.135005,804,1601
14495.140006,994,1597
14495.145006,871,1598
14495.150007,780,1598
14495.155007,962,1598
14495.160006,921,1600
14495.165006,770,1596
14495.170005,868,1599
14495.175006,947,1600
14495.180006,775,1599
14495.185006,804,1601
14495.190005,975,1600
14495.195006,863,1605
14495.200006,797,1603
14495.205007,964,1607
14495.210005,920,1606
14495.215006,766,1605
14495.220006,867,1605
14495.225005,959,1604
14495.230005,763,1604
14495.235005,810,1598
14495.240007,970,1604
14495.245007,877,1601
14495.250006,780,1605
14495.255007,978,1600
14495.260006,933,1602
14495.265006,753,1596
14495.270005,871,1606
14495.275007,950,1600
14495.280007,759,1608
14495.285006,812,1603
14495.290006,973,1606
14495.295006,878,1603
14495.300007,784,1604
14495.305007,961,1605
14495.310006,922,1606
14495.315005,749,1608
14495.320007,871,1605
14495.325006,956,1606
14495.330005,772,1605
14495.335005,812,1612
14495.340006,974,1605
14495.345006,881,1608
14495.350007,786,1609
14495.355006,962,1609
14495.360005,923,1610
14495.365006,777,1609
14495.370006,876,1608
14495.375006,947,1612
14495.380006,786,1610
14495.385005,812,1613
14495.390007,974,1608
14495.395006,879,1605
14495.400006,790,1611
14495.405006,965,1610
14495.410007,938,1606
14495.415006,767,1603
14495.420005,869,1611
14495.425005,948,1613
14495.430005,765,1611
14495.435006,821,1609
14495.440005,992,1612
14495.445006,873,1609
14495.450006,787,1615
14495.455005,962,1612
14495.460006,945,1613
14495.465006,768,1612
14495.470006,870,1618
14495.475006,952,1613
14495.480007,765,1614
14495.485006,825,1613
14495.490007,981,1616
14495.495006,860,1618
14495.500005,796,1617
14495.505005,964,1619
14495.510006,945,1617
14495.515006,765,1618
14495.520006,875,1621
14495.525006,948,1620
14495.530006,787,1621
14495.535006,813,1622
14495.540006,985,1616
14495.545006,876,1622
14495.550005,790,1622
14495.555005,962,1622
14495.560006,940,1623
14495.565005,763,1624
14495.570006,886,1617
14495.575006,961,1622
14495.580006,776,1621
14495.585006,816,1623
14495.590006,985,1616
14495.595006,867,1621
14495.600006,804,1621
14495.605006,969,1620
14495.610005,922,1623
14495.615007,771,1619
14495.620006,878,1618
14495.625005,968,1611
14495.630006,774,1614
14495.635005,818,1613
14495.640006,998,1611
14495.645005,867,1609
14495.650006,794,1609
14495.655005,960,1611
14495.660006,937,1609
14495.665006,762,1609
14495.670006,875,1605
14495.675006,969,1604
14495.680006,766,1602
14495.685007,808,1605
14495.690006,1000,1596
14495.695006,860,1604
14495.700005,807,1597
14495.705006,984,1596
14495.710006,930,1599
14495.715006,754,1597
14495.720006,893,1598
14495.725006,959,1596
14495.730006,763,1595
14495.735006,827,1593
14495.740007,977,1591
14495.745006,849,1591
14495.750005,802,1590
14495.755006,968,1589
14495.760006,940,1588
14495.765007,755,1587
14495.770006,885,1584
14495.775006,958,1586
14495.780006,763,1586
14495.785006,825,1584
14495.790006,979,1588
14495.795005,844,1590
14495.800005,799,1588
14495.805005,961,1594
14495.810006,917,1589
14495.815006,760,1593
14495.820006,869,1597
14495.825005,961,1593
14495.830006,765,1598
14495.835006,803,1598
14495.840005,992,1600
14495.845006,874,1594
14495.850005,795,1600
14495.855007,965,1601
14495.860006,940,1602
14495.865005,762,1600
14495.870005,875,1597
14495.875007,958,1599
14495.880006,765,1601
14495.885006,826,1599
14495.890005,974,1598
14495.895006,863,1596
14495.900007,781,1598
14495.905007,978,1592
14495.910005,932,1598
14495.915006,755,1599
14495.920006,894,1599
14495.925006,942,1605
14495.930005,772,1602
14495.935006,818,1605
14495.940006,970,1609
14495.945007,869,1607
14495.950006,791,1608
14495.955006,981,1608
14495.960006,936,1611
14495.965005,755,1614
14495.970007,900,1614
14495.975006,948,1612
14495.980006,780,1611
14495.985005,813,1612
14495.990006,970,1616
14495.995007,851,1613
14496.000006,787,1606
14496.005007,991,1607
14496.010005,928,1606
14496.015006,761,1602
14496.020006,901,1603
14496.025006,953,1601
14496.030005,770,1599
14496.035005,808,1604
14496.040006,990,1601
14496.045005,853,1600
14496.050005,785,1602
14496.055005,973,1596
14496.060007,934,1604
14496.065006,757,1606
14496.070006,900,1604
14496.075006,954,1606
14496.080005,774,1606
14496.085005,817,1597
14496.090006,982,1608
14496.095006,853,1606
14496.100006,785,1607
14496.105006,987,1602
14496.110006,928,1603
14496.115007,759,1601
14496.120007,902,1599
14496.125006,947,1599
14496.130007,757,1601
14496.135005,822,1593
14496.140007,979,1591
14496.145007,846,1594
14496.150007,780,1593
14496.155006,978,1592
14496.160007,923,1594
14496.165006,767,1593
14496.170005,877,1593
14496.175006,961,1591
14496.180005,760,1596
14496.185007,825,1594
14496.190007,972,1599
14496.195007,841,1599
14496.200007,785,1600
14496.205006,963,1603
14496.210007,934,1602
14496.215007,765,1601
14496.220006,878,1604
14496.225006,959,1602
14496.230006,767,1601
14496.235006,807,1605
14496.240006,981,1601
14496.245005,841,1604
14496.250007,784,1600
14496.255006,984,1598
14496.260006,922,1600
14496.265006,774,1598
14496.270006,894,1597
14496.275006,940,1596
14496.280007,778,1592
14496.285006,817,1593
14496.290007,967,1595
14496.295007,841,1598
14496.300006,805,1596
14496.305006,969,1593
14496.310006,920,1595
14496.315005,768,1593
14496.320006,888,1597
14496.325006,947,1597
14496.330005,764,1595
14496.335006,811,1599
14496.340005,967,1604
14496.345007,855,1597
14496.350005,786,1602
14496.355006,985,1599
14496.360006,925,1601
14496.365006,754,1604
14496.370005,898,1609
14496.375007,944,1607
14496.380006,773,1611
14496.385005,809,1612
14496.390006,971,1609
14496.395005,853,1614
14496.400007,791,1617
14496.405006,981,1617
14496.410006,922,1622
14496.415007,776,1624
14496.420005,897,1617
14496.425005,954,1622
14496.430006,765,1626
14496.435006,810,1629
14496.440005,989,1627
14496.445006,848,1628
14496.450005,793,1628
14496.455006,986,1628
14496.460006,931,1624
14496.465005,757,1629
14496.470006,889,1632
14496.475005,966,1630
14496.480007,770,1629
14496.485006,817,1626
14496.490006,968,1633
14496.495005,862,1627
14496.500007,792,1628
14496.505007,991,1621
14496.510006,937,1622
14496.515007,763,1624
14496.520007,888,1622
14496.525005,965,1621
14496.530006,763,1622
14496.535006,808,1623
14496.540006,982,1618
14496.545006,836,1621
14496.550006,806,1620
14496.555006,978,1621
14496.560006,921,1623
14496.565005,768,1620
14496.570006,888,1622
14496.575006,954,1621
14496.580006,769,1619
14496.585007,815,1622
14496.590006,976,1620
14496.595006,855,1619
14496.600006,803,1619
14496.605006,979,1620
14496.610006,925,1617
14496.615006,775,1617
14496.620005,892,1617
14496.625006,961,1616
14496.630007,764,1617
14496.635005,817,1609
14496.640006,968,1616
14496.645005,848,1615
14496.650006,793,1615
14496.655005,965,1618
14496.660006,934,1611
14496.665007,760,1614
14496.670006,901,1612
14496.675006,939,1618
14496.680007,776,1612
14496.685006,818,1612
14496.690006,969,1612
14496.695006,853,1603
14496.700006,802,1613
14496.705006,969,1610
14496.710006,940,1610
14496.715006,765,1610
14496.720007,888,1613
14496.725006,955,1607
14496.730006,754,1610
14496.735006,827,1608
14496.740005,975,1605
14496.745006,835,1603
14496.750005,804,1603
14496.755005,979,1599
14496.760006,915,1601
14496.765006,753,1600
14496.770005,904,1597
14496.775006,939,1600
14496.780006,769,1597
14496.785006,812,1597
14496.790006,989,1598
14496.795005,843,1597
14496.800005,785,1603
14496.805005,980,1598
14496.810007,934,1601
14496.815007,769,1604
14496.820005,893,1604
14496.825005,940,1611
14496.830006,768,1609
14496.835007,829,1604
14496.840006,985,1608
14496.845006,840,1609
14496.850006,786,1613
14496.855005,982,1611
14496.860006,921,1612
14496.865006,777,1609
14496.870006,897,1613
14496.875006,941,1609
14496.880006,759,1607
14496.885005,831,1604
14496.890006,980,1610
14496.895005,848,1605
14496.900007,805,1605
14496.905007,983,1606
14496.910006,918,1608
14496.915005,769,1610
14496.920007,895,1607
14496.925006,943,1611
14496.930005,771,1608
14496.935006,829,1609
14496.940005,978,1613
14496.945006,854,1616
14496.950006,796,1616
14496.955006,989,1617
14496.960006,936,1617
14496.965005,761,1621
14496.970006,905,1610
14496.975006,956,1618
14496.980006,759,1622
14496.985005,832,1617
14496.990006,976,1618
14496.995006,848,1618
14497.000005,802,1616
14497.005006,980,1616
14497.010006,925,1618
14497.015006,762,1617
14497.020005,916,1614
14497.025006,962,1615
14497.030006,756,1618
14497.035006,822,1616
14497.040007,969,1617
14497.045005,850,1617
14497.050005,798,1618
14497.055005,968,1621
14497.060006,920,1618
14497.065006,777,1620
14497.070006,905,1621
14497.075006,967,1621
14497.080006,768,1622
14497.085006,812,1624
14497.090006,985,1620
14497.095007,836,1622
14497.100006,805,1620
14497.105006,977,1619
14497.110007,939,1618
14497.115007,773,1618
14497.120007,907,1615
14497.125006,958,1617
14497.130006,764,1613
14497.135005,816,1612
14497.140007,989,1612
14497.145007,836,1611
14497.150006,797,1610
14497.155005,972,1610
14497.160007,926,1600
14497.165006,780,1606
14497.170006,900,1609
14497.175007,961,1606
14497.180006,765,1608
14497.185006,811,1608
14497.190005,987,1609
14497.195006,829,1611
14497.200006,811,1606
14497.205005,974,1607
14497.210005,934,1598
14497.215006,763,1609
14497.220007,902,1608
14497.225005,946,1608
14497.230006,759,1611
14497.235005,829,1605
14497.240006,978,1606
14497.245006,829,1604
14497.250006,811,1603
14497.255006,989,1608
14497.260007,926,1612
14497.265006,762,1608
14497.270006,924,1608
14497.275006,949,1608
14497.280005,769,1605
14497.285006,821,1607
14497.290005,981,1609
14497.295006,837,1610
14497.300007,798,1609
14497.305006,972,1609
14497.310007,918,1612
14497.315006,762,1609
14497.320006,919,1607
14497.325006,948,1607
14497.330005,760,1606
14497.335005,828,1603
14497.340007,971,1606
14497.345006,844,1601
14497.350005,796,1599
14497.355006,970,1603
14497.360005,934,1600
14497.365007,766,1597
14497.370005,898,1600
14497.375006,945,1596
14497.380006,760,1599
14497.385005,810,1601
14497.390006,981,1596
14497.395006,829,1597
14497.400006,803,1598
14497.405006,966,1598
14497.410006,930,1597
14497.415006,759,1599
14497.420005,917,1599
14497.425006,954,1599
14497.430006,763,1600
14497.435006,815,1602
14497.440005,964,1604
14497.445006,837,1597
14497.450007,801,1605
14497.455006,973,1607
14497.460007,923,1603
14497.465006,765,1607
14497.470006,927,1600
14497.475006,940,1606
14497.480006,756,1605
14497.485007,813,1603
14497.490006,989,1599
14497.495005,842,1600
14497.500006,794,1601
14497.505005,967,1602
14497.510007,930,1601
14497.515007,763,1599
14497.520007,917,1592
14497.525005,954,1597
14497.530005,769,1597
14497.535007,819,1595
14497.540006,964,1596
14497.545006,835,1598
14497.550006,794,1596
14497.555006,970,1597
14497.560007,929,1593
14497.565007,779,1596
14497.570005,913,1596
14497.575006,939,1598
14497.580006,775,1595
14497.585007,808,1597
14497.590006,988,1595
14497.595006,831,1596
14497.600005,796,1596
14497.605006,976,1594
14497.610006,923,1592
14497.615007,781,1589
14497.620006,913,1586
14497.625005,938,1587
14497.630005,765,1579
14497.635007,820,1584
14497.640006,962,1585
14497.645005,835,1572
14497.650005,805,1579
14497.655005,972,1579
14497.660007,934,1577
14497.665006,755,1583
14497.670006,901,1580
14497.675006,960,1573
14497.680006,767,1577
14497.685007,816,1580
14497.690006,978,1577
14497.695007,833,1577
14497.700006,802,1577
14497.705006,965,1580
14497.710006,927,1580
14497.715006,763,1582
14497.720006,930,1578
14497.725006,953,1577
14497.730007,754,1577
14497.735006,813,1579
14497.740007,974,1578
14497.745007,819,1580
14497.750007,817,1576
14497.755006,974,1577
14497.760005,915,1578
14497.765006,785,1577
14497.770005,918,1578
14497.775007,937,1580
14497.780006,772,1578
14497.785006,821,1581
14497.790006,965,1581
14497.795005,836,1582
14497.800005,801,1583
14497.805005,972,1591
14497.810007,929,1589
14497.815006,760,1588
14497.820006,920,1588
14497.825006,941,1589
14497.830006,778,1590
14497.835007,822,1595
14497.840006,976,1589
14497.845007,832,1597
14497.850005,800,1600
14497.855006,969,1602
14497.860005,933,1601
14497.865006,769,1601
14497.870007,912,1605
14497.875005,954,1604
14497.880006,754,1610
14497.885006,832,1606
14497.890006,972,1609
14497.895005,820,1609
14497.900007,811,1609
14497.905006,976,1611
14497.910007,933,1606
14497.915006,774,1610
14497.920006,913,1610
14497.925006,949,1611
14497.930005,761,1608
14497.935006,840,1612
14497.940006,968,1613
14497.945006,820,1614
14497.950006,809,1614
14497.955005,988,1609
14497.960005,921,1618
14497.965007,765,1617
14497.970006,931,1619
14497.975005,941,1620
14497.980006,775,1623
14497.985006,819,1623
14497.990006,986,1626
14497.995005,823,1627
14498.000006,810,1628
14498.005006,982,1630
14498.010006,916,1633
14498.015006,777,1634
14498.020005,912,1634
14498.025007,954,1633
14498.030006,767,1634
14498.035006,819,1634
14498.040006,988,1635
14498.045006,824,1633
14498.050006,796,1635
14498.055006,973,1634
14498.060006,937,1631
14498.065006,777,1628
14498.070006,915,1631
14498.075006,954,1629
14498.080006,772,1628
14498.085006,835,1626
14498.090005,969,1624
14498.095006,817,1624
14498.100006,811,1613
14498.105006,979,1620
14498.110006,927,1618
14498.115006,767,1619
14498.120006,938,1616
14498.125006,953,1619
14498.130007,773,1615
14498.135005,816,1617
14498.140005,981,1614
14498.145005,830,1613
14498.150007,805,1612
14498.155006,977,1613
14498.160006,915,1619
14498.165006,777,1616
14498.170005,915,1613
14498.175006,937,1614
14498.180006,770,1613
14498.185006,828,1610
14498.190006,978,1610
14498.195006,821,1613
14498.200005,795,1615
14498.205006,991,1608
14498.210007,924,1605
14498.215007,769,1608
14498.220006,917,1604
14498.225007,939,1605
14498.230006,753,1604
14498.235006,834,1600
14498.240007,970,1604
14498.245006,835,1599
14498.250006,799,1601
14498.255006,990,1595
14498.260006,928,1599
14498.265006,767,1599
14498.270005,932,1595
14498.275006,949,1599
14498.280007,752,1601
14498.285005,830,1598
14498.290005,967,1598
14498.295007,825,1600
14498.300007,812,1600
14498.305007,980,1605
14498.310006,937,1603
14498.315006,767,1610
14498.320007,931,1610
14498.325007,946,1612
14498.330006,753,1614
14498.335006,833,1616
14498.340005,976,1615
14498.345007,823,1617
14498.350006,814,1619
14498.355006,978,1619
14498.360005,921,1619
14498.365006,784,1619
14498.370005,928,1617
14498.375007,938,1621
14498.380006,773,1617
14498.385005,835,1617
14498.390006,975,1620
14498.395006,826,1609
14498.400006,803,1618
14498.405006,997,1619
14498.410006,924,1619
14498.415005,768,1621
14498.420007,919,1623
14498.425006,935,1626
14498.430005,763,1630
14498.435007,838,1628
14498.440006,969,1631
14498.445006,827,1630
14498.450005,817,1633
14498.455006,985,1632
14498.460006,940,1632
14498.465006,773,1635
14498.470006,941,1639
14498.475006,947,1635
14498.480007,757,1637
14498.485006,841,1636
14498.490006,974,1640
14498.495006,817,1633
14498.500005,814,1634
14498.505005,980,1639
14498.510007,937,1634
14498.515006,773,1635
14498.520006,944,1631
14498.525006,953,1635
14498.530006,754,1633
14498.535006,838,1630
14498.540006,972,1629
14498.545005,815,1629
14498.550005,802,1630
14498.555005,974,1631
14498.560006,939,1628
14498.565006,771,1627
14498.570006,935,1621
14498.575006,939,1625
14498.580005,767,1621
14498.585006,825,1619
14498.590005,966,1621
14498.595006,805,1621
14498.600005,798,1616
14498.605006,996,1609
14498.610005,925,1616
14498.615007,772,1614
14498.620006,918,1614
14498.625006,945,1611
14498.630007,755,1612
14498.635005,811,1610
14498.640006,982,1609
14498.645005,805,1608
14498.650006,811,1600
14498.655006,986,1605
14498.660006,921,1602
14498.665006,780,1600
14498.670006,921,1602
14498.675006,929,1599
14498.680006,764,1600
14498.685006,822,1598
14498.690006,961,1601
14498.695007,807,1597
14498.700006,813,1597
14498.705005,974,1601
14498.710005,934,1596
14498.715006,770,1599
14498.720007,914,1598
14498.725006,944,1595
14498.730006,746,1600
14498.735006,823,1597
14498.740006,960,1600
14498.745006,815,1595
14498.750006,795,1594
14498.755006,994,1590
14498.760006,929,1593
14498.765006,764,1590
14498.770006,931,1587
14498.775006,941,1588
14498.780006,747,1591
14498.785006,833,1586
14498.790006,971,1589
14498.795005,809,1590
14498.800005,793,1596
14498.805006,983,1592
14498.810006,916,1594
14498.815006,759,1598
14498.820006,930,1598
14498.825006,947,1597
14498.830005,758,1599
14498.835005,825,1594
14498.840006,973,1602
14498.845006,803,1604
14498.850006,796,1608
14498.855006,981,1605
14498.860006,913,1610
14498.865006,782,1609
14498.870006,933,1607
14498.875006,936,1611
14498.880006,769,1612
14498.885005,821,1608
14498.890006,983,1610
14498.895006,813,1611
14498.900007,814,1612
14498.905006,978,1614
14498.910006,931,1613
14498.915007,776,1616
14498.920006,924,1614
14498.925007,949,1615
14498.930007,751,1621
14498.935007,829,1617
14498.940006,965,1620
14498.945006,822,1618
14498.950006,803,1619
14498.955006,975,1621
14498.960006,925,1622
14498.965007,788,1623
14498.970006,940,1622
14498.975005,949,1624
14498.980006,750,1624
14498.985005,829,1624
14498.990007,963,1627
14498.995006,820,1621
14499.000005,797,1621
14499.005005,990,1614
14499.010007,924,1621
14499.015006,763,1621
14499.020006,942,1617
14499.025007,943,1621
14499.030006,748,1626
14499.035007,837,1619
14499.040005,971,1623
14499.045006,818,1625
14499.050005,806,1615
14499.055005,977,1625
14499.060007,917,1624
14499.065006,765,1630
14499.070006,941,1627
14499.075005,938,1627
14499.080007,749,1628
14499.085006,836,1628
14499.090005,964,1631
14499.095005,819,1618
14499.100006,817,1626
14499.105006,984,1621
14499.110006,916,1624
14499.115006,766,1621
14499.120005,937,1621
14499.125006,931,1617
14499.130006,767,1615
14499.135005,821,1610
14499.140006,965,1614
14499.145006,798,1610
14499.150007,807,1609
14499.155006,979,1609
14499.160007,928,1602
14499.165007,784,1610
14499.170006,930,1606
14499.175006,947,1614
14499.180006,756,1607
14499.185006,809,1610
14499.190005,979,1609
14499.195006,814,1607
14499.200005,800,1613
14499.205006,982,1608
14499.210006,917,1609
14499.215005,764,1611
14499.220006,923,1612
14499.225006,940,1613
14499.230006,751,1609
14499.235006,836,1609
14499.240006,964,1610
14499.245007,803,1598
14499.250005,805,1610
14499.255005,974,1606
14499.260006,913,1607
14499.265006,774,1596
14499.270006,936,1601
14499.275006,929,1603
14499.280006,765,1592
14499.285006,835,1599
14499.290006,963,1603
14499.295005,795,1598
14499.300005,813,1590
14499.305005,977,1594
14499.310007,923,1589
14499.315007,783,1594
14499.320006,929,1594
14499.325005,925,1600
14499.330006,753,1596
14499.335006,832,1592
14499.340006,974,1586
14499.345006,795,1594
14499.350006,805,1597
14499.355006,975,1598
14499.360006,932,1595
14499.365006,774,1599
14499.370005,925,1601
14499.375007,927,1599
14499.380007,747,1600
14499.385007,833,1600
14499.390005,965,1601
14499.395006,793,1601
14499.400006,817,1599
14499.405007,978,1599
14499.410005,909,1597
14499.415005,780,1598
14499.420006,926,1602
14499.425006,941,1602
14499.430006,756,1601
14499.435006,817,1602
14499.440006,960,1604
14499.445006,814,1598
14499.450005,811,1598
14499.455006,974,1600
14499.460006,918,1599
14499.465005,766,1603
14499.470007,950,1599
14499.475006,925,1599
14499.480006,768,1600
14499.485006,837,1597
14499.490005,957,1597
14499.495006,813,1593
14499.500005,808,1596
14499.505005,972,1595
14499.510006,904,1596
14499.515007,785,1592
14499.520005,939,1591
14499.525007,929,1592
14499.530006,761,1594
14499.535006,826,1593
14499.540007,973,1594
14499.545006,794,1594
14499.550007,816,1597
14499.555005,977,1598
14499.560007,925,1599
14499.565006,773,1602
14499.570006,931,1605
14499.575006,932,1599
14499.580006,763,1606
14499.585007,832,1610
14499.590006,958,1614
14499.595006,809,1613
14499.600006,808,1616
14499.605006,973,1615
14499.610005,912,1609
14499.615006,782,1612
14499.620005,938,1613
14499.625007,946,1612
14499.630006,751,1616
14499.635005,833,1614
14499.640006,975,1607
14499.645005,804,1612
14499.650006,799,1612
14499.655006,995,1612
14499.660006,905,1614
14499.665006,792,1614
14499.670006,949,1618
14499.675006,928,1619
14499.680006,762,1618
14499.685006,827,1624
14499.690007,978,1622
14499.695005,792,1625
14499.700005,819,1627
14499.705006,978,1628
14499.710006,918,1628
14499.715005,775,1628
14499.720006,938,1632
14499.725005,952,1628
14499.730007,756,1626
14499.735006,849,1630
14499.740006,964,1633
14499.745005,813,1629
14499.750006,813,1633
14499.755006,976,1632
14499.760007,919,1632
14499.765007,773,1635
14499.770006,958,1630
14499.775006,939,1629
14499.780006,763,1626
14499.785006,831,1635
14499.790006,974,1633
14499.795005,796,1634
14499.800006,822,1630
14499.805005,1001,1633
14499.810006,908,1633
14499.815006,788,1634
14499.820006,940,1635
14499.825006,933,1633
14499.830006,767,1631
14499.835006,840,1632
14499.840006,981,1631
14499.845005,791,1632
14499.850005,817,1630
14499.855007,988,1630
14499.860007,907,1629
14499.865006,784,1620
14499.870005,959,1629
14499.875005,945,1628
14499.880005,760,1625
14499.885006,851,1624
14499.890006,973,1624
14499.895005,788,1625
14499.900006,816,1621
14499.905006,981,1622
14499.910005,920,1620
14499.915005,774,1621
14499.920006,955,1617
14499.925006,931,1622
14499.930005,770,1618
14499.935006,845,1617
14499.940006,965,1618
14499.945007,793,1616
14499.950007,806,1620
14499.955006,993,1615
14499.960005,912,1616
14499.965006,771,1619
14499.970007,958,1612
14499.975007,929,1614
14499.980005,757,1613
14499.985005,853,1614
14499.990006,965,1611
14499.995006,808,1608
14500.000006,813,1608
14500.005006,969,1615
14500.010006,909,1607
14500.015007,770,1610
14500.020006,957,1605
14500.025006,934,1605
14500.030006,764,1605
14500.035007,836,1604
14500.040006,956,1603
14500.045006,792,1602
14500.050007,818,1601
14500.055006,994,1602
14500.060007,899,1602
14500.065007,768,1602
14500.070006,952,1600
14500.075006,943,1601
14500.080005,752,1603
14500.085005,846,1596
14500.090006,972,1603
14500.095006,780,1602
14500.100006,816,1597
14500.105007,986,1602
14500.110006,893,1597
14500.115006,765,1606
14500.120006,949,1599
14500.125005,946,1599
14500.130005,753,1602
14500.135006,828,1608
14500.140006,964,1604
14500.145005,801,1605
14500.150007,801,1603
14500.155007,987,1600
14500.160005,898,1604
14500.165005,792,1604
14500.170007,945,1607
14500.175006,941,1605
14500.180005,745,1613
14500.185006,843,1606
14500.190007,970,1605
14500.195005,782,1609
14500.200005,816,1605
14500.205006,980,1610
14500.210006,894,1612
14500.215005,769,1613
14500.220006,959,1611
14500.225005,930,1610
14500.230007,769,1613
14500.235006,838,1610
14500.240006,972,1609
14500.245006,781,1610
14500.250005,818,1606
14500.255006,981,1604
14500.260005,886,1611
14500.265006,791,1606
14500.270006,955,1604
14500.275006,937,1602
14500.280006,754,1603
14500.285006,835,1604
14500.290006,965,1595
14500.295006,794,1602
14500.300007,805,1603
14500.305005,971,1605
14500.310006,909,1605
14500.315005,771,1607
14500.320006,959,1608
14500.325006,929,1609
14500.330006,747,1614
14500.335006,855,1610
14500.340005,968,1610
14500.345006,786,1609
14500.350006,805,1612
14500.355007,977,1612
14500.360006,894,1602
14500.365006,778,1609
14500.370006,957,1606
14500.375005,929,1609
14500.380005,755,1604
14500.385006,851,1605
14500.390006,957,1605
14500.395005,777,1607
14500.400006,819,1604
14500.405006,971,1605
14500.410006,906,1602
14500.415005,772,1608
14500.420006,961,1605
14500.425007,924,1608
14500.430005,770,1609
14500.435006,838,1610
14500.440006,971,1611
14500.445006,787,1610
14500.450005,798,1617
14500.455007,990,1615
14500.460006,884,1617
14500.465005,788,1616
14500.470006,947,1617
14500.475006,931,1614
14500.480006,773,1619
14500.485005,847,1624
14500.490007,980,1619
14500.495006,782,1622
14500.500006,815,1621
14500.505006,974,1625
14500.510005,901,1623
14500.515006,783,1622
14500.520006,950,1625
14500.525006,926,1625
14500.530006,772,1623
14500.535006,850,1624
14500.540007,956,1623
14500.545005,795,1621
14500.550005,815,1624
14500.555005,978,1626
14500.560006,902,1621
14500.565005,788,1626
14500.570006,948,1628
14500.575005,950,1627
14500.580006,761,1628
14500.585006,852,1626
14500.590006,977,1625
14500.595007,783,1627
14500.600006,806,1624
14500.605006,990,1621
14500.610005,883,1623
14500.615007,790,1615
14500.620007,954,1618
14500.625007,929,1608
14500.630007,767,1613
14500.635005,857,1614
14500.640006,957,1610
14500.645006,795,1609
14500.650007,810,1606
14500.655006,990,1605
14500.660006,883,1610
14500.665007,792,1603
14500.670007,946,1605
14500.675006,922,1612
14500.680005,769,1607
14500.685007,843,1609
14500.690007,964,1611
14500.695005,781,1609
14500.700006,821,1612
14500.705006,977,1609
14500.710006,905,1612
14500.715006,781,1612
14500.720006,947,1616
14500.725006,941,1610
14500.730006,751,1614
14500.735006,862,1610
14500.740007,955,1610
14500.745005,777,1607
14500.750007,811,1609
14500.755006,976,1606
14500.760006,897,1603
14500.765007,787,1602
14500.770006,953,1604
14500.775007,948,1598
14500.780006,758,1601
14500.785006,843,1600
14500.790006,965,1597
14500.795005,777,1597
14500.800005,823,1592
14500.805006,979,1594
14500.810007,875,1598
14500.815006,789,1591
14500.820006,950,1591
14500.825006,924,1587
14500.830006,764,1589
14500.835006,863,1585
14500.840007,965,1586
14500.845006,767,1591
14500.850005,813,1585
14500.855006,977,1586
14500.860006,875,1588
14500.865006,788,1584
14500.870005,955,1585
14500.875007,945,1584
14500.880006,755,1584
14500.885007,851,1584
14500.890006,956,1573
14500.895006,782,1584
14500.900006,822,1584
14500.905005,974,1585
14500.910006,877,1580
14500.915006,793,1585
14500.920006,960,1586
14500.925006,942,1586
14500.930006,757,1585
14500.935007,843,1588
14500.940007,964,1587
14500.945005,767,1593
14500.950005,818,1589
14500.955007,975,1589
14500.960007,875,1591
14500.965005,797,1588
14500.970007,953,1592
14500.975006,938,1583
14500.980006,757,1589
14500.985006,853,1590
14500.990006,968,1592
14500.995005,773,1591
14501.000006,800,1589
14501.005005,979,1590
14501.010006,892,1589
14501.015006,784,1590
14501.020006,950,1593
14501.025006,942,1592
14501.030007,750,1594
14501.035006,862,1594
14501.040007,947,1591
14501.045006,788,1584
14501.050007,808,1594
14501.055006,993,1594
14501.060006,879,1597
14501.065006,787,1592
14501.070006,970,1595
14501.075005,918,1600
14501.080006,766,1601
14501.085006,861,1600
14501.090006,963,1600
14501.095007,774,1600
14501.100007,824,1601
14501.105006,978,1600
14501.110005,886,1602
14501.115007,772,1607
14501.120006,964,1599
14501.125005,935,1603
14501.130005,749,1607
14501.135006,870,1603
14501.140006,950,1609
14501.145006,781,1607
14501.150006,825,1608
14501.155006,972,1611
14501.160007,870,1610
14501.165006,793,1607
14501.170006,962,1607
14501.175006,923,1613
14501.180006,773,1611
14501.185006,869,1609
14501.190005,953,1612
14501.195006,790,1613
14501.200006,816,1613
14501.205005,972,1615
14501.210005,891,1611
14501.215006,777,1621
14501.220005,971,1611
14501.225005,931,1613
14501.230007,770,1603
14501.235007,869,1610
14501.240006,954,1609
14501.245005,789,1609
14501.250006,818,1610
14501.255006,982,1606
14501.260005,879,1605
14501.265007,776,1609
14501.270006,970,1606
14501.275006,939,1607
14501.280005,758,1607
14501.285006,876,1606
14501.290007,959,1610
14501.295006,772,1609
14501.300006,805,1612
14501.305006,991,1611
14501.310006,879,1613
14501.315005,784,1610
14501.320006,958,1614
14501.325006,923,1615
14501.330005,778,1613
14501.335006,878,1613
14501.340005,956,1617
14501.345006,777,1614
14501.350005,811,1613
14501.355006,977,1612
14501.360005,871,1617
14501.365006,795,1610
14501.370006,965,1611
14501.375006,931,1613
14501.380006,759,1611
14501.385006,859,1613
14501.390006,969,1606
14501.395007,769,1608
14501.400005,821,1604
14501.405006,997,1602
14501.410006,875,1604
14501.415007,787,1605
14501.420006,964,1605
14501.425007,923,1608
14501.430005,765,1605
14501.435006,858,1610
14501.440005,966,1602
14501.445006,775,1611
14501.450005,807,1612
14501.455007,991,1610
14501.460006,877,1610
14501.465006,778,1611
14501.470006,975,1610
14501.475005,944,1612
14501.480006,767,1610
14501.485005,865,1611
14501.490007,950,1613
14501.495006,770,1610
14501.500006,830,1612
14501.505007,988,1611
14501.510007,872,1613
14501.515006,800,1612
14501.520005,970,1609
14501.525006,924,1614
14501.530006,771,1612
14501.535007,868,1613
14501.540006,956,1612
14501.545005,785,1610
14501.550005,816,1612
14501.555006,976,1613
14501.560006,894,1612
14501.565006,788,1614
14501.570007,958,1615
14501.575007,934,1604
14501.580005,751,1614
14501.585006,877,1605
14501.590006,973,1613
14501.595006,778,1612
14501.600005,809,1616
14501.605007,993,1606
14501.610006,872,1614
14501.615006,796,1613
14501.620007,971,1612
14501.625006,933,1605
14501.630006,765,1615
14501.635005,884,1618
14501.640006,956,1620
14501.645006,787,1618
14501.650007,817,1618
14501.655006,978,1620
14501.660006,866,1618
14501.665006,795,1612
14501.670006,961,1620
14501.675007,947,1616
14501.680005,760,1616
14501.685007,879,1619
14501.690007,952,1619
14501.695005,782,1619
14501.700005,820,1620
14501.705006,977,1616
14501.710006,884,1608
14501.715007,794,1613
14501.720006,959,1616
14501.725005,925,1613
14501.730007,752,1616
14501.735005,864,1616
14501.740006,973,1612
14501.745006,776,1610
14501.750005,809,1615
14501.755005,997,1609
14501.760006,875,1610
14501.765006,789,1614
14501.770006,966,1610
14501.775006,920,1613
14501.780007,765,1610
14501.785006,868,1611
14501.790007,951,1613
14501.795006,790,1611
14501.800007,813,1616
14501.805006,987,1616
14501.810006,869,1618
14501.815006,801,1614
14501.820005,962,1618
14501.825006,923,1620
14501.830006,768,1613
14501.835006,874,1617
14501.840006,953,1617
14501.845006,769,1618
14501.850006,815,1608
14501.855006,995,1615
14501.860006,866,1614
14501.865007,780,1616
14501.870006,955,1613
14501.875005,933,1610
14501.880006,757,1608
14501.885005,863,1608
14501.890006,946,1604
14501.895005,787,1600
14501.900006,806,1601
14501.905006,993,1598
14501.910006,872,1597
14501.915006,777,1600
14501.920005,955,1599
14501.925005,938,1598
14501.930005,755,1594
14501.935007,861,1596
14501.940006,964,1598
14501.945005,769,1600
14501.950005,808,1601
14501.955007,969,1600
14501.960007,881,1600
14501.965006,796,1599
14501.970006,979,1601
14501.975006,937,1600
14501.980006,751,1604
14501.985006,862,1605
14501.990007,947,1600
14501.995006,767,1608
14502.000005,806,1606
14502.005005,994,1603
14502.010006,865,1603
14502.015006,781,1605
14502.020006,977,1601
14502.025007,922,1604
14502.030006,755,1605
14502.035006,876,1606
14502.040006,953,1606
14502.045005,775,1608
14502.050005,811,1605
14502.055005,980,1612
14502.060006,863,1608
14502.065006,797,1603
14502.070007,966,1605
14502.075007,944,1604
14502.080005,763,1604
14502.085006,867,1607
14502.090005,947,1609
14502.095007,774,1607
14502.100006,810,1605
14502.105006,974,1605
14502.110006,860,1606
14502.115007,801,1604
14502.120006,966,1602
14502.125006,945,1597
14502.130006,768,1600
14502.135006,882,1598
14502.140006,944,1603
14502.145006,779,1592
14502.150007,821,1596
14502.155006,986,1597
14502.160006,858,1596
14502.165006,785,1597
14502.170006,958,1599
14502.175006,939,1598
14502.180005,758,1597
14502.185006,868,1603
14502.190005,960,1589
14502.195007,786,1598
14502.200006,820,1598
14502.205006,972,1600
14502.210006,873,1600
14502.215006,794,1594
14502.220006,974,1598
14502.225005,926,1603
14502.230007,767,1589
14502.235006,884,1600
14502.240005,953,1602
14502.245005,764,1603
14502.250006,821,1596
14502.255006,984,1603
14502.260006,860,1603
14502.265006,802,1601
14502.270006,968,1607
14502.275006,933,1606
14502.280006,758,1608
14502.285006,872,1609
14502.290007,965,1609
14502.295007,777,1608
14502.300006,809,1612
14502.305005,995,1611
14502.310006,852,1615
14502.315006,802,1612
14502.320006,969,1612
14502.325006,942,1614
14502.330007,764,1616
14502.335007,873,1615
14502.340007,962,1616
14502.345006,779,1615
14502.350006,806,1616
14502.355006,988,1614
14502.360005,863,1613
14502.365007,782,1611
14502.370006,977,1605
14502.375006,932,1606
14502.380006,760,1608
14502.385006,873,1609
14502.390006,966,1603
14502.395005,774,1602
14502.400005,811,1603
14502.405005,971,1604
14502.410006,868,1603
14502.415007,785,1605
14502.420005,963,1605
14502.425005,920,1606
14502.430006,773,1605
14502.435006,886,1608
14502.440005,948,1610
14502.445007,772,1609
14502.450006,816,1609
14502.455005,971,1617
14502.460005,871,1616
14502.465006,791,1614
14502.470006,970,1613
14502.475005,922,1614
14502.480006,778,1611
14502.485005,891,1611
14502.490006,955,1610
14502.495007,784,1609
14502.500006,814,1608
14502.505007,970,1606
14502.510007,874,1603
14502.515007,801,1600
14502.520006,970,1600
14502.525006,923,1599
14502.530005,771,1599
14502.535006,881,1598
14502.540006,951,1598
14502.545006,760,1596
14502.550007,822,1597
14502.555005,974,1599
14502.560006,868,1597
14502.565005,797,1600
14502.570006,969,1596
14502.575006,925,1600
14502.580005,770,1596
14502.585005,887,1598
14502.590006,951,1599
14502.595006,761,1600
14502.600006,805,1600
14502.605006,989,1586
14502.610006,870,1593
14502.615006,786,1596
14502.620005,984,1594
14502.625006,930,1593
14502.630007,755,1592
14502.635005,880,1592
14502.640007,944,1593
14502.645006,782,1589
14502.650006,815,1591
14502.655005,975,1591
14502.660006,853,1595
14502.665005,796,1588
14502.670006,983,1594
14502.675006,935,1595
14502.680006,755,1599
14502.685005,894,1596
14502.690006,958,1602
14502.695007,769,1602
14502.700005,816,1603
14502.705006,970,1606
14502.710006,868,1607
14502.715005,789,1609
14502.720006,962,1612
14502.725006,945,1606
14502.730006,768,1612
14502.735005,897,1612
14502.740006,949,1614
14502.745005,771,1605
14502.750006,818,1611
14502.755006,975,1613
14502.760005,852,1612
14502.765006,786,1614
14502.770006,987,1613
14502.775006,920,1618
14502.780006,779,1613
14502.785005,883,1614
14502.790006,953,1608
14502.795006,776,1617
14502.800006,809,1618
14502.805006,993,1616
14502.810006,851,1616
14502.815006,803,1611
14502.820006,983,1617
14502.825006,936,1616
14502.830005,755,1619
14502.835005,900,1608
14502.840006,958,1615
14502.845007,767,1614
14502.850005,812,1616
14502.855006,972,1616
14502.860006,868,1612
14502.865006,799,1611
14502.870006,967,1613
14502.875006,937,1612
14502.880006,758,1616
14502.885006,905,1611
14502.890006,955,1613
14502.895005,758,1618
14502.900006,817,1613
14502.905005,988,1605
14502.910007,870,1614
14502.915007,793,1615
14502.920007,966,1616
14502.925006,940,1614
14502.930005,768,1615
14502.935007,888,1611
14502.940007,945,1613
14502.945007,779,1614
14502.950005,815,1616
14502.955006,976,1612
14502.960006,853,1610
14502.965006,792,1611
14502.970006,971,1609
14502.975005,927,1608
14502.980007,754,1611
14502.985007,898,1608
14502.990005,951,1609
14502.995005,766,1603
14503.000007,814,1604
14503.005007,971,1603
14503.010006,859,1601
14503.015007,791,1603
14503.020005,965,1607
14503.025006,944,1601
14503.030005,762,1602
14503.035007,880,1609
14503.040007,963,1607
14503.045006,758,1611
14503.050007,826,1601
14503.055006,987,1608
14503.060006,855,1608
14503.065005,800,1610
14503.070006,970,1615
14503.075006,937,1605
14503.080006,780,1609
14503.085007,890,1610
14503.090006,946,1613
14503.095006,782,1611
14503.100006,827,1615
14503.105006,976,1611
14503.110006,848,1606
14503.115006,800,1608
14503.120006,971,1611
14503.125005,940,1605
14503.130006,762,1610
14503.135006,891,1592
14503.140007,967,1604
14503.145006,776,1606
14503.150007,816,1603
14503.155006,966,1609
14503.160006,865,1603
14503.165006,790,1606
14503.170005,965,1609
14503.175006,921,1611
14503.180006,774,1609
14503.185006,895,1609
14503.190005,943,1614
14503.195007,784,1610
14503.200006,828,1613
14503.205006,980,1616
14503.210006,851,1616
14503.215007,790,1612
14503.220006,980,1615
14503.225005,921,1620
14503.230006,759,1619
14503.235006,909,1615
14503.240006,957,1614
14503.245007,771,1614
14503.250005,816,1618
14503.255005,978,1611
14503.260006,863,1605
14503.265007,803,1611
14503.270005,969,1613
14503.275006,944,1609
14503.280006,766,1611
14503.285006,891,1606
14503.290005,961,1605
14503.295006,763,1605
14503.300006,809,1606
14503.305006,972,1605
14503.310006,868,1601
14503.315005,800,1601
14503.320006,970,1603
14503.325005,926,1596
14503.330006,758,1601
14503.335006,902,1599
14503.340007,950,1597
14503.345006,763,1596
14503.350006,820,1589
14503.355006,972,1595
14503.360005,862,1590
14503.365006,799,1594
14503.370006,967,1597
14503.375006,939,1591
14503.380006,771,1594
14503.385005,891,1595
14503.390007,941,1595
14503.395006,765,1588
14503.400007,817,1591
14503.405006,973,1597
14503.410007,840,1597
14503.415006,803,1593
14503.420007,980,1596
14503.425006,926,1594
14503.430005,767,1594
14503.435006,893,1596
14503.440005,944,1597
14503.445007,756,1596
14503.450005,833,1592
14503.455006,986,1598
14503.460006,843,1597
14503.465006,794,1599
14503.470006,968,1599
14503.475006,921,1598
14503.480006,776,1598
14503.485005,886,1600
14503.490007,942,1602
14503.495006,756,1605
14503.500006,831,1598
14503.505006,987,1601
14503.510005,844,1600
14503.515005,806,1603
14503.520005,976,1600
14503.525006,932,1600
14503.530005,759,1606
14503.535006,906,1601
14503.540007,960,1605
14503.545007,766,1608
14503.550005,810,1608
14503.555006,972,1614
14503.560006,840,1614
14503.565005,787,1614
14503.570007,990,1614
14503.575006,928,1617
14503.580006,762,1620
14503.585006,902,1614
14503.590005,962,1620
14503.595007,770,1621
14503.600007,820,1622
14503.605006,973,1628
14503.610005,867,1622
14503.615007,801,1626
14503.620006,980,1623
14503.625006,925,1625
14503.630007,781,1625
14503.635006,903,1626
14503.640006,948,1625
14503.645005,775,1618
14503.650006,806,1626
14503.655006,982,1618
14503.660006,864,1628
14503.665006,799,1630
14503.670005,971,1630
14503.675005,929,1627
14503.680005,767,1633
14503.685006,899,1632
14503.690006,943,1638
14503.695007,761,1640
14503.700006,812,1636
14503.705006,993,1636
14503.710006,851,1639
14503.715005,795,1639
14503.720006,970,1635
14503.725006,942,1640
14503.730006,774,1641
14503.735005,897,1641
14503.740007,946,1642
14503.745006,784,1641
14503.750005,827,1640
14503.755005,973,1638
14503.760007,845,1631
14503.765007,809,1637
14503.770005,984,1633
14503.775007,927,1633
14503.780006,759,1631
14503.785007,891,1633
14503.790006,965,1629
14503.795006,770,1625
14503.800006,813,1624
14503.805005,979,1622
14503.810006,849,1619
14503.815006,789,1618
14503.820007,967,1619
14503.825006,946,1613
14503.830006,766,1611
14503.835006,894,1614
14503.840007,946,1610
14503.845005,758,1608
14503.850005,833,1606
14503.855006,984,1607
14503.860005,841,1605
14503.865007,790,1603
14503.870007,970,1604
14503.875005,934,1604
14503.880006,765,1599
14503.885005,885,1603
14503.890006,955,1598
14503.895006,763,1597
14503.900007,811,1597
14503.905006,987,1593
14503.910006,836,1597
14503.915007,783,1593
14503.920005,988,1590
14503.925006,928,1589
14503.930005,770,1589
14503.935006,891,1586
14503.940006,939,1586
14503.945006,775,1584
14503.950006,814,1586
14503.955005,964,1587
14503.960006,854,1582
14503.965006,794,1584
14503.970006,956,1581
14503.975006,928,1584
14503.980006,756,1581
14503.985005,886,1584
14503.990006,934,1583
14503.995005,767,1580
14504.000006,815,1582
14504.005006,962,1582
14504.010006,833,1580
14504.015006,799,1581
14504.020006,958,1581
14504.025006,930,1585
14504.030006,753,1581
14504.035007,905,1580
14504.040006,950,1582
14504.045005,748,1583
14504.050005,824,1583
14504.055005,971,1582
14504.060006,839,1578
14504.065006,789,1586
14504.070006,961,1588
14504.075005,923,1589
14504.080006,749,1592
14504.085006,903,1591
14504.090006,938,1596
14504.095006,772,1592
14504.100006,808,1597
14504.105006,981,1591
14504.110006,835,1593
14504.115007,786,1600
14504.120007,977,1597
14504.125005,920,1601
14504.130006,751,1603
14504.135005,909,1601
14504.140007,943,1600
14504.145005,775,1599
14504.150007,810,1601
14504.155006,981,1603
14504.160005,841,1603
14504.165006,788,1604
14504.170005,970,1600
14504.175006,915,1608
14504.180006,773,1604
14504.185006,904,1604
14504.190005,941,1607
14504.195006,772,1609
14504.200006,812,1611
14504.205006,991,1609
14504.210005,847,1610
14504.215006,789,1613
14504.220006,982,1609
14504.225005,933,1612
14504.230007,761,1614
14504.235007,891,1614
14504.240006,941,1617
14504.245005,774,1614
14504.250006,827,1614
14504.255006,976,1614
14504.260006,846,1608
14504.265006,800,1610
14504.270005,977,1612
14504.275006,931,1613
14504.280006,764,1615
14504.285007,893,1615
14504.290006,939,1614
14504.295006,757,1613
14504.300006,808,1619
14504.305006,990,1615
14504.310006,842,1617
14504.315005,796,1618
14504.320006,973,1615
14504.325006,941,1620
14504.330006,764,1622
14504.335006,913,1622
14504.340006,948,1621
14504.345007,753,1622
14504.350007,827,1621
14504.355005,972,1619
14504.360005,854,1622
14504.365006,798,1620
14504.370006,975,1616
14504.375006,920,1619
14504.380006,783,1614
14504.385007,908,1616
14504.390006,943,1616
14504.395007,771,1611
14504.400005,813,1613
14504.405006,982,1615
14504.410006,848,1610
14504.415006,806,1617
14504.420006,980,1617
14504.425005,926,1620
14504.430005,761,1619
14504.435007,892,1620
14504.440007,963,1617
14504.445005,774,1620
14504.450005,820,1621
14504.455006,973,1625
14504.460006,851,1624
14504.465006,806,1620
14504.470007,981,1625
14504.475005,931,1625
14504.480007,761,1626
14504.485006,910,1618
14504.490006,954,1626
14504.495006,764,1623
14504.500005,818,1622
14504.505005,974,1619
14504.510006,852,1621
14504.515007,803,1620
14504.520006,978,1620
14504.525007,919,1620
14504.530006,785,1616
14504.535007,908,1617
14504.540006,947,1619
14504.545006,757,1619
14504.550006,832,1617
14504.555006,975,1617
14504.560006,838,1619
14504.565005,813,1615
14504.570006,984,1622
14504.575005,926,1619
14504.580006,759,1618
14504.585006,910,1616
14504.590005,947,1617
14504.595006,762,1628
14504.600006,834,1621
14504.605006,986,1618
14504.610005,841,1618
14504.615007,799,1619
14504.620006,975,1618
14504.625006,923,1622
14504.630007,777,1615
14504.635005,910,1616
14504.640006,945,1618
14504.645006,762,1615
14504.650006,818,1615
14504.655006,970,1615
14504.660005,857,1612
14504.665005,800,1614
14504.670006,972,1613
14504.675006,942,1612
14504.680005,777,1611
14504.685006,897,1612
14504.690005,939,1611
14504.695006,779,1610
14504.700006,815,1606
14504.705005,975,1610
14504.710006,836,1606
14504.715005,788,1609
14504.720007,989,1605
14504.725006,933,1606
14504.730006,764,1605
14504.735005,900,1601
14504.740006,941,1605
14504.745007,775,1600
14504.750005,830,1600
14504.755005,965,1601
14504.760006,853,1599
14504.765006,801,1598
14504.770005,965,1601
14504.775005,914,1603
14504.780006,771,1600
14504.785006,897,1603
14504.790007,956,1601
14504.795005,771,1601
14504.800006,820,1604
14504.805005,976,1604
14504.810006,841,1605
14504.815006,790,1608
14504.820006,983,1608
14504.825007,926,1613
14504.830006,763,1613
14504.835006,897,1615
14504.840005,962,1613
14504.845006,766,1617
14504.850005,821,1616
14504.855006,974,1615
14504.860006,836,1616
14504.865006,801,1615
14504.870006,971,1612
14504.875005,919,1613
14504.880006,779,1610
14504.885005,910,1611
14504.890006,944,1610
14504.895006,755,1610
14504.900006,811,1604
14504.905007,970,1603
14504.910005,845,1612
14504.915005,787,1614
14504.920006,983,1602
14504.925006,928,1613
14504.930006,761,1618
14504.935006,912,1616
14504.940005,948,1619
14504.945007,763,1622
14504.950006,815,1626
14504.955006,978,1619
14504.960006,854,1622
14504.965006,801,1628
14504.970006,974,1630
14504.975005,936,1627
14504.980005,770,1630
14504.985005,903,1627
14504.990007,942,1634
14504.995006,776,1626
14505.000006,834,1627
14505.005006,980,1627
14505.010005,832,1629
14505.015006,813,1625
14505.020006,977,1626
14505.025007,937,1625
14505.030006,771,1625
14505.035006,900,1625
14505.040006,941,1623
14505.045006,757,1627
14505.050007,815,1622
14505.055006,989,1625
14505.060006,848,1620
14505.065007,798,1617
14505.070006,986,1614
14505.075005,930,1614
14505.080006,767,1615
14505.085006,904,1605
14505.090005,959,1616
14505.095006,765,1613
14505.100007,828,1609
14505.105005,976,1610
14505.110005,832,1606
14505.115006,792,1607
14505.120005,982,1610
14505.125006,916,1612
14505.130005,759,1613
14505.135006,914,1606
14505.140007,946,1608
14505.145006,756,1609
14505.150006,829,1610
14505.155006,977,1609
14505.160007,836,1611
14505.165007,794,1611
14505.170005,990,1609
14505.175006,934,1609
14505.180006,765,1612
14505.185006,905,1612
14505.190006,946,1603
14505.195006,772,1609
14505.200006,813,1611
14505.205005,986,1607
14505.210006,838,1607
14505.215005,801,1608
14505.220006,979,1605
14505.225005,928,1595
14505.230007,773,1603
14505.235007,905,1603
14505.240005,963,1600
14505.245006,766,1600
14505.250005,814,1601
14505.255006,969,1598
14505.260005,828,1598
14505.265006,812,1599
14505.270006,980,1599
14505.275007,921,1599
14505.280006,766,1600
14505.285006,923,1600
14505.290006,955,1601
14505.295006,759,1605
14505.300006,811,1606
14505.305005,991,1606
14505.310006,835,1609
14505.315007,793,1614
14505.320006,990,1613
14505.325006,924,1615
14505.330005,763,1617
14505.335006,901,1621
14505.340006,962,1615
14505.345007,763,1619
14505.350005,817,1616
14505.355006,969,1616
14505.360005,829,1617
14505.365006,803,1614
14505.370005,977,1616
14505.375006,920,1614
14505.380007,782,1608
14505.385006,914,1606
14505.390006,943,1607
14505.395006,776,1606
14505.400006,824,1602
14505.405006,980,1601
14505.410006,829,1601
14505.415006,787,1603
14505.420006,993,1598
14505.425007,929,1602
14505.430005,765,1602
14505.435006,899,1606
14505.440006,936,1605
14505.445006,776,1603
14505.450006,816,1602
14505.455006,967,1608
14505.460006,827,1607
14505.465005,809,1604
14505.470006,972,1606
14505.475005,942,1604
14505.480006,770,1603
14505.485006,901,1603
14505.490007,942,1601
14505.495007,759,1598
14505.500006,820,1590
14505.505007,987,1596
14505.510006,829,1594
14505.515007,806,1591
14505.520007,985,1592
14505.525006,921,1594
14505.530005,773,1583
14505.535007,918,1590
14505.540006,944,1589
14505.545007,769,1592
14505.550006,810,1590
14505.555006,962,1589
14505.560007,831,1588
14505.565007,806,1582
14505.570006,976,1589
14505.575006,919,1590
14505.580005,767,1589
14505.585005,918,1592
14505.590006,953,1593
14505.595006,761,1592
14505.600006,806,1597
14505.605006,981,1591
14505.610006,841,1593
14505.615007,803,1589
14505.620006,963,1594
14505.625005,934,1587
14505.630005,763,1590
14505.635006,915,1585
14505.640006,948,1590
14505.645006,757,1591
14505.650006,812,1595
14505.655006,963,1594
14505.660006,841,1595
14505.665006,802,1596
14505.670005,968,1596
14505.675005,938,1597
14505.680005,765,1600
14505.685006,901,1602
14505.690005,957,1602
14505.695007,757,1604
14505.700006,826,1605
14505.705005,961,1611
14505.710005,844,1605
14505.715006,803,1612
14505.720006,973,1609
14505.725005,918,1616
14505.730006,782,1613
14505.735007,924,1612
14505.740006,946,1613
14505.745006,751,1617
14505.750005,824,1614
14505.755006,976,1613
14505.760005,821,1613
14505.765007,806,1613
14505.770006,970,1615
14505.775006,920,1615
14505.780006,760,1613
14505.785006,927,1612
14505.790007,946,1613
14505.795006,753,1614
14505.800006,833,1612
14505.805006,978,1611
14505.810007,827,1608
14505.815006,790,1615
14505.820006,984,1611
14505.825006,924,1610
14505.830005,761,1613
14505.835006,920,1613
14505.840005,943,1613
14505.845007,776,1614
14505.850006,822,1613
14505.855006,969,1615
14505.860005,840,1615
14505.865006,810,1618
14505.870005,973,1617
14505.875007,924,1619
14505.880006,777,1616
14505.885006,923,1619
14505.890007,937,1623
14505.895005,768,1618
14505.900006,811,1622
14505.905006,982,1618
14505.910007,825,1620
14505.915006,810,1616
14505.920005,976,1616
14505.925005,934,1613
14505.930005,773,1612
14505.935006,903,1615
14505.940006,950,1606
14505.945006,764,1614
14505.950006,813,1614
14505.955005,965,1614
14505.960005,843,1609
14505.965007,798,1608
14505.970007,969,1609
14505.975007,937,1606
14505.980005,767,1605
14505.985005,903,1606
14505.990006,960,1603
14505.995006,764,1603
14506.000005,814,1603
14506.005005,969,1602
14506.010006,820,1601
14506.015006,815,1597
14506.020006,976,1602
14506.025006,915,1601
14506.030005,779,1597
14506.035006,907,1600
14506.040006,936,1599
14506.045006,776,1595
14506.050007,819,1594
14506.055006,966,1595
14506.060007,819,1598
14506.065006,804,1589
14506.070006,979,1600
14506.075005,913,1598
14506.080006,783,1595
14506.085006,912,1598
14506.090006,933,1597
14506.095006,768,1597
14506.100006,820,1598
14506.105006,971,1596
14506.110006,817,1599
14506.115006,808,1594
14506.120005,976,1596
14506.125006,932,1591
14506.130006,776,1592
14506.135005,906,1592
14506.140006,953,1592
14506.145006,760,1587
14506.150006,811,1590
14506.155005,963,1592
14506.160005,835,1591
14506.165005,794,1592
14506.170006,969,1594
14506.175007,934,1592
14506.180006,772,1596
14506.185006,904,1598
14506.190005,954,1600
14506.195006,770,1603
14506.200006,825,1603
14506.205005,977,1611
14506.210005,826,1609
14506.215006,792,1613
14506.220007,985,1611
14506.225006,928,1614
14506.230007,764,1618
14506.235007,934,1616
14506.240006,946,1618
14506.245006,762,1617
14506.250005,832,1616
14506.255006,986,1617
14506.260005,833,1619
14506.265006,810,1616
14506.270005,988,1618
14506.275007,922,1617
14506.280006,765,1618
14506.285006,905,1618
14506.290007,948,1615
14506.295005,765,1616
14506.300006,814,1621
14506.305005,989,1616
14506.310007,834,1617
14506.315006,800,1617
14506.320005,974,1617
14506.325005,923,1612
14506.330006,774,1617
14506.335006,911,1618
14506.340006,955,1611
14506.345006,773,1616
14506.350005,830,1615
14506.355006,975,1616
14506.360006,825,1614
14506.365007,792,1616
14506.370006,989,1617
14506.375006,927,1614
14506.380006,762,1618
14506.385005,913,1609
14506.390006,957,1610
14506.395006,757,1613
14506.400006,816,1610
14506.405006,983,1603
14506.410006,827,1608
14506.415007,796,1608
14506.420007,974,1607
14506.425006,934,1602
14506.430006,772,1601
14506.435006,913,1602
14506.440006,942,1603
14506.445007,752,1604
14506.450006,832,1597
14506.455005,983,1601
14506.460005,821,1599
14506.465006,795,1600
14506.470007,981,1590
14506.475006,934,1596
14506.480006,785,1597
14506.485005,919,1598
14506.490006,940,1598
14506.495007,753,1602
14506.500006,830,1598
14506.505006,981,1598
14506.510005,826,1602
14506.515007,796,1601
14506.520005,977,1595
14506.525007,936,1599
14506.530005,771,1600
14506.535006,908,1602
14506.540006,948,1596
14506.545005,759,1602
14506.550005,818,1600
14506.555006,989,1598
14506.560006,818,1600
14506.565006,791,1601
14506.570006,995,1605
14506.575006,925,1600
14506.580006,765,1602
14506.585005,908,1605
14506.590006,955,1607
14506.595006,766,1605
14506.600005,823,1606
14506.605006,970,1608
14506.610005,823,1604
14506.615006,795,1606
14506.620005,982,1598
14506.625006,935,1604
14506.630005,772,1608
14506.635007,911,1608
14506.640006,953,1604
14506.645005,761,1600
14506.650007,827,1605
14506.655006,980,1607
14506.660007,822,1607
14506.665006,815,1607
14506.670006,972,1608
14506.675007,938,1608
14506.680006,776,1607
14506.685006,914,1609
14506.690007,938,1612
14506.695007,753,1613
14506.700006,820,1612
14506.705006,966,1614
14506.710007,837,1608
14506.715005,810,1611
14506.720006,976,1613
14506.725005,917,1613
14506.730006,788,1611
14506.735005,925,1616
14506.740007,941,1614
14506.745006,762,1614
14506.750007,817,1616
14506.755006,971,1618
14506.760005,824,1616
14506.765007,816,1609
14506.770006,989,1612
14506.775007,923,1614
14506.780005,784,1616
14506.785006,919,1614
14506.790006,940,1616
14506.795006,769,1611
14506.800006,830,1614
14506.805006,980,1611
14506.810006,827,1612
14506.815005,794,1612
14506.820006,994,1608
14506.825006,924,1610
14506.830005,759,1612
14506.835006,928,1611
14506.840005,937,1612
14506.845006,753,1608
14506.850006,831,1608
14506.855006,977,1608
14506.860005,829,1607
14506.865007,800,1608
14506.870006,970,1602
14506.875005,936,1605
14506.880005,767,1605
14506.885005,933,1603
14506.890006,945,1603
14506.895006,763,1603
14506.900006,813,1609
14506.905006,988,1604
14506.910006,822,1607
14506.915006,793,1608
14506.920005,991,1604
14506.925005,919,1606
14506.930006,779,1601
14506.935007,920,1604
14506.940007,939,1607
14506.945006,756,1609
14506.950005,837,1609
14506.955006,974,1609
14506.960007,819,1616
14506.965005,812,1606
14506.970006,992,1612
14506.975006,919,1613
14506.980006,767,1616
14506.985005,916,1607
14506.990006,953,1608
14506.995005,773,1615
14507.000006,820,1620
14507.005006,970,1617
14507.010005,822,1615
14507.015007,811,1617
14507.020006,985,1614
14507.025007,921,1615
14507.030007,761,1616
14507.035005,935,1614
14507.040005,953,1615
14507.045006,756,1615
14507.050006,833,1614
14507.055005,965,1613
14507.060006,832,1613
14507.065006,793,1619
14507.070006,970,1612
14507.075006,941,1608
14507.080006,778,1612
14507.085007,909,1612
14507.090006,958,1608
14507.095006,763,1610
14507.100005,814,1613
14507.105007,963,1614
14507.110007,828,1610
14507.115006,803,1612
14507.120007,980,1603
14507.125005,926,1609
14507.130005,765,1609
14507.135006,931,1608
14507.140006,946,1608
14507.145005,755,1610
14507.150006,814,1610
14507.155006,981,1612
14507.160006,824,1611
14507.165006,803,1611
14507.170007,987,1607
14507.175006,923,1609
14507.180005,764,1611
14507.185007,909,1611
14507.190006,956,1607
14507.195006,759,1606
14507.200006,821,1608
14507.205006,964,1609
14507.210007,835,1606
14507.215005,803,1609
14507.220005,974,1606
14507.225005,942,1600
14507.230006,778,1602
14507.235006,916,1601
14507.240006,938,1601
14507.245006,750,1601
14507.250006,828,1592
14507.255006,977,1599
14507.260006,822,1598
14507.265007,790,1602
14507.270006,989,1599
14507.275007,923,1599
14507.280006,765,1597
14507.285005,909,1602
14507.290005,953,1600
14507.295006,756,1601
14507.300007,814,1603
14507.305006,964,1602
14507.310005,833,1604
14507.315005,803,1605
14507.320006,976,1605
14507.325005,936,1606
14507.330007,768,1607
14507.335007,933,1602
14507.340006,944,1609
14507.345006,752,1608
14507.350005,827,1608
14507.355005,971,1610
14507.360005,816,1616
14507.365006,814,1610
14507.370006,974,1612
14507.375006,916,1611
14507.380007,760,1610
14507.385005,936,1612
14507.390006,947,1613
14507.395007,757,1613
14507.400006,816,1614
14507.405005,981,1607
14507.410006,837,1613
14507.415005,802,1613
14507.420006,977,1615
14507.425006,914,1616
14507.430005,783,1613
14507.435006,918,1614
14507.440007,937,1611
14507.445006,777,1614
14507.450006,830,1617
14507.455005,969,1619
14507.460005,814,1621
14507.465007,811,1618
14507.470006,982,1620
14507.475006,922,1619
14507.480005,764,1624
14507.485005,929,1615
14507.490006,948,1622
14507.495005,768,1622
14507.500006,819,1621
14507.505006,985,1618
14507.510006,822,1619
14507.515007,807,1612
14507.520007,988,1620
14507.525005,924,1619
14507.530005,764,1620
14507.535006,933,1619
14507.540006,937,1621
14507.545005,776,1621
14507.550005,816,1622
14507.555005,985,1618
14507.560006,819,1618
14507.565005,813,1617
14507.570007,979,1618
14507.575006,934,1609
14507.580005,772,1616
14507.585005,914,1613
14507.590007,945,1614
14507.595005,754,1615
14507.600005,836,1612
14507.605006,976,1612
14507.610006,813,1612
14507.615005,795,1613
14507.620005,992,1609
14507.625006,925,1607
14507.630005,767,1607
14507.635007,932,1605
14507.640006,946,1606
14507.645006,756,1604
14507.650006,835,1604
14507.655006,967,1604
14507.660007,815,1605
14507.665006,800,1599
14507.670006,985,1603
14507.675006,925,1605
14507.680006,768,1601
14507.685006,911,1609
14507.690005,955,1602
14507.695006,754,1601
14507.700005,819,1601
14507.705006,968,1601
14507.710006,810,1604
14507.715006,806,1596
14507.720006,988,1602
14507.725006,920,1601
14507.730006,762,1601
14507.735005,921,1602
14507.740006,941,1601
14507.745005,753,1602
14507.750006,811,1601
14507.755006,985,1601
14507.760006,816,1601
14507.765006,803,1593
14507.770006,988,1601
14507.775006,916,1600
14507.780006,772,1601
14507.785007,917,1601
14507.790006,931,1605
14507.795005,773,1604
14507.800006,817,1606
14507.805005,985,1606
14507.810006,834,1604
14507.815006,804,1609
14507.820006,973,1608
14507.825005,938,1609
14507.830006,764,1614
14507.835007,921,1611
14507.840006,937,1613
14507.845007,769,1612
14507.850005,829,1603
14507.855006,977,1612
14507.860007,817,1611
14507.865006,794,1616
14507.870006,993,1612
14507.875006,917,1612
14507.880006,777,1610
14507.885005,916,1615
14507.890006,935,1617
14507.895005,769,1613
14507.900006,812,1616
14507.905006,982,1615
14507.910007,813,1616
14507.915006,810,1615
14507.920006,979,1616
14507.925007,917,1618
14507.930005,786,1616
14507.935006,928,1616
14507.940006,938,1616
14507.945006,774,1613
14507.950006,822,1615
14507.955005,968,1614
14507.960005,816,1612
14507.965007,795,1615
14507.970006,992,1611
14507.975005,937,1614
14507.980006,765,1611
14507.985006,935,1614
14507.990006,951,1613
14507.995005,770,1613
14508.000007,822,1608
14508.005007,968,1611
14508.010005,811,1613
14508.015006,816,1611
14508.020005,987,1615
14508.025006,919,1615
14508.030005,780,1604
14508.035006,925,1613
14508.040006,941,1613
14508.045005,774,1615
14508.050005,820,1615
14508.055005,967,1614
14508.060006,829,1611
14508.065006,800,1609
14508.070007,973,1611
14508.075007,925,1609
14508.080007,765,1608
14508.085006,925,1605
14508.090005,938,1605
14508.095006,755,1605
14508.100005,837,1603
14508.105006,978,1601
14508.110006,809,1602
14508.115007,798,1595
14508.120007,985,1603
14508.125006,924,1602
14508.130006,770,1603
14508.135005,921,1600
14508.140006,934,1603
14508.145006,749,1605
14508.150007,835,1602
14508.155005,979,1602
14508.160006,813,1603
14508.165007,794,1608
14508.170006,994,1603
14508.175006,928,1605
14508.180005,770,1604
14508.185007,919,1600
14508.190006,931,1606
14508.195007,771,1600
14508.200006,827,1600
14508.205005,972,1601
14508.210005,809,1602
14508.215006,812,1598
14508.220006,970,1600
14508.225005,937,1597
14508.230007,780,1594
14508.235006,929,1595
14508.240005,937,1597
14508.245005,751,1598
14508.250007,825,1598
14508.255007,970,1591
14508.260007,823,1597
14508.265007,807,1596
14508.270005,969,1599
14508.275007,926,1592
14508.280005,768,1600
14508.285006,919,1598
14508.290006,930,1602
14508.295006,748,1603
14508.300006,819,1600
14508.305006,963,1600
14508.310006,807,1606
14508.315005,810,1604
14508.320007,978,1604
14508.325006,926,1600
14508.330005,759,1606
14508.335006,935,1606
14508.340005,947,1608
14508.345007,760,1608
14508.350005,818,1608
14508.355005,964,1611
14508.360006,831,1606
14508.365007,807,1609
14508.370007,978,1611
14508.375005,923,1612
14508.380005,769,1612
14508.385007,914,1615
14508.390006,956,1609
14508.395005,770,1614
14508.400006,820,1612
14508.405005,969,1610
14508.410006,811,1614
14508.415006,811,1614
14508.420006,978,1612
14508.425006,913,1616
14508.430006,780,1612
14508.435006,915,1614
14508.440006,945,1612
14508.445006,761,1613
14508.450006,836,1606
14508.455005,971,1608
14508.460005,805,1613
14508.465007,809,1610
14508.470006,969,1612
14508.475005,932,1606
14508.480006,761,1609
14508.485007,935,1608
14508.490005,941,1609
14508.495006,749,1604
14508.500006,832,1606
14508.505006,969,1607
14508.510005,805,1612
14508.515005,810,1601
14508.520005,978,1609
14508.525006,914,1615
14508.530005,767,1608
14508.535005,914,1611
14508.540005,949,1606
14508.545006,753,1611
14508.550007,833,1612
14508.555006,973,1610
14508.560007,806,1614
14508.565005,794,1613
14508.570006,985,1610
14508.575006,916,1611
14508.580006,783,1611
14508.585006,932,1609
14508.590005,930,1610
14508.595006,765,1608
14508.600006,820,1606
14508.605007,966,1610
14508.610006,823,1606
14508.615006,814,1606
14508.620006,973,1608
14508.625006,936,1604
14508.630007,775,1606
14508.635006,931,1607
14508.640006,942,1606
14508.645006,754,1604
14508.650006,816,1608
14508.655005,962,1605
14508.660006,805,1604
14508.665006,809,1601
14508.670006,975,1608
14508.675007,912,1611
14508.680007,777,1610
14508.685007,912,1609
14508.690006,949,1604
14508.695006,757,1611
14508.700006,817,1613
14508.705005,971,1611
14508.710006,808,1618
14508.715006,795,1618
14508.720006,990,1616
14508.725006,936,1619
14508.730006,776,1619
14508.735006,923,1621
14508.740006,929,1625
14508.745005,772,1624
14508.750007,833,1624
14508.755006,971,1625
14508.760006,817,1627
14508.765006,795,1627
14508.770005,996,1627
14508.775007,929,1627
14508.780005,778,1625
14508.785007,921,1627
14508.790006,932,1625
14508.795006,754,1620
14508.800006,841,1622
14508.805006,981,1625
14508.810007,809,1623
14508.815006,818,1618
14508.820007,987,1621
14508.825006,919,1621
14508.830006,762,1626
14508.835007,936,1622
14508.840007,944,1619
14508.845007,754,1620
14508.850007,815,1621
14508.855005,984,1619
14508.860005,810,1620
14508.865007,818,1619
14508.870007,983,1619
14508.875007,923,1624
14508.880006,789,1617
14508.885005,938,1620
14508.890007,944,1618
14508.895005,754,1620
14508.900005,815,1623
14508.905005,989,1619
14508.910006,817,1620
14508.915006,796,1625
14508.920006,982,1619
14508.925006,938,1620
14508.930005,773,1617
14508.935006,932,1618
14508.940005,938,1618
14508.945007,755,1619
14508.950007,834,1614
14508.955005,980,1611
14508.960006,819,1613
14508.965005,800,1609
14508.970006,994,1610
14508.975005,924,1610
14508.980005,766,1606
14508.985006,940,1604
14508.990007,935,1605
14508.995007,765,1596
14509.000007,829,1599
14509.005006,969,1601
14509.010005,817,1598
14509.015006,792,1600
14509.020006,992,1593
14509.025007,923,1591
14509.030006,762,1595
14509.035007,932,1590
14509.040007,945,1590
14509.045006,749,1590
14509.050006,831,1590
14509.055007,967,1586
14509.060006,809,1588
14509.065005,807,1582
14509.070006,981,1583
14509.075006,930,1585
14509.080005,770,1587
14509.085006,919,1588
14509.090006,931,1588
14509.095006,748,1586
14509.100006,836,1584
14509.105006,973,1583
14509.110006,810,1583
14509.115005,797,1581
14509.120006,991,1580
14509.125005,918,1577
14509.130006,782,1579
14509.135006,930,1581
14509.140006,936,1580
14509.145006,746,1582
14509.150006,828,1579
14509.155005,968,1580
14509.160005,814,1580
14509.165005,793,1582
14509.170006,990,1581
14509.175005,922,1582
14509.180006,758,1585
14509.185007,941,1584
14509.190006,942,1584
14509.195007,756,1587
14509.200006,824,1588
14509.205006,963,1590
14509.210006,825,1587
14509.215006,796,1590
14509.220006,971,1594
14509.225006,932,1589
14509.230006,767,1591
14509.235006,917,1597
14509.240006,948,1592
14509.245005,763,1596
14509.250006,816,1598
14509.255007,981,1596
14509.260006,813,1597
14509.265007,808,1598
14509.270005,975,1601
14509.275006,914,1603
14509.280005,781,1598
14509.285006,941,1599
14509.290006,951,1598
14509.295005,756,1603
14509.300006,812,1606
14509.305006,979,1602
14509.310006,809,1606
14509.315005,816,1605
14509.320006,978,1605
14509.325007,912,1607
14509.330006,773,1598
14509.335006,933,1605
14509.340006,939,1606
14509.345007,759,1603
14509.350006,821,1606
14509.355006,967,1599
14509.360007,828,1606
14509.365007,800,1607
14509.370006,975,1605
14509.375006,937,1605
14509.380007,775,1608
14509.385006,936,1604
14509.390006,941,1605
14509.395005,753,1609
14509.400006,817,1609
14509.405005,962,1609
14509.410006,809,1611
14509.415006,798,1610
14509.420005,976,1613
14509.425006,933,1607
14509.430005,775,1610
14509.435006,929,1612
14509.440005,932,1610
14509.445006,770,1607
14509.450007,819,1608
14509.455006,963,1614
14509.460005,812,1612
14509.465006,815,1609
14509.470006,980,1604
14509.475006,937,1604
14509.480006,768,1609
14509.485005,935,1611
14509.490007,934,1608
14509.495007,749,1610
14509.500006,828,1602
14509.505007,972,1604
14509.510005,805,1608
14509.515006,812,1608
14509.520006,972,1606
14509.525007,936,1603
14509.530007,761,1610
14509.535006,934,1600
14509.540006,942,1606
14509.545006,756,1606
14509.550007,815,1607
14509.555005,981,1608
14509.560006,825,1606
14509.565006,798,1608
14509.570006,988,1607
14509.575006,922,1609
14509.580006,767,1606
14509.585007,939,1608
14509.590005,936,1611
14509.595006,772,1608
14509.600006,818,1611
14509.605006,982,1608
14509.610006,811,1607
14509.615005,795,1607
14509.620006,988,1607
14509.625005,919,1609
14509.630005,781,1608
14509.635005,934,1611
14509.640007,931,1611
14509.645005,766,1611
14509.650006,823,1604
14509.655006,977,1610
14509.660006,821,1604
14509.665006,804,1615
14509.670006,979,1615
14509.675006,935,1615
14509.680005,770,1616
14509.685007,946,1614
14509.690006,943,1618
14509.695006,756,1617
14509.700005,828,1616
14509.705006,985,1618
14509.710006,811,1620
14509.715006,798,1621
14509.720006,974,1622
14509.725006,917,1620
14509.730006,784,1618
14509.735005,931,1621
14509.740006,944,1622
14509.745005,756,1625
14509.750007,836,1627
14509.755006,969,1628
14509.760006,808,1631
14509.765006,817,1626
14509.770006,986,1627
14509.775006,918,1631
14509.780006,791,1628
14509.785007,939,1630
14509.790006,938,1632
14509.795005,771,1634
14509.800005,821,1633
14509.805005,986,1633
14509.810007,817,1629
14509.815006,804,1625
14509.820007,997,1630
14509.825007,927,1628
14509.830006,764,1632
14509.835007,937,1630
14509.840005,938,1625
14509.845006,750,1629
14509.850005,834,1621
14509.855006,973,1625
14509.860005,813,1625
14509.865006,822,1625
14509.870006,985,1621
14509.875005,916,1624
14509.880005,788,1623
14509.885006,937,1619
14509.890007,938,1618
14509.895006,771,1619
14509.900005,825,1620
14509.905005,963,1620
14509.910006,824,1618
14509.915006,806,1618
14509.920005,982,1609
14509.925006,929,1614
14509.930005,779,1620
14509.935007,926,1613
14509.940006,942,1610
14509.945006,761,1614
14509.950007,815,1616
14509.955006,987,1614
14509.960006,812,1613
14509.965005,813,1607
14509.970007,985,1614
14509.975006,914,1613
14509.980007,787,1610
14509.985006,923,1609
14509.990006,949,1607
14509.995006,760,1606
14510.000005,818,1608
14510.005006,984,1604
14510.010005,816,1605
14510.015007,796,1611
14510.020006,996,1608
14510.025007,930,1607
14510.030006,777,1602
14510.035006,925,1601
14510.040007,956,1603
14510.045006,750,1606
14510.050006,832,1606
14510.055005,981,1610
14510.060006,809,1608
14510.065006,798,1604
14510.070007,996,1609
14510.075006,921,1608
14510.080005,764,1611
14510.085006,941,1611
14510.090005,940,1605
14510.095006,752,1614
14510.100006,842,1609
14510.105006,978,1613
14510.110005,816,1613
14510.115006,804,1614
14510.120006,981,1618
14510.125005,938,1616
14510.130006,772,1616
14510.135005,922,1623
14510.140006,957,1619
14510.145007,760,1620
14510.150006,818,1624
14510.155006,984,1621
14510.160007,819,1624
14510.165005,817,1625
14510.170007,979,1624
14510.175007,919,1626
14510.180005,770,1628
14510.185006,950,1622
14510.190006,951,1622
14510.195006,754,1625
14510.200005,833,1624
14510.205007,969,1623
14510.210006,810,1624
14510.215005,822,1622
14510.220006,986,1622
14510.225005,923,1622
14510.230005,781,1626
14510.235006,927,1625
14510.240006,958,1622
14510.245006,763,1622
14510.250007,816,1625
14510.255006,984,1624
14510.260006,815,1621
14510.265007,806,1625
14510.270006,979,1623
14510.275007,938,1621
14510.280006,776,1620
14510.285006,932,1620
14510.290006,936,1623
14510.295006,775,1618
14510.300006,832,1617
14510.305005,977,1618
14510.310006,808,1620
14510.315005,798,1620
14510.320006,995,1612
14510.325007,921,1614
14510.330006,765,1610
14510.335007,931,1610
14510.340005,946,1611
14510.345006,756,1608
14510.350006,814,1607
14510.355006,981,1602
14510.360006,805,1601
14510.365007,793,1602
14510.370006,989,1597
14510.375006,916,1597
14510.380006,762,1600
14510.385005,938,1595
14510.390007,931,1599
14510.395005,748,1593
14510.400006,828,1592
14510.405006,961,1595
14510.410006,817,1590
14510.415006,798,1596
14510.420005,981,1583
14510.425005,929,1588
14510.430005,776,1591
14510.435005,919,1589
14510.440005,941,1585
14510.445007,746,1586
14510.450006,829,1592
14510.455006,967,1588
14510.460006,806,1589
14510.465006,817,1589
14510.470006,977,1590
14510.475007,914,1585
14510.480005,780,1594
14510.485006,928,1592
14510.490007,936,1594
14510.495006,745,1596
14510.500006,826,1594
14510.505007,970,1593
14510.510006,803,1594
14510.515006,808,1590
14510.520006,983,1597
14510.525006,913,1594
14510.530006,764,1597
14510.535006,939,1597
14510.540005,940,1595
14510.545007,748,1598
14510.550006,814,1599
14510.555006,984,1600
14510.560006,804,1598
14510.565006,794,1601
14510.570006,989,1600
14510.575006,913,1601
14510.580005,784,1596
14510.585006,933,1598
14510.590006,933,1600
14510.595006,762,1605
14510.600005,813,1605
14510.605006,983,1601
14510.610006,805,1600
14510.615006,819,1598
14510.620006,984,1601
14510.625006,909,1606
14510.630007,785,1603
14510.635006,932,1603
14510.640006,932,1605
14510.645006,748,1604
14510.650006,815,1608
14510.655006,976,1601
14510.660006,809,1604
14510.665006,797,1608
14510.670005,997,1605
14510.675006,930,1605
14510.680005,767,1609
14510.685006,922,1609
14510.690005,946,1607
14510.695006,753,1612
14510.700005,819,1605
14510.705006,979,1603
14510.710006,818,1608
14510.715006,801,1610
14510.720006,976,1612
14510.725005,917,1612
14510.730006,781,1606
14510.735006,946,1608
14510.740006,942,1610
14510.745005,761,1613
14510.750007,825,1611
14510.755006,965,1613
14510.760006,817,1608
14510.765006,814,1613
14510.770006,977,1613
14510.775005,912,1614
14510.780005,787,1611
14510.785007,922,1614
14510.790007,930,1610
14510.795005,772,1608
14510.800006,828,1609
14510.805006,962,1609
14510.810007,820,1603
14510.815005,812,1602
14510.820006,973,1607
14510.825007,925,1604
14510.830007,761,1606
14510.835006,935,1603
14510.840005,935,1604
14510.845007,749,1604
14510.850006,837,1600
14510.855006,974,1600
14510.860005,803,1603
14510.865007,796,1599
14510.870006,997,1595
14510.875006,926,1598
14510.880007,769,1595
14510.885005,924,1598
14510.890007,949,1594
14510.895006,751,1596
14510.900007,836,1590
14510.905006,977,1595
14510.910006,804,1594
14510.915007,793,1595
14510.920007,986,1594
14510.925007,923,1594
14510.930006,773,1594
14510.935006,927,1595
14510.940006,926,1596
14510.945006,764,1593
14510.950006,836,1593
14510.955005,973,1599
14510.960006,810,1600
14510.965005,798,1597
14510.970006,986,1597
14510.975006,923,1601
14510.980007,767,1600
14510.985006,945,1599
14510.990006,947,1600
14510.995006,767,1595
14511.000005,820,1600
14511.005006,962,1598
14511.010006,805,1598
14511.015007,808,1598
14511.020005,974,1603
14511.025006,911,1600
14511.030005,780,1601
14511.035006,938,1598
14511.040006,941,1598
14511.045005,759,1598
14511.050005,825,1598
14511.055005,969,1598
14511.060006,805,1600
14511.065007,801,1597
14511.070007,997,1598
14511.075006,921,1598
14511.080006,779,1597
14511.085007,937,1598
14511.090006,941,1597
14511.095006,761,1593
14511.100005,821,1597
14511.105006,966,1599
14511.110005,809,1596
14511.115007,801,1597
14511.120007,997,1593
14511.125005,922,1595
14511.130005,782,1591
14511.135006,939,1594
14511.140006,928,1596
14511.145006,767,1595
14511.150007,829,1594
14511.155007,967,1595
14511.160007,801,1599
14511.165007,818,1594
14511.170006,984,1594
14511.175006,924,1597
14511.180005,780,1595
14511.185006,937,1595
14511.190006,943,1596
14511.195007,749,1600
14511.200006,831,1601
14511.205006,985,1597
14511.210006,816,1601
14511.215006,808,1604
14511.220006,972,1612
14511.225006,937,1609
14511.230006,783,1607
14511.235006,932,1608
14511.240007,929,1612
14511.245005,773,1605
14511.250006,832,1614
14511.255006,970,1611
14511.260005,806,1611
14511.265006,806,1616
14511.270006,976,1617
14511.275006,914,1615
14511.280006,789,1612
14511.285006,928,1615
14511.290007,945,1614
14511.295005,758,1618
14511.300005,817,1617
14511.305005,982,1610
14511.310006,820,1617
14511.315006,807,1616
14511.320006,984,1617
14511.325007,938,1619
14511.330005,767,1619
14511.335005,936,1612
14511.340006,948,1620
14511.345006,763,1622
14511.350005,820,1621
14511.355006,985,1619
14511.360006,809,1623
14511.365006,805,1619
14511.370005,994,1620
14511.375006,931,1621
14511.380005,775,1624
14511.385006,929,1622
14511.390007,933,1624
14511.395005,771,1620
14511.400006,819,1624
14511.405006,982,1616
14511.410006,814,1617
14511.415006,795,1620
14511.420006,992,1616
14511.425006,933,1616
14511.430005,764,1619
14511.435006,927,1612
14511.440005,933,1613
14511.445006,774,1608
14511.450005,833,1609
14511.455006,968,1610
14511.460007,804,1611
14511.465005,821,1602
14511.470006,987,1604
14511.475006,914,1606
14511.480006,787,1603
14511.485005,934,1600
14511.490007,936,1599
14511.495007,753,1599
14511.500006,830,1594
14511.505006,959,1598
14511.510006,816,1595
14511.515006,806,1594
14511.520005,974,1599
14511.525007,935,1598
14511.530006,774,1596
14511.535006,924,1597
14511.540006,929,1599
14511.545007,768,1599
14511.550006,821,1597
14511.555005,962,1602
14511.560007,819,1599
14511.565005,807,1599
14511.570005,977,1601
14511.575005,926,1599
14511.580006,771,1601
14511.585006,935,1594
14511.590005,947,1606
14511.595006,768,1601
14511.600006,815,1604
14511.605006,984,1601
14511.610007,804,1602
14511.615006,799,1605
14511.620006,998,1600
14511.625005,917,1602
14511.630005,781,1603
14511.635006,928,1603
14511.640006,950,1602
14511.645005,747,1607
14511.650007,833,1603
14511.655007,962,1603
14511.660007,823,1606
14511.665007,808,1605
14511.670006,972,1608
14511.675006,917,1599
14511.680005,781,1608
14511.685006,929,1609
14511.690006,934,1609
14511.695006,765,1611
14511.700005,815,1612
14511.705007,965,1613
14511.710006,821,1602
14511.715006,812,1613
14511.720007,973,1620
14511.725005,936,1614
14511.730007,778,1615
14511.735006,932,1617
14511.740007,950,1614
14511.745007,768,1613
14511.750006,816,1621
14511.755006,975,1616
14511.760005,826,1618
14511.765006,810,1616
14511.770006,977,1617
14511.775007,913,1619
14511.780006,783,1618
14511.785006,944,1619
14511.790006,939,1618
14511.795005,750,1623
14511.800006,834,1623
14511.805005,979,1620
14511.810006,815,1622
14511.815006,804,1625
14511.820006,973,1628
14511.825005,927,1625
14511.830006,782,1622
14511.835006,925,1630
14511.840005,954,1630
14511.845006,762,1628
14511.850005,823,1632
14511.855007,986,1630
14511.860006,807,1632
14511.865006,798,1635
14511.870005,1004,1628
14511.875006,928,1631
14511.880006,767,1635
14511.885006,940,1633
14511.890006,950,1634
14511.895006,751,1634
14511.900007,818,1631
14511.905006,975,1631
14511.910005,804,1632
14511.915005,819,1630
14511.920007,986,1630
14511.925006,921,1627
14511.930005,786,1631
14511.935007,931,1631
14511.940006,938,1630
14511.945007,769,1621
14511.950006,829,1627
14511.955005,967,1628
14511.960005,827,1627
14511.965006,814,1625
14511.970006,973,1629
14511.975005,933,1619
14511.980006,785,1627
14511.985006,928,1626
14511.990006,934,1624
14511.995005,774,1622
14512.000006,820,1620
14512.005007,965,1621
14512.010006,806,1625
14512.015007,821,1616
14512.020007,984,1620
14512.025006,914,1623
14512.030005,783,1611
14512.035006,941,1614
14512.040007,934,1617
14512.045005,768,1613
14512.050005,819,1613
14512.055005,961,1612
14512.060007,818,1609
14512.065007,797,1611
14512.070005,995,1607
14512.075006,922,1606
14512.080005,768,1608
14512.085005,943,1606
14512.090006,942,1605
14512.095006,757,1604
14512.100005,813,1607
14512.105006,979,1604
14512.110006,803,1602
14512.115007,815,1604
14512.120006,978,1603
14512.125006,914,1602
14512.130006,767,1604
14512.135005,939,1601
14512.140007,934,1601
14512.145006,769,1598
14512.150007,827,1601
14512.155007,961,1604
14512.160005,820,1606
14512.165006,806,1602
14512.170005,973,1603
14512.175006,936,1602
14512.180006,773,1603
14512.185006,918,1603
14512.190006,949,1604
14512.195006,756,1602
14512.200006,827,1599
14512.205005,969,1598
14512.210005,804,1603
14512.215007,811,1602
14512.220006,973,1605
14512.225006,927,1602
14512.230007,780,1600
14512.235006,923,1601
14512.240006,951,1594
14512.245006,756,1598
14512.250005,821,1603
14512.255005,967,1596
14512.260007,802,1601
14512.265006,799,1602
14512.270005,970,1601
14512.275006,931,1600
14512.280007,765,1598
14512.285006,924,1601
14512.290007,940,1600
14512.295006,773,1600
14512.300006,817,1601
14512.305006,978,1600
14512.310006,814,1598
14512.315006,795,1598
14512.320006,986,1601
14512.325006,933,1598
14512.330005,776,1598
14512.335005,926,1596
14512.340006,938,1596
14512.345007,762,1591
14512.350006,832,1595
14512.355007,960,1601
14512.360006,817,1595
14512.365005,802,1595
14512.370005,972,1597
14512.375006,926,1593
14512.380007,767,1593
14512.385005,922,1597
14512.390006,949,1590
14512.395005,757,1598
14512.400006,814,1593
14512.405005,977,1593
14512.410006,799,1594
14512.415006,813,1593
14512.420006,971,1599
14512.425007,927,1595
14512.430006,771,1593
14512.435007,943,1594
14512.440005,941,1597
14512.445007,745,1600
14512.450007,832,1593
14512.455006,958,1595
14512.460006,816,1589
14512.465005,793,1594
14512.470007,986,1592
14512.475007,912,1594
14512.480005,783,1590
14512.485005,932,1590
14512.490006,947,1591
14512.495006,756,1591
14512.500005,815,1591
14512.505006,964,1584
14512.510005,819,1587
14512.515006,808,1591
14512.520005,976,1589
14512.525007,927,1587
14512.530006,780,1590
14512.535006,925,1590
14512.540006,926,1594
14512.545006,751,1591
14512.550006,830,1591
14512.555006,970,1592
14512.560005,808,1589
14512.565006,799,1593
14512.570007,992,1589
14512.575006,924,1592
14512.580006,765,1592
14512.585006,937,1589
14512.590006,933,1590
14512.595006,751,1591
14512.600006,822,1591
14512.605007,964,1595
14512.610006,801,1595
14512.615006,814,1595
14512.620006,983,1595
14512.625006,921,1596
14512.630006,764,1599
14512.635005,944,1600
14512.640007,940,1599
14512.645006,763,1599
14512.650007,823,1602
14512.655006,976,1600
14512.660007,809,1606
14512.665006,796,1607
14512.670005,981,1610
14512.675005,917,1611
14512.680005,782,1609
14512.685007,923,1611
14512.690005,947,1610
14512.695007,749,1610
14512.700007,825,1610
14512.705005,969,1608
14512.710005,817,1609
14512.715007,808,1603
14512.720007,982,1609
14512.725005,920,1609
14512.730006,792,1608
14512.735006,941,1611
14512.740006,938,1613
14512.745006,749,1611
14512.750006,831,1612
14512.755006,965,1614
14512.760005,818,1614
14512.765006,818,1613
14512.770006,975,1616
14512.775007,936,1618
14512.780006,775,1617
14512.785005,927,1615
14512.790006,949,1618
14512.795006,759,1621
14512.800007,817,1622
14512.805005,980,1620
14512.810006,821,1620
14512.815005,799,1622
14512.820007,992,1620
14512.825007,916,1621
14512.830006,788,1620
14512.835006,931,1623
14512.840006,951,1621
14512.845006,757,1620
14512.850006,836,1620
14512.855007,964,1622
14512.860006,820,1624
14512.865007,796,1625
14512.870006,988,1623
14512.875006,918,1621
14512.880006,781,1620
14512.885006,937,1622
14512.890007,939,1624
14512.895005,756,1620
14512.900006,816,1625
14512.905006,988,1619
14512.910007,812,1619
14512.915006,824,1615
14512.920005,985,1619
14512.925006,916,1621
14512.930006,765,1621
14512.935007,946,1620
14512.940006,946,1621
14512.945007,755,1621
14512.950006,817,1621
14512.955005,982,1622
14512.960005,821,1622
14512.965006,801,1625
14512.970006,997,1620
14512.975006,920,1621
14512.980006,769,1622
14512.985006,950,1620
14512.990006,943,1617
14512.995006,751,1619
14513.000006,818,1618
14513.005006,984,1616
14513.010005,811,1614
14513.015005,798,1614
14513.020006,991,1611
14513.025007,916,1614
14513.030005,781,1611
14513.035006,926,1614
14513.040006,947,1610
14513.045006,751,1612
14513.050007,838,1609
14513.055006,986,1608
14513.060006,813,1608
14513.065006,802,1602
14513.070006,987,1607
14513.075006,924,1608
14513.080006,765,1611
14513.085006,938,1611
14513.090006,941,1608
14513.095006,753,1613
14513.100006,833,1611
14513.105006,974,1611
14513.110005,807,1612
14513.115006,796,1611
14513.120005,991,1610
14513.125006,935,1612
14513.130006,774,1613
14513.135006,927,1612
14513.140006,932,1614
14513.145005,772,1611
14513.150006,838,1607
14513.155007,965,1613
14513.160006,804,1609
14513.165006,818,1611
14513.170006,986,1613
14513.175006,918,1614
14513.180006,768,1611
14513.185005,950,1606
14513.190005,938,1612
14513.195007,752,1609
14513.200006,834,1607
14513.205005,974,1610
14513.210006,813,1606
14513.215005,802,1609
14513.220006,989,1607
14513.225007,916,1610
14513.230006,786,1605
14513.235005,935,1607
14513.240006,940,1611
14513.245005,773,1602
14513.250006,831,1605
14513.255006,958,1610
14513.260005,821,1607
14513.265007,810,1608
14513.270006,990,1603
14513.275007,922,1609
14513.280006,770,1608
14513.285006,938,1611
14513.290007,936,1609
14513.295006,749,1612
14513.300007,835,1609
14513.305005,972,1613
14513.310006,803,1614
14513.315006,815,1608
14513.320007,978,1612
14513.325007,919,1615
14513.330006,789,1614
14513.335006,933,1612
14513.340005,938,1613
14513.345006,754,1615
14513.350005,836,1614
14513.355006,967,1615
14513.360006,826,1611
14513.365006,811,1612
14513.370006,978,1610
14513.375005,928,1613
14513.380005,772,1610
14513.385007,930,1609
14513.390006,932,1605
14513.395005,762,1606
14513.400006,815,1605
14513.405006,982,1606
14513.410007,801,1608
14513.415006,814,1604
14513.420005,982,1608
14513.425005,913,1609
14513.430005,787,1605
14513.435006,942,1606
14513.440005,945,1608
14513.445006,767,1604
14513.450006,830,1605
14513.455006,977,1608
14513.460006,807,1608
14513.465006,813,1609
14513.470006,990,1610
14513.475005,913,1612
14513.480007,788,1613
14513.485007,948,1611
14513.490007,947,1615
14513.495006,765,1613
14513.500006,820,1614
14513.505006,984,1614
14513.510005,811,1611
14513.515007,804,1613
14513.520005,976,1613
14513.525005,938,1611
14513.530005,776,1616
14513.535007,929,1618
14513.540006,950,1614
14513.545006,765,1615
14513.550007,820,1616
14513.555007,961,1616
14513.560006,824,1616
14513.565006,802,1614
14513.570007,997,1614
14513.575007,931,1611
14513.580006,764,1613
14513.585006,943,1613
14513.590005,932,1612
14513.595007,772,1607
14513.600005,825,1600
14513.605006,973,1609
14513.610006,824,1606
14513.615007,801,1608
14513.620006,986,1606
14513.625005,924,1606
14513.630006,781,1605
14513.635005,926,1604
14513.640007,929,1605
14513.645005,771,1601
14513.650007,825,1600
14513.655005,962,1605
14513.660006,802,1603
14513.665006,817,1602
14513.670006,982,1603
14513.675006,934,1599
14513.680006,763,1605
14513.685006,931,1603
14513.690006,933,1606
14513.695007,759,1608
14513.700006,827,1606
14513.705006,965,1609
14513.710006,820,1604
14513.715006,807,1611
14513.720006,980,1609
14513.725005,927,1606
14513.730007,787,1613
14513.735007,923,1615
14513.740007,946,1612
14513.745006,754,1616
14513.750005,831,1615
14513.755005,984,1610
14513.760006,805,1613
14513.765007,801,1614
14513.770006,991,1608
14513.775006,925,1614
14513.780005,763,1615
14513.785006,937,1613
14513.790006,934,1613
14513.795005,765,1614
14513.800006,822,1614
14513.805006,965,1612
14513.810007,804,1614
14513.815006,796,1613
14513.820006,995,1612
14513.825006,927,1612
14513.830006,780,1613
14513.835007,930,1615
14513.840005,933,1617
14513.845006,745,1623
14513.850006,832,1617
14513.855007,965,1619
14513.860006,819,1615
14513.865006,804,1616
14513.870006,969,1622
14513.875006,931,1617
14513.880006,768,1620
14513.885006,940,1612
14513.890007,942,1619
14513.895005,757,1615
14513.900005,815,1617
14513.905005,985,1617
14513.910006,807,1619
14513.915006,797,1621
14513.920005,988,1620
14513.925005,920,1612
14513.930006,768,1621
14513.935007,935,1617
14513.940005,938,1618
14513.945007,764,1611
14513.950007,827,1617
14513.955007,964,1615
14513.960006,799,1619
14513.965006,798,1618
14513.970006,984,1608
14513.975006,926,1613
14513.980006,781,1606
14513.985006,932,1611
14513.990007,928,1612
14513.995006,768,1609
14514.000006,836,1607
14514.005006,974,1609
14514.010005,820,1609
14514.015006,799,1606
14514.020006,972,1611
14514.025007,933,1608
14514.030007,769,1608
14514.035005,925,1608
14514.040005,945,1607
14514.045006,756,1601
14514.050007,828,1609
14514.055006,969,1609
14514.060006,799,1610
14514.065006,805,1611
14514.070006,977,1612
14514.075006,930,1607
14514.080006,787,1609
14514.085006,926,1612
14514.090005,953,1612
14514.095007,754,1612
14514.100006,837,1607
14514.105006,972,1606
14514.110006,811,1605
14514.115006,799,1599
14514.120005,988,1602
14514.125007,909,1597
14514.130006,782,1594
14514.135006,928,1594
14514.140006,933,1593
14514.145007,754,1590
14514.150006,824,1592
14514.155005,962,1593
14514.160006,803,1589
14514.165007,813,1589
14514.170005,976,1589
14514.175005,911,1589
14514.180006,785,1585
14514.185006,925,1586
14514.190005,944,1586
14514.195006,763,1590
14514.200006,819,1585
14514.205006,958,1592
14514.210006,816,1590
14514.215005,801,1592
14514.220007,993,1590
14514.225005,921,1591
14514.230006,763,1590
14514.235006,941,1588
14514.240006,932,1593
14514.245005,766,1590
14514.250006,820,1588
14514.255007,963,1589
14514.260005,815,1578
14514.265007,799,1588
14514.270006,972,1589
14514.275006,928,1588
14514.280005,761,1587
14514.285006,924,1589
14514.290006,945,1588
14514.295006,749,1591
14514.300006,836,1590
14514.305006,967,1592
14514.310006,799,1595
14514.315005,819,1593
14514.320007,980,1595
14514.325007,921,1596
14514.330006,780,1593
14514.335006,940,1597
14514.340005,943,1597
14514.345005,751,1599
14514.350005,810,1598
14514.355006,980,1600
14514.360006,809,1602
14514.365007,801,1606
14514.370006,989,1606
14514.375005,930,1609
14514.380005,775,1612
14514.385006,924,1615
14514.390006,945,1614
14514.395005,748,1619
14514.400007,810,1622
14514.405006,959,1625
14514.410006,821,1624
14514.415006,809,1627
14514.420006,972,1629
14514.425006,912,1630
14514.430006,774,1630
14514.435007,929,1631
14514.440006,949,1628
14514.445006,758,1632
14514.450005,816,1636
14514.455006,979,1630
14514.460006,811,1631
14514.465006,797,1637
14514.470006,993,1637
14514.475006,913,1638
14514.480007,773,1638
14514.485006,924,1639
14514.490007,949,1638
14514.495006,756,1634
14514.500006,830,1639
14514.505007,967,1637
14514.510005,816,1632
14514.515007,812,1636
14514.520006,974,1642
14514.525006,918,1635
14514.530005,781,1639
14514.535006,931,1636
14514.540007,949,1634
14514.545005,755,1640
14514.550005,838,1637
14514.555006,983,1637
14514.560006,812,1635
14514.565006,799,1636
14514.570005,992,1626
14514.575006,933,1634
14514.580005,777,1632
14514.585005,932,1635
14514.590006,936,1634
14514.595007,760,1627
14514.600005,829,1632
14514.605005,982,1629
14514.610006,810,1632
14514.615006,824,1631
14514.620005,979,1630
14514.625007,930,1620
14514.630006,776,1626
14514.635006,928,1627
14514.640006,936,1628
14514.645007,768,1622
14514.650005,820,1625
14514.655006,962,1626
14514.660007,809,1625
14514.665007,802,1614
14514.670006,988,1616
14514.675006,923,1615
14514.680006,768,1614
14514.685006,948,1614
14514.690006,941,1610
14514.695006,754,1612
14514.700006,839,1604
14514.705005,971,1609
14514.710005,818,1605
14514.715006,818,1601
14514.720006,984,1598
14514.725005,914,1601
14514.730006,783,1597
14514.735006,930,1596
14514.740005,944,1589
14514.745005,759,1596
14514.750006,816,1593
14514.755006,982,1593
14514.760005,804,1595
14514.765006,816,1595
14514.770006,984,1594
14514.775006,918,1598
14514.780006,784,1595
14514.785006,931,1595
14514.790006,925,1596
14514.795007,765,1597
14514.800006,811,1592
14514.805005,963,1596
14514.810006,822,1591
14514.815005,796,1595
14514.820006,988,1597
14514.825005,916,1600
14514.830006,762,1597
14514.835006,940,1597
14514.840006,929,1597
14514.845006,769,1597
14514.850006,812,1600
14514.855007,957,1602
14514.860007,812,1599
14514.865005,812,1599
14514.870005,969,1603
14514.875007,925,1601
14514.880007,767,1603
14514.885006,924,1604
14514.890006,944,1597
14514.895006,768,1602
14514.900005,812,1608
14514.905005,957,1606
14514.910005,820,1605
14514.915005,808,1603
14514.920005,975,1606
14514.925005,929,1604
14514.930005,776,1605
14514.935006,921,1605
14514.940006,927,1607
14514.945006,762,1602
14514.950006,818,1607
14514.955005,969,1604
14514.960006,805,1606
14514.965006,815,1598
14514.970007,994,1609
14514.975006,928,1608
14514.980007,763,1609
14514.985006,925,1605
14514.990007,940,1608
14514.995006,767,1610
14515.000005,820,1613
14515.005005,965,1613
14515.010007,821,1612
14515.015006,805,1612
14515.020006,977,1617
14515.025006,914,1615
14515.030006,765,1619
14515.035007,943,1614
14515.040005,945,1614
14515.045006,755,1614
14515.050007,819,1617
14515.055006,961,1616
14515.060006,819,1618
14515.065006,807,1615
14515.070006,994,1614
14515.075006,933,1615
14515.080005,774,1617
14515.085005,928,1617
14515.090006,947,1617
14515.095006,752,1620
14515.100007,831,1618
14515.105006,965,1620
14515.110005,810,1621
14515.115006,800,1620
14515.120005,999,1624
14515.125007,921,1622
14515.130006,768,1628
14515.135006,925,1628
14515.140006,952,1626
14515.145006,757,1627
14515.150006,824,1633
14515.155005,963,1632
14515.160007,822,1629
14515.165006,808,1630
14515.170007,978,1632
14515.175007,925,1622
14515.180006,787,1635
14515.185007,936,1631
14515.190007,934,1632
14515.195005,756,1632
14515.200005,815,1632
14515.205006,980,1629
14515.210007,808,1627
14515.215006,822,1626
14515.220006,984,1624
14515.225007,918,1624
14515.230005,772,1623
14515.235005,925,1624
14515.240006,946,1619
14515.245006,770,1623
14515.250005,826,1621
14515.255005,961,1622
14515.260007,818,1622
14515.265007,803,1619
14515.270005,978,1624
14515.275006,914,1622
14515.280006,788,1617
14515.285006,937,1617
14515.290007,940,1616
14515.295007,765,1620
14515.300006,819,1618
14515.305006,977,1610
14515.310006,802,1615
14515.315006,796,1617
14515.320006,992,1612
14515.325006,918,1612
14515.330005,780,1608
14515.335005,931,1608
14515.340006,936,1610
14515.345007,751,1607
14515.350006,838,1605
14515.355007,976,1605
14515.360006,815,1604
14515.365006,798,1604
14515.370006,968,1603
14515.375005,911,1605
14515.380006,783,1603
14515.385006,929,1600
14515.390006,944,1602
14515.395005,763,1597
14515.400006,825,1599
14515.405005,958,1599
14515.410007,818,1598
14515.415007,799,1596
14515.420006,988,1594
14515.425005,916,1596
14515.430005,760,1597
14515.435006,946,1593
14515.440007,936,1596
14515.445005,752,1594
14515.450006,828,1590
14515.455005,973,1594
14515.460005,804,1594
14515.465006,803,1587
14515.470007,968,1597
14515.475006,923,1595
14515.480006,770,1597
14515.485005,928,1595
14515.490006,933,1596
14515.495006,765,1598
14515.500005,822,1594
14515.505005,959,1599
14515.510006,818,1603
14515.515007,811,1597
14515.520006,981,1601
14515.525007,910,1605
14515.530006,776,1604
14515.535006,934,1606
14515.540006,936,1606
14515.545007,752,1609
14515.550006,820,1606
14515.555006,958,1610
14515.560006,823,1605
14515.565007,804,1603
14515.570005,973,1606
14515.575006,933,1599
14515.580006,772,1598
14515.585006,933,1603
14515.590006,933,1601
14515.595007,748,1599
14515.600006,828,1590
14515.605006,972,1601
14515.610005,800,1603
14515.615006,813,1599
14515.620005,977,1599
14515.625006,908,1603
14515.630006,781,1600
14515.635005,930,1601
14515.640006,934,1604
14515.645006,747,1603
14515.650006,825,1604
14515.655006,969,1603
14515.660006,803,1597
14515.665006,795,1605
14515.670005,990,1601
14515.675005,926,1605
14515.680005,763,1605
14515.685007,943,1599
14515.690005,946,1600
14515.695006,761,1600
14515.700007,825,1597
14515.705007,958,1599
14515.710006,814,1595
14515.715007,798,1595
14515.720006,988,1596
14515.725006,917,1595
14515.730005,760,1595
14515.735006,937,1594
14515.740005,939,1597
14515.745005,750,1594
14515.750006,826,1588
14515.755006,964,1590
14515.760005,800,1585
14515.765006,812,1592
14515.770005,975,1593
14515.775006,922,1585
14515.780006,772,1590
14515.785006,920,1594
14515.790006,923,1588
14515.795005,763,1589
14515.800005,813,1591
14515.805005,974,1590
14515.810006,795,1594
14515.815005,815,1593
14515.820007,982,1590
14515.825005,914,1585
14515.830006,763,1592
14515.835007,922,1592
14515.840005,949,1586
14515.845006,758,1593
14515.850007,815,1594
14515.855005,981,1587
14515.860005,811,1590
14515.865007,800,1594
14515.870007,972,1593
14515.875006,911,1594
14515.880007,778,1586
14515.885006,930,1589
14515.890006,950,1589
14515.895006,752,1592
14515.900006,823,1588
14515.905006,964,1590
14515.910006,795,1599
14515.915006,806,1590
14515.920006,972,1594
14515.925006,931,1591
14515.930006,764,1592
14515.935006,932,1589
14515.940006,934,1589
14515.945006,751,1584
14515.950006,825,1587
14515.955006,958,1593
14515.960006,813,1588
14515.965005,793,1593
14515.970006,985,1587
14515.975005,922,1586
14515.980006,766,1592
14515.985005,945,1587
14515.990007,927,1589
14515.995006,743,1592
14516.000007,822,1590
14516.005006,965,1590
14516.010005,799,1595
14516.015007,798,1594
14516.020006,995,1594
14516.025006,915,1595
14516.030006,762,1600
14516.035005,946,1595
14516.040005,936,1597
14516.045006,750,1597
14516.050005,834,1597
14516.055006,963,1600
14516.060007,811,1589
14516.065006,793,1602
14516.070006,989,1602
14516.075005,925,1602
14516.080006,764,1602
14516.085006,932,1597
14516.090006,943,1601
14516.095007,751,1604
14516.100005,816,1606
14516.105006,975,1604
14516.110005,803,1608
14516.115006,814,1605
14516.120005,982,1606
14516.125006,921,1608
14516.130006,781,1610
14516.135007,933,1611
14516.140006,930,1610
14516.145005,756,1605
14516.150006,828,1610
14516.155006,966,1611
14516.160006,803,1614
14516.165006,798,1613
14516.170005,988,1613
14516.175005,919,1616
14516.180006,777,1616
14516.185006,926,1619
14516.190006,953,1618
14516.195006,757,1618
14516.200006,816,1620
14516.205006,980,1614
14516.210006,812,1620
14516.215005,815,1619
14516.220006,978,1620
14516.225007,914,1625
14516.230006,782,1617
14516.235006,942,1618
14516.240006,936,1619
14516.245005,753,1620
14516.250006,834,1620
14516.255006,967,1615
14516.260006,824,1624
14516.265007,808,1619
14516.270005,988,1617
14516.275006,914,1619
14516.280006,784,1616
14516.285007,940,1617
14516.290006,932,1616
14516.295006,762,1612
14516.300006,826,1614
14516.305007,977,1612
14516.310006,805,1617
14516.315007,807,1608
14516.320005,989,1613
14516.325006,913,1615
14516.330006,788,1610
14516.335006,933,1611
14516.340005,930,1604
14516.345006,765,1596
14516.350006,820,1607
14516.355007,978,1604
14516.360006,819,1600
14516.365007,799,1602
14516.370006,972,1603
14516.375005,930,1597
14516.380006,766,1597
14516.385005,945,1590
14516.390006,941,1592
14516.395006,747,1595
14516.400006,831,1590
14516.405005,963,1593
14516.410006,803,1587
14516.415006,814,1589
14516.420006,974,1589
14516.425006,927,1584
14516.430006,785,1587
14516.435007,936,1589
14516.440007,933,1589
14516.445005,747,1589
14516.450005,834,1588
14516.455006,970,1589
14516.460006,800,1588
14516.465006,795,1587
14516.470007,986,1585
14516.475006,917,1587
14516.480006,768,1587
14516.485005,940,1587
14516.490006,946,1587
14516.495005,752,1588
14516.500007,817,1587
14516.505006,980,1588
14516.510005,804,1590
14516.515007,792,1594
14516.520006,992,1587
14516.525007,919,1595
14516.530006,764,1596
14516.535006,923,1595
14516.540007,940,1598
14516.545005,757,1601
14516.550005,817,1597
14516.555005,966,1597
14516.560007,821,1600
14516.565006,810,1603
14516.570007,984,1599
14516.575007,912,1602
14516.580005,765,1604
14516.585005,942,1598
14516.590006,940,1598
14516.595006,753,1600
14516.600005,825,1598
14516.605006,959,1602
14516.610005,802,1604
14516.615006,798,1603
14516.620006,997,1603
14516.625005,918,1602
14516.630005,769,1605
14516.635006,926,1606
14516.640007,949,1603
14516.645006,762,1608
14516.650006,813,1609
14516.655006,978,1602
14516.660005,821,1605
14516.665005,811,1612
14516.670006,984,1610
14516.675006,918,1616
14516.680006,792,1610
14516.685006,946,1614
14516.690005,946,1621
14516.695006,760,1619
14516.700006,825,1621
14516.705005,970,1621
14516.710005,803,1627
14516.715006,817,1625
14516.720006,991,1626
14516.725005,917,1629
14516.730006,768,1630
14516.735006,952,1629
14516.740007,942,1631
14516.745006,753,1632
14516.750007,840,1634
14516.755006,970,1634
14516.760007,801,1635
14516.765006,820,1634
14516.770006,984,1637
14516.775006,916,1637
14516.780007,768,1641
14516.785005,952,1636
14516.790005,955,1638
14516.795007,762,1636
14516.800006,830,1634
14516.805006,972,1634
14516.810007,804,1637
14516.815006,826,1634
14516.820007,999,1634
14516.825007,923,1634
14516.830006,788,1634
14516.835007,947,1633
14516.840006,935,1631
14516.845006,749,1634
14516.850006,831,1628
14516.855006,966,1629
14516.860005,823,1627
14516.865006,817,1628
14516.870006,983,1627
14516.875005,919,1627
14516.880006,772,1617
14516.885005,942,1622
14516.890007,938,1624
14516.895006,751,1625
14516.900006,839,1623
14516.905005,978,1624
14516.910006,810,1625
14516.915007,804,1620
14516.920006,991,1618
14516.925007,923,1620
14516.930005,775,1617
14516.935007,929,1617
14516.940006,955,1612
14516.945006,766,1611
14516.950006,820,1609
14516.955006,965,1609
14516.960007,827,1604
14516.965006,807,1604
14516.970006,978,1603
14516.975005,934,1603
14516.980006,776,1599
14516.985006,933,1599
14516.990007,935,1597
14516.995007,751,1600
14517.000006,835,1593
14517.005006,967,1594
14517.010006,799,1595
14517.015006,822,1593
14517.020005,989,1592
14517.025006,915,1594
14517.030006,782,1592
14517.035006,929,1594
14517.040006,950,1593
14517.045006,767,1592
14517.050007,823,1591
14517.055005,962,1589
14517.060006,813,1590
14517.065005,798,1594
14517.070006,975,1592
14517.075005,935,1592
14517.080006,773,1590
14517.085006,931,1589
14517.090005,934,1592
14517.095006,749,1595
14517.100006,836,1592
14517.105005,982,1590
14517.110005,816,1590
14517.115006,802,1590
14517.120005,972,1593
14517.125007,929,1592
14517.130007,768,1591
14517.135007,924,1594
14517.140006,949,1592
14517.145007,756,1591
14517.150006,832,1594
14517.155005,965,1592
14517.160005,820,1592
14517.165005,799,1594
14517.170006,969,1596
14517.175006,927,1593
14517.180006,767,1596
14517.185006,925,1597
14517.190005,950,1594
14517.195007,762,1596
14517.200006,818,1596
14517.205006,977,1595
14517.210007,817,1596
14517.215006,804,1595
14517.220006,968,1597
14517.225005,930,1599
14517.230006,773,1598
14517.235005,923,1602
14517.240007,950,1601
14517.245007,763,1604
14517.250006,812,1606
14517.255007,981,1605
14517.260006,810,1607
14517.265006,799,1606
14517.270006,994,1609
14517.275006,916,1611
14517.280006,778,1608
14517.285006,944,1616
14517.290006,939,1613
14517.295006,750,1614
14517.300007,833,1614
14517.305005,972,1620
14517.310006,798,1618
14517.315005,810,1618
14517.320006,976,1619
14517.325005,913,1617
14517.330006,768,1618
14517.335007,952,1618
14517.340005,941,1619
14517.345006,755,1617
14517.350005,821,1619
14517.355006,985,1619
14517.360006,804,1621
14517.365006,806,1611
14517.370006,993,1618
14517.375005,931,1617
14517.380006,775,1622
14517.385006,931,1620
14517.390006,933,1622
14517.395006,755,1622
14517.400006,841,1622
14517.405006,974,1620
14517.410007,808,1621
14517.415006,805,1622
14517.420005,988,1622
14517.425005,921,1627
14517.430006,769,1628
14517.435007,948,1624
14517.440006,955,1622
14517.445005,762,1627
14517.450005,818,1630
14517.455006,980,1629
14517.460006,804,1625
14517.465005,799,1630
14517.470006,997,1623
14517.475006,923,1628
14517.480006,769,1627
14517.485005,946,1620
14517.490006,928,1628
14517.495005,754,1621
14517.500007,833,1624
14517.505006,963,1624
14517.510006,817,1618
14517.515006,810,1620
14517.520006,976,1625
14517.525006,929,1616
14517.530006,779,1619
14517.535006,930,1619
14517.540007,933,1623
14517.545005,773,1617
14517.550005,835,1617
14517.555005,973,1617
14517.560007,798,1618
14517.565006,800,1615
14517.570006,986,1614
14517.575006,924,1617
14517.580006,771,1615
14517.585007,946,1613
14517.590005,944,1616
14517.595006,757,1617
14517.600006,818,1616
14517.605007,976,1614
14517.610007,800,1611
14517.615006,819,1609
14517.620005,993,1610
14517.625006,919,1613
14517.630006,768,1612
14517.635006,931,1611
14517.640006,929,1616
14517.645005,767,1604
14517.650007,836,1609
14517.655007,961,1613
14517.660006,819,1608
14517.665006,815,1610
14517.670005,980,1607
14517.675005,915,1606
14517.680005,783,1602
14517.685006,932,1602
14517.690005,928,1603
14517.695005,765,1596
14517.700005,827,1597
14517.705006,961,1601
14517.710006,815,1594
14517.715005,804,1599
14517.720006,990,1593
14517.725006,922,1594
14517.730007,774,1585
14517.735007,940,1593
14517.740006,937,1596
14517.745005,748,1593
14517.750006,838,1588
14517.755007,960,1589
14517.760005,800,1589
14517.765006,801,1588
14517.770005,990,1581
14517.775006,929,1582
14517.780006,762,1585
14517.785006,927,1580
14517.790006,943,1578
14517.795006,756,1578
14517.800006,817,1578
14517.805006,980,1574
14517.810007,814,1575
14517.815006,800,1578
14517.820006,968,1578
14517.825006,923,1568
14517.830005,783,1576
14517.835006,925,1574
14517.840006,945,1574
14517.845007,756,1575
14517.850006,822,1575
14517.855007,960,1577
14517.860006,812,1576
14517.865006,807,1578
14517.870005,976,1578
14517.875006,909,1581
14517.880006,785,1578
14517.885005,937,1578
14517.890006,926,1583
14517.895007,764,1580
14517.900005,838,1581
14517.905005,970,1582
14517.910007,795,1583
14517.915007,802,1585
14517.920007,971,1584
14517.925006,926,1583
14517.930007,776,1585
14517.935006,930,1589
14517.940005,928,1589
14517.945006,767,1592
14517.950005,824,1591
14517.955006,964,1596
14517.960006,802,1595
14517.965007,798,1599
14517.970007,996,1598
14517.975005,915,1602
14517.980006,779,1596
14517.985006,943,1606
14517.990007,938,1605
14517.995006,756,1608
14518.000006,821,1608
14518.005006,981,1606
14518.010006,798,1608
14518.015006,818,1604
14518.020006,992,1608
14518.025006,927,1606
14518.030006,771,1606
14518.035006,950,1609
14518.040006,939,1609
14518.045005,760,1609
14518.050005,820,1608
14518.055005,961,1608
14518.060006,821,1609
14518.065005,816,1612
14518.070006,988,1610
14518.075005,918,1612
14518.080006,767,1616
14518.085005,956,1617
14518.090006,951,1615
14518.095005,762,1619
14518.100005,835,1620
14518.105006,980,1622
14518.110007,806,1627
14518.115005,818,1622
14518.120006,991,1624
14518.125005,932,1627
14518.130005,781,1628
14518.135007,927,1630
14518.140006,947,1627
14518.145005,752,1630
14518.150007,844,1636
14518.155006,976,1628
14518.160006,800,1629
14518.165006,819,1622
14518.170007,987,1630
14518.175007,921,1627
14518.180006,770,1632
14518.185006,954,1633
14518.190006,937,1632
14518.195007,761,1621
14518.200006,838,1628
14518.205007,964,1631
14518.210007,817,1628
14518.215006,804,1630
14518.220007,992,1628
14518.225005,929,1633
14518.230006,770,1628
14518.235007,948,1627
14518.240006,937,1629
14518.245006,748,1629
14518.250006,842,1627
14518.255006,970,1626
14518.260006,800,1630
14518.265007,817,1626
14518.270006,995,1627
14518.275006,915,1629
14518.280006,774,1620
14518.285006,938,1627
14518.290007,933,1626
14518.295007,755,1628
14518.300006,838,1628
14518.305005,970,1626
14518.310006,802,1626
14518.315005,806,1626
14518.320006,998,1626
14518.325006,913,1625
14518.330006,775,1621
14518.335006,944,1622
14518.340005,944,1618
14518.345006,768,1620
14518.350005,827,1619
14518.355006,968,1619
14518.360006,807,1616
14518.365007,802,1616
14518.370006,976,1611
14518.375006,916,1613
14518.380006,793,1612
14518.385005,940,1611
14518.390007,939,1610
14518.395007,755,1608
14518.400006,833,1604
14518.405006,963,1606
14518.410006,815,1606
14518.415006,800,1606
14518.420005,990,1604
14518.425005,921,1603
14518.430005,770,1603
14518.435007,929,1601
14518.440005,952,1599
14518.445006,764,1599
14518.450005,818,1601
14518.455005,978,1596
14518.460005,817,1600
14518.465006,801,1600
14518.470007,994,1601
14518.475005,915,1599
14518.480006,769,1602
14518.485006,925,1604
14518.490006,942,1602
14518.495007,751,1606
14518.500007,844,1603
14518.505007,972,1603
14518.510007,807,1603
14518.515006,798,1605
14518.520005,993,1602
14518.525006,913,1606
14518.530005,780,1597
14518.535006,934,1603
14518.540006,935,1602
14518.545005,762,1605
14518.550005,820,1607
14518.555005,959,1609
14518.560005,812,1601
14518.565005,809,1607
14518.570006,975,1605
14518.575005,928,1606
14518.580006,767,1607
14518.585006,946,1603
14518.590005,932,1610
14518.595007,750,1610
14518.600007,841,1606
14518.605005,962,1609
14518.610005,822,1604
14518.615006,804,1611
14518.620006,976,1611
14518.625005,930,1608
14518.630005,774,1609
14518.635007,947,1607
14518.640006,932,1614
14518.645005,772,1611
14518.650007,825,1612
14518.655006,960,1617
14518.660006,815,1614
14518.665006,811,1618
14518.670006,973,1618
14518.675006,925,1614
14518.680006,784,1608
14518.685007,939,1613
14518.690007,935,1617
14518.695005,751,1620
14518.700005,836,1615
14518.705006,967,1617
14518.710006,800,1614
14518.715006,826,1616
14518.720007,984,1614
14518.725005,928,1610
14518.730006,767,1616
14518.735005,950,1613
14518.740006,943,1612
14518.745006,764,1611
14518.750005,820,1615
14518.755006,980,1613
14518.760005,810,1612
14518.765006,814,1612
14518.770005,977,1616
14518.775007,913,1613
14518.780006,770,1609
14518.785006,931,1612
14518.790005,953,1611
14518.795006,777,1610
14518.800007,824,1614
14518.805006,963,1613
14518.810007,817,1609
14518.815007,814,1612
14518.820006,974,1620
14518.825005,922,1617
14518.830007,786,1617
14518.835007,937,1621
14518.840007,938,1618
14518.845005,771,1617
14518.850005,837,1616
14518.855007,961,1622
14518.860006,808,1612
14518.865006,810,1620
14518.870005,981,1620
14518.875006,911,1618
14518.880007,788,1618
14518.885006,935,1618
14518.890006,954,1616
14518.895005,764,1617
14518.900006,825,1615
14518.905006,968,1617
14518.910006,800,1617
14518.915006,822,1615
14518.920007,985,1612
14518.925006,915,1617
14518.930006,767,1615
14518.935006,948,1612
14518.940006,931,1617
14518.945007,761,1610
14518.950006,843,1611
14518.955005,969,1609
14518.960006,798,1614
14518.965005,820,1612
14518.970006,978,1614
14518.975006,910,1614
14518.980007,785,1614
14518.985006,933,1611
14518.990006,951,1610
14518.995006,760,1612
14519.000005,827,1613
14519.005005,964,1612
14519.010005,818,1611
14519.015007,803,1613
