t,x,y
14657.545006,822,1609
14657.550006,982,1609
14657.555006,890,1606
14657.560007,789,1610
14657.565006,941,1612
14657.570006,950,1609
14657.575005,754,1609
14657.580006,839,1602
14657.585007,973,1610
14657.590005,795,1605
14657.595006,809,1606
14657.600005,983,1605
14657.605007,891,1609
14657.610007,789,1603
14657.615006,957,1608
14657.620005,934,1606
14657.625006,747,1609
14657.630006,853,1608
14657.635005,966,1606
14657.640006,783,1610
14657.645006,824,1611
14657.650007,984,1611
14657.655006,896,1614
14657.660006,787,1611
14657.665006,940,1617
14657.670005,943,1612
14657.675005,757,1616
14657.680005,841,1616
14657.685006,956,1617
14657.690006,801,1611
14657.695006,813,1615
14657.700006,986,1615
14657.705005,904,1615
14657.710006,772,1617
14657.715005,966,1613
14657.720006,943,1620
14657.725006,759,1621
14657.730006,832,1623
14657.735006,957,1621
14657.740007,804,1617
14657.745006,814,1619
14657.750006,991,1617
14657.755006,902,1619
14657.760005,769,1625
14657.765007,967,1616
14657.770007,935,1619
14657.775005,759,1618
14657.780005,841,1618
14657.785007,965,1619
14657.790006,787,1619
14657.795005,819,1615
14657.800005,985,1616
14657.805005,904,1615
14657.810005,772,1618
14657.815005,963,1616
14657.820006,937,1617
14657.825005,749,1618
14657.830006,846,1613
14657.835006,959,1616
14657.840005,805,1622
14657.845006,803,1612
14657.850007,998,1610
14657.855005,907,1611
14657.860005,766,1614
14657.865006,945,1609
14657.870005,928,1613
14657.875007,766,1604
14657.880007,847,1608
14657.885007,963,1607
14657.890006,805,1606
14657.895006,797,1612
14657.900006,986,1602
14657.905005,898,1609
14657.910007,779,1604
14657.915006,935,1607
14657.920006,947,1604
14657.925006,759,1604
14657.930006,830,1606
14657.935006,961,1608
14657.940005,805,1604
14657.945005,804,1604
14657.950005,991,1601
14657.955006,915,1605
14657.960005,780,1608
14657.965006,946,1606
14657.970006,931,1604
14657.975005,749,1608
14657.980006,832,1607
14657.985006,966,1605
14657.990007,786,1608
14657.995007,813,1604
14658.000006,981,1602
14658.005006,898,1606
14658.010007,785,1603
14658.015007,942,1601
14658.020006,928,1604
14658.025006,764,1595
14658.030006,837,1600
14658.035006,963,1603
14658.040007,790,1601
14658.045006,813,1599
14658.050007,992,1601
14658.055005,906,1604
14658.060006,767,1606
14658.065006,954,1601
14658.070006,938,1605
14658.075006,753,1606
14658.080005,824,1614
14658.085005,978,1610
14658.090007,794,1614
14658.095006,821,1614
14658.100006,982,1616
14658.105006,903,1619
14658.110006,793,1618
14658.115006,952,1625
14658.120006,938,1626
14658.125006,773,1620
14658.130005,831,1624
14658.135006,963,1624
14658.140006,810,1628
14658.145005,807,1624
14658.150007,979,1619
14658.155006,923,1625
14658.160006,777,1622
14658.165006,952,1622
14658.170007,943,1623
14658.175007,750,1625
14658.180006,840,1624
14658.185006,968,1624
14658.190005,792,1627
14658.195006,826,1620
14658.200005,984,1626
14658.205006,909,1626
14658.210007,786,1628
14658.215006,942,1620
14658.220006,935,1626
14658.225006,774,1622
14658.230007,829,1618
14658.235005,981,1622
14658.240006,799,1622
14658.245006,803,1619
14658.250005,985,1624
14658.255006,906,1625
14658.260005,792,1625
14658.265006,940,1622
14658.270006,931,1625
14658.275006,770,1623
14658.280006,829,1628
14658.285006,965,1622
14658.290006,812,1620
14658.295005,808,1623
14658.300006,973,1625
14658.305006,928,1620
14658.310006,774,1621
14658.315006,930,1621
14658.320007,954,1619
14658.325006,760,1617
14658.330006,820,1615
14658.335006,972,1617
14658.340006,818,1615
14658.345006,806,1616
14658.350005,979,1614
14658.355006,930,1611
14658.360006,776,1610
14658.365007,929,1614
14658.370006,928,1612
14658.375006,767,1610
14658.380006,825,1611
14658.385006,964,1610
14658.390007,794,1612
14658.395006,814,1610
14658.400007,979,1609
14658.405006,912,1612
14658.410006,785,1613
14658.415006,931,1615
14658.420006,929,1616
14658.425006,770,1612
14658.430006,829,1613
14658.435007,961,1614
14658.440006,798,1613
14658.445007,815,1613
14658.450006,980,1613
14658.455006,911,1617
14658.460006,786,1614
14658.465007,935,1614
14658.470006,932,1613
14658.475005,768,1614
14658.480006,821,1616
14658.485005,975,1609
14658.490007,813,1614
14658.495007,800,1615
14658.500007,990,1613
14658.505006,934,1612
14658.510006,775,1613
14658.515007,922,1614
14658.520006,952,1606
14658.525007,762,1610
14658.530006,821,1613
14658.535006,970,1602
14658.540006,810,1609
14658.545005,808,1610
14658.550006,977,1610
14658.555005,919,1612
14658.560006,767,1612
14658.565006,923,1612
14658.570006,942,1611
14658.575006,755,1615
14658.580005,819,1615
14658.585006,964,1617
14658.590006,799,1616
14658.595006,819,1614
14658.600006,980,1619
14658.605006,912,1618
14658.610006,769,1615
14658.615006,949,1622
14658.620006,947,1619
14658.625006,756,1622
14658.630006,832,1619
14658.635006,975,1619
14658.640006,817,1621
14658.645006,800,1624
14658.650006,975,1624
14658.655005,934,1621
14658.660006,774,1621
14658.665007,927,1620
14658.670005,929,1621
14658.675005,755,1619
14658.680005,832,1611
14658.685007,973,1620
14658.690007,802,1619
14658.695006,819,1614
14658.700005,986,1617
14658.705006,915,1618
14658.710006,781,1617
14658.715005,936,1618
14658.720007,942,1613
14658.725005,761,1606
14658.730006,829,1616
14658.735006,968,1613
14658.740007,806,1611
14658.745006,794,1612
14658.750006,993,1609
14658.755006,928,1609
14658.760006,762,1610
14658.765005,933,1608
14658.770005,931,1612
14658.775006,766,1607
14658.780006,818,1606
14658.785007,968,1606
14658.790006,814,1604
14658.795006,812,1606
14658.800007,995,1608
14658.805006,923,1609
14658.810005,782,1607
14658.815006,924,1611
14658.820006,950,1612
14658.825005,748,1611
14658.830006,833,1610
14658.835006,969,1612
14658.840006,802,1614
14658.845006,813,1610
14658.850006,981,1612
14658.855006,919,1611
14658.860006,787,1611
14658.865006,923,1613
14658.870005,932,1613
14658.875006,770,1614
14658.880006,827,1611
14658.885005,969,1611
14658.890006,808,1608
14658.895007,794,1609
14658.900005,997,1607
14658.905006,925,1603
14658.910007,763,1607
14658.915006,938,1603
14658.920006,942,1605
14658.925006,751,1601
14658.930006,827,1600
14658.935005,976,1600
14658.940006,807,1602
14658.945005,794,1604
14658.950006,986,1599
14658.955005,920,1599
14658.960006,781,1600
14658.965005,920,1601
14658.970006,946,1596
14658.975007,762,1600
14658.980005,822,1598
14658.985006,964,1598
14658.990007,802,1601
14658.995005,808,1598
14659.000007,974,1601
14659.005006,920,1596
14659.010006,774,1595
14659.015006,931,1598
14659.020006,941,1597
14659.025006,753,1595
14659.030006,818,1593
14659.035005,957,1598
14659.040006,820,1592
14659.045006,804,1595
14659.050007,985,1594
14659.055006,913,1593
14659.060006,756,1594
14659.065006,915,1595
14659.070007,932,1596
14659.075007,746,1598
14659.080007,824,1596
14659.085005,961,1599
14659.090007,825,1600
14659.095006,802,1597
14659.100005,986,1600
14659.105007,930,1598
14659.110007,763,1601
14659.115006,913,1603
14659.120005,948,1600
14659.125006,745,1603
14659.130006,825,1609
14659.135005,966,1603
14659.140006,810,1600
14659.145007,804,1604
14659.150006,974,1609
14659.155006,916,1609
14659.160006,782,1608
14659.165005,924,1607
14659.170006,947,1601
14659.175006,758,1608
14659.180005,813,1609
14659.185006,965,1613
14659.190005,810,1606
14659.195006,808,1606
14659.200005,986,1609
14659.205006,921,1609
14659.210006,777,1608
14659.215007,928,1610
14659.220006,934,1609
14659.225007,768,1603
14659.230005,817,1607
14659.235005,964,1608
14659.240006,809,1609
14659.245005,793,1606
14659.250006,974,1604
14659.255006,933,1603
14659.260005,763,1604
14659.265006,913,1611
14659.270007,956,1599
14659.275006,763,1602
14659.280006,817,1601
14659.285006,961,1604
14659.290006,829,1600
14659.295005,794,1602
14659.300006,989,1605
14659.305005,922,1601
14659.310006,781,1604
14659.315006,920,1603
14659.320006,932,1607
14659.325006,758,1601
14659.330005,833,1604
14659.335005,975,1605
14659.340007,819,1604
14659.345006,793,1608
14659.350006,989,1604
14659.355007,921,1605
14659.360007,759,1610
14659.365006,927,1608
14659.370006,937,1605
14659.375006,751,1605
14659.380006,830,1604
14659.385005,971,1603
14659.390007,811,1600
14659.395005,800,1599
14659.400006,993,1599
14659.405005,920,1600
14659.410006,757,1601
14659.415006,933,1598
14659.420005,946,1597
14659.425005,760,1598
14659.430005,812,1598
14659.435006,982,1595
14659.440005,820,1598
14659.445006,791,1598
14659.450005,991,1599
14659.455006,925,1598
14659.460006,762,1600
14659.465005,908,1601
14659.470006,957,1599
14659.475005,759,1601
14659.480006,814,1604
14659.485005,969,1602
14659.490006,816,1602
14659.495006,810,1603
14659.500006,973,1606
14659.505006,937,1602
14659.510006,766,1605
14659.515007,932,1601
14659.520006,947,1606
14659.525006,760,1606
14659.530007,818,1606
14659.535005,964,1611
14659.540006,829,1605
14659.545005,799,1607
14659.550006,990,1608
14659.555006,931,1606
14659.560006,767,1611
14659.565006,909,1612
14659.570006,955,1610
14659.575006,760,1610
14659.580005,813,1615
14659.585006,969,1615
14659.590006,840,1614
14659.595007,810,1612
14659.600006,979,1619
14659.605007,934,1609
14659.610006,783,1619
14659.615007,918,1615
14659.620007,934,1617
14659.625005,766,1616
14659.630006,824,1614
14659.635006,970,1614
14659.640006,837,1613
14659.645006,800,1612
14659.650007,987,1606
14659.655006,927,1611
14659.660006,776,1612
14659.665006,912,1611
14659.670006,951,1609
14659.675006,759,1612
14659.680005,817,1611
14659.685006,968,1613
14659.690005,839,1613
14659.695007,805,1612
14659.700007,976,1620
14659.705006,917,1613
14659.710007,782,1615
14659.715006,916,1613
14659.720006,945,1617
14659.725005,777,1612
14659.730007,819,1617
14659.735006,964,1620
14659.740007,836,1615
14659.745006,795,1616
14659.750005,994,1614
14659.755006,928,1612
14659.760005,763,1614
14659.765006,927,1610
14659.770006,943,1612
14659.775006,756,1610
14659.780005,811,1616
14659.785006,965,1610
14659.790006,820,1609
14659.795005,807,1601
14659.800005,988,1606
14659.805005,931,1610
14659.810005,774,1607
14659.815005,921,1605
14659.820006,937,1610
14659.825006,768,1609
14659.830005,831,1607
14659.835005,981,1608
14659.840006,820,1611
14659.845005,811,1611
14659.850006,983,1611
14659.855007,925,1612
14659.860007,763,1614
14659.865006,915,1604
14659.870005,957,1615
14659.875007,766,1613
14659.880007,819,1613
14659.885006,987,1611
14659.890006,834,1612
14659.895006,812,1613
14659.900006,970,1616
14659.905005,931,1613
14659.910006,766,1615
14659.915005,908,1613
14659.920006,941,1612
14659.925006,754,1615
14659.930005,827,1613
14659.935007,974,1615
14659.940006,832,1611
14659.945006,793,1617
14659.950006,994,1612
14659.955006,933,1612
14659.960007,771,1614
14659.965005,905,1615
14659.970006,955,1612
14659.975006,764,1615
14659.980007,836,1612
14659.985006,978,1616
14659.990006,825,1614
14659.995005,798,1615
14660.000007,971,1617
14660.005006,937,1613
14660.010006,770,1613
14660.015007,905,1613
14660.020006,945,1612
14660.025006,766,1608
14660.030005,826,1615
14660.035007,977,1613
14660.040006,831,1613
14660.045005,809,1610
14660.050006,976,1611
14660.055005,922,1613
14660.060006,779,1611
14660.065005,923,1613
14660.070006,953,1614
14660.075006,757,1615
14660.080005,813,1616
14660.085005,987,1617
14660.090006,844,1616
14660.095005,795,1617
14660.100005,991,1616
14660.105007,926,1620
14660.110007,765,1619
14660.115006,903,1621
14660.120005,939,1618
14660.125006,759,1619
14660.130007,832,1618
14660.135006,990,1616
14660.140006,838,1615
14660.145005,802,1613
14660.150006,970,1619
14660.155006,934,1614
14660.160007,759,1622
14660.165006,916,1615
14660.170006,957,1613
14660.175006,769,1618
14660.180005,822,1615
14660.185006,974,1619
14660.190006,847,1618
14660.195006,798,1616
14660.200006,969,1625
14660.205005,931,1620
14660.210005,763,1620
14660.215007,926,1618
14660.220006,955,1620
14660.225005,763,1618
14660.230007,815,1620
14660.235007,988,1617
14660.240007,840,1616
14660.245007,808,1611
14660.250006,991,1613
14660.255006,928,1611
14660.260005,763,1612
14660.265006,916,1609
14660.270006,948,1609
14660.275006,756,1609
14660.280006,812,1611
14660.285006,993,1609
14660.290007,841,1604
14660.295006,806,1606
14660.300006,969,1604
14660.305005,936,1606
14660.310006,764,1603
14660.315005,922,1599
14660.320006,943,1602
14660.325005,771,1602
14660.330007,815,1600
14660.335007,990,1599
14660.340006,831,1601
14660.345006,798,1589
14660.350006,981,1596
14660.355006,925,1600
14660.360005,760,1600
14660.365006,914,1596
14660.370005,940,1597
14660.375006,756,1597
14660.380006,825,1593
14660.385006,977,1596
14660.390006,834,1587
14660.395005,800,1592
14660.400007,964,1596
14660.405007,913,1592
14660.410006,766,1591
14660.415007,894,1591
14660.420006,958,1592
14660.425006,762,1592
14660.430005,811,1594
14660.435005,986,1588
14660.440005,831,1592
14660.445006,799,1582
14660.450006,966,1589
14660.455006,932,1590
14660.460006,756,1591
14660.465006,904,1586
14660.470007,951,1590
14660.475006,754,1590
14660.480007,818,1590
14660.485006,980,1594
14660.490006,828,1592
14660.495006,800,1594
14660.500006,972,1593
14660.505007,912,1596
14660.510006,767,1593
14660.515006,887,1600
14660.520005,957,1594
14660.525006,765,1596
14660.530006,806,1596
14660.535007,980,1598
14660.540007,846,1599
14660.545006,789,1600
14660.550006,962,1601
14660.555006,930,1600
14660.560006,755,1604
14660.565005,907,1603
14660.570006,948,1608
14660.575005,757,1612
14660.580006,807,1614
14660.585006,988,1611
14660.590005,832,1614
14660.595006,784,1615
14660.600006,964,1620
14660.605006,939,1613
14660.610005,762,1614
14660.615007,912,1610
14660.620006,945,1609
14660.625005,753,1613
14660.630006,828,1609
14660.635005,977,1607
14660.640007,835,1610
14660.645006,787,1602
14660.650006,968,1609
14660.655005,937,1603
14660.660006,761,1603
14660.665006,885,1603
14660.670006,954,1603
14660.675007,752,1603
14660.680006,803,1604
14660.685006,979,1609
14660.690006,841,1603
14660.695007,784,1610
14660.700006,980,1593
14660.705005,931,1611
14660.710005,754,1611
14660.715006,901,1611
14660.720006,953,1614
14660.725006,761,1612
14660.730006,815,1614
14660.735005,966,1617
14660.740005,833,1616
14660.745006,806,1615
14660.750006,980,1614
14660.755006,925,1614
14660.760006,753,1615
14660.765007,885,1615
14660.770007,957,1605
14660.775005,772,1613
14660.780005,813,1614
14660.785007,970,1613
14660.790006,852,1611
14660.795006,807,1611
14660.800006,972,1614
14660.805005,928,1604
14660.810005,776,1615
14660.815006,891,1613
14660.820007,941,1615
14660.825007,772,1615
14660.830006,815,1613
14660.835006,971,1613
14660.840006,857,1614
14660.845006,792,1611
14660.850006,966,1614
14660.855007,933,1614
14660.860005,760,1612
14660.865007,908,1606
14660.870007,940,1611
14660.875006,770,1602
14660.880006,811,1611
14660.885005,984,1609
14660.890007,839,1609
14660.895006,789,1607
14660.900007,965,1608
14660.905007,937,1605
14660.910006,757,1605
14660.915006,890,1607
14660.920006,959,1597
14660.925006,765,1606
14660.930006,808,1609
14660.935006,989,1606
14660.940007,852,1608
14660.945005,787,1608
14660.950005,972,1609
14660.955006,922,1608
14660.960006,754,1613
14660.965005,907,1611
14660.970007,959,1606
14660.975005,767,1606
14660.980006,817,1609
14660.985005,975,1606
14660.990006,840,1608
14660.995006,805,1603
14661.000005,979,1603
14661.005005,931,1602
14661.010007,763,1602
14661.015006,893,1600
14661.020006,942,1602
14661.025005,777,1594
14661.030005,819,1596
14661.035006,978,1599
14661.040007,844,1596
14661.045005,780,1600
14661.050005,982,1596
14661.055006,931,1596
14661.060006,757,1601
14661.065006,889,1602
14661.070006,945,1601
14661.075005,768,1595
14661.080006,825,1601
14661.085006,972,1604
14661.090006,847,1593
14661.095006,801,1601
14661.100006,973,1608
14661.105007,936,1601
14661.110007,767,1600
14661.115006,885,1607
14661.120006,963,1601
14661.125005,765,1605
14661.130006,811,1606
14661.135006,966,1609
14661.140006,866,1610
14661.145006,792,1605
14661.150005,967,1611
14661.155005,917,1610
14661.160006,772,1607
14661.165006,882,1609
14661.170005,962,1610
14661.175005,754,1609
14661.180006,823,1608
14661.185006,973,1607
14661.190006,862,1608
14661.195006,796,1609
14661.200005,965,1616
14661.205007,920,1612
14661.210006,753,1611
14661.215006,881,1612
14661.220006,962,1610
14661.225005,771,1609
14661.230007,816,1612
14661.235007,987,1610
14661.240006,856,1613
14661.245006,780,1615
14661.250005,987,1614
14661.255005,925,1614
14661.260006,752,1616
14661.265006,898,1614
14661.270006,946,1617
14661.275006,774,1616
14661.280007,817,1618
14661.285006,969,1623
14661.290006,864,1618
14661.295006,784,1617
14661.300006,977,1616
14661.305006,925,1618
14661.310006,773,1620
14661.315006,891,1618
14661.320006,949,1620
14661.325006,757,1622
14661.330006,822,1617
14661.335006,975,1623
14661.340005,866,1622
14661.345007,787,1621
14661.350005,982,1621
14661.355006,933,1620
14661.360005,758,1618
14661.365006,893,1617
14661.370005,952,1617
14661.375006,763,1618
14661.380006,815,1609
14661.385006,989,1614
14661.390006,859,1614
14661.395006,785,1611
14661.400006,988,1611
14661.405006,938,1613
14661.410006,753,1610
14661.415007,877,1608
14661.420007,955,1611
14661.425006,765,1609
14661.430006,803,1613
14661.435006,975,1613
14661.440006,848,1612
14661.445005,784,1614
14661.450005,982,1608
14661.455006,933,1613
14661.460006,762,1613
14661.465005,876,1613
14661.470006,967,1611
14661.475005,770,1613
14661.480006,813,1614
14661.485005,972,1614
14661.490006,850,1615
14661.495007,805,1616
14661.500007,980,1608
14661.505006,932,1610
14661.510006,759,1614
14661.515006,886,1613
14661.520005,955,1612
14661.525007,763,1611
14661.530006,805,1611
14661.535007,973,1613
14661.540006,874,1611
14661.545005,796,1609
14661.550005,968,1610
14661.555005,924,1612
14661.560007,754,1615
14661.565006,874,1614
14661.570007,958,1603
14661.575006,769,1612
14661.580005,806,1614
14661.585006,995,1610
14661.590006,868,1611
14661.595006,786,1611
14661.600006,960,1613
14661.605006,941,1613
14661.610005,758,1616
14661.615006,874,1617
14661.620005,964,1613
14661.625006,777,1615
14661.630006,808,1612
14661.635005,975,1616
14661.640006,852,1624
14661.645005,799,1616
14661.650006,974,1616
14661.655005,928,1617
14661.660006,759,1615
14661.665006,899,1612
14661.670006,945,1616
14661.675007,775,1613
14661.680005,821,1613
14661.685006,976,1616
14661.690006,878,1612
14661.695006,783,1612
14661.700007,961,1613
14661.705007,945,1610
14661.710006,767,1610
14661.715005,873,1611
14661.720006,963,1607
14661.725006,775,1608
14661.730006,812,1610
14661.735007,971,1609
14661.740007,876,1607
14661.745007,789,1605
14661.750005,959,1608
14661.755005,935,1608
14661.760007,771,1609
14661.765006,878,1606
14661.770006,943,1608
14661.775006,778,1607
14661.780006,808,1607
14661.785007,973,1608
14661.790006,853,1610
14661.795005,797,1605
14661.800006,976,1608
14661.805005,927,1611
14661.810006,757,1603
14661.815005,879,1613
14661.820006,950,1614
14661.825006,761,1615
14661.830006,828,1615
14661.835006,971,1618
14661.840006,874,1612
14661.845006,783,1617
14661.850006,967,1607
14661.855006,927,1620
14661.860006,751,1621
14661.865006,886,1616
14661.870005,957,1617
14661.875006,771,1614
14661.880007,804,1616
14661.885007,984,1614
14661.890007,859,1617
14661.895006,779,1615
14661.900006,979,1609
14661.905007,926,1611
14661.910006,750,1613
14661.915007,888,1605
14661.920005,954,1607
14661.925006,759,1609
14661.930006,825,1606
14661.935006,978,1608
14661.940005,856,1611
14661.945006,776,1607
14661.950006,976,1605
14661.955006,934,1604
14661.960006,755,1608
14661.965005,868,1605
14661.970006,957,1608
14661.975006,769,1609
14661.980007,805,1613
14661.985006,988,1608
14661.990007,860,1611
14661.995006,794,1608
14662.000005,976,1608
14662.005005,937,1608
14662.010006,751,1609
14662.015007,868,1602
14662.020006,961,1609
14662.025007,769,1612
14662.030006,805,1610
14662.035007,996,1605
14662.040006,867,1608
14662.045006,783,1606
14662.050006,957,1612
14662.055006,938,1603
14662.060007,765,1609
14662.065007,870,1608
14662.070007,963,1605
14662.075006,763,1608
14662.080005,825,1608
14662.085005,978,1609
14662.090006,857,1612
14662.095006,793,1608
14662.100005,963,1608
14662.105005,925,1606
14662.110005,750,1607
14662.115006,879,1604
14662.120005,969,1605
14662.125007,769,1607
14662.130006,825,1605
14662.135005,979,1608
14662.140006,863,1607
14662.145005,780,1603
14662.150007,965,1595
14662.155006,936,1607
14662.160007,747,1608
14662.165006,864,1603
14662.170005,947,1604
14662.175005,765,1607
14662.180006,816,1608
14662.185006,978,1607
14662.190006,864,1610
14662.195006,801,1605
14662.200005,981,1607
14662.205006,931,1607
14662.210007,763,1610
14662.215006,865,1608
14662.220006,949,1611
14662.225006,783,1608
14662.230006,819,1608
14662.235006,988,1606
14662.240006,866,1609
14662.245006,802,1603
14662.250005,978,1603
14662.255005,927,1604
14662.260006,748,1606
14662.265007,866,1605
14662.270006,959,1595
14662.275007,776,1604
14662.280007,807,1605
14662.285007,974,1604
14662.290006,879,1600
14662.295005,789,1602
14662.300005,958,1603
14662.305005,923,1602
14662.310006,762,1600
14662.315007,863,1604
14662.320006,949,1604
14662.325006,783,1602
14662.330005,806,1605
14662.335006,990,1599
14662.340006,884,1602
14662.345007,784,1601
14662.350007,960,1602
14662.355006,922,1608
14662.360005,772,1601
14662.365006,869,1603
14662.370005,953,1601
14662.375006,768,1600
14662.380006,821,1600
14662.385005,991,1598
14662.390006,876,1600
14662.395006,773,1600
14662.400006,979,1600
14662.405006,925,1599
14662.410006,757,1592
14662.415006,875,1600
14662.420005,956,1600
14662.425005,760,1601
14662.430005,812,1599
14662.435006,987,1598
14662.440005,883,1599
14662.445006,787,1598
14662.450005,951,1603
14662.455006,937,1602
14662.460006,753,1600
14662.465006,859,1604
14662.470006,965,1602
14662.475006,782,1602
14662.480006,818,1602
14662.485006,986,1604
14662.490005,868,1603
14662.495005,798,1597
14662.500006,966,1601
14662.505007,922,1602
14662.510005,748,1602
14662.515007,856,1594
14662.520006,965,1597
14662.525006,770,1596
14662.530006,803,1591
14662.535006,994,1593
14662.540006,879,1592
14662.545006,780,1594
14662.550006,951,1597
14662.555006,942,1593
14662.560007,751,1594
14662.565006,870,1595
14662.570006,962,1594
14662.575005,769,1598
14662.580006,804,1594
14662.585007,986,1598
14662.590006,883,1601
14662.595005,778,1601
14662.600006,977,1596
14662.605006,943,1596
14662.610005,751,1601
14662.615007,868,1596
14662.620006,956,1600
14662.625006,774,1590
14662.630006,811,1599
14662.635006,988,1597
14662.640007,877,1595
14662.645005,772,1598
14662.650006,964,1590
14662.655005,925,1597
14662.660006,748,1599
14662.665006,867,1597
14662.670006,955,1598
14662.675006,768,1606
14662.680005,822,1599
14662.685006,986,1598
14662.690006,881,1601
14662.695006,784,1594
14662.700006,965,1601
14662.705005,927,1605
14662.710005,754,1607
14662.715006,874,1604
14662.720006,969,1606
14662.725006,780,1611
14662.730006,808,1613
14662.735006,993,1612
14662.740006,884,1611
14662.745005,781,1613
14662.750005,957,1615
14662.755005,929,1616
14662.760006,755,1618
14662.765006,865,1610
14662.770005,974,1617
14662.775007,772,1618
14662.780005,826,1617
14662.785006,985,1622
14662.790005,886,1624
14662.795006,786,1622
14662.800006,970,1621
14662.805005,929,1621
14662.810007,769,1622
14662.815006,871,1619
14662.820007,961,1625
14662.825007,771,1620
14662.830006,815,1622
14662.835007,978,1622
14662.840006,901,1618
14662.845007,790,1623
14662.850006,960,1619
14662.855006,934,1620
14662.860005,753,1620
14662.865006,867,1612
14662.870006,964,1619
14662.875006,786,1613
14662.880007,816,1618
14662.885006,980,1619
14662.890006,897,1617
14662.895006,783,1617
14662.900006,956,1620
14662.905006,924,1618
14662.910006,774,1613
14662.915007,853,1614
14662.920006,970,1610
14662.925006,786,1613
14662.930006,806,1612
14662.935006,976,1612
14662.940006,902,1612
14662.945006,790,1607
14662.950006,959,1609
14662.955005,927,1612
14662.960006,774,1602
14662.965006,851,1607
14662.970006,970,1605
14662.975006,783,1604
14662.980006,798,1605
14662.985005,987,1603
14662.990006,882,1604
14662.995006,788,1602
14663.000005,951,1603
14663.005005,923,1602
14663.010007,762,1598
14663.015007,853,1597
14663.020006,966,1600
14663.025006,787,1598
14663.030005,803,1599
14663.035006,975,1601
14663.040007,899,1602
14663.045005,780,1602
14663.050005,949,1604
14663.055006,922,1604
14663.060006,767,1603
14663.065007,858,1603
14663.070006,960,1606
14663.075006,781,1603
14663.080006,797,1611
14663.085007,988,1601
14663.090006,879,1610
14663.095006,792,1608
14663.100006,956,1610
14663.105007,925,1609
14663.110006,762,1609
14663.115007,853,1605
14663.120006,955,1606
14663.125006,774,1602
14663.130007,816,1604
14663.135006,982,1605
14663.140006,889,1605
14663.145006,780,1605
14663.150006,947,1607
14663.155006,944,1606
14663.160006,761,1606
14663.165006,841,1609
14663.170006,965,1606
14663.175007,783,1607
14663.180005,803,1612
14663.185006,990,1610
14663.190006,902,1614
14663.195006,777,1617
14663.200006,949,1616
14663.205005,946,1617
14663.210005,759,1620
14663.215007,851,1620
14663.220005,954,1625
14663.225005,788,1620
14663.230007,803,1620
14663.235006,998,1620
14663.240007,902,1616
14663.245007,793,1616
14663.250006,959,1618
14663.255007,929,1620
14663.260005,748,1618
14663.265006,862,1616
14663.270006,967,1616
14663.275006,779,1615
14663.280007,811,1605
14663.285005,994,1614
14663.290006,892,1612
14663.295006,785,1610
14663.300007,960,1611
14663.305007,940,1611
14663.310006,763,1608
14663.315006,838,1613
14663.320006,972,1608
14663.325006,790,1607
14663.330006,802,1606
14663.335006,990,1607
14663.340006,893,1606
14663.345007,777,1606
14663.350007,942,1611
14663.355005,924,1607
14663.360005,766,1598
14663.365006,841,1608
14663.370005,978,1605
14663.375006,786,1608
14663.380006,797,1609
14663.385005,992,1611
14663.390005,906,1610
14663.395005,770,1611
14663.400007,944,1613
14663.405007,932,1606
14663.410005,750,1616
14663.415006,855,1611
14663.420005,971,1613
14663.425006,798,1614
14663.430006,809,1613
14663.435005,994,1610
14663.440006,892,1612
14663.445006,765,1617
14663.450006,960,1612
14663.455006,933,1609
14663.460007,756,1609
14663.465005,850,1608
14663.470006,968,1606
14663.475006,779,1611
14663.480006,798,1613
14663.485005,994,1608
14663.490006,900,1606
14663.495005,769,1611
14663.500007,944,1607
14663.505006,942,1607
14663.510007,765,1608
14663.515007,846,1608
14663.520006,953,1610
14663.525007,777,1610
14663.530007,821,1606
14663.535006,976,1609
14663.540007,887,1611
14663.545005,785,1610
14663.550006,953,1612
14663.555006,929,1609
14663.560006,768,1611
14663.565005,852,1610
14663.570006,956,1615
14663.575006,797,1608
14663.580006,799,1616
14663.585006,995,1615
14663.590005,897,1616
14663.595007,786,1613
14663.600005,960,1613
14663.605007,939,1616
14663.610006,759,1616
14663.615006,835,1613
14663.620005,962,1605
14663.625006,802,1612
14663.630007,807,1611
14663.635006,992,1607
14663.640005,902,1611
14663.645005,770,1610
14663.650006,964,1606
14663.655005,936,1609
14663.660006,749,1609
14663.665006,854,1605
14663.670005,963,1606
14663.675005,785,1605
14663.680005,820,1605
14663.685006,976,1610
14663.690005,902,1601
14663.695006,789,1609
14663.700005,945,1609
14663.705006,928,1608
14663.710007,762,1603
14663.715007,848,1612
14663.720007,970,1612
14663.725006,808,1616
14663.730006,803,1618
14663.735006,997,1613
14663.740007,900,1618
14663.745005,792,1616
14663.750007,953,1617
14663.755006,937,1618
14663.760005,747,1617
14663.765007,846,1618
14663.770006,959,1616
14663.775006,806,1617
14663.780006,812,1615
14663.785005,977,1614
14663.790005,896,1616
14663.795006,792,1612
14663.800006,947,1612
14663.805005,929,1611
14663.810006,750,1611
14663.815005,851,1609
14663.820007,966,1610
14663.825007,787,1610
14663.830005,797,1612
14663.835006,996,1606
14663.840005,904,1609
14663.845005,790,1605
14663.850005,954,1606
14663.855006,932,1609
14663.860006,745,1612
14663.865006,844,1610
14663.870005,969,1607
14663.875006,786,1608
14663.880006,795,1611
14663.885007,972,1609
14663.890006,901,1601
14663.895007,787,1605
14663.900007,957,1605
14663.905006,938,1606
14663.910006,754,1605
14663.915006,827,1609
14663.920005,958,1600
14663.925005,805,1605
14663.930006,805,1604
14663.935006,980,1602
14663.940006,914,1599
14663.945006,782,1599
14663.950005,929,1604
14663.955006,948,1598
14663.960007,759,1596
14663.965005,829,1598
14663.970007,971,1597
14663.975006,794,1596
14663.980007,799,1600
14663.985006,970,1599
14663.990006,916,1596
14663.995005,770,1596
14664.000007,936,1594
14664.005007,923,1593
14664.010005,765,1595
14664.015006,837,1593
14664.020005,958,1591
14664.025006,798,1591
14664.030006,804,1591
14664.035006,970,1591
14664.040006,915,1585
14664.045007,778,1592
14664.050007,933,1593
14664.055006,944,1594
14664.060007,761,1594
14664.065006,825,1593
14664.070006,957,1597
14664.075006,786,1598
14664.080006,820,1595
14664.085006,976,1598
14664.090007,907,1598
14664.095007,769,1599
14664.100005,932,1599
14664.105007,947,1597
14664.110006,752,1599
14664.115006,827,1599
14664.120005,982,1598
14664.125006,786,1598
14664.130006,821,1595
14664.135005,992,1602
14664.140006,906,1596
14664.145005,763,1597
14664.150006,950,1594
14664.155005,934,1594
14664.160006,771,1590
14664.165006,842,1593
14664.170007,969,1594
14664.175007,787,1600
14664.180006,816,1598
14664.185007,975,1599
14664.190006,900,1601
14664.195007,780,1600
14664.200006,951,1600
14664.205005,943,1602
14664.210005,768,1605
14664.215007,833,1602
14664.220007,963,1606
14664.225006,795,1603
14664.230007,796,1610
14664.235006,995,1605
14664.240007,919,1604
14664.245006,764,1609
14664.250005,929,1607
14664.255005,951,1607
14664.260007,762,1608
14664.265006,823,1611
14664.270006,961,1607
14664.275005,812,1605
14664.280005,809,1607
14664.285006,983,1608
14664.290006,917,1608
14664.295006,773,1606
14664.300006,931,1610
14664.305006,943,1608
14664.310007,754,1609
14664.315006,821,1611
14664.320006,982,1608
14664.325006,810,1607
14664.330006,804,1612
14664.335006,979,1615
14664.340005,927,1611
14664.345007,784,1613
14664.350005,936,1612
14664.355006,936,1614
14664.360006,749,1617
14664.365007,841,1612
14664.370006,967,1616
14664.375005,799,1614
14664.380005,824,1614
14664.385007,981,1618
14664.390006,912,1619
14664.395006,782,1609
14664.400006,934,1614
14664.405005,949,1615
14664.410006,763,1615
14664.415005,827,1617
14664.420006,961,1616
14664.425006,820,1616
14664.430005,804,1617
14664.435006,975,1617
14664.440006,935,1617
14664.445006,778,1618
14664.450005,936,1618
14664.455006,930,1620
14664.460006,763,1612
14664.465006,828,1619
14664.470006,977,1616
14664.475005,815,1618
14664.480006,805,1621
14664.485005,975,1622
14664.490007,911,1614
14664.495006,782,1617
14664.500005,931,1622
14664.505006,949,1617
14664.510006,759,1619
14664.515006,822,1619
14664.520005,985,1618
14664.525007,809,1616
14664.530006,802,1618
14664.535006,978,1613
14664.540006,928,1617
14664.545005,779,1617
14664.550005,937,1614
14664.555006,929,1618
14664.560007,766,1616
14664.565006,834,1613
14664.570005,968,1613
14664.575006,799,1619
14664.580006,815,1613
14664.585007,978,1618
14664.590005,935,1617
14664.595006,775,1617
14664.600006,932,1617
14664.605006,931,1620
14664.610006,770,1617
14664.615006,826,1616
14664.620006,965,1615
14664.625006,817,1605
14664.630006,810,1617
14664.635005,979,1612
14664.640007,928,1614
14664.645006,767,1614
14664.650006,949,1611
14664.655007,940,1613
14664.660005,753,1613
14664.665006,832,1605
14664.670005,966,1612
14664.675005,821,1614
14664.680005,804,1611
14664.685006,999,1614
14664.690005,911,1617
14664.695006,783,1615
14664.700006,929,1616
14664.705007,949,1614
14664.710006,769,1619
14664.715006,828,1619
14664.720006,962,1622
14664.725005,819,1620
14664.730006,804,1620
14664.735007,973,1621
14664.740006,934,1618
14664.745006,773,1616
14664.750005,923,1625
14664.755005,950,1618
14664.760006,757,1618
14664.765006,815,1617
14664.770006,978,1611
14664.775006,817,1616
14664.780006,797,1619
14664.785007,977,1609
14664.790007,931,1616
14664.795006,778,1614
14664.800007,928,1618
14664.805005,928,1619
14664.810007,764,1615
14664.815006,821,1617
14664.820006,967,1611
14664.825006,818,1614
14664.830005,816,1616
14664.835005,986,1617
14664.840006,920,1618
14664.845007,761,1620
14664.850006,939,1617
14664.855006,934,1619
14664.860006,768,1621
14664.865007,827,1618
14664.870006,964,1621
14664.875006,821,1618
14664.880006,810,1621
14664.885006,979,1623
14664.890007,914,1621
14664.895005,780,1619
14664.900007,933,1619
14664.905006,932,1624
14664.910006,767,1616
14664.915007,818,1622
14664.920005,981,1620
14664.925005,805,1617
14664.930005,813,1618
14664.935007,976,1617
14664.940006,918,1615
14664.945007,765,1612
14664.950006,936,1613
14664.955005,932,1616
14664.960006,764,1613
14664.965006,813,1614
14664.970007,982,1611
14664.975006,801,1609
14664.980006,802,1608
14664.985005,999,1603
14664.990006,928,1606
14664.995006,770,1606
14665.000005,922,1605
14665.005005,935,1605
14665.010006,749,1604
14665.015006,811,1602
14665.020005,965,1603
14665.025006,805,1604
14665.030006,803,1602
14665.035007,977,1602
14665.040006,925,1601
14665.045005,779,1598
14665.050005,937,1603
14665.055006,931,1598
14665.060006,765,1601
14665.065006,831,1603
14665.070006,964,1603
14665.075005,803,1602
14665.080006,817,1599
14665.085006,989,1601
14665.090005,917,1600
14665.095007,779,1599
14665.100006,931,1600
14665.105007,934,1604
14665.110006,748,1604
14665.115006,816,1598
14665.120006,972,1602
14665.125005,806,1608
14665.130005,791,1607
14665.135006,992,1606
14665.140006,920,1605
14665.145005,759,1611
14665.150006,930,1609
14665.155005,933,1614
14665.160007,771,1611
14665.165006,831,1615
14665.170006,969,1615
14665.175006,814,1613
14665.180005,810,1613
14665.185006,986,1614
14665.190005,922,1616
14665.195006,765,1617
14665.200006,940,1611
14665.205005,936,1616
14665.210005,748,1617
14665.215007,824,1613
14665.220006,963,1620
14665.225005,823,1612
14665.230006,804,1617
14665.235006,978,1615
14665.240007,935,1614
14665.245007,767,1615
14665.250006,913,1615
14665.255006,945,1614
14665.260005,748,1614
14665.265006,831,1606
14665.270006,974,1612
14665.275006,805,1617
14665.280005,802,1614
14665.285005,993,1613
14665.290005,921,1616
14665.295006,760,1616
14665.300006,934,1614
14665.305006,939,1617
14665.310006,751,1616
14665.315006,836,1617
14665.320007,982,1616
14665.325006,818,1616
14665.330006,798,1611
14665.335006,995,1616
14665.340006,930,1615
14665.345006,773,1616
14665.350005,914,1617
14665.355006,957,1613
14665.360005,759,1610
14665.365006,812,1614
14665.370006,988,1611
14665.375005,825,1605
14665.380006,805,1604
14665.385005,972,1602
14665.390006,915,1601
14665.395005,779,1599
14665.400006,924,1596
14665.405006,938,1593
14665.410006,767,1587
14665.415007,836,1590
14665.420005,973,1593
14665.425005,813,1592
14665.430006,802,1593
14665.435006,971,1595
14665.440006,934,1593
14665.445006,770,1593
14665.450005,919,1590
14665.455006,937,1592
14665.460006,767,1589
14665.465007,824,1593
14665.470006,962,1594
14665.475006,809,1597
14665.480006,806,1591
14665.485005,974,1592
14665.490006,938,1593
14665.495005,763,1596
14665.500006,927,1587
14665.505006,958,1590
14665.510007,763,1590
14665.515006,811,1593
14665.520005,979,1587
14665.525005,817,1587
14665.530005,794,1591
14665.535007,984,1587
14665.540006,916,1587
14665.545006,785,1586
14665.550006,917,1577
14665.555006,953,1582
14665.560006,764,1588
14665.565005,817,1586
14665.570007,972,1581
14665.575006,825,1589
14665.580005,812,1588
14665.585005,980,1592
14665.590006,921,1591
14665.595006,762,1592
14665.600005,908,1596
14665.605007,947,1593
14665.610006,751,1597
14665.615006,838,1595
14665.620006,974,1597
14665.625005,809,1596
14665.630005,809,1597
14665.635006,977,1597
14665.640006,916,1601
14665.645005,782,1596
14665.650007,923,1598
14665.655006,936,1602
14665.660007,768,1600
14665.665007,826,1601
14665.670006,969,1604
14665.675006,838,1605
14665.680006,808,1597
14665.685007,977,1606
14665.690007,926,1602
14665.695006,781,1609
14665.700006,920,1610
14665.705005,936,1612
14665.710005,762,1611
14665.715006,811,1613
14665.720007,981,1610
14665.725005,815,1613
14665.730007,814,1610
14665.735007,978,1613
14665.740006,938,1611
14665.745006,772,1609
14665.750006,917,1608
14665.755006,936,1610
14665.760006,767,1609
14665.765006,815,1609
14665.770006,969,1609
14665.775006,833,1607
14665.780005,805,1608
14665.785006,973,1610
14665.790007,918,1609
14665.795006,786,1606
14665.800006,915,1606
14665.805007,934,1609
14665.810007,775,1604
14665.815006,833,1605
14665.820007,971,1604
14665.825006,822,1605
14665.830006,793,1605
14665.835006,988,1605
14665.840005,917,1604
14665.845006,775,1602
14665.850005,919,1605
14665.855006,947,1602
14665.860005,750,1608
14665.865006,826,1601
14665.870006,970,1604
14665.875006,816,1602
14665.880006,816,1599
14665.885005,981,1601
14665.890006,929,1602
14665.895005,769,1599
14665.900005,909,1600
14665.905006,951,1599
14665.910005,760,1599
14665.915005,816,1598
14665.920006,983,1602
14665.925006,832,1599
14665.930005,789,1603
14665.935006,989,1598
14665.940005,926,1603
14665.945006,761,1597
14665.950006,921,1600
14665.955006,936,1604
14665.960007,771,1602
14665.965005,826,1604
14665.970006,969,1602
14665.975006,839,1602
14665.980007,794,1603
14665.985007,992,1607
14665.990005,921,1605
14665.995005,764,1607
14666.000006,922,1602
14666.005005,946,1608
14666.010007,750,1611
14666.015005,829,1611
14666.020005,973,1610
14666.025006,817,1614
14666.030006,797,1614
14666.035006,987,1606
14666.040006,937,1617
14666.045006,771,1617
14666.050006,905,1619
14666.055007,956,1620
14666.060005,759,1622
14666.065005,830,1623
14666.070007,976,1626
14666.075006,819,1630
14666.080006,808,1625
14666.085006,982,1629
14666.090006,920,1628
14666.095006,757,1628
14666.100005,927,1628
14666.105007,959,1625
14666.110006,760,1626
14666.115007,813,1626
14666.120006,968,1625
14666.125006,823,1625
14666.130006,811,1622
14666.135005,978,1620
14666.140007,923,1618
14666.145006,763,1618
14666.150006,922,1612
14666.155006,953,1613
14666.160007,758,1611
14666.165006,833,1611
14666.170005,967,1613
14666.175005,842,1606
14666.180005,795,1609
14666.185006,974,1605
14666.190006,919,1605
14666.195007,772,1605
14666.200007,908,1607
14666.205005,941,1606
14666.210006,767,1607
14666.215006,815,1609
14666.220006,970,1610
14666.225006,823,1614
14666.230006,814,1611
14666.235006,986,1609
14666.240007,925,1610
14666.245006,760,1610
14666.250005,928,1606
14666.255005,940,1608
14666.260007,771,1605
14666.265007,824,1604
14666.270006,967,1608
14666.275006,824,1605
14666.280005,808,1604
14666.285006,986,1605
14666.290006,926,1603
14666.295005,774,1595
14666.300005,912,1603
14666.305005,940,1603
14666.310006,774,1601
14666.315006,821,1604
14666.320006,969,1604
14666.325006,827,1600
14666.330005,799,1602
14666.335005,983,1602
14666.340006,920,1608
14666.345006,778,1602
14666.350005,908,1604
14666.355006,936,1606
14666.360006,772,1597
14666.365005,821,1604
14666.370006,970,1602
14666.375005,847,1602
14666.380006,800,1603
14666.385005,986,1600
14666.390006,937,1605
14666.395006,767,1604
14666.400007,905,1604
14666.405006,940,1602
14666.410007,778,1600
14666.415006,827,1597
14666.420007,975,1603
14666.425006,829,1602
14666.430005,794,1605
14666.435006,990,1605
14666.440006,926,1602
14666.445007,770,1604
14666.450007,903,1614
14666.455006,962,1605
14666.460007,756,1606
14666.465006,819,1609
14666.470007,991,1607
14666.475006,831,1610
14666.480006,793,1608
14666.485005,972,1607
14666.490006,942,1608
14666.495006,765,1610
14666.500005,921,1609
14666.505005,949,1611
14666.510006,760,1609
14666.515006,814,1608
14666.520007,987,1606
14666.525006,838,1603
14666.530005,789,1605
14666.535006,982,1602
14666.540006,936,1603
14666.545006,770,1603
14666.550007,913,1598
14666.555005,954,1603
14666.560006,757,1606
14666.565006,825,1599
14666.570007,982,1604
14666.575006,829,1606
14666.580006,813,1605
14666.585006,979,1605
14666.590005,924,1609
14666.595007,777,1609
14666.600006,897,1613
14666.605007,959,1608
14666.610006,753,1611
14666.615005,825,1610
14666.620005,970,1614
14666.625006,850,1605
14666.630007,800,1606
14666.635007,969,1610
14666.640007,933,1608
14666.645006,757,1611
14666.650006,911,1608
14666.655006,945,1610
14666.660005,761,1600
14666.665005,827,1609
14666.670006,973,1607
14666.675006,828,1611
14666.680005,807,1606
14666.685006,971,1612
14666.690006,923,1608
14666.695006,776,1608
14666.700005,902,1614
14666.705007,940,1614
14666.710006,770,1612
14666.715006,817,1616
14666.720006,991,1610
14666.725006,837,1612
14666.730006,794,1614
14666.735005,991,1611
14666.740005,923,1615
14666.745005,758,1611
14666.750005,905,1603
14666.755006,949,1613
14666.760006,752,1613
14666.765005,831,1612
14666.770005,974,1613
14666.775006,849,1610
14666.780005,792,1613
14666.785006,985,1601
14666.790006,927,1609
14666.795005,781,1609
14666.800005,902,1609
14666.805005,947,1610
14666.810006,763,1611
14666.815006,809,1613
14666.820006,983,1611
14666.825007,836,1607
14666.830006,804,1609
14666.835007,976,1611
14666.840005,927,1609
14666.845006,757,1611
14666.850005,915,1608
14666.855006,948,1608
14666.860005,769,1609
14666.865006,807,1611
14666.870005,987,1604
14666.875007,844,1603
14666.880005,791,1605
14666.885006,981,1599
14666.890006,936,1603
14666.895005,764,1602
14666.900006,896,1601
14666.905006,941,1603
14666.910006,780,1602
14666.915006,822,1600
14666.920006,978,1601
14666.925006,835,1606
14666.930005,803,1601
14666.935006,980,1603
14666.940005,928,1604
14666.945007,759,1603
14666.950006,909,1603
14666.955005,955,1606
14666.960006,769,1608
14666.965006,818,1609
14666.970005,968,1609
14666.975005,857,1610
14666.980007,795,1609
14666.985007,984,1607
14666.990005,928,1611
14666.995006,757,1613
14667.000005,900,1610
14667.005005,955,1612
14667.010006,761,1611
14667.015006,808,1613
14667.020005,987,1613
14667.025006,845,1610
14667.030006,793,1612
14667.035006,972,1612
14667.040006,922,1615
14667.045005,760,1614
14667.050005,911,1614
14667.055006,961,1611
14667.060006,762,1613
14667.065006,824,1614
14667.070006,974,1617
14667.075005,835,1613
14667.080007,804,1614
14667.085006,972,1614
14667.090005,942,1613
14667.095006,766,1614
14667.100006,887,1614
14667.105006,963,1612
14667.110005,766,1612
14667.115006,808,1614
14667.120005,987,1614
14667.125006,840,1610
14667.130007,801,1608
14667.135006,987,1609
14667.140006,923,1611
14667.145005,761,1608
14667.150006,890,1611
14667.155005,958,1603
14667.160006,773,1610
14667.165006,809,1612
14667.170005,990,1609
14667.175005,849,1610
14667.180006,791,1610
14667.185006,981,1611
14667.190006,917,1613
14667.195007,774,1611
14667.200005,892,1615
14667.205006,941,1610
14667.210006,770,1611
14667.215005,813,1610
14667.220007,985,1608
14667.225006,842,1609
14667.230007,787,1609
14667.235006,975,1610
14667.240007,922,1607
14667.245006,751,1611
14667.250006,903,1606
14667.255007,940,1607
14667.260006,753,1609
14667.265005,830,1603
14667.270006,972,1606
14667.275007,839,1605
14667.280006,785,1604
14667.285006,982,1597
14667.290006,916,1606
14667.295006,773,1602
14667.300006,894,1603
14667.305005,956,1600
14667.310007,768,1603
14667.315006,821,1604
14667.320007,979,1603
14667.325007,839,1604
14667.330005,800,1602
14667.335005,972,1605
14667.340006,918,1608
14667.345007,768,1602
14667.350006,885,1606
14667.355007,942,1604
14667.360006,774,1604
14667.365006,808,1603
14667.370006,985,1600
14667.375006,847,1604
14667.380006,782,1605
14667.385007,987,1601
14667.390007,921,1600
14667.395006,754,1603
14667.400006,885,1594
14667.405006,964,1594
14667.410007,766,1601
14667.415006,808,1600
14667.420005,984,1599
14667.425006,842,1601
14667.430005,788,1599
14667.435006,983,1599
14667.440006,931,1602
14667.445006,762,1600
14667.450005,882,1605
14667.455006,962,1604
14667.460006,770,1604
14667.465006,824,1605
14667.470006,981,1606
14667.475006,845,1606
14667.480006,782,1607
14667.485005,966,1607
14667.490006,935,1604
14667.495006,767,1604
14667.500005,887,1607
14667.505006,944,1604
14667.510006,758,1606
14667.515006,829,1599
14667.520007,972,1603
14667.525006,858,1600
14667.530005,792,1600
14667.535006,966,1603
14667.540006,918,1601
14667.545005,777,1597
14667.550006,899,1598
14667.555006,956,1597
14667.560007,758,1599
14667.565007,805,1601
14667.570005,990,1598
14667.575006,846,1598
14667.580006,806,1594
14667.585006,978,1594
14667.590005,929,1592
14667.595007,764,1593
14667.600006,898,1590
14667.605006,950,1591
14667.610005,753,1592
14667.615007,820,1589
14667.620006,965,1592
14667.625006,864,1586
14667.630006,794,1591
14667.635005,975,1591
14667.640006,915,1593
14667.645006,773,1593
14667.650007,885,1594
14667.655007,936,1592
14667.660006,772,1595
14667.665006,810,1596
14667.670006,985,1592
14667.675006,850,1599
14667.680006,790,1600
14667.685005,969,1599
14667.690006,917,1602
14667.695006,774,1601
14667.700005,894,1603
14667.705006,945,1604
14667.710007,768,1607
14667.715006,814,1608
14667.720005,970,1609
14667.725005,863,1609
14667.730006,801,1609
14667.735006,967,1611
14667.740007,918,1613
14667.745006,774,1612
14667.750006,893,1613
14667.755006,944,1615
14667.760005,783,1615
14667.765006,826,1617
14667.770005,982,1618
14667.775007,849,1620
14667.780006,786,1621
14667.785006,987,1621
14667.790006,931,1620
14667.795005,778,1617
14667.800005,888,1622
14667.805006,970,1620
14667.810006,765,1620
14667.815005,834,1619
14667.820006,979,1625
14667.825005,850,1624
14667.830006,798,1624
14667.835006,991,1624
14667.840006,937,1625
14667.845006,760,1629
14667.850006,887,1630
14667.855006,969,1627
14667.860007,767,1627
14667.865005,810,1629
14667.870005,992,1625
14667.875006,854,1625
14667.880006,806,1619
14667.885006,988,1624
14667.890006,934,1625
14667.895006,757,1626
14667.900007,897,1621
14667.905006,957,1621
14667.910006,775,1621
14667.915005,815,1623
14667.920006,981,1620
14667.925006,851,1621
14667.930005,802,1613
14667.935007,978,1622
14667.940005,931,1622
14667.945006,773,1620
14667.950006,886,1620
14667.955005,947,1625
14667.960006,761,1623
14667.965005,829,1623
14667.970006,988,1620
14667.975006,857,1621
14667.980006,788,1623
14667.985006,990,1620
14667.990007,937,1625
14667.995006,758,1623
14668.000006,880,1621
14668.005006,968,1620
14668.010005,775,1628
14668.015006,816,1621
14668.020006,972,1624
14668.025007,869,1620
14668.030007,787,1619
14668.035005,965,1620
14668.040005,937,1620
14668.045006,764,1618
14668.050007,884,1617
14668.055005,951,1620
14668.060006,767,1624
14668.065005,836,1621
14668.070006,990,1622
14668.075006,859,1622
14668.080006,785,1625
14668.085006,985,1622
14668.090006,933,1623
14668.095007,762,1625
14668.100005,883,1626
14668.105007,970,1626
14668.110007,772,1623
14668.115005,832,1617
14668.120006,993,1621
14668.125005,871,1621
14668.130005,793,1619
14668.135006,972,1618
14668.140006,929,1620
14668.145007,752,1619
14668.150005,900,1615
14668.155005,951,1619
14668.160007,764,1615
14668.165007,808,1618
14668.170006,993,1612
14668.175005,862,1613
14668.180005,785,1613
14668.185006,984,1611
14668.190005,934,1611
14668.195006,758,1614
14668.200005,877,1616
14668.205006,969,1612
14668.210005,764,1612
14668.215005,815,1613
14668.220006,991,1611
14668.225006,867,1613
14668.230006,793,1612
14668.235006,974,1609
14668.240007,929,1610
14668.245006,755,1610
14668.250006,874,1609
14668.255006,967,1609
14668.260005,772,1605
14668.265007,804,1608
14668.270006,992,1606
14668.275006,860,1609
14668.280006,784,1609
14668.285007,969,1596
14668.290006,930,1606
14668.295006,750,1614
14668.300006,885,1606
14668.305006,947,1607
14668.310007,781,1606
14668.315006,812,1606
14668.320006,973,1610
14668.325005,877,1603
14668.330007,789,1604
14668.335006,964,1607
14668.340005,941,1602
14668.345006,764,1604
14668.350006,883,1602
14668.355007,949,1604
14668.360006,761,1606
14668.365006,819,1601
14668.370005,973,1601
14668.375006,874,1601
14668.380007,787,1596
14668.385006,957,1602
14668.390006,936,1598
14668.395006,760,1598
14668.400007,882,1595
14668.405006,963,1600
14668.410006,775,1601
14668.415006,806,1604
14668.420006,969,1600
14668.425007,873,1599
14668.430006,780,1600
14668.435006,962,1601
14668.440006,920,1599
14668.445006,775,1600
14668.450005,885,1600
14668.455006,946,1601
14668.460006,777,1599
14668.465006,821,1598
14668.470006,979,1600
14668.475006,863,1598
14668.480006,781,1598
14668.485006,958,1601
14668.490007,938,1598
14668.495006,760,1595
14668.500005,869,1596
14668.505005,942,1600
14668.510007,782,1594
14668.515006,815,1595
14668.520005,979,1597
14668.525006,875,1596
14668.530005,794,1597
14668.535006,967,1600
14668.540006,916,1601
14668.545006,765,1598
14668.550006,869,1602
14668.555007,949,1598
14668.560006,762,1602
14668.565006,826,1598
14668.570007,992,1596
14668.575007,865,1599
14668.580005,781,1603
14668.585006,955,1601
14668.590006,936,1597
14668.595006,762,1599
14668.600005,869,1601
14668.605006,968,1598
14668.610007,764,1600
14668.615005,802,1599
14668.620005,987,1596
14668.625006,878,1596
14668.630007,783,1597
14668.635006,955,1600
14668.640006,921,1599
14668.645006,772,1597
14668.650006,866,1599
14668.655006,944,1603
14668.660007,778,1600
14668.665006,808,1602
14668.670006,973,1601
14668.675006,864,1605
14668.680006,799,1601
14668.685007,960,1606
14668.690006,933,1607
14668.695007,771,1603
14668.700007,864,1610
14668.705007,965,1608
14668.710007,778,1609
14668.715005,814,1610
14668.720006,974,1614
14668.725006,867,1609
14668.730006,776,1615
14668.735005,972,1610
14668.740006,924,1610
14668.745006,771,1607
14668.750006,862,1610
14668.755006,943,1610
14668.760006,784,1607
14668.765006,818,1604
14668.770005,978,1602
14668.775006,861,1603
14668.780005,791,1594
14668.785007,971,1595
14668.790007,932,1601
14668.795007,747,1604
14668.800006,879,1600
14668.805006,963,1598
14668.810005,763,1600
14668.815005,805,1599
14668.820006,976,1603
14668.825006,880,1599
14668.830005,792,1599
14668.835005,962,1602
14668.840006,923,1596
14668.845006,772,1599
14668.850007,866,1597
14668.855006,945,1601
14668.860006,787,1592
14668.865005,815,1597
14668.870005,979,1593
14668.875006,865,1595
14668.880007,792,1598
14668.885006,956,1597
14668.890006,941,1592
14668.895006,763,1592
14668.900006,865,1595
14668.905006,951,1593
14668.910006,762,1593
14668.915006,820,1592
14668.920005,988,1590
14668.925005,867,1591
14668.930006,790,1597
14668.935006,961,1589
14668.940005,926,1590
14668.945006,749,1597
14668.950005,877,1595
14668.955007,950,1598
14668.960007,782,1594
14668.965005,800,1599
14668.970006,989,1596
14668.975006,873,1596
14668.980006,778,1598
14668.985006,977,1598
14668.990006,931,1596
14668.995005,750,1597
14669.000006,878,1596
14669.005005,956,1595
14669.010006,765,1597
14669.015006,804,1598
14669.020006,994,1596
14669.025006,875,1597
14669.030005,775,1599
14669.035006,973,1594
14669.040006,932,1597
14669.045006,751,1601
14669.050006,856,1601
14669.055007,966,1600
14669.060007,774,1603
14669.065005,811,1600
14669.070007,974,1603
14669.075006,883,1601
14669.080005,791,1602
14669.085006,964,1605
14669.090005,922,1604
14669.095007,765,1601
14669.100007,872,1603
14669.105006,948,1605
14669.110005,787,1604
14669.115006,805,1604
14669.120007,969,1604
14669.125006,882,1600
14669.130006,775,1604
14669.135006,973,1604
14669.140006,931,1602
14669.145005,757,1601
14669.150006,859,1601
14669.155006,948,1605
14669.160006,788,1602
14669.165005,819,1602
14669.170007,979,1604
14669.175006,870,1602
14669.180006,791,1594
14669.185006,957,1604
14669.190006,935,1599
14669.195006,772,1602
14669.200005,871,1606
14669.205006,958,1605
14669.210006,765,1609
14669.215006,816,1601
14669.220006,983,1606
14669.225005,869,1608
14669.230006,780,1611
14669.235006,956,1606
14669.240006,924,1607
14669.245006,770,1607
14669.250005,861,1609
14669.255006,954,1605
14669.260005,783,1607
14669.265006,811,1608
14669.270006,977,1609
14669.275006,874,1606
14669.280006,803,1604
14669.285006,974,1604
14669.290006,938,1604
14669.295005,760,1608
14669.300005,865,1608
14669.305005,954,1610
14669.310007,769,1609
14669.315006,806,1613
14669.320006,997,1612
14669.325006,879,1613
14669.330006,779,1614
14669.335007,978,1614
14669.340006,939,1616
14669.345006,756,1619
14669.350005,860,1619
14669.355006,972,1616
14669.360005,779,1618
14669.365007,807,1621
14669.370006,995,1617
14669.375005,885,1619
14669.380005,782,1618
14669.385006,981,1616
14669.390007,943,1625
14669.395007,761,1622
14669.400005,863,1617
14669.405006,956,1618
14669.410006,794,1618
14669.415006,812,1618
14669.420007,978,1619
14669.425006,874,1616
14669.430006,791,1618
14669.435007,960,1619
14669.440006,931,1619
14669.445006,765,1620
14669.450007,856,1623
14669.455006,980,1619
14669.460006,793,1621
14669.465006,815,1620
14669.470006,981,1620
14669.475005,901,1613
14669.480006,793,1616
14669.485006,961,1619
14669.490007,941,1618
14669.495006,767,1618
14669.500007,862,1619
14669.505007,959,1617
14669.510005,775,1617
14669.515006,821,1615
14669.520007,991,1617
14669.525005,884,1615
14669.530005,795,1618
14669.535007,960,1617
14669.540007,926,1616
14669.545005,758,1610
14669.550005,854,1615
14669.555005,957,1616
14669.560006,794,1610
14669.565006,829,1613
14669.570006,997,1611
14669.575006,890,1612
14669.580005,779,1611
14669.585005,952,1614
14669.590006,951,1604
14669.595006,764,1604
14669.600006,858,1606
14669.605006,954,1605
14669.610006,773,1609
14669.615006,825,1603
14669.620005,986,1604
14669.625006,884,1605
14669.630005,778,1604
14669.635006,954,1603
14669.640005,946,1594
14669.645006,767,1599
14669.650007,862,1600
14669.655006,961,1600
14669.660006,789,1597
14669.665007,825,1600
14669.670005,990,1603
14669.675005,889,1603
14669.680005,777,1605
14669.685006,972,1605
14669.690005,936,1605
14669.695006,755,1605
14669.700005,851,1606
14669.705006,954,1605
14669.710006,796,1605
14669.715006,813,1604
14669.720006,977,1599
14669.725005,895,1608
14669.730006,782,1604
14669.735005,950,1604
14669.740006,947,1597
14669.745005,761,1601
14669.750007,846,1604
14669.755007,964,1606
14669.760006,774,1603
14669.765006,802,1605
14669.770006,989,1605
14669.775007,881,1606
14669.780007,788,1603
14669.785007,952,1609
14669.790006,927,1610
14669.795005,768,1604
14669.800006,853,1609
14669.805005,954,1614
14669.810007,791,1613
14669.815007,803,1618
14669.820006,976,1620
14669.825005,906,1619
14669.830007,783,1621
14669.835007,949,1622
14669.840006,938,1623
14669.845007,754,1627
14669.850005,868,1624
14669.855006,965,1624
14669.860005,788,1626
14669.865006,815,1624
14669.870007,978,1627
14669.875006,909,1625
14669.880006,786,1621
14669.885005,959,1622
14669.890006,936,1624
14669.895006,761,1621
14669.900006,849,1627
14669.905006,980,1622
14669.910007,787,1626
14669.915006,809,1629
14669.920007,975,1625
14669.925006,899,1627
14669.930005,789,1630
14669.935006,958,1632
14669.940006,932,1631
14669.945006,750,1632
14669.950006,860,1633
14669.955006,970,1630
14669.960006,795,1632
14669.965007,813,1635
14669.970007,980,1632
14669.975006,884,1635
14669.980007,793,1633
14669.985007,959,1629
14669.990005,932,1630
14669.995005,753,1630
14670.000006,865,1627
14670.005007,978,1629
14670.010005,786,1626
14670.015006,803,1626
14670.020005,999,1620
14670.025007,898,1622
14670.030006,779,1623
14670.035007,945,1619
14670.040007,949,1617
14670.045006,761,1619
14670.050005,854,1616
14670.055006,957,1617
14670.060006,777,1618
14670.065005,803,1617
14670.070006,972,1615
14670.075005,887,1619
14670.080006,790,1614
14670.085006,964,1618
14670.090005,933,1618
14670.095006,750,1622
14670.100005,861,1620
14670.105006,958,1621
14670.110005,794,1617
14670.115006,799,1617
14670.120006,986,1619
14670.125006,898,1620
14670.130007,778,1620
14670.135005,956,1612
14670.140006,930,1613
14670.145005,772,1616
14670.150006,857,1607
14670.155005,970,1614
14670.160006,795,1613
14670.165006,814,1616
14670.170006,981,1613
14670.175006,886,1616
14670.180006,770,1616
14670.185006,964,1610
14670.190005,928,1614
14670.195006,753,1615
14670.200006,857,1606
14670.205006,956,1617
14670.210006,800,1617
14670.215006,809,1615
14670.220006,980,1615
14670.225006,895,1615
14670.230007,772,1615
14670.235007,964,1611
14670.240006,935,1615
14670.245005,758,1613
14670.250006,846,1613
14670.255006,956,1614
14670.260006,798,1608
14670.265006,809,1610
14670.270007,979,1609
14670.275006,896,1612
14670.280005,780,1608
14670.285006,946,1609
14670.290006,930,1609
14670.295005,758,1608
14670.300006,841,1608
14670.305006,975,1603
14670.310007,793,1603
14670.315007,812,1602
14670.320005,976,1604
14670.325006,916,1597
14670.330005,784,1597
14670.335006,945,1599
14670.340006,927,1597
14670.345006,769,1596
14670.350006,851,1593
14670.355007,967,1592
14670.360006,790,1593
14670.365006,808,1590
14670.370006,975,1588
14670.375006,913,1584
14670.380006,789,1587
14670.385006,956,1585
14670.390006,933,1578
14670.395005,757,1580
14670.400007,844,1581
14670.405006,956,1579
14670.410006,794,1576
14670.415006,805,1577
14670.420006,975,1577
14670.425007,904,1571
14670.430005,782,1586
14670.435006,939,1582
14670.440006,948,1576
14670.445007,762,1581
14670.450006,834,1583
14670.455007,970,1580
14670.460007,793,1584
14670.465006,807,1584
14670.470006,977,1586
14670.475005,891,1588
14670.480006,778,1580
14670.485005,956,1584
14670.490006,947,1591
14670.495006,755,1590
14670.500006,838,1591
14670.505006,956,1594
14670.510006,799,1594
14670.515006,816,1593
14670.520006,979,1592
14670.525006,893,1594
14670.530006,772,1591
14670.535006,953,1593
14670.540007,928,1596
14670.545006,766,1592
14670.550006,843,1595
14670.555005,957,1594
14670.560006,782,1596
14670.565006,798,1594
14670.570007,987,1597
14670.575006,895,1600
14670.580005,773,1601
14670.585006,962,1599
14670.590006,942,1601
14670.595006,757,1601
14670.600005,832,1606
14670.605006,980,1604
14670.610006,791,1608
14670.615006,808,1606
14670.620005,980,1607
14670.625007,890,1612
14670.630005,784,1606
14670.635006,939,1611
14670.640007,932,1600
14670.645005,770,1606
14670.650006,841,1611
14670.655005,956,1611
14670.660006,803,1607
14670.665006,812,1608
14670.670006,980,1609
14670.675006,902,1610
14670.680006,770,1608
14670.685007,956,1609
14670.690006,939,1611
14670.695006,756,1612
14670.700006,829,1614
14670.705007,978,1612
14670.710006,796,1611
14670.715007,804,1612
14670.720006,978,1616
14670.725005,912,1614
14670.730007,788,1615
14670.735006,949,1612
14670.740006,927,1617
14670.745005,754,1621
14670.750006,834,1619
14670.755006,958,1622
14670.760006,789,1616
14670.765006,813,1610
14670.770007,993,1622
14670.775005,909,1621
14670.780006,781,1622
14670.785006,953,1620
14670.790006,937,1621
14670.795005,751,1624
14670.800005,836,1624
14670.805006,960,1625
14670.810007,804,1621
14670.815007,812,1622
14670.820006,985,1622
14670.825006,903,1624
14670.830005,770,1625
14670.835005,961,1622
14670.840006,945,1621
14670.845006,761,1622
14670.850005,844,1625
14670.855006,961,1622
14670.860005,808,1620
14670.865006,808,1618
14670.870005,974,1622
14670.875006,921,1619
14670.880005,777,1619
14670.885007,944,1615
14670.890006,938,1612
14670.895005,764,1613
14670.900005,839,1618
14670.905005,959,1614
14670.910006,797,1608
14670.915005,815,1614
14670.920006,984,1610
14670.925007,905,1614
14670.930005,765,1612
14670.935006,937,1615
14670.940006,947,1609
14670.945007,747,1612
14670.950006,852,1609
14670.955006,970,1615
14670.960006,790,1613
14670.965005,800,1615
14670.970007,976,1614
14670.975006,921,1614
14670.980006,780,1611
14670.985007,946,1615
14670.990006,931,1616
14670.995005,750,1619
14671.000006,848,1616
14671.005006,969,1617
14671.010006,794,1618
14671.015006,800,1617
14671.020005,995,1617
14671.025006,907,1617
14671.030005,788,1618
14671.035006,944,1616
14671.040007,930,1621
14671.045007,772,1618
14671.050006,825,1620
14671.055005,974,1616
14671.060007,797,1616
14671.065006,802,1621
14671.070006,977,1620
14671.075007,926,1619
14671.080005,786,1620
14671.085006,948,1619
14671.090006,938,1619
14671.095006,749,1625
14671.100006,841,1611
14671.105006,975,1618
14671.110006,794,1617
14671.115007,814,1611
14671.120005,982,1614
14671.125006,904,1615
14671.130006,771,1613
14671.135006,932,1614
14671.140006,945,1613
14671.145005,762,1610
14671.150006,828,1610
14671.155007,958,1612
14671.160006,814,1609
14671.165006,809,1613
14671.170005,976,1613
14671.175005,928,1611
14671.180006,778,1611
14671.185006,936,1612
14671.190007,938,1607
14671.195005,761,1612
14671.200006,824,1618
14671.205006,960,1617
14671.210006,818,1616
14671.215005,814,1615
14671.220006,978,1616
14671.225006,916,1609
14671.230006,782,1616
14671.235005,940,1619
14671.240006,934,1618
14671.245005,749,1619
14671.250007,842,1616
14671.255006,966,1618
14671.260007,795,1616
14671.265006,818,1610
14671.270006,992,1613
14671.275006,911,1614
14671.280006,781,1605
14671.285006,946,1608
14671.290006,937,1608
14671.295006,748,1612
14671.300007,822,1612
14671.305006,981,1604
14671.310005,807,1604
14671.315005,804,1608
14671.320006,976,1605
14671.325005,929,1605
14671.330005,781,1604
14671.335005,937,1607
14671.340006,929,1609
14671.345007,766,1607
14671.350006,833,1608
14671.355006,966,1609
14671.360005,808,1603
14671.365006,815,1616
14671.370006,978,1611
14671.375005,916,1612
14671.380006,777,1613
14671.385006,931,1613
14671.390006,950,1608
14671.395006,765,1608
14671.400006,825,1610
14671.405005,964,1612
14671.410006,819,1610
14671.415006,814,1608
14671.420006,985,1608
14671.425006,915,1609
14671.430005,772,1611
14671.435006,931,1606
14671.440006,949,1611
14671.445006,760,1610
14671.450007,825,1611
14671.455005,971,1609
14671.460006,801,1611
14671.465005,806,1613
14671.470006,979,1613
14671.475005,933,1606
14671.480006,790,1609
14671.485005,941,1609
14671.490006,929,1612
14671.495006,767,1608
14671.500005,822,1606
14671.505006,966,1605
14671.510006,812,1603
14671.515007,814,1601
14671.520006,988,1597
14671.525006,920,1601
14671.530005,771,1603
14671.535006,930,1603
14671.540006,929,1608
14671.545006,772,1601
14671.550007,834,1601
14671.555006,972,1601
14671.560006,805,1605
14671.565005,801,1603
14671.570006,980,1602
14671.575005,911,1606
14671.580005,785,1604
14671.585005,932,1606
14671.590006,930,1607
14671.595006,769,1603
14671.600006,832,1602
14671.605006,971,1602
14671.610005,815,1604
14671.615006,816,1602
14671.620006,973,1603
14671.625006,914,1605
14671.630006,765,1603
14671.635006,930,1603
14671.640006,957,1597
14671.645005,755,1601
14671.650007,843,1594
14671.655007,984,1600
14671.660006,809,1598
14671.665006,818,1601
14671.670007,983,1598
14671.675006,912,1601
14671.680006,762,1603
14671.685006,942,1599
14671.690005,935,1603
14671.695005,751,1604
14671.700006,814,1604
14671.705005,964,1603
14671.710006,821,1603
14671.715005,808,1602
14671.720006,974,1607
14671.725005,913,1606
14671.730006,766,1609
14671.735006,931,1603
14671.740006,948,1599
14671.745005,750,1605
14671.750006,835,1600
14671.755006,975,1603
14671.760005,808,1603
14671.765006,803,1592
14671.770006,989,1601
14671.775006,923,1598
14671.780006,769,1599
14671.785007,945,1600
14671.790006,947,1602
14671.795007,750,1599
14671.800007,836,1600
14671.805005,968,1600
14671.810006,800,1604
14671.815006,800,1603
14671.820006,996,1600
14671.825006,916,1602
14671.830006,785,1601
14671.835006,938,1600
14671.840005,936,1602
14671.845006,752,1601
14671.850005,831,1600
14671.855006,982,1602
14671.860006,803,1603
14671.865006,813,1603
14671.870006,994,1603
14671.875005,926,1605
14671.880005,763,1605
14671.885006,945,1602
14671.890005,944,1606
14671.895005,754,1605
14671.900006,811,1610
14671.905006,983,1605
14671.910007,813,1606
14671.915006,805,1607
14671.920006,982,1606
14671.925006,919,1608
14671.930005,766,1606
14671.935006,924,1608
14671.940006,947,1605
14671.945006,754,1606
14671.950005,823,1606
14671.955007,963,1608
14671.960006,817,1598
14671.965005,804,1600
14671.970006,991,1606
14671.975007,920,1604
14671.980005,763,1606
14671.985005,925,1603
14671.990006,929,1603
14671.995006,764,1602
14672.000006,824,1603
14672.005006,965,1602
14672.010005,801,1604
14672.015007,815,1600
14672.020006,985,1605
14672.025006,917,1608
14672.030006,765,1607
14672.035007,921,1608
14672.040007,942,1601
14672.045006,763,1606
14672.050005,830,1610
14672.055005,972,1607
14672.060006,819,1609
14672.065006,810,1609
14672.070007,982,1610
14672.075006,914,1614
14672.080005,784,1609
14672.085006,935,1612
14672.090005,944,1611
14672.095006,763,1609
14672.100007,819,1608
14672.105005,960,1613
14672.110006,813,1602
14672.115006,805,1610
14672.120006,973,1612
14672.125006,936,1605
14672.130006,778,1606
14672.135006,923,1605
14672.140006,931,1607
14672.145005,753,1602
14672.150006,833,1599
14672.155005,977,1604
14672.160007,826,1602
14672.165006,804,1603
14672.170007,984,1605
14672.175006,920,1603
14672.180005,759,1606
14672.185007,941,1601
14672.190006,943,1605
14672.195007,749,1602
14672.200006,833,1602
14672.205006,973,1603
14672.210006,810,1603
14672.215006,814,1599
14672.220006,982,1602
14672.225006,912,1606
14672.230005,764,1605
14672.235006,918,1604
14672.240007,952,1602
14672.245006,756,1607
14672.250006,815,1604
14672.255006,964,1605
14672.260006,822,1604
14672.265006,797,1604
14672.270006,993,1602
14672.275007,923,1601
14672.280006,785,1603
14672.285006,928,1601
14672.290005,933,1604
14672.295006,754,1598
14672.300006,813,1606
14672.305006,982,1598
14672.310007,812,1605
14672.315006,813,1604
14672.320007,981,1604
14672.325007,917,1604
14672.330006,767,1607
14672.335006,925,1606
14672.340005,959,1603
14672.345006,770,1603
14672.350006,814,1608
14672.355007,983,1603
14672.360007,814,1602
14672.365005,809,1602
14672.370005,978,1601
14672.375006,921,1599
14672.380006,765,1602
14672.385005,945,1596
14672.390006,948,1597
14672.395005,753,1598
14672.400006,814,1597
14672.405006,979,1596
14672.410006,820,1591
14672.415006,808,1595
14672.420005,988,1592
14672.425006,919,1592
14672.430005,772,1591
14672.435006,919,1596
14672.440005,952,1591
14672.445007,767,1590
14672.450006,835,1595
14672.455005,977,1594
14672.460006,812,1596
14672.465006,795,1597
14672.470007,997,1597
14672.475005,924,1595
14672.480006,772,1593
14672.485006,930,1595
14672.490006,939,1598
14672.495005,750,1597
14672.500006,816,1596
14672.505007,983,1592
14672.510005,817,1594
14672.515006,816,1593
14672.520006,982,1592
14672.525006,917,1592
14672.530005,779,1593
14672.535007,935,1592
14672.540007,945,1592
14672.545007,749,1599
14672.550007,830,1593
14672.555006,976,1596
14672.560006,810,1601
14672.565006,792,1602
14672.570007,995,1600
14672.575007,921,1605
14672.580006,770,1603
14672.585006,926,1609
14672.590006,956,1606
14672.595006,761,1609
14672.600006,815,1614
14672.605006,962,1613
14672.610005,809,1610
14672.615006,812,1614
14672.620006,985,1612
14672.625005,929,1614
14672.630006,766,1616
14672.635005,921,1614
14672.640006,958,1613
14672.645006,771,1610
14672.650007,833,1612
14672.655006,973,1614
14672.660007,808,1613
14672.665006,816,1608
14672.670007,976,1614
14672.675006,938,1611
14672.680006,766,1613
14672.685006,932,1616
14672.690005,940,1615
14672.695006,748,1617
14672.700007,835,1620
14672.705006,980,1619
14672.710006,814,1624
14672.715005,798,1622
14672.720007,989,1620
14672.725006,931,1625
14672.730005,763,1625
14672.735006,927,1616
14672.740006,944,1627
14672.745006,756,1626
14672.750006,817,1629
14672.755006,963,1629
14672.760005,836,1624
14672.765007,804,1627
14672.770007,989,1625
14672.775006,919,1630
14672.780006,785,1624
14672.785006,922,1627
14672.790006,936,1626
14672.795006,765,1620
14672.800005,831,1627
14672.805005,968,1625
14672.810006,835,1618
14672.815007,807,1623
14672.820006,973,1626
14672.825005,939,1620
14672.830006,782,1621
14672.835006,920,1621
14672.840006,938,1614
14672.845007,758,1619
14672.850005,823,1610
14672.855006,982,1618
14672.860005,820,1616
14672.865006,799,1619
14672.870005,989,1617
14672.875007,928,1616
14672.880006,761,1617
14672.885005,935,1614
14672.890006,942,1615
14672.895005,754,1614
14672.900006,828,1613
14672.905007,974,1616
14672.910005,812,1617
14672.915006,817,1610
14672.920005,981,1614
14672.925005,918,1615
14672.930005,766,1616
14672.935006,915,1616
14672.940006,957,1616
14672.945007,761,1617
14672.950006,810,1620
14672.955006,981,1613
14672.960006,826,1622
14672.965007,794,1624
14672.970007,993,1623
14672.975006,926,1621
14672.980006,768,1621
14672.985006,918,1624
14672.990007,941,1623
14672.995006,753,1627
14673.000005,829,1625
14673.005006,982,1622
14673.010006,821,1621
14673.015006,799,1622
14673.020005,974,1624
14673.025006,942,1621
14673.030005,765,1619
14673.035006,917,1619
14673.040007,936,1619
14673.045007,768,1618
14673.050006,818,1617
14673.055006,990,1616
14673.060007,820,1617
14673.065006,799,1612
14673.070006,993,1613
14673.075006,924,1615
14673.080005,768,1611
14673.085005,914,1614
14673.090007,955,1614
14673.095007,759,1611
14673.100006,817,1614
14673.105007,987,1609
14673.110007,837,1609
14673.115007,802,1608
14673.120006,975,1609
14673.125005,916,1608
14673.130005,786,1605
14673.135007,920,1603
14673.140006,940,1603
14673.145006,755,1599
14673.150006,818,1602
14673.155006,965,1597
14673.160006,816,1599
14673.165007,810,1594
14673.170005,979,1596
14673.175005,920,1598
14673.180006,764,1590
14673.185006,925,1592
14673.190005,957,1593
14673.195007,767,1591
14673.200006,824,1592
14673.205007,970,1597
14673.210006,822,1597
14673.215006,798,1594
14673.220006,970,1595
14673.225006,941,1594
14673.230006,770,1598
14673.235005,908,1597
14673.240006,959,1594
14673.245005,764,1593
14673.250007,819,1594
14673.255007,975,1596
14673.260006,819,1592
14673.265006,811,1591
14673.270005,977,1591
14673.275006,916,1596
14673.280006,764,1593
14673.285006,925,1593
14673.290007,947,1595
14673.295006,755,1594
14673.300006,828,1589
14673.305006,977,1598
14673.310006,824,1596
14673.315006,791,1600
14673.320006,987,1598
14673.325005,921,1597
14673.330006,778,1598
14673.335007,927,1601
14673.340006,939,1602
14673.345007,761,1598
14673.350006,832,1603
14673.355006,984,1604
14673.360005,820,1603
14673.365005,805,1598
14673.370006,987,1602
14673.375005,929,1606
14673.380005,758,1608
14673.385007,932,1603
14673.390006,939,1609
14673.395006,769,1610
14673.400005,825,1603
14673.405005,986,1608
14673.410006,819,1610
14673.415006,788,1613
14673.420005,988,1611
14673.425006,926,1606
14673.430005,758,1613
14673.435006,928,1611
14673.440005,948,1612
14673.445006,754,1613
14673.450007,810,1615
14673.455005,971,1613
14673.460006,836,1605
14673.465005,818,1612
14673.470006,989,1614
14673.475006,915,1618
14673.480007,774,1614
14673.485007,912,1617
14673.490006,938,1619
14673.495005,753,1624
14673.500006,833,1617
14673.505006,984,1620
14673.510006,828,1618
14673.515006,811,1620
14673.520006,985,1622
14673.525007,927,1622
14673.530006,773,1622
14673.535006,908,1623
14673.540006,954,1618
14673.545006,762,1622
14673.550006,829,1624
14673.555006,986,1623
14673.560006,824,1623
14673.565006,793,1622
14673.570006,989,1626
14673.575006,926,1630
14673.580006,764,1626
14673.585006,911,1618
14673.590005,956,1622
14673.595006,756,1625
14673.600006,812,1625
14673.605006,994,1620
14673.610005,832,1623
14673.615006,792,1625
14673.620006,993,1624
14673.625005,931,1619
14673.630005,769,1620
14673.635006,923,1616
14673.640007,954,1611
14673.645006,770,1615
14673.650006,819,1619
14673.655005,971,1614
14673.660006,833,1613
14673.665007,797,1618
14673.670005,973,1616
14673.675005,921,1612
14673.680006,776,1617
14673.685007,920,1614
14673.690006,943,1611
14673.695006,751,1617
14673.700005,829,1611
14673.705006,989,1606
14673.710006,830,1613
14673.715007,794,1610
14673.720006,973,1610
14673.725007,936,1608
14673.730006,771,1605
14673.735006,910,1606
14673.740006,934,1604
14673.745005,769,1601
14673.750007,832,1596
14673.755006,976,1598
14673.760005,823,1598
14673.765006,795,1596
14673.770006,972,1594
14673.775007,941,1591
14673.780007,767,1593
14673.785005,908,1594
14673.790005,936,1591
14673.795007,771,1592
14673.800007,817,1592
14673.805006,972,1594
14673.810007,836,1593
14673.815007,801,1591
14673.820006,977,1595
14673.825006,928,1595
14673.830005,771,1593
14673.835005,907,1595
14673.840007,940,1597
14673.845006,750,1599
14673.850006,826,1593
14673.855007,985,1595
14673.860007,824,1595
14673.865006,788,1598
14673.870005,985,1594
14673.875006,916,1597
14673.880007,760,1595
14673.885005,926,1590
14673.890006,949,1592
14673.895005,757,1591
14673.900006,825,1592
14673.905006,984,1590
14673.910007,832,1592
14673.915006,794,1594
14673.920006,979,1584
14673.925007,935,1593
14673.930006,771,1595
14673.935006,907,1592
14673.940005,938,1594
14673.945006,755,1592
14673.950005,819,1595
14673.955006,973,1595
14673.960006,848,1594
14673.965006,804,1590
14673.970006,978,1595
14673.975006,924,1593
14673.980007,763,1597
14673.985006,898,1599
14673.990006,960,1596
14673.995005,757,1596
14674.000006,825,1590
14674.005006,970,1602
14674.010006,820,1603
14674.015006,805,1600
14674.020005,979,1601
14674.025007,917,1605
14674.030006,781,1603
14674.035005,912,1604
14674.040005,943,1608
14674.045006,767,1605
14674.050006,825,1612
14674.055006,971,1610
14674.060006,825,1613
14674.065007,806,1613
14674.070005,972,1614
14674.075005,929,1614
14674.080007,763,1614
14674.085007,901,1614
14674.090005,956,1614
14674.095006,755,1618
14674.100006,830,1614
14674.105006,978,1614
14674.110005,825,1616
14674.115006,804,1614
14674.120006,975,1617
14674.125005,935,1609
14674.130005,771,1614
14674.135006,905,1613
14674.140006,956,1611
14674.145006,766,1610
14674.150006,807,1612
14674.155006,987,1611
14674.160007,832,1611
14674.165006,787,1615
14674.170006,988,1609
14674.175006,929,1610
14674.180006,767,1609
14674.185006,902,1609
14674.190006,935,1610
14674.195007,774,1609
14674.200006,816,1604
14674.205006,973,1607
14674.210007,826,1602
14674.215005,805,1604
14674.220006,984,1596
14674.225006,930,1603
14674.230006,763,1603
14674.235006,913,1598
14674.240005,955,1602
14674.245006,752,1601
14674.250005,816,1593
14674.255005,978,1602
14674.260007,829,1602
14674.265005,786,1605
14674.270005,989,1603
14674.275006,921,1603
14674.280006,757,1604
14674.285006,908,1605
14674.290006,939,1607
14674.295005,755,1608
14674.300006,824,1605
14674.305006,974,1609
14674.310006,832,1605
14674.315005,811,1608
14674.320006,984,1609
14674.325006,920,1610
14674.330005,783,1609
14674.335006,905,1612
14674.340006,956,1609
14674.345006,772,1614
14674.350005,813,1613
14674.355006,992,1609
14674.360005,829,1614
14674.365007,801,1614
14674.370007,973,1612
14674.375005,920,1613
14674.380005,776,1602
14674.385006,914,1611
14674.390006,950,1605
14674.395007,760,1610
14674.400006,815,1607
14674.405006,980,1608
14674.410007,838,1606
14674.415006,789,1613
14674.420006,973,1611
14674.425006,947,1607
14674.430006,771,1605
14674.435006,912,1611
14674.440005,950,1611
14674.445007,758,1614
14674.450006,837,1611
14674.455005,974,1617
14674.460006,849,1612
14674.465005,814,1613
14674.470006,985,1617
14674.475006,927,1615
14674.480006,760,1621
14674.485005,898,1619
14674.490007,956,1618
14674.495007,770,1619
14674.500005,825,1619
14674.505005,975,1620
14674.510006,843,1620
14674.515006,792,1623
14674.520006,992,1617
14674.525006,942,1623
14674.530005,769,1620
14674.535006,901,1623
14674.540006,943,1621
14674.545006,760,1617
14674.550006,835,1619
14674.555006,983,1620
14674.560006,831,1620
14674.565006,802,1620
14674.570006,972,1618
14674.575005,939,1620
14674.580006,768,1620
14674.585007,907,1618
14674.590006,951,1619
14674.595006,758,1622
14674.600006,834,1621
14674.605006,990,1621
14674.610006,836,1620
14674.615006,786,1623
14674.620006,984,1621
14674.625006,924,1622
14674.630006,758,1627
14674.635006,917,1620
14674.640005,948,1620
14674.645006,765,1622
14674.650006,817,1621
14674.655006,974,1622
14674.660007,837,1617
14674.665007,789,1627
14674.670005,995,1622
14674.675006,932,1620
14674.680006,765,1619
14674.685006,900,1622
14674.690005,967,1620
14674.695006,771,1619
14674.700006,815,1622
14674.705006,968,1621
14674.710006,854,1618
14674.715005,798,1621
14674.720007,977,1620
14674.725006,924,1621
14674.730006,778,1616
14674.735005,907,1615
14674.740007,941,1619
14674.745006,770,1610
14674.750005,806,1614
14674.755006,987,1615
14674.760006,840,1613
14674.765006,808,1613
14674.770006,974,1608
14674.775007,921,1612
14674.780006,757,1611
14674.785007,914,1608
14674.790006,958,1605
14674.795006,758,1605
14674.800006,809,1606
14674.805006,984,1606
14674.810006,844,1604
14674.815006,794,1605
14674.820006,968,1606
14674.825006,931,1606
14674.830005,756,1608
14674.835006,904,1604
14674.840006,942,1606
14674.845007,773,1600
14674.850005,825,1606
14674.855005,973,1607
14674.860006,833,1609
14674.865007,792,1605
14674.870006,971,1607
14674.875005,941,1606
14674.880005,764,1603
14674.885006,894,1607
14674.890007,954,1606
14674.895005,753,1605
14674.900006,823,1600
14674.905005,977,1602
14674.910006,833,1602
14674.915006,794,1595
14674.920005,981,1602
14674.925005,924,1599
14674.930005,752,1601
14674.935007,909,1600
14674.940006,949,1597
14674.945007,749,1600
14674.950006,831,1599
14674.955005,972,1599
14674.960006,832,1602
14674.965006,803,1598
14674.970006,974,1597
14674.975005,928,1602
14674.980006,762,1600
14674.985006,893,1603
14674.990005,941,1606
14674.995006,771,1599
14675.000005,821,1602
14675.005006,980,1603
14675.010005,844,1602
14675.015006,787,1606
14675.020006,989,1607
14675.025006,927,1608
14675.030005,759,1606
14675.035006,886,1610
14675.040007,938,1611
14675.045006,780,1611
14675.050007,819,1613
14675.055006,975,1617
14675.060006,844,1613
14675.065006,790,1616
14675.070006,985,1615
14675.075006,943,1615
14675.080006,768,1614
14675.085006,891,1623
14675.090006,937,1621
14675.095006,755,1622
14675.100005,809,1618
14675.105005,994,1620
14675.110005,845,1619
14675.115007,793,1619
14675.120007,968,1619
14675.125005,922,1619
14675.130005,761,1612
14675.135007,909,1617
14675.140007,960,1613
14675.145005,762,1614
14675.150007,808,1617
14675.155006,980,1614
14675.160006,842,1614
14675.165006,811,1611
14675.170005,980,1612
14675.175005,927,1613
14675.180005,757,1611
14675.185006,889,1615
14675.190006,966,1609
14675.195006,768,1611
14675.200005,808,1609
14675.205006,983,1611
14675.210007,846,1608
14675.215006,791,1610
14675.220006,968,1611
14675.225005,939,1607
14675.230006,772,1605
14675.235006,901,1607
14675.240007,946,1605
14675.245006,755,1608
14675.250005,810,1604
14675.255005,990,1602
14675.260006,860,1600
14675.265006,793,1598
14675.270005,970,1598
14675.275007,918,1597
14675.280005,773,1598
14675.285006,901,1595
14675.290007,945,1593
14675.295007,752,1596
14675.300007,820,1592
14675.305005,973,1592
14675.310006,835,1591
14675.315005,804,1589
14675.320006,972,1591
14675.325006,931,1580
14675.330006,762,1581
14675.335006,897,1587
14675.340005,945,1587
14675.345007,754,1591
14675.350006,806,1587
14675.355007,966,1588
14675.360006,842,1579
14675.365007,797,1585
14675.370007,971,1587
14675.375006,925,1589
14675.380007,758,1590
14675.385006,888,1589
14675.390006,942,1590
14675.395006,775,1589
14675.400006,813,1588
14675.405006,984,1586
14675.410006,852,1588
14675.415006,794,1589
14675.420006,977,1590
14675.425007,933,1589
14675.430005,772,1587
14675.435005,900,1590
14675.440006,953,1587
14675.445007,761,1590
14675.450007,811,1589
14675.455006,971,1593
14675.460005,854,1589
14675.465006,796,1590
14675.470006,963,1595
14675.475005,935,1593
14675.480007,763,1590
14675.485006,882,1595
14675.490006,957,1593
14675.495006,764,1593
14675.500006,807,1595
14675.505007,967,1596
14675.510005,861,1595
14675.515006,786,1597
14675.520006,964,1600
14675.525006,915,1599
14675.530006,767,1599
14675.535007,889,1604
14675.540006,941,1603
14675.545006,777,1602
14675.550006,821,1602
14675.555006,985,1604
14675.560006,848,1606
14675.565007,786,1603
14675.570006,967,1608
14675.575006,915,1608
14675.580006,773,1608
14675.585006,891,1611
14675.590006,941,1611
14675.595006,757,1612
14675.600005,809,1611
14675.605006,970,1612
14675.610006,864,1611
14675.615006,792,1610
14675.620005,966,1612
14675.625006,932,1605
14675.630007,769,1609
14675.635005,888,1613
14675.640006,941,1615
14675.645007,772,1611
14675.650005,810,1613
14675.655005,975,1605
14675.660006,865,1610
14675.665007,788,1610
14675.670005,964,1610
14675.675005,939,1609
14675.680005,758,1607
14675.685006,884,1608
14675.690005,968,1600
14675.695007,776,1605
14675.700007,819,1600
14675.705005,989,1602
14675.710005,851,1605
14675.715006,786,1599
14675.720006,978,1599
14675.725005,939,1599
14675.730006,760,1601
14675.735005,882,1602
14675.740006,949,1598
14675.745006,761,1597
14675.750005,805,1602
14675.755006,988,1596
14675.760005,841,1600
14675.765006,806,1599
14675.770006,979,1599
14675.775006,928,1600
14675.780006,766,1602
14675.785006,882,1604
14675.790006,960,1602
14675.795006,770,1603
14675.800007,812,1607
14675.805005,979,1603
14675.810006,849,1608
14675.815007,787,1606
14675.820007,987,1607
14675.825006,933,1608
14675.830006,765,1608
14675.835006,900,1608
14675.840006,963,1611
14675.845006,771,1612
14675.850005,814,1615
14675.855006,977,1610
14675.860006,847,1612
14675.865006,784,1611
14675.870006,986,1610
14675.875006,942,1610
14675.880007,760,1611
14675.885005,885,1603
14675.890006,965,1606
14675.895005,768,1602
14675.900007,804,1602
14675.905006,994,1603
14675.910006,863,1605
14675.915005,793,1606
14675.920006,968,1602
14675.925007,936,1598
14675.930005,771,1605
14675.935007,898,1603
14675.940006,949,1608
14675.945007,757,1611
14675.950007,806,1607
14675.955005,973,1609
14675.960005,866,1611
14675.965007,792,1612
14675.970005,969,1615
14675.975005,921,1616
14675.980006,770,1616
14675.985006,888,1615
14675.990006,948,1616
14675.995005,777,1616
14676.000006,820,1615
14676.005007,972,1620
14676.010005,864,1618
14676.015006,797,1620
14676.020006,980,1622
14676.025007,936,1620
14676.030007,769,1618
14676.035006,893,1621
14676.040006,957,1620
14676.045006,767,1620
14676.050007,813,1622
14676.055006,995,1621
14676.060006,864,1621
14676.065005,792,1621
14676.070007,992,1619
14676.075006,934,1617
14676.080006,767,1617
14676.085006,882,1621
14676.090006,970,1618
14676.095007,773,1618
14676.100005,818,1618
14676.105006,973,1618
14676.110006,871,1617
14676.115006,790,1615
14676.120006,990,1618
14676.125006,939,1619
14676.130006,770,1620
14676.135005,886,1618
14676.140007,968,1614
14676.145005,780,1615
14676.150006,811,1619
14676.155005,968,1618
14676.160006,864,1612
14676.165006,806,1613
14676.170005,979,1614
14676.175006,921,1613
14676.180006,769,1606
14676.185006,892,1615
14676.190006,946,1619
14676.195007,771,1612
14676.200006,826,1616
14676.205005,977,1616
14676.210005,856,1614
14676.215006,792,1614
14676.220006,964,1616
14676.225005,945,1613
14676.230006,773,1614
14676.235006,888,1612
14676.240005,964,1612
14676.245005,766,1612
14676.250005,820,1610
14676.255006,978,1610
14676.260006,852,1610
14676.265006,782,1611
14676.270006,982,1608
14676.275006,923,1611
14676.280006,776,1605
14676.285006,890,1602
14676.290006,957,1605
14676.295005,763,1602
14676.300006,808,1600
14676.305005,982,1604
14676.310006,854,1606
14676.315005,799,1601
14676.320007,974,1606
14676.325007,920,1608
14676.330005,777,1605
14676.335005,881,1608
14676.340005,949,1604
14676.345006,780,1606
14676.350006,821,1607
14676.355007,982,1607
14676.360007,850,1608
14676.365006,805,1607
14676.370005,980,1605
14676.375006,931,1608
14676.380007,767,1603
14676.385006,878,1605
14676.390006,942,1604
14676.395006,779,1602
14676.400006,815,1602
14676.405006,971,1605
14676.410007,849,1605
14676.415006,800,1600
14676.420005,972,1602
14676.425006,938,1595
14676.430005,764,1604
14676.435006,877,1605
14676.440006,964,1607
14676.445006,772,1607
14676.450006,816,1609
14676.455006,981,1610
14676.460006,863,1610
14676.465005,794,1613
14676.470006,969,1612
14676.475006,923,1617
14676.480006,757,1616
14676.485005,900,1617
14676.490006,961,1615
14676.495005,772,1615
14676.500006,819,1612
14676.505007,979,1613
14676.510006,854,1613
14676.515005,788,1614
14676.520005,967,1616
14676.525006,922,1618
14676.530006,755,1615
14676.535007,900,1615
14676.540007,962,1615
14676.545005,765,1613
14676.550005,825,1616
14676.555005,988,1618
14676.560006,863,1618
14676.565007,787,1620
14676.570005,968,1621
14676.575005,925,1625
14676.580006,761,1617
14676.585006,879,1627
14676.590005,969,1623
14676.595006,771,1626
14676.600006,823,1622
14676.605006,980,1624
14676.610006,861,1616
14676.615006,806,1621
14676.620005,982,1621
14676.625006,932,1618
14676.630006,765,1618
14676.635006,887,1621
14676.640005,951,1620
14676.645006,761,1617
14676.650006,828,1617
14676.655006,985,1619
14676.660007,862,1610
14676.665006,788,1613
14676.670005,967,1614
14676.675005,945,1609
14676.680005,777,1610
14676.685006,883,1606
14676.690006,945,1613
14676.695006,761,1615
14676.700005,812,1611
14676.705006,975,1617
14676.710006,856,1617
14676.715005,783,1615
14676.720006,964,1615
14676.725006,923,1614
14676.730006,779,1613
14676.735006,880,1608
14676.740007,959,1610
14676.745006,774,1612
14676.750005,806,1612
14676.755005,974,1615
14676.760006,870,1610
14676.765007,786,1611
14676.770005,984,1609
14676.775007,938,1607
14676.780007,766,1608
14676.785006,883,1609
14676.790007,952,1610
14676.795006,766,1611
14676.800006,831,1605
14676.805006,983,1611
14676.810006,859,1607
14676.815006,788,1601
14676.820006,973,1607
14676.825005,925,1611
14676.830007,753,1611
14676.835006,894,1609
14676.840006,956,1600
14676.845006,777,1610
14676.850007,815,1611
14676.855006,979,1611
14676.860006,851,1613
14676.865006,798,1611
14676.870005,982,1613
14676.875006,927,1612
14676.880005,754,1617
14676.885006,873,1615
14676.890006,965,1613
14676.895006,765,1615
14676.900007,810,1612
14676.905006,973,1612
14676.910006,874,1606
14676.915006,787,1610
14676.920005,977,1610
14676.925005,930,1609
14676.930005,754,1611
14676.935007,887,1604
14676.940006,963,1604
14676.945005,775,1603
14676.950005,820,1604
14676.955006,984,1605
14676.960006,856,1603
14676.965005,779,1604
14676.970006,980,1603
14676.975006,928,1600
14676.980006,752,1603
14676.985006,885,1594
14676.990006,962,1598
14676.995006,764,1602
14677.000006,820,1593
14677.005006,986,1600
14677.010005,852,1601
14677.015006,780,1599
14677.020005,980,1596
14677.025006,924,1598
14677.030006,768,1590
14677.035006,886,1597
14677.040006,943,1599
14677.045006,760,1596
14677.050006,829,1594
14677.055005,986,1594
14677.060006,852,1594
14677.065006,797,1597
14677.070006,970,1600
14677.075006,924,1595
14677.080006,767,1593
14677.085007,885,1595
14677.090005,953,1595
14677.095006,762,1592
14677.100005,802,1596
14677.105007,969,1591
14677.110007,871,1589
14677.115005,785,1592
14677.120005,963,1595
14677.125006,943,1590
14677.130006,765,1589
14677.135005,869,1591
14677.140006,944,1591
14677.145006,774,1589
14677.150006,811,1589
14677.155006,979,1591
14677.160007,855,1591
14677.165006,782,1589
14677.170005,982,1593
14677.175005,936,1598
14677.180005,761,1594
14677.185006,871,1604
14677.190005,966,1599
14677.195006,769,1597
14677.200006,810,1603
14677.205006,970,1608
14677.210006,875,1604
14677.215005,786,1608
14677.220006,961,1611
14677.225005,946,1604
14677.230007,767,1610
14677.235005,883,1608
14677.240006,945,1611
14677.245005,762,1612
14677.250007,831,1604
14677.255007,988,1608
14677.260006,864,1610
14677.265007,781,1610
14677.270005,976,1607
14677.275006,931,1606
14677.280005,763,1600
14677.285006,888,1602
14677.290006,972,1603
14677.295005,770,1604
14677.300005,810,1611
14677.305005,980,1607
14677.310006,857,1610
14677.315007,785,1610
14677.320006,964,1606
14677.325005,943,1609
14677.330006,758,1608
14677.335007,876,1599
14677.340006,967,1605
14677.345006,784,1609
14677.350006,815,1607
14677.355007,978,1608
14677.360007,856,1609
14677.365005,795,1602
14677.370005,960,1607
14677.375006,942,1610
14677.380006,764,1607
14677.385006,889,1606
14677.390006,957,1605
14677.395005,764,1608
14677.400007,825,1608
14677.405005,984,1607
14677.410007,874,1603
14677.415006,789,1604
14677.420005,975,1604
14677.425005,936,1603
14677.430006,764,1601
14677.435007,869,1601
14677.440006,971,1600
14677.445006,770,1599
14677.450005,804,1600
14677.455006,989,1598
14677.460006,877,1598
14677.465006,787,1599
14677.470005,960,1599
14677.475005,923,1601
14677.480006,758,1598
14677.485006,876,1598
14677.490007,948,1602
14677.495006,765,1597
14677.500005,812,1601
14677.505005,975,1604
14677.510006,857,1603
14677.515007,798,1597
14677.520006,981,1603
14677.525006,937,1601
14677.530007,761,1600
14677.535007,877,1601
14677.540006,955,1603
14677.545006,765,1608
14677.550006,829,1605
14677.555006,990,1604
14677.560006,866,1608
14677.565005,795,1610
14677.570007,966,1609
14677.575006,929,1611
14677.580006,756,1616
14677.585007,866,1615
14677.590006,970,1615
14677.595006,771,1612
14677.600006,816,1613
14677.605006,982,1612
14677.610006,885,1609
14677.615006,797,1614
14677.620005,974,1615
14677.625006,926,1613
14677.630006,751,1610
14677.635005,868,1613
14677.640006,949,1613
14677.645006,787,1611
14677.650006,817,1612
14677.655006,978,1609
14677.660006,876,1611
14677.665006,803,1606
14677.670006,974,1611
14677.675006,924,1619
14677.680006,758,1617
14677.685006,867,1619
14677.690006,948,1622
14677.695006,784,1611
14677.700005,824,1623
14677.705006,990,1622
14677.710006,863,1626
14677.715006,780,1632
14677.720006,985,1631
14677.725005,934,1632
14677.730006,760,1632
14677.735005,871,1635
14677.740007,966,1634
14677.745007,775,1634
14677.750005,820,1635
14677.755005,984,1635
14677.760006,876,1625
14677.765006,799,1627
14677.770005,980,1633
14677.775007,942,1633
14677.780006,754,1635
14677.785006,883,1632
14677.790005,958,1630
14677.795006,776,1630
14677.800007,812,1630
14677.805005,992,1630
14677.810007,880,1629
14677.815005,787,1629
14677.820006,962,1630
14677.825005,930,1626
14677.830007,769,1629
14677.835005,870,1628
14677.840006,973,1629
14677.845006,776,1625
14677.850007,809,1626
14677.855006,976,1626
14677.860006,878,1621
14677.865006,798,1624
14677.870005,972,1622
14677.875006,937,1623
14677.880006,758,1622
14677.885006,866,1624
14677.890006,962,1621
14677.895005,767,1622
14677.900005,809,1626
14677.905005,999,1623
14677.910005,870,1626
14677.915005,789,1626
14677.920006,965,1626
14677.925007,924,1629
14677.930005,771,1626
14677.935007,880,1626
14677.940006,960,1626
14677.945007,771,1632
14677.950006,813,1632
14677.955006,980,1628
14677.960006,873,1620
14677.965006,806,1629
14677.970006,973,1627
14677.975006,933,1629
14677.980006,756,1629
14677.985005,872,1624
14677.990006,977,1625
14677.995006,774,1627
14678.000006,815,1624
14678.005006,991,1623
14678.010007,873,1620
14678.015005,788,1621
14678.020005,962,1625
14678.025006,942,1619
14678.030006,762,1619
14678.035006,892,1618
14678.040006,970,1619
14678.045005,775,1619
14678.050006,812,1622
14678.055005,986,1615
14678.060006,885,1621
14678.065006,790,1622
14678.070006,979,1618
14678.075006,944,1619
14678.080005,770,1623
14678.085005,871,1625
14678.090006,972,1622
14678.095006,780,1620
14678.100006,813,1622
14678.105005,977,1626
14678.110006,866,1625
14678.115006,803,1621
14678.120006,975,1614
14678.125006,931,1626
14678.130006,754,1629
14678.135005,884,1618
14678.140006,965,1619
14678.145006,778,1615
14678.150006,816,1618
14678.155005,982,1621
14678.160006,865,1617
14678.165007,782,1610
14678.170007,980,1616
14678.175005,936,1611
14678.180005,761,1610
14678.185007,868,1610
14678.190006,975,1608
14678.195006,782,1606
14678.200007,809,1608
14678.205006,977,1604
14678.210007,885,1603
14678.215005,788,1602
14678.220007,966,1602
14678.225006,923,1603
14678.230006,773,1600
14678.235005,876,1599
14678.240006,963,1600
14678.245006,769,1600
14678.250006,805,1602
14678.255007,994,1600
14678.260006,874,1601
14678.265006,783,1602
14678.270006,960,1602
14678.275007,942,1603
14678.280006,761,1600
14678.285007,867,1601
14678.290006,952,1605
14678.295006,788,1599
14678.300006,824,1608
14678.305005,993,1602
14678.310006,880,1601
14678.315006,784,1603
14678.320006,958,1605
14678.325006,925,1605
14678.330006,768,1596
14678.335007,879,1604
14678.340007,952,1603
14678.345006,782,1605
14678.350006,812,1604
14678.355006,995,1600
14678.360006,876,1604
14678.365006,789,1602
14678.370005,958,1602
14678.375007,942,1601
14678.380007,765,1600
14678.385005,879,1598
14678.390006,962,1596
14678.395005,767,1597
14678.400006,805,1599
14678.405006,967,1597
14678.410007,884,1595
14678.415006,787,1596
14678.420006,960,1593
14678.425006,921,1597
14678.430007,769,1595
14678.435007,868,1597
14678.440005,948,1601
14678.445006,759,1600
14678.450005,824,1598
14678.455007,977,1604
14678.460007,861,1605
14678.465006,793,1603
14678.470006,972,1603
14678.475005,927,1602
14678.480007,756,1602
14678.485005,858,1606
14678.490006,964,1604
14678.495006,762,1610
14678.500006,825,1603
14678.505006,984,1603
14678.510005,866,1605
14678.515006,786,1605
14678.520005,960,1604
14678.525007,945,1598
14678.530006,754,1602
14678.535006,865,1598
14678.540006,958,1601
14678.545005,773,1599
14678.550005,804,1599
14678.555005,972,1594
14678.560007,883,1601
14678.565006,781,1599
14678.570006,955,1600
14678.575005,939,1597
14678.580007,756,1600
14678.585006,871,1600
14678.590006,950,1603
14678.595006,760,1603
14678.600006,818,1598
14678.605007,976,1604
14678.610007,861,1602
14678.615006,794,1601
14678.620006,958,1605
14678.625006,940,1605
14678.630006,754,1605
14678.635006,858,1608
14678.640006,964,1606
14678.645006,774,1608
14678.650006,810,1608
14678.655006,976,1611
14678.660006,883,1611
14678.665006,779,1613
14678.670006,977,1608
14678.675006,931,1612
14678.680005,767,1610
14678.685006,880,1610
14678.690006,952,1611
14678.695006,765,1611
14678.700006,802,1614
14678.705005,992,1611
14678.710006,869,1610
14678.715006,793,1604
14678.720006,966,1609
14678.725006,929,1610
14678.730006,750,1610
14678.735006,883,1603
14678.740006,965,1606
14678.745006,777,1605
14678.750005,812,1607
14678.755005,970,1605
14678.760006,879,1597
14678.765006,790,1603
14678.770005,970,1598
14678.775007,934,1601
14678.780007,757,1600
14678.785006,865,1600
14678.790006,952,1601
14678.795006,766,1601
14678.800006,802,1605
14678.805006,976,1601
14678.810007,868,1602
14678.815006,797,1603
14678.820006,971,1602
14678.825006,925,1605
14678.830006,765,1597
14678.835006,870,1607
14678.840006,953,1604
14678.845007,781,1600
14678.850006,811,1601
14678.855006,972,1605
14678.860005,862,1605
14678.865007,775,1607
14678.870007,959,1599
14678.875006,942,1601
14678.880006,766,1598
14678.885006,859,1600
14678.890007,951,1598
14678.895005,767,1595
14678.900006,812,1588
14678.905006,989,1591
14678.910007,877,1592
14678.915005,784,1593
14678.920006,955,1589
14678.925007,935,1592
14678.930005,755,1592
14678.935006,859,1591
14678.940005,963,1590
14678.945007,780,1592
14678.950006,809,1593
14678.955005,978,1594
14678.960005,867,1596
14678.965006,774,1596
14678.970007,977,1596
14678.975007,927,1598
14678.980006,762,1589
14678.985006,856,1597
14678.990007,971,1596
14678.995006,771,1599
14679.000005,802,1600
14679.005006,970,1601
14679.010005,883,1601
14679.015006,781,1600
14679.020006,973,1598
14679.025007,940,1600
14679.030006,757,1603
14679.035007,861,1605
14679.040007,947,1606
14679.045005,765,1606
14679.050005,821,1603
14679.055005,987,1610
14679.060006,874,1608
14679.065005,778,1610
14679.070006,973,1609
14679.075006,932,1611
14679.080006,748,1611
14679.085005,877,1611
14679.090006,956,1613
14679.095006,770,1614
14679.100006,803,1616
14679.105007,989,1606
14679.110006,884,1612
14679.115007,778,1614
14679.120006,957,1614
14679.125005,943,1616
14679.130005,764,1618
14679.135006,861,1621
14679.140006,953,1620
14679.145006,789,1618
14679.150006,812,1617
14679.155005,974,1622
14679.160006,873,1614
14679.165006,792,1617
14679.170005,976,1616
14679.175005,943,1616
14679.180006,761,1616
14679.185007,857,1615
14679.190006,946,1620
14679.195006,786,1614
14679.200006,809,1616
14679.205006,974,1612
14679.210007,868,1614
14679.215006,797,1608
14679.220007,959,1611
14679.225006,925,1608
14679.230005,753,1611
14679.235005,855,1611
14679.240006,967,1606
14679.245006,772,1608
14679.250005,808,1608
14679.255005,972,1609
14679.260006,893,1608
14679.265006,784,1606
14679.270007,969,1611
14679.275005,924,1608
14679.280006,763,1600
14679.285006,869,1610
14679.290006,949,1610
14679.295005,762,1610
14679.300005,809,1612
14679.305005,978,1610
14679.310006,866,1612
14679.315005,797,1613
14679.320006,961,1613
14679.325007,924,1616
14679.330005,755,1609
14679.335005,875,1615
14679.340007,957,1616
14679.345006,766,1622
14679.350006,821,1615
14679.355006,981,1617
14679.360006,866,1617
14679.365007,795,1614
14679.370006,967,1612
14679.375006,939,1610
14679.380007,760,1610
14679.385005,862,1608
14679.390006,953,1609
14679.395006,764,1608
14679.400007,800,1606
14679.405006,997,1605
14679.410006,879,1604
14679.415006,777,1607
14679.420005,954,1608
14679.425006,923,1607
14679.430006,773,1608
14679.435006,871,1604
14679.440005,952,1610
14679.445005,766,1608
14679.450005,824,1604
14679.455006,978,1609
14679.460006,870,1609
14679.465005,792,1606
14679.470007,963,1607
14679.475006,929,1607
14679.480005,756,1607
14679.485006,872,1608
14679.490007,965,1607
14679.495007,770,1608
14679.500005,819,1604
14679.505005,990,1603
14679.510007,876,1601
14679.515006,782,1606
14679.520005,958,1606
14679.525007,940,1604
14679.530006,765,1601
14679.535006,858,1601
14679.540005,948,1601
14679.545006,788,1601
14679.550006,813,1601
14679.555006,976,1602
14679.560006,868,1603
14679.565006,789,1602
14679.570007,964,1603
14679.575006,931,1610
14679.580006,759,1606
14679.585006,861,1608
14679.590005,952,1609
14679.595006,785,1612
14679.600006,810,1611
14679.605006,991,1606
14679.610005,878,1614
14679.615006,781,1616
14679.620005,957,1615
14679.625006,947,1609
14679.630005,765,1613
14679.635006,856,1619
14679.640006,965,1614
14679.645005,769,1621
14679.650006,826,1614
14679.655006,976,1615
14679.660006,875,1620
14679.665007,796,1617
14679.670006,971,1618
14679.675006,928,1621
14679.680006,757,1624
14679.685006,875,1622
14679.690007,975,1623
14679.695006,785,1625
14679.700006,809,1627
14679.705006,1001,1624
14679.710006,882,1625
14679.715007,779,1632
14679.720005,980,1626
14679.725005,945,1626
14679.730006,763,1622
14679.735005,854,1627
14679.740007,973,1627
14679.745005,795,1622
14679.750007,821,1621
14679.755007,981,1623
14679.760006,879,1612
14679.765006,798,1617
14679.770006,969,1620
14679.775006,932,1617
14679.780006,750,1619
14679.785006,858,1619
14679.790005,971,1616
14679.795006,773,1617
14679.800007,806,1618
14679.805006,995,1614
14679.810006,879,1614
14679.815005,793,1606
14679.820007,968,1612
14679.825006,924,1614
14679.830006,767,1611
14679.835006,859,1614
14679.840005,968,1606
14679.845007,791,1609
14679.850006,816,1610
14679.855007,974,1613
14679.860006,877,1610
14679.865006,798,1614
14679.870007,960,1612
14679.875006,947,1603
14679.880006,755,1609
14679.885005,851,1612
14679.890006,969,1606
14679.895005,781,1608
14679.900007,803,1611
14679.905006,998,1604
14679.910007,885,1597
14679.915006,787,1606
14679.920005,958,1603
14679.925005,932,1600
14679.930006,748,1604
14679.935006,850,1604
14679.940005,973,1598
14679.945006,773,1599
14679.950005,801,1600
14679.955007,995,1596
14679.960006,887,1595
14679.965006,782,1601
14679.970006,953,1598
14679.975006,921,1598
14679.980007,768,1594
14679.985006,864,1597
14679.990007,953,1601
14679.995007,764,1604
14680.000005,819,1600
14680.005006,977,1599
14680.010006,875,1600
14680.015007,795,1603
14680.020006,959,1602
14680.025006,931,1603
14680.030006,755,1594
14680.035006,871,1603
14680.040006,955,1605
14680.045006,768,1607
14680.050006,815,1603
14680.055005,975,1606
14680.060007,896,1604
14680.065006,790,1605
14680.070007,966,1602
14680.075006,924,1598
14680.080007,764,1603
14680.085007,851,1605
14680.090007,951,1604
14680.095006,786,1600
14680.100006,815,1601
14680.105007,971,1604
14680.110007,897,1600
14680.115005,771,1604
14680.120005,959,1604
14680.125006,928,1606
14680.130006,749,1608
14680.135005,863,1604
14680.140006,963,1604
14680.145006,783,1605
14680.150006,802,1608
14680.155006,997,1608
14680.160006,883,1607
14680.165005,793,1606
14680.170007,971,1609
14680.175006,926,1612
14680.180006,776,1605
14680.185006,860,1609
14680.190006,970,1610
14680.195006,769,1613
14680.200006,820,1610
14680.205005,977,1611
14680.210005,880,1614
14680.215006,796,1613
14680.220006,958,1617
14680.225006,945,1610
14680.230006,768,1609
14680.235006,856,1613
14680.240006,970,1608
14680.245005,793,1613
14680.250006,810,1609
14680.255006,975,1611
14680.260005,892,1610
14680.265006,778,1612
14680.270006,973,1608
14680.275006,929,1609
14680.280007,763,1600
14680.285006,850,1607
14680.290007,969,1606
14680.295005,791,1602
14680.300006,811,1606
14680.305006,974,1601
14680.310006,893,1600
14680.315005,781,1601
14680.320006,957,1601
14680.325005,923,1604
14680.330006,761,1600
14680.335006,850,1604
14680.340007,951,1601
14680.345006,783,1603
14680.350005,801,1602
14680.355005,999,1597
14680.360005,886,1603
14680.365007,776,1602
14680.370006,975,1600
14680.375006,928,1601
14680.380006,754,1601
14680.385005,849,1607
14680.390006,957,1602
14680.395006,771,1606
14680.400006,819,1605
14680.405006,973,1606
14680.410007,886,1605
14680.415007,783,1605
14680.420006,956,1610
14680.425006,923,1610
14680.430006,770,1606
14680.435006,847,1614
14680.440007,968,1608
14680.445006,782,1610
14680.450005,806,1613
14680.455006,978,1610
14680.460006,878,1611
14680.465005,775,1612
14680.470006,970,1609
14680.475005,931,1606
14680.480006,758,1607
14680.485006,852,1606
14680.490007,949,1609
14680.495006,788,1603
14680.500006,806,1604
14680.505006,979,1605
14680.510006,874,1606
14680.515007,787,1602
14680.520007,952,1604
14680.525006,940,1598
14680.530005,764,1601
14680.535007,849,1603
14680.540006,958,1597
14680.545005,785,1602
14680.550005,824,1602
14680.555005,976,1602
14680.560006,874,1606
14680.565006,797,1600
14680.570006,958,1605
14680.575007,931,1609
14680.580006,753,1609
14680.585006,864,1608
14680.590005,961,1611
14680.595006,771,1610
14680.600005,801,1611
14680.605006,997,1607
14680.610005,893,1607
14680.615006,788,1606
14680.620006,963,1606
14680.625005,924,1604
14680.630005,769,1604
14680.635006,855,1603
14680.640005,955,1600
14680.645005,776,1599
14680.650006,798,1601
14680.655005,992,1593
14680.660006,888,1595
14680.665007,772,1598
14680.670007,963,1592
14680.675007,934,1597
14680.680006,749,1594
14680.685006,869,1595
14680.690006,959,1592
14680.695006,767,1595
14680.700005,821,1593
14680.705006,986,1593
14680.710006,884,1593
14680.715006,778,1591
14680.720007,958,1592
14680.725006,921,1595
14680.730007,771,1592
14680.735006,856,1590
14680.740006,969,1592
14680.745005,779,1592
14680.750006,804,1593
14680.755007,973,1592
14680.760006,884,1587
14680.765006,787,1589
14680.770005,947,1594
14680.775007,945,1587
14680.780007,757,1593
14680.785005,854,1591
14680.790005,957,1582
14680.795006,782,1591
14680.800006,804,1595
14680.805007,971,1593
14680.810007,884,1586
14680.815007,770,1591
14680.820005,971,1590
14680.825005,933,1592
14680.830006,753,1592
14680.835006,856,1590
14680.840006,954,1591
14680.845006,787,1592
14680.850005,814,1592
14680.855007,978,1593
14680.860006,876,1593
14680.865006,789,1589
14680.870006,947,1594
14680.875006,945,1594
14680.880007,755,1595
14680.885005,849,1597
14680.890007,956,1599
14680.895007,770,1599
14680.900005,821,1600
14680.905006,978,1602
14680.910007,876,1602
14680.915006,796,1605
14680.920006,967,1603
14680.925007,929,1603
14680.930006,758,1608
14680.935007,864,1606
14680.940006,967,1609
14680.945006,771,1608
14680.950005,823,1610
14680.955005,980,1613
14680.960005,884,1614
14680.965006,782,1617
14680.970006,950,1620
14680.975006,925,1617
14680.980005,768,1617
14680.985005,853,1619
14680.990006,952,1622
14680.995005,792,1623
14681.000007,823,1623
14681.005006,985,1622
14681.010006,884,1621
14681.015006,780,1628
14681.020006,947,1627
14681.025007,948,1623
14681.030006,768,1623
14681.035006,853,1628
14681.040007,965,1624
14681.045005,776,1627
14681.050005,799,1630
14681.055005,993,1622
14681.060006,900,1625
14681.065006,791,1627
14681.070007,963,1628
14681.075006,930,1630
14681.080006,751,1630
14681.085006,863,1627
14681.090006,959,1629
14681.095006,777,1631
14681.100006,826,1621
14681.105006,984,1626
14681.110006,889,1627
14681.115006,773,1634
14681.120006,965,1628
14681.125005,925,1631
14681.130005,767,1627
14681.135007,847,1630
14681.140006,978,1625
14681.145005,783,1625
14681.150007,802,1625
14681.155006,997,1625
14681.160007,891,1624
14681.165006,773,1627
14681.170005,967,1621
14681.175005,932,1621
14681.180006,753,1626
14681.185006,844,1625
14681.190006,971,1623
14681.195007,776,1623
14681.200007,812,1613
14681.205005,994,1619
14681.210005,888,1622
14681.215006,789,1618
14681.220006,951,1620
14681.225005,926,1619
14681.230005,767,1615
14681.235006,859,1615
14681.240007,958,1615
14681.245006,795,1614
14681.250006,810,1617
14681.255006,993,1613
14681.260005,886,1612
14681.265006,777,1614
14681.270005,963,1606
14681.275007,945,1610
14681.280007,756,1611
14681.285006,847,1611
14681.290006,949,1615
14681.295005,771,1614
14681.300005,815,1612
14681.305005,985,1611
14681.310007,879,1611
14681.315006,779,1603
14681.320007,959,1612
14681.325005,928,1614
14681.330007,751,1614
14681.335006,848,1612
14681.340005,957,1616
14681.345006,796,1612
14681.350005,815,1616
14681.355006,980,1616
14681.360005,882,1614
14681.365006,774,1621
14681.370006,946,1617
14681.375006,950,1616
14681.380006,766,1617
14681.385006,847,1617
14681.390007,968,1612
14681.395005,787,1617
14681.400006,809,1617
14681.405005,977,1616
14681.410006,889,1616
14681.415006,794,1623
14681.420005,954,1618
14681.425006,951,1619
14681.430005,756,1615
14681.435007,862,1620
14681.440007,971,1621
14681.445006,777,1625
14681.450006,823,1620
14681.455006,988,1623
14681.460007,882,1620
14681.465006,778,1624
14681.470007,974,1620
14681.475006,934,1616
14681.480007,750,1619
14681.485006,870,1614
14681.490006,977,1614
14681.495007,785,1618
14681.500007,804,1615
14681.505006,977,1615
14681.510005,900,1614
14681.515006,778,1611
14681.520005,965,1608
14681.525006,937,1609
14681.530006,751,1610
14681.535006,860,1610
14681.540006,963,1609
14681.545006,778,1608
14681.550007,816,1604
14681.555005,980,1604
14681.560006,889,1600
14681.565005,799,1603
14681.570006,967,1598
14681.575006,932,1601
14681.580005,766,1596
14681.585006,841,1600
14681.590005,973,1594
14681.595006,787,1598
14681.600006,812,1593
14681.605005,977,1597
14681.610006,900,1597
14681.615006,774,1598
14681.620006,969,1599
14681.625005,928,1599
14681.630005,765,1596
14681.635007,854,1597
14681.640007,958,1595
14681.645006,775,1597
14681.650006,813,1597
14681.655005,978,1597
14681.660006,906,1596
14681.665007,786,1592
14681.670006,954,1596
14681.675005,921,1598
14681.680006,762,1595
14681.685005,845,1596
14681.690005,949,1596
14681.695006,786,1589
14681.700006,815,1595
14681.705006,991,1596
14681.710006,881,1596
14681.715005,787,1596
14681.720006,952,1595
14681.725005,922,1598
14681.730007,765,1594
14681.735007,843,1598
14681.740007,974,1597
14681.745006,780,1598
14681.750007,806,1599
14681.755007,989,1596
14681.760005,902,1597
14681.765007,772,1599
14681.770006,940,1600
14681.775006,942,1595
14681.780006,762,1596
14681.785007,854,1597
14681.790007,957,1600
14681.795005,774,1602
14681.800005,826,1596
14681.805005,986,1599
14681.810006,885,1602
14681.815005,796,1597
14681.820007,949,1600
14681.825006,940,1592
14681.830006,761,1601
14681.835007,844,1604
14681.840006,964,1595
14681.845005,791,1601
14681.850005,821,1602
14681.855006,990,1602
14681.860005,885,1602
14681.865006,767,1606
14681.870006,963,1600
14681.875007,928,1599
14681.880006,748,1601
14681.885007,852,1599
14681.890006,956,1597
14681.895006,778,1598
14681.900006,818,1592
14681.905005,994,1594
14681.910006,896,1592
14681.915007,779,1592
14681.920006,952,1592
14681.925007,925,1594
14681.930007,766,1592
14681.935006,846,1594
14681.940006,977,1594
14681.945006,782,1596
14681.950006,803,1598
14681.955006,973,1599
14681.960006,907,1598
14681.965005,778,1600
14681.970006,955,1602
14681.975005,924,1601
14681.980006,768,1600
14681.985006,853,1598
14681.990007,962,1603
14681.995006,784,1602
14682.000006,804,1604
14682.005007,991,1601
14682.010007,900,1601
14682.015006,774,1602
14682.020006,950,1596
14682.025006,938,1601
14682.030005,753,1601
14682.035006,858,1600
14682.040006,976,1599
14682.045006,788,1599
14682.050006,806,1600
14682.055005,974,1603
14682.060006,909,1604
14682.065005,789,1602
14682.070006,953,1604
14682.075006,925,1605
14682.080006,757,1598
14682.085006,850,1598
14682.090005,971,1605
14682.095006,782,1607
14682.100006,800,1609
14682.105006,973,1611
14682.110005,907,1607
14682.115006,791,1608
14682.120006,948,1610
14682.125005,941,1599
14682.130006,768,1611
14682.135005,847,1609
14682.140007,963,1606
14682.145006,780,1609
14682.150007,800,1611
14682.155006,990,1608
14682.160007,890,1610
14682.165007,790,1609
14682.170006,959,1609
14682.175006,928,1608
14682.180006,749,1609
14682.185006,861,1609
14682.190005,965,1611
14682.195006,777,1612
14682.200006,800,1610
14682.205006,987,1610
14682.210006,895,1612
14682.215006,782,1612
14682.220006,951,1617
14682.225005,948,1614
14682.230006,757,1614
14682.235005,862,1616
14682.240006,962,1619
14682.245005,802,1613
14682.250007,801,1619
14682.255006,993,1616
14682.260007,896,1614
14682.265006,774,1618
14682.270006,966,1616
14682.275006,934,1614
14682.280005,753,1619
14682.285007,842,1615
14682.290006,972,1612
14682.295005,802,1612
14682.300005,812,1615
14682.305005,977,1613
14682.310007,899,1616
14682.315006,779,1617
14682.320005,946,1619
14682.325005,928,1620
14682.330007,768,1611
14682.335006,864,1618
14682.340006,969,1620
14682.345006,783,1618
14682.350006,803,1620
14682.355006,976,1622
14682.360005,909,1619
14682.365006,790,1624
14682.370006,951,1621
14682.375005,927,1621
14682.380006,771,1617
14682.385005,850,1617
14682.390006,956,1619
14682.395005,779,1619
14682.400006,812,1620
14682.405005,978,1616
14682.410007,914,1613
14682.415007,787,1614
14682.420007,954,1613
14682.425006,928,1612
14682.430005,749,1612
14682.435006,839,1613
14682.440006,971,1606
14682.445007,782,1609
14682.450006,827,1607
14682.455005,983,1606
14682.460006,891,1606
14682.465005,797,1603
14682.470006,957,1605
14682.475005,927,1602
14682.480005,755,1600
14682.485006,856,1596
14682.490007,970,1600
14682.495006,786,1601
14682.500006,801,1604
14682.505006,992,1602
14682.510006,895,1600
14682.515007,770,1601
14682.520007,950,1595
14682.525005,943,1600
14682.530006,748,1604
14682.535006,860,1597
14682.540005,967,1595
14682.545006,785,1601
14682.550006,810,1597
14682.555007,988,1595
14682.560006,896,1598
14682.565005,794,1594
14682.570007,954,1600
14682.575007,927,1599
14682.580006,766,1592
14682.585006,849,1597
14682.590006,971,1596
14682.595005,789,1597
14682.600006,799,1600
14682.605006,992,1597
14682.610006,898,1597
14682.615006,774,1601
14682.620006,942,1600
14682.625006,944,1598
14682.630006,772,1596
14682.635006,842,1601
14682.640006,975,1595
14682.645005,792,1599
14682.650006,801,1599
14682.655005,987,1600
14682.660007,895,1592
14682.665005,777,1603
14682.670006,946,1603
14682.675007,925,1608
14682.680006,767,1606
14682.685007,858,1606
14682.690006,963,1608
14682.695005,794,1606
14682.700006,821,1612
14682.705006,993,1611
14682.710006,890,1613
14682.715005,785,1614
14682.720006,946,1614
14682.725006,931,1613
14682.730006,764,1610
14682.735005,856,1611
14682.740007,965,1609
14682.745006,787,1610
14682.750006,800,1612
14682.755006,986,1610
14682.760006,892,1610
14682.765006,795,1608
14682.770005,955,1609
14682.775006,942,1608
14682.780007,760,1609
14682.785005,846,1610
14682.790005,961,1611
14682.795006,782,1609
14682.800006,819,1610
14682.805005,986,1612
14682.810006,896,1611
14682.815006,771,1613
14682.820006,967,1611
14682.825005,942,1610
14682.830006,754,1614
14682.835007,857,1609
14682.840007,962,1613
14682.845006,779,1614
14682.850005,822,1612
14682.855006,989,1611
14682.860006,896,1611
14682.865006,769,1616
14682.870005,945,1614
14682.875006,941,1612
14682.880005,760,1616
14682.885006,847,1616
14682.890006,958,1614
14682.895006,804,1614
14682.900006,816,1613
14682.905006,977,1620
14682.910005,904,1613
14682.915005,782,1616
14682.920006,951,1617
14682.925006,926,1615
14682.930006,755,1617
14682.935006,863,1612
14682.940006,969,1613
14682.945006,790,1613
14682.950006,807,1614
14682.955006,989,1608
14682.960007,911,1612
14682.965005,779,1609
14682.970006,945,1608
14682.975006,944,1609
14682.980006,760,1608
14682.985007,836,1612
14682.990006,981,1605
14682.995005,790,1606
14683.000007,802,1608
14683.005006,976,1606
14683.010006,891,1608
14683.015006,794,1606
14683.020006,955,1608
14683.025006,933,1608
14683.030005,746,1611
14683.035006,850,1610
14683.040006,962,1610
14683.045005,783,1609
14683.050005,814,1612
14683.055005,974,1614
14683.060006,907,1611
14683.065006,785,1616
14683.070006,948,1617
14683.075006,943,1609
14683.080005,766,1615
14683.085006,837,1619
14683.090006,958,1620
14683.095007,799,1618
14683.100006,807,1619
14683.105006,975,1617
14683.110005,908,1617
14683.115006,782,1617
14683.120005,949,1616
14683.125007,926,1619
14683.130006,770,1614
14683.135006,846,1612
14683.140007,958,1616
14683.145007,777,1613
14683.150006,823,1612
14683.155006,985,1614
14683.160007,892,1616
14683.165006,768,1614
14683.170007,960,1613
14683.175007,936,1617
14683.180005,753,1617
14683.185007,832,1617
14683.190006,973,1616
14683.195006,794,1617
14683.200006,805,1620
14683.205006,973,1626
14683.210006,912,1622
14683.215006,780,1627
14683.220007,966,1624
14683.225006,940,1625
14683.230007,748,1630
14683.235007,837,1631
14683.240006,970,1629
14683.245006,791,1629
14683.250005,817,1624
14683.255006,981,1629
14683.260005,891,1629
14683.265006,786,1620
14683.270006,952,1625
14683.275006,931,1624
14683.280006,750,1625
14683.285006,851,1617
14683.290007,971,1616
14683.295005,788,1609
14683.300006,814,1617
14683.305005,987,1617
14683.310007,897,1616
14683.315006,767,1615
14683.320006,956,1614
14683.325005,930,1614
14683.330006,745,1615
14683.335006,848,1612
14683.340005,956,1614
14683.345007,794,1602
14683.350005,809,1609
14683.355006,975,1610
14683.360005,891,1608
14683.365006,784,1606
14683.370005,944,1608
14683.375006,922,1610
14683.380006,764,1604
14683.385006,849,1606
14683.390007,953,1603
14683.395006,794,1598
14683.400006,815,1598
14683.405006,978,1598
14683.410007,885,1596
14683.415007,789,1595
14683.420006,947,1595
14683.425006,920,1596
14683.430005,759,1593
14683.435007,829,1592
14683.440007,971,1589
14683.445005,784,1588
14683.450005,810,1583
14683.455006,974,1589
14683.460005,906,1587
14683.465006,783,1588
14683.470006,948,1588
14683.475006,921,1587
14683.480006,757,1585
14683.485005,848,1586
14683.490006,957,1586
14683.495005,779,1580
14683.500006,805,1586
14683.505006,967,1587
14683.510006,885,1588
14683.515006,783,1583
14683.520005,956,1585
14683.525006,929,1582
14683.530005,766,1580
14683.535006,842,1582
14683.540006,953,1583
14683.545006,796,1583
14683.550006,813,1583
14683.555006,965,1586
14683.560006,902,1583
14683.565005,766,1583
14683.570006,956,1586
14683.575005,928,1586
14683.580006,749,1587
14683.585007,828,1589
14683.590006,964,1591
14683.595006,779,1593
14683.600005,817,1593
14683.605006,975,1594
14683.610005,886,1599
14683.615006,789,1593
14683.620006,939,1595
14683.625005,932,1598
14683.630006,767,1595
14683.635006,852,1596
14683.640007,955,1601
14683.645007,794,1598
14683.650006,799,1598
14683.655006,985,1601
14683.660007,894,1600
14683.665006,783,1600
14683.670006,949,1601
14683.675007,925,1606
14683.680005,765,1604
14683.685006,843,1607
14683.690005,956,1612
14683.695006,797,1611
14683.700005,814,1612
14683.705006,975,1616
14683.710006,908,1616
14683.715007,772,1618
14683.720007,942,1622
14683.725006,944,1620
14683.730005,759,1624
14683.735005,835,1627
14683.740006,974,1624
14683.745006,793,1626
14683.750006,801,1630
14683.755005,975,1629
14683.760006,914,1628
14683.765007,773,1629
14683.770007,961,1620
14683.775006,939,1634
14683.780005,753,1632
14683.785007,840,1630
14683.790006,971,1622
14683.795006,802,1630
14683.800006,819,1626
14683.805006,985,1630
14683.810006,896,1629
14683.815006,789,1622
14683.820005,960,1631
14683.825005,937,1631
14683.830006,749,1632
14683.835005,853,1627
14683.840006,965,1629
14683.845005,783,1630
14683.850005,824,1629
14683.855007,978,1626
14683.860007,901,1625
14683.865005,770,1629
14683.870006,963,1620
14683.875006,936,1624
14683.880006,769,1622
14683.885006,838,1621
14683.890007,977,1625
14683.895005,788,1620
14683.900007,800,1617
14683.905007,988,1621
14683.910006,899,1618
14683.915006,775,1621
14683.920006,946,1618
14683.925006,950,1617
14683.930007,760,1617
14683.935007,846,1619
14683.940005,962,1605
14683.945006,797,1617
14683.950006,809,1612
14683.955006,973,1611
14683.960007,907,1609
14683.965005,787,1610
14683.970006,944,1610
14683.975005,922,1605
14683.980006,762,1606
14683.985006,838,1603
14683.990007,969,1600
14683.995006,794,1599
14684.000006,807,1600
14684.005006,989,1598
14684.010005,896,1599
14684.015006,764,1599
14684.020006,953,1596
14684.025006,933,1595
14684.030006,755,1596
14684.035007,842,1596
14684.040006,956,1597
14684.045006,781,1599
14684.050006,811,1598
14684.055005,972,1595
14684.060006,901,1590
14684.065006,785,1597
14684.070006,946,1599
14684.075006,929,1598
14684.080005,756,1600
14684.085005,830,1601
14684.090006,970,1601
14684.095006,796,1602
14684.100006,812,1601
14684.105006,972,1602
14684.110006,913,1600
14684.115006,773,1600
14684.120006,937,1602
14684.125006,943,1598
14684.130006,760,1598
14684.135006,839,1595
14684.140007,950,1597
14684.145005,793,1594
14684.150007,801,1595
14684.155007,972,1594
14684.160006,893,1595
14684.165006,771,1596
14684.170005,958,1592
14684.175005,934,1593
14684.180006,770,1593
14684.185007,845,1596
14684.190006,960,1597
14684.195006,779,1597
14684.200006,817,1592
14684.205005,981,1599
14684.210005,892,1602
14684.215007,784,1598
14684.220006,954,1603
14684.225006,923,1603
14684.230007,763,1602
14684.235006,832,1604
14684.240006,955,1606
14684.245006,796,1605
14684.250005,798,1612
14684.255005,972,1614
14684.260006,893,1611
14684.265005,789,1611
14684.270005,954,1614
14684.275006,932,1616
14684.280006,757,1613
14684.285006,843,1617
14684.290007,963,1617
14684.295006,803,1615
14684.300006,806,1619
14684.305006,995,1618
14684.310007,902,1620
14684.315006,769,1625
14684.320007,959,1619
14684.325006,929,1623
14684.330006,769,1620
14684.335005,841,1620
14684.340005,975,1614
14684.345007,785,1622
14684.350007,815,1619
14684.355006,994,1617
14684.360005,915,1621
14684.365006,781,1620
14684.370006,940,1622
14684.375006,947,1621
14684.380006,767,1619
14684.385006,844,1621
14684.390006,963,1619
14684.395005,786,1613
14684.400006,814,1621
14684.405006,979,1624
14684.410007,918,1619
14684.415006,782,1620
14684.420005,943,1620
14684.425005,947,1617
14684.430005,764,1619
14684.435006,841,1619
14684.440006,981,1617
14684.445006,793,1618
14684.450005,805,1620
14684.455007,994,1618
14684.460006,905,1622
14684.465006,780,1612
14684.470006,954,1619
14684.475006,937,1617
14684.480006,749,1624
14684.485006,855,1620
14684.490006,966,1617
14684.495006,780,1619
14684.500005,820,1618
14684.505005,980,1618
14684.510006,918,1613
14684.515006,783,1614
14684.520005,945,1615
14684.525006,929,1615
14684.530005,750,1615
14684.535007,856,1614
14684.540007,976,1613
14684.545007,797,1615
14684.550007,805,1614
14684.555006,988,1606
14684.560007,908,1612
14684.565005,790,1617
14684.570006,945,1615
14684.575006,926,1619
14684.580006,767,1617
14684.585007,851,1615
14684.590005,961,1618
14684.595006,782,1618
14684.600005,822,1618
14684.605006,979,1619
14684.610005,891,1617
14684.615006,785,1619
14684.620005,959,1617
14684.625007,931,1621
14684.630006,768,1616
14684.635005,848,1616
14684.640006,970,1616
14684.645005,783,1618
14684.650006,823,1616
14684.655006,984,1615
14684.660006,896,1609
14684.665006,783,1613
14684.670005,946,1614
14684.675006,924,1615
14684.680005,766,1608
14684.685006,846,1611
14684.690006,961,1611
14684.695006,797,1604
14684.700006,811,1606
14684.705006,973,1611
14684.710006,908,1607
14684.715005,771,1609
14684.720006,941,1610
14684.725006,945,1600
14684.730006,767,1608
14684.735006,846,1608
14684.740006,962,1608
14684.745006,801,1606
14684.750005,806,1607
14684.755006,971,1609
14684.760005,915,1607
14684.765006,777,1605
14684.770005,938,1604
14684.775006,946,1608
14684.780007,761,1605
14684.785005,832,1610
14684.790005,958,1609
14684.795007,799,1602
14684.800006,813,1609
14684.805006,983,1611
14684.810006,903,1614
14684.815006,773,1615
14684.820006,958,1613
14684.825006,928,1618
14684.830006,766,1613
14684.835006,843,1617
14684.840006,959,1619
14684.845007,793,1612
14684.850005,816,1623
14684.855006,972,1624
14684.860006,905,1623
14684.865006,768,1619
14684.870005,957,1623
14684.875007,941,1623
14684.880007,760,1619
14684.885005,829,1623
14684.890006,969,1614
14684.895006,790,1617
14684.900007,797,1620
14684.905006,977,1606
14684.910007,902,1617
14684.915007,767,1616
14684.920005,956,1615
14684.925005,931,1617
14684.930005,765,1609
14684.935006,847,1615
14684.940006,955,1612
14684.945006,802,1611
14684.950007,808,1613
14684.955006,978,1612
14684.960006,902,1612
14684.965006,774,1613
14684.970006,938,1612
14684.975005,947,1611
14684.980006,755,1609
14684.985005,844,1613
14684.990006,964,1611
14684.995006,788,1610
14685.000005,797,1617
14685.005006,988,1606
14685.010005,897,1612
14685.015007,770,1613
14685.020005,955,1612
14685.025006,941,1615
14685.030006,755,1611
14685.035006,838,1606
14685.040006,961,1614
14685.045006,804,1613
14685.050006,805,1614
14685.055005,981,1604
14685.060006,905,1612
14685.065006,785,1605
14685.070006,951,1615
14685.075006,930,1611
14685.080005,769,1617
14685.085006,842,1617
14685.090005,959,1621
14685.095006,786,1619
14685.100006,823,1617
14685.105006,979,1618
14685.110006,913,1617
14685.115006,791,1616
14685.120006,954,1618
14685.125005,936,1617
14685.130005,754,1619
14685.135006,833,1617
14685.140006,965,1614
14685.145005,788,1615
14685.150006,804,1618
14685.155006,1001,1612
14685.160007,905,1612
14685.165006,769,1618
14685.170005,963,1613
14685.175005,945,1614
14685.180006,756,1614
14685.185007,856,1613
14685.190007,979,1614
14685.195006,799,1615
14685.200007,804,1616
14685.205005,995,1614
14685.210006,913,1616
14685.215005,785,1616
14685.220006,943,1617
14685.225006,932,1616
14685.230007,771,1614
14685.235006,840,1613
14685.240006,957,1617
14685.245006,785,1613
14685.250005,820,1614
14685.255005,980,1612
14685.260006,898,1615
14685.265006,783,1604
14685.270006,955,1605
14685.275006,943,1608
14685.280005,762,1608
14685.285006,833,1608
14685.290006,972,1606
14685.295005,787,1607
14685.300006,797,1610
14685.305005,995,1603
14685.310006,904,1606
14685.315005,769,1604
14685.320005,945,1609
14685.325006,924,1608
14685.330005,773,1603
14685.335005,848,1607
14685.340006,964,1606
14685.345006,781,1609
14685.350006,800,1610
14685.355007,992,1605
14685.360006,906,1605
14685.365006,782,1610
14685.370005,941,1609
14685.375006,946,1607
14685.380006,766,1604
14685.385007,832,1606
14685.390006,957,1607
14685.395005,782,1608
14685.400006,799,1606
14685.405006,995,1604
14685.410006,904,1604
14685.415007,785,1598
14685.420006,941,1604
14685.425006,934,1600
14685.430006,749,1606
14685.435006,846,1602
14685.440006,962,1604
14685.445006,796,1596
14685.450007,806,1597
14685.455006,974,1600
14685.460006,899,1602
14685.465005,780,1589
14685.470007,954,1600
14685.475006,927,1599
14685.480006,750,1597
14685.485005,835,1596
14685.490006,967,1586
14685.495006,785,1596
14685.500005,816,1590
14685.505006,983,1589
14685.510005,902,1588
14685.515005,772,1588
14685.520005,954,1579
14685.525006,935,1587
14685.530006,753,1582
14685.535006,838,1581
14685.540006,974,1583
14685.545007,787,1585
14685.550006,797,1587
14685.555005,988,1585
14685.560007,901,1585
14685.565005,771,1586
14685.570006,935,1589
14685.575006,950,1583
14685.580005,762,1587
14685.585005,833,1588
14685.590006,954,1591
14685.595007,803,1585
14685.600005,811,1588
14685.605006,987,1588
14685.610007,902,1590
14685.615005,771,1586
14685.620005,939,1592
14685.625006,927,1591
14685.630006,764,1587
14685.635006,846,1589
14685.640006,971,1588
14685.645005,789,1590
14685.650006,798,1592
14685.655006,988,1593
14685.660006,902,1593
14685.665007,768,1596
14685.670006,940,1595
14685.675005,949,1595
14685.680005,763,1598
14685.685006,834,1600
14685.690006,958,1604
14685.695006,803,1601
14685.700005,818,1602
14685.705006,989,1604
14685.710006,899,1606
14685.715006,768,1608
14685.720006,953,1599
14685.725006,944,1607
14685.730006,758,1605
14685.735007,828,1606
14685.740007,957,1612
14685.745006,804,1605
14685.750005,810,1608
14685.755006,977,1610
14685.760005,901,1609
14685.765006,765,1611
14685.770006,957,1611
14685.775006,937,1610
14685.780006,759,1608
14685.785006,834,1612
14685.790005,955,1613
14685.795006,783,1615
14685.800006,818,1609
14685.805006,988,1612
14685.810006,907,1613
14685.815005,779,1613
14685.820006,937,1617
14685.825005,951,1613
14685.830007,754,1614
14685.835006,845,1611
14685.840006,974,1613
14685.845006,786,1616
14685.850005,799,1617
14685.855007,991,1615
14685.860006,903,1617
14685.865006,774,1616
14685.870006,957,1608
14685.875005,949,1616
14685.880005,760,1616
14685.885007,850,1612
14685.890006,972,1615
14685.895005,789,1616
14685.900007,805,1616
14685.905006,977,1615
14685.910006,916,1615
14685.915006,771,1617
14685.920005,957,1612
14685.925005,942,1614
14685.930006,750,1617
14685.935006,834,1606
14685.940006,973,1613
14685.945007,795,1615
14685.950007,817,1608
14685.955006,990,1614
14685.960006,908,1616
14685.965005,779,1605
14685.970006,956,1613
14685.975006,929,1614
14685.980007,755,1614
14685.985006,847,1612
14685.990007,969,1615
14685.995007,786,1613
14686.000005,821,1612
14686.005006,982,1609
14686.010006,899,1611
14686.015007,791,1604
14686.020006,949,1607
14686.025007,933,1606
14686.030006,748,1606
14686.035006,830,1607
14686.040006,984,1602
14686.045005,801,1604
14686.050005,805,1605
14686.055005,988,1597
14686.060006,913,1601
14686.065005,779,1602
14686.070006,960,1603
14686.075006,942,1605
14686.080006,770,1603
14686.085007,831,1605
14686.090005,956,1608
14686.095006,801,1604
14686.100006,806,1608
14686.105006,975,1610
14686.110005,923,1606
14686.115007,780,1608
14686.120006,942,1608
14686.125005,944,1607
14686.130005,762,1602
14686.135006,823,1613
14686.140007,974,1608
14686.145007,801,1610
14686.150006,803,1612
14686.155005,990,1613
14686.160007,902,1611
14686.165006,766,1614
14686.170007,955,1613
14686.175007,934,1612
14686.180006,749,1611
14686.185006,829,1612
14686.190006,975,1610
14686.195006,796,1605
14686.200006,808,1610
14686.205005,976,1610
14686.210006,898,1613
14686.215006,785,1606
14686.220006,933,1613
14686.225006,949,1610
14686.230007,751,1609
14686.235007,843,1612
14686.240007,962,1611
14686.245006,789,1611
14686.250005,795,1614
14686.255005,991,1611
14686.260006,906,1610
14686.265005,776,1612
14686.270005,952,1612
14686.275006,930,1615
14686.280005,748,1619
14686.285006,827,1615
14686.290006,967,1616
14686.295006,787,1618
14686.300006,817,1617
14686.305006,981,1616
14686.310006,901,1619
14686.315006,782,1618
14686.320006,943,1621
14686.325006,946,1616
14686.330006,761,1618
14686.335006,832,1618
14686.340005,967,1613
14686.345006,804,1618
14686.350005,806,1619
14686.355007,976,1619
14686.360007,905,1619
14686.365005,769,1621
14686.370006,954,1611
14686.375006,944,1619
14686.380006,756,1619
14686.385006,827,1623
14686.390007,981,1617
14686.395007,797,1617
14686.400005,812,1620
14686.405006,982,1618
14686.410006,908,1615
14686.415006,784,1613
14686.420006,949,1622
14686.425006,932,1623
14686.430006,750,1626
14686.435006,831,1619
14686.440005,973,1626
14686.445006,795,1626
14686.450006,801,1629
14686.455006,977,1627
14686.460006,922,1625
14686.465006,773,1629
14686.470006,957,1624
14686.475006,944,1627
14686.480006,752,1624
14686.485006,846,1619
14686.490007,977,1614
14686.495006,802,1621
14686.500006,814,1620
14686.505006,976,1621
14686.510006,923,1616
14686.515006,771,1616
14686.520005,954,1612
14686.525006,937,1614
14686.530006,750,1615
14686.535007,841,1609
14686.540006,969,1612
14686.545006,790,1614
14686.550006,798,1617
14686.555006,996,1613
14686.560006,901,1613
14686.565005,768,1615
14686.570006,956,1612
14686.575006,933,1612
14686.580005,750,1615
14686.585006,834,1613
14686.590006,984,1610
14686.595006,797,1609
14686.600006,802,1611
14686.605006,977,1612
14686.610005,920,1606
14686.615006,771,1609
14686.620006,952,1606
14686.625005,932,1603
14686.630005,767,1593
14686.635006,831,1598
14686.640007,982,1596
14686.645005,797,1596
14686.650006,797,1596
14686.655005,993,1590
14686.660006,901,1592
14686.665005,788,1585
14686.670006,945,1585
14686.675005,930,1588
14686.680006,749,1586
14686.685006,823,1587
14686.690006,973,1587
14686.695006,805,1588
14686.700005,800,1586
14686.705006,987,1577
14686.710007,912,1585
14686.715006,770,1588
14686.720006,933,1589
14686.725005,923,1590
14686.730006,771,1587
14686.735005,833,1587
14686.740006,957,1588
14686.745005,785,1589
14686.750006,797,1588
14686.755006,988,1585
14686.760006,912,1587
14686.765006,770,1589
14686.770006,931,1591
14686.775006,942,1583
14686.780006,768,1586
14686.785007,836,1589
14686.790007,967,1587
14686.795006,785,1590
14686.800006,811,1582
14686.805006,989,1590
14686.810007,910,1592
14686.815006,773,1592
14686.820006,947,1593
14686.825005,945,1593
14686.830007,752,1593
14686.835006,823,1593
14686.840006,956,1598
14686.845005,793,1587
14686.850005,811,1595
14686.855006,975,1598
14686.860007,909,1589
14686.865006,788,1598
14686.870005,944,1599
14686.875006,937,1599
14686.880006,752,1601
14686.885006,841,1594
14686.890007,970,1604
14686.895006,787,1603
14686.900006,815,1602
14686.905005,984,1602
14686.910006,904,1604
14686.915006,769,1604
14686.920006,953,1603
14686.925006,937,1605
14686.930006,756,1605
14686.935006,833,1607
14686.940005,964,1606
14686.945006,790,1610
14686.950005,819,1606
14686.955006,980,1604
14686.960007,901,1610
14686.965007,767,1608
14686.970006,959,1605
14686.975006,942,1608
14686.980006,752,1609
14686.985005,829,1609
14686.990006,974,1600
14686.995005,810,1608
14687.000006,805,1610
14687.005007,990,1606
14687.010005,915,1604
14687.015006,781,1603
14687.020005,939,1605
14687.025006,928,1608
14687.030005,745,1607
14687.035006,849,1603
14687.040006,969,1602
14687.045006,799,1601
14687.050006,802,1602
14687.055007,971,1606
14687.060006,918,1600
14687.065006,785,1601
14687.070006,939,1605
14687.075007,927,1604
14687.080007,772,1601
14687.085006,827,1606
14687.090006,963,1606
14687.095007,787,1609
14687.100005,824,1608
14687.105007,984,1607
14687.110006,912,1609
14687.115006,767,1609
14687.120005,959,1606
14687.125006,940,1608
14687.130007,751,1606
14687.135005,826,1614
14687.140007,975,1606
14687.145005,803,1607
14687.150006,802,1606
14687.155005,976,1608
14687.160007,924,1604
14687.165006,787,1604
14687.170005,943,1605
14687.175005,935,1604
14687.180006,750,1603
14687.185006,828,1605
14687.190006,966,1606
14687.195007,796,1602
14687.200006,798,1604
14687.205005,993,1601
14687.210005,918,1602
14687.215006,778,1603
14687.220007,938,1604
14687.225005,949,1604
14687.230006,760,1605
14687.235005,826,1605
14687.240007,981,1601
14687.245006,805,1604
14687.250006,803,1601
14687.255006,993,1603
14687.260005,899,1603
14687.265007,774,1597
14687.270007,946,1603
14687.275005,929,1605
14687.280005,768,1603
14687.285006,840,1596
14687.290005,969,1603
14687.295006,796,1604
14687.300006,807,1605
14687.305007,970,1606
14687.310005,913,1608
14687.315005,769,1612
14687.320006,950,1609
14687.325006,940,1610
14687.330007,757,1608
14687.335007,845,1610
14687.340005,957,1613
14687.345007,812,1611
14687.350005,812,1612
14687.355006,977,1614
14687.360005,908,1612
14687.365007,774,1611
14687.370006,949,1610
14687.375006,929,1609
14687.380005,775,1606
14687.385007,840,1606
14687.390006,967,1611
14687.395005,785,1608
14687.400007,818,1603
14687.405007,980,1605
14687.410006,901,1604
14687.415006,786,1602
14687.420005,940,1605
14687.425006,929,1609
14687.430005,764,1606
14687.435006,835,1602
14687.440006,959,1606
14687.445006,805,1605
14687.450007,805,1606
14687.455006,975,1608
14687.460007,923,1603
14687.465005,780,1604
14687.470006,940,1603
14687.475006,944,1600
14687.480006,762,1602
14687.485006,828,1605
14687.490006,956,1603
14687.495005,801,1601
14687.500006,813,1600
14687.505006,979,1601
14687.510005,898,1602
14687.515007,764,1601
14687.520005,953,1599
14687.525006,939,1600
14687.530006,757,1600
14687.535007,846,1596
14687.540007,965,1600
14687.545006,792,1604
14687.550006,815,1597
14687.555005,984,1604
14687.560006,903,1606
14687.565006,767,1606
14687.570007,937,1607
14687.575007,943,1605
14687.580007,762,1609
14687.585006,829,1609
14687.590006,986,1604
14687.595007,804,1608
14687.600006,804,1610
14687.605006,994,1612
14687.610006,920,1612
14687.615006,779,1613
14687.620005,939,1612
14687.625007,942,1609
14687.630006,756,1613
14687.635006,828,1616
14687.640007,961,1618
14687.645006,812,1618
14687.650006,812,1621
14687.655006,978,1623
14687.660006,903,1622
14687.665006,794,1622
14687.670006,947,1624
14687.675006,937,1627
14687.680006,762,1629
14687.685006,830,1632
14687.690005,986,1632
14687.695007,789,1635
14687.700005,814,1632
14687.705007,980,1637
14687.710006,924,1634
14687.715006,790,1639
14687.720005,965,1633
14687.725006,937,1639
14687.730006,761,1629
14687.735005,849,1638
14687.740006,969,1636
14687.745005,799,1636
14687.750006,802,1640
14687.755006,1005,1639
14687.760006,918,1637
14687.765006,780,1640
14687.770005,941,1639
14687.775006,933,1640
14687.780006,757,1634
14687.785006,848,1636
14687.790007,978,1636
14687.795005,794,1641
14687.800005,823,1636
14687.805005,984,1638
14687.810007,920,1629
14687.815006,775,1637
14687.820007,940,1642
14687.825006,945,1636
14687.830006,762,1634
14687.835006,833,1635
14687.840005,962,1636
14687.845006,814,1632
14687.850006,815,1632
14687.855007,984,1634
14687.860006,909,1633
14687.865006,795,1631
14687.870005,946,1633
14687.875006,935,1630
14687.880007,754,1634
14687.885005,847,1631
14687.890007,970,1629
14687.895006,792,1632
14687.900006,804,1632
14687.905005,1000,1626
14687.910006,912,1629
14687.915006,790,1625
14687.920006,947,1624
14687.925006,934,1624
14687.930005,757,1620
14687.935006,850,1620
14687.940006,971,1619
14687.945007,789,1621
14687.950007,800,1619
14687.955006,986,1603
14687.960006,926,1611
14687.965005,774,1612
14687.970006,934,1612
14687.975005,929,1611
14687.980007,752,1601
14687.985007,842,1604
14687.990005,968,1604
14687.995005,792,1602
14688.000007,825,1598
14688.005006,997,1598
14688.010005,907,1599
14688.015007,769,1596
14688.020005,960,1593
14688.025006,935,1592
14688.030006,762,1591
14688.035006,840,1593
14688.040006,965,1589
14688.045005,794,1589
14688.050005,802,1590
14688.055006,970,1589
14688.060006,915,1588
14688.065005,773,1587
14688.070006,933,1592
14688.075005,933,1584
14688.080007,748,1587
14688.085006,825,1590
14688.090006,963,1584
14688.095006,794,1580
14688.100005,818,1585
14688.105007,985,1585
14688.110006,903,1588
14688.115006,769,1586
14688.120006,956,1587
14688.125006,934,1588
14688.130006,747,1589
14688.135005,842,1589
14688.140006,963,1590
14688.145005,787,1591
14688.150006,814,1584
14688.155006,988,1586
14688.160006,910,1591
14688.165006,776,1593
14688.170006,941,1594
14688.175006,929,1598
14688.180006,748,1600
14688.185006,832,1589
14688.190006,971,1596
14688.195006,795,1598
14688.200006,805,1600
14688.205005,979,1603
14688.210005,900,1606
14688.215006,786,1610
14688.220007,951,1607
14688.225005,930,1611
14688.230006,760,1613
14688.235006,833,1615
14688.240007,985,1614
14688.245005,804,1618
14688.250006,811,1618
14688.255005,979,1618
14688.260007,926,1620
14688.265006,780,1620
14688.270005,947,1621
14688.275006,935,1621
14688.280005,774,1623
14688.285006,838,1622
14688.290006,961,1624
14688.295006,790,1626
14688.300007,823,1622
14688.305005,993,1624
14688.310006,912,1628
14688.315005,776,1625
14688.320006,962,1624
14688.325006,928,1630
14688.330005,766,1630
14688.335006,841,1632
14688.340005,967,1630
14688.345006,794,1627
14688.350006,826,1630
14688.355006,986,1629
14688.360005,923,1629
14688.365006,778,1631
14688.370006,958,1627
14688.375006,948,1625
14688.380007,764,1626
14688.385006,837,1625
14688.390006,985,1620
14688.395007,797,1618
14688.400006,809,1619
14688.405006,985,1616
14688.410007,908,1616
14688.415006,785,1610
14688.420006,945,1614
14688.425007,932,1614
14688.430005,773,1611
14688.435007,840,1613
14688.440006,959,1615
14688.445007,803,1610
14688.450006,804,1610
14688.455006,976,1611
14688.460006,926,1607
14688.465005,785,1607
14688.470006,942,1604
14688.475006,941,1598
14688.480006,764,1596
14688.485006,839,1601
14688.490006,966,1600
14688.495005,795,1598
14688.500006,805,1595
14688.505007,987,1587
14688.510007,899,1595
14688.515007,790,1587
14688.520006,941,1587
14688.525007,932,1585
14688.530007,750,1585
14688.535006,841,1574
14688.540006,971,1582
14688.545006,784,1584
14688.550006,801,1583
14688.555005,982,1574
14688.560006,914,1580
14688.565006,771,1581
14688.570007,939,1580
14688.575006,926,1580
14688.580005,769,1576
14688.585005,832,1570
14688.590006,972,1577
14688.595006,794,1574
14688.600005,806,1576
14688.605007,976,1571
14688.610006,902,1571
14688.615005,764,1570
14688.620005,939,1564
14688.625007,941,1569
14688.630006,751,1566
14688.635007,836,1560
14688.640006,969,1567
14688.645006,784,1564
14688.650006,793,1564
14688.655005,990,1564
14688.660007,908,1565
14688.665006,778,1562
14688.670006,932,1565
14688.675006,923,1565
14688.680006,766,1564
14688.685006,828,1566
14688.690005,952,1569
14688.695006,797,1568
14688.700005,804,1570
14688.705006,981,1568
14688.710006,901,1571
14688.715006,768,1576
14688.720006,939,1568
14688.725006,943,1574
14688.730007,747,1576
14688.735006,845,1575
14688.740006,967,1580
14688.745006,793,1577
14688.750005,801,1580
14688.755005,975,1582
14688.760006,897,1586
14688.765006,781,1584
14688.770006,934,1583
14688.775007,925,1587
14688.780006,749,1582
14688.785007,841,1586
14688.790005,966,1589
14688.795006,790,1591
14688.800006,800,1588
14688.805005,990,1591
14688.810005,901,1593
14688.815005,777,1592
14688.820007,938,1593
14688.825006,944,1591
14688.830005,758,1597
14688.835005,832,1599
14688.840006,958,1601
14688.845007,803,1598
14688.850007,816,1598
14688.855005,979,1599
14688.860006,911,1601
14688.865006,769,1608
14688.870006,939,1609
14688.875006,929,1610
14688.880006,769,1605
14688.885006,847,1610
14688.890006,962,1616
14688.895005,786,1616
14688.900007,801,1617
14688.905005,996,1617
14688.910006,912,1617
14688.915007,785,1616
14688.920006,943,1619
14688.925007,930,1624
14688.930006,768,1622
14688.935006,847,1622
14688.940005,971,1625
14688.945007,792,1628
14688.950007,806,1627
14688.955005,977,1630
14688.960005,927,1632
14688.965006,784,1634
14688.970006,952,1630
14688.975006,936,1634
14688.980006,752,1635
14688.985005,843,1626
14688.990006,964,1634
14688.995006,809,1630
14689.000006,820,1632
14689.005007,992,1634
14689.010007,910,1633
14689.015007,778,1635
14689.020006,966,1631
14689.025006,938,1632
14689.030005,751,1635
14689.035006,852,1632
14689.040006,973,1630
14689.045006,799,1631
14689.050006,805,1629
14689.055006,996,1628
14689.060007,920,1622
14689.065007,787,1627
14689.070006,949,1628
14689.075006,937,1625
14689.080005,763,1618
14689.085006,840,1625
14689.090005,972,1622
14689.095007,792,1625
14689.100005,819,1624
14689.105005,988,1621
14689.110005,901,1626
14689.115006,792,1623
14689.120005,948,1619
14689.125006,935,1620
14689.130007,770,1619
14689.135005,852,1619
14689.140006,968,1616
14689.145005,797,1617
14689.150005,809,1617
14689.155005,987,1616
14689.160006,905,1617
14689.165007,771,1620
14689.170005,963,1612
14689.175005,939,1609
14689.180005,756,1612
14689.185007,839,1611
14689.190006,964,1609
14689.195006,791,1608
14689.200006,808,1608
14689.205006,977,1608
14689.210006,923,1602
14689.215006,777,1603
14689.220006,948,1602
14689.225006,931,1602
14689.230006,773,1597
14689.235006,841,1597
14689.240006,958,1597
14689.245006,801,1594
14689.250006,812,1592
14689.255006,988,1591
14689.260005,908,1589
14689.265006,768,1590
14689.270006,946,1582
14689.275006,949,1589
14689.280006,767,1588
14689.285006,841,1588
14689.290006,957,1588
14689.295006,780,1591
14689.300006,801,1590
14689.305005,989,1580
14689.310006,916,1584
14689.315006,779,1588
14689.320007,938,1590
14689.325006,945,1591
14689.330006,753,1590
14689.335007,824,1592
14689.340005,978,1591
14689.345007,799,1590
14689.350006,810,1591
14689.355007,979,1594
14689.360006,900,1592
14689.365006,790,1593
14689.370006,950,1593
14689.375005,935,1589
14689.380005,751,1590
14689.385006,838,1581
14689.390007,976,1591
14689.395006,805,1593
14689.400006,808,1587
14689.405005,974,1590
14689.410006,897,1590
14689.415006,766,1591
14689.420006,953,1588
14689.425007,930,1590
14689.430006,769,1592
14689.435006,841,1593
14689.440006,964,1594
14689.445006,796,1594
14689.450005,803,1596
14689.455007,990,1596
14689.460006,895,1603
14689.465006,769,1600
14689.470006,957,1604
14689.475007,936,1604
14689.480005,751,1604
14689.485005,828,1605
14689.490006,979,1605
14689.495006,800,1605
14689.500005,812,1606
14689.505005,981,1605
14689.510006,899,1608
14689.515007,774,1604
14689.520006,964,1605
14689.525006,941,1609
14689.530006,760,1607
14689.535007,833,1611
14689.540006,958,1611
14689.545005,809,1611
14689.550005,813,1613
14689.555005,980,1614
14689.560007,901,1615
14689.565007,769,1619
14689.570006,943,1621
14689.575005,933,1622
14689.580006,772,1619
14689.585006,840,1623
14689.590005,970,1618
14689.595007,792,1626
14689.600005,817,1625
14689.605006,973,1623
14689.610005,922,1624
14689.615006,773,1624
14689.620006,941,1625
14689.625006,929,1624
14689.630006,768,1619
14689.635005,840,1624
14689.640007,967,1618
14689.645006,795,1619
14689.650006,803,1619
14689.655006,995,1620
14689.660006,906,1618
14689.665006,773,1620
14689.670006,938,1622
14689.675005,932,1616
14689.680005,766,1620
14689.685007,841,1619
14689.690006,964,1621
14689.695006,792,1622
14689.700005,802,1624
14689.705006,998,1624
14689.710007,915,1624
14689.715006,769,1625
14689.720007,937,1625
14689.725006,944,1625
14689.730006,753,1624
14689.735005,830,1626
14689.740006,974,1623
14689.745005,790,1626
14689.750007,799,1627
14689.755006,993,1626
14689.760005,909,1623
14689.765006,767,1627
14689.770006,957,1624
14689.775007,935,1624
14689.780006,752,1627
14689.785007,846,1627
14689.790006,965,1626
14689.795005,795,1627
14689.800005,804,1630
14689.805006,975,1629
14689.810006,920,1628
14689.815005,774,1628
14689.820006,960,1628
14689.825007,946,1629
14689.830005,760,1627
14689.835005,846,1626
14689.840005,965,1628
14689.845006,793,1626
14689.850007,802,1627
14689.855007,990,1625
14689.860007,901,1627
14689.865006,786,1617
14689.870006,957,1627
14689.875005,938,1623
14689.880005,760,1625
14689.885007,840,1625
14689.890007,963,1627
14689.895006,797,1624
14689.900006,802,1627
14689.905006,992,1626
14689.910006,911,1623
14689.915007,777,1627
14689.920006,942,1629
14689.925006,955,1622
14689.930005,769,1622
14689.935006,838,1622
14689.940006,978,1619
14689.945007,795,1625
14689.950006,813,1619
14689.955005,981,1622
14689.960005,899,1623
14689.965006,794,1616
14689.970007,952,1619
14689.975006,938,1617
14689.980007,754,1618
14689.985005,830,1621
14689.990007,985,1615
14689.995007,798,1622
14690.000006,817,1623
14690.005006,984,1620
14690.010006,899,1624
14690.015006,775,1616
14690.020005,938,1624
14690.025007,947,1624
14690.030006,767,1621
14690.035006,841,1622
14690.040007,965,1627
14690.045006,799,1622
14690.050007,811,1622
14690.055005,990,1618
14690.060006,898,1623
14690.065006,771,1620
14690.070007,940,1621
14690.075006,946,1621
14690.080006,756,1620
14690.085005,840,1610
14690.090007,967,1605
14690.095006,802,1613
14690.100006,806,1614
14690.105006,977,1615
14690.110006,901,1612
14690.115007,789,1612
14690.120007,945,1613
14690.125006,932,1615
14690.130007,751,1616
14690.135005,849,1613
14690.140007,968,1614
14690.145007,788,1612
14690.150006,805,1613
14690.155006,997,1612
14690.160006,910,1610
14690.165007,787,1608
14690.170006,950,1608
14690.175007,932,1605
14690.180006,748,1608
14690.185006,855,1603
14690.190006,972,1606
14690.195006,789,1603
14690.200006,804,1603
14690.205005,979,1601
14690.210005,922,1599
14690.215007,778,1600
14690.220007,940,1597
14690.225005,933,1596
14690.230006,746,1595
14690.235005,847,1588
14690.240006,980,1592
14690.245006,793,1587
14690.250005,804,1586
14690.255005,973,1587
14690.260005,916,1583
14690.265006,769,1582
14690.270005,953,1578
14690.275006,928,1581
14690.280005,752,1578
14690.285006,827,1583
14690.290006,976,1580
14690.295006,792,1579
14690.300006,796,1581
14690.305007,980,1574
14690.310006,912,1581
14690.315005,771,1584
14690.320006,942,1582
14690.325005,925,1585
14690.330007,763,1585
14690.335006,843,1586
14690.340006,959,1590
14690.345007,781,1592
14690.350005,816,1588
14690.355007,988,1587
14690.360006,904,1589
14690.365007,768,1594
14690.370006,953,1591
14690.375006,935,1584
14690.380007,763,1592
14690.385005,841,1589
14690.390007,955,1591
14690.395005,801,1590
14690.400007,806,1590
14690.405006,975,1593
14690.410007,891,1593
14690.415006,787,1592
14690.420006,946,1593
14690.425007,923,1598
14690.430005,756,1593
14690.435007,830,1596
14690.440007,978,1601
14690.445005,792,1597
14690.450005,806,1597
14690.455006,978,1603
14690.460006,897,1603
14690.465006,769,1603
14690.470007,962,1602
14690.475006,948,1605
14690.480007,751,1606
14690.485007,828,1608
14690.490006,968,1611
14690.495006,786,1614
14690.500005,825,1615
14690.505006,986,1612
14690.510006,900,1616
14690.515006,787,1611
14690.520006,948,1615
14690.525007,927,1621
14690.530006,750,1620
14690.535006,851,1619
14690.540006,975,1617
14690.545005,789,1618
14690.550005,800,1621
14690.555005,976,1621
14690.560006,915,1616
14690.565006,784,1617
14690.570006,950,1621
14690.575006,940,1620
14690.580006,748,1620
14690.585007,831,1617
14690.590006,958,1619
14690.595006,804,1616
14690.600006,807,1617
14690.605005,990,1611
14690.610006,919,1613
14690.615007,776,1614
14690.620006,941,1617
14690.625005,925,1617
14690.630006,773,1611
14690.635005,845,1613
14690.640007,966,1612
14690.645006,789,1613
14690.650006,805,1610
14690.655005,991,1620
14690.660006,894,1619
14690.665007,795,1614
14690.670006,949,1616
14690.675006,935,1618
14690.680006,748,1615
14690.685007,855,1614
14690.690006,960,1616
14690.695007,802,1615
14690.700006,805,1616
14690.705006,997,1617
14690.710007,897,1621
14690.715006,787,1620
14690.720007,947,1617
14690.725006,934,1621
14690.730005,752,1621
14690.735005,833,1621
14690.740007,986,1617
14690.745007,798,1619
14690.750005,808,1620
14690.755006,995,1616
14690.760005,912,1622
14690.765006,780,1619
14690.770005,950,1618
14690.775006,931,1618
14690.780005,772,1616
14690.785006,844,1616
14690.790007,959,1615
14690.795005,808,1614
14690.800005,809,1617
14690.805006,978,1618
14690.810006,907,1616
14690.815005,771,1616
14690.820006,965,1614
14690.825005,933,1620
14690.830007,749,1620
14690.835006,855,1616
14690.840006,970,1615
14690.845006,797,1616
14690.850005,812,1618
14690.855006,980,1619
14690.860005,896,1617
14690.865006,792,1615
14690.870006,955,1616
14690.875005,936,1617
14690.880005,753,1612
14690.885006,833,1612
14690.890007,955,1611
14690.895005,795,1610
14690.900006,811,1607
14690.905006,991,1608
14690.910006,909,1605
14690.915006,769,1608
14690.920006,939,1607
14690.925005,951,1604
14690.930005,753,1604
14690.935006,833,1606
14690.940005,976,1602
14690.945006,790,1606
14690.950005,796,1607
14690.955006,992,1603
14690.960007,907,1604
14690.965006,780,1604
14690.970006,951,1609
14690.975006,929,1606
14690.980006,768,1609
14690.985006,837,1609
14690.990006,956,1613
14690.995005,798,1604
14691.000007,820,1609
14691.005006,980,1611
14691.010006,902,1611
14691.015005,768,1611
14691.020006,953,1612
14691.025007,937,1612
14691.030007,751,1612
14691.035006,834,1614
14691.040006,955,1617
14691.045005,797,1616
14691.050005,803,1619
14691.055005,996,1613
14691.060007,915,1614
14691.065005,779,1618
14691.070006,948,1617
14691.075005,928,1617
14691.080007,754,1613
14691.085006,844,1617
14691.090005,964,1617
14691.095007,787,1620
14691.100006,816,1624
14691.105006,986,1617
14691.110005,896,1620
14691.115006,769,1618
14691.120006,962,1616
14691.125005,938,1616
14691.130005,747,1620
14691.135007,831,1617
14691.140006,976,1617
14691.145006,790,1617
14691.150006,806,1614
14691.155006,980,1619
14691.160007,904,1611
14691.165006,774,1613
14691.170007,942,1612
14691.175006,945,1606
14691.180006,763,1608
14691.185006,842,1605
14691.190005,956,1608
14691.195007,784,1610
14691.200006,802,1605
14691.205005,979,1603
14691.210006,897,1603
14691.215006,777,1603
14691.220006,940,1604
14691.225005,947,1601
14691.230006,753,1601
14691.235005,829,1602
14691.240006,973,1602
14691.245005,791,1599
14691.250006,799,1600
14691.255006,996,1596
14691.260006,908,1597
14691.265006,774,1596
14691.270006,944,1594
14691.275006,922,1598
14691.280007,763,1594
14691.285006,832,1592
14691.290007,977,1592
14691.295006,790,1595
14691.300006,795,1597
14691.305006,980,1593
14691.310007,891,1600
14691.315006,785,1595
14691.320005,944,1597
14691.325005,930,1597
14691.330006,750,1599
14691.335005,830,1603
14691.340007,968,1599
14691.345006,792,1599
14691.350005,809,1601
14691.355006,984,1600
14691.360005,894,1603
14691.365007,791,1599
14691.370006,950,1597
14691.375005,929,1599
14691.380005,751,1598
14691.385006,853,1597
14691.390005,965,1596
14691.395005,797,1593
14691.400006,801,1588
14691.405005,988,1594
14691.410007,897,1596
14691.415006,788,1596
14691.420006,947,1597
14691.425007,928,1597
14691.430005,747,1602
14691.435006,832,1604
14691.440005,976,1604
14691.445006,789,1607
14691.450005,799,1609
14691.455006,977,1613
14691.460006,898,1612
14691.465006,772,1612
14691.470007,944,1614
14691.475005,948,1609
14691.480006,763,1617
14691.485006,838,1614
14691.490006,961,1617
14691.495006,795,1606
14691.500007,814,1608
14691.505007,992,1611
14691.510006,893,1614
14691.515007,787,1609
14691.520005,956,1611
14691.525006,946,1609
14691.530006,755,1605
14691.535006,839,1604
14691.540006,963,1606
14691.545005,782,1607
14691.550005,799,1608
14691.555005,998,1604
14691.560006,904,1605
14691.565005,771,1610
14691.570006,941,1610
14691.575006,931,1611
14691.580006,750,1612
14691.585006,852,1610
14691.590006,969,1611
14691.595006,794,1610
14691.600006,807,1610
14691.605005,984,1612
14691.610005,890,1615
14691.615006,790,1609
14691.620005,949,1606
14691.625006,939,1606
14691.630006,752,1606
14691.635006,829,1609
14691.640006,981,1603
14691.645005,791,1604
14691.650006,804,1602
14691.655005,975,1603
14691.660007,912,1601
14691.665007,781,1602
14691.670005,943,1602
14691.675005,941,1599
14691.680005,760,1600
14691.685006,841,1603
14691.690005,958,1606
14691.695006,781,1609
14691.700005,802,1608
14691.705006,992,1607
14691.710006,895,1609
14691.715006,787,1612
14691.720006,944,1612
14691.725005,925,1614
14691.730007,771,1613
14691.735006,843,1614
14691.740006,956,1617
14691.745006,779,1616
14691.750006,821,1615
14691.755006,985,1613
14691.760006,905,1616
14691.765006,784,1615
14691.770007,950,1616
14691.775005,929,1616
14691.780006,771,1615
14691.785006,844,1613
14691.790006,967,1615
14691.795006,793,1612
14691.800006,808,1615
14691.805006,981,1613
14691.810006,897,1614
14691.815005,771,1611
14691.820007,955,1610
14691.825006,931,1610
14691.830007,747,1611
14691.835006,849,1603
14691.840006,964,1610
14691.845007,788,1611
14691.850006,801,1611
14691.855006,974,1610
14691.860005,893,1610
14691.865007,789,1608
14691.870006,946,1611
14691.875005,926,1612
14691.880005,771,1608
14691.885006,842,1606
14691.890007,962,1604
14691.895005,781,1608
14691.900006,799,1604
14691.905007,990,1604
14691.910005,896,1602
14691.915005,787,1602
14691.920006,943,1603
14691.925006,939,1600
14691.930006,751,1603
14691.935006,831,1603
14691.940005,974,1600
14691.945007,786,1601
14691.950007,798,1606
14691.955006,990,1599
14691.960006,904,1599
14691.965007,777,1604
14691.970006,945,1600
14691.975006,925,1603
14691.980007,748,1601
14691.985007,859,1596
14691.990006,962,1600
14691.995005,788,1601
14692.000006,809,1597
14692.005007,977,1599
14692.010005,890,1601
14692.015006,788,1595
14692.020005,944,1595
14692.025007,936,1591
14692.030006,767,1600
14692.035007,846,1596
14692.040006,961,1598
14692.045007,784,1598
14692.050006,805,1602
14692.055006,976,1601
14692.060007,888,1602
14692.065006,790,1599
14692.070007,957,1602
14692.075007,935,1602
14692.080005,752,1607
14692.085005,836,1609
14692.090006,954,1612
14692.095006,783,1606
14692.100006,823,1607
14692.105005,989,1610
14692.110006,900,1609
14692.115006,777,1611
14692.120006,945,1610
14692.125005,947,1613
14692.130006,758,1616
14692.135006,842,1614
14692.140007,960,1610
14692.145006,799,1614
14692.150006,803,1619
14692.155006,989,1616
14692.160006,901,1617
14692.165006,782,1613
14692.170005,961,1617
14692.175005,938,1618
14692.180005,757,1621
14692.185007,857,1622
14692.190006,965,1622
14692.195006,785,1622
14692.200006,803,1629
14692.205007,1001,1624
14692.210006,903,1626
14692.215005,777,1627
14692.220007,947,1629
14692.225006,932,1626
14692.230006,774,1629
14692.235006,851,1624
14692.240005,963,1625
14692.245005,801,1624
14692.250007,822,1622
14692.255006,987,1622
14692.260005,901,1624
14692.265006,773,1626
14692.270005,967,1623
14692.275006,934,1625
14692.280006,775,1622
14692.285006,858,1624
14692.290006,970,1623
14692.295005,784,1624
14692.300005,823,1623
14692.305005,991,1622
14692.310006,902,1624
14692.315006,772,1620
14692.320007,969,1620
14692.325006,950,1618
14692.330006,761,1619
14692.335007,843,1619
14692.340006,976,1618
14692.345006,784,1615
14692.350006,821,1618
14692.355006,983,1615
14692.360006,898,1615
14692.365006,771,1615
14692.370006,959,1613
14692.375006,931,1611
14692.380006,749,1611
14692.385006,853,1610
14692.390007,963,1610
14692.395007,805,1607
14692.400006,820,1608
14692.405006,981,1607
14692.410006,896,1600
14692.415007,789,1605
14692.420005,950,1606
14692.425006,934,1605
14692.430006,748,1609
14692.435007,841,1608
14692.440007,979,1603
14692.445006,790,1604
14692.450006,799,1608
14692.455005,990,1606
14692.460005,896,1608
14692.465007,768,1608
14692.470006,965,1605
14692.475006,936,1607
14692.480006,752,1605
14692.485005,837,1606
14692.490006,977,1605
14692.495007,792,1605
14692.500005,799,1612
14692.505005,999,1606
14692.510006,894,1608
14692.515006,772,1604
14692.520006,959,1610
14692.525007,927,1606
14692.530006,764,1605
14692.535007,841,1607
14692.540006,964,1608
14692.545006,782,1609
14692.550007,825,1605
14692.555006,982,1608
14692.560006,898,1605
14692.565006,787,1604
14692.570007,949,1604
14692.575006,927,1607
14692.580005,763,1605
14692.585005,837,1611
14692.590006,955,1608
14692.595006,805,1601
14692.600005,811,1605
14692.605006,975,1604
14692.610006,892,1605
14692.615007,768,1609
14692.620006,955,1604
14692.625006,940,1605
14692.630006,751,1610
14692.635006,839,1609
14692.640006,956,1605
14692.645006,797,1609
14692.650006,799,1612
14692.655006,993,1611
14692.660007,908,1612
14692.665007,777,1614
14692.670006,943,1613
14692.675006,926,1611
14692.680006,760,1614
14692.685006,846,1615
14692.690006,965,1614
14692.695006,782,1615
14692.700006,819,1608
14692.705005,992,1613
14692.710005,888,1614
14692.715007,767,1608
14692.720006,960,1609
14692.725006,934,1609
14692.730006,747,1609
14692.735006,853,1606
14692.740006,968,1605
14692.745007,800,1600
14692.750006,807,1604
14692.755006,981,1604
14692.760006,893,1602
14692.765006,783,1597
14692.770006,948,1600
14692.775007,940,1600
14692.780006,762,1601
14692.785007,837,1604
14692.790006,968,1594
14692.795006,797,1601
14692.800007,816,1602
14692.805007,973,1604
14692.810006,904,1602
14692.815006,774,1605
14692.820006,942,1609
14692.825005,931,1609
14692.830007,747,1613
14692.835006,854,1616
14692.840006,956,1613
14692.845007,797,1617
14692.850005,818,1619
14692.855006,981,1618
14692.860007,892,1622
14692.865005,788,1619
14692.870006,965,1620
14692.875005,949,1618
14692.880005,753,1621
14692.885007,851,1619
14692.890006,952,1621
14692.895005,801,1620
14692.900006,814,1620
14692.905006,985,1617
14692.910006,887,1620
14692.915007,787,1618
14692.920005,954,1619
14692.925005,935,1617
14692.930006,759,1620
14692.935006,844,1619
14692.940005,958,1621
14692.945005,782,1621
14692.950005,823,1623
14692.955006,990,1620
14692.960006,914,1617
14692.965006,780,1624
14692.970006,946,1626
14692.975005,926,1627
14692.980007,766,1622
14692.985006,845,1620
14692.990006,962,1627
14692.995005,783,1625
14693.000006,819,1626
14693.005006,989,1623
14693.010006,899,1625
14693.015006,774,1625
14693.020007,965,1627
14693.025005,942,1625
14693.030006,760,1626
14693.035006,844,1626
14693.040006,959,1625
14693.045006,798,1624
14693.050006,803,1629
14693.055006,995,1626
14693.060006,907,1624
14693.065006,775,1628
14693.070006,942,1627
14693.075005,944,1624
14693.080007,755,1624
14693.085006,834,1622
14693.090007,969,1619
14693.095006,784,1619
14693.100005,802,1620
14693.105006,995,1612
14693.110005,901,1616
14693.115006,772,1616
14693.120006,959,1616
14693.125006,930,1613
14693.130006,769,1612
14693.135006,849,1610
14693.140006,956,1613
14693.145006,796,1611
14693.150006,806,1608
14693.155005,983,1606
14693.160006,889,1605
14693.165006,784,1604
14693.170006,942,1603
14693.175006,943,1601
14693.180005,750,1603
14693.185006,855,1598
14693.190006,950,1599
14693.195006,798,1598
14693.200006,806,1599
14693.205005,968,1596
14693.210006,903,1595
14693.215005,776,1597
14693.220006,942,1594
14693.225005,939,1587
14693.230006,760,1594
14693.235006,836,1594
14693.240006,952,1594
14693.245005,798,1594
14693.250007,813,1593
14693.255006,973,1595
14693.260007,903,1585
14693.265007,788,1594
14693.270005,946,1592
14693.275006,926,1591
14693.280005,745,1592
14693.285006,851,1585
14693.290007,976,1588
14693.295006,786,1587
14693.300007,803,1585
14693.305005,972,1590
14693.310007,909,1584
14693.315006,776,1584
14693.320006,945,1584
14693.325005,926,1585
14693.330006,758,1580
14693.335007,855,1583
14693.340006,957,1585
14693.345007,777,1590
14693.350006,815,1580
14693.355006,984,1589
14693.360005,894,1588
14693.365006,769,1590
14693.370006,964,1589
14693.375006,931,1590
14693.380006,750,1593
14693.385006,836,1592
14693.390006,954,1587
14693.395005,781,1593
14693.400007,821,1592
14693.405006,981,1591
14693.410007,893,1595
14693.415007,770,1594
14693.420005,964,1590
14693.425005,934,1593
14693.430005,760,1593
14693.435006,847,1595
14693.440005,963,1593
14693.445006,787,1596
14693.450005,801,1595
14693.455006,976,1589
14693.460006,900,1597
14693.465005,781,1598
14693.470006,944,1600
14693.475006,926,1602
14693.480006,761,1597
14693.485006,841,1601
14693.490007,970,1595
14693.495006,791,1603
14693.500006,801,1601
14693.505006,975,1610
14693.510006,913,1601
14693.515007,792,1604
14693.520006,957,1605
14693.525006,930,1607
14693.530006,756,1606
14693.535007,845,1609
14693.540007,958,1609
14693.545006,799,1609
14693.550006,821,1607
14693.555006,979,1611
14693.560007,906,1610
14693.565006,779,1612
14693.570007,944,1613
14693.575006,949,1612
14693.580005,757,1613
14693.585005,861,1613
14693.590006,965,1612
14693.595006,781,1614
14693.600006,813,1605
14693.605006,1001,1610
14693.610007,901,1610
14693.615006,776,1612
14693.620005,955,1603
14693.625007,938,1608
14693.630006,752,1608
14693.635005,854,1603
14693.640007,961,1609
14693.645005,780,1609
14693.650006,822,1607
14693.655006,990,1605
14693.660007,897,1605
14693.665007,776,1605
14693.670006,943,1605
14693.675006,947,1603
14693.680005,760,1605
14693.685007,848,1603
14693.690007,956,1603
14693.695006,783,1604
14693.700005,817,1602
14693.705006,980,1603
14693.710006,894,1608
14693.715006,778,1604
14693.720006,950,1604
14693.725006,948,1603
14693.730007,752,1604
14693.735005,838,1603
14693.740006,958,1597
14693.745006,796,1600
14693.750005,822,1598
14693.755005,982,1598
14693.760006,891,1596
14693.765006,771,1595
14693.770005,959,1594
14693.775006,927,1593
14693.780006,768,1591
14693.785007,842,1591
14693.790006,956,1590
14693.795005,798,1589
14693.800005,803,1592
14693.805005,977,1594
14693.810006,891,1592
14693.815006,789,1592
14693.820005,949,1588
14693.825006,925,1590
14693.830005,768,1592
14693.835005,841,1589
14693.840006,973,1591
14693.845007,778,1593
14693.850006,816,1590
14693.855007,980,1591
14693.860006,905,1585
14693.865005,790,1591
14693.870005,951,1592
14693.875006,938,1588
14693.880007,767,1590
14693.885006,847,1593
14693.890007,955,1595
14693.895006,795,1588
14693.900007,810,1590
14693.905006,970,1595
14693.910007,889,1595
14693.915007,782,1594
14693.920005,943,1597
14693.925005,946,1593
14693.930005,754,1600
14693.935005,856,1597
14693.940005,965,1599
14693.945006,794,1596
14693.950006,812,1598
14693.955006,974,1603
14693.960006,885,1603
14693.965005,782,1603
14693.970007,953,1594
14693.975006,943,1600
14693.980006,755,1599
14693.985006,834,1602
14693.990006,974,1603
14693.995005,787,1600
14694.000006,803,1595
14694.005006,970,1601
14694.010006,902,1596
14694.015006,784,1592
14694.020005,939,1601
14694.025006,930,1596
14694.030006,768,1597
14694.035007,854,1601
14694.040007,962,1598
14694.045006,801,1599
14694.050006,811,1600
14694.055005,972,1605
14694.060006,884,1604
14694.065006,783,1605
14694.070007,947,1607
14694.075006,935,1599
14694.080006,763,1609
14694.085006,842,1610
14694.090005,958,1611
14694.095006,778,1614
14694.100005,800,1613
14694.105005,995,1615
14694.110006,901,1613
14694.115006,780,1616
14694.120005,954,1615
14694.125006,942,1609
14694.130006,765,1616
14694.135006,842,1620
14694.140007,954,1620
14694.145006,781,1619
14694.150006,825,1617
14694.155006,977,1623
14694.160006,907,1621
14694.165007,793,1619
14694.170006,955,1620
14694.175006,944,1622
14694.180006,758,1626
14694.185006,859,1620
14694.190005,966,1626
14694.195006,787,1628
14694.200006,803,1627
14694.205006,1002,1628
14694.210006,901,1630
14694.215006,771,1633
14694.220007,966,1631
14694.225005,940,1632
14694.230006,759,1634
14694.235006,863,1633
14694.240006,969,1634
14694.245005,789,1635
14694.250006,803,1639
14694.255006,998,1633
14694.260006,907,1634
14694.265006,778,1638
14694.270006,966,1631
14694.275006,941,1637
14694.280005,757,1638
14694.285006,861,1634
14694.290006,983,1635
14694.295005,792,1636
14694.300005,815,1635
14694.305005,984,1635
14694.310006,915,1633
14694.315007,788,1632
14694.320006,955,1627
14694.325005,940,1626
14694.330006,759,1622
14694.335007,862,1625
14694.340007,968,1621
14694.345006,785,1622
14694.350005,811,1622
14694.355007,1001,1619
14694.360006,901,1615
14694.365006,777,1619
14694.370005,970,1617
14694.375006,942,1616
14694.380007,755,1619
14694.385006,851,1613
14694.390006,976,1615
14694.395005,792,1615
14694.400006,809,1613
14694.405006,983,1613
14694.410007,892,1614
14694.415006,791,1611
14694.420007,957,1614
14694.425006,929,1615
14694.430005,775,1613
14694.435006,850,1609
14694.440006,962,1611
14694.445006,785,1612
14694.450006,826,1608
14694.455006,987,1608
14694.460007,900,1604
14694.465005,789,1598
14694.470006,965,1604
14694.475006,936,1604
14694.480006,758,1606
14694.485005,838,1604
14694.490006,958,1604
14694.495006,795,1599
14694.500005,816,1600
14694.505005,981,1601
14694.510006,887,1602
14694.515007,793,1601
14694.520007,946,1604
14694.525005,942,1596
14694.530006,765,1602
14694.535006,844,1602
14694.540006,953,1604
14694.545006,800,1601
14694.550006,808,1604
14694.555006,981,1602
14694.560006,886,1605
14694.565006,792,1600
14694.570006,957,1606
14694.575005,929,1607
14694.580006,746,1609
14694.585006,856,1607
14694.590005,963,1605
14694.595005,784,1605
14694.600005,802,1604
14694.605006,973,1611
14694.610007,910,1609
14694.615005,784,1606
14694.620005,954,1606
14694.625006,932,1609
14694.630006,764,1609
14694.635005,839,1611
14694.640006,975,1606
14694.645006,788,1605
14694.650006,809,1606
14694.655005,973,1607
14694.660006,905,1604
14694.665006,782,1603
14694.670005,943,1604
14694.675006,928,1601
14694.680006,753,1601
14694.685006,847,1594
14694.690005,974,1598
14694.695006,792,1596
14694.700005,798,1601
14694.705006,991,1594
14694.710007,903,1596
14694.715006,774,1596
14694.720006,957,1593
14694.725006,942,1594
14694.730006,756,1590
14694.735006,842,1593
14694.740007,956,1590
14694.745006,774,1594
14694.750005,797,1592
14694.755006,993,1590
14694.760006,901,1590
14694.765006,781,1589
14694.770006,941,1593
14694.775006,939,1591
14694.780006,747,1594
14694.785006,836,1590
14694.790005,965,1591
14694.795006,784,1598
14694.800006,795,1597
14694.805005,977,1593
14694.810007,893,1598
14694.815007,773,1600
14694.820005,964,1601
14694.825006,943,1600
14694.830006,752,1606
14694.835006,838,1605
14694.840006,955,1605
14694.845007,795,1608
14694.850005,802,1610
14694.855006,975,1610
14694.860006,900,1609
14694.865006,778,1610
14694.870006,944,1614
14694.875005,950,1609
14694.880005,769,1610
14694.885006,842,1611
14694.890006,956,1611
14694.895006,776,1612
14694.900006,823,1609
14694.905005,973,1613
14694.910006,900,1611
14694.915006,775,1613
14694.920005,940,1612
14694.925005,946,1612
14694.930006,756,1613
14694.935007,836,1615
14694.940006,955,1618
14694.945006,778,1617
14694.950005,801,1618
14694.955006,990,1618
14694.960006,897,1619
14694.965005,768,1621
14694.970007,943,1621
14694.975005,945,1624
14694.980006,760,1622
14694.985005,850,1622
14694.990007,960,1623
14694.995006,780,1625
14695.000005,816,1623
14695.005005,991,1626
14695.010006,897,1623
14695.015007,786,1622
14695.020006,951,1618
14695.025007,939,1622
14695.030007,755,1621
14695.035006,840,1624
14695.040006,954,1624
14695.045005,794,1616
14695.050005,819,1619
14695.055005,981,1621
14695.060006,888,1619
14695.065006,777,1611
14695.070006,961,1616
14695.075006,942,1616
14695.080006,751,1619
14695.085007,845,1617
14695.090006,953,1618
14695.095006,800,1615
14695.100005,813,1615
14695.105006,977,1613
14695.110005,886,1616
14695.115006,782,1609
14695.120005,951,1605
14695.125006,920,1617
14695.130006,763,1613
14695.135006,852,1608
14695.140006,971,1616
14695.145006,791,1612
14695.150006,818,1612
14695.155007,980,1617
14695.160006,890,1615
14695.165005,775,1614
14695.170006,952,1617
14695.175007,934,1614
14695.180005,755,1613
14695.185007,840,1614
14695.190006,959,1612
14695.195007,801,1612
14695.200006,810,1612
14695.205006,974,1612
14695.210006,886,1614
14695.215006,784,1608
14695.220006,953,1609
14695.225007,928,1608
14695.230006,766,1605
14695.235006,853,1605
14695.240006,967,1604
14695.245006,783,1605
14695.250005,798,1609
14695.255005,977,1608
14695.260006,890,1608
14695.265005,769,1606
14695.270005,967,1603
14695.275006,945,1604
14695.280005,753,1605
14695.285006,844,1607
14695.290006,959,1603
14695.295007,778,1612
14695.300006,817,1604
14695.305005,985,1605
14695.310007,890,1605
14695.315007,773,1606
14695.320006,943,1608
14695.325005,947,1608
14695.330006,761,1606
14695.335006,845,1606
14695.340005,959,1608
14695.345005,782,1606
14695.350006,822,1605
14695.355006,994,1603
14695.360006,893,1604
14695.365007,782,1603
14695.370006,946,1606
14695.375005,932,1604
14695.380005,757,1600
14695.385006,837,1604
14695.390006,975,1600
14695.395005,789,1597
14695.400007,804,1598
14695.405005,990,1597
14695.410006,909,1598
14695.415007,781,1597
14695.420005,944,1601
14695.425006,941,1595
14695.430005,762,1596
14695.435006,835,1601
14695.440006,972,1599
14695.445006,789,1598
14695.450005,809,1598
14695.455006,976,1600
14695.460007,903,1598
14695.465005,783,1599
14695.470006,950,1599
14695.475005,927,1601
14695.480007,765,1598
14695.485005,857,1600
14695.490006,961,1599
14695.495006,784,1598
14695.500006,800,1604
14695.505006,995,1597
14695.510006,897,1598
14695.515006,774,1599
14695.520006,949,1597
14695.525006,925,1603
14695.530006,768,1600
14695.535006,845,1601
14695.540007,951,1605
14695.545006,793,1603
14695.550006,805,1605
14695.555006,973,1609
14695.560006,905,1609
14695.565005,776,1608
14695.570006,943,1609
14695.575005,941,1610
14695.580006,770,1610
14695.585005,848,1612
14695.590006,956,1613
14695.595007,797,1616
14695.600005,802,1614
14695.605007,971,1615
14695.610006,908,1613
14695.615006,784,1615
14695.620006,943,1613
14695.625006,941,1617
14695.630006,750,1616
14695.635005,834,1617
14695.640005,952,1614
14695.645006,792,1613
14695.650006,804,1614
14695.655007,972,1614
14695.660006,900,1610
14695.665006,769,1613
14695.670005,965,1611
14695.675005,923,1617
14695.680005,762,1612
14695.685006,841,1615
14695.690006,975,1606
14695.695006,790,1617
14695.700005,802,1618
14695.705006,977,1608
14695.710006,886,1619
14695.715006,790,1617
14695.720005,942,1624
14695.725005,947,1618
14695.730006,749,1621
14695.735006,856,1621
14695.740007,967,1620
14695.745007,777,1622
14695.750005,821,1622
14695.755005,984,1620
14695.760007,890,1620
14695.765006,772,1623
14695.770005,961,1617
14695.775007,936,1622
14695.780006,751,1626
14695.785006,847,1614
14695.790006,974,1621
14695.795005,780,1625
14695.800005,806,1621
14695.805006,984,1619
14695.810006,885,1625
14695.815005,787,1625
14695.820006,949,1625
14695.825006,941,1615
14695.830005,764,1625
14695.835005,843,1625
14695.840007,953,1627
14695.845007,796,1625
14695.850006,811,1627
14695.855007,977,1626
14695.860006,904,1628
14695.865006,776,1628
14695.870006,946,1629
14695.875007,946,1624
14695.880006,771,1626
14695.885005,861,1624
14695.890006,964,1624
14695.895005,785,1625
14695.900006,806,1626
14695.905006,977,1625
14695.910007,899,1614
14695.915005,786,1620
14695.920006,965,1621
14695.925006,936,1625
14695.930005,764,1618
14695.935006,846,1619
14695.940007,954,1613
14695.945005,802,1615
14695.950005,809,1619
14695.955006,979,1617
14695.960006,888,1616
14695.965005,790,1617
14695.970007,947,1619
14695.975006,944,1615
14695.980007,753,1616
14695.985006,837,1613
14695.990006,972,1614
14695.995005,784,1614
14696.000006,817,1609
14696.005006,989,1608
14696.010006,892,1609
14696.015006,793,1605
14696.020005,957,1602
14696.025007,925,1613
14696.030007,763,1597
14696.035005,861,1599
14696.040006,962,1599
14696.045005,783,1603
14696.050005,796,1602
14696.055006,983,1598
14696.060006,893,1600
14696.065005,768,1603
14696.070007,953,1593
14696.075006,936,1600
14696.080007,753,1603
14696.085006,838,1601
14696.090005,977,1601
14696.095006,785,1600
14696.100005,802,1607
14696.105006,992,1599
14696.110006,899,1602
14696.115005,770,1600
14696.120005,941,1600
14696.125007,944,1599
14696.130006,756,1597
14696.135006,835,1598
14696.140006,971,1595
14696.145006,784,1595
14696.150006,801,1592
14696.155006,972,1593
14696.160006,882,1593
14696.165006,788,1588
14696.170006,950,1589
14696.175006,929,1589
14696.180005,751,1588
14696.185006,838,1592
14696.190006,956,1580
14696.195007,770,1591
14696.200006,817,1587
14696.205005,982,1588
14696.210005,888,1586
14696.215006,768,1589
14696.220006,940,1588
14696.225006,937,1588
14696.230007,741,1589
14696.235006,852,1588
14696.240006,950,1587
14696.245006,793,1588
14696.250005,800,1586
14696.255006,973,1585
14696.260006,884,1585
14696.265006,782,1585
14696.270006,949,1583
14696.275006,923,1585
14696.280005,743,1586
14696.285006,858,1581
14696.290005,972,1582
14696.295006,784,1582
14696.300006,802,1581
14696.305005,970,1586
14696.310005,881,1579
14696.315005,782,1584
14696.320006,936,1583
14696.325006,938,1586
14696.330006,746,1589
14696.335005,850,1583
14696.340007,969,1589
14696.345005,777,1588
14696.350005,808,1584
14696.355006,975,1592
14696.360005,886,1595
14696.365006,771,1584
14696.370007,949,1594
14696.375006,920,1594
14696.380007,761,1589
14696.385006,851,1594
14696.390007,957,1593
14696.395005,784,1593
14696.400006,803,1599
14696.405005,983,1595
14696.410006,883,1594
14696.415006,784,1596
14696.420006,951,1596
14696.425007,931,1596
14696.430005,748,1601
14696.435006,856,1593
14696.440006,975,1602
14696.445006,792,1602
14696.450005,817,1605
14696.455007,979,1609
14696.460006,889,1608
14696.465007,776,1608
14696.470006,962,1608
14696.475005,933,1613
14696.480007,772,1612
14696.485007,849,1613
14696.490005,960,1615
14696.495005,792,1609
14696.500006,818,1615
14696.505006,986,1613
14696.510006,890,1615
14696.515006,788,1615
14696.520006,949,1614
14696.525006,928,1618
14696.530006,751,1617
14696.535007,856,1615
14696.540007,957,1616
14696.545006,797,1612
14696.550006,811,1616
14696.555005,993,1617
14696.560007,894,1619
14696.565006,775,1620
14696.570006,954,1607
14696.575006,941,1620
14696.580005,754,1620
14696.585005,845,1615
14696.590007,973,1619
14696.595006,782,1621
14696.600006,825,1618
14696.605006,985,1618
14696.610006,888,1620
14696.615007,771,1619
14696.620007,957,1616
14696.625006,941,1616
14696.630006,758,1616
14696.635006,862,1616
14696.640006,959,1613
14696.645005,802,1608
14696.650006,825,1609
14696.655006,981,1612
14696.660006,893,1614
14696.665006,770,1608
14696.670006,966,1604
14696.675006,937,1608
14696.680006,751,1608
14696.685007,840,1609
14696.690007,974,1605
14696.695005,784,1602
14696.700006,803,1603
14696.705006,973,1606
14696.710007,904,1592
14696.715005,786,1600
14696.720007,942,1604
14696.725005,923,1603
14696.730006,765,1598
14696.735006,839,1602
14696.740006,975,1600
14696.745005,792,1597
14696.750006,802,1597
14696.755007,972,1598
14696.760006,884,1600
14696.765006,785,1595
14696.770006,951,1594
14696.775006,931,1594
14696.780005,751,1595
14696.785006,844,1592
14696.790005,977,1593
14696.795006,797,1590
14696.800007,807,1592
14696.805006,980,1592
14696.810006,896,1592
14696.815005,777,1592
14696.820007,944,1595
14696.825006,947,1589
14696.830005,757,1590
14696.835006,846,1591
14696.840005,958,1591
14696.845006,779,1592
14696.850005,820,1592
14696.855006,982,1590
14696.860005,889,1593
14696.865006,793,1589
14696.870006,955,1590
14696.875006,929,1589
14696.880006,746,1592
14696.885006,860,1588
14696.890006,968,1588
14696.895006,790,1588
14696.900007,802,1589
14696.905007,992,1588
14696.910006,901,1588
14696.915007,778,1590
14696.920006,946,1594
14696.925006,934,1586
14696.930005,767,1593
14696.935006,850,1593
14696.940006,957,1595
14696.945006,776,1598
14696.950005,821,1594
14696.955006,983,1596
14696.960006,888,1598
14696.965005,771,1599
14696.970007,943,1598
14696.975006,931,1597
14696.980006,753,1596
14696.985005,857,1597
14696.990006,955,1598
14696.995007,780,1597
14697.000006,818,1588
14697.005005,983,1600
14697.010007,895,1597
14697.015007,770,1599
14697.020005,947,1601
14697.025007,951,1599
14697.030006,764,1602
14697.035007,847,1603
14697.040006,974,1602
14697.045005,785,1602
14697.050006,804,1610
14697.055006,994,1603
14697.060007,893,1609
14697.065006,772,1609
14697.070007,970,1608
14697.075006,943,1610
14697.080006,761,1609
14697.085006,850,1611
14697.090006,957,1612
14697.095006,791,1613
14697.100006,812,1613
14697.105007,974,1614
14697.110006,906,1612
14697.115006,784,1612
14697.120007,945,1616
14697.125006,949,1612
14697.130006,760,1612
14697.135005,846,1610
14697.140006,979,1612
14697.145006,785,1612
14697.150006,807,1610
14697.155005,998,1609
14697.160006,894,1612
14697.165006,794,1606
14697.170006,944,1612
14697.175007,942,1606
14697.180007,761,1610
14697.185007,847,1614
14697.190007,956,1612
14697.195006,797,1612
14697.200005,815,1610
14697.205005,972,1613
14697.210006,908,1613
14697.215006,782,1613
14697.220006,953,1607
14697.225005,944,1612
14697.230006,771,1615
14697.235006,856,1613
14697.240006,960,1616
14697.245005,793,1608
14697.250007,816,1615
14697.255006,977,1616
14697.260007,889,1617
14697.265006,771,1617
14697.270005,946,1620
14697.275006,950,1619
14697.280006,762,1619
14697.285006,846,1620
14697.290006,959,1624
14697.295006,800,1618
14697.300007,810,1621
14697.305005,998,1619
14697.310006,892,1619
14697.315005,772,1621
14697.320006,971,1618
14697.325005,943,1619
14697.330006,753,1619
14697.335006,854,1617
14697.340006,964,1618
14697.345007,781,1619
14697.350006,806,1618
14697.355006,979,1615
14697.360006,914,1617
14697.365007,787,1615
14697.370006,950,1617
14697.375005,935,1607
14697.380006,769,1612
14697.385005,859,1610
14697.390006,974,1611
14697.395005,795,1611
14697.400006,815,1609
14697.405006,981,1608
14697.410006,889,1612
14697.415007,772,1613
14697.420006,949,1606
14697.425007,947,1609
14697.430006,762,1606
14697.435006,844,1611
14697.440006,972,1604
14697.445006,788,1607
14697.450006,802,1608
14697.455005,975,1606
14697.460005,905,1599
14697.465006,789,1601
14697.470006,952,1609
14697.475006,927,1603
14697.480006,770,1601
14697.485005,847,1597
14697.490006,961,1598
14697.495005,780,1602
14697.500006,802,1603
14697.505007,993,1602
14697.510006,894,1602
14697.515006,769,1603
14697.520006,966,1601
14697.525006,937,1606
14697.530006,761,1603
14697.535007,847,1603
14697.540007,955,1605
14697.545007,780,1604
14697.550006,821,1604
14697.555006,978,1604
14697.560006,906,1603
14697.565005,789,1602
14697.570007,950,1601
14697.575006,928,1603
14697.580006,770,1605
14697.585006,848,1604
14697.590006,957,1606
14697.595006,800,1605
14697.600005,811,1602
14697.605006,987,1603
14697.610006,893,1604
14697.615006,774,1604
14697.620006,946,1609
14697.625006,947,1608
14697.630006,756,1605
14697.635006,840,1606
14697.640006,976,1609
14697.645006,790,1610
14697.650006,816,1608
14697.655005,979,1608
14697.660006,905,1605
14697.665006,785,1606
14697.670006,950,1608
14697.675006,947,1606
14697.680005,753,1611
14697.685005,845,1603
14697.690005,972,1598
14697.695006,796,1604
14697.700005,811,1602
14697.705006,977,1604
14697.710007,899,1594
14697.715006,788,1602
14697.720007,959,1601
14697.725007,932,1601
14697.730005,761,1602
14697.735005,857,1599
14697.740006,971,1600
14697.745005,786,1601
14697.750006,808,1600
14697.755007,979,1600
14697.760006,912,1597
14697.765006,778,1600
14697.770006,946,1600
14697.775006,941,1599
14697.780005,750,1601
14697.785006,864,1598
14697.790007,974,1601
14697.795007,789,1603
14697.800005,809,1602
14697.805005,975,1608
14697.810006,886,1610
14697.815005,796,1607
14697.820006,959,1611
14697.825006,932,1611
14697.830006,756,1616
14697.835006,862,1613
14697.840006,971,1618
14697.845005,779,1619
14697.850005,819,1618
14697.855006,986,1618
14697.860006,899,1620
14697.865006,782,1622
14697.870006,944,1624
14697.875006,947,1621
14697.880006,758,1624
14697.885005,841,1623
14697.890006,975,1624
14697.895006,789,1621
14697.900006,806,1623
14697.905005,976,1626
14697.910005,908,1622
14697.915006,784,1621
14697.920005,956,1625
14697.925006,935,1625
14697.930005,764,1623
14697.935006,861,1626
14697.940005,969,1626
14697.945007,784,1628
14697.950005,827,1624
14697.955006,995,1630
14697.960006,898,1626
14697.965006,784,1626
14697.970007,953,1631
14697.975006,930,1630
14697.980006,757,1630
14697.985007,845,1633
14697.990006,975,1628
14697.995005,799,1629
14698.000006,821,1629
14698.005007,979,1631
14698.010006,889,1634
14698.015007,791,1633
14698.020006,957,1629
14698.025006,938,1628
14698.030005,747,1629
14698.035006,854,1626
14698.040006,964,1625
14698.045005,784,1625
14698.050005,804,1629
14698.055005,975,1630
14698.060006,912,1625
14698.065006,775,1627
14698.070006,942,1625
14698.075005,943,1613
14698.080006,747,1624
14698.085006,856,1621
14698.090006,957,1624
14698.095006,776,1625
14698.100006,817,1619
14698.105006,978,1621
14698.110007,886,1619
14698.115007,787,1617
14698.120006,951,1617
14698.125007,924,1618
14698.130006,772,1612
14698.135005,858,1614
14698.140006,959,1615
14698.145007,777,1614
14698.150006,822,1612
14698.155005,981,1612
14698.160007,892,1610
14698.165007,772,1606
14698.170006,957,1609
14698.175006,930,1609
14698.180006,747,1608
14698.185006,841,1602
14698.190007,956,1606
14698.195005,793,1606
14698.200005,819,1604
14698.205005,970,1611
14698.210005,905,1603
14698.215006,791,1605
14698.220006,948,1607
14698.225005,926,1611
14698.230006,748,1610
14698.235007,835,1607
14698.240005,965,1605
14698.245005,785,1605
14698.250006,809,1604
14698.255006,974,1604
14698.260006,898,1598
14698.265007,777,1599
14698.270006,953,1594
14698.275005,926,1595
14698.280006,745,1592
14698.285006,840,1586
14698.290006,973,1590
14698.295007,783,1587
14698.300006,806,1588
14698.305006,991,1587
14698.310005,897,1587
14698.315006,778,1585
14698.320006,940,1591
14698.325006,936,1579
14698.330006,756,1588
14698.335006,835,1592
14698.340005,971,1592
14698.345006,788,1593
14698.350006,808,1593
14698.355006,978,1595
14698.360006,892,1594
14698.365007,773,1597
14698.370007,944,1588
14698.375005,938,1596
14698.380005,754,1594
14698.385006,838,1597
14698.390007,956,1593
14698.395006,801,1595
14698.400006,801,1594
14698.405006,990,1586
14698.410006,895,1591
14698.415007,776,1594
14698.420006,945,1594
14698.425006,925,1593
14698.430005,772,1592
14698.435005,851,1594
14698.440005,961,1594
14698.445007,776,1595
14698.450006,823,1600
14698.455005,986,1599
14698.460005,897,1599
14698.465006,778,1594
14698.470007,956,1601
14698.475005,937,1600
14698.480006,748,1605
14698.485005,855,1600
14698.490007,973,1605
14698.495006,790,1608
14698.500006,806,1605
14698.505007,973,1606
14698.510005,887,1609
14698.515006,790,1608
14698.520005,947,1614
14698.525006,946,1610
14698.530005,761,1614
14698.535006,844,1614
14698.540006,954,1619
14698.545005,797,1618
14698.550006,807,1621
14698.555006,992,1620
14698.560006,903,1620
14698.565005,771,1625
14698.570007,947,1623
14698.575007,943,1626
14698.580006,761,1627
14698.585006,851,1625
14698.590006,958,1630
14698.595007,803,1624
14698.600005,818,1627
14698.605006,982,1628
14698.610005,897,1623
14698.615007,774,1625
14698.620006,966,1625
14698.625005,933,1622
14698.630006,748,1625
14698.635005,859,1615
14698.640007,972,1617
14698.645006,795,1617
14698.650006,806,1617
14698.655007,968,1618
14698.660007,894,1611
14698.665006,786,1613
14698.670006,948,1614
14698.675007,926,1614
14698.680006,755,1605
14698.685007,850,1610
14698.690005,968,1612
14698.695005,790,1603
14698.700005,811,1611
14698.705006,976,1611
14698.710006,882,1610
14698.715006,774,1603
14698.720006,944,1606
14698.725005,942,1607
14698.730007,751,1610
14698.735007,837,1606
14698.740005,972,1604
14698.745005,783,1605
14698.750007,802,1604
14698.755006,975,1604
14698.760005,904,1600
14698.765006,776,1602
14698.770006,942,1602
14698.775007,930,1597
14698.780005,769,1601
14698.785006,860,1599
14698.790007,965,1599
14698.795007,784,1600
14698.800007,818,1604
14698.805005,975,1602
14698.810007,904,1603
14698.815006,778,1603
14698.820007,958,1598
14698.825007,941,1604
14698.830006,760,1605
14698.835006,842,1604
14698.840005,954,1608
14698.845006,775,1605
14698.850006,819,1598
14698.855005,987,1603
14698.860005,897,1602
14698.865006,779,1606
14698.870005,962,1602
14698.875006,933,1599
14698.880006,771,1600
14698.885007,851,1598
14698.890007,955,1601
14698.895006,793,1597
14698.900006,814,1595
14698.905006,979,1599
14698.910006,904,1599
14698.915006,776,1602
14698.920006,947,1603
14698.925007,923,1610
14698.930006,767,1608
14698.935006,854,1608
14698.940006,959,1610
14698.945007,782,1611
14698.950007,804,1612
14698.955006,973,1612
14698.960007,896,1614
14698.965006,773,1613
14698.970006,950,1613
14698.975006,946,1614
14698.980006,770,1614
14698.985005,848,1616
14698.990007,957,1616
14698.995005,779,1611
14699.000006,822,1611
14699.005006,978,1613
14699.010006,899,1611
14699.015006,786,1613
14699.020006,954,1614
14699.025006,931,1611
14699.030006,768,1610
14699.035007,842,1618
14699.040006,980,1613
14699.045006,785,1614
14699.050007,802,1620
14699.055006,974,1617
14699.060006,907,1621
14699.065006,787,1622
14699.070007,955,1624
14699.075006,932,1626
14699.080006,770,1625
14699.085006,842,1630
14699.090006,974,1624
14699.095006,795,1630
14699.100006,804,1630
14699.105006,999,1629
14699.110006,897,1634
14699.115005,773,1633
14699.120006,963,1626
14699.125006,938,1628
14699.130007,749,1631
14699.135006,854,1628
14699.140007,957,1629
14699.145005,805,1625
14699.150006,813,1626
14699.155005,978,1626
14699.160007,910,1624
14699.165005,781,1622
14699.170006,945,1625
14699.175006,938,1622
14699.180005,748,1624
14699.185006,849,1620
14699.190006,961,1618
14699.195007,779,1622
14699.200006,828,1619
14699.205005,985,1620
14699.210006,909,1622
14699.215005,783,1622
14699.220006,953,1624
14699.225006,926,1624
14699.230007,770,1622
14699.235006,847,1624
14699.240007,974,1622
14699.245006,785,1625
14699.250006,819,1623
14699.255006,977,1628
14699.260006,892,1625
14699.265006,790,1625
14699.270006,948,1625
14699.275007,944,1615
14699.280007,766,1622
14699.285005,836,1623
14699.290005,972,1622
14699.295007,780,1626
14699.300006,825,1625
14699.305005,977,1625
14699.310007,905,1622
14699.315006,774,1623
14699.320006,947,1624
14699.325005,945,1623
14699.330007,764,1622
14699.335007,846,1619
14699.340005,959,1619
14699.345006,801,1620
14699.350006,813,1618
14699.355007,981,1621
14699.360006,908,1619
14699.365006,774,1619
14699.370006,963,1619
14699.375006,932,1619
14699.380006,748,1620
14699.385005,837,1615
14699.390006,973,1617
14699.395006,778,1619
14699.400006,800,1621
14699.405006,989,1616
14699.410007,896,1617
14699.415007,772,1620
14699.420005,962,1615
14699.425005,942,1618
14699.430005,757,1617
14699.435006,861,1617
14699.440006,970,1617
14699.445006,787,1619
14699.450006,809,1616
14699.455005,980,1616
14699.460006,891,1616
14699.465005,792,1615
14699.470007,958,1613
14699.475005,938,1613
14699.480007,748,1614
14699.485006,840,1613
14699.490006,957,1610
14699.495005,794,1604
14699.500006,824,1606
14699.505006,986,1607
14699.510006,896,1605
14699.515006,776,1604
14699.520005,948,1603
14699.525006,924,1610
14699.530007,753,1606
14699.535005,842,1604
14699.540005,964,1604
14699.545006,782,1604
14699.550006,826,1603
14699.555005,986,1604
14699.560006,894,1605
14699.565006,774,1603
14699.570006,943,1604
14699.575006,925,1605
14699.580005,772,1601
14699.585005,843,1609
14699.590006,966,1597
14699.595007,796,1603
14699.600006,812,1601
14699.605006,976,1602
14699.610005,902,1600
14699.615006,781,1605
14699.620006,952,1607
14699.625005,930,1609
14699.630005,750,1611
14699.635006,839,1612
14699.640006,978,1610
14699.645006,795,1612
14699.650006,813,1610
14699.655005,976,1612
14699.660006,894,1611
14699.665006,774,1610
14699.670005,944,1611
14699.675006,942,1605
14699.680005,757,1608
14699.685006,839,1607
14699.690007,954,1608
14699.695006,798,1603
14699.700006,806,1604
14699.705005,979,1604
14699.710005,897,1593
14699.715006,787,1595
14699.720007,962,1600
14699.725005,939,1601
14699.730006,756,1600
14699.735006,837,1605
14699.740007,953,1606
14699.745006,793,1602
14699.750006,806,1604
14699.755005,977,1600
14699.760006,909,1605
14699.765007,787,1604
14699.770006,954,1607
14699.775006,933,1607
14699.780005,759,1609
14699.785006,844,1608
14699.790006,956,1613
14699.795005,803,1608
14699.800005,808,1611
14699.805005,977,1610
14699.810006,905,1604
14699.815006,787,1606
14699.820007,960,1609
14699.825006,926,1611
14699.830006,765,1608
14699.835006,852,1611
14699.840005,957,1610
14699.845006,782,1604
14699.850005,817,1612
14699.855006,987,1608
14699.860006,887,1613
14699.865007,782,1604
14699.870006,960,1610
14699.875006,939,1611
14699.880006,750,1610
14699.885007,854,1606
14699.890007,974,1611
14699.895006,788,1609
14699.900006,808,1610
14699.905006,975,1608
14699.910007,912,1608
14699.915006,783,1610
14699.920006,954,1614
14699.925006,933,1608
14699.930006,750,1614
14699.935007,864,1613
14699.940005,973,1611
14699.945006,786,1612
14699.950006,800,1617
14699.955006,979,1615
14699.960006,913,1613
14699.965006,772,1615
14699.970006,945,1614
14699.975005,934,1618
14699.980007,770,1612
14699.985007,856,1613
14699.990006,961,1615
14699.995006,789,1614
14700.000005,807,1613
14700.005005,975,1612
14700.010006,913,1608
14700.015007,791,1606
14700.020005,957,1604
14700.025007,935,1602
14700.030006,753,1603
14700.035006,840,1603
14700.040006,979,1602
14700.045006,792,1600
14700.050006,804,1603
14700.055006,989,1593
14700.060006,904,1596
14700.065005,779,1601
14700.070006,946,1598
14700.075005,949,1597
14700.080006,753,1596
14700.085006,860,1596
14700.090006,958,1599
14700.095006,778,1601
14700.100005,799,1600
14700.105006,991,1594
14700.110006,902,1596
14700.115006,775,1595
14700.120006,946,1596
14700.125005,928,1600
14700.130005,758,1598
14700.135006,865,1593
14700.140006,962,1596
14700.145006,780,1599
14700.150006,817,1596
14700.155006,987,1598
14700.160005,892,1600
14700.165005,772,1603
14700.170007,944,1602
14700.175006,941,1593
14700.180006,768,1599
14700.185006,845,1602
14700.190006,953,1606
14700.195006,777,1606
14700.200005,820,1604
14700.205006,980,1603
14700.210006,895,1605
14700.215006,775,1606
14700.220006,960,1595
14700.225005,934,1606
14700.230006,747,1606
14700.235005,853,1605
14700.240007,958,1608
14700.245005,776,1607
14700.250006,822,1602
14700.255007,985,1604
14700.260006,885,1608
14700.265007,790,1606
14700.270005,952,1604
14700.275007,928,1606
14700.280006,749,1605
14700.285006,854,1600
14700.290006,962,1603
14700.295005,796,1603
14700.300005,812,1603
14700.305005,971,1604
14700.310006,901,1600
14700.315005,778,1603
14700.320006,951,1606
14700.325006,928,1604
14700.330005,747,1605
14700.335005,837,1606
14700.340006,974,1605
14700.345007,793,1609
14700.350006,809,1605
14700.355006,973,1612
14700.360005,911,1605
14700.365006,781,1610
14700.370006,948,1613
14700.375005,926,1606
14700.380006,766,1606
14700.385006,846,1611
14700.390006,953,1614
14700.395005,799,1609
14700.400006,811,1610
14700.405005,977,1608
14700.410006,892,1610
14700.415006,769,1613
14700.420005,964,1613
14700.425005,938,1607
14700.430005,758,1606
14700.435006,844,1608
14700.440005,959,1606
14700.445006,787,1604
14700.450006,818,1607
14700.455007,984,1606
14700.460006,889,1609
14700.465006,770,1612
14700.470007,949,1611
14700.475006,945,1606
14700.480006,770,1608
14700.485005,847,1613
14700.490006,964,1614
14700.495006,787,1614
14700.500005,801,1612
14700.505006,997,1614
14700.510005,898,1613
14700.515006,787,1612
14700.520005,960,1614
14700.525006,935,1613
14700.530007,755,1614
14700.535006,847,1614
14700.540006,955,1615
14700.545006,803,1610
14700.550006,813,1610
14700.555006,973,1615
14700.560006,909,1609
14700.565006,790,1611
14700.570006,960,1612
14700.575006,927,1608
14700.580006,757,1600
14700.585007,858,1608
14700.590005,960,1609
14700.595006,778,1606
14700.600006,801,1608
14700.605006,974,1606
14700.610007,912,1602
14700.615005,780,1602
14700.620006,950,1602
14700.625006,928,1605
14700.630006,752,1604
14700.635005,845,1603
14700.640006,956,1603
14700.645006,802,1602
14700.650006,812,1600
14700.655005,979,1604
14700.660006,890,1604
14700.665006,797,1602
14700.670005,957,1602
14700.675005,929,1601
14700.680005,756,1598
14700.685007,847,1597
14700.690007,966,1598
14700.695005,786,1597
14700.700005,809,1602
14700.705007,976,1601
14700.710006,905,1595
14700.715006,782,1595
14700.720007,954,1594
14700.725006,928,1598
14700.730006,769,1597
14700.735005,845,1595
14700.740007,958,1595
14700.745006,778,1588
14700.750006,819,1590
14700.755006,995,1588
14700.760006,897,1590
14700.765007,779,1587
14700.770006,952,1590
14700.775007,930,1589
14700.780005,751,1590
14700.785007,858,1586
14700.790006,974,1592
14700.795007,777,1594
14700.800006,797,1595
14700.805007,994,1593
14700.810007,889,1594
14700.815006,784,1590
14700.820006,969,1596
14700.825006,940,1598
14700.830005,754,1600
14700.835005,843,1604
14700.840007,954,1606
14700.845006,793,1602
14700.850007,820,1603
14700.855006,981,1606
14700.860005,890,1604
14700.865006,794,1602
14700.870006,956,1609
14700.875006,941,1604
14700.880005,754,1608
14700.885007,843,1608
14700.890006,957,1604
14700.895005,776,1606
14700.900006,805,1608
14700.905007,993,1604
14700.910005,901,1607
14700.915005,788,1607
14700.920006,955,1609
14700.925007,928,1611
14700.930007,773,1606
14700.935006,851,1612
14700.940006,956,1613
14700.945006,778,1615
14700.950006,804,1614
14700.955005,994,1615
14700.960006,903,1616
14700.965005,780,1616
14700.970005,951,1619
14700.975005,929,1622
14700.980006,750,1623
14700.985005,844,1624
14700.990006,976,1624
14700.995005,793,1623
14701.000007,814,1625
14701.005006,983,1625
14701.010006,889,1629
14701.015006,778,1627
14701.020005,966,1628
14701.025007,934,1630
14701.030007,748,1632
14701.035006,848,1634
14701.040006,960,1633
14701.045006,782,1636
14701.050006,824,1637
14701.055006,991,1640
14701.060007,893,1640
14701.065006,778,1641
14701.070006,967,1640
14701.075007,945,1641
14701.080005,765,1641
14701.085006,862,1643
14701.090006,975,1641
14701.095007,792,1641
14701.100006,819,1640
14701.105006,985,1639
14701.110005,898,1640
14701.115005,780,1638
14701.120006,950,1637
14701.125006,950,1633
14701.130006,761,1630
14701.135006,842,1633
14701.140005,976,1628
14701.145005,787,1628
14701.150006,804,1628
14701.155005,974,1625
14701.160006,894,1614
14701.165006,771,1627
14701.170006,969,1622
14701.175007,939,1618
14701.180006,753,1620
14701.185006,842,1622
14701.190007,974,1617
14701.195006,796,1618
14701.200005,816,1619
14701.205006,979,1616
14701.210007,884,1621
14701.215006,787,1613
14701.220006,962,1616
14701.225006,931,1615
14701.230006,749,1612
14701.235005,858,1610
14701.240006,969,1603
14701.245006,789,1606
14701.250005,802,1605
14701.255006,970,1605
14701.260006,879,1599
14701.265007,793,1598
14701.270006,958,1596
14701.275007,926,1599
14701.280007,745,1597
14701.285006,863,1595
14701.290006,960,1591
14701.295005,773,1593
14701.300005,813,1586
14701.305005,985,1589
14701.310006,883,1592
14701.315006,787,1584
14701.320006,963,1592
14701.325006,938,1587
14701.330006,746,1590
14701.335006,860,1591
14701.340006,955,1593
14701.345006,769,1590
14701.350007,797,1592
14701.355006,994,1592
14701.360006,897,1591
14701.365007,776,1597
14701.370006,946,1597
14701.375005,921,1598
14701.380005,770,1592
14701.385006,857,1592
14701.390006,956,1598
14701.395007,789,1597
14701.400006,814,1598
14701.405006,977,1600
14701.410006,880,1600
14701.415006,784,1601
14701.420005,947,1601
14701.425005,944,1600
14701.430005,759,1602
14701.435006,860,1609
14701.440006,960,1604
14701.445006,773,1608
14701.450005,810,1605
14701.455006,976,1607
14701.460006,904,1608
14701.465005,774,1609
14701.470005,948,1608
14701.475006,947,1605
14701.480006,753,1608
14701.485006,848,1605
14701.490006,966,1606
14701.495005,773,1604
14701.500006,817,1603
14701.505006,973,1602
14701.510005,896,1594
14701.515006,784,1602
14701.520006,957,1599
14701.525007,929,1596
14701.530006,749,1598
14701.535006,843,1601
14701.540006,953,1600
14701.545006,776,1595
14701.550006,820,1587
14701.555006,984,1594
14701.560007,879,1598
14701.565007,789,1599
14701.570006,952,1597
14701.575006,928,1597
14701.580005,769,1597
14701.585005,842,1600
14701.590007,963,1600
14701.595006,782,1596
14701.600006,813,1601
14701.605006,983,1600
14701.610006,881,1599
14701.615006,783,1598
14701.620006,945,1600
14701.625006,936,1599
14701.630006,747,1603
14701.635006,857,1602
14701.640005,954,1601
14701.645005,792,1598
14701.650007,817,1602
14701.655007,981,1602
14701.660005,876,1606
14701.665005,783,1603
14701.670007,955,1598
14701.675007,943,1606
14701.680006,753,1609
14701.685006,860,1608
14701.690005,959,1607
14701.695006,773,1607
14701.700006,799,1612
14701.705005,986,1612
14701.710005,883,1614
14701.715006,794,1613
14701.720007,951,1616
14701.725006,947,1613
14701.730005,763,1617
14701.735005,854,1616
14701.740006,955,1616
14701.745007,790,1614
14701.750006,822,1615
14701.755006,980,1617
14701.760006,896,1620
14701.765006,777,1618
14701.770005,948,1620
14701.775007,942,1617
14701.780006,765,1618
14701.785006,851,1619
14701.790007,952,1617
14701.795006,792,1617
14701.800006,817,1618
14701.805005,986,1617
14701.810006,896,1615
14701.815007,777,1619
14701.820006,953,1620
14701.825005,926,1617
14701.830007,766,1617
14701.835006,854,1618
14701.840005,951,1618
14701.845006,789,1616
14701.850007,820,1615
14701.855006,982,1619
14701.860005,882,1617
14701.865006,771,1618
14701.870006,947,1617
14701.875006,942,1619
14701.880006,756,1617
14701.885005,847,1619
14701.890007,970,1614
14701.895007,793,1618
14701.900006,810,1615
14701.905005,982,1614
14701.910007,879,1618
14701.915006,794,1617
14701.920006,954,1616
14701.925006,922,1619
14701.930005,770,1617
14701.935007,850,1617
14701.940006,950,1617
14701.945007,775,1617
14701.950006,828,1613
14701.955006,985,1618
14701.960006,893,1616
14701.965007,780,1617
14701.970006,954,1616
14701.975005,929,1620
14701.980006,750,1618
14701.985006,850,1617
14701.990005,976,1616
14701.995005,780,1614
14702.000006,809,1617
14702.005006,972,1617
14702.010006,904,1614
14702.015006,784,1615
14702.020006,957,1616
14702.025006,931,1613
14702.030006,748,1612
14702.035006,870,1613
14702.040007,960,1611
14702.045006,789,1608
14702.050006,815,1606
14702.055006,991,1610
14702.060006,890,1606
14702.065005,780,1607
14702.070005,948,1610
14702.075005,926,1608
14702.080006,768,1605
14702.085006,849,1608
14702.090005,970,1603
14702.095006,785,1605
14702.100006,801,1608
14702.105006,973,1610
14702.110005,881,1613
14702.115007,785,1601
14702.120007,970,1609
14702.125006,943,1613
14702.130006,760,1611
14702.135006,852,1611
14702.140006,954,1613
14702.145006,778,1610
14702.150007,821,1611
14702.155007,976,1610
14702.160006,881,1611
14702.165007,792,1606
14702.170005,959,1606
14702.175005,930,1604
14702.180005,774,1600
14702.185007,866,1600
14702.190006,965,1601
14702.195006,781,1603
14702.200006,809,1600
14702.205006,972,1599
14702.210007,894,1598
14702.215006,778,1598
14702.220006,953,1597
14702.225005,922,1600
14702.230007,767,1593
14702.235007,851,1595
14702.240006,956,1593
14702.245005,788,1593
14702.250006,818,1588
14702.255006,973,1595
14702.260006,897,1588
14702.265007,769,1590
14702.270006,968,1588
14702.275006,934,1587
14702.280005,768,1586
14702.285006,847,1586
14702.290006,959,1585
14702.295006,776,1583
14702.300007,800,1581
14702.305006,987,1587
14702.310006,882,1585
14702.315006,790,1585
14702.320006,958,1581
14702.325005,925,1587
14702.330006,744,1588
14702.335007,866,1587
14702.340005,966,1586
14702.345007,784,1588
14702.350005,809,1586
14702.355007,972,1588
14702.360006,873,1593
14702.365007,785,1590
14702.370006,954,1589
14702.375007,923,1592
14702.380006,765,1591
14702.385005,859,1589
14702.390006,953,1590
14702.395005,768,1592
14702.400006,798,1589
14702.405005,995,1589
14702.410006,878,1591
14702.415006,787,1593
14702.420006,947,1600
14702.425006,944,1596
14702.430006,753,1598
14702.435006,846,1600
14702.440005,966,1603
14702.445007,770,1607
14702.450007,813,1606
14702.455006,974,1608
14702.460007,889,1605
14702.465007,788,1612
14702.470006,960,1614
14702.475005,924,1620
14702.480007,767,1620
14702.485006,851,1622
14702.490006,953,1625
14702.495006,773,1625
14702.500005,815,1624
14702.505006,975,1626
14702.510005,893,1626
14702.515006,775,1630
14702.520005,975,1627
14702.525006,942,1627
14702.530006,763,1631
14702.535006,849,1631
14702.540006,975,1628
14702.545006,791,1630
14702.550006,811,1631
14702.555006,978,1631
14702.560006,879,1633
14702.565005,774,1636
14702.570006,976,1632
14702.575005,944,1632
14702.580006,764,1632
14702.585007,861,1633
14702.590005,952,1636
14702.595006,785,1636
14702.600006,805,1636
14702.605006,978,1638
14702.610006,888,1631
14702.615006,787,1636
14702.620005,956,1641
14702.625006,944,1637
14702.630007,760,1641
14702.635006,858,1633
14702.640006,975,1638
14702.645006,783,1638
14702.650007,812,1638
14702.655007,977,1643
14702.660007,880,1641
14702.665006,796,1638
14702.670005,965,1636
14702.675005,935,1635
14702.680006,758,1637
14702.685007,847,1638
14702.690006,974,1630
14702.695007,783,1631
14702.700005,803,1633
14702.705007,995,1631
14702.710007,880,1628
14702.715007,774,1628
14702.720006,970,1621
14702.725006,936,1624
14702.730006,756,1627
14702.735006,854,1611
14702.740006,952,1620
14702.745006,796,1614
14702.750005,819,1609
14702.755005,976,1616
14702.760007,898,1604
14702.765005,786,1607
14702.770005,957,1604
14702.775006,933,1604
14702.780005,761,1604
14702.785006,849,1604
14702.790006,953,1598
14702.795006,775,1593
14702.800006,825,1596
14702.805005,989,1600
14702.810007,889,1598
14702.815006,785,1601
14702.820006,954,1601
14702.825006,923,1604
14702.830005,747,1606
14702.835005,864,1600
14702.840006,975,1609
14702.845006,781,1594
14702.850005,800,1605
14702.855006,990,1602
14702.860006,884,1601
14702.865007,780,1600
14702.870007,950,1602
14702.875007,925,1601
14702.880006,773,1596
14702.885006,860,1596
14702.890006,957,1599
14702.895006,776,1597
14702.900006,803,1597
14702.905006,976,1594
14702.910006,874,1598
14702.915006,785,1593
14702.920005,964,1593
14702.925006,933,1594
14702.930005,751,1594
14702.935006,861,1590
14702.940006,964,1595
14702.945006,777,1595
14702.950006,801,1596
14702.955006,986,1590
14702.960006,891,1598
14702.965007,777,1601
14702.970007,973,1600
14702.975005,937,1598
14702.980007,752,1602
14702.985007,853,1601
14702.990006,953,1602
14702.995006,785,1598
14703.000006,804,1600
14703.005006,999,1597
14703.010007,894,1597
14703.015007,782,1597
14703.020005,963,1595
14703.025006,927,1596
14703.030005,765,1590
14703.035006,861,1593
14703.040006,956,1593
14703.045005,768,1595
14703.050005,820,1590
14703.055005,979,1593
14703.060006,883,1593
14703.065006,775,1593
14703.070006,951,1594
14703.075006,933,1592
14703.080005,762,1599
14703.085006,851,1594
14703.090005,950,1601
14703.095007,769,1601
14703.100005,825,1596
14703.105007,980,1595
14703.110006,879,1598
14703.115006,774,1595
14703.120006,951,1596
14703.125005,941,1593
14703.130005,748,1595
14703.135006,855,1584
14703.140006,966,1593
14703.145005,781,1592
14703.150006,804,1590
14703.155005,971,1591
14703.160006,873,1592
14703.165006,773,1591
14703.170007,974,1586
14703.175006,933,1588
14703.180005,748,1594
14703.185006,859,1593
14703.190006,958,1594
14703.195006,774,1595
14703.200005,805,1598
14703.205006,980,1599
14703.210006,880,1600
14703.215006,771,1612
14703.220006,957,1596
14703.225006,942,1605
14703.230006,746,1609
14703.235005,847,1609
14703.240006,968,1599
14703.245006,792,1605
14703.250006,815,1606
14703.255006,993,1606
14703.260005,889,1606
14703.265007,784,1609
14703.270005,948,1611
14703.275007,944,1599
14703.280006,759,1607
14703.285006,854,1606
14703.290005,953,1608
14703.295006,770,1609
14703.300007,818,1606
14703.305006,979,1613
14703.310006,875,1610
14703.315005,774,1610
14703.320007,974,1608
14703.325006,933,1606
14703.330006,760,1612
14703.335006,857,1612
14703.340007,955,1614
14703.345007,770,1618
14703.350006,813,1616
14703.355006,980,1618
14703.360007,876,1621
14703.365005,784,1615
14703.370006,974,1620
14703.375005,927,1622
14703.380005,757,1618
14703.385007,868,1622
14703.390005,960,1623
14703.395006,777,1624
14703.400006,806,1627
14703.405006,1000,1624
14703.410006,896,1626
14703.415005,785,1624
14703.420006,961,1626
14703.425006,931,1625
14703.430007,751,1630
14703.435006,874,1628
14703.440007,966,1628
14703.445005,779,1632
14703.450005,815,1633
14703.455006,981,1633
14703.460006,903,1630
14703.465006,791,1633
14703.470006,960,1634
14703.475006,934,1633
14703.480005,762,1636
14703.485006,859,1635
14703.490006,978,1633
14703.495007,786,1632
14703.500006,812,1632
14703.505007,982,1628
14703.510006,884,1626
14703.515006,789,1623
14703.520006,963,1623
14703.525007,939,1620
14703.530006,751,1622
14703.535006,850,1621
14703.540007,977,1616
14703.545006,789,1617
14703.550006,820,1616
14703.555007,988,1615
14703.560006,878,1617
14703.565006,777,1617
14703.570007,963,1607
14703.575006,943,1617
14703.580005,772,1615
14703.585006,859,1616
14703.590005,957,1615
14703.595006,792,1608
14703.600006,824,1613
14703.605006,989,1610
14703.610006,882,1607
14703.615006,782,1605
14703.620005,960,1595
14703.625006,921,1605
14703.630006,770,1600
14703.635006,859,1594
14703.640006,965,1596
14703.645005,777,1595
14703.650006,806,1593
14703.655005,994,1590
14703.660006,879,1591
14703.665006,778,1588
14703.670005,950,1591
14703.675005,942,1587
14703.680005,763,1588
14703.685006,859,1585
14703.690005,952,1589
14703.695007,769,1590
14703.700005,821,1590
14703.705006,988,1587
14703.710006,875,1590
14703.715005,785,1584
14703.720006,965,1590
14703.725006,927,1591
14703.730007,752,1591
14703.735006,851,1593
14703.740006,950,1593
14703.745006,794,1592
14703.750006,818,1594
14703.755006,980,1593
14703.760006,874,1596
14703.765006,777,1598
14703.770005,966,1596
14703.775006,933,1596
14703.780005,766,1596
14703.785006,862,1594
14703.790007,955,1596
14703.795006,772,1597
14703.800006,826,1595
14703.805005,987,1598
14703.810006,887,1598
14703.815007,784,1600
14703.820006,959,1601
14703.825005,925,1604
14703.830007,772,1600
14703.835006,874,1601
14703.840006,966,1601
14703.845007,778,1605
14703.850006,804,1604
14703.855006,998,1601
14703.860007,885,1602
14703.865006,782,1605
14703.870006,954,1609
14703.875006,941,1605
14703.880006,761,1605
14703.885006,861,1606
14703.890006,953,1612
14703.895006,774,1609
14703.900006,804,1610
14703.905005,998,1609
14703.910006,884,1606
14703.915006,775,1613
14703.920006,972,1614
14703.925007,936,1612
14703.930006,750,1617
14703.935007,872,1614
14703.940006,966,1612
14703.945006,779,1615
14703.950005,808,1617
14703.955006,972,1619
14703.960006,892,1616
14703.965005,789,1617
14703.970006,974,1615
14703.975005,935,1619
14703.980006,752,1618
14703.985006,857,1621
14703.990006,952,1622
14703.995006,767,1623
14704.000005,802,1622
14704.005006,996,1620
14704.010005,891,1624
14704.015006,793,1621
14704.020006,964,1622
14704.025006,936,1622
14704.030006,753,1623
14704.035005,853,1625
14704.040005,952,1625
14704.045006,772,1626
14704.050005,815,1617
14704.055005,997,1624
14704.060006,893,1625
14704.065006,787,1629
14704.070006,958,1627
14704.075006,928,1631
14704.080007,751,1627
14704.085007,874,1625
14704.090006,976,1626
14704.095006,782,1627
14704.100006,807,1632
14704.105006,998,1626
14704.110006,886,1627
14704.115007,785,1630
14704.120006,964,1630
14704.125005,926,1629
14704.130005,749,1629
14704.135007,870,1620
14704.140006,971,1625
14704.145006,780,1627
14704.150006,809,1628
14704.155005,980,1625
14704.160006,881,1627
14704.165006,775,1626
14704.170005,979,1621
14704.175006,947,1623
14704.180006,764,1622
14704.185005,862,1621
14704.190006,949,1623
14704.195006,788,1621
14704.200005,817,1625
14704.205006,980,1624
14704.210006,876,1627
14704.215005,777,1626
14704.220006,977,1617
14704.225006,937,1624
14704.230006,759,1622
14704.235006,854,1624
14704.240006,953,1626
14704.245006,773,1625
14704.250005,821,1622
14704.255005,984,1619
14704.260007,881,1620
14704.265007,799,1618
14704.270005,966,1620
14704.275007,931,1618
14704.280007,765,1615
14704.285006,863,1615
14704.290006,954,1615
14704.295005,769,1616
14704.300005,826,1616
14704.305006,984,1616
14704.310006,877,1614
14704.315006,787,1609
14704.320007,956,1613
14704.325006,947,1606
14704.330006,770,1609
14704.335006,861,1611
14704.340006,955,1606
14704.345006,770,1608
14704.350005,802,1610
14704.355007,994,1604
14704.360007,882,1605
14704.365006,773,1602
14704.370006,974,1601
14704.375006,930,1601
14704.380007,754,1603
14704.385006,865,1601
14704.390005,962,1601
14704.395006,773,1599
14704.400006,808,1600
14704.405005,969,1605
14704.410007,894,1598
14704.415006,788,1600
14704.420005,956,1605
14704.425006,935,1595
14704.430006,770,1599
14704.435006,862,1602
14704.440007,961,1603
14704.445005,779,1605
14704.450006,804,1609
14704.455005,979,1609
14704.460005,874,1608
14704.465006,799,1604
14704.470006,972,1609
14704.475007,924,1608
14704.480005,748,1612
14704.485006,864,1598
14704.490006,968,1607
14704.495005,774,1606
14704.500006,805,1604
14704.505006,973,1603
14704.510006,880,1592
14704.515006,787,1599
14704.520006,967,1597
14704.525007,937,1600
14704.530005,751,1597
14704.535006,854,1594
14704.540006,952,1595
14704.545006,783,1588
14704.550007,822,1591
14704.555005,977,1593
14704.560006,868,1598
14704.565006,790,1596
14704.570006,954,1598
14704.575005,929,1592
14704.580007,770,1597
14704.585007,860,1598
14704.590006,951,1599
14704.595007,785,1603
14704.600007,809,1601
14704.605005,972,1603
14704.610006,886,1601
14704.615006,785,1602
14704.620006,964,1601
14704.625005,944,1601
14704.630005,759,1603
14704.635007,854,1608
14704.640006,967,1602
14704.645006,778,1603
14704.650007,806,1603
14704.655007,980,1600
14704.660006,894,1604
14704.665006,780,1604
14704.670006,969,1598
14704.675007,942,1603
14704.680006,759,1604
14704.685005,854,1608
14704.690005,970,1599
14704.695006,783,1605
14704.700005,809,1605
14704.705007,990,1601
14704.710007,881,1601
14704.715006,776,1603
14704.720006,973,1600
14704.725005,930,1599
14704.730006,751,1596
14704.735005,874,1598
14704.740007,962,1598
14704.745007,773,1597
14704.750007,799,1601
14704.755007,980,1598
14704.760007,873,1599
14704.765006,773,1602
14704.770005,974,1596
14704.775006,923,1601
14704.780005,767,1597
14704.785007,857,1597
14704.790007,952,1598
14704.795005,788,1596
14704.800005,807,1598
14704.805006,975,1598
14704.810007,871,1592
14704.815005,789,1596
14704.820007,963,1598
14704.825006,929,1599
14704.830006,750,1601
14704.835006,854,1601
14704.840006,972,1602
14704.845006,791,1597
14704.850007,814,1602
14704.855005,974,1602
14704.860005,870,1603
14704.865006,773,1606
14704.870005,957,1602
14704.875007,943,1597
14704.880007,763,1600
14704.885006,858,1603
14704.890006,953,1600
14704.895005,789,1604
14704.900007,811,1603
14704.905006,973,1604
14704.910007,888,1604
14704.915007,784,1604
14704.920006,954,1606
14704.925006,943,1599
14704.930005,760,1601
14704.935006,860,1603
14704.940006,957,1599
14704.945007,771,1596
14704.950006,824,1601
14704.955006,980,1601
14704.960007,869,1604
14704.965006,787,1601
14704.970006,962,1605
14704.975006,941,1598
14704.980007,767,1604
14704.985006,860,1606
14704.990006,952,1607
14704.995006,789,1606
14705.000006,821,1609
14705.005007,978,1609
14705.010006,869,1610
14705.015006,795,1611
14705.020006,966,1611
14705.025007,926,1611
14705.030007,754,1609
14705.035007,870,1610
14705.040006,956,1610
14705.045005,787,1610
14705.050006,824,1610
14705.055006,985,1610
14705.060006,876,1611
14705.065007,779,1610
14705.070006,980,1609
14705.075006,936,1607
14705.080006,754,1614
14705.085006,852,1609
14705.090005,972,1609
14705.095006,772,1607
14705.100005,823,1608
14705.105006,983,1606
14705.110006,878,1609
14705.115006,776,1606
14705.120005,971,1601
14705.125006,930,1606
14705.130006,754,1597
14705.135007,854,1606
14705.140006,951,1604
14705.145006,781,1600
14705.150006,800,1601
14705.155006,992,1599
14705.160006,881,1596
14705.165007,777,1597
14705.170005,956,1597
14705.175005,924,1596
14705.180006,765,1592
14705.185006,874,1590
14705.190005,957,1589
14705.195006,781,1590
14705.200006,806,1585
14705.205006,980,1585
14705.210006,869,1584
14705.215006,780,1577
14705.220006,972,1583
14705.225007,918,1586
14705.230005,763,1578
14705.235006,859,1581
14705.240007,944,1583
14705.245006,781,1575
14705.250006,815,1586
14705.255006,981,1576
14705.260006,876,1574
14705.265007,778,1575
14705.270006,950,1575
14705.275006,930,1564
14705.280007,764,1570
14705.285005,868,1571
14705.290006,956,1574
14705.295005,774,1572
14705.300006,805,1571
14705.305005,968,1576
14705.310006,881,1575
14705.315006,782,1579
14705.320006,958,1577
14705.325006,919,1581
14705.330006,770,1582
14705.335007,858,1584
14705.340005,971,1582
14705.345006,777,1588
14705.350007,807,1588
14705.355006,972,1593
14705.360006,869,1589
14705.365007,800,1589
14705.370006,970,1592
14705.375006,927,1594
14705.380006,756,1585
14705.385006,876,1593
14705.390006,965,1590
14705.395006,773,1590
14705.400007,812,1592
14705.405006,981,1590
14705.410007,871,1595
14705.415005,796,1595
14705.420006,964,1594
14705.425006,923,1598
14705.430006,757,1596
14705.435006,860,1601
14705.440005,971,1599
14705.445006,773,1599
14705.450006,808,1602
14705.455006,974,1602
14705.460006,888,1602
14705.465006,775,1608
14705.470006,969,1606
14705.475006,933,1605
14705.480006,757,1608
14705.485005,858,1608
14705.490006,962,1608
14705.495006,774,1606
14705.500005,805,1609
14705.505006,976,1606
14705.510006,871,1609
14705.515007,799,1602
14705.520006,963,1604
14705.525006,928,1604
14705.530005,774,1600
14705.535006,872,1601
14705.540006,958,1601
14705.545006,768,1598
14705.550006,821,1598
14705.555005,973,1599
14705.560006,868,1599
14705.565005,796,1598
14705.570006,962,1598
14705.575006,939,1596
14705.580005,769,1595
14705.585005,865,1597
14705.590007,955,1593
14705.595006,772,1587
14705.600005,816,1597
14705.605006,976,1594
14705.610006,866,1597
14705.615006,798,1594
14705.620005,970,1595
14705.625006,921,1594
14705.630007,767,1596
14705.635006,859,1595
14705.640007,952,1597
14705.645006,773,1599
14705.650006,805,1597
14705.655006,973,1600
14705.660006,889,1599
14705.665005,792,1597
14705.670005,968,1600
14705.675005,923,1603
14705.680005,750,1602
14705.685005,877,1603
14705.690005,966,1602
14705.695006,776,1602
14705.700006,810,1603
14705.705006,971,1606
14705.710005,882,1602
14705.715007,778,1607
14705.720006,973,1604
14705.725005,931,1607
14705.730006,753,1606
14705.735007,858,1606
14705.740006,971,1604
14705.745005,769,1605
14705.750006,800,1609
14705.755007,986,1605
14705.760006,876,1606
14705.765006,775,1608
14705.770006,975,1608
14705.775006,930,1608
14705.780006,754,1610
14705.785007,867,1612
14705.790006,955,1612
14705.795006,769,1615
14705.800007,804,1617
14705.805007,975,1619
14705.810006,891,1615
14705.815006,782,1620
14705.820007,969,1621
14705.825006,924,1627
14705.830006,768,1616
14705.835007,872,1620
14705.840006,953,1625
14705.845005,773,1618
14705.850006,822,1624
14705.855006,980,1624
14705.860006,869,1624
14705.865006,781,1624
14705.870006,985,1621
14705.875005,934,1622
14705.880006,770,1616
14705.885006,876,1620
14705.890006,959,1619
14705.895005,772,1620
14705.900007,824,1615
14705.905006,992,1618
14705.910006,873,1619
14705.915007,778,1620
14705.920006,957,1624
14705.925007,951,1616
14705.930006,766,1620
14705.935006,868,1619
14705.940006,961,1622
14705.945006,778,1621
14705.950006,811,1626
14705.955005,976,1628
14705.960006,893,1624
14705.965005,788,1627
14705.970006,967,1626
14705.975006,937,1619
14705.980006,774,1625
14705.985007,876,1626
14705.990005,954,1629
14705.995005,784,1623
14706.000006,820,1624
14706.005006,975,1629
14706.010005,886,1625
14706.015007,787,1625
14706.020006,964,1625
14706.025006,932,1627
14706.030006,778,1627
14706.035007,873,1625
14706.040006,953,1627
14706.045006,786,1624
14706.050006,817,1624
14706.055006,998,1625
14706.060006,870,1624
14706.065006,798,1623
14706.070006,968,1624
14706.075006,925,1631
14706.080005,770,1621
14706.085006,880,1620
14706.090005,953,1622
14706.095006,767,1617
14706.100005,823,1622
14706.105006,983,1621
14706.110005,886,1615
14706.115006,796,1620
14706.120006,971,1619
14706.125006,932,1619
14706.130006,761,1620
14706.135005,867,1620
14706.140007,950,1621
14706.145005,791,1617
14706.150007,820,1616
14706.155007,974,1621
14706.160005,885,1618
14706.165006,787,1618
14706.170005,961,1621
14706.175005,942,1617
14706.180006,769,1618
14706.185006,869,1620
14706.190006,957,1620
14706.195006,789,1620
14706.200007,811,1620
14706.205006,997,1618
14706.210007,868,1622
14706.215005,799,1622
14706.220006,968,1620
14706.225007,941,1618
14706.230005,763,1625
14706.235006,862,1622
14706.240006,974,1618
14706.245006,766,1619
14706.250006,815,1608
14706.255006,990,1615
14706.260006,876,1614
14706.265007,780,1613
14706.270007,959,1615
14706.275006,942,1605
14706.280005,766,1607
14706.285006,861,1610
14706.290006,969,1607
14706.295005,782,1605
14706.300006,820,1606
14706.305006,978,1603
14706.310006,872,1605
14706.315005,777,1605
14706.320006,972,1601
14706.325006,938,1603
14706.330006,757,1602
14706.335007,862,1604
14706.340007,972,1599
14706.345006,773,1602
14706.350006,807,1601
14706.355006,972,1601
14706.360006,886,1599
14706.365006,782,1601
14706.370006,963,1592
14706.375006,943,1597
14706.380006,763,1597
14706.385006,868,1598
14706.390006,948,1599
14706.395005,766,1596
14706.400006,826,1600
14706.405006,981,1598
14706.410007,867,1595
14706.415006,801,1598
14706.420005,964,1601
14706.425006,923,1607
14706.430006,770,1604
14706.435007,865,1609
14706.440007,946,1606
14706.445005,779,1608
14706.450005,811,1609
14706.455006,976,1614
14706.460006,864,1611
14706.465006,802,1613
14706.470006,977,1613
14706.475006,927,1613
14706.480006,755,1613
14706.485006,884,1613
14706.490005,955,1615
14706.495006,771,1614
14706.500005,806,1616
14706.505005,971,1617
14706.510007,876,1610
14706.515005,774,1617
14706.520005,976,1611
14706.525007,929,1615
14706.530007,767,1613
14706.535007,875,1606
14706.540006,971,1609
14706.545007,782,1611
14706.550007,808,1611
14706.555006,984,1610
14706.560007,862,1613
14706.565006,778,1611
14706.570006,978,1610
14706.575006,938,1602
14706.580006,762,1608
14706.585006,875,1609
14706.590006,962,1607
14706.595007,765,1609
14706.600005,802,1608
14706.605007,994,1606
14706.610007,876,1605
14706.615005,784,1605
14706.620005,969,1602
14706.625006,926,1602
14706.630006,761,1592
14706.635006,878,1589
14706.640007,965,1597
14706.645006,769,1592
14706.650006,803,1597
14706.655006,974,1594
14706.660006,861,1595
14706.665007,797,1593
14706.670006,972,1593
14706.675007,926,1592
14706.680006,756,1587
14706.685007,865,1597
14706.690006,966,1594
14706.695006,778,1591
14706.700005,818,1597
14706.705007,980,1597
14706.710007,876,1593
14706.715005,796,1600
14706.720006,964,1597
14706.725005,938,1600
14706.730007,751,1602
14706.735007,878,1593
14706.740006,964,1600
14706.745005,769,1601
14706.750006,808,1603
14706.755006,988,1601
14706.760006,883,1599
14706.765006,793,1601
14706.770005,968,1601
14706.775006,925,1605
14706.780006,764,1597
14706.785007,872,1600
14706.790007,947,1603
14706.795005,762,1603
14706.800005,818,1599
14706.805005,982,1589
14706.810006,885,1596
14706.815005,787,1597
14706.820007,959,1601
14706.825007,920,1598
14706.830006,752,1601
14706.835006,883,1597
14706.840005,961,1599
14706.845006,763,1601
14706.850005,828,1597
14706.855006,979,1598
14706.860006,888,1597
14706.865006,792,1600
14706.870005,963,1601
14706.875007,927,1602
14706.880006,754,1603
14706.885005,862,1604
14706.890006,974,1599
14706.895006,774,1602
14706.900006,812,1603
14706.905006,976,1606
14706.910006,864,1608
14706.915006,781,1608
14706.920006,969,1603
14706.925007,941,1611
14706.930005,764,1612
14706.935006,867,1616
14706.940006,968,1619
14706.945007,773,1614
14706.950006,815,1619
14706.955006,979,1619
14706.960006,881,1618
14706.965006,799,1619
14706.970006,965,1623
14706.975005,926,1623
14706.980007,751,1622
14706.985006,878,1618
14706.990006,954,1619
14706.995006,790,1620
14707.000006,818,1617
14707.005006,977,1617
14707.010005,871,1608
14707.015006,797,1614
14707.020005,973,1614
14707.025007,932,1613
14707.030006,750,1613
14707.035006,888,1611
14707.040007,970,1610
14707.045006,770,1613
14707.050006,817,1612
14707.055006,981,1616
14707.060006,866,1616
14707.065005,779,1617
14707.070006,974,1618
14707.075006,931,1618
14707.080006,756,1620
14707.085006,865,1620
14707.090006,971,1620
14707.095006,781,1623
14707.100006,815,1625
14707.105006,979,1627
14707.110005,867,1631
14707.115007,800,1631
14707.120006,971,1630
14707.125006,937,1625
14707.130006,766,1629
14707.135006,885,1629
14707.140006,955,1631
14707.145006,776,1630
14707.150006,813,1626
14707.155006,974,1630
14707.160007,888,1625
14707.165007,792,1624
14707.170006,963,1626
14707.175006,943,1620
14707.180006,775,1621
14707.185006,875,1625
14707.190006,946,1623
14707.195006,781,1616
14707.200005,814,1614
14707.205006,978,1619
14707.210007,885,1617
14707.215006,792,1618
14707.220007,961,1618
14707.225005,925,1617
14707.230005,755,1615
14707.235005,887,1617
14707.240007,961,1616
14707.245006,770,1616
14707.250006,806,1619
14707.255006,980,1617
14707.260005,865,1616
14707.265006,799,1610
14707.270006,978,1615
14707.275006,928,1615
14707.280006,759,1614
14707.285007,867,1614
14707.290006,949,1613
14707.295006,782,1604
14707.300007,825,1613
14707.305006,986,1611
14707.310007,877,1611
14707.315007,790,1611
14707.320005,965,1611
14707.325006,922,1615
14707.330005,753,1612
14707.335005,888,1611
14707.340006,960,1611
14707.345006,766,1612
14707.350006,825,1609
14707.355006,982,1612
14707.360006,864,1613
14707.365007,779,1613
14707.370005,974,1613
14707.375006,940,1612
14707.380007,760,1615
14707.385005,867,1615
14707.390006,945,1612
14707.395005,783,1610
14707.400007,823,1611
14707.405007,991,1607
14707.410005,863,1611
14707.415006,778,1609
14707.420006,954,1613
14707.425007,938,1609
14707.430006,767,1610
14707.435006,868,1609
14707.440006,949,1603
14707.445006,776,1607
14707.450006,812,1606
14707.455006,980,1606
14707.460006,870,1604
14707.465006,778,1605
14707.470006,957,1606
14707.475006,923,1605
14707.480006,753,1603
14707.485006,864,1608
14707.490007,958,1592
14707.495006,760,1600
14707.500005,806,1602
14707.505005,989,1602
14707.510006,880,1601
14707.515006,782,1598
14707.520006,972,1601
14707.525006,923,1597
14707.530006,764,1593
14707.535006,871,1593
14707.540007,943,1599
14707.545007,782,1598
14707.550006,815,1601
14707.555006,978,1600
14707.560007,862,1599
14707.565005,781,1601
14707.570007,965,1602
14707.575007,928,1604
14707.580006,754,1605
14707.585007,865,1608
14707.590006,965,1607
14707.595006,760,1611
14707.600006,831,1603
14707.605006,974,1608
14707.610006,859,1610
14707.615006,789,1602
14707.620006,971,1610
14707.625006,930,1610
14707.630007,757,1611
14707.635005,866,1613
14707.640006,967,1607
14707.645006,787,1611
14707.650006,814,1610
14707.655005,975,1609
14707.660005,876,1609
14707.665005,785,1609
14707.670007,957,1613
14707.675006,940,1611
14707.680005,773,1610
14707.685006,870,1609
14707.690006,957,1612
14707.695007,773,1614
14707.700007,820,1614
14707.705005,974,1614
14707.710005,867,1616
14707.715006,781,1613
14707.720005,981,1615
14707.725006,931,1617
14707.730006,760,1612
14707.735005,866,1618
14707.740006,973,1616
14707.745005,773,1614
14707.750006,815,1615
14707.755005,979,1613
14707.760006,863,1614
14707.765006,782,1617
14707.770006,982,1612
14707.775007,936,1613
14707.780007,754,1617
14707.785006,883,1614
14707.790006,960,1617
14707.795006,775,1614
14707.800007,810,1619
14707.805007,979,1615
14707.810006,880,1616
14707.815005,806,1619
14707.820006,979,1620
14707.825006,934,1620
14707.830005,757,1623
14707.835006,871,1623
14707.840005,955,1621
14707.845006,773,1621
14707.850006,833,1621
14707.855006,996,1622
14707.860005,876,1627
14707.865006,781,1626
14707.870006,981,1626
14707.875005,939,1623
14707.880005,766,1625
14707.885007,867,1629
14707.890007,965,1625
14707.895006,771,1627
14707.900006,826,1624
14707.905006,995,1629
14707.910006,878,1628
14707.915007,788,1624
14707.920006,965,1631
14707.925006,927,1627
14707.930005,775,1626
14707.935006,878,1626
14707.940006,953,1628
14707.945007,786,1625
14707.950007,822,1621
14707.955006,987,1624
14707.960007,885,1622
14707.965006,790,1627
14707.970006,968,1624
14707.975006,949,1619
14707.980006,768,1623
14707.985005,872,1623
14707.990006,968,1616
14707.995006,782,1620
14708.000006,814,1618
14708.005006,983,1611
14708.010006,868,1615
14708.015007,788,1616
14708.020005,964,1616
14708.025007,943,1612
14708.030006,761,1612
14708.035006,869,1615
14708.040005,957,1612
14708.045006,783,1608
14708.050006,821,1606
14708.055006,984,1609
14708.060006,862,1605
14708.065007,779,1606
14708.070005,980,1605
14708.075006,934,1601
14708.080005,765,1603
14708.085005,870,1605
14708.090006,965,1601
14708.095006,772,1603
14708.100007,821,1601
14708.105006,993,1599
14708.110005,865,1597
14708.115006,788,1598
14708.120005,964,1598
14708.125006,926,1598
14708.130006,774,1597
14708.135006,882,1595
14708.140006,953,1594
14708.145005,785,1596
14708.150006,809,1595
14708.155005,974,1595
14708.160006,878,1593
14708.165007,788,1598
14708.170006,958,1596
14708.175007,918,1597
14708.180006,751,1599
14708.185006,880,1597
14708.190006,946,1601
14708.195007,787,1596
14708.200007,816,1598
14708.205005,974,1598
14708.210005,858,1601
14708.215006,795,1599
14708.220005,962,1599
14708.225005,940,1599
14708.230006,771,1597
14708.235006,874,1597
14708.240006,958,1597
14708.245006,770,1599
14708.250005,814,1595
14708.255005,976,1595
14708.260007,854,1600
14708.265007,797,1596
14708.270006,962,1595
14708.275007,921,1596
14708.280007,769,1596
14708.285006,888,1594
14708.290006,950,1594
14708.295005,763,1601
14708.300005,805,1598
14708.305005,990,1597
14708.310006,864,1599
14708.315006,780,1600
14708.320006,971,1602
14708.325005,924,1604
14708.330006,767,1596
14708.335006,882,1605
14708.340006,952,1607
14708.345006,779,1602
14708.350006,806,1604
14708.355006,969,1607
14708.360005,882,1603
14708.365005,787,1601
14708.370006,965,1600
14708.375006,920,1601
14708.380006,766,1599
14708.385005,873,1596
14708.390007,946,1597
14708.395005,781,1591
14708.400007,809,1591
14708.405006,973,1589
14708.410006,865,1581
14708.415006,788,1588
14708.420005,966,1586
14708.425006,928,1585
14708.430006,751,1588
14708.435007,865,1589
14708.440007,962,1586
14708.445006,776,1586
14708.450005,812,1585
14708.455007,986,1582
14708.460007,864,1586
14708.465006,778,1588
14708.470006,957,1590
14708.475006,940,1585
14708.480006,756,1589
14708.485005,872,1586
14708.490006,952,1581
14708.495006,766,1585
14708.500005,827,1587
14708.505006,980,1588
14708.510005,866,1590
14708.515006,780,1595
14708.520006,960,1591
14708.525007,939,1584
14708.530006,763,1593
14708.535006,884,1591
14708.540006,970,1595
14708.545005,771,1596
14708.550005,812,1597
14708.555005,972,1599
14708.560006,876,1598
14708.565006,799,1597
14708.570006,975,1600
14708.575006,920,1604
14708.580005,776,1600
14708.585006,877,1601
14708.590006,960,1606
14708.595007,770,1604
14708.600006,812,1602
14708.605007,974,1609
14708.610006,886,1604
14708.615006,804,1608
14708.620006,983,1609
14708.625006,933,1611
14708.630006,752,1615
14708.635006,883,1611
14708.640007,953,1610
14708.645005,766,1616
14708.650006,808,1616
14708.655006,991,1612
14708.660006,862,1615
14708.665006,800,1612
14708.670005,985,1612
14708.675005,931,1617
14708.680005,753,1621
14708.685006,893,1616
14708.690006,960,1621
14708.695006,771,1620
14708.700006,808,1624
14708.705006,997,1621
14708.710006,863,1624
14708.715006,786,1626
14708.720006,970,1625
14708.725006,933,1617
14708.730007,774,1624
14708.735005,879,1625
14708.740005,950,1626
14708.745006,764,1626
14708.750005,828,1621
14708.755006,980,1621
14708.760005,863,1625
14708.765006,806,1621
14708.770006,971,1619
14708.775006,924,1619
14708.780005,772,1618
14708.785005,878,1614
14708.790005,972,1611
14708.795006,778,1612
14708.800006,821,1613
14708.805005,981,1614
14708.810006,853,1617
14708.815005,791,1613
14708.820006,958,1619
14708.825006,947,1611
14708.830005,765,1616
14708.835006,868,1618
14708.840005,968,1614
14708.845006,776,1616
14708.850006,815,1620
14708.855007,972,1618
14708.860006,856,1619
14708.865007,779,1616
14708.870005,979,1618
14708.875006,939,1615
14708.880006,763,1618
14708.885006,873,1617
14708.890006,944,1616
14708.895005,777,1614
14708.900007,803,1617
14708.905006,995,1612
14708.910006,872,1615
14708.915007,779,1615
14708.920005,981,1613
14708.925006,937,1616
14708.930005,757,1615
14708.935006,875,1613
14708.940005,951,1616
14708.945006,779,1620
14708.950006,810,1614
14708.955006,973,1618
14708.960006,857,1619
14708.965005,794,1617
14708.970005,965,1617
14708.975006,940,1613
14708.980006,763,1618
14708.985006,868,1616
14708.990007,973,1609
14708.995006,769,1611
14709.000005,803,1611
14709.005006,993,1604
14709.010005,869,1606
14709.015006,780,1608
14709.020005,958,1606
14709.025006,936,1603
14709.030007,755,1603
14709.035005,865,1604
14709.040006,953,1600
14709.045005,759,1603
14709.050005,817,1603
14709.055006,977,1599
14709.060006,853,1601
14709.065006,782,1601
14709.070006,960,1599
14709.075006,946,1600
14709.080005,759,1602
14709.085005,867,1605
14709.090006,969,1602
14709.095007,775,1602
14709.100006,813,1601
14709.105007,979,1601
14709.110006,869,1605
14709.115007,786,1602
14709.120006,955,1607
14709.125006,933,1605
14709.130006,755,1608
14709.135005,868,1607
14709.140007,944,1607
14709.145005,777,1606
14709.150007,809,1607
14709.155006,981,1605
14709.160006,864,1610
14709.165007,802,1611
14709.170005,978,1610
14709.175005,936,1614
14709.180006,757,1611
14709.185006,869,1614
14709.190007,962,1613
14709.195005,760,1613
14709.200006,818,1614
14709.205006,981,1612
14709.210007,864,1615
14709.215005,785,1615
14709.220006,964,1617
14709.225005,948,1613
14709.230006,765,1613
14709.235007,884,1612
14709.240006,959,1613
14709.245006,769,1613
14709.250005,816,1612
14709.255005,974,1610
14709.260007,869,1610
14709.265006,780,1614
14709.270006,978,1611
14709.275006,941,1610
14709.280006,759,1609
14709.285007,876,1603
14709.290006,960,1611
14709.295006,765,1614
14709.300006,806,1616
14709.305006,971,1615
14709.310006,881,1616
14709.315006,796,1617
14709.320006,974,1618
14709.325005,929,1620
14709.330006,751,1625
14709.335007,874,1622
14709.340005,950,1621
14709.345006,782,1625
14709.350006,803,1624
14709.355006,995,1624
14709.360006,873,1621
14709.365006,789,1621
14709.370005,965,1620
14709.375007,938,1621
14709.380006,758,1620
14709.385006,888,1617
14709.390006,966,1617
14709.395005,767,1619
14709.400006,828,1616
14709.405006,991,1615
14709.410007,863,1614
14709.415007,781,1616
14709.420006,980,1612
14709.425007,928,1613
14709.430006,754,1614
14709.435006,890,1616
14709.440006,957,1612
14709.445006,767,1613
14709.450005,829,1609
14709.455007,983,1615
14709.460005,858,1616
14709.465005,799,1612
14709.470006,970,1614
14709.475005,920,1613
14709.480007,776,1609
14709.485006,884,1608
14709.490006,943,1612
14709.495006,761,1609
14709.500005,814,1600
14709.505005,992,1605
14709.510005,855,1605
14709.515006,777,1601
14709.520006,981,1601
14709.525006,931,1598
14709.530006,760,1595
14709.535007,872,1596
14709.540006,956,1587
14709.545006,776,1594
14709.550006,817,1594
14709.555005,973,1591
14709.560006,852,1597
14709.565006,782,1594
14709.570007,979,1592
14709.575007,936,1593
14709.580006,757,1595
14709.585006,868,1601
14709.590006,969,1593
14709.595006,774,1593
14709.600007,809,1594
14709.605005,972,1600
14709.610006,851,1597
14709.615006,804,1587
14709.620005,973,1597
14709.625007,921,1599
14709.630007,768,1596
14709.635006,879,1592
14709.640007,969,1594
14709.645005,771,1597
14709.650006,813,1596
14709.655006,969,1600
14709.660006,855,1595
14709.665006,796,1596
14709.670006,971,1593
14709.675006,941,1600
14709.680005,761,1601
14709.685007,874,1600
14709.690005,962,1598
14709.695006,774,1603
14709.700006,823,1604
14709.705005,976,1609
14709.710006,853,1606
14709.715005,796,1609
14709.720007,973,1612
14709.725006,944,1610
14709.730006,755,1611
14709.735006,871,1616
14709.740006,962,1612
14709.745006,762,1617
14709.750006,806,1614
14709.755007,992,1611
14709.760006,874,1616
14709.765006,792,1616
14709.770006,982,1614
14709.775006,929,1615
14709.780006,765,1615
14709.785006,872,1618
14709.790006,966,1616
14709.795006,767,1615
14709.800006,828,1614
14709.805006,986,1616
14709.810006,863,1618
14709.815005,782,1618
14709.820006,981,1616
14709.825005,937,1615
14709.830006,757,1615
14709.835006,887,1608
14709.840006,960,1614
14709.845006,765,1614
14709.850005,821,1611
14709.855007,988,1611
14709.860005,857,1612
14709.865007,779,1612
14709.870007,981,1611
14709.875006,928,1610
14709.880006,758,1602
14709.885006,890,1609
14709.890006,957,1607
14709.895006,772,1608
14709.900007,807,1609
14709.905006,972,1608
14709.910006,869,1606
14709.915006,794,1606
14709.920006,979,1608
14709.925006,922,1605
14709.930005,761,1597
14709.935006,888,1605
14709.940006,948,1609
14709.945007,764,1598
14709.950007,812,1599
14709.955006,982,1607
14709.960006,853,1609
14709.965006,777,1606
14709.970006,976,1609
14709.975006,926,1604
14709.980006,768,1605
14709.985006,885,1606
14709.990006,946,1605
14709.995007,757,1606
14710.000007,821,1602
14710.005007,984,1602
14710.010006,858,1605
14710.015006,795,1596
14710.020006,971,1598
14710.025007,928,1600
14710.030006,755,1595
14710.035006,893,1594
14710.040006,955,1594
14710.045005,759,1599
14710.050005,825,1591
14710.055005,971,1597
14710.060006,847,1601
14710.065006,794,1595
14710.070006,956,1601
14710.075006,935,1599
14710.080005,766,1597
14710.085005,874,1601
14710.090006,941,1603
14710.095006,774,1600
14710.100006,812,1600
14710.105006,969,1605
14710.110005,875,1605
14710.115006,784,1602
14710.120005,961,1603
14710.125006,918,1602
14710.130007,768,1602
14710.135005,870,1605
14710.140006,943,1606
14710.145006,777,1603
14710.150006,812,1601
14710.155006,970,1604
14710.160006,869,1601
14710.165006,784,1604
14710.170006,960,1605
14710.175007,925,1600
14710.180006,771,1602
14710.185006,869,1611
14710.190005,968,1608
14710.195006,777,1608
14710.200005,809,1608
14710.205006,971,1609
14710.210006,853,1607
14710.215006,802,1606
14710.220006,964,1610
14710.225005,935,1611
14710.230006,752,1608
14710.235006,883,1599
14710.240006,967,1608
14710.245006,766,1605
14710.250005,805,1611
14710.255005,969,1609
14710.260007,866,1604
14710.265006,792,1604
14710.270007,963,1604
14710.275005,920,1608
14710.280005,778,1601
14710.285007,880,1603
14710.290006,953,1602
14710.295005,763,1604
14710.300006,826,1600
14710.305005,983,1599
14710.310006,850,1602
14710.315006,798,1598
14710.320007,973,1597
14710.325006,922,1602
14710.330006,771,1595
14710.335006,884,1601
14710.340006,945,1598
14710.345006,774,1599
14710.350006,817,1598
14710.355006,968,1601
14710.360005,869,1602
14710.365006,787,1600
14710.370005,965,1602
14710.375006,943,1600
14710.380006,760,1603
14710.385006,872,1601
14710.390005,947,1604
14710.395005,777,1597
14710.400007,814,1605
14710.405006,969,1606
14710.410006,876,1600
14710.415006,789,1604
14710.420005,959,1606
14710.425005,938,1604
14710.430006,759,1604
14710.435007,879,1606
14710.440006,961,1599
14710.445006,767,1603
14710.450007,820,1595
14710.455005,981,1604
14710.460005,858,1603
14710.465007,777,1603
14710.470007,982,1600
14710.475007,929,1599
14710.480005,755,1600
14710.485005,869,1605
14710.490006,961,1603
14710.495006,768,1603
14710.500006,808,1605
14710.505006,994,1600
14710.510005,855,1605
14710.515007,777,1607
14710.520006,979,1603
14710.525006,937,1603
14710.530005,758,1603
14710.535005,880,1603
14710.540005,945,1605
14710.545007,765,1603
14710.550005,806,1607
14710.555006,970,1606
14710.560005,869,1609
14710.565006,789,1609
14710.570006,966,1605
14710.575005,920,1611
14710.580006,770,1604
14710.585006,884,1606
14710.590006,946,1611
14710.595006,776,1609
14710.600005,807,1612
14710.605006,994,1608
14710.610006,862,1608
14710.615007,780,1608
14710.620006,980,1606
14710.625006,928,1608
14710.630007,763,1607
14710.635006,874,1608
14710.640005,946,1611
14710.645006,777,1606
14710.650006,821,1604
14710.655005,974,1610
14710.660007,854,1610
14710.665007,797,1603
14710.670007,980,1610
14710.675006,934,1613
14710.680005,761,1609
14710.685007,869,1617
14710.690006,964,1614
14710.695006,767,1615
14710.700006,806,1613
14710.705006,988,1613
14710.710007,868,1613
14710.715005,799,1616
14710.720006,976,1614
14710.725006,917,1619
14710.730006,751,1618
14710.735005,893,1614
14710.740006,949,1616
14710.745006,782,1613
14710.750007,812,1613
14710.755006,987,1616
14710.760006,863,1614
14710.765006,784,1614
14710.770006,962,1614
14710.775007,924,1605
14710.780007,765,1610
14710.785005,893,1612
14710.790005,953,1611
14710.795007,761,1613
14710.800006,827,1609
14710.805006,987,1608
14710.810007,856,1610
14710.815006,787,1599
14710.820006,976,1608
14710.825005,924,1610
14710.830006,753,1613
14710.835006,871,1611
14710.840006,961,1609
14710.845006,762,1613
14710.850006,827,1609
14710.855007,980,1613
14710.860006,860,1613
14710.865006,780,1615
14710.870005,980,1611
14710.875006,939,1614
14710.880006,757,1616
14710.885005,881,1605
14710.890006,957,1617
14710.895005,760,1619
14710.900006,805,1619
14710.905006,979,1618
14710.910007,865,1613
14710.915006,795,1620
14710.920006,967,1619
14710.925006,923,1619
14710.930005,769,1619
14710.935005,892,1615
14710.940006,950,1622
14710.945007,760,1623
14710.950006,829,1622
14710.955007,979,1622
14710.960006,857,1622
14710.965005,797,1622
14710.970006,977,1618
14710.975006,935,1620
14710.980006,750,1622
14710.985005,886,1619
14710.990006,947,1625
14710.995005,760,1624
14711.000007,823,1620
14711.005006,976,1621
14711.010006,855,1617
14711.015006,801,1619
14711.020006,973,1619
14711.025006,929,1619
14711.030006,755,1624
14711.035007,890,1618
14711.040006,959,1619
14711.045006,786,1618
14711.050005,815,1617
14711.055005,978,1619
14711.060006,855,1614
14711.065006,807,1619
14711.070007,973,1613
14711.075006,923,1615
14711.080006,777,1610
14711.085006,885,1610
14711.090006,957,1611
14711.095007,760,1610
14711.100006,826,1603
14711.105006,976,1608
14711.110005,857,1608
14711.115006,797,1595
14711.120006,971,1603
14711.125006,923,1605
14711.130006,777,1603
14711.135005,879,1604
14711.140006,945,1604
14711.145007,777,1601
14711.150005,828,1601
14711.155005,976,1603
14711.160006,850,1604
14711.165006,795,1605
14711.170005,971,1605
14711.175005,929,1603
14711.180006,758,1601
14711.185006,878,1602
14711.190005,944,1608
14711.195006,776,1602
14711.200006,818,1601
14711.205005,972,1603
14711.210006,872,1600
14711.215006,789,1606
14711.220006,964,1602
14711.225005,919,1601
14711.230006,774,1605
14711.235006,880,1601
14711.240006,946,1603
14711.245006,762,1606
14711.250005,806,1603
14711.255005,987,1602
14711.260006,850,1608
14711.265006,800,1603
14711.270005,971,1606
14711.275007,921,1607
14711.280006,769,1605
14711.285006,874,1607
14711.290007,944,1608
14711.295006,776,1604
14711.300006,816,1606
14711.305006,974,1608
14711.310006,850,1611
14711.315007,797,1598
14711.320006,969,1608
14711.325005,923,1609
14711.330006,750,1611
14711.335006,879,1600
14711.340005,965,1609
14711.345006,774,1608
14711.350005,809,1610
14711.355006,970,1613
14711.360006,869,1609
14711.365006,798,1605
14711.370005,972,1610
14711.375006,929,1611
14711.380006,752,1617
14711.385007,872,1614
14711.390006,964,1614
14711.395005,770,1616
14711.400006,806,1616
14711.405006,972,1618
14711.410006,851,1619
14711.415007,803,1619
14711.420006,983,1619
14711.425006,934,1619
14711.430005,759,1624
14711.435005,876,1624
14711.440005,946,1626
14711.445006,770,1625
14711.450005,809,1624
14711.455007,980,1615
14711.460007,876,1621
14711.465005,800,1622
14711.470006,974,1626
14711.475006,925,1622
14711.480006,775,1620
14711.485005,882,1620
14711.490007,956,1623
14711.495006,762,1623
14711.500006,805,1620
14711.505006,994,1621
14711.510005,859,1619
14711.515007,786,1618
14711.520005,962,1622
14711.525007,941,1618
14711.530007,765,1617
14711.535005,883,1619
14711.540005,956,1617
14711.545006,759,1620
14711.550006,821,1615
14711.555006,972,1619
14711.560007,863,1613
14711.565006,780,1617
14711.570006,967,1616
14711.575005,926,1616
14711.580006,755,1616
14711.585007,894,1611
14711.590006,955,1612
14711.595007,766,1609
14711.600005,803,1613
14711.605007,969,1614
14711.610006,871,1611
14711.615006,792,1610
14711.620005,971,1609
14711.625005,930,1609
14711.630005,754,1612
14711.635006,878,1610
14711.640006,967,1610
14711.645006,768,1608
14711.650007,805,1612
14711.655006,987,1607
14711.660006,855,1606
14711.665006,779,1606
14711.670005,960,1606
14711.675005,944,1602
14711.680005,753,1600
14711.685007,889,1600
14711.690006,950,1601
14711.695007,757,1602
14711.700006,804,1605
14711.705005,988,1604
14711.710005,855,1600
14711.715006,778,1603
14711.720006,979,1602
14711.725006,933,1603
14711.730006,750,1603
14711.735006,894,1598
14711.740007,955,1603
14711.745006,763,1602
14711.750007,815,1596
14711.755006,986,1602
14711.760005,856,1601
14711.765006,794,1593
14711.770005,981,1598
14711.775006,929,1601
14711.780006,750,1600
14711.785006,869,1600
14711.790006,968,1599
14711.795006,771,1597
14711.800006,808,1598
14711.805007,978,1597
14711.810006,862,1595
14711.815005,794,1584
14711.820006,975,1593
14711.825005,930,1594
14711.830006,754,1593
14711.835006,893,1591
14711.840005,947,1591
14711.845006,759,1591
14711.850006,824,1590
14711.855007,978,1590
14711.860006,852,1590
14711.865006,797,1589
14711.870005,971,1589
14711.875006,930,1587
14711.880006,753,1591
14711.885005,892,1585
14711.890006,950,1586
14711.895006,757,1587
14711.900006,826,1586
14711.905006,983,1585
14711.910006,856,1586
14711.915006,786,1587
14711.920005,979,1584
14711.925005,933,1586
14711.930006,753,1589
14711.935006,885,1587
14711.940006,960,1592
14711.945006,763,1590
14711.950007,812,1587
14711.955007,978,1593
14711.960007,845,1597
14711.965006,798,1590
14711.970007,974,1593
14711.975006,923,1596
14711.980006,752,1596
14711.985005,881,1588
14711.990007,957,1600
14711.995006,767,1599
14712.000005,810,1593
14712.005005,981,1602
14712.010006,857,1599
14712.015006,782,1602
14712.020005,977,1602
14712.025007,929,1604
14712.030006,760,1605
14712.035006,877,1606
14712.040006,944,1610
14712.045006,777,1604
14712.050007,813,1610
14712.055006,971,1610
14712.060007,867,1606
14712.065006,793,1609
14712.070006,970,1612
14712.075006,924,1615
14712.080005,755,1613
14712.085005,900,1613
14712.090006,949,1616
14712.095006,762,1614
14712.100006,830,1617
14712.105006,979,1620
14712.110006,867,1619
14712.115007,785,1623
14712.120006,964,1622
14712.125005,922,1622
14712.130005,774,1623
14712.135006,890,1624
14712.140006,950,1625
14712.145006,758,1620
14712.150006,827,1623
14712.155006,981,1626
14712.160006,866,1622
14712.165005,780,1627
14712.170006,960,1628
14712.175007,939,1629
14712.180005,758,1629
14712.185007,875,1630
14712.190006,968,1627
14712.195006,780,1625
14712.200005,816,1626
14712.205006,984,1627
14712.210007,859,1630
14712.215006,783,1627
14712.220006,962,1628
14712.225005,921,1628
14712.230007,776,1626
14712.235007,886,1626
14712.240007,952,1626
14712.245006,761,1628
14712.250006,829,1625
14712.255007,977,1630
14712.260005,856,1630
14712.265006,781,1631
14712.270006,982,1625
14712.275007,931,1627
14712.280006,755,1630
14712.285006,878,1630
14712.290007,952,1627
14712.295007,786,1625
14712.300006,821,1625
14712.305006,980,1622
14712.310006,869,1624
14712.315005,801,1624
14712.320006,973,1620
14712.325006,923,1624
14712.330006,757,1615
14712.335006,890,1616
14712.340005,955,1620
14712.345006,776,1619
14712.350006,808,1618
14712.355006,991,1618
14712.360006,854,1616
14712.365005,787,1613
14712.370005,965,1614
14712.375006,922,1613
14712.380006,776,1610
14712.385005,893,1609
14712.390006,965,1609
14712.395006,775,1606
14712.400006,809,1609
14712.405006,987,1604
14712.410007,863,1601
14712.415006,784,1604
14712.420007,964,1604
14712.425005,938,1599
14712.430005,770,1601
14712.435006,888,1599
14712.440007,949,1600
14712.445005,761,1600
14712.450005,824,1593
14712.455006,981,1599
14712.460006,846,1601
14712.465005,799,1594
14712.470006,970,1597
14712.475006,921,1594
14712.480006,750,1596
14712.485005,892,1597
14712.490007,953,1594
14712.495005,775,1592
14712.500006,806,1596
14712.505006,969,1597
14712.510006,872,1596
14712.515006,789,1593
14712.520006,963,1593
14712.525006,939,1593
14712.530006,761,1593
14712.535006,878,1593
14712.540006,946,1595
14712.545006,781,1592
14712.550006,816,1592
14712.555007,975,1590
14712.560006,848,1594
14712.565006,793,1587
14712.570006,981,1588
14712.575005,925,1590
14712.580006,752,1592
14712.585006,871,1593
14712.590005,961,1588
14712.595007,774,1590
14712.600005,805,1593
14712.605007,992,1595
14712.610007,866,1592
14712.615006,785,1592
14712.620006,962,1596
14712.625006,942,1596
14712.630006,756,1599
14712.635005,877,1599
14712.640006,947,1601
14712.645005,762,1599
14712.650007,808,1602
14712.655006,968,1606
14712.660007,868,1605
14712.665007,783,1602
14712.670006,986,1605
14712.675006,936,1608
14712.680005,763,1606
14712.685006,874,1608
14712.690006,963,1605
14712.695006,770,1607
14712.700005,803,1610
14712.705006,982,1609
14712.710007,852,1612
14712.715006,801,1610
14712.720006,973,1613
14712.725006,927,1617
14712.730007,769,1607
14712.735005,886,1617
14712.740007,945,1618
14712.745006,781,1618
14712.750005,806,1623
14712.755005,992,1619
14712.760007,851,1622
14712.765006,804,1621
14712.770005,977,1621
14712.775006,926,1624
14712.780006,757,1618
14712.785006,888,1623
14712.790006,953,1627
14712.795005,782,1625
14712.800006,814,1625
14712.805006,972,1629
14712.810007,874,1629
14712.815006,799,1629
14712.820007,967,1630
14712.825006,921,1634
14712.830005,772,1631
14712.835006,884,1630
14712.840005,949,1634
14712.845006,762,1633
14712.850007,818,1622
14712.855005,992,1633
14712.860005,868,1628
14712.865006,780,1633
14712.870005,987,1628
14712.875007,933,1627
14712.880007,764,1625
14712.885006,880,1629
14712.890007,964,1625
14712.895007,760,1628
14712.900006,821,1617
14712.905006,985,1626
14712.910006,859,1626
14712.915006,786,1619
14712.920006,982,1622
14712.925007,925,1624
14712.930005,764,1611
14712.935006,886,1618
14712.940005,949,1619
14712.945006,781,1613
14712.950005,824,1613
14712.955007,987,1613
14712.960006,859,1611
14712.965006,779,1607
14712.970007,982,1606
14712.975005,924,1608
14712.980006,754,1610
14712.985006,896,1602
14712.990006,959,1605
14712.995007,758,1603
14713.000006,805,1604
14713.005006,987,1601
14713.010005,865,1600
14713.015007,783,1604
14713.020006,958,1600
14713.025006,936,1598
14713.030005,764,1593
14713.035006,891,1596
14713.040007,953,1599
14713.045006,765,1599
14713.050006,806,1599
14713.055005,994,1599
14713.060007,862,1598
14713.065006,778,1603
14713.070006,979,1598
14713.075005,944,1594
14713.080007,770,1596
14713.085007,884,1596
14713.090005,956,1598
14713.095006,770,1596
14713.100006,812,1602
14713.105006,978,1589
14713.110006,858,1600
14713.115006,789,1601
14713.120006,987,1597
14713.125006,928,1601
14713.130007,752,1605
14713.135005,899,1605
14713.140006,958,1604
14713.145006,763,1606
14713.150006,813,1600
14713.155005,991,1609
14713.160006,860,1609
14713.165007,785,1608
14713.170006,984,1605
14713.175006,943,1606
14713.180005,773,1609
14713.185007,890,1609
14713.190006,945,1612
14713.195005,760,1612
14713.200005,828,1608
14713.205007,982,1609
14713.210007,859,1609
14713.215005,804,1605
14713.220006,976,1606
14713.225006,927,1605
14713.230006,754,1606
14713.235005,893,1605
14713.240006,949,1608
14713.245006,783,1604
14713.250005,822,1605
14713.255005,976,1606
14713.260006,849,1612
14713.265005,801,1604
14713.270005,970,1604
14713.275006,920,1608
14713.280005,762,1596
14713.285006,887,1604
14713.290005,957,1602
14713.295006,760,1603
14713.300005,810,1600
14713.305006,993,1601
14713.310006,854,1602
14713.315005,800,1596
14713.320005,973,1598
14713.325005,927,1595
14713.330006,751,1598
14713.335006,892,1589
14713.340005,957,1596
14713.345007,775,1595
14713.350005,810,1595
14713.355006,968,1595
14713.360005,848,1599
14713.365006,801,1594
14713.370006,975,1594
14713.375006,927,1593
14713.380006,756,1597
14713.385005,869,1597
14713.390007,956,1594
14713.395007,759,1598
14713.400005,827,1598
14713.405006,970,1596
14713.410006,866,1601
14713.415006,792,1599
14713.420006,967,1598
14713.425006,927,1600
14713.430006,774,1604
14713.435005,888,1601
14713.440005,946,1602
14713.445006,759,1600
14713.450006,820,1603
14713.455005,976,1602
14713.460005,853,1603
14713.465007,781,1603
14713.470006,986,1600
14713.475005,928,1601
14713.480007,750,1606
14713.485006,893,1601
14713.490006,960,1603
14713.495006,756,1605
14713.500006,820,1602
14713.505006,977,1604
14713.510006,848,1607
14713.515007,801,1605
14713.520007,973,1605
14713.525006,926,1606
14713.530006,770,1606
14713.535007,877,1604
14713.540006,942,1608
14713.545007,785,1605
14713.550006,822,1609
14713.555006,977,1606
14713.560006,866,1606
14713.565006,790,1607
14713.570007,981,1604
14713.575006,929,1607
14713.580006,751,1606
14713.585006,892,1607
14713.590006,953,1602
14713.595007,760,1603
14713.600006,805,1609
14713.605006,973,1597
14713.610006,850,1605
14713.615007,804,1600
14713.620006,972,1603
14713.625006,924,1605
14713.630006,769,1603
14713.635005,883,1604
14713.640007,950,1605
14713.645006,764,1609
14713.650006,808,1609
14713.655006,998,1606
14713.660006,857,1610
14713.665007,781,1614
14713.670006,980,1606
14713.675006,936,1611
14713.680006,765,1613
14713.685006,879,1615
14713.690005,952,1613
14713.695007,758,1616
14713.700005,806,1617
14713.705006,977,1615
14713.710007,872,1613
14713.715006,805,1612
14713.720006,975,1614
14713.725006,924,1613
14713.730006,770,1616
14713.735006,887,1612
14713.740006,952,1614
14713.745006,763,1612
14713.750005,802,1616
14713.755005,994,1610
14713.760006,858,1608
14713.765007,781,1608
14713.770006,969,1608
14713.775006,925,1605
14713.780006,757,1605
14713.785005,898,1602
14713.790005,962,1602
14713.795007,768,1604
14713.800007,806,1607
14713.805005,987,1604
14713.810007,866,1602
14713.815006,786,1599
14713.820007,959,1602
14713.825006,927,1594
14713.830007,774,1601
14713.835006,889,1600
14713.840005,962,1601
14713.845006,777,1601
14713.850005,814,1601
14713.855006,974,1607
14713.860006,870,1604
14713.865006,789,1605
14713.870006,967,1608
14713.875006,921,1608
14713.880006,767,1607
14713.885005,888,1605
14713.890006,954,1607
14713.895006,771,1610
14713.900007,810,1605
14713.905006,971,1609
14713.910006,852,1605
14713.915006,803,1604
14713.920005,967,1606
14713.925005,926,1601
14713.930006,769,1601
14713.935007,878,1603
14713.940006,960,1593
14713.945006,764,1599
14713.950005,805,1600
14713.955006,986,1600
14713.960007,857,1597
14713.965006,785,1599
14713.970006,960,1601
14713.975005,940,1602
14713.980006,751,1600
14713.985007,889,1599
14713.990006,960,1600
14713.995005,769,1602
14714.000006,803,1604
14714.005007,985,1604
14714.010006,864,1603
14714.015006,785,1607
14714.020007,968,1608
14714.025006,924,1607
14714.030005,750,1613
14714.035007,895,1611
14714.040006,953,1612
14714.045005,763,1615
14714.050006,823,1615
14714.055005,986,1618
14714.060007,860,1618
14714.065006,797,1620
14714.070007,970,1622
14714.075006,925,1628
14714.080006,755,1625
14714.085005,892,1622
14714.090006,958,1628
14714.095006,758,1629
14714.100006,822,1629
14714.105007,972,1629
14714.110007,850,1625
14714.115006,782,1629
14714.120005,991,1627
14714.125007,938,1626
14714.130006,771,1625
14714.135006,877,1627
14714.140007,969,1625
14714.145005,778,1624
14714.150006,821,1625
14714.155006,978,1627
14714.160007,849,1628
14714.165007,799,1624
14714.170006,972,1624
14714.175006,925,1624
14714.180005,754,1623
14714.185005,894,1622
14714.190005,955,1621
14714.195006,760,1622
14714.200006,820,1621
14714.205006,990,1622
14714.210007,863,1617
14714.215006,784,1623
14714.220006,965,1617
14714.225006,932,1612
14714.230005,771,1622
14714.235005,897,1622
14714.240007,960,1626
14714.245006,772,1621
14714.250005,812,1621
14714.255005,979,1622
14714.260006,858,1625
14714.265006,783,1624
14714.270006,967,1624
14714.275007,927,1622
14714.280006,757,1626
14714.285007,900,1623
14714.290006,956,1620
14714.295005,762,1623
14714.300006,828,1620
14714.305006,980,1619
14714.310007,867,1618
14714.315007,791,1616
14714.320005,965,1615
14714.325006,938,1609
14714.330005,770,1619
14714.335005,885,1614
14714.340006,957,1616
14714.345006,760,1614
14714.350007,829,1611
14714.355005,981,1612
14714.360005,849,1614
14714.365007,802,1609
14714.370006,969,1610
14714.375005,922,1616
14714.380005,770,1612
14714.385007,892,1611
14714.390007,958,1610
14714.395006,761,1613
14714.400007,808,1610
14714.405006,973,1613
14714.410006,871,1612
14714.415007,789,1613
14714.420006,970,1611
14714.425007,923,1611
14714.430006,771,1606
14714.435006,893,1612
14714.440006,944,1611
14714.445006,781,1612
14714.450006,809,1613
14714.455005,993,1609
14714.460006,869,1608
14714.465006,795,1607
14714.470006,974,1604
14714.475005,929,1603
14714.480007,756,1602
14714.485007,874,1600
14714.490006,964,1600
14714.495006,765,1597
14714.500005,807,1597
14714.505005,994,1596
14714.510006,866,1594
14714.515006,797,1591
14714.520006,972,1593
14714.525006,931,1590
14714.530005,753,1590
14714.535006,877,1589
14714.540006,960,1585
14714.545007,769,1587
14714.550006,810,1586
14714.555005,968,1587
14714.560006,866,1589
14714.565006,782,1585
14714.570006,973,1577
14714.575006,936,1583
14714.580006,772,1583
14714.585006,894,1582
14714.590007,958,1585
14714.595007,763,1584
14714.600006,803,1587
14714.605006,993,1582
14714.610005,855,1583
14714.615006,804,1586
14714.620005,961,1587
14714.625006,921,1586
14714.630006,769,1581
14714.635006,900,1584
14714.640006,956,1586
14714.645005,763,1588
14714.650006,810,1590
14714.655005,970,1591
14714.660006,851,1590
14714.665007,807,1589
14714.670006,972,1590
14714.675005,926,1591
14714.680005,756,1591
14714.685006,896,1587
14714.690006,962,1590
14714.695006,763,1594
14714.700005,824,1587
14714.705007,989,1594
14714.710006,854,1595
14714.715006,797,1593
14714.720006,977,1595
14714.725006,927,1596
14714.730006,757,1595
14714.735005,877,1599
14714.740007,968,1598
14714.745006,768,1600
14714.750005,817,1602
14714.755005,980,1603
14714.760006,847,1608
14714.765006,807,1604
14714.770005,974,1606
14714.775006,931,1610
14714.780007,765,1609
14714.785006,885,1610
14714.790006,953,1612
14714.795005,764,1613
14714.800006,808,1617
14714.805005,990,1615
14714.810007,857,1618
14714.815006,786,1618
14714.820006,965,1621
14714.825006,939,1620
14714.830005,765,1625
14714.835005,885,1623
14714.840006,945,1624
14714.845005,764,1624
14714.850005,823,1619
14714.855006,978,1626
14714.860005,853,1623
14714.865006,810,1619
14714.870006,982,1619
14714.875005,936,1620
14714.880006,760,1621
14714.885006,878,1620
14714.890007,947,1614
14714.895007,774,1617
14714.900007,817,1618
14714.905006,988,1618
14714.910007,860,1616
14714.915007,789,1619
14714.920005,990,1613
14714.925005,932,1618
14714.930006,757,1618
14714.935006,880,1619
14714.940005,962,1617
14714.945006,777,1612
14714.950006,828,1617
14714.955005,993,1618
14714.960005,860,1620
14714.965007,787,1621
14714.970006,982,1622
14714.975006,936,1620
14714.980006,758,1623
14714.985006,892,1615
14714.990006,969,1618
14714.995005,774,1619
14715.000006,815,1625
14715.005006,974,1624
14715.010006,850,1622
14715.015007,804,1618
14715.020007,978,1617
14715.025005,945,1616
14715.030006,766,1615
14715.035006,882,1618
14715.040005,951,1614
14715.045006,763,1616
14715.050006,829,1609
14715.055005,980,1610
14715.060006,852,1610
14715.065005,802,1606
14715.070006,985,1606
14715.075006,930,1609
14715.080006,754,1605
14715.085006,897,1601
14715.090005,959,1604
14715.095007,765,1600
14715.100006,814,1600
14715.105007,975,1603
14715.110007,844,1602
14715.115005,802,1594
14715.120006,970,1597
14715.125006,925,1599
14715.130007,770,1596
14715.135005,885,1600
14715.140007,942,1598
14715.145005,783,1592
14715.150007,819,1598
14715.155006,972,1596
14715.160007,866,1595
14715.165006,792,1599
14715.170006,964,1594
14715.175007,916,1595
14715.180006,769,1590
14715.185006,891,1589
14715.190006,943,1592
14715.195006,760,1589
14715.200006,822,1588
14715.205006,974,1586
14715.210006,839,1588
14715.215005,790,1586
14715.220006,967,1584
14715.225005,916,1588
14715.230006,750,1588
14715.235006,892,1582
14715.240007,946,1584
14715.245007,752,1586
14715.250005,802,1586
14715.255006,992,1579
14715.260005,860,1581
14715.265006,787,1585
14715.270007,971,1583
14715.275006,914,1586
14715.280005,769,1579
14715.285006,888,1587
14715.290006,942,1587
14715.295006,752,1585
14715.300006,818,1584
14715.305005,975,1587
14715.310006,853,1580
14715.315006,793,1585
14715.320007,961,1592
14715.325007,934,1586
14715.330006,766,1587
14715.335007,889,1590
14715.340006,946,1593
14715.345006,758,1590
14715.350005,828,1592
14715.355006,982,1592
14715.360005,852,1594
14715.365006,786,1595
14715.370006,960,1596
14715.375005,918,1597
14715.380005,774,1593
14715.385006,889,1596
14715.390006,945,1598
14715.395005,778,1596
14715.400006,817,1603
14715.405005,971,1599
14715.410006,843,1606
14715.415006,804,1601
14715.420006,984,1604
14715.425006,930,1605
14715.430006,759,1608
14715.435007,878,1612
14715.440007,962,1611
14715.445005,766,1613
14715.450005,809,1616
14715.455006,969,1614
14715.460005,866,1617
14715.465006,796,1620
14715.470006,964,1618
14715.475006,940,1622
14715.480006,755,1625
14715.485005,879,1626
14715.490007,961,1623
14715.495006,763,1626
14715.500006,810,1627
14715.505006,989,1623
14715.510006,868,1626
14715.515006,791,1628
14715.520006,976,1626
14715.525006,934,1627
14715.530005,761,1630
14715.535006,883,1632
14715.540006,966,1622
14715.545007,773,1627
14715.550006,811,1627
14715.555005,983,1620
14715.560006,868,1624
14715.565005,798,1627
14715.570006,971,1629
14715.575005,926,1628
14715.580006,762,1630
14715.585006,884,1629
14715.590007,950,1628
14715.595006,763,1627
14715.600007,828,1629
14715.605007,978,1627
14715.610007,846,1627
14715.615007,807,1625
14715.620007,978,1626
14715.625006,921,1627
14715.630006,767,1627
14715.635005,885,1625
14715.640007,968,1624
14715.645006,771,1626
14715.650006,810,1627
14715.655005,990,1621
14715.660006,868,1628
14715.665006,796,1625
14715.670006,971,1627
14715.675007,924,1631
14715.680006,756,1628
14715.685006,901,1625
14715.690006,965,1623
14715.695006,771,1623
14715.700006,810,1627
14715.705005,974,1622
14715.710005,861,1623
14715.715006,795,1620
14715.720006,973,1623
14715.725005,926,1618
14715.730006,769,1617
14715.735005,881,1618
14715.740006,944,1618
14715.745005,758,1616
14715.750006,820,1615
14715.755006,974,1620
14715.760006,864,1615
14715.765006,799,1615
14715.770006,973,1617
14715.775006,931,1618
14715.780006,758,1617
14715.785006,893,1615
14715.790006,951,1617
14715.795006,756,1620
14715.800007,823,1619
14715.805006,975,1620
14715.810006,843,1623
14715.815006,795,1622
14715.820006,972,1623
14715.825005,925,1624
14715.830007,781,1622
14715.835005,887,1626
14715.840006,964,1624
14715.845006,775,1626
14715.850006,805,1617
14715.855007,980,1621
14715.860006,844,1627
14715.865007,798,1626
14715.870006,969,1620
14715.875005,936,1624
14715.880006,761,1618
14715.885006,879,1621
14715.890006,962,1614
14715.895005,777,1607
14715.900007,814,1611
14715.905006,969,1613
14715.910006,858,1611
14715.915007,787,1609
14715.920006,966,1607
14715.925006,918,1609
14715.930005,773,1604
14715.935006,893,1604
14715.940006,957,1604
14715.945006,769,1608
14715.950006,817,1607
14715.955006,971,1606
14715.960007,843,1605
14715.965006,799,1603
14715.970006,975,1602
14715.975005,918,1604
14715.980006,764,1602
14715.985005,882,1604
14715.990006,940,1602
14715.995006,772,1599
14716.000006,813,1600
14716.005005,974,1594
14716.010006,854,1598
14716.015006,790,1597
14716.020006,975,1596
14716.025006,928,1595
14716.030005,764,1596
14716.035006,888,1594
14716.040006,942,1599
14716.045006,765,1596
14716.050006,807,1598
14716.055006,987,1596
14716.060007,864,1595
14716.065006,795,1597
14716.070006,976,1592
14716.075006,923,1593
14716.080006,763,1592
14716.085006,899,1593
14716.090006,959,1596
14716.095007,768,1593
14716.100006,810,1592
14716.105006,968,1592
14716.110006,843,1590
14716.115006,797,1589
14716.120006,975,1591
14716.125006,928,1594
14716.130006,763,1593
14716.135006,900,1593
14716.140006,947,1595
14716.145006,757,1597
14716.150006,817,1593
14716.155006,991,1596
14716.160006,856,1597
14716.165006,786,1601
14716.170007,960,1603
14716.175007,916,1608
14716.180006,772,1605
14716.185006,890,1608
14716.190006,940,1612
14716.195007,778,1609
14716.200007,820,1611
14716.205006,981,1609
14716.210007,850,1615
14716.215006,791,1613
14716.220006,966,1617
14716.225006,944,1615
14716.230006,764,1616
14716.235006,883,1618
14716.240006,968,1616
14716.245006,775,1618
14716.250005,817,1618
14716.255006,977,1617
14716.260006,857,1613
14716.265007,799,1615
14716.270006,973,1617
14716.275006,922,1617
14716.280006,763,1619
14716.285006,901,1616
14716.290006,965,1615
14716.295006,766,1617
14716.300006,817,1617
14716.305005,972,1618
14716.310006,843,1620
14716.315006,806,1613
14716.320007,976,1615
14716.325006,924,1617
14716.330005,752,1617
14716.335005,902,1617
14716.340007,947,1613
14716.345007,776,1609
14716.350006,820,1610
14716.355007,979,1609
14716.360006,849,1611
14716.365007,787,1612
14716.370006,965,1612
14716.375006,919,1612
14716.380006,778,1609
14716.385005,893,1610
14716.390007,944,1610
14716.395007,762,1603
14716.400005,825,1606
14716.405005,973,1607
14716.410006,843,1605
14716.415005,787,1603
14716.420006,977,1595
14716.425006,938,1602
14716.430005,758,1597
14716.435006,881,1602
14716.440006,959,1598
14716.445006,755,1600
14716.450005,823,1595
14716.455006,966,1598
14716.460006,862,1593
14716.465005,803,1593
14716.470006,976,1587
14716.475005,932,1592
14716.480006,757,1594
14716.485005,879,1595
14716.490007,956,1595
14716.495006,761,1593
14716.500005,805,1597
14716.505005,982,1589
14716.510006,854,1595
14716.515007,793,1598
14716.520006,964,1600
14716.525006,916,1602
14716.530005,769,1597
14716.535007,898,1602
14716.540006,943,1604
14716.545006,769,1604
14716.550006,813,1606
14716.555005,977,1608
14716.560006,852,1607
14716.565006,778,1613
14716.570006,984,1611
14716.575006,936,1611
14716.580006,762,1611
14716.585006,886,1612
14716.590006,945,1613
14716.595006,754,1615
14716.600006,821,1609
14716.605006,974,1614
14716.610006,841,1614
14716.615006,782,1618
14716.620006,985,1612
14716.625006,932,1613
14716.630006,760,1615
14716.635005,880,1616
14716.640006,962,1609
14716.645006,762,1613
14716.650006,812,1615
14716.655006,967,1617
14716.660006,862,1613
14716.665007,795,1612
14716.670005,968,1614
14716.675005,941,1611
14716.680005,764,1613
14716.685006,884,1614
14716.690006,939,1613
14716.695005,774,1606
14716.700006,826,1613
14716.705005,972,1615
14716.710006,843,1613
14716.715006,783,1611
14716.720007,983,1613
14716.725006,931,1613
14716.730007,756,1616
14716.735005,889,1612
14716.740006,946,1615
14716.745006,754,1616
14716.750005,831,1610
14716.755005,981,1611
14716.760006,852,1612
14716.765006,794,1612
14716.770006,967,1611
14716.775006,921,1611
14716.780007,769,1607
14716.785006,896,1609
14716.790006,957,1609
14716.795006,767,1606
14716.800007,810,1608
14716.805006,972,1608
14716.810007,862,1603
14716.815007,798,1605
14716.820006,968,1605
14716.825006,916,1610
14716.830005,776,1607
14716.835006,896,1605
14716.840005,948,1606
14716.845007,757,1611
14716.850006,807,1608
14716.855006,993,1604
14716.860005,848,1607
14716.865006,787,1611
14716.870007,965,1613
14716.875005,938,1611
14716.880006,759,1612
14716.885005,888,1614
14716.890007,956,1608
14716.895006,769,1607
14716.900005,829,1616
14716.905005,979,1618
14716.910006,852,1615
14716.915006,790,1616
14716.920006,973,1617
14716.925006,926,1620
14716.930005,766,1613
14716.935006,906,1617
14716.940006,950,1617
14716.945006,761,1620
14716.950005,809,1619
14716.955006,970,1622
14716.960006,861,1621
14716.965005,794,1615
14716.970007,975,1617
14716.975006,925,1620
14716.980006,760,1611
14716.985006,886,1618
14716.990006,944,1617
14716.995006,781,1613
14717.000005,822,1613
14717.005005,980,1613
14717.010007,840,1619
14717.015006,805,1613
14717.020005,985,1612
14717.025006,929,1612
14717.030005,763,1610
14717.035006,888,1609
14717.040006,942,1610
14717.045005,774,1607
14717.050005,815,1608
14717.055006,975,1605
14717.060006,840,1610
14717.065006,799,1603
14717.070006,978,1605
14717.075005,927,1605
14717.080007,754,1605
14717.085007,906,1603
14717.090007,946,1604
14717.095007,757,1600
14717.100006,825,1602
14717.105006,977,1603
14717.110006,837,1604
14717.115007,784,1602
14717.120006,982,1603
14717.125005,921,1603
14717.130005,769,1602
14717.135007,890,1601
14717.140007,963,1598
14717.145006,765,1598
14717.150006,810,1600
14717.155006,968,1599
14717.160006,859,1596
14717.165007,797,1595
14717.170006,968,1594
14717.175006,932,1594
14717.180006,767,1594
14717.185006,892,1595
14717.190006,944,1593
14717.195007,753,1597
14717.200006,821,1590
14717.205006,978,1593
14717.210006,851,1595
14717.215005,803,1592
14717.220006,978,1596
14717.225006,930,1598
14717.230006,759,1595
14717.235005,881,1598
14717.240006,945,1590
14717.245006,775,1596
14717.250005,823,1597
14717.255005,970,1601
14717.260007,859,1597
14717.265006,794,1599
14717.270005,971,1595
14717.275006,914,1603
14717.280006,774,1599
14717.285006,897,1600
14717.290006,937,1600
14717.295006,760,1591
14717.300007,821,1600
14717.305005,980,1602
14717.310007,842,1604
14717.315007,787,1603
14717.320005,966,1603
14717.325006,935,1601
14717.330006,769,1600
14717.335006,890,1599
14717.340006,955,1597
14717.345005,768,1600
14717.350006,811,1602
14717.355007,973,1599
14717.360007,838,1600
14717.365006,783,1603
14717.370005,983,1592
14717.375007,940,1601
14717.380006,759,1601
14717.385006,889,1603
14717.390007,950,1594
14717.395006,773,1600
14717.400006,821,1603
14717.405006,974,1604
14717.410007,835,1606
14717.415007,806,1605
14717.420005,988,1604
14717.425006,930,1607
14717.430006,767,1609
14717.435006,894,1609
14717.440006,938,1616
14717.445006,770,1606
14717.450007,825,1616
14717.455006,972,1614
14717.460006,841,1616
14717.465006,786,1620
14717.470006,967,1622
14717.475005,940,1620
14717.480006,768,1620
14717.485006,889,1621
14717.490006,940,1625
14717.495005,762,1613
14717.500006,827,1622
14717.505007,978,1622
14717.510007,837,1625
14717.515006,811,1623
14717.520005,990,1622
14717.525006,930,1627
14717.530005,768,1628
14717.535007,893,1626
14717.540006,944,1628
14717.545007,778,1628
14717.550006,815,1627
14717.555005,977,1624
14717.560006,856,1627
14717.565005,808,1625
14717.570006,983,1624
14717.575006,923,1624
14717.580005,773,1625
14717.585006,903,1624
14717.590006,952,1623
14717.595006,762,1626
14717.600005,811,1626
14717.605007,988,1617
14717.610006,858,1622
14717.615006,801,1622
14717.620005,979,1621
14717.625006,931,1624
14717.630006,763,1618
14717.635006,891,1619
14717.640007,942,1621
14717.645005,780,1617
14717.650006,819,1617
14717.655006,982,1617
14717.660005,845,1616
14717.665006,794,1615
14717.670005,972,1615
14717.675005,935,1605
14717.680005,755,1614
14717.685006,889,1613
14717.690006,970,1612
14717.695007,772,1614
14717.700007,810,1615
14717.705006,992,1611
14717.710007,854,1610
14717.715005,794,1611
14717.720006,973,1610
14717.725006,926,1612
14717.730007,758,1612
14717.735007,908,1613
14717.740006,950,1614
14717.745006,765,1611
14717.750006,808,1615
14717.755006,972,1612
14717.760006,839,1612
14717.765007,810,1607
14717.770005,992,1610
14717.775005,936,1609
14717.780005,766,1607
14717.785006,895,1608
14717.790006,938,1605
14717.795006,780,1605
14717.800006,827,1608
14717.805005,979,1606
14717.810006,836,1609
14717.815005,784,1608
14717.820006,992,1603
14717.825006,928,1604
14717.830006,755,1606
14717.835006,909,1604
14717.840005,947,1603
14717.845006,760,1606
14717.850007,828,1603
14717.855006,981,1604
14717.860006,833,1609
14717.865007,801,1606
14717.870007,971,1601
14717.875005,923,1604
14717.880005,778,1600
14717.885006,905,1602
14717.890006,941,1606
14717.895005,754,1603
14717.900006,824,1601
14717.905006,971,1601
14717.910007,837,1605
14717.915006,800,1595
14717.920006,980,1594
14717.925007,931,1601
14717.930005,757,1604
14717.935006,886,1605
14717.940007,961,1600
14717.945006,761,1603
14717.950005,811,1603
14717.955007,966,1606
14717.960006,833,1608
14717.965005,806,1604
14717.970006,980,1606
14717.975006,923,1605
14717.980007,757,1600
14717.985006,907,1605
14717.990006,942,1607
14717.995007,773,1607
14718.000005,818,1608
14718.005006,969,1610
14718.010006,840,1609
14718.015006,790,1608
14718.020005,976,1610
14718.025007,920,1611
14718.030006,771,1608
14718.035007,898,1611
14718.040006,941,1613
14718.045006,776,1608
14718.050006,822,1614
14718.055006,969,1615
14718.060006,837,1615
14718.065006,806,1614
14718.070006,972,1616
14718.075006,926,1613
14718.080005,764,1614
14718.085005,885,1618
14718.090006,953,1617
14718.095007,765,1620
14718.100006,813,1618
14718.105006,985,1620
14718.110006,853,1617
14718.115006,794,1616
14718.120006,973,1618
14718.125006,922,1618
14718.130006,755,1622
14718.135005,889,1614
14718.140006,955,1618
14718.145006,760,1618
14718.150006,810,1617
14718.155005,987,1618
14718.160007,838,1617
14718.165005,784,1619
14718.170007,979,1616
14718.175006,922,1615
14718.180005,775,1613
14718.185006,907,1611
14718.190005,955,1610
14718.195006,756,1610
14718.200006,809,1609
14718.205006,965,1611
14718.210007,856,1605
14718.215006,786,1609
14718.220007,987,1605
14718.225006,923,1604
14718.230007,756,1603
14718.235006,886,1604
14718.240005,956,1598
14718.245005,757,1603
14718.250006,822,1601
14718.255006,981,1601
14718.260006,838,1601
14718.265007,785,1599
14718.270005,981,1599
14718.275006,938,1598
14718.280005,774,1597
14718.285006,901,1594
14718.290006,948,1595
14718.295005,752,1600
14718.300006,811,1595
14718.305006,965,1598
14718.310006,851,1591
14718.315006,803,1594
14718.320006,975,1592
14718.325006,916,1598
14718.330005,753,1599
14718.335005,906,1599
14718.340007,952,1596
14718.345007,765,1599
14718.350005,812,1598
14718.355006,966,1603
14718.360005,844,1604
14718.365006,788,1599
14718.370006,976,1591
14718.375006,935,1597
14718.380006,751,1602
14718.385006,903,1598
14718.390006,941,1601
14718.395006,776,1600
14718.400007,825,1597
14718.405007,969,1601
14718.410006,853,1597
14718.415006,787,1597
14718.420005,963,1602
14718.425006,914,1597
14718.430006,775,1594
14718.435005,893,1595
14718.440005,944,1596
14718.445007,755,1596
14718.450006,808,1590
14718.455005,983,1596
14718.460005,842,1596
14718.465006,798,1592
14718.470006,977,1594
14718.475006,919,1596
14718.480007,753,1596
14718.485007,902,1591
14718.490005,954,1595
14718.495005,768,1595
14718.500006,813,1598
14718.505007,977,1600
14718.510005,840,1600
14718.515005,797,1600
14718.520005,968,1602
14718.525006,920,1604
14718.530006,770,1601
14718.535006,903,1603
14718.540006,947,1606
14718.545006,756,1608
14718.550007,811,1608
14718.555005,973,1606
14718.560006,854,1605
14718.565005,810,1606
14718.570007,971,1605
14718.575006,920,1605
14718.580006,780,1606
14718.585006,896,1607
14718.590006,942,1610
14718.595006,770,1605
14718.600006,824,1605
14718.605007,975,1608
14718.610006,838,1606
14718.615006,789,1610
14718.620006,987,1609
14718.625005,925,1609
14718.630006,756,1611
14718.635005,906,1608
14718.640006,947,1615
14718.645007,765,1612
14718.650006,813,1610
14718.655005,976,1611
14718.660006,835,1614
14718.665006,808,1610
14718.670006,975,1611
14718.675007,921,1613
14718.680005,776,1613
14718.685007,896,1610
14718.690006,941,1612
14718.695006,755,1613
14718.700006,808,1612
14718.705005,968,1615
14718.710005,856,1608
14718.715006,803,1608
14718.720006,987,1603
14718.725005,938,1602
14718.730006,763,1602
14718.735005,895,1602
14718.740006,953,1598
14718.745005,768,1601
14718.750007,820,1597
14718.755006,972,1601
14718.760005,831,1599
14718.765007,804,1599
14718.770006,970,1599
14718.775005,920,1595
14718.780005,753,1599
14718.785007,886,1597
14718.790006,958,1600
14718.795006,760,1598
14718.800006,811,1598
14718.805005,970,1595
14718.810007,843,1597
14718.815006,800,1597
14718.820005,976,1599
14718.825005,927,1596
14718.830006,766,1599
14718.835006,887,1603
14718.840006,940,1600
14718.845006,769,1593
14718.850006,825,1599
14718.855005,978,1600
14718.860005,840,1602
14718.865006,786,1604
14718.870006,987,1602
14718.875005,923,1605
14718.880006,760,1608
14718.885006,887,1610
14718.890006,957,1605
14718.895006,772,1609
14718.900007,818,1606
14718.905007,984,1609
14718.910006,846,1610
14718.915006,787,1612
14718.920005,975,1612
14718.925005,920,1612
14718.930005,755,1612
14718.935006,914,1608
14718.940005,957,1611
14718.945006,765,1611
14718.950007,814,1611
14718.955005,967,1616
14718.960006,847,1602
14718.965005,804,1609
14718.970006,984,1613
14718.975005,940,1611
14718.980006,766,1616
14718.985006,897,1613
14718.990007,942,1617
14718.995006,776,1615
14719.000005,819,1618
14719.005005,982,1616
14719.010006,838,1617
14719.015006,785,1620
14719.020005,967,1622
14719.025006,921,1619
14719.030006,764,1612
14719.035006,916,1616
14719.040006,946,1617
14719.045005,755,1619
14719.050006,811,1616
14719.055005,990,1614
14719.060007,853,1614
14719.065007,792,1614
14719.070005,968,1615
14719.075006,940,1614
14719.080005,767,1612
14719.085005,896,1611
14719.090007,961,1610
14719.095006,769,1610
14719.100005,819,1610
14719.105007,979,1608
14719.110006,841,1610
14719.115005,790,1609
14719.120005,994,1608
14719.125006,937,1606
14719.130006,768,1606
14719.135006,894,1609
14719.140006,947,1609
14719.145006,755,1609
14719.150006,810,1611
14719.155005,975,1611
14719.160006,861,1604
14719.165006,800,1609
14719.170006,980,1606
14719.175006,926,1611
14719.180006,761,1610
14719.185006,893,1610
14719.190006,962,1610
14719.195006,768,1606
14719.200006,832,1611
14719.205005,988,1611
14719.210006,847,1615
14719.215005,799,1615
14719.220006,979,1613
14719.225005,932,1616
14719.230006,758,1619
14719.235005,912,1615
14719.240006,955,1616
14719.245006,757,1619
14719.250006,814,1621
14719.255007,987,1612
14719.260006,857,1617
14719.265006,801,1615
14719.270005,976,1617
14719.275007,919,1620
14719.280007,763,1618
14719.285006,900,1619
14719.290006,949,1618
14719.295006,758,1622
14719.300006,832,1617
14719.305005,987,1619
14719.310006,848,1620
14719.315005,791,1622
14719.320006,970,1620
14719.325006,938,1618
14719.330006,770,1618
14719.335006,894,1620
14719.340005,952,1614
14719.345006,774,1621
14719.350006,818,1622
14719.355006,988,1614
14719.360007,845,1623
14719.365006,796,1624
14719.370005,987,1624
14719.375006,925,1622
14719.380006,775,1624
14719.385006,901,1625
14719.390007,962,1622
14719.395006,774,1621
14719.400006,816,1622
14719.405006,988,1619
14719.410006,848,1619
14719.415006,790,1621
14719.420005,984,1619
14719.425006,923,1622
14719.430005,762,1621
14719.435007,920,1614
14719.440007,952,1618
14719.445005,757,1619
14719.450005,818,1616
14719.455007,975,1611
14719.460006,856,1617
14719.465005,798,1614
14719.470007,980,1618
14719.475005,933,1615
14719.480006,763,1616
14719.485007,897,1618
14719.490006,953,1606
14719.495005,772,1611
14719.500006,829,1614
14719.505007,979,1617
14719.510006,838,1616
14719.515005,789,1618
14719.520005,990,1616
14719.525006,932,1617
14719.530006,762,1618
14719.535006,902,1607
14719.540007,960,1619
14719.545006,759,1616
14719.550006,817,1617
14719.555006,973,1618
14719.560007,836,1622
14719.565007,791,1620
14719.570005,972,1620
14719.575005,945,1618
14719.580007,764,1620
14719.585006,898,1619
14719.590005,966,1618
14719.595006,762,1619
14719.600005,817,1620
14719.605006,969,1621
14719.610005,854,1621
14719.615006,796,1619
14719.620005,986,1614
14719.625005,938,1620
14719.630005,773,1618
14719.635006,900,1612
14719.640006,944,1613
14719.645005,778,1620
14719.650006,823,1616
14719.655005,985,1616
14719.660007,847,1618
14719.665007,798,1614
14719.670005,982,1616
14719.675005,927,1616
14719.680006,762,1613
14719.685006,913,1610
14719.690006,959,1614
14719.695007,765,1612
14719.700006,822,1613
14719.705005,975,1614
14719.710006,833,1618
14719.715005,789,1617
14719.720006,994,1612
14719.725006,937,1612
14719.730006,764,1612
14719.735006,898,1615
14719.740006,942,1616
14719.745005,757,1616
14719.750006,828,1617
14719.755006,984,1611
14719.760006,832,1616
14719.765007,812,1613
14719.770006,985,1614
14719.775007,921,1612
14719.780006,767,1605
14719.785006,893,1611
14719.790006,961,1611
14719.795005,755,1616
14719.800005,821,1613
14719.805005,973,1620
14719.810006,848,1609
14719.815005,798,1604
14719.820006,990,1612
14719.825005,933,1613
14719.830006,768,1614
14719.835007,898,1613
14719.840006,941,1617
14719.845007,756,1614
14719.850007,828,1615
14719.855005,982,1611
14719.860006,833,1613
14719.865006,793,1611
14719.870007,973,1613
14719.875007,920,1614
14719.880006,778,1607
14719.885005,912,1608
14719.890006,957,1605
14719.895005,771,1606
14719.900006,820,1606
14719.905006,973,1603
14719.910006,828,1603
14719.915006,785,1601
14719.920005,982,1595
14719.925005,936,1598
14719.930006,764,1595
14719.935007,897,1587
14719.940006,948,1594
14719.945006,757,1595
14719.950006,804,1595
14719.955005,987,1591
14719.960005,843,1591
14719.965006,798,1590
14719.970006,977,1590
14719.975006,920,1589
14719.980006,769,1590
14719.985007,898,1589
14719.990005,938,1592
14719.995006,749,1595
14720.000006,810,1592
14720.005007,965,1592
14720.010005,852,1589
14720.015006,791,1593
14720.020006,964,1594
14720.025006,920,1596
14720.030005,756,1597
14720.035006,902,1596
14720.040006,941,1599
14720.045005,749,1602
14720.050005,825,1601
14720.055005,973,1602
14720.060006,832,1600
14720.065006,795,1600
14720.070006,965,1604
14720.075006,924,1597
14720.080006,776,1604
14720.085007,906,1603
14720.090005,952,1604
14720.095006,751,1601
14720.100005,823,1603
14720.105006,967,1604
14720.110005,831,1607
14720.115006,803,1606
14720.120005,974,1607
14720.125006,917,1609
14720.130006,776,1609
14720.135006,906,1607
14720.140007,947,1608
14720.145007,757,1609
14720.150006,806,1612
14720.155005,988,1610
14720.160006,844,1610
14720.165006,793,1609
14720.170005,966,1612
14720.175005,941,1611
14720.180006,762,1608
14720.185006,899,1607
14720.190006,956,1611
14720.195006,756,1610
14720.200006,813,1611
14720.205005,968,1609
14720.210005,848,1612
14720.215006,791,1612
14720.220006,981,1610
14720.225005,918,1614
14720.230007,779,1611
14720.235006,904,1608
14720.240006,956,1603
14720.245005,763,1612
14720.250006,809,1613
14720.255006,986,1611
14720.260005,838,1611
14720.265006,788,1613
14720.270005,989,1608
14720.275006,932,1612
14720.280006,768,1610
14720.285006,905,1607
14720.290006,938,1617
14720.295006,774,1611
14720.300007,808,1614
14720.305005,990,1616
14720.310007,834,1617
14720.315006,785,1614
14720.320006,986,1615
14720.325006,936,1614
14720.330006,764,1614
14720.335006,910,1613
14720.340005,947,1612
14720.345007,756,1614
14720.350006,829,1613
14720.355006,979,1612
14720.360005,837,1609
14720.365006,787,1611
14720.370005,990,1610
14720.375006,926,1613
14720.380006,766,1607
14720.385006,902,1608
14720.390006,942,1605
14720.395006,774,1605
14720.400006,822,1605
14720.405005,970,1606
14720.410005,825,1605
14720.415005,803,1594
14720.420006,989,1599
14720.425006,933,1598
14720.430006,770,1599
14720.435007,897,1601
14720.440006,937,1600
14720.445006,753,1598
14720.450006,807,1601
14720.455005,965,1599
14720.460005,847,1600
14720.465006,797,1599
14720.470006,978,1601
14720.475005,927,1600
14720.480006,762,1600
14720.485006,910,1601
14720.490007,958,1602
14720.495006,757,1602
14720.500006,805,1607
14720.505006,978,1602
14720.510005,830,1608
14720.515006,785,1609
14720.520005,975,1608
14720.525007,917,1607
14720.530006,758,1608
14720.535006,921,1605
14720.540006,951,1608
14720.545005,762,1609
14720.550005,813,1611
14720.555006,966,1608
14720.560007,850,1608
14720.565006,803,1607
14720.570006,968,1604
14720.575006,928,1607
14720.580005,765,1611
14720.585005,902,1612
14720.590007,935,1609
14720.595006,762,1610
14720.600006,813,1610
14720.605006,967,1612
14720.610006,824,1616
14720.615006,803,1608
14720.620005,975,1612
14720.625007,916,1618
14720.630006,758,1615
14720.635005,913,1608
14720.640007,950,1618
14720.645005,763,1612
14720.650007,809,1618
14720.655006,966,1620
14720.660006,849,1618
14720.665006,810,1618
14720.670006,984,1622
14720.675006,915,1621
14720.680005,777,1623
14720.685006,907,1621
14720.690006,940,1625
14720.695007,774,1626
14720.700006,827,1624
14720.705005,970,1626
14720.710006,826,1624
14720.715005,813,1628
14720.720006,983,1627
14720.725006,922,1629
14720.730006,776,1624
14720.735006,913,1629
14720.740007,940,1630
14720.745006,772,1631
14720.750006,830,1632
14720.755006,979,1632
14720.760006,836,1633
14720.765006,794,1630
14720.770005,978,1625
14720.775006,936,1630
14720.780006,764,1632
14720.785007,898,1637
14720.790007,963,1631
14720.795007,765,1633
14720.800006,813,1635
14720.805006,987,1634
14720.810006,840,1633
14720.815005,793,1635
14720.820006,970,1635
14720.825006,945,1629
14720.830005,778,1632
14720.835005,916,1633
14720.840006,955,1631
14720.845006,769,1629
14720.850006,820,1627
14720.855006,980,1630
14720.860005,838,1625
14720.865006,789,1626
14720.870005,994,1623
14720.875007,930,1621
14720.880007,763,1619
14720.885006,900,1620
14720.890007,959,1616
14720.895006,770,1615
14720.900007,807,1619
14720.905006,967,1614
14720.910005,844,1610
14720.915006,798,1608
14720.920006,970,1606
14720.925007,932,1604
14720.930007,759,1604
14720.935006,917,1600
14720.940006,952,1602
14720.945006,762,1600
14720.950006,809,1600
14720.955006,985,1597
14720.960006,828,1598
14720.965006,799,1587
14720.970005,983,1593
14720.975005,916,1593
14720.980006,761,1592
14720.985006,899,1591
14720.990006,938,1588
14720.995005,768,1582
14721.000006,825,1584
14721.005006,966,1585
14721.010005,825,1583
14721.015006,802,1582
14721.020007,966,1582
14721.025005,934,1579
14721.030005,762,1580
14721.035006,902,1573
14721.040006,955,1578
14721.045007,758,1578
14721.050006,818,1577
14721.055006,962,1580
14721.060006,829,1579
14721.065005,789,1580
14721.070006,969,1579
14721.075005,912,1580
14721.080006,778,1580
14721.085006,916,1582
14721.090005,939,1581
14721.095007,753,1584
14721.100006,808,1583
14721.105006,961,1586
14721.110006,844,1583
14721.115007,798,1582
14721.120006,968,1587
14721.125006,937,1588
14721.130006,762,1588
14721.135005,902,1587
14721.140007,940,1586
14721.145005,769,1592
14721.150007,811,1588
14721.155006,962,1590
14721.160005,844,1590
14721.165005,796,1593
14721.170006,975,1591
14721.175007,930,1591
14721.180006,763,1594
14721.185006,910,1593
14721.190006,953,1592
14721.195007,766,1594
14721.200005,821,1597
14721.205006,967,1601
14721.210006,819,1598
14721.215007,789,1596
14721.220007,979,1598
14721.225005,920,1598
14721.230006,756,1602
14721.235006,914,1600
14721.240007,942,1600
14721.245006,773,1600
14721.250005,816,1601
14721.255005,974,1603
14721.260006,824,1605
14721.265006,785,1606
14721.270005,984,1601
14721.275006,936,1604
14721.280006,757,1604
14721.285007,898,1609
14721.290006,937,1607
14721.295005,775,1604
14721.300005,822,1609
14721.305005,968,1611
14721.310006,828,1609
14721.315005,798,1609
14721.320006,970,1616
14721.325006,940,1613
14721.330006,767,1612
14721.335006,899,1616
14721.340006,955,1615
14721.345006,753,1618
14721.350005,806,1621
14721.355005,988,1619
14721.360006,830,1624
14721.365006,788,1624
14721.370006,984,1623
14721.375005,927,1626
14721.380006,776,1617
14721.385006,909,1623
14721.390007,940,1625
14721.395005,775,1625
14721.400006,822,1624
14721.405005,967,1626
14721.410006,840,1620
14721.415006,810,1617
14721.420006,984,1624
14721.425007,927,1619
14721.430005,763,1620
14721.435007,902,1620
14721.440006,957,1620
14721.445006,759,1621
14721.450006,809,1621
14721.455005,969,1619
14721.460005,825,1619
14721.465006,808,1619
14721.470007,981,1618
14721.475007,926,1618
14721.480006,764,1616
14721.485006,923,1615
14721.490007,943,1613
14721.495007,777,1611
14721.500006,823,1612
14721.505007,966,1614
14721.510006,842,1610
14721.515006,792,1614
14721.520005,989,1614
14721.525006,927,1613
14721.530006,773,1609
14721.535006,911,1612
14721.540006,938,1613
14721.545006,776,1611
14721.550007,815,1611
14721.555006,971,1611
14721.560006,826,1608
14721.565007,794,1609
14721.570006,993,1607
14721.575005,934,1602
14721.580006,761,1603
14721.585005,897,1604
14721.590007,956,1597
14721.595006,768,1600
14721.600005,808,1599
14721.605007,964,1597
14721.610006,845,1595
14721.615006,792,1593
14721.620005,965,1597
14721.625006,930,1589
14721.630007,764,1589
14721.635005,910,1587
14721.640006,938,1588
14721.645005,774,1581
14721.650006,823,1585
14721.655006,966,1587
14721.660006,818,1587
14721.665007,784,1588
14721.670007,989,1586
14721.675006,924,1585
14721.680006,765,1586
14721.685006,900,1588
14721.690006,947,1586
14721.695006,766,1586
14721.700006,815,1587
14721.705005,975,1585
14721.710005,818,1589
14721.715006,787,1590
14721.720006,983,1588
14721.725006,919,1590
14721.730006,758,1589
14721.735006,908,1580
14721.740007,952,1589
14721.745006,755,1589
14721.750005,811,1590
14721.755006,964,1589
14721.760006,843,1589
14721.765006,799,1589
14721.770005,962,1591
14721.775006,936,1587
14721.780005,763,1592
14721.785006,898,1592
14721.790006,953,1589
14721.795007,756,1592
14721.800006,812,1590
14721.805006,984,1588
14721.810006,830,1590
14721.815005,789,1593
14721.820005,964,1597
14721.825006,920,1586
14721.830006,779,1592
14721.835006,908,1595
14721.840005,936,1600
14721.845007,746,1599
14721.850005,828,1597
14721.855006,979,1595
14721.860006,825,1595
14721.865006,793,1598
14721.870005,979,1597
14721.875006,919,1595
14721.880006,766,1596
14721.885005,903,1598
14721.890005,936,1599
14721.895006,772,1596
14721.900006,818,1596
14721.905006,969,1602
14721.910007,837,1589
14721.915006,802,1600
14721.920005,974,1599
14721.925006,932,1595
14721.930005,767,1602
14721.935007,904,1603
14721.940006,956,1602
14721.945006,761,1602
14721.950006,809,1602
14721.955007,985,1602
14721.960006,831,1602
14721.965005,792,1604
14721.970006,969,1605
14721.975006,939,1599
14721.980006,765,1605
14721.985006,906,1605
14721.990007,937,1607
14721.995005,773,1606
14722.000006,825,1606
14722.005006,973,1605
14722.010005,820,1607
14722.015007,804,1608
14722.020006,979,1605
14722.025006,923,1609
14722.030006,771,1605
14722.035005,909,1606
14722.040005,946,1611
14722.045007,757,1609
14722.050006,810,1612
14722.055006,991,1606
14722.060006,837,1612
14722.065006,790,1611
14722.070007,973,1617
14722.075005,917,1612
14722.080006,777,1612
14722.085006,910,1612
14722.090006,946,1616
14722.095006,756,1613
14722.100006,809,1616
14722.105006,989,1612
14722.110006,828,1611
14722.115007,789,1616
14722.120006,985,1612
14722.125006,929,1610
14722.130006,765,1611
14722.135005,901,1611
14722.140006,952,1610
14722.145006,765,1609
14722.150006,808,1609
14722.155006,965,1610
14722.160007,842,1606
14722.165007,800,1603
14722.170006,969,1605
14722.175006,918,1601
14722.180006,757,1599
14722.185006,921,1600
14722.190005,942,1603
14722.195007,772,1598
14722.200006,825,1598
14722.205006,973,1597
14722.210007,830,1597
14722.215005,795,1598
14722.220006,971,1590
14722.225005,928,1594
14722.230006,764,1596
14722.235005,901,1595
14722.240006,934,1594
14722.245006,764,1591
14722.250005,817,1595
14722.255005,964,1596
14722.260006,835,1596
14722.265006,800,1595
14722.270005,972,1597
14722.275006,915,1598
14722.280006,773,1596
14722.285006,912,1594
14722.290006,942,1601
14722.295006,763,1596
14722.300005,815,1598
14722.305006,971,1597
14722.310007,825,1599
14722.315006,793,1593
14722.320005,968,1599
14722.325005,926,1590
14722.330006,773,1595
14722.335006,902,1596
14722.340005,940,1596
14722.345006,748,1598
14722.350006,830,1597
14722.355007,978,1597
14722.360006,830,1597
14722.365006,790,1601
14722.370006,989,1598
14722.375006,927,1598
14722.380007,767,1599
14722.385006,909,1598
14722.390006,947,1600
14722.395006,757,1600
14722.400006,813,1603
14722.405005,982,1602
14722.410007,842,1605
14722.415007,797,1604
14722.420006,977,1604
14722.425006,918,1612
14722.430006,770,1603
14722.435006,924,1610
14722.440006,949,1611
14722.445006,754,1619
14722.450005,812,1618
14722.455006,983,1613
14722.460006,833,1618
14722.465006,797,1618
14722.470006,973,1621
14722.475005,920,1624
14722.480006,776,1621
14722.485005,911,1624
14722.490006,943,1631
14722.495007,779,1625
14722.500006,819,1628
14722.505006,987,1625
14722.510006,831,1626
14722.515006,798,1629
14722.520007,974,1631
14722.525006,921,1631
14722.530005,761,1631
14722.535007,909,1629
14722.540006,965,1627
14722.545006,770,1627
14722.550007,824,1628
14722.555005,974,1626
14722.560006,845,1624
14722.565006,799,1626
14722.570006,971,1627
14722.575006,942,1621
14722.580006,767,1621
14722.585006,908,1622
14722.590005,942,1624
14722.595006,779,1616
14722.600005,827,1616
14722.605007,977,1617
14722.610006,829,1615
14722.615006,796,1614
14722.620005,980,1612
14722.625007,921,1613
14722.630006,761,1611
14722.635005,908,1607
14722.640007,959,1610
14722.645006,767,1611
14722.650006,820,1609
14722.655006,976,1606
14722.660006,822,1606
14722.665006,796,1601
14722.670005,988,1605
14722.675006,923,1608
14722.680006,763,1606
14722.685007,904,1609
14722.690006,954,1600
14722.695006,769,1605
14722.700006,825,1605
14722.705005,969,1608
14722.710006,818,1607
14722.715005,792,1606
14722.720006,990,1606
14722.725007,928,1608
14722.730005,769,1608
14722.735005,913,1609
14722.740007,939,1610
14722.745005,769,1605
14722.750007,830,1608
14722.755006,974,1609
14722.760005,834,1610
14722.765006,800,1611
14722.770006,977,1609
14722.775006,931,1609
14722.780005,770,1613
14722.785005,908,1610
14722.790005,962,1609
14722.795006,764,1614
14722.800006,815,1613
14722.805005,965,1616
14722.810006,845,1613
14722.815006,804,1616
14722.820006,980,1618
14722.825005,921,1618
14722.830006,770,1617
14722.835006,909,1617
14722.840005,953,1619
14722.845006,749,1622
14722.850005,829,1619
14722.855007,983,1620
14722.860006,827,1619
14722.865006,797,1619
14722.870006,976,1617
14722.875005,924,1620
14722.880005,760,1623
14722.885005,907,1621
14722.890006,940,1622
14722.895006,752,1618
14722.900006,835,1619
14722.905006,987,1620
14722.910006,835,1622
14722.915005,797,1619
14722.920006,990,1618
14722.925006,933,1618
14722.930006,774,1618
14722.935007,911,1620
14722.940006,935,1621
14722.945005,775,1616
14722.950005,819,1619
14722.955006,964,1621
14722.960007,836,1618
14722.965005,792,1617
14722.970006,994,1616
14722.975006,927,1616
14722.980006,764,1617
14722.985006,903,1616
14722.990006,953,1616
14722.995005,776,1611
14723.000007,815,1616
14723.005007,966,1614
14723.010006,844,1608
14723.015006,791,1612
14723.020005,991,1609
14723.025006,932,1608
14723.030005,765,1605
14723.035006,905,1611
14723.040007,959,1604
