role,sequence,repetition,duty_percent,section,frame_bit_index,body_bit_index,target_bit,position,symbol_index,bit_in_symbol,x_first_i,x_first_q,x_second_i,x_second_q,x_first_abs,x_second_abs,x_delta_i,x_delta_q,x_delta_abs,x_aligned_i,x_aligned_q,x_sync_abs,y_first_i,y_first_q,y_second_i,y_second_q,y_first_abs,y_second_abs,y_delta_i,y_delta_q,y_delta_abs,y_aligned_i,y_aligned_q,y_sync_abs,pooled_aligned_i,pooled_aligned_q,baseline_llr,baseline_bit,sensor_y_llr,sensor_y_abs_llr,sensor_y_bit
historical,4,1,40.0,body,104,88,0,body_88,17,3,0.07106353643644858,-0.23657852148755837,0.09904984391401388,-0.03176312834197758,0.24702109837034886,0.10401811333349327,-0.027986307477565295,-0.20481539314558078,0.20671859779808793,-2.526136093987791,1.0035921802765722,0.07605007099994525,0.24534253213932136,-1.849041134014659,-2.043506821854994,3.252311595797889,1.8652469202104986,3.8410221096902464,2.2888493539943155,-5.1013527298125485,5.591299584107986,-4.323089718347038,1.3591712475767312,1.2338150512318824,-6.849225812334829,2.362763427853303,-4.174880418206005,0,-3.7306354691578494,3.7306354691578494,0
historical,22,3,10.0,body,30,14,0,body_14,2,4,0.017339682767889796,0.1113111456241761,-0.1559768165780133,-0.04588894290073442,0.11265360952343069,0.1625870917088994,0.1733164993459031,0.15720008852491052,0.23398819794544795,3.172638227932764,2.4733175442910933,0.05816548245098493,-0.7904072171477503,-0.3913447836571003,-0.5308644731442048,-1.248451620303703,0.8819831679884109,1.356631319513749,-0.2595427440035455,0.8571068366466028,0.8955414928361701,-0.40440525217053197,-0.7806914602489914,1.018566928335464,2.7682329757622317,1.692626084042102,1.4131582810033465,1,-0.32188225893534816,0.32188225893534816,0
historical,6,1,30.0,body,25,9,0,body_09,1,4,0.017339407103286165,-0.07829176773405179,-0.015154872894094272,0.06043403997315885,0.08018887662024081,0.06230524343836171,0.032494279997380436,-0.13872580770721063,0.1424806230915844,-2.0310363411351093,-0.5906589615767909,0.06736099054385629,-1.8199915403080662,0.673321002442265,-1.8392516732810078,-0.30057210672688156,1.9405489891066352,1.86364972808981,0.0192601329729416,0.9738931091691465,0.9740835389273769,0.31003734119180604,-0.36262090462713,2.0417087344751277,-1.7209989999433033,-0.9532798662039208,0.6279731091721958,1,0.915464866391261,0.915464866391261,1
historical,40,5,45.0,body,22,6,1,body_06,1,1,-0.042261970708273505,-0.09991722685313496,0.05744305546464801,-0.10371439778115238,0.10848744807657613,0.11855960917707907,-0.09970502617292151,0.0037971709280174154,0.09977730579244734,1.803907886606959,1.5652955940660247,0.04177660153978478,-2.538831103426106,-1.4138112897857327,2.8492201728836353,-0.08871518148252809,2.905946615966889,2.8506009852296987,-5.388051276309741,-1.3250961083032047,5.548601287926835,1.7778717460645719,1.485923228838495,2.394666704638938,3.581779632671531,3.0512188229045196,4.68830624606113,1,4.512043863150571,4.512043863150571,1
historical,13,2,30.0,body,68,52,0,body_52,10,2,-0.2248082729056515,0.040566719740153245,-0.098521537028883,-0.21220448499887778,0.22843909104463278,0.23395990406942063,-0.1262867358767685,0.25277120473903103,0.28256259767285163,4.419904035684711,-1.300403525319521,0.061330209205326766,-0.8895477626825038,0.2756887797050333,-1.9698880468128375,-1.8435757770062264,0.9312891738599233,2.698004922630833,1.0803402841303336,2.1192645567112596,2.3787428172981167,1.6439949623795913,-0.8199713085188587,1.2948097000990053,6.063898998064302,-2.1203748338383797,5.853617659950952,1,2.9570773430089234,2.9570773430089234,1
historical,44,5,25.0,body,49,33,1,body_33,6,3,-0.07803147249199237,0.13464729398613076,-0.1294440618753514,0.07272688085735032,0.15562392000285846,0.14847546717902266,0.051412589383359034,0.06192041312878044,0.0804822459250531,-1.8079836972381165,-1.2652144710973983,0.03647158688156571,-0.13198610267214989,1.393085784148931,-1.547093917859803,0.44698489373079836,1.3993242416596754,1.6103711019210225,1.4151078151876533,0.9461008904181327,1.702244701403167,-0.29566240631277785,-0.9573289973441161,1.6989391755648906,-2.1036461035508944,-2.2225434684415144,-0.8854307591570845,0,-0.5148448789053768,0.5148448789053768,0
historical,14,2,25.0,body,20,4,1,body_04,0,4,-0.05269673277809576,0.13584473946248654,0.008795285734470882,0.11463451746077163,0.14570771731489338,0.11497142968848802,-0.06149201851256664,0.021210222001714907,0.06504722790489899,0.6189957022348948,-1.2826620228273622,0.045672459164129854,0.845012151989963,-0.6881688409109521,-0.5075734585354026,0.3033050391850409,1.08978066169823,0.5912907597828916,1.3525856105253657,-0.991473880095993,1.6770534543397475,-1.3283414237207762,0.6682077697423396,1.1278549885151188,-0.7093457214858815,-0.6144542530850226,-1.1543588735027084,0,-1.348948256530774,1.348948256530774,0
historical,27,3,40.0,body,35,19,0,body_19,3,4,-0.11312543413618144,-0.0799665485902887,-0.04153458899159061,0.05076457721126609,0.13853524007249032,0.06559088642592778,-0.07159084514459083,-0.1307311258015548,0.1490499123175144,-3.8000562388531267,-1.2962663892427138,0.037122679792506254,0.8583353247831116,-0.7882584228866416,-3.7185457588109134,-0.995972364387457,1.1653715592128826,3.849616021240842,4.576881083594025,0.20771394150081535,4.581592030599693,-7.0703849439690165,-1.6034814684621839,0.6319497633912823,-10.870441182822143,-2.899747857704898,-1.9091863853589195,0,-0.24560160831390734,0.24560160831390734,0
historical,25,3,50.0,body,49,33,0,body_33,6,3,-0.11782213739793089,0.10545623740461522,-0.04340367190267416,-0.08165006429194217,0.15812360376792414,0.09246951786136487,-0.07441846549525673,0.1871063016965574,0.20136254900361159,2.0620170482999622,0.8756820535614497,0.0898838442640238,0.24262470489693633,-2.9350393869395397,-0.5975148965930733,3.664172498028541,2.9450505853571944,3.712571096552812,0.8401396014900097,-6.5992118849680805,6.6524756333785815,-2.7425752436802013,1.6498466124664486,2.078521855093193,-0.6805581953802391,2.525528666027898,-4.649125238520684,0,-6.781038772623403,6.781038772623403,0
historical,16,2,1.0,body,43,27,1,body_27,5,2,0.08338162356270025,-0.07504282012106946,-0.08296004448864921,-0.014315713931710179,0.11217807272223497,0.08418615472233672,0.16634166805134948,-0.06072710618935928,0.17708001568849902,1.6754179341622364,3.2112924903406466,0.04888911278425375,1.426227022364904,-0.5138845187311595,-0.4449972883958139,1.9341031516980067,1.5159817999947809,1.984635379128315,1.8712243107607178,-2.4479876704291663,3.0812536500189562,12.393015019884164,11.484745324335114,0.1823622298057044,14.0684329540464,14.69603781467576,0.6820936282658265,1,0.22107853131321695,0.22107853131321695,1
historical,22,3,10.0,body,55,39,1,body_39,7,4,0.11929121927206088,-0.10472242226965714,-0.1488676812016064,0.0019182097712773052,0.158736198522704,0.14888003907532313,0.2681589004736673,-0.10664063204093445,0.2885852045849478,4.460999508868779,-2.171515994084729,0.05816548245098493,3.111678012250983,-1.7587621267712021,-1.585058829496661,1.643498003067472,3.5743229107749888,2.28330838457097,4.696736841747644,-3.402260129838674,5.799544029638839,-0.9739744653588971,5.609905644805189,1.018566928335464,3.487025043509882,3.43838965072046,2.43317130970021,1,-0.7752250975288257,0.7752250975288257,0
historical,44,5,25.0,body,80,64,0,body_64,12,4,-0.07250218889644006,0.05421245649660382,-0.12767267511350988,-0.0091770265534521,0.09052932030105626,0.12800206946374973,0.055170486217069825,0.06338948305005591,0.08403576090439842,-1.9179995303300341,-1.2768531396431633,0.03647158688156571,1.0180468225556503,-1.5518802979699784,-1.5012505951629413,0.47899791243150863,1.8560042543440045,1.5758148208437528,2.5192974177185916,-2.030878210401487,3.235942796837903,-1.9046729034644276,-0.0065927148995687515,1.6989391755648906,-3.8226724337944615,-1.283445854542732,-3.9464537133881166,0,-3.316658017391368,3.316658017391368,0
historical,42,5,35.0,body,71,55,1,body_55,11,0,-0.003627211706953653,-0.00662268677555819,-0.048200155244070245,0.02491826645872386,0.007550936689856098,0.05426025220048682,0.04457294353711659,-0.03154095323428205,0.05460383710409142,-0.24188564834932097,-1.0452538747005313,0.05089479443002716,-1.9671373430972996,-0.8920298672783052,0.09282205177719265,-1.417665177380841,2.1599413442786943,1.4207007033342314,-2.0599593948744923,0.5256353101025358,2.1259645311618613,4.921937790109979,6.164084196380893,0.26951696397375,4.680052141760658,5.1188303216803615,-0.1285943528113785,0,0.22293261840044373,0.22293261840044373,1
historical,44,5,25.0,body,84,68,1,body_68,13,3,-0.043180518459693014,0.06872477096453339,0.0033725638302378753,0.03981948186655911,0.08116434758300876,0.03996204853245462,-0.04655308228993089,0.028905289097974275,0.05479694524816641,1.0217993836189605,-1.1014986545772552,0.03647158688156571,2.410692522783605,-0.8265854398909476,-1.0854202387116274,1.747447484091079,2.5484665838194727,2.0571120057646466,3.4961127614952323,-2.5740329239820268,4.341480154835823,-2.552550627086127,-0.12077873740323147,1.6989391755648906,-1.5307512434671666,-1.2222773919804866,-4.5660176892710265,0,-4.444824876084384,4.444824876084384,0
historical,3,1,45.0,body,32,16,0,body_16,3,1,-0.05171238105517111,-0.023045825251445547,-0.17009357887214652,0.148847503028024,0.05661519598054382,0.22602523029788674,0.1183811978169754,-0.17189332827946954,0.2087137376972952,-8.485685779736402,3.3180519309747503,0.022907055387682583,-1.1827748317779139,0.7400593618265499,-3.6383522193766873,1.438665830238406,1.3952219041121712,3.91246293827032,2.4555773875987734,-0.6986064684118563,2.5530200359952726,-1.506697388025471,-1.0067547713375706,1.4088767531661803,-9.992383167761872,2.3112971596371796,-1.6203964143457077,0,-1.7207040316723035,1.7207040316723035,0
historical,5,1,35.0,body,68,52,1,body_52,10,2,-0.0758098619624822,0.0692549078453903,-0.02066182844134015,0.04518423349777689,0.10268094970073129,0.04968426422239738,-0.055148033521142045,0.02407067434761341,0.06017227737752545,-0.23990098291839507,0.800791563162593,0.07198034225314363,0.8503957205659501,1.1260902118369809,-1.66849541009825,1.672091547970121,1.4111173043910765,2.3621530598824547,2.5188911306642003,-0.5460013361331402,2.577388210417272,-0.8470118501378485,-0.5066957490676001,2.611334693103259,-1.0869128330562436,0.29409581409499297,-4.8044442979541335,0,-4.396823188395268,4.396823188395268,0
historical,39,5,50.0,body,98,82,0,body_82,16,2,0.14880044044488888,0.138557151410421,-0.21069679905639388,0.02944573536431553,0.20332155636715762,0.21274442992415976,0.35949723950128276,0.10911141604610547,0.37569078551466895,-6.006956650020577,2.582607314192518,0.05745730760852269,0.8604133083854892,-0.06952682353890587,-1.854770236091477,-2.2829344732133845,0.8632178406626413,2.941421839464191,2.7151835444769663,2.213407649674479,3.503055110019824,-1.046749675764541,-1.4655311402738258,1.9451014946647613,-7.053706325785118,1.1170761739186923,-4.935801378454062,0,-2.785207740140814,2.785207740140814,0
historical,10,2,45.0,body,69,53,1,body_53,10,3,0.13856771913780444,-0.03695757292663008,-0.01510153805278182,-0.08260549290574248,0.14341155805471412,0.08397454322448136,0.15366925719058627,0.045647919979112404,0.1603058738909027,0.9438856774794862,-1.7969806662856276,0.07897646343241344,0.8400473650165631,-0.4609465532159424,0.22337029853916,1.3146044372584116,0.9582021187583173,1.3334463306518858,0.6166770664774031,-1.775550990474354,1.8795935528974437,-0.5283471642748542,0.5333675828243176,2.503607475040484,0.415538513204632,-1.26361308346131,-2.218060009336756,0,-2.7545247438755287,2.7545247438755287,0
historical,13,2,30.0,body,51,35,1,body_35,7,0,-0.07775441422581666,-0.055647939810929914,0.07863630455215952,-0.17949121886808744,0.09561611860351141,0.19596113401481338,-0.15639071877797617,0.12384327905715753,0.19948737977005218,3.215396997831726,0.4910517442893562,0.061330209205326766,-1.8328819619815622,0.353479466617357,-0.8291490625765074,-0.87857386118627,1.8666558386262508,1.2080480940472744,-1.0037328994050547,1.232053327803627,1.5891617714694968,0.9446950833048345,0.7835150171733483,1.2948097000990053,4.16009208113656,1.2745667614627045,3.752828488097526,1,1.6992366100983418,1.6992366100983418,1
historical,17,2,100.0,body,59,43,0,body_43,8,3,0.10774394404270361,-0.0772715616542797,0.10609856023285834,0.19181205032375095,0.1325882789629928,0.21920028999270652,0.0016453838098452744,-0.26908361197803066,0.269088642500989,-3.9507040729172163,-0.963612914345731,0.06617166959989917,-1.2703479905524209,0.16703465745517113,0.9283012742323916,2.9718759301871542,1.2812824020846223,3.113485153355841,-2.1986492647848124,-2.804841272731983,3.5638733359590047,-0.5904818322667071,0.8043929010971236,3.5715304523660034,-4.541185905183923,-0.15922001324860746,-6.577085349190663,0,-6.132705997132071,6.132705997132071,0
historical,40,5,45.0,body,40,24,1,body_24,4,4,-0.08224121842085486,-0.0011960651045798175,-0.0477043463160311,-0.004573698675605181,0.08224991537430996,0.04792309857485284,-0.03453687210482376,0.003377633571025364,0.03470164179581524,0.6586056476064162,0.5061762085318724,0.04177660153978478,-1.4479779232187113,3.4462337256845816,-3.8287274341992865,-2.0905467466867673,3.738069950947227,4.362286036640981,2.380749510980575,5.536780472371349,6.026931742874392,0.12314975446267235,-2.5137997268757535,2.394666704638938,0.7817554020690884,-2.0076235183438813,0.31638188499685294,1,0.3125405952942182,0.3125405952942182,1
historical,37,5,1.0,body,83,67,0,body_67,13,2,-0.048725030294368456,0.05021467265322422,0.04323566647217556,-0.04910028951337517,0.069968863981471,0.06542294158466481,-0.09196069676654402,0.09931496216659938,0.13535224955626457,2.1374072621322986,0.9519994305864471,0.057847000451447535,1.2954042776249546,0.4257097082996568,-1.5280312543756192,1.388537043496377,1.3635618791347934,2.06468269608441,2.8234355320005737,-0.9628273351967203,2.9830897875802163,-0.42567437506735784,-3.7663304090757395,0.7870307335103088,1.7117328870649406,-2.8143309784892923,0.9572405831255166,1,-0.17014893334681414,0.17014893334681414,0
historical,2,1,50.0,body,90,74,0,body_74,14,4,0.12731155792153834,-0.051951409352668065,-0.09835769729222081,-0.1012932860252205,0.1375033880096694,0.14118982403280794,0.22566925521375913,0.04934187667255244,0.23100050550226536,0.7830462536342366,-3.14743793859785,0.07122210801706245,-0.08136307408124999,-0.7556375368509044,0.8409707551877545,2.3473238690955096,0.7600052874303262,2.493423581645641,-0.9223338292690045,-3.102961405946414,3.2371390423346,-0.9324873952133153,0.760703904329367,2.6899648587201703,-0.14944114157907862,-2.3867340342684833,-3.8417145958300862,0,-4.834580740796383,4.834580740796383,0
historical,24,3,100.0,body,87,71,1,body_71,14,1,0.054265260391457085,0.0018703417733764356,0.018280148243445614,-0.0002361381109002361,0.05429748303284304,0.018281673364595685,0.03598511214801147,0.0021064798842766715,0.03604671349523872,0.05312318610581953,-0.3200583431877215,0.11110540754903896,-2.6719245349158207,2.784293323433616,-0.20095969859746357,-3.1992610924441744,3.85894675153754,3.2055664613430612,-2.470964836318357,5.983554415877791,6.473684474091429,1.6367760435916454,0.08960555326258292,3.949230153919175,1.6898992296974649,-0.23045278992513857,20.608812938060034,1,20.51623629569903,20.51623629569903,1
historical,23,3,1.0,body,84,68,1,body_68,13,3,0.02780709907929635,0.06424098988834558,-0.160886204840488,0.08275722912248823,0.0700009967146206,0.18092299433739062,0.18869330391978434,-0.018516239234142653,0.1895996151355274,2.823273794513428,-0.08208066390459508,0.06712758021189588,2.286578960057273,1.2512833225754054,-1.3193710692674474,1.0165747162164596,2.6065596662904045,1.665582232155021,3.6059500293247204,0.23470860635894586,3.6135804604140076,2.7782708519088013,0.9916191406769361,1.2249708611421886,5.601544646422229,0.909538476772341,3.8711230843880533,1,2.744631596175381,2.744631596175381,1
historical,37,5,1.0,body,68,52,0,body_52,10,2,0.06585684137588703,-0.06220866180328053,0.053872929390104914,0.16178466177671427,0.0905927213376642,0.1705185306858966,0.011983911985782116,-0.2239933235799948,0.22431367135084573,-3.732531277132626,1.051102046058638,0.057847000451447535,1.4728951041586844,1.780367555946313,-1.3254681158750499,0.9217980816528397,2.3106554529225836,1.6144898356881068,2.7983632200337345,0.8585694742934733,2.927110905556218,1.8279301727719508,-3.2389797021568363,0.7870307335103088,-1.9046011043606752,-2.1878776560981983,-0.20809075887710415,0,0.7306532583277784,0.7306532583277784,1
historical,25,3,50.0,body,45,29,0,body_29,5,4,-0.005757424602981793,-0.10754695843782366,-0.037631782838536645,0.12561738255361607,0.1077009573183358,0.1311330541062333,0.03187435823555485,-0.23316434099143973,0.2353329229472597,-2.5852037913818675,-0.414290695567141,0.0898838442640238,-1.0805393955870055,2.5248065552948553,-0.29248576722818054,-1.5228632219759508,2.7463090734794227,1.5506967198256503,-0.788053628358825,4.047669777270806,4.1236705914756335,1.7634784150823146,-0.9089427731712081,2.078521855093193,-0.8217253762995529,-1.3232334687383491,1.9271816283726055,1,4.360214194638166,4.360214194638166,1
historical,6,1,30.0,body,69,53,1,body_53,10,3,0.09598947749272689,-0.09881711323441508,0.16027256447668958,0.07875923006084157,0.13776357159027902,0.17857858562468007,-0.06428308698396269,-0.17757634329525665,0.18885357547661774,-2.6829812857812367,0.8135167799454727,0.06736099054385629,-1.9221153435190967,-0.20777885313258532,0.4675937267229091,-1.7170348367617325,1.9333130749055176,1.7795652626200613,-2.389709070242006,1.5092559836291473,2.8264046179762192,1.3657915826966132,0.22581184904978088,2.0417087344751277,-1.3171897030846236,1.0393286289952535,3.475847610202094,1,4.032850378490812,4.032850378490812,1
historical,13,2,30.0,body,65,49,0,body_49,9,4,-0.04995612666440365,-0.13073431956082693,0.06131140586059829,0.1433779536752908,0.13995383846948378,0.1559369298425387,-0.11126753252500193,-0.27411227323611775,0.29583441674841426,-2.0358839156393613,4.3729408101244855,0.061330209205326766,0.0776865367999654,0.7659277888364567,-2.1538360623629758,-2.2178304916813234,0.7698575035107966,3.0915662492281593,2.231522599162941,2.98375828051778,3.725923588472172,2.319429785617163,-1.7031543551256572,1.2948097000990053,0.2835458699778015,2.669786454998828,4.254428286339811,1,4.171991657335082,4.171991657335082,1
historical,19,3,35.0,body,39,23,0,body_23,4,3,-0.10175099369369257,-0.09431252576926316,-0.012934965936977886,0.2050363057967493,0.13873758407378944,0.20544390971398707,-0.08881602775671468,-0.29934883156601244,0.31224671294733974,-10.180611867532221,2.961488950458299,0.029449994090746633,-0.10053210620711585,-3.661859856244839,-1.5772469086104224,1.4997984675621712,3.6632395923766587,2.1764887442904386,1.4767148024033065,-5.16165832380701,5.368743173161036,-2.6359656864467746,1.398087775326086,1.7993071570016066,-12.816577553978995,4.359576725784385,-5.532749407312151,0,-5.220439237631055,5.220439237631055,0
historical,10,2,45.0,body,50,34,1,body_34,6,4,-0.007754684541230081,0.06482041132636829,-0.10260450477317883,-0.02729052295927783,0.06528262293178459,0.1061718279165436,0.09484982023194874,0.09211093428564612,0.13221540232895565,1.37682188254194,-0.9523710815121611,0.07897646343241344,-4.462090246095449,1.5661656218662758,1.1366983329224534,-2.135255889007809,4.728966495907527,2.4189668893168452,-5.598788579017902,3.701421510874085,6.71170282072312,2.6554154642372074,-0.36813811455800566,2.503607475040484,4.032237346779148,-1.3205091960701667,15.1515674549449,1,13.84394219575302,13.84394219575302,1
historical,5,1,35.0,body,102,86,0,body_86,17,1,-0.0707604852596382,-0.040261768517110615,-0.03271318686178792,-0.01753947629101998,0.08141287538408697,0.03711853746064769,-0.03804729839785028,-0.022722292226090634,0.04431590548982294,-0.5824848402250861,0.19939155968697922,0.07198034225314363,0.9644022460039833,0.608741135757991,-2.0962999026151823,1.3731016831537912,1.1404549366202315,2.5059691765830236,3.0607021486191655,-0.7643605473958002,3.154701996857577,-1.0556176450129935,-0.5874771454206981,2.611334693103259,-1.6381024852380794,-0.3880855857337189,-5.995282250324109,0,-5.479692095118827,5.479692095118827,0
historical,40,5,45.0,body,83,67,0,body_67,13,2,0.007401823859431368,-0.04819929205785868,-0.18466804683002708,-0.023102973931439754,0.04876431842366718,0.18610758964774612,0.19206987068945844,-0.025096318126418927,0.19370250491454083,-3.766000735917475,-2.7047264818085375,0.04177660153978478,-1.1814624442849926,0.6915247691509305,-1.85627060520385,-0.1581520181462061,1.3689631162325437,1.8629956040172466,0.6748081609188574,0.8496767872971367,1.0850422558196866,-0.09717941899897097,-0.44256397768584044,2.394666704638938,-3.8631801549164457,-3.147290459494378,-0.7821015488503524,0,-0.2466307269292305,0.2466307269292305,0
historical,40,5,45.0,body,35,19,1,body_19,3,4,0.051475353645236775,0.060347914287156475,0.13985448012926005,-0.05617067200604687,0.07931949818116713,0.1507130386059431,-0.08837912648402327,0.11651858629320334,0.1462444903230397,3.4506899997192173,-0.5892027911144362,0.04177660153978478,-0.28856437877975877,-0.1180377320390215,0.010977767676536476,-0.9235910981993645,0.3117728450097345,0.9236563365539524,-0.29954214645629523,0.805553366160343,0.8594426817629576,0.26020325645145775,-0.2471892323214805,2.394666704638938,3.710893256170675,-0.8363920234359167,1.2162511122148438,1,0.6603673797293974,0.6603673797293974,1
historical,37,5,1.0,body,67,51,0,body_51,10,1,-0.11324253748586555,-0.018873846458276656,-0.053131417912148246,-0.0024623698828119987,0.11480459213972351,0.05318844644088721,-0.0601111195737173,-0.016411476575464656,0.062311180856991985,0.06612234643845522,1.0751408224614152,0.057847000451447535,-0.6316336549271593,0.7818847028042707,0.25865781316037173,-1.4803532774495547,1.0051391756945725,1.5027806527782237,-0.890291468087531,2.2622379802538255,2.4311189969749236,2.5649815699112715,1.7212326633303645,0.7870307335103088,2.6311039163497267,2.7963734857917797,0.9455742331589326,1,1.0252646241756502,1.0252646241756502,1
historical,18,2,50.0,body,92,76,1,body_76,15,1,-0.04730436702998189,0.02660235946127265,-0.08121355384296969,0.059341855576296704,0.054271435111060036,0.10058378174955937,0.033909186812987796,-0.03273949611502405,0.04713499290531166,-0.4847800536153482,0.01687940524826251,0.09717076159490004,-1.7157600163516713,0.12078250002673072,1.18831732391505,0.5123056657510716,1.720006059879963,1.2940460414827883,-2.9040773402667215,-0.39152316572434087,2.930350761862724,1.6215023232315646,0.4399141598593359,1.744134593752201,1.1367222696162165,0.45679356510759844,1.9404416132890552,1,2.810259563064561,2.810259563064561,1
historical,40,5,45.0,body,99,83,1,body_83,16,3,0.06825289430959193,0.15603953890027245,0.019560092037390595,-0.013053564665703529,0.17031381412512012,0.023515797902535534,0.04869280227220134,0.16909310356597598,0.17596439033706102,1.9165095975710909,-3.75076073674727,0.04177660153978478,-0.7880253343242515,1.6940879933409696,0.27387107231472485,0.18132843147380404,1.8683998653176148,0.3284590755506191,-1.0618964066389762,1.5127595618671656,1.848260119802759,0.675958442418652,-0.3725476512514038,2.394666704638938,2.592468039989743,-4.123308387998674,2.090636705344847,1,1.7155085278851843,1.7155085278851843,1
historical,8,1,10.0,body,32,16,0,body_16,3,1,0.07014289131066131,-0.13495224842264664,0.09485366191052216,-0.06067369189033823,0.15209251972318355,0.11259890792294275,-0.02471077059986085,-0.07427855653230842,0.0782810714295754,0.34888923166674246,-1.191502233117609,0.06305200557891466,1.689566127590356,0.38235363690748986,-1.765641965243151,1.0460116532779609,1.7322898150012473,2.0522260909122534,3.455208092833507,-0.6636580163704711,3.5183667983135227,12.160825710135462,-3.88626956933964,0.27558924715247357,12.509714941802205,-5.077771802457249,0.22031063383073246,1,0.6100126650744738,0.6100126650744738,1
historical,22,3,10.0,body,26,10,0,body_10,2,0,0.02273801551648436,0.10226231799838399,0.05364188442248491,0.005240514475694003,0.10475972046559925,0.05389726112118488,-0.03090386890600055,0.09702180352268999,0.10182474881950226,-0.40566205234576513,1.7029544982805054,0.05816548245098493,-2.238833851700219,1.818631768696098,1.5086497647132977,-2.5079341979814607,2.8844060958245,2.926731633405154,-3.7474836164135166,4.326565966677559,5.723880372553243,-0.3267979388348565,-5.610032401937783,1.018566928335464,-0.7324599911806217,-3.9070779036572776,-1.0024955561591424,0,-0.26011150498911095,0.26011150498911095,0
historical,1,1,100.0,body,36,20,1,body_20,4,0,-0.161752748349077,0.053485842195019895,-0.004133769694701676,-0.06951325658015357,0.17036633151474032,0.06963606028680182,-0.15761897865437532,0.12299909877517347,0.19993129002623203,1.1640141017344157,1.4352528833514975,0.10819148100974983,2.853849400994386,3.4497141520669885,-1.6548937955012284,-1.3719309561690978,4.477162509282779,2.1496204369338128,4.508743196495614,4.821645108236086,6.601289780165878,0.9598200075487018,-1.0224342215880342,4.707256773161928,2.123834109283117,0.41281866176346327,20.735474281149056,1,16.782050360181593,16.782050360181593,1
historical,38,5,100.0,body,72,56,1,body_56,11,1,0.036343835922884316,0.08192529518390378,-0.047445399480188284,0.1185582466684626,0.08962493180225747,0.12769934919542336,0.08378923540307259,-0.03663295148455882,0.09144730233255409,-0.919337374470273,-0.5948671892425119,0.08351271083376638,-1.976381031841611,1.300563647460398,-2.1527199768245273,-0.034685443306760384,2.3659137313348526,2.1529993912207175,0.17633894498291625,1.3352490907671586,1.3468428111372952,0.3260500626270166,-0.24592222421711518,3.2978934215630873,-0.5932873118432564,-0.8407894134596271,1.762753500978096,1,2.2025008159904362,2.2025008159904362,1
historical,38,5,100.0,body,103,87,0,body_87,17,2,0.02574078894406039,0.08213155497232519,0.07127503730159974,0.151608074892136,0.08607078794593864,0.1675265331666717,-0.04553424835753936,-0.06947651991981083,0.08306837300473596,-0.3931219165844445,0.9136970313559903,0.08351271083376638,1.9630830202204284,-0.019375695608666494,-3.313153424655894,1.5709649110306927,1.9631786372763123,3.666731019177538,5.276236444876322,-1.5903406066393593,5.510703609101761,-1.2075724703701654,-1.1549599173055989,3.2978934215630873,-1.60069438695461,-0.24126288594960854,-7.29250706302802,0,-8.15727293510874,8.15727293510874,0
historical,14,2,25.0,body,29,13,1,body_13,2,3,0.039431127193454193,-0.09311977835680099,0.16315901289999918,0.10907954656693856,0.10112421526502001,0.19626311668204757,-0.12372788570654498,-0.20219932492373954,0.23705095802596507,5.0504232604765225,1.1965788942897855,0.045672459164129854,0.5363487722471394,-0.6650180379129504,1.4604703588406058,-0.3221396854656986,0.8543529693520144,1.495576024815839,-0.9241215865934664,-0.34287835244725184,0.9856806132743849,0.757660148541876,0.4355765263128351,1.1278549885151188,5.808083409018399,1.6321554206026205,2.2628540560578143,1,0.7694138857430106,0.7694138857430106,1
historical,17,2,100.0,body,69,53,1,body_53,10,3,0.14669156700062394,0.05151493925862008,-0.025998772171042097,0.016690779260828098,0.155474129024471,0.030895279036374512,0.17269033917166604,0.03482415999779198,0.17616661250866145,1.114927715986219,-2.417560457304943,0.06617166959989917,1.5382316737184996,2.6030660673061874,-0.6035699796204885,-1.525351568599972,3.0235921736887263,1.6404249839994123,2.1418016533389883,4.1284176359061595,4.650929638116086,0.9516621919250385,-0.888889310543635,3.5715304523660034,2.0665899079112577,-3.3064497678485782,10.255657641178502,1,9.883901777737401,9.883901777737401,1
historical,15,2,10.0,body,44,28,1,body_28,5,3,0.10399112562663415,0.07547634041295252,0.10135183107915427,0.09208657523195066,0.12849448303809116,0.13693842047083474,0.0026392945474798812,-0.016610234818998135,0.01681861398720522,0.31471845696605094,-0.08223859144688095,0.051704103582800025,0.3192476764199595,-0.3606222569486997,0.5547559634112768,-0.070258964109824,0.48163003551098965,0.5591873576701814,-0.23550828699131726,-0.2903632928388757,0.37386494228507083,-0.08006675958064448,-1.3677116815587422,0.2728835102515095,0.23465169738540648,-1.4499502730056233,0.06750908653049514,1,-0.0034534648166266446,0.0034534648166266446,0
historical,24,3,100.0,body,57,41,1,body_41,8,1,-0.029913408565700027,0.20747556147503118,0.001521646510440842,0.05199895859965316,0.20962089738715922,0.05202121782072369,-0.03143505507614087,0.155476602875378,0.158622623636441,1.3615685236820838,0.4294094564878831,0.11110540754903896,0.5823836350048162,2.0823312902644724,-1.1909339391545821,0.26894644893299413,2.16223826178706,1.2209241744776445,1.7733175741593983,1.8133848413314784,2.536339843473931,0.2849074529043218,-0.5755827438739908,3.949230153919175,1.6464759765864057,-0.1461732873861077,6.724110170793187,1,3.571184126915962,3.571184126915962,1
historical,27,3,40.0,body,50,34,0,body_34,6,4,0.06389718491408887,0.05609616719642168,0.016796249000686683,0.11158626126096262,0.08502723219107018,0.11284328815969905,0.047100935913402184,-0.05549009406454094,0.07278494832868965,-0.07299042241939635,-1.9593007686830861,0.037122679792506254,1.7927035506411702,0.3155910294927642,-2.825047341486193,2.2178527539934296,1.8202702322396422,3.5916240504866943,4.617750892127363,-1.9022617245006654,4.994218954976174,-7.724114042772299,1.6713676207895256,0.6319497633912823,-7.797104465191695,-0.2879331478935605,-0.7231173873520675,0,-0.26830997841540233,0.26830997841540233,0
historical,21,3,25.0,body,84,68,1,body_68,13,3,0.0062753103855701636,-0.1502917249191266,-0.05770449203639402,-0.22884830522173194,0.15042267814263136,0.23601134549855277,0.06397980242196419,0.07855658030260534,0.10131412254366741,1.684079646194305,-2.4235731366614077,0.03432931385623111,-0.1871195173833317,-0.07109752414397282,-0.697598057541099,-1.7092173815038754,0.2001713559058183,1.8460950969871728,0.5104785401577674,1.6381198573599025,1.7158161343915708,0.9995710554934928,-1.1520475321683843,1.1249485943055493,2.6836507016877977,-3.5756206688297922,1.1958230455679804,1,0.872205872397135,0.872205872397135,1
historical,37,5,1.0,body,17,1,0,body_01,0,1,-0.07323089290746254,0.07633421433591063,-0.01329894360608723,-0.1138703884180915,0.10578126466584237,0.1146443511889047,-0.05993194930137531,0.19020460275400214,0.1994232420152435,3.4465374137755056,-0.07825935434063208,0.057847000451447535,-1.4885178063778897,0.5804948810214337,-1.0120287689799197,-0.6489370759848279,1.5977044679151815,1.2022152710021403,-0.47648903739797,1.2294319570062615,1.318538865437303,1.3959622008524146,0.926299895073457,0.7870307335103088,4.84249961462792,0.8480405407328249,1.615028522687911,1,0.5579886725150518,0.5579886725150518,1
historical,22,3,10.0,body,79,63,1,body_63,12,3,-0.041779429112049266,0.07500225635960242,0.09158383719117599,-0.05729675771915032,0.08585370787543349,0.10803017022937085,-0.13336326630322526,0.13229901407875275,0.18785310730801072,-2.1171403458247138,2.4389014009105665,0.05816548245098493,-1.3753540419994261,2.8321561270903444,-1.0696376478462266,-0.9729159269520973,3.148445182794126,1.4459218853752325,-0.3057163941531995,3.8050720540424416,3.8173336047703246,-2.390820501453178,-2.886105155810424,1.018566928335464,-4.507960847277891,-0.4472037548998573,-3.7096014253090397,0,-1.9029493301243634,1.9029493301243634,0
historical,9,1,1.0,body,101,85,1,body_85,17,0,-0.044852014522009695,0.010362863855496885,-0.014393024731779242,0.05073883801746853,0.0460335980993245,0.05274077022847238,-0.030458989790230453,-0.04037597416197164,0.05057637144526646,-2.160234324183964,-0.14347632131376348,0.023360978404856222,-0.3037846414155194,-1.8708925000427221,-0.2600467324468377,1.2723092551888124,1.8953954350150954,1.2986127767334603,-0.04373790896868174,-3.1432017552315346,3.143506048788765,-11.606904888461195,-5.612402543799588,0.24382238292609834,-13.767139212645159,-5.755878865113352,-0.4725263956720522,0,-0.47477631819692995,0.47477631819692995,0
historical,13,2,30.0,body,98,82,1,body_82,16,2,0.03606785600831855,0.05899246158694921,0.012697212899621793,-0.021263252654991006,0.0691447811560965,0.02476580563778017,0.023370643108696756,0.08025571424194021,0.08358927340154382,0.6983425827204649,-1.170434817213052,0.061330209205326766,-1.6017484815521463,0.6928591074449852,0.16863529591208928,-1.1178071007028456,1.745179629987718,1.1304559157300471,-1.7703837774642357,1.8106662081478309,2.532344928487622,1.3863545265876174,1.379507955033128,1.2948097000990053,2.0846971093080824,0.20907313782007586,2.9341238713064275,1,2.4936557919959945,2.4936557919959945,1
historical,26,3,45.0,body,32,16,0,body_16,3,1,-0.1491829253435977,-0.02562615955990348,-0.04497632598318243,0.039868904571149895,0.15136791360081264,0.06010323993470691,-0.10420659936041526,-0.06549506413105338,0.12307972528321996,-1.1099977126224585,0.7904150305785657,0.09032292821036787,-2.3462478113392926,-0.9508360802176983,-0.002310392982436469,-1.60428507569179,2.531593972906828,1.604286739334071,-2.343937418356856,0.6534489954740916,2.4333183537834713,1.3693125509762538,1.568675837110278,1.1686010640144848,0.2593148383537953,2.3590908676888436,0.42577258253503525,1,1.0455405742895167,1.0455405742895167,1
historical,2,1,50.0,body,97,81,0,body_81,16,1,0.0665597452232902,0.030496157260195545,0.11558040831977336,0.05695985669403515,0.07321349118726603,0.12885362261873182,-0.04902066309648316,-0.026463699433839607,0.055707744507774756,-0.39108156843491765,0.6773802327656551,0.07122210801706245,0.20423834677295905,-0.886589555328543,-1.8080494793750908,0.5482953009628403,0.9098100581496201,1.8893572073396996,2.0122878261480497,-1.4348848562913834,2.471476652950213,-0.780386538815186,-0.48491980040492366,2.6899648587201703,-1.1714681072501036,0.1924604323607314,-4.985477991320167,0,-4.045997565543043,4.045997565543043,0
historical,41,5,40.0,body,71,55,1,body_55,11,0,0.05275400197499501,0.10084541059947856,-0.043469158369703303,-0.03958232887484209,0.11381028759894775,0.058790547612065196,0.09622316034469831,0.14042773947432063,0.17023174380998743,1.8319981127448337,-1.178542578983132,0.07814734293148463,-0.6102898197522945,0.5612130473000895,-0.7375840718296248,-1.7618405747773493,0.8291041843780192,1.9100032654287662,0.12729425207733036,2.3230536220774387,2.3265386215704726,0.3153612192198479,-1.2730834299708818,1.7738689719511436,2.1473593319646818,-2.4516260089540136,1.8264650579988415,1,0.6713749687435274,0.6713749687435274,1
historical,12,2,35.0,body,88,72,1,body_72,14,2,-0.12628817395456368,-0.059309742340017735,0.06488809960150195,0.08184641720055506,0.1395218564140308,0.10444760159267302,-0.19117627355606565,-0.1411561595405728,0.23764138727718975,1.8989450265411492,2.128229427159475,0.0833170502312392,-4.527376027925681,1.2394300973352566,0.8941684669984358,-0.7349943507682873,4.693966410661307,1.1574774049784422,-5.421544494924117,1.974424448103544,5.769878387948136,2.825519051958364,0.8774258233304706,1.9501922629232287,4.724464078499514,3.0056552504899456,11.247651648805103,1,9.049373901324858,9.049373901324858,1
historical,17,2,100.0,body,20,4,1,body_04,0,4,0.08627761492913906,0.17968510384429087,0.016687917315100075,0.0018946674521644249,0.1993252703030762,0.0167951287303762,0.06958969761403899,0.17779043639212644,0.19092450153533502,2.857077202839709,-0.40250734342052147,0.06617166959989917,-0.07491625266119604,4.614908873430401,-2.4312779928881576,-1.7866742003471527,4.61551691091902,3.017170425562402,2.3563617402269617,6.401583073777553,6.821488583973494,1.548422698602944,-1.1181874642297331,3.5715304523660034,4.405499901442653,-1.5206948076502547,16.414795645164446,1,16.081817679919023,16.081817679919023,1
historical,12,2,35.0,body,32,16,0,body_16,3,1,0.02855006032596125,-0.17266118067273267,-0.0624884902197878,0.037011458773888915,0.17500568349604553,0.07262685102990349,0.09103855054574905,-0.2096726394466216,0.22858397454323845,-1.584917755082976,2.2394347851493874,0.0833170502312392,1.5152291835588318,0.3890743947826418,-3.362543197457042,1.5153571788749054,1.564384340046858,3.6882250655745428,4.877772381015873,-1.1262827840922636,5.006113893105498,-2.3402889630222075,-1.0547314944399542,1.9501922629232287,-3.9252067181051835,1.1847032907094333,-7.850638435012896,0,-7.495313064285741,7.495313064285741,0
historical,37,5,1.0,body,27,11,0,body_11,2,1,-0.04078518528628058,0.028398840430517717,0.09572835684451143,-0.06208156150254824,0.049698344807792595,0.11409661950620974,-0.136513542130792,0.09048040193306596,0.16377622024904803,2.2409002996259018,1.7303291544635846,0.057847000451447535,-0.5819615235348478,-0.21799099343621914,-0.11287695006952715,-1.4364294598873484,0.621449344753304,1.4408576609399202,-0.4690845734653206,1.2184384664511292,1.3056158062733927,1.3843361111841481,0.9141154740039041,0.7870307335103088,3.62523641081005,2.6444446284674887,1.354876103279938,1,0.5533415364131045,0.5533415364131045,1
historical,23,3,1.0,body,44,28,1,body_28,5,3,-0.07704156912290357,0.1364293891441516,0.08735332124568136,-0.036414201882778593,0.15667923153744875,0.09463929855726406,-0.16439489036858493,0.1728435910269302,0.23853843912121117,-2.6200902366813823,2.400531422116766,0.06712758021189588,-0.6930764756927495,0.8640069624058795,2.5895776876246455,-1.1111729243435085,1.1076384934826513,2.817910195169021,-3.282654163317395,1.975179886749388,3.8310773864494507,-3.0192585153422873,0.8156208323796799,1.2249708611421886,-5.63934875202367,3.216152254496446,-4.015685854941672,0,-2.982701385121116,2.982701385121116,0
historical,39,5,50.0,body,30,14,0,body_14,2,4,-0.02257435721714907,-0.0533605517706538,-0.1727999088808455,-0.013228960106832562,0.05793919303059091,0.17330555067491832,0.15022555166369644,-0.040131591663821235,0.15549360444125546,-1.548170048013217,2.2196703575583685,0.05745730760852269,0.35180728768633657,-3.288798835712956,-2.271980459629182,-0.17278406394254262,3.307561964567877,2.278541099407542,2.6237877473155184,-3.1160147717704136,4.073550073443859,-1.7233542629428886,1.1899491355335583,1.9451014946647613,-3.2715243109561056,3.4096194930919266,-5.618588445062615,0,-4.58552769901493,4.58552769901493,0
historical,42,5,35.0,body,105,89,1,body_89,17,4,0.05713227039310773,-0.03788720303301789,-0.08069412907744374,0.02888118849021039,0.06855316530938811,0.08570685804633263,0.13782639947055148,-0.06676839152322828,0.15314742732940417,-0.18856414089104812,-3.003184096374945,0.05089479443002716,-0.47298482837217676,-0.1175371318051203,0.26929867178638306,-0.35002652704144216,0.4873701111303726,0.44163372183134236,-0.7422835001585598,0.23248939523632184,0.7778406735990304,1.9192631600184986,2.155397892638277,0.26951696397375,1.7306990191274505,-0.8477862037366681,-0.11401755676439156,0,0.08693046923961109,0.08693046923961109,1
historical,9,1,1.0,body,97,81,0,body_81,16,1,-0.09227168517711382,0.014940252010772,-0.07196127581332974,0.020262987481718377,0.09347339201917186,0.07475970758614825,-0.020310409363784074,-0.005322735470946376,0.020996291134820894,-0.740841526548971,0.5088737268708148,0.023360978404856222,0.19636457437241486,-1.8711597854141686,1.277503447311249,1.4296107694645586,1.8814350875381423,1.9172381203338233,-1.081138872938834,-3.300770554878727,3.4733193804391025,-14.09002027935861,-2.097493424548177,0.24382238292609834,-14.830861805907581,-1.5886196976773623,-0.4638974165150313,0,-0.5763472705117391,0.5763472705117391,0
historical,37,5,1.0,body,101,85,0,body_85,17,0,-0.10530505778365219,-0.15584651423646292,-0.14653522610808214,0.07154858388845702,0.18808851957116993,0.1630698388635689,0.04123016832442995,-0.22739509812491993,0.23110269888364088,-3.951050977676769,0.591408730943436,0.057847000451447535,2.1212357248105653,0.3657480558065713,0.5329843451926862,-0.013272659018029553,2.1525363273447655,0.5331495809788144,1.588251379617879,0.37902071482460087,1.632850007540266,0.903096740550263,-1.8678282490715408,0.7870307335103088,-3.047954237126506,-1.2764195181281046,-0.7879587870129068,0,0.36098237552894047,0.36098237552894047,1
historical,12,2,35.0,body,78,62,1,body_62,12,2,-0.10737503201156744,0.196381720516552,-0.02292579192200161,0.054658502822505464,0.22381952026694696,0.05927177967674627,-0.08444924008956582,0.14172321769404655,0.16497619399555574,1.3404782953127745,-1.4573670908894747,0.0833170502312392,-1.991980499284582,0.4448448799013568,-0.23469924856686922,-0.5825121189161648,2.041047103009753,0.6280160077275525,-1.7572812507177127,1.0273569988175217,2.035558841483919,1.0361031302750512,0.12630617100446215,1.9501922629232287,2.3765814255878257,-1.3310609198850125,3.9755564463516326,1,3.318358310022181,3.318358310022181,1
historical,4,1,40.0,body,23,7,1,body_07,1,2,-0.17588254614583096,-0.015154001174857957,0.024347516956254308,-0.09104592396580778,0.17653417173552532,0.09424522190924452,-0.20023006310208527,0.07589192279094982,0.21413001217665062,1.6006338134778388,2.3164258897778818,0.07605007099994525,-2.5412680019882057,-0.5766901814773732,-0.23638256459306645,0.8108255999474157,2.6058807768855297,0.8445797004271899,-2.3048854373951393,-1.387515781424789,2.6902968095024433,0.3999837649690259,2.143469798918708,1.2338150512318824,2.0006175784468647,4.45989568869659,0.8807255422177886,1,0.34516832124670827,0.34516832124670827,1
historical,18,2,50.0,body,46,30,1,body_30,6,0,-0.05582976343233264,0.1040275287986465,0.09460916454538086,-0.04363168190940534,0.11806222610498014,0.10418549650608035,-0.1504389279777135,0.14765921070805185,0.21079637937594783,2.1673316922195456,-0.09331430489206291,0.09717076159490004,-1.078342063362411,-0.454027573364282,0.0797444318764033,2.262997601178055,1.1700267702030414,2.2644021986725154,-1.1580864952388144,-2.7170251745423366,2.9535385776304555,0.45495228202464133,1.6311538460093518,1.744134593752201,2.622283974244187,1.537839541117289,2.75727708347937,1,0.7884873077145795,0.7884873077145795,1
historical,39,5,50.0,body,103,87,0,body_87,17,2,-0.01672481160143779,0.10197820644158467,0.02915235643174663,-0.1963485450757002,0.10334057243960888,0.19850090941572,-0.04587716803318442,0.2983267515172849,0.3018336714443915,-2.7374036258548182,-4.483585437128837,0.05745730760852269,-1.165747627432784,0.6712509681935201,-0.7874665679893369,0.11198936448610607,1.345193440797978,0.7953899757093416,-0.37828105944344714,0.5592616037074141,0.6751815321193593,0.26336499523328527,-0.22612037639696717,1.9451014946647613,-2.474038630621533,-4.709705813525804,-2.6351861098981346,0,0.7007656560009268,0.7007656560009268,1
historical,7,1,25.0,body,85,69,1,body_69,13,4,0.1244031931495296,0.05395551153692709,0.00877143426954862,0.02555240776918197,0.13559996936213017,0.0270159878950884,0.11563175887998099,0.02840310376774512,0.11906905544816991,1.3291280648092094,-1.0660186278456716,0.06988389482574368,0.35703790768551585,0.8702486497892541,-0.5212837448253087,-2.0311649624975834,0.9406427483292851,2.096990187744546,0.8783216525108246,2.9014136122868375,3.0314435298769298,1.8248962841730314,-0.33966263679023717,1.6331120077705716,3.154024348982241,-1.4056812646359087,3.9320801813773842,1,3.621533457287426,3.621533457287426,1
historical,1,1,100.0,body,63,47,0,body_47,9,2,0.148226960879605,-0.07804998949445625,-0.014656334913117311,0.08662505131986922,0.16752024591579573,0.08785617604503076,0.16288329579272232,-0.1646750408143255,0.23162218614696486,-1.5500650584057982,-1.4766702426229241,0.10819148100974983,1.794604576057942,-0.6876567278379593,-2.722676775167529,4.060876580240022,1.92184217867881,4.889139742529206,4.5172813512254715,-4.748533308077981,6.553960587618408,-1.0690605401373356,-0.8919846659271865,4.707256773161928,-2.6191255985431336,-2.3686549085501105,-20.946644705072636,0,-18.692075265744432,18.692075265744432,0
historical,8,1,10.0,body,80,64,0,body_64,12,4,-0.18769295833871744,-0.010392318947229442,0.027304021088198335,0.03462104034415726,0.18798044287382787,0.04409224423973613,-0.21499697942691576,-0.045013359291386695,0.21965860710974452,-2.3959961526660845,-2.5290012237073074,0.06305200557891466,-0.8258775623472742,0.554445403630191,-1.4279678837851866,-0.5293106429436336,0.9947278289036259,1.522912352650456,0.6020903214379124,1.0837560465738245,1.2397741421946717,2.6381628480941686,3.6438676585742695,0.27558924715247357,0.2421666954280841,1.1148664348669621,-1.0598256159328794,0,0.1323358124050007,0.1323358124050007,1
historical,1,1,100.0,body,88,72,0,body_72,14,2,0.003702253896258139,-0.19588177829865505,-0.03405456361640245,0.14338761221593785,0.19591676230827165,0.1473761196398242,0.03775681751266059,-0.33926939051459293,0.341363877129417,-3.141822335290763,-0.2900509982882164,0.10819148100974983,-0.5892874476385667,2.0219160199614543,0.8652282465796258,2.400348747667147,2.1060399064882755,2.551527783330312,-1.4545156942181925,-0.3784327277056927,1.502939531094249,-0.06012182238330982,0.3135697348950805,4.707256773161928,-3.201944157674073,0.0235187366068641,-4.102598308592195,0,-1.051204854084478,1.051204854084478,0
historical,23,3,1.0,body,17,1,0,body_01,0,1,0.04986801919828138,0.04565892064235942,0.03020784639095449,-0.007800440264803972,0.06761328547693445,0.03119873157524641,0.019660172807326886,0.05345936090716339,0.05695986010706403,0.23747678761694238,0.814622811212962,0.06712758021189588,-0.34126192786378806,0.6115333043774211,0.7948080208607202,-0.7289793990690775,0.7003089930681148,1.0784853982746583,-1.1360699487245083,1.3405127034464988,1.7571651136123627,-1.1919997984164368,0.7979953278224223,1.2249708611421886,-0.9545230107994944,1.6126181390353844,-0.9937939758312127,0,-1.177567085340402,1.177567085340402,0
historical,9,1,1.0,body,104,88,0,body_88,17,3,-0.0420678290374067,0.11284581849992162,-0.004650197507357027,0.005410026986367036,0.120432059655383,0.007133913992378174,-0.03741763153004967,0.10743579151355458,0.11376523391380397,2.4325630608649167,4.218814804475715,0.023360978404856222,-2.0722507072527243,0.5214501792767776,0.9558077286735108,-0.5278549894669554,2.1368512543406477,1.0918787955158646,-3.0280584359262352,1.0493051687437331,3.204712035196977,-1.7133698918142102,13.031479756666993,0.24382238292609834,0.7191931690507065,17.25029456114271,0.07825233993252367,1,-0.07008478632005813,0.07008478632005813,0
historical,25,3,50.0,body,97,81,1,body_81,16,1,0.10370058587305996,-0.062375883908533845,-0.06906870352272419,0.21076082618194178,0.12101471978146615,0.2217895661639759,0.17276928939578415,-0.27313671009047563,0.3231917229097502,-2.9936811627585715,-1.9916431122754137,0.0898838442640238,-0.6154287171833915,1.6876469246209977,-1.7466304056433217,-1.4700769549185944,1.7963587192197183,2.2829463478804053,1.1312016884599303,3.157723879539592,3.3542267900947262,0.8552978057733448,-1.3684566441048034,2.078521855093193,-2.138383356985227,-3.360099756380217,-0.1623994685362522,0,2.114730524332357,2.114730524332357,1
historical,11,2,40.0,body,89,73,1,body_73,14,3,0.06376419031789489,0.1362695919314923,-0.08372492586749271,-0.061979134115448684,0.15045023646399547,0.10416945942654174,0.1474891161853876,0.198248726046941,0.24709430744633074,-0.6293407540666887,-3.5112590741405474,0.06926816342252667,-1.7448790775391034,0.8308805004058429,-0.3844153469766328,-1.2760183222938322,1.932605857692762,1.332665718708458,-1.3604637305624707,2.106898822699675,2.5079641566954725,1.9599612769427357,-0.08851999081659948,1.2782957597999707,1.330620522876047,-3.599779064957147,1.789228484147757,1,2.509321062028289,2.509321062028289,1
historical,9,1,1.0,body,26,10,1,body_10,2,0,0.06717337589230828,0.20758622090724468,-0.0026939441254733017,0.055598982194898096,0.21818410010658598,0.05566420893230917,0.06986732001778158,0.1519872387123466,0.16727690557237998,6.8782171359831725,1.9907961168534105,0.023360978404856222,-0.6856861388351237,0.5118320465664563,-1.1419912587156753,0.30926262059682547,0.8556503520030992,1.1831261147829628,0.45630511988055156,0.20256942596963085,0.4992481695177963,1.5809001578505621,-1.3012984899754005,0.24382238292609834,8.459117293833735,0.68949762687801,0.5089349322210188,1,0.06466615894538866,0.06466615894538866,1
historical,20,3,30.0,body,68,52,0,body_52,10,2,-0.21604655281887233,0.013437740275090421,0.06669235029870856,-0.2431070792973504,0.21646405209322536,0.25208911438785664,-0.2827389031175809,0.2565448195724408,0.3817807378399138,10.731588479661548,-12.510632687220806,0.023162361932692777,-1.009986831620452,-1.3515924913657136,1.778557543248821,1.9993999336564674,1.6872686990408186,2.675979639188753,-2.7885443748692733,-3.3509924250221808,4.359487350958952,0.2944495919412037,3.065842178947929,1.4154411858345979,11.026038071602752,-9.444790508272877,-1.0819537680711266,0,0.042516296365874603,0.042516296365874603,1
historical,16,2,1.0,body,48,32,0,body_32,6,2,0.0447239440856635,0.10731912318316103,-0.06656382061755273,-0.06287507212411363,0.1162653231852905,0.0915642774766351,0.11128776470321622,0.17019419530727464,0.20334952837154346,-3.154495527598189,2.7110500367762826,0.04888911278425375,-2.107427308380813,0.5055219406143334,-1.4048933849842797,-2.3612291924765882,2.1672107171550437,2.74756778307219,-0.7025339233965331,2.8667511330909217,2.951578556061317,-15.285222690780978,-5.322061054239284,0.1823622298057044,-18.439718218379166,-2.6110110174630012,-1.2253714763052266,0,-0.2726725157559682,0.2726725157559682,0
historical,1,1,100.0,body,69,53,1,body_53,10,3,0.019935373838764727,0.07527598986870034,0.02166091843803359,-0.052982716233464816,0.07787100731853917,0.0572395283615702,-0.0017255445992688627,0.12825870610216517,0.1282703129923898,1.1855692861969815,-0.006308859392522853,0.10819148100974983,0.751332127079672,2.1279276084525005,0.08655237709331333,-0.34886305091548003,2.2566736299244607,0.3594394834663548,0.6647797499863587,2.4767906593679805,2.564453954806832,0.5158625530077984,-0.17515446270696897,4.707256773161928,1.7014318392047798,-0.18146332209949181,10.314502632023348,1,9.019640427811614,9.019640427811614,1
historical,26,3,45.0,body,20,4,0,body_04,0,4,0.04066819755156132,-0.05735486062034929,-0.07464017327695557,0.04336241624392509,0.0703099020684321,0.0863218084224686,0.11530837082851689,-0.10071727686427438,0.15310124180450552,-0.5445718223048293,-1.605182886651376,0.09032292821036787,0.7894669916569212,-3.280802140582774,-1.558528811086386,2.51513180468757,3.3744511874626872,2.958868035235316,2.3479958027433074,-5.795933945270344,6.25347380162716,-5.341340129422299,0.32548116108260955,1.1686010640144848,-5.885911951727128,-1.2797017255687664,-4.579812177530409,0,-4.07838796366125,4.07838796366125,0
historical,17,2,100.0,body,32,16,0,body_16,3,1,-0.1435107123187194,-0.08205541297509657,-0.10023934356016365,0.05252132732128926,0.1653130828117965,0.11316543562838667,-0.04327136875855575,-0.13457674029638583,0.14136233721553912,-2.1298061282705945,0.1664049180378981,0.06617166959989917,0.2924048937067586,-0.7144335807798333,-2.902222312131243,3.3492721763440856,0.7719559334635335,4.431762455306587,3.194627205838002,-4.063705757123919,5.16907607457681,-1.3366899127625949,-0.5549210829884221,3.5715304523660034,-3.4664960410331895,-0.38851616495052405,-14.302517944969745,0,-13.882774704239308,13.882774704239308,0
historical,15,2,10.0,body,51,35,1,body_35,7,0,-0.011464836149369197,-0.08987013258646502,-0.11708785610889791,0.038788214899252695,0.09059847238800821,0.1233454160609489,0.10562301995952872,-0.12865834748571772,0.16646078434011624,3.0991996693366457,0.8718198120386526,0.051704103582800025,-1.6019962428980066,-1.5787280383260311,0.534543226250483,0.6249126179451552,2.2491718878858697,0.8223455726136929,-2.13653946914849,-2.2036406562711863,3.069337558040923,-1.6469361866165106,-11.126566185539962,0.2728835102515095,1.452263482720135,-10.25474637350131,0.6383213616797592,1,-0.07103617288245657,0.07103617288245657,0
historical,22,3,10.0,body,52,36,0,body_36,7,1,-0.1838253052140879,-0.00292184430377577,0.06432676308530144,-0.1820631884961921,0.18384852463696325,0.1930930787325959,-0.24815206829938935,0.17914134419241634,0.30605729888426214,-4.025200042399545,3.3889076794389217,0.05816548245098493,-0.2771009485130248,-0.8494570629919581,-0.31669515605348814,1.3681385812713998,0.8935111848957132,1.4043144232795808,0.03959420754046333,-2.217595644263358,2.2179490847913024,1.4908543092647222,1.5871179773023605,1.018566928335464,-2.534345733134823,4.976025656741282,-1.3344415538337733,0,1.1866303670241836,1.1866303670241836,1
known_sync,32,4,50.0,sync,0,,0,sync_00,sync,0,-0.06521829014751712,0.08340421327743781,-0.14655073001992705,0.13304741657647864,0.10587581481242099,0.19793618043967756,0.08133243987240993,-0.04964320329904083,0.09528595599241829,-1.1103620076559866,0.4496342867788556,0.07954110673448697,2.4282158457350116,-2.0366943779012225,-3.6010134431162997,0.2652755738098727,3.1692832285002623,3.610771239993537,6.029229288851312,-2.3019699517110954,6.453733142617788,-2.260485275573895,0.3768839488764064,2.816147897195024,-3.3708472832298817,0.8265182356552621,-9.416475708604466,0,-9.264311746373208,9.264311746373208,0
known_sync,32,4,50.0,sync,1,,1,sync_01,sync,1,-0.04847221256347246,-0.051153808710792996,0.02389659717754868,-0.014301475351173822,0.07047174991738787,0.027849228963945483,-0.07236880974102114,-0.036852333359619176,0.08121169310746215,0.8224311990997154,0.6050236780875111,0.07954110673448697,-0.842546240691021,-0.5018918533524762,2.197475070273496,-0.11464866811149758,0.9807036250387552,2.2004638151019997,-3.040021310964517,-0.3872431852409786,3.064585919114359,1.0308295663824496,0.34872798302669716,2.816147897195024,1.853260765482165,0.9537516611142083,4.4757999669210164,1,4.224724028746964,4.224724028746964,1
known_sync,32,4,50.0,sync,2,,1,sync_02,sync,2,0.010891072901724577,-0.0018538268563627256,0.010897688400621747,-0.09007653001777763,0.011047721166107112,0.09073335038738865,-6.61549889716985e-06,0.08822270316141491,0.08822270340945099,0.18034856248425707,-1.0943853663533532,0.07954110673448697,-1.9486417108528709,2.056488509689925,0.24223143455969107,-1.316416302540338,2.8330812744717178,1.3385170710464698,-2.190873145412562,3.3729048122302627,4.021991050668312,0.9999106110478625,-1.0197559440688184,2.816147897195024,1.1802591735321195,-2.1141413104221716,3.988987631761834,1,4.098006618026787,4.098006618026787,1
known_sync,32,4,50.0,sync,3,,1,sync_03,sync,3,0.08291863567783617,-0.035547565413686213,-0.016785239431998222,0.1568056951118256,0.09021712448041129,0.15770152276465918,0.09970387510983439,-0.19235326052551183,0.21665788595551486,-1.6298600365220193,2.182407910629384,0.07954110673448697,-2.8336991567440832,1.7125215686405761,-1.8105035407771572,-2.270136645830368,3.3109788634165738,2.9036947948964222,-1.023195615966926,3.982658214470944,4.111994129595375,0.6364118487476526,-1.3141588954984302,2.816147897195024,-0.9934481877743667,0.8682490151309536,1.585481426739991,1,2.6082531169715732,2.6082531169715732,1
known_sync,32,4,50.0,sync,4,,1,sync_04,sync,4,0.04336366492485284,0.02661304918741307,0.06896760412615689,-0.1643022978709654,0.050878893686543344,0.17819027892840208,-0.02560393920130405,0.19091534705837848,0.19262458681343142,0.7077153746256329,-2.315979934558548,0.07954110673448697,-0.23727774168179308,-0.385375758026782,0.25223502531400477,0.329505869523569,0.45256513517098124,0.41496581310469405,-0.4895127669957978,-0.7148816275503509,0.8664170418804796,0.12006420147131612,0.28326573604130045,2.816147897195024,0.8277795760969491,-2.0327141985172474,0.8423761285020075,1,0.4920678776495154,0.4920678776495154,1
known_sync,32,4,50.0,sync,5,,1,sync_05,sync,5,0.03496785601224622,-0.0396645299474627,0.19119302283863138,0.1424259180624435,0.05287746107791438,0.2384112290100936,-0.15622516682638515,-0.1820904480099062,0.2399233919533071,1.5658989802761039,2.578041009428807,0.07954110673448697,-0.6277164599291009,-1.9042908530115281,2.295672641685373,1.265792495091021,2.005081446457798,2.6215155003187474,-2.923389101614474,-3.1700833481025494,4.3122653296562525,0.794387653628482,1.3090901726472364,2.816147897195024,2.360286633904586,3.8871311820760432,3.9870595743124735,1,3.2556968851813313,3.2556968851813313,1
known_sync,32,4,50.0,sync,6,,1,sync_06,sync,6,-0.1257051056518668,0.14766937338689418,0.013833991324485305,0.00373093236500274,0.19392786654688118,0.014328264803463105,-0.1395390969763521,0.14393844102189143,0.20047302658659175,2.025087695177863,-1.5004283498688464,0.07954110673448697,-4.015643503506028,-0.604609471436384,-0.540597002126067,-0.9214886215197615,4.060904500256162,1.0683568684190135,-3.475046501379961,0.3168791500833775,3.489464225710112,1.231794556478156,0.1342732405818296,2.816147897195024,3.2568822516560187,-1.3661551092870168,5.919663362549993,1,5.048353511527272,5.048353511527272,1
known_sync,32,4,50.0,sync,7,,0,sync_07,sync,7,-0.14443647093029413,-0.0693024970409561,-0.16318544718327485,-0.037366522881072006,0.160202154264259,0.16740892211775055,0.01874897625298072,-0.0319359741598841,0.03703283078669007,-0.29783540913723516,0.3578543964765745,0.07954110673448697,0.6654298696373083,1.8734664116823179,-3.231954619660422,-0.7844042419954692,1.9881331210729691,3.3257812132497278,3.8973844892977305,2.657870653677787,4.71740206778054,-1.1694357564264253,-1.199360887721401,2.816147897195024,-1.4672711655636603,-0.8415064912448265,-4.700336977408319,0,-4.792783891122504,4.792783891122504,0
known_sync,32,4,50.0,sync,8,,0,sync_08,sync,8,-0.0031061972172138634,0.05492356978528735,-0.1916396353344451,-0.043687346912713275,0.055011335005720016,0.19655618563502616,0.18853343811723125,0.09861091669800062,0.21276505864526696,-2.1372564308777258,-1.6084968453578428,0.07954110673448697,0.5591022321949477,-1.303992965887309,-2.5619998083242206,1.8287600654762366,1.418799831240811,3.1477303561350345,3.121102040519168,-3.1327530313635457,4.422151004076003,-1.3067765835075196,0.8707041449156803,2.816147897195024,-3.444033014385245,-0.7377927004421625,-6.314241481904679,0,-5.355657824137167,5.355657824137167,0
known_sync,32,4,50.0,sync,9,,1,sync_09,sync,9,-0.17971798073675857,-0.004535881626248547,0.06573507563548432,-0.007729402951936367,0.179775211923739,0.06618794330386953,-0.2454530563722429,0.00319352132568782,0.24547383050120247,3.051360094356529,0.46192164985277195,0.07954110673448697,-2.892089109301853,-1.3760622767228026,2.30152935556634,-0.7830473785872645,3.202768615676432,2.4310904079540108,-5.193618464868193,-0.5930148981355381,5.2273644820339955,1.7659097007153393,0.5719107555408933,2.816147897195024,4.817269795071868,1.0338324053936652,8.591821517853553,1,7.237356580090106,7.237356580090106,1
known_sync,32,4,50.0,sync,10,,1,sync_10,sync,10,0.049226743817895456,0.07388669050348969,0.0018304109962917405,-0.06312309061164928,0.08878353079525043,0.06314962369469695,0.047396332821603715,0.13700978111513895,0.14497617903005486,-0.30799578114505355,-1.7964460027410634,0.07954110673448697,-3.159324794529109,0.01857033969523999,0.15459412485310048,-0.7731118617962954,3.159379371782185,0.7884169545927017,-3.3139189193822096,0.7916822014915355,3.4071717468301825,1.2091291497104673,-0.0423221319678281,2.816147897195024,0.9011333685654137,-1.8387681347088916,4.509870817674669,1,4.955462221137903,4.955462221137903,1
known_sync,32,4,50.0,sync,11,,1,sync_11,sync,11,-0.08251165581964767,-0.032261955293400965,0.17609241018112126,0.006049932186965679,0.08859462232807024,0.17619630700688121,-0.2586040660007689,-0.038311887480366645,0.26142659328086404,3.1296893150547906,1.0036660966224669,0.07954110673448697,-1.483227090264961,0.579231116560689,1.758185458362872,-0.002930063970797449,1.592316327771591,1.7581878998768974,-3.241412548627833,0.5821611805314865,3.2932760210039786,1.169147770355146,0.02549909635802315,2.816147897195024,4.298837085409937,1.02916519298049,6.326424301324959,1,4.791603616793017,4.791603616793017,1
known_sync,32,4,50.0,sync,12,,1,sync_12,sync,12,-0.03920375457986539,-0.13696605364863068,-0.06468239675635876,0.05220400780869901,0.14246625644424682,0.08312082098630713,0.025478642176493364,-0.18917006145732967,0.19087816365139224,-0.7025949075535594,2.2945857617391345,0.07954110673448697,-3.1550620200677164,1.0771839431051535,-0.8176559082257256,-0.4340491000856208,3.3338778618535723,0.9257212353303631,-2.337406111841991,1.5112330431907743,2.783395883180821,0.9198926825706828,-0.36148659623972285,2.816147897195024,0.21729777501712344,1.9330991654994116,3.204395807331479,1,3.770063303057229,3.770063303057229,1
known_sync,32,4,50.0,sync,13,,1,sync_13,sync,13,-0.12706538413531548,0.1443461956009348,0.08926526605882874,0.03548486912504187,0.1923055798200318,0.09605968801414479,-0.21633065019414421,0.10886132647589294,0.24217708111114095,2.9060101648642243,-0.908389141439554,0.07954110673448697,-1.5198469215309167,-0.13965382500066814,-0.4568773394624873,-0.2810203344893337,1.5262496046598413,0.5363854320456679,-1.0629695820684293,0.14136650948866558,1.0723286914037786,0.3799166206308378,0.025605852865709555,2.816147897195024,3.2859267854950622,-0.8827832885738444,3.1129217585629485,1,1.557040007818282,1.557040007818282,1
known_sync,32,4,50.0,sync,14,,1,sync_14,sync,14,-0.048426346374873384,-0.12545359845158693,-0.00783146337162928,-0.0841215168978917,0.13447570928487876,0.08448527341343845,-0.040594883003244105,-0.041332081553695235,0.05793345744566253,0.4191234653764579,0.5956707220834754,0.07954110673448697,-1.0375297883591437,0.9220309036967671,-1.0277011120739856,-0.3820295680374095,1.3880234324767167,1.096410583044945,-0.009828676285158044,1.3040604717341766,1.3040975104711616,0.09519674893492142,-0.45318789163439305,2.816147897195024,0.5143202143113793,0.14248283044908233,0.6174325156728198,1,0.39015178240894555,0.39015178240894555,1
known_sync,32,4,50.0,sync,15,,0,sync_15,sync,15,-0.010100878923889334,-0.23663381563677502,0.004924895654377891,-0.00479151789222877,0.23684929904446478,0.006871189192422129,-0.015025774578267224,-0.23184229774454626,0.2323287001753071,-0.2873320262341111,2.9066961955845985,0.07954110673448697,1.3948648817297158,0.6243562626227928,-1.4207794043390543,-0.36000861924680067,1.5282240611111826,1.4656808389707583,2.8156442860687703,0.9843648818695934,2.9827549289758712,-0.9107112738188452,-0.5407658284181878,2.816147897195024,-1.1980433000529562,2.3659303671664107,-3.670299453776588,0,-3.732434465627037,3.732434465627037,0
query,32,4,50.0,body,16,0,,body_00,0,0,-0.04285308499117974,0.04075170652720819,-0.04463346882545037,-0.042842487946940865,0.0591361858606131,0.06186780514028458,0.0017803838342706282,0.08359419447414906,0.08361315157545006,0.1487234249012611,-1.0406203097344202,0.07954110673448697,-2.0672978309852423,0.9483968858448747,0.5488749405508053,-0.4978008969523299,2.274461908908686,0.740992195216113,-2.6161727715360477,1.4461977827972046,2.9892888782274216,1.0123407218841851,-0.31923224408602935,2.816147897195024,1.1610641467854461,-1.3598525538204496,4.013196091874894,1,4.148949848258818,4.148949848258818,1
query,32,4,50.0,body,17,1,,body_01,0,1,-0.20093636479370286,0.016351092872562013,0.04175891991629861,-0.08928213500402521,0.20160054795221957,0.09856524247143525,-0.24269528471000146,0.10563322787658722,0.264687325068836,3.2264663235047917,-0.8144735445544736,0.07954110673448697,-1.6243273544149288,0.8762688415950998,0.5416389962400975,-1.9218616945114402,1.8456127538167426,1.99672861828501,-2.1659663506550264,2.79813053610654,3.5384946982102043,0.9507908841700473,-0.821458024628241,2.816147897195024,4.177257207674839,-1.6359315691827145,5.522893984401876,1,3.8966956572299973,3.8966956572299973,1
query,32,4,50.0,body,18,2,,body_02,0,2,0.10295258540919423,0.14309094045109533,0.012803077045167224,0.016596854312030285,0.17627890424442835,0.020961258427853183,0.090149508364027,0.12649408613906504,0.15533089739788727,-0.8598339515199339,-1.753357324920911,0.07954110673448697,-1.5840011940793863,1.13202012026173,-2.0555657578332474,-0.9187659601332715,1.9469281793436304,2.251550904216066,0.471564563753861,2.0507860803950013,2.1043043233644374,-0.019800358769656586,-0.746965530469309,2.816147897195024,-0.8796343102895905,-2.5003228553902197,-0.5733262096487439,0,-0.0811492551242341,0.0811492551242341,0
query,32,4,50.0,body,19,3,,body_03,0,3,-0.1256395863583955,-0.0876753814241738,0.24311941026538278,-0.061159607565759895,0.1532066518405225,0.2506941268665568,-0.3687589966237783,-0.02651577385841391,0.36971108159519145,4.520259687740995,1.082416686833105,0.07954110673448697,1.6631308956677413,-1.3054215057335121,-2.2008041226315616,3.2501904490803395,2.1142681201200886,3.925210407288396,3.863935018299303,-4.555611954813852,5.9735746507834415,-1.6654569214782748,1.3136533152780978,2.816147897195024,2.8548027662627202,2.3960700021112027,-3.9190202865282315,0,-6.825663625175592,6.825663625175592,0
query,32,4,50.0,body,20,4,,body_04,0,4,-0.01813275314437874,-0.028664911807806805,-0.055980714443588576,-0.0055273310867406,0.03391863655196534,0.05625292684436122,0.03784796129920984,-0.023137580721066205,0.04436007006453371,-0.5167796452218281,0.20968551668620608,0.07954110673448697,0.8562414892295822,-1.3279394778500948,-2.223950759979877,-1.0027110984981666,1.5800546651020893,2.4395463778880027,3.0801922492094596,-0.32522837935192817,3.097314609597467,-1.094952716791616,-0.1035786236972509,2.816147897195024,-1.611732362013444,0.10610689298895518,-4.546633605855137,0,-4.487524614961476,4.487524614961476,0
query,32,4,50.0,body,21,5,,body_05,1,0,-0.0556832702053123,-0.011664198420735123,-0.07338004055678837,-0.1295791916275758,0.05689182810875478,0.148914059964034,0.01769677035147607,0.11791499320684068,0.11923557063159536,0.021409422287926288,-1.4988905012895657,0.07954110673448697,-0.481584456036313,0.7875416017842216,0.514097929534694,1.8433875640995991,0.9231171988629878,1.9137331038127843,-0.9956823855710071,-1.0558459623153775,1.4512732716735526,0.27224101596228295,0.43756142846219004,2.816147897195024,0.29365043825020926,-1.0613290728273757,1.0519617740779008,1,1.1157452204078766,1.1157452204078766,1
query,32,4,50.0,body,22,6,,body_06,1,1,-0.07112045545307573,0.04393869113563083,-0.0503623550913035,-0.07535473928090253,0.08359861100858848,0.09063500175117413,-0.020758100361772232,0.11929343041653336,0.12108600774314798,0.5012570365547856,-1.4374146621096942,0.07954110673448697,-0.6166355164398937,-0.1035970461070524,-2.063890302884819,-0.4722027292368105,0.6252773049593285,2.1172195445538193,1.4472547864449252,0.3686056831297581,1.49345792258212,-0.47777717136190784,-0.2301470463093025,2.816147897195024,0.023479865192877758,-1.6675617084189966,-1.5854854513541148,0,-1.9581090434987842,1.9581090434987842,0
query,32,4,50.0,body,23,7,,body_07,1,2,0.056325669226958065,-0.1299337589232643,-0.006751111103669483,0.11740384522834989,0.14161695774798178,0.117597790691562,0.06307678033062755,-0.2473376041516142,0.25525393365105825,-1.2878526447505647,2.939326934779598,0.07954110673448697,0.12301677777033618,-0.02507058029876718,-2.953882565656666,-1.285415599855634,0.12554545634754452,3.2214461777348737,3.0768993434270024,1.2603450195568668,3.325023178551289,-0.9822187134204238,-0.6552073505666882,2.816147897195024,-2.2700713581709886,2.2841195842129096,-4.5131973694100305,0,-4.025498623050403,4.025498623050403,0
query,32,4,50.0,body,24,8,,body_08,1,3,0.021871599297208333,-0.095544705521026,-0.11965709034714288,0.07315450262208847,0.0980161089256109,0.14024763999522225,0.14152868964435122,-0.16869920814311445,0.22020398002888356,-2.100362477310526,1.8035192555154536,0.07954110673448697,1.4365335785288922,-0.5844763207907073,-1.2739526744022267,-0.49118258555340283,1.5508840355765052,1.365362863478977,2.710486252931119,-0.0932937352373045,2.712091342186525,-0.9499532948284252,-0.15828491790842064,2.816147897195024,-3.050315772138951,1.6452343376070329,-4.863331072726066,0,-3.893262903714602,3.893262903714602,0
query,32,4,50.0,body,25,9,,body_09,1,4,-0.06264156157171245,0.08235287594736258,0.0752414572310122,-0.10477468464025935,0.10346961589251374,0.12899229212519653,-0.13788301880272463,0.18712756058762192,0.23244020909822516,2.0927929569235144,-2.039571427059019,0.07954110673448697,-2.100117975344981,-1.3383584331051104,2.105344826776137,0.5139145373236373,2.4903210246533813,2.167160582722381,-4.205462802121118,-1.8522729704287477,4.595305488975171,1.333358284533848,0.9406534040147524,2.816147897195024,3.4261512414573625,-1.0989180230442663,6.339922160419466,1,5.464599549048099,5.464599549048099,1
query,32,4,50.0,body,26,10,,body_10,2,0,-0.08585623753347318,0.01945748057785626,-0.011987744871938873,-0.0480365952295174,0.08803344292847931,0.04950980214421373,-0.07386849266153431,0.06749407580737365,0.10006000438326319,1.0542469595436412,-0.6863247737213645,0.07954110673448697,-3.779427808701109,0.8677806539505992,-0.8335370763648611,-1.362635029677918,3.8777722760051545,1.5973597847010612,-2.945890732336248,2.230415683628517,3.695000179788989,1.1822903069773532,-0.5689755386969302,2.816147897195024,2.2365372665209944,-1.2553003124182947,5.192289762992154,1,4.845466633607114,4.845466633607114,1
query,32,4,50.0,body,27,11,,body_11,2,1,0.01978700133669979,-0.02295668501415773,0.14016116078026936,-0.24258786336845828,0.030307339189341805,0.2801678469149276,-0.12037415944356956,0.21963117835430054,0.25045517117249644,1.9420113289176335,-2.4785534846253863,0.07954110673448697,-3.3858562953461404,-0.5353897786107022,2.3821525240937493,-1.4290439406244864,3.4279243089333096,2.7779159872612746,-5.76800881943989,0.8936541620137841,5.836826492403292,2.0704541745594334,0.09489791366479809,2.816147897195024,4.012465503477067,-2.383655570960588,9.124302881884624,1,8.485493419030846,8.485493419030846,1
query,32,4,50.0,body,28,12,,body_12,2,2,-0.009611451697096277,0.14190020797179742,0.07526278421639213,-0.03748124839098714,0.14222534593441838,0.08407931177733366,-0.0848742359134884,0.17938145636278457,0.19844733006198917,1.4193935508878726,-2.051794809153795,0.07954110673448697,-2.9073176522480035,2.0132284565040455,-0.0519270678714121,-0.7728505396362851,3.5363236205345383,0.7745930395980972,-2.8553905843765914,2.7860789961403305,3.989422459715291,1.1898975549838977,-0.7687438621331463,2.816147897195024,2.6092911058717703,-2.8205386712869416,5.417328656115622,1,4.87664397319262,4.87664397319262,1
query,32,4,50.0,body,29,13,,body_13,2,3,-0.08580175773185277,-0.08080926112986704,-0.006621376803855207,-0.05260256249669615,0.11786466100672667,0.053017659435300006,-0.07918038092799756,-0.028206698633170893,0.08405445004094265,0.9245941783821106,0.5116931110151917,0.07954110673448697,0.6100872345715797,-1.2206795375829036,-1.0293168476354033,-0.4024847423517056,1.3646482943457663,1.1052090936343235,1.6394040822069829,-0.818194795231198,1.832235920317125,-0.6281783947371311,0.16939720377978634,2.816147897195024,0.29641578364497945,0.6810903147949781,-1.9157318241366652,0,-2.5745093516274213,2.5745093516274213,0
query,32,4,50.0,body,30,14,,body_14,2,4,-0.08467103643581521,0.04570139873504996,0.07693983586466827,-0.06528278867889334,0.0962174737636318,0.10090381975215378,-0.1616108723004835,0.11098418741394331,0.1960499015599255,2.2315513122695907,-1.046532713439281,0.07954110673448697,-3.4274555963970617,0.6793020826206402,-0.23583553466842605,-1.6071375169996367,3.494124094065103,1.624348915091859,-3.1916200617286354,2.2864395996202767,3.9260978924551067,1.2717594511326116,-0.5711810271777532,2.816147897195024,3.5033107634022023,-1.617713740617034,6.203053196087635,1,5.212144555419762,5.212144555419762,1
query,32,4,50.0,body,31,15,,body_15,3,0,-0.2032035647489872,-0.02616807438175461,0.03403840591879836,0.01840376782785832,0.20488156784724407,0.03869511271148593,-0.23724197066778557,-0.04457184220961293,0.24139262988809965,2.851902390316227,1.0376711458485344,0.07954110673448697,-1.291965487028936,0.5118728707554212,-0.5613492277419799,2.5671552372525412,1.3896721395672118,2.6278125822896254,-0.7306162592869562,-2.05528236649712,2.181280753220104,0.1096471358724488,0.7667617495187949,2.816147897195024,2.9615495261886755,1.8044328953673294,2.0430829056998876,1,0.4493748576006096,0.4493748576006096,1
query,32,4,50.0,body,32,16,,body_16,3,1,-0.08628003297719776,0.03768737086214451,-0.01435076804385098,-0.14674794920129097,0.09415190923739758,0.14744797434428555,-0.07192926493334678,0.1844353200634355,0.197965164715294,1.2691383556903624,-2.1409383866039047,0.07954110673448697,-2.8874425796089254,-2.526479880153485,2.324762043389898,-0.3214268334348564,3.8367206355635295,2.3468774504942376,-5.212204622998824,-2.2050530467186285,5.659446613482047,1.658928218539067,1.134290349028118,2.816147897195024,2.9280665742294296,-1.0066480375757867,7.13670602801672,1,6.798906565538061,6.798906565538061,1
query,32,4,50.0,body,33,17,,body_17,3,2,0.07982586276157069,0.030753540479653244,0.010743430204009925,0.07091530560400863,0.08554500930891755,0.07172448578734023,0.06908243255756077,-0.04016176512435539,0.07990838420324754,-0.939027652186565,0.357048034598394,0.07954110673448697,-0.8147694039050932,2.0595684143189903,-2.3255964961989033,-1.1899007077753674,2.2148749930414358,2.612328991053182,1.51082709229381,3.2494691220943577,3.5835245329498786,-0.2971570432637949,-1.2373085929307932,2.816147897195024,-1.23618469545036,-0.8802605583323992,-1.6714949981689728,0,-1.2178603931526997,1.2178603931526997,0
query,32,4,50.0,body,34,18,,body_18,3,3,0.10491280098001762,-0.1208126302838943,-0.04470665187578066,-0.03892991318437618,0.16000746059351645,0.059280881087289086,0.14961945285579828,-0.08188271709951812,0.17056013611764081,-2.023334883574042,0.7100324206097027,0.07954110673448697,1.7768532512918265,0.5178064758257445,-5.002355221246016,-0.6163061853808329,1.8507649831984103,5.040177682747499,6.779208472537842,1.1341126612065775,6.873418293864991,-2.279695114146851,-0.8718294680982428,2.816147897195024,-4.303029997720893,-0.16179704748854007,-9.993391503019165,0,-9.343040829486661,9.343040829486661,0
query,32,4,50.0,body,35,19,,body_19,3,4,-0.03989816334120754,-0.20033601596983602,0.05345607611074892,0.14590541683868727,0.2042703667511959,0.15538964809802894,-0.09335423945195646,-0.34624143280852326,0.3586058334954304,0.4505761403244028,4.485862087764333,0.07954110673448697,-2.013920261168369,-1.80156386008252,3.008125761517076,0.9111999894084277,2.7021301153534223,3.143104519070374,-5.022046022685444,-2.7127638494909476,5.707892251705145,1.5570121550233151,1.297616829931155,2.816147897195024,2.007588295347718,5.783478917695488,6.339311706872028,1,6.381216525892311,6.381216525892311,1
query,32,4,50.0,body,36,20,,body_20,4,0,-0.11848164859586513,-0.07097454810234444,0.01680308424218605,0.07832784594560334,0.1381133141023199,0.08010989383670515,-0.13528473283805117,-0.14930239404794776,0.2014774523551247,1.3731300066698042,2.128518755737804,0.07954110673448697,-1.74793482231555,-0.13521080915319023,-3.208727357403684,1.6162733716011792,1.7531566119360682,3.5928082144609212,1.4607925350881341,-1.7514841807543695,2.2807042039690333,-0.6316945698915727,0.5067996911661226,2.816147897195024,0.7414354367782315,2.6353184469039266,-1.663228137019991,0,-2.5889199488286416,2.5889199488286416,0
query,32,4,50.0,body,37,21,,body_21,4,1,0.0739181454458011,-0.021185074077238186,-0.04293170323603729,-0.025016112100577945,0.0768940803300532,0.04968839912269117,0.11684984868183838,0.003831038023339759,0.1169126340020821,-1.4416894021040898,-0.28628454793658437,0.07954110673448697,1.724463474873383,-2.9098265682770874,-2.1491344131114167,0.5571913801794318,3.382434764134202,2.220189397273578,3.8735978879847996,-3.4670179484565193,5.19855499660434,-1.5922081095168108,0.9340869945773682,2.816147897195024,-3.033897511620901,0.6478024466407839,-7.018196654988796,0,-6.525462674346488,6.525462674346488,0
query,32,4,50.0,body,38,22,,body_22,4,2,0.13581745093718306,-0.01159386260288372,-0.18228607929215698,0.02050086990259014,0.13631139948342058,0.1834352756981859,0.31810353022934,-0.03209473250547386,0.319718513381641,-4.011640323591295,-0.2518509296209611,0.07954110673448697,0.39517946137844234,0.16228264444426435,0.8786557867074081,0.47986254659490024,0.4272030704280803,1.0011513647490857,-0.48347632532896573,-0.3175799021506359,0.5784516845887886,0.14592411644579342,0.14455963034136607,2.816147897195024,-3.8657162071455016,-0.10729129927959505,-1.7070447842196559,0,0.5980514541173835,0.5980514541173835,1
query,32,4,50.0,body,39,23,,body_23,4,3,0.0583715939447864,-0.008528599737249926,0.06971481285562585,-0.04583854736267082,0.058991355240689665,0.08343457050776225,-0.011343218910839448,0.03730994762542089,0.03899616400456429,0.2169480078276565,-0.43965058092242865,0.07954110673448697,-2.937439654565162,1.0365436340060985,0.9821785001804401,-1.5683044665576886,3.1149597797420223,1.850473859864412,-3.919618154745602,2.604848100563787,4.706234174583972,1.547548581160209,-0.6307691132376656,2.816147897195024,1.7644965889878654,-1.0704196941600943,6.141461711053971,1,6.342431270597784,6.342431270597784,1
query,32,4,50.0,body,40,24,,body_24,4,4,-0.04018649440596217,-0.07412228449996781,0.03685916743386038,0.11922089940424682,0.0843152856375082,0.12478870573363157,-0.07704566183982256,-0.19334318390421462,0.2081288561698143,0.5606877365415656,2.555842296803624,0.07954110673448697,-2.5714929759124114,-0.5665682348564515,0.4614022709097818,-0.5701998135933061,2.633168374775002,0.7334983865166608,-3.0328952468221932,0.0036315787368546015,3.0328974210415978,1.0558579268360635,0.21218210357426018,2.816147897195024,1.6165456633776292,2.768024400377884,4.445036963282688,1,4.327299584645696,4.327299584645696,1
query,32,4,50.0,body,41,25,,body_25,5,0,-0.048268536619761535,-0.09695249934916918,0.027934739303244333,-0.0029981315002664223,0.10830345681216233,0.0280951677772729,-0.07620327592300587,-0.09395436784890275,0.12097256920180167,0.753320323675763,1.3212069998024367,0.07954110673448697,-0.2948037719448031,0.3407989999715983,-1.0591273169196151,-0.8445729171680344,0.4506142722268403,1.3546416817221691,0.764323544974812,1.1853719171396326,1.410424426669558,-0.18260068217063513,-0.4663607299927501,2.816147897195024,0.5707196415051279,0.8548462698096866,-0.2663783027707475,0,-0.7483656996171748,0.7483656996171748,0
query,32,4,50.0,body,42,26,,body_26,5,1,0.007219432107163111,0.01312383017206129,0.06698494262436212,0.010060757530801436,0.014978488519708651,0.06773626340803472,-0.059765510517199014,0.0030630726412598543,0.059843952588269606,0.7476474310761347,0.08412229172924053,0.07954110673448697,0.7234867382299278,1.202253155668112,-1.5689008270630374,-0.6758391452701094,1.4031556259761473,1.7082764282862755,2.292387565292965,1.8780923009382213,2.9634897402139306,-0.6656933701767852,-0.8150033469059188,2.816147897195024,0.08195406089934953,-0.7308810551766782,-2.156385813522002,0,-2.728259712837916,2.728259712837916,0
query,32,4,50.0,body,43,27,,body_27,5,2,-0.12414848280201171,0.007860139980263366,-0.026062412454339025,0.00825660092311951,0.1243970561651309,0.027338997818935205,-0.0980860703476727,-0.0003964609428561451,0.0980868715859967,1.2159434413488195,0.2053385140045521,0.07954110673448697,1.21036626524458,-0.8402463567427355,-1.7297673245718312,-0.4906020283708979,1.473431517262188,1.7979948129508134,2.940133589816411,-0.3496443283718376,2.960850668697989,-1.0479234759418194,-0.08522371851642961,2.816147897195024,0.16801996540700004,0.1201147954881225,-3.383284863267872,0,-4.294781245590419,4.294781245590419,0
query,32,4,50.0,body,44,28,,body_28,5,3,-0.008008126655421773,0.1098914259402644,-0.059101707390997994,0.06930205694148378,0.11018282800742542,0.09108121053681603,0.051093580735576224,0.040589368998780614,0.06525374217699717,-0.5508769580134331,-0.6079095182062443,0.07954110673448697,-2.7068773597185163,1.7340578065125736,-2.6007361510714064,1.3540347618758544,3.2146759583018447,2.93210481802031,-0.10614120864710985,0.3800230446367192,0.39456744750173095,0.06368744114711222,-0.12479751602792905,2.816147897195024,-0.48718951686632084,-0.7327070342341733,-0.06882622696591234,0,0.26101488715331467,0.26101488715331467,1
query,32,4,50.0,body,45,29,,body_29,5,4,0.1439850528035073,0.08032153581766897,-0.10893144141848286,0.14396442545540425,0.16487341977085895,0.18053203241035373,0.25291649422199014,-0.06364288963773528,0.2608010169669262,-3.2674606361817946,0.2727000641626504,0.07954110673448697,1.3790960071924276,-3.528946080387897,-0.4882379836687975,1.1455788269750327,3.788847613106022,1.2452819670702957,1.8673339908612252,-4.67452490736293,5.033698376242076,-0.9789065931085863,1.4955558889674148,2.816147897195024,-4.246367229290381,1.7682559531300652,-5.667102661028771,0,-4.011924318699946,4.011924318699946,0
query,32,4,50.0,body,46,30,,body_30,6,0,-0.0013902103799529105,-0.008050126588306538,0.18334605138891347,0.056777871030730606,0.008169285341343433,0.19193619043496818,-0.18473626176886637,-0.06482799761903714,0.19578088693135753,2.159181659541992,1.1816623541716842,0.07954110673448697,-4.2105957823213584,1.7759358294229057,3.612476529623775,-3.0267160135879156,4.569799220133247,4.712854390281134,-7.8230723119451335,4.802651843010821,9.1796473310851,3.0608247040789056,-1.1210035876987499,2.816147897195024,5.2200063636208975,0.06065876647293433,13.144650194345303,1,12.544401224815926,12.544401224815926,1
query,32,4,50.0,body,47,31,,body_31,6,1,-0.14554861340418765,0.29596406035872774,-0.5460393257153985,-0.6568645187778975,0.3298168035256941,0.8541837865805262,0.4004907123112108,0.9528285791366253,1.0335739508458315,-3.021144312366385,-12.638125466266375,0.07954110673448697,-5.89643492300102,13.793333833393186,-14.282828214721858,-30.43129420012737,15.000800080016239,33.61640743009224,8.38639329172084,44.22462803352055,45.01276837905743,0.1935038728319058,-15.982637041898206,2.816147897195024,-2.827640439534479,-28.62076250816458,-0.9254610619860362,0,0.7930510414805685,0.7930510414805685,1
query,32,4,50.0,body,48,32,,body_32,6,2,0.7455186966527285,0.11318669611719544,-0.36073712129091795,0.2735111765820112,0.7540619041144496,0.4527025893371216,1.1062558179436466,-0.16032448046481573,1.117812986939443,-14.050649329270515,-0.2716072881840918,0.07954110673448697,32.74264345747722,16.41377286972998,-16.377917574732887,2.5985405259132563,36.626392675263006,16.58278013330569,49.120561032210105,13.815232343816723,51.0263673097813,-16.124187740396664,-8.265363874164738,2.816147897195024,-30.174837069667177,-8.536971162348829,-70.56622382206535,0,-66.08293515477962,66.08293515477962,0
query,32,4,50.0,body,49,33,,body_33,6,3,0.019589885239583774,0.04695674377652085,-0.013781035414994924,-0.08109806775399372,0.05087926286606255,0.08226064387385199,0.033370920654578695,0.12805481153051457,0.13233160280692513,-0.1523089349352101,-1.6567016942561121,0.07954110673448697,0.38550570147881125,-2.195859163278491,-1.1264310688790655,3.3422643403506567,2.2294421075297706,3.5269785757381125,1.5119367703578768,-5.538123503629148,5.74079826670558,-0.9159877017531092,1.8211440705129787,2.816147897195024,-1.0682966366883193,0.16444237625686653,-3.680990361054367,0,-3.7540592352366877,3.7540592352366877,0
query,32,4,50.0,body,50,34,,body_34,6,4,-0.1378855725234756,-0.03434292503767335,0.05705678478881352,-0.11112403552306246,0.14209809150818986,0.1249160836776747,-0.19494235731228912,0.07678111048538912,0.20951816532664116,2.575139414051787,-0.5541383782076322,0.07954110673448697,-5.426269403317115,-3.2219625587364855,1.6102366410774644,1.2894318191770888,6.310740239248898,2.0628854686033278,-7.03650604439458,-4.511394377913574,8.358534353932612,2.131564835811117,2.0654037166017356,2.816147897195024,4.706704249862904,1.5112653383941033,9.719805902380823,1,8.735947701118082,8.735947701118082,1
query,32,4,50.0,body,51,35,,body_35,7,0,-0.2577100840120606,0.126635957120632,-0.06083387095674601,-0.00549717963709928,0.28714308808912997,0.06108173900229564,-0.19687621305531458,0.13213313675773128,0.23710632445474528,2.7122302652622055,-1.2368264416342314,0.07954110673448697,-3.605160944931071,-1.455137857203715,-2.604914893091134,-1.5839576012356227,3.8877514866981544,3.04868878089583,-1.000246051839937,0.12881974403190766,1.0085071594559099,0.35720262690189075,0.025558473556905506,2.816147897195024,3.0694328921640963,-1.211267968077326,2.911773131923228,1,1.4639495899403334,1.4639495899403334,1
query,32,4,50.0,body,52,36,,body_36,7,1,-0.11016140793829977,-0.20945649082267842,0.1078897709911776,0.1772245647023322,0.2366591585945899,0.2074819245584055,-0.21805117892947737,-0.38668105552501064,0.4439240423028148,1.9148056142708363,5.242308627065672,0.07954110673448697,2.3448998927869287,-5.591873476543747,-2.202846804129575,5.486903581795645,6.063629646083738,5.912583611111623,4.547746696916503,-11.078777058339393,11.97586327275417,-2.362539098938774,3.5359231020267923,2.816147897195024,-0.4477334846679377,8.778231729092465,-8.085308149245947,0,-9.682566377260613,9.682566377260613,0
query,32,4,50.0,body,53,37,,body_37,7,2,0.08491116795978539,-0.0937767659860349,0.02602190576129286,-0.040118521860233375,0.1265068704975917,0.04781877639274796,0.058889262198492526,-0.05365824412580153,0.07966901759747584,-0.8401593229083419,0.5452991092019824,0.07954110673448697,0.8654130811234223,-4.949279679844943,0.3685317831025627,2.3016262081887926,5.02437151794188,2.3309437739633005,0.4968812980208596,-7.250905888033735,7.26791078793935,-0.6832370794243883,2.4887163241924437,2.816147897195024,-1.5233964023327302,3.0340154333944263,-3.150627525850044,0,-2.800160376564318,2.800160376564318,0
query,32,4,50.0,body,54,38,,body_38,7,3,-0.08959325011711461,0.04250754735197285,0.0331759408573945,0.04158217812450619,0.09916573021174235,0.053195118096978584,-0.12276919097450911,0.0009253692274666658,0.12277267839687554,1.5248374151589612,0.23937658053525548,0.07954110673448697,1.4514224682238448,-1.334397075015436,3.8653313451163864,0.9967307118613898,1.9716091740187123,3.991773856258263,-2.413908876892542,-2.331127786876826,3.355758159446217,0.6761057093348815,0.981235125022339,2.816147897195024,2.2009431244938424,1.2206117055575945,3.484603944180578,1,2.7709333621697314,2.7709333621697314,1
query,32,4,50.0,body,55,39,,body_39,7,4,-0.2628557758618455,0.2759321374215416,0.11374161665332132,-0.5643336223930251,0.3810927752738869,0.5756818502629247,-0.37659739251516683,0.8402657598145666,0.9207997302160625,6.388599661269389,-9.653955118889687,0.07954110673448697,-13.642021339377466,7.392909407392989,4.776307987125449,-19.006860648156326,15.516438242391516,19.59780267495088,-18.418329326502914,26.399770055549315,32.18979208018274,8.268455391671221,-7.892240622973446,2.816147897195024,14.65705505294061,-17.546195741863134,35.746550259477345,1,33.88721405848351,33.88721405848351,1
query,32,4,50.0,body,56,40,,body_40,8,0,0.34324995772442835,0.4750758944683909,-0.3490248639706169,-0.023247543240744968,0.5861037783385836,0.34979823318084086,0.6922748216950452,0.49832343770913584,0.8529775362359536,-7.569409545763923,-7.596214437341341,0.07954110673448697,8.622877909048219,18.102293093482935,-10.834649338858915,-4.002002636760718,20.05111065943011,11.550136423465988,19.457527247907134,22.104295730243653,29.44817916838181,-5.216578519284441,-9.06278559081468,2.816147897195024,-12.785988065048365,-16.659000028156022,-24.552101466281833,0,-21.37948438519046,21.37948438519046,0
query,32,4,50.0,body,57,41,,body_41,8,1,0.08166100161681056,-0.24785658564394888,-0.0934595434135194,0.17721917449918267,0.26096246134671724,0.20035299365179268,0.17512054503032998,-0.42507576014313153,0.45973536643701984,-3.040925270548089,4.915220851699308,0.07954110673448697,9.69461006064715,-7.49575179770799,-1.8598185064785226,8.236362513079866,12.25445874940397,8.44373094810033,11.554428567125672,-15.732114310787857,19.5193299116672,-5.128709946685392,4.662412703765998,2.816147897195024,-8.16963521723348,9.577633555465306,-21.65902817434285,0,-21.01936620257601,21.01936620257601,0
query,32,4,50.0,body,58,42,,body_42,8,2,-0.24367668901293796,-0.03553371369399018,0.07129087477182396,-0.02072432857981221,0.2462538803292134,0.07424208119938386,-0.31496756378476193,-0.01480938511417797,0.3153155310541619,3.876899052324872,0.8272867581086969,0.07954110673448697,-7.922465049388159,-1.2463839998953987,4.4852585862271965,-1.2348904024405367,8.019908075157232,4.652149921419616,-12.407723635615355,-0.011493597454862003,12.4077289590235,4.317712240038715,0.8772187639200283,2.816147897195024,8.194611292363588,1.7045055220287253,18.98099950498888,1,17.695595125119617,17.695595125119617,1
query,32,4,50.0,body,59,43,,body_43,8,3,-0.06510434663770581,0.05676128643767498,0.023691729050036366,-0.17497253488242243,0.0863737204778302,0.17656921019407906,-0.08879607568774217,0.2317338213200974,0.24816387126485207,1.5750160159279727,-2.693210130042397,0.07954110673448697,-3.6514845001382157,0.5136771222016746,-1.3610209748079378,-2.736641012088929,3.687438574488127,3.05640019024248,-2.290463525330278,3.2503181342906036,3.976278553492795,1.0259458634098013,-0.9700806507461972,2.816147897195024,2.600961879337774,-3.663290780788594,4.86373836610417,1,4.204708792503584,4.204708792503584,1
query,32,4,50.0,body,60,44,,body_44,8,4,-0.015152699573224635,-0.00030441763954479903,-0.08466050712786359,-0.007831048525809046,0.01515575713897752,0.08502191945704718,0.06950780755463895,0.007526630886264247,0.06991412935559443,-0.8468621448183403,-0.23539366528138603,0.07954110673448697,-0.4752798620272861,0.3537781599851256,0.7201199244540595,-2.2451217343213394,0.59249466979133,2.3577837703058733,-1.1953997864813455,2.598899894306465,2.8606400175740045,0.5989629258660802,-0.8204211585383492,2.816147897195024,-0.24789921895226008,-1.0558148238197351,1.8550568553198257,1,2.4547734637795458,2.4547734637795458,1
query,32,4,50.0,body,61,45,,body_45,9,0,-0.015368729322768022,0.14742900294498523,-0.1398247844724908,-0.09421795484533807,0.14822789464317765,0.16860603004642707,0.12445605514972279,0.2416469577903233,0.27181346889502944,-1.0501119758912791,-3.2519227792048366,0.07954110673448697,0.7539145038692834,2.357232103916704,-2.920633909821985,-0.19494857938953739,2.4748596467032304,2.9271329631241647,3.6745484136912685,2.5521806833062413,4.473916883984606,-1.0993155717676792,-1.1468928483400074,2.816147897195024,-2.1494275476589584,-4.398815627544844,-4.888717724417336,0,-4.5054052218555904,4.5054052218555904,0
query,32,4,50.0,body,62,46,,body_46,9,1,-0.17404172014169045,-0.08662167874648266,-0.05140038155063404,0.033692582653153856,0.19440636712499246,0.061458842727392486,-0.12264133859105641,-0.12031426139963652,0.17180343252550634,1.275521034124499,1.7430878043496518,0.07954110673448697,-1.8053238695675173,-1.0195339945899042,-0.4368629923754803,-0.09250973278160363,2.073317110370404,0.446550472809718,-1.368460877192037,-0.9270242618083007,1.6528941751928417,0.41105304317039165,0.41895993460506065,2.816147897195024,1.6865740772948905,2.1620477389547124,2.3328410290648067,1,1.684648680252567,1.684648680252567,1
query,32,4,50.0,body,63,47,,body_47,9,2,0.1988049428906598,0.06404236433979268,-0.07537369051114469,-0.03434235917378581,0.20886557817885948,0.08282868376891626,0.2741786334018045,0.09838472351357849,0.29129620120235755,-3.200143622293099,-1.7806907735513429,0.07954110673448697,-0.813359234358087,-0.17315541256176017,-1.1941792922609338,-0.007871645134901987,0.8315864603365105,1.194205235653384,0.3808200579028468,-0.16528376742685819,0.4151417110770048,-0.1441769937203266,0.030726212861714425,2.816147897195024,-3.344320616013426,-1.7499645606896284,-2.3892528598681393,0,-0.5908910935687883,0.5908910935687883,0
query,32,4,50.0,body,64,48,,body_48,9,3,-0.009746117337041393,-0.006555658600356775,0.03490180869004477,0.03169693925463408,0.011745784896370723,0.04714692151083088,-0.044647926027086164,-0.038252597854990855,0.05879369473996178,0.47569363748919724,0.565751488620057,0.07954110673448697,-0.34822952852478334,-2.0900148675693306,1.5407591881576121,2.0759217791907125,2.118826550522114,2.585225349792632,-1.8889887166823955,-4.165936646760043,4.574200095816941,0.36427835234367234,1.5828999505541685,2.816147897195024,0.8399719898328696,2.1486514391742255,1.6757655955126922,1,1.4929485518149077,1.4929485518149077,1
query,32,4,50.0,body,65,49,,body_49,9,4,-0.025056968305820583,0.0204909303061327,-0.01731616192094089,-0.016177611833865662,0.032368655911076766,0.0236973540362521,-0.0077408063848796935,0.03666854213999836,0.03747668696884811,0.17094964207140315,-0.4390548254437642,0.07954110673448697,-2.487470630165995,-0.37343121970225424,-2.443077245138109,-2.419676648914029,2.5153451078901132,3.43852606664708,-0.04439338502788592,2.046245429211775,2.046726930785911,0.1594597848756223,-0.7090735779135393,2.816147897195024,0.33040942694702546,-1.1481284033573034,0.719329730924577,1,0.653525671704418,0.653525671704418,1
query,32,4,50.0,body,66,50,,body_50,10,0,-0.08778570180271819,-0.161939539931997,0.4422212887522806,0.010237061039084668,0.1842029968116225,0.4423397626762101,-0.5300069905549988,-0.17217660097108167,0.5572720986727414,6.222903702000472,3.2188129993282044,0.07954110673448697,-5.355596536591503,-9.26767547636843,22.95500774165009,2.807430844636319,10.70384150658219,23.12604696801057,-28.31060427824159,-12.07510632100475,30.778214816047406,9.003725488350224,6.195168808866673,2.816147897195024,15.226629190350696,9.413981808194878,38.49979806942235,1,36.90062514637075,36.90062514637075,1
query,32,4,50.0,body,67,51,,body_51,10,1,-0.25125762318913714,0.29815877573964816,-0.24024835625957314,-0.0803536688229714,0.3899090262628197,0.2533297944947229,-0.011009266929563999,0.37851244456261957,0.3786725163609006,0.9099884633463137,-4.672935424803382,0.07954110673448697,-8.053645594442129,15.949621364141887,-2.97707883340613,-6.400601871982885,17.86761397110337,7.05908653466903,-5.076566761035998,22.350223236124773,22.91951153021956,3.339846075773409,-7.421744903889397,2.816147897195024,4.249834539119723,-12.094680328692778,13.526727657053264,1,13.687934871865364,13.687934871865364,1
query,32,4,50.0,body,68,52,,body_52,10,2,0.13470852039097647,0.3648598933180288,-0.45116756319644363,-0.13999959727736438,0.38893331975798817,0.47238973032702686,0.5858760835874202,0.5048594905953931,0.77339116271391,-6.2361825262131525,-7.459888090011732,0.07954110673448697,-2.0095672297425518,10.91444259215205,-13.474943978845259,-6.143315540343275,11.097901492995778,14.809268755115538,11.465376749102706,17.057758132495323,20.552906765359864,-2.7900624125752764,-6.743869326811158,2.816147897195024,-9.026244938788428,-14.203757416822889,-14.384250506571888,0,-11.434716368755474,11.434716368755474,0
query,32,4,50.0,body,69,53,,body_53,10,3,-0.05148722547579543,-0.25618870441126324,0.10825484365035447,0.027567947584733875,0.26131128306125057,0.11170990514630887,-0.1597420691261499,-0.2837566519959971,0.32563072060338694,1.4017902414089605,3.846392078038473,0.07954110673448697,0.35484271060992884,-10.350903392952253,4.740620305969349,7.227171383096604,10.35698384663718,8.64323360126402,-4.3857775953594205,-17.578074776048858,18.11694670600766,0.28938223280746,6.426725104200962,2.816147897195024,1.6911724742164205,10.273117182239435,1.893707696726128,1,1.1859963201526353,1.1859963201526353,1
query,32,4,50.0,body,70,54,,body_54,10,4,-0.12538819348419905,-0.020916181505767677,-0.05926121351796086,0.09400809571828754,0.12712075249153126,0.1111279149817905,-0.06612697996623819,-0.11492427722405521,0.13259097621982713,0.5854762355431343,1.560748819289289,0.07954110673448697,-1.029611909833305,-4.7676319464315045,2.1613647138607,-1.4923565363977744,4.877541907713848,2.6265234546927823,-3.190976623694005,-3.2752754100337302,4.572719193711025,0.8801186671120915,1.3645343871670663,2.816147897195024,1.465594902655226,2.9252832064563554,3.7551457071675127,1,3.6070545533010914,3.6070545533010914,1
query,32,4,50.0,body,71,55,,body_55,11,0,-0.005368049515761896,0.01100392313332215,-0.1424835437890451,0.048922379032862784,0.012243458658717883,0.15064846305528584,0.1371154942732832,-0.03791845589954063,0.14226196985706394,-1.778391111458803,0.19020711571715904,0.07954110673448697,-0.12987391702904832,2.340795755979644,-5.901798386205234,-2.857010598351203,2.3443958721889913,6.556960709849176,5.771924469176186,5.197806354330847,7.7673871395081715,-1.6431182845905303,-2.2153126578918036,2.816147897195024,-3.4215093960493332,-2.0251055421746447,-7.371837432020886,0,-6.734111559628706,6.734111559628706,0
query,32,4,50.0,body,72,56,,body_56,11,1,0.14739412370002627,0.10448795648167702,0.13929509557031028,0.10771718504184251,0.1806730769954823,0.176085534906421,0.008099028129715996,-0.003229228560165484,0.008719069545526027,-0.10706642088002724,0.023509602671503146,0.07954110673448697,1.5436544465274862,1.4073924922728558,0.11873328429668673,-2.321669849639742,2.088928595617878,2.32470395610411,1.4249211622307993,3.7290623419125977,3.9920303441286413,-0.2335050613559824,-1.3981857103250812,2.816147897195024,-0.34057148223600964,-1.374676107653578,-0.9547893414804451,0,-0.9569908311871725,0.9569908311871725,0
query,32,4,50.0,body,73,57,,body_57,11,2,-0.14385790280881977,0.07914258462022869,0.06109097686969732,-0.05729077053478649,0.16419087946935998,0.08375165576490684,-0.2049488796785171,0.13643335515501517,0.2462074403431663,2.8211580390322126,-1.2736754925051958,0.07954110673448697,-4.889843936452086,-1.6187068142797478,4.18307950701438,2.0010704967298745,5.150804352084529,4.637072060566497,-9.072923443466465,-3.6197773110096225,9.768353371592545,2.9030913681279342,1.8983924222012414,2.816147897195024,5.724249407160147,0.6247169296960455,12.853415075096024,1,11.897951184713706,11.897951184713706,1
query,32,4,50.0,body,74,58,,body_58,11,3,-0.2169922944005929,-0.10594785178173068,0.06952369347431597,-0.1782011403077849,0.24147588518607224,0.19128301116749882,-0.28651598787490884,0.07225328852605421,0.29548595399911,3.70185465755163,-0.31085745193106584,0.07954110673448697,-3.0852033130918275,-3.1148019381038354,2.4307082725982543,0.42998513081495127,4.384115714340601,2.468446863758574,-5.515911585690082,-3.5447870689187866,6.556736687188522,1.6703472774954469,1.6219601556814804,2.816147897195024,5.372201935047077,1.3111027037504146,8.570926275069183,1,6.845706128076796,6.845706128076796,1
query,32,4,50.0,body,75,59,,body_59,11,4,0.02785807302536239,0.05563491875600881,0.06028427116804379,-0.06598574232974164,0.06221990370993935,0.08937735474419285,-0.0324261981426814,0.12162066108575045,0.12586915241203228,0.6507545517910439,-1.442442296851772,0.07954110673448697,1.8981833187727626,1.711260460301015,-5.266504300672394,1.0174802474699756,2.55568235010864,5.3638916472084315,7.164687619445156,0.6937802128310395,7.1981997518787,-2.444850810529218,-0.745700168291004,2.816147897195024,-1.7940962587381741,-2.188142465142776,-9.143895328070567,0,-10.019910470934407,10.019910470934407,0
query,32,4,50.0,body,76,60,,body_60,12,0,0.160084762601176,0.1858944601923962,-0.06693595220989654,0.049920859914750974,0.24532403377430684,0.08350158054117146,0.22702071481107253,0.1359736002776452,0.26462657637847936,-2.538345847583198,-2.1506208572328935,0.07954110673448697,-1.9102861310430164,-1.7926466538326928,-0.06015331676387473,0.7315850720157663,2.619689891562138,0.7340539074986312,-1.8501328142791416,-2.524231725848459,3.129654491513775,0.4662927874592376,1.0087682822251915,2.816147897195024,-2.0720530601239604,-1.141852575007702,0.34585225798387786,1,1.9110417549660863,1.9110417549660863,1
query,32,4,50.0,body,77,61,,body_61,12,1,0.10802403228080809,0.06060010545202588,0.05386538259876598,-0.13281442182283604,0.12386106866566962,0.14332184092679548,0.05415864968204211,0.1934145272748619,0.20085402335114041,-0.27662954650245997,-2.509962004433258,0.07954110673448697,-0.8816876914724201,-2.463817408616639,1.405522191619212,0.525582406432601,2.6168242983235186,1.5005763882873664,-2.287209883091632,-2.98939981504924,3.764019168857734,0.5856807800788,1.201430694053036,2.816147897195024,0.30905123357634,-1.308531310380222,2.084849222829759,1,2.400338276537328,2.400338276537328,1
query,32,4,50.0,body,78,62,,body_62,12,2,-0.05471177349024584,0.12616156311015864,-0.07305708390643921,-0.03505206018685318,0.13751406533459226,0.0810307622588809,0.018345310416193368,0.16121362329701183,0.16225406851853463,0.10183691561704734,-2.0373333372939917,0.07954110673448697,-3.061281119029473,3.218129409573678,-1.4050135618143986,-4.120768346945194,4.441598697146037,4.353710472466883,-1.6562675572150745,7.338897756518872,7.523472768723292,1.0929552775986695,-2.4377478551850382,2.816147897195024,1.1947921932157168,-4.4750811924790295,4.310873974358625,1,4.479338364169301,4.479338364169301,1
query,32,4,50.0,body,79,63,,body_63,12,3,0.020788894435435603,0.023404543017257324,-0.11978999983265698,0.050754191455373424,0.031304165309018125,0.1300985473024071,0.14057889426809259,-0.0273496484381161,0.14321462489329817,-1.7997590713756961,0.0520247019008307,0.07954110673448697,1.630592628904236,2.54238011464521,-3.341481461180758,0.005282899583705936,3.0203524577075798,3.341485637324019,4.972074090084994,2.537097215061504,5.581969458530507,-1.5519822631566031,-1.232959000131198,2.816147897195024,-3.3517413345322993,-1.1809342982303674,-7.040372956178048,0,-6.3606021530373855,6.3606021530373855,0
query,32,4,50.0,body,80,64,,body_64,12,4,-0.04513396654566892,-0.051877097391889185,-0.04939022077942365,0.29193084666136665,0.0687626946094546,0.2960794034394533,0.004256254233754732,-0.3438079440532558,0.3438342887122066,-0.7553055096113498,4.256226081749476,0.07954110673448697,2.2778755715310686,-2.328550039641581,-1.9603314137940597,2.293628274670762,3.257431872885878,3.0172222182459474,4.238206985325128,-4.622178314312343,6.271118785333124,-1.800407410025246,1.31048166658033,2.816147897195024,-2.555712919636596,5.566707748329806,-7.399113714812579,0,-7.378741059359323,7.378741059359323,0
query,32,4,50.0,body,81,65,,body_65,13,0,0.09450788317465102,-0.1818806307352768,-0.12797313071066552,0.04819110794493888,0.2049690313652665,0.13674613365228955,0.22248101388531655,-0.2300717386802157,0.3200481315033348,-3.229975840406717,2.3994320430552873,0.07954110673448697,-0.189618767045985,-2.835295905856574,-1.5653488077842908,0.09013416018127866,2.8416294886179463,1.5679416624553622,1.3757300407383057,-2.925430066037853,3.232765722453153,-0.6847072734667007,0.9213792217812776,2.816147897195024,-3.914683113873418,3.320811264836565,-4.476072435917079,0,-2.8061857800840064,2.8061857800840064,0
query,32,4,50.0,body,82,66,,body_66,13,1,0.08984608171879527,0.09021682580877168,0.04147372746912795,0.06135278844504317,0.12732397283791724,0.07405561909919949,0.04837235424966732,0.028864037363728508,0.056329542059118706,-0.5410787685214474,-0.4568969631082514,0.07954110673448697,-1.6832320486030365,0.40120733744905857,-0.8505116292532438,0.24279452086455328,1.7303865051101555,0.884488106679143,-0.8327204193497928,0.1584128165845053,0.8476543619072168,0.3009778279179606,0.0034686218902073586,2.816147897195024,-0.2401009406034868,-0.45342834121804404,0.8595175776338702,1,1.233519393693174,1.233519393693174,1
query,32,4,50.0,body,83,67,,body_67,13,2,-0.043983951901838444,-0.08805116516643902,0.14644168196466253,0.122742619610911,0.09842558464175237,0.19107830040480306,-0.19042563386650097,-0.21079378477735,0.284070311250962,1.9315044516049258,3.003986902964073,0.07954110673448697,0.20537759690965904,-1.2443318181956933,1.8553626705733133,2.502637564964471,1.2611667737006815,3.11537564684072,-1.6499850736636543,-3.7469693831601645,4.094170282444603,0.31057854607207497,1.420257598271857,2.816147897195024,2.242082997677001,4.42424450123593,2.315980707727214,1,1.2728667174425807,1.2728667174425807,1
query,32,4,50.0,body,84,68,,body_68,13,3,-0.14719324487562427,0.02238782851968576,-0.10201832916014504,0.05865113732705409,0.14888608465146214,0.1176762312210272,-0.04517491571547923,-0.03626330880736833,0.05792927218219827,0.4862956601252058,0.5421512468061217,0.07954110673448697,-1.5094888958651087,-0.1875476459653607,-2.4170720508121115,-1.3427597748154416,1.5210952784908687,2.765002913502892,0.9075831549470028,1.155212128850081,1.4690889169093515,-0.23458489403739527,-0.46594576631111806,2.816147897195024,0.2517107660878105,0.07620548049500364,-0.6271231942055122,0,-0.9614163882578741,0.9614163882578741,0
query,32,4,50.0,body,85,69,,body_69,13,4,0.06732304964041805,-0.05530615142861229,-0.11541783627830984,-0.05230904191404711,0.08712728274616847,0.12671824176941643,0.1827408859187279,-0.00299710951456518,0.18276546186794654,-2.273016954114102,-0.3362176070826115,0.07954110673448697,-1.9118320228158192,0.9151696048685033,1.0631947476634875,-0.36580865947308944,2.1195841783565,1.12436606441351,-2.9750267704793067,1.2809782643415928,3.2390877726273692,1.1256125751309893,-0.23647234971844736,2.816147897195024,-1.1474043789831128,-0.5726899568010588,3.0888713252425206,1,4.613180149560563,4.613180149560563,1
query,32,4,50.0,body,86,70,,body_70,14,0,-0.05855231383078083,-0.12413168799949183,-0.09828626653471113,0.031172185778250098,0.1372481308453468,0.10311108260282216,0.039733952703930306,-0.15530387377774194,0.16030620763978845,-0.8102322452635382,1.8453490972843558,0.07954110673448697,-2.266630654184616,1.0244011011868495,-2.2144514669543223,-2.3693197530107155,2.487370527002805,3.243065122920431,-0.05217918723029369,3.393720854197565,3.394121963600522,0.25700092366153765,-1.1775158605679619,2.816147897195024,-0.5532313216020006,0.6678332367163939,0.5696934455655414,1,1.0532856381034739,1.0532856381034739,1
query,32,4,50.0,body,87,71,,body_71,14,1,0.074659057310601,0.06365762926558498,-0.1560286151989879,-0.05675503387056411,0.09811354953431389,0.1660303063617083,0.23068767250958888,0.1204126631361491,0.26022300377067176,-2.6156301497469965,-1.9650808314523807,0.07954110673448697,-0.22602980208334872,-0.75034592880617,0.7461242070450781,-0.1332644249976402,0.7836507412781741,0.7579318830268312,-0.9721540091284269,-0.6170815038085298,1.1514655877650317,0.294930867731358,0.2831931454023027,2.816147897195024,-2.3206992820156387,-1.681887686050078,-0.3553795518539883,0,1.2087366955301126,1.2087366955301126,1
query,32,4,50.0,body,88,72,,body_72,14,2,-0.10691559927165965,0.06615462339746514,-0.11271673144759503,-0.02348375787867793,0.1257274018043742,0.11513708539099653,0.005801132175935378,0.08963838127614307,0.0898259012330512,0.11119637127668915,-1.123813833033383,0.07954110673448697,-1.1719073502386381,-0.5905489354429014,0.7391298624235753,1.4511098900804749,1.3122937486310335,1.6285063299280298,-1.9110372126622135,-2.0416588255233763,2.7965038866444036,0.521452661229372,0.8450945510555855,2.816147897195024,0.6326490325060611,-0.2787192819777974,2.071397780879469,1,2.1371074905048255,2.1371074905048255,1
query,32,4,50.0,body,89,73,,body_73,14,3,0.00027135715550001495,0.10734448629086857,-0.19918741828530617,-0.06936847854121543,0.10734482927349744,0.21092087003966342,0.19945877544080617,0.17671296483208399,0.2664794082853144,-2.1131979332821222,-2.599673305232372,0.07954110673448697,-0.7442655135559367,-0.6410443294555073,-1.902736034843111,-1.2409574787046191,0.9822774490925378,2.2716469536975614,1.1584705212871742,0.5999131492491119,1.304587956150663,-0.36098678104402937,-0.2903300794922876,2.816147897195024,-2.4741847143261517,-2.8900033847246593,-2.6217829971779416,0,-1.479458464980536,1.479458464980536,0
query,32,4,50.0,body,90,74,,body_74,14,4,0.04310086717564,-0.08737043723814132,-0.021272806145546858,0.00682666456878132,0.09742319053734666,0.02234134352362611,0.06437367332118685,-0.09419710180692265,0.11409234770871635,-0.9910267393596105,1.0369755537189094,0.07954110673448697,1.9373211445299579,-0.1295168579554791,-2.833119742577627,1.3250096518814778,1.9416456508687483,3.1276537617457265,4.7704408871075845,-1.4545265098369569,4.987259129542626,-1.7627221324591447,0.1705201322492282,2.816147897195024,-2.7537488718187553,1.2074956859681376,-7.406008163360767,0,-7.224292736517524,7.224292736517524,0
query,32,4,50.0,body,91,75,,body_75,15,0,-0.08201095548077379,-0.047840774004962214,-0.03858999075659925,0.03477475088670876,0.09494491285089122,0.051946806310177215,-0.04342096472417454,-0.08261552489167098,0.09333115841295617,0.3698259387948832,1.1135646487944746,0.07954110673448697,0.5871607428344123,-0.8451660135244051,-0.34310644104525384,-1.2531586369207204,1.0291080255942977,1.2992800310848074,0.9302671838796661,0.40799262339631526,1.0158026452757505,-0.2950671634038961,-0.20747167372865824,2.816147897195024,0.07475877539098708,0.9060929750658163,-0.9251890074341238,0,-1.2092952860300008,1.2092952860300008,0
query,32,4,50.0,body,92,76,,body_76,15,1,-0.15813463912220535,-0.010775070459757247,-0.0232286231685794,0.005733015672568537,0.1585013130346965,0.02392564320994903,-0.13490601595362595,-0.016508086132325784,0.13591228806929956,1.6397722268410635,0.4804371721474545,0.07954110673448697,-0.9701004262859553,-0.0720587782236268,-0.5827871805985624,1.0835635209495966,0.9727729974661478,1.230345805780923,-0.3873132456873929,-1.1556222991732235,1.2188004137804147,0.053475544079290865,0.4294734894771899,2.816147897195024,1.6932477709203544,0.9099106616246444,1.136510200898839,1,0.21916272426578765,0.21916272426578765,1
query,32,4,50.0,body,93,77,,body_77,15,2,0.06657046068904607,0.059159514241622725,-0.03315798511658267,-0.047249934504757216,0.08905882528787694,0.05772355054650887,0.09972844580562873,0.10640944874637995,0.14583803922610414,-1.0196994416468537,-1.523781008195895,0.07954110673448697,0.12514537860227729,0.1930259109667141,-3.465001122848689,1.3940105548617043,0.23004427419528867,3.7349027040083,3.5901465014509664,-1.2009846438949903,3.78569888088741,-1.3340759264168622,0.1653402036239036,2.816147897195024,-2.353775368063716,-1.3584408045719913,-5.780247171143819,0,-5.467540713141636,5.467540713141636,0
query,32,4,50.0,body,94,78,,body_78,15,3,-0.06926480079081504,-0.09025432473501158,-0.11950789865838202,0.018621999219257574,0.11376930940268651,0.12095005868813845,0.05024309786756698,-0.10887632395426915,0.11991006130064681,-0.8457317803167715,1.2479438533973604,0.07954110673448697,-1.3521746141260806,0.010477008351124126,-1.2184609284779353,0.42423297005712096,1.3522152028397716,1.2902017854238144,-0.13371368564814534,-0.4137559617059968,0.4348256496308208,0.017420282835749507,0.15341856157304387,2.816147897195024,-0.8283114974810221,1.4013624149704043,-0.400427396654508,0,0.07139481625661692,0.07139481625661692,1
query,32,4,50.0,body,95,79,,body_79,15,4,0.035662072178860776,0.008728050954906492,-0.07319882968776212,-0.06834170216133358,0.03671460561631733,0.10014318210425725,0.1088609018666229,0.07706975311624006,0.13338081871323437,-1.1929373196711366,-1.1784837865998794,0.07954110673448697,-1.5870012998232175,1.044224278916345,0.06576906496573888,-3.0264876708232404,1.8997308941844744,3.0272022052633933,-1.6527703647889564,4.070711949739586,4.393443485066956,0.8617329533229106,-1.3004985056227412,2.816147897195024,-0.33120436634822603,-2.4789822922226206,2.6763696928577896,1,3.5317030409231482,3.5317030409231482,1
query,32,4,50.0,body,96,80,,body_80,16,0,0.026603081673205877,-0.0992128573650722,0.04518393431231653,0.13800391235357393,0.10271764707708907,0.1452124916969358,-0.01858085263911065,-0.23721676971864614,0.23794336284197032,-0.2542131563910592,2.9806304252844362,0.07954110673448697,0.47186010460468836,-1.6252633452973408,-0.937264633511736,0.3564805256379349,1.692374928874997,1.0027678487022742,1.4091247381164242,-1.9817438709352757,2.431654025053978,-0.6299165263219176,0.5905780406914756,2.816147897195024,-0.8841296827129768,3.5712084659759116,-2.5699998959513692,0,-2.581632863128104,2.581632863128104,0
query,32,4,50.0,body,97,81,,body_81,16,1,-0.06727482792277048,-0.13960385882032372,-0.0017242873070417648,-0.18124308850437346,0.15496818986347893,0.18125129047077534,-0.06555054061572872,0.04163922968404973,0.07765757415536072,0.8982336036162644,-0.38259267644514994,0.07954110673448697,-1.8339473783095277,-1.6086487095803612,0.898566090425403,0.13357063379100473,2.4394904503282957,0.9084393942766487,-2.732513468734931,-1.742219343371366,3.240672476081956,0.8284419805027413,0.7986873647041189,2.816147897195024,1.7266755841190058,0.416094688258969,3.718001112461679,1,3.3952642178621186,3.3952642178621186,1
query,32,4,50.0,body,98,82,,body_82,16,2,-0.13635133030377355,0.06657618418982779,-0.0049060733276296425,0.03170606900693998,0.15173685635628092,0.032083397067157945,-0.1314452569761439,0.03487011518288781,0.13599183988163543,1.70182334793027,-0.16397864189447683,0.07954110673448697,-2.5067680068034086,3.822233563006722,-0.5553951219526393,-2.699501384752989,4.570924988457828,2.756042718785776,-1.9513728848507692,6.521734947759711,6.807413816168456,1.1381575244550324,-2.1325648605445044,2.816147897195024,2.8399808723853024,-2.2965435024389813,5.407289749417624,1,4.664594030746267,4.664594030746267,1
query,32,4,50.0,body,99,83,,body_83,16,3,0.022548777600785573,0.04604127593910685,-0.013172471836547713,0.18706271589277518,0.051266426259206604,0.18752592805120513,0.035721249437333284,-0.14102143995366834,0.14547527002198782,-0.7312713650372008,1.676375316856082,0.07954110673448697,0.21673110862146233,1.4439236695641058,-0.41362068178918604,-0.24620374912974022,1.4600986052221818,0.4813505526010032,0.6303517904106484,1.690127418693846,1.8038497917217589,-0.10044849403870437,-0.6326128770512025,2.816147897195024,-0.8317198590759052,1.0437624398048795,-0.78223472570909,0,-0.41167539257338753,0.41167539257338753,0
query,32,4,50.0,body,100,84,,body_84,16,4,-0.08035118395552245,-0.05546284122205174,-0.08403173446738518,-0.14421594897401907,0.09763421285326537,0.166911869967579,0.0036805505118627374,0.08875310775196733,0.0888293903373354,0.13569320680043312,-1.1084990428759838,0.07954110673448697,-3.3182570431494396,-0.4117762204776109,0.8905293937541053,0.22601059994502862,3.343708937715974,0.9187618801558792,-4.208786436903545,-0.6377868204226396,4.2568363017349,1.419986974681242,0.5181841429579127,2.816147897195024,1.555680181481675,-0.5903148999180711,5.582033782308671,1,5.819636230940076,5.819636230940076,1
query,32,4,50.0,body,101,85,,body_85,17,0,0.04720154085485483,-0.007462237714669005,-0.01644805221486309,-0.02953588736810373,0.04778776465563919,0.033806908528940825,0.06364959306971793,0.022073649653434724,0.06736851421074436,-0.7444671467921383,-0.40387865568776177,0.07954110673448697,-0.6615808544235255,0.5282164303979556,-2.713994345019423,0.7664343906256628,0.8465824379717077,2.820139531996801,2.0524134905958973,-0.23821796022770714,2.066191891610042,-0.7311097176325498,-0.061530701700983445,2.816147897195024,-1.475576864424688,-0.4654093573887452,-3.267196443359931,0,-2.9963603028695918,2.9963603028695918,0
query,32,4,50.0,body,102,86,,body_86,17,1,0.07333613523119828,0.11524333589292114,-0.16736595360495807,-0.008897381780169683,0.13659873790916682,0.16760228467607197,0.24070208883615635,0.12414071767309083,0.27082912205757886,-2.732240980610131,-2.0317897654239547,0.07954110673448697,-0.8888744728747523,-1.9438376649305762,-0.1794361785713451,-0.010828966408318872,2.1374289920676017,0.1797626454349183,-0.7094382943034072,-1.9330086985222574,2.0590836121893736,0.11088137743448764,0.7227138304128603,2.816147897195024,-2.621359603175643,-1.3090759350110943,-1.1418293705780755,0,0.4544332398535792,0.4544332398535792,1
query,32,4,50.0,body,103,87,,body_87,17,2,0.09630602587608834,0.04586293295839859,-0.1285424362426814,-0.04512563123317826,0.10666892349504781,0.1362331843179062,0.22484846211876974,0.09098856419157686,0.24256081656116787,-2.603317603920857,-1.5881448063951578,0.07954110673448697,0.12377827061720556,0.1426193423592641,-2.677615390729249,-1.150134768650617,0.18884209565659654,2.9141781288605464,2.8013936613464545,1.292754111009881,3.085290851340444,-0.8840478193025708,-0.6470981043222892,2.816147897195024,-3.487365423223428,-2.2352429107174467,-4.919680043311015,0,-3.6231576844229245,3.6231576844229245,0
query,32,4,50.0,body,104,88,,body_88,17,3,0.18209824701577904,-0.07796541044678398,-0.18159769675584606,0.11358824753360118,0.19808679105976545,0.21419620315211677,0.36369594377162506,-0.19155365798038515,0.4110566182432773,-4.903036593108778,1.633070744774091,0.07954110673448697,0.042616535011260843,0.9256494421770554,-2.1202542189275704,-0.3945907619196389,0.9266299470981174,2.1566594126733323,2.162870753938831,1.3202402040966943,2.5339779191534424,-0.659874867963107,-0.6117273389631823,2.816147897195024,-5.562911461071885,1.0213434058109088,-5.3191007469126355,0,-2.7044133206552465,2.7044133206552465,0
query,32,4,50.0,body,105,89,,body_89,17,4,-0.049770793660112916,-0.07286937015686394,0.24611960202769198,-0.059730189429537596,0.08824441630276439,0.2532638032399378,-0.2958903956878049,-0.013139180727326345,0.296181978402588,3.643660341192439,0.7675873394423511,0.07954110673448697,-0.8831826149113302,1.5678615899595856,0.4629800798340411,-1.2841169169199955,1.799500346360682,1.3650299669396455,-1.3461626947453713,2.851978506879581,3.153717711594873,0.6692470273108944,-0.8978951913719642,2.816147897195024,4.312907368503334,-0.13030785192961303,4.680338817750905,1,2.742823925171368,2.742823925171368,1
