t,x,y
0.000000,925,1598
0.005001,759,1600
0.010001,906,1598
0.015002,957,1597
0.020001,774,1593
0.025001,822,1594
0.030001,965,1597
0.035001,819,1598
0.040001,790,1593
0.045002,990,1588
0.050000,928,1593
0.055000,766,1597
0.060001,906,1594
0.065001,941,1594
0.070000,776,1592
0.075001,825,1595
0.080001,972,1594
0.085000,820,1599
0.090000,797,1595
0.095001,969,1598
0.100001,931,1598
0.105001,760,1597
0.110001,925,1595
0.115000,947,1598
0.120000,765,1595
0.125000,811,1598
0.130001,979,1593
0.135001,838,1597
0.140000,805,1600
0.145001,969,1600
0.150000,915,1601
0.155001,757,1605
0.160001,916,1598
0.165000,937,1601
0.170001,776,1600
0.175000,829,1601
0.180000,969,1602
0.185000,817,1602
0.190001,806,1599
0.195001,987,1604
0.200001,923,1602
0.205001,766,1603
0.210001,911,1598
0.215001,954,1607
0.220000,762,1608
0.225002,816,1606
0.230002,962,1613
0.235000,828,1612
0.240000,810,1610
0.245001,987,1613
0.250000,929,1614
0.255001,761,1619
0.260001,925,1619
0.265001,947,1623
0.270002,761,1621
0.275001,816,1623
0.280001,965,1628
0.285000,842,1627
0.290001,815,1628
0.295001,987,1629
0.300001,931,1630
0.305002,769,1634
0.310001,906,1637
0.315002,941,1638
0.320000,778,1639
0.325001,831,1640
0.330000,982,1641
0.335002,827,1646
0.340001,795,1646
0.345000,992,1645
0.350000,929,1645
0.355001,769,1652
0.360002,934,1648
0.365001,955,1653
0.370000,757,1658
0.375001,835,1650
0.380000,995,1658
0.385001,838,1658
0.390001,807,1660
0.395002,988,1661
0.400001,931,1661
0.405000,769,1668
0.410001,912,1670
0.415002,945,1673
0.420001,785,1672
0.425001,828,1671
0.430002,975,1674
0.435001,851,1675
0.440001,803,1676
0.445001,985,1674
0.450001,939,1676
0.455001,795,1675
0.460001,930,1677
0.465001,955,1676
0.470000,773,1678
0.475001,822,1679
0.480000,999,1678
0.485001,838,1680
0.490001,804,1681
0.495000,998,1679
0.500001,932,1681
0.505001,793,1681
0.510002,920,1682
0.515000,956,1681
0.520001,774,1682
0.525000,826,1682
0.530000,980,1681
0.535001,835,1684
0.540002,812,1680
0.545002,983,1683
0.550001,937,1677
0.555002,776,1680
0.560000,927,1668
0.565002,967,1677
0.570001,773,1674
0.575001,822,1673
0.580001,988,1670
0.585000,852,1668
0.590000,820,1670
0.595001,988,1669
0.600001,933,1665
0.605001,769,1670
0.610001,915,1670
0.615000,963,1668
0.620002,767,1669
0.625001,848,1666
0.630000,996,1665
0.635000,843,1667
0.640001,808,1670
0.645002,985,1670
0.650000,930,1668
0.655001,773,1670
0.660001,928,1668
0.665001,958,1667
0.670002,765,1668
0.675000,838,1664
0.680001,998,1667
0.685000,843,1665
0.690001,808,1664
0.695001,979,1665
0.700001,943,1654
0.705001,781,1661
0.710001,921,1660
0.715002,948,1662
0.720002,767,1661
0.725001,822,1662
0.730000,998,1658
0.735001,843,1659
0.740001,805,1659
0.745002,979,1661
0.750001,929,1660
0.755000,789,1655
0.760000,924,1661
0.765001,953,1660
0.770001,769,1662
0.775001,838,1656
0.780001,995,1659
0.785001,846,1658
0.790001,802,1662
0.795001,990,1653
0.800002,942,1657
0.805001,777,1659
0.810001,914,1654
0.815001,956,1649
0.820002,759,1655
0.825001,835,1651
0.830001,989,1652
0.835000,833,1648
0.840001,799,1647
0.845000,977,1647
0.850001,947,1644
0.855000,785,1642
0.860001,913,1638
0.865001,963,1635
0.870002,772,1634
0.875001,827,1628
0.880001,977,1634
0.885001,833,1629
0.890000,798,1627
0.895001,977,1623
0.900000,924,1625
0.905001,783,1622
0.910000,914,1621
0.915001,941,1620
0.920002,779,1616
0.925001,821,1613
0.930001,973,1614
0.935001,850,1609
0.940002,802,1607
0.945000,979,1606
0.950002,923,1602
0.955001,764,1602
0.960001,921,1600
0.965001,958,1597
0.970000,761,1594
0.975000,828,1593
0.980001,984,1591
0.985001,827,1591
0.990001,797,1581
0.995001,980,1578
1.000001,923,1584
1.005001,758,1581
1.010001,920,1581
1.015000,946,1574
1.020001,759,1578
1.025002,805,1579
1.030001,976,1566
1.035001,832,1571
1.040001,795,1571
1.045001,961,1572
1.050001,929,1567
1.055002,758,1569
1.060001,898,1568
1.065001,929,1565
1.070000,755,1561
1.075001,806,1559
1.080000,982,1559
1.085001,832,1555
1.090002,792,1554
1.095001,961,1554
1.100001,929,1549
1.105001,756,1552
1.110001,890,1553
1.115001,949,1547
1.120001,750,1554
1.125000,802,1551
1.130001,971,1550
1.135001,822,1546
1.140000,796,1556
1.145000,962,1556
1.150000,923,1561
1.155001,771,1560
1.160001,896,1564
1.165002,947,1564
1.170001,753,1568
1.175001,803,1573
1.180001,979,1571
1.185001,824,1575
1.190002,786,1578
1.195002,975,1577
1.200001,912,1582
1.205000,778,1578
1.210002,903,1582
1.215001,947,1578
1.220001,760,1579
1.225000,823,1582
1.230000,972,1584
1.235001,819,1591
1.240001,788,1584
1.245000,986,1589
1.250000,927,1590
1.255001,754,1591
1.260000,918,1594
1.265000,943,1594
1.270001,749,1596
1.275001,829,1596
1.280001,975,1597
1.285001,821,1603
1.290002,787,1603
1.295001,989,1603
1.300001,918,1609
1.305001,777,1604
1.310000,913,1611
1.315001,945,1614
1.320001,766,1616
1.325001,816,1621
1.330000,990,1618
1.335001,834,1620
1.340001,796,1627
1.345000,987,1619
1.350001,926,1630
1.355000,759,1630
1.360001,913,1631
1.365001,940,1634
1.370002,773,1630
1.375002,816,1634
1.380001,975,1624
1.385001,842,1631
1.390000,809,1633
1.395000,980,1632
1.400001,936,1632
1.405001,766,1633
1.410000,910,1637
1.415001,948,1633
1.420002,781,1633
1.425000,827,1632
1.430000,978,1632
1.435000,828,1636
1.440001,811,1634
1.445001,971,1635
1.450001,937,1635
1.455000,765,1637
1.460001,907,1635
1.465001,967,1634
1.470001,766,1633
1.475001,829,1636
1.480001,969,1638
1.485000,852,1632
1.490000,816,1635
1.495000,982,1636
1.500000,922,1633
1.505000,781,1634
1.510000,917,1636
1.515001,942,1635
1.520001,774,1632
1.525000,827,1627
1.530001,973,1635
1.535000,829,1634
1.540001,816,1633
1.545001,976,1634
1.550000,936,1634
1.555000,767,1631
1.560000,912,1625
1.565001,954,1628
1.570001,764,1629
1.575002,813,1632
1.580001,988,1627
1.585001,839,1623
1.590001,800,1622
1.595000,972,1623
1.600001,921,1616
1.605001,773,1618
1.610002,916,1612
1.615001,947,1614
1.620001,756,1609
1.625000,827,1613
1.630001,966,1611
1.635002,840,1607
1.640001,810,1606
1.645002,976,1608
1.650001,921,1608
1.655001,778,1607
1.660000,905,1603
1.665001,940,1605
1.670001,773,1602
1.675000,816,1597
1.680001,969,1598
1.685001,838,1597
1.690002,793,1597
1.695001,977,1586
1.700001,922,1593
1.705001,761,1593
1.710001,920,1589
1.715001,939,1589
1.720000,778,1580
1.725001,820,1583
1.730001,964,1582
1.735002,840,1579
1.740002,787,1580
1.745001,989,1576
1.750001,919,1575
1.755001,771,1573
1.760001,901,1571
1.765001,954,1573
1.770001,753,1568
1.775000,822,1564
1.780001,966,1567
1.785000,828,1555
1.790001,801,1566
1.795001,969,1563
1.800000,932,1563
1.805000,761,1562
1.810000,900,1564
1.815001,929,1565
1.820001,765,1561
1.825001,818,1561
1.830000,964,1561
1.835001,832,1562
1.840000,792,1566
1.845001,988,1560
1.850001,926,1563
1.855001,755,1562
1.860001,898,1564
1.865000,948,1563
1.870001,771,1564
1.875002,813,1564
1.880002,958,1570
1.885002,840,1566
1.890002,789,1568
1.895002,959,1572
1.900001,924,1572
1.905001,756,1574
1.910000,903,1577
1.915002,943,1571
1.920001,760,1577
1.925001,806,1575
1.930001,959,1578
1.935000,817,1582
1.940002,785,1576
1.945001,978,1579
1.950001,916,1581
1.955001,767,1572
1.960000,902,1579
1.965001,933,1579
1.970001,745,1579
1.975002,813,1579
1.980002,959,1578
1.985001,842,1576
1.990002,790,1582
1.995001,965,1578
2.000000,915,1577
2.005001,770,1575
2.010002,899,1578
2.015000,950,1579
2.020002,757,1577
2.025002,825,1577
2.030001,965,1580
2.035000,816,1581
2.040001,805,1578
2.045001,979,1577
2.050000,912,1579
2.055000,754,1579
2.060000,914,1576
2.065001,941,1575
2.070001,742,1577
2.075001,819,1573
2.080001,963,1571
2.085001,818,1570
2.090001,785,1572
2.095001,959,1574
2.100001,926,1568
2.105000,757,1569
2.110001,891,1567
2.115000,949,1567
2.120002,754,1565
2.125001,805,1569
2.130000,971,1564
2.135001,832,1569
2.140000,788,1569
2.145001,963,1570
2.150001,908,1572
2.155001,765,1570
2.160000,890,1574
2.165001,939,1570
2.170002,755,1565
2.175001,818,1572
2.180001,956,1574
2.185001,837,1573
2.190001,796,1574
2.195000,959,1575
2.200001,922,1569
2.205001,758,1573
2.210000,892,1576
2.215001,942,1564
2.220000,750,1574
2.225002,805,1563
2.230002,967,1570
2.235001,818,1569
2.240000,802,1562
2.245001,970,1559
2.250001,915,1564
2.255000,754,1563
2.260001,888,1563
2.265001,923,1564
2.270001,760,1561
2.275001,806,1560
2.280001,954,1558
2.285000,841,1553
2.290001,795,1555
2.295000,963,1549
2.300001,910,1549
2.305002,749,1547
2.310000,889,1547
2.315002,927,1544
2.320002,758,1540
2.325001,803,1538
2.330001,952,1538
2.335001,829,1533
2.340001,784,1536
2.345001,957,1536
2.350002,912,1537
2.355001,757,1533
2.360001,901,1528
2.365001,938,1537
2.370001,750,1533
2.375000,802,1538
2.380001,952,1540
2.385002,820,1538
2.390000,778,1542
2.395001,980,1539
2.400001,913,1538
2.405002,752,1540
2.410001,909,1539
2.415001,930,1538
2.420001,743,1539
2.425001,797,1540
2.430002,966,1539
2.435001,815,1540
2.440002,797,1540
2.445001,963,1542
2.450001,927,1537
2.455001,764,1539
2.460001,893,1539
2.465001,925,1538
2.470001,756,1538
2.475000,800,1539
2.480000,974,1537
2.485001,817,1538
2.490000,777,1541
2.495001,979,1539
2.500001,909,1542
2.505001,745,1545
2.510002,904,1542
2.515000,945,1542
2.520002,743,1548
2.525000,812,1545
2.530002,954,1550
2.535002,822,1552
2.540001,794,1554
2.545001,961,1554
2.550001,905,1560
2.555002,764,1556
2.560001,891,1560
2.565001,925,1563
2.570001,751,1562
2.575002,801,1568
2.580001,977,1565
2.585001,821,1565
2.590001,781,1570
2.595001,974,1570
2.600002,911,1572
2.605001,774,1573
2.610001,904,1578
2.615001,947,1576
2.620002,754,1578
2.625002,826,1579
2.630002,968,1581
2.635001,817,1583
2.640000,804,1583
2.645002,972,1586
2.650001,931,1586
2.655001,758,1591
2.660001,909,1588
2.665001,954,1592
2.670001,753,1592
2.675001,805,1594
2.680001,965,1597
2.685001,836,1596
2.690001,787,1598
2.695001,979,1594
2.700000,929,1599
2.705000,763,1603
2.710002,916,1603
2.715001,954,1606
2.720002,755,1608
2.725001,813,1608
2.730001,982,1606
2.735001,832,1612
2.740000,794,1614
2.745001,986,1613
2.750001,917,1619
2.755001,781,1616
2.760001,903,1620
2.765000,958,1619
2.770002,756,1621
2.775001,829,1619
2.780001,973,1625
2.785001,842,1621
2.790001,800,1620
2.795001,994,1623
2.800001,927,1621
2.805001,765,1621
2.810000,904,1621
2.815001,956,1615
2.820001,767,1619
2.825002,810,1619
2.830002,986,1620
2.835001,833,1619
2.840001,791,1616
2.845001,990,1616
2.850001,929,1615
2.855000,769,1612
2.860002,907,1613
2.865002,937,1614
2.870001,756,1614
2.875002,833,1610
2.880000,977,1610
2.885000,832,1611
2.890001,792,1609
2.895001,985,1606
2.900002,939,1607
2.905000,769,1606
2.910000,907,1605
2.915001,950,1605
2.920000,753,1608
2.925000,827,1600
2.930000,983,1602
2.935001,833,1600
2.940001,791,1604
2.945000,984,1602
2.950001,930,1604
2.955001,766,1603
2.960000,906,1600
2.965000,937,1602
2.970002,753,1599
2.975001,824,1597
2.980001,976,1598
2.985002,823,1599
2.990001,809,1595
2.995001,976,1594
3.000001,918,1596
3.005001,770,1586
3.010001,913,1592
3.015000,940,1592
3.020002,748,1595
3.025002,830,1589
3.030001,965,1592
3.035001,831,1579
3.040001,795,1588
3.045001,968,1590
3.050001,937,1585
3.055002,772,1583
3.060001,908,1585
3.065001,937,1587
3.070000,750,1587
3.075001,818,1576
3.080000,978,1581
3.085002,829,1582
3.090001,789,1584
3.095000,985,1582
3.100000,916,1581
3.105000,771,1579
3.110001,906,1579
3.115000,945,1581
3.120001,755,1584
3.125001,806,1585
3.130002,983,1581
3.135001,836,1581
3.140001,791,1581
3.145001,981,1582
3.150001,916,1580
3.155001,774,1579
3.160000,906,1579
3.165002,949,1580
3.170002,756,1582
3.175000,823,1575
3.180001,974,1583
3.185000,822,1586
3.190001,808,1582
3.195001,987,1584
3.200001,921,1585
3.205001,763,1587
3.210001,895,1590
3.215001,956,1587
3.220001,759,1586
3.225001,811,1588
3.230001,962,1592
3.235002,835,1592
3.240001,796,1591
3.245002,968,1595
3.250000,940,1590
3.255002,769,1594
3.260002,901,1595
3.265000,939,1598
3.270002,777,1596
3.275001,818,1598
3.280002,966,1601
3.285001,824,1604
3.290001,810,1604
3.295001,987,1603
3.300000,922,1607
3.305000,759,1612
3.310001,909,1610
3.315002,942,1612
3.320002,764,1605
3.325001,825,1611
3.330001,970,1615
3.335000,848,1611
3.340000,802,1612
3.345001,979,1612
3.350002,917,1613
3.355000,784,1609
3.360001,915,1611
3.365001,941,1612
3.370001,755,1611
3.375000,827,1610
3.380001,976,1606
3.385002,828,1607
3.390000,811,1602
3.395001,988,1605
3.400001,926,1602
3.405002,764,1602
3.410000,925,1599
3.415001,950,1598
3.420000,758,1598
3.425002,813,1598
3.430002,989,1598
3.435002,835,1598
3.440001,793,1599
3.445000,968,1601
3.450001,933,1598
3.455001,771,1600
3.460001,909,1601
3.465002,959,1597
3.470002,759,1598
3.475000,811,1600
3.480001,980,1597
3.485001,831,1600
3.490000,788,1602
3.495001,985,1592
3.500002,923,1598
3.505001,760,1599
3.510001,899,1599
3.515000,954,1597
3.520001,757,1597
3.525000,810,1600
3.530001,988,1593
3.535000,835,1594
3.540002,797,1593
3.545002,971,1595
3.550000,916,1600
3.555000,776,1594
3.560001,907,1594
3.565001,955,1591
3.570000,764,1592
3.575001,811,1595
3.580000,966,1592
3.585001,844,1591
3.590002,800,1591
3.595000,986,1590
3.600002,927,1591
3.605000,759,1590
3.610001,919,1585
3.615000,947,1588
3.620001,761,1585
3.625001,813,1587
3.630000,980,1582
3.635001,840,1589
3.640001,800,1586
3.645000,977,1588
3.650000,919,1586
3.655002,759,1592
3.660000,900,1593
3.665001,952,1593
3.670001,765,1595
3.675001,830,1595
3.680002,972,1596
3.685001,825,1594
3.690001,812,1595
3.695001,987,1599
3.700001,924,1602
3.705000,760,1602
3.710001,922,1603
3.715002,956,1604
3.720000,761,1606
3.725001,818,1607
3.730001,974,1609
3.735001,831,1609
3.740000,796,1611
3.745001,969,1611
3.750000,942,1614
3.755001,776,1613
3.760001,913,1614
3.765000,949,1613
3.770001,761,1621
3.775000,814,1621
3.780001,991,1621
3.785000,838,1620
3.790001,805,1622
3.795001,978,1624
3.800000,920,1626
3.805001,789,1622
3.810000,919,1622
3.815001,952,1623
3.820001,765,1622
3.825002,819,1623
3.830001,989,1620
3.835000,841,1623
3.840001,805,1623
3.845000,982,1620
3.850001,929,1624
3.855001,766,1625
3.860002,930,1619
3.865000,955,1620
3.870001,767,1624
3.875001,820,1623
3.880001,993,1624
3.885001,840,1627
3.890000,794,1626
3.895002,972,1627
3.900001,937,1624
3.905001,771,1627
3.910000,905,1632
3.915001,964,1629
3.920001,758,1631
3.925001,822,1626
3.930001,985,1628
3.935001,831,1630
3.940001,797,1632
3.945001,996,1630
3.950001,936,1630
3.955001,775,1632
3.960001,908,1633
3.965001,940,1634
3.970000,774,1633
3.975001,820,1635
3.980001,972,1634
3.985001,854,1634
3.990001,803,1633
3.995001,985,1635
4.000000,926,1636
4.005001,765,1641
4.010001,914,1633
4.015001,941,1643
4.020002,780,1640
4.025000,827,1641
4.030001,972,1640
4.035001,854,1639
4.040001,808,1640
4.045001,984,1637
4.050000,931,1637
4.055000,772,1638
4.060001,904,1641
4.065001,956,1635
4.070000,771,1635
4.075002,812,1635
4.080001,989,1633
4.085001,838,1631
4.090001,792,1632
4.095000,994,1628
4.100001,926,1628
4.105000,762,1630
4.110002,923,1625
4.115002,948,1624
4.120001,759,1623
4.125001,819,1619
4.130001,969,1615
4.135001,840,1617
4.140001,815,1617
4.145002,984,1616
4.150002,920,1613
4.155001,758,1614
4.160000,916,1614
4.165001,940,1613
4.170001,760,1609
4.175001,808,1612
4.180001,983,1608
4.185001,832,1610
4.190001,791,1609
4.195001,975,1597
4.200001,932,1604
4.205000,756,1608
4.210001,921,1601
4.215002,950,1602
4.220000,752,1602
4.225001,807,1601
4.230001,980,1593
4.235001,829,1599
4.240001,786,1596
4.245001,985,1594
4.250000,925,1593
4.255001,765,1593
4.260000,892,1596
4.265002,944,1592
4.270001,755,1585
4.275000,817,1592
4.280001,964,1589
4.285001,834,1588
4.290001,795,1586
4.295001,981,1586
4.300001,913,1585
4.305002,753,1587
4.310001,906,1577
4.315001,930,1581
4.320001,765,1573
4.325001,817,1581
4.330001,970,1580
4.335001,829,1579
4.340002,787,1581
4.345001,965,1580
4.350001,932,1576
4.355001,764,1576
4.360001,898,1581
4.365001,931,1582
4.370001,770,1580
4.375000,820,1580
4.380001,964,1584
4.385002,829,1576
4.390000,796,1587
4.395001,964,1589
4.400001,929,1588
4.405002,767,1588
4.410001,894,1593
4.415000,931,1592
4.420000,765,1590
4.425001,810,1591
4.430002,961,1592
4.435002,843,1593
4.440001,802,1593
4.445001,976,1594
4.450001,918,1594
4.455001,765,1594
4.460001,908,1593
4.465001,937,1595
4.470001,748,1596
4.475000,823,1591
4.480001,961,1595
4.485001,841,1592
4.490001,788,1594
4.495001,964,1596
4.500001,939,1594
4.505001,766,1595
4.510002,897,1599
4.515001,936,1603
4.520000,778,1600
4.525000,824,1599
4.530002,966,1601
4.535001,848,1599
4.540001,799,1602
4.545001,972,1603
4.550000,925,1597
4.555000,773,1601
4.560000,898,1606
4.565002,958,1601
4.570002,763,1600
4.575000,810,1603
4.580000,983,1602
4.585001,828,1600
4.590002,790,1603
4.595001,972,1601
4.600001,939,1600
4.605000,770,1598
4.610002,898,1603
4.615001,953,1599
4.620002,757,1603
4.625001,833,1600
4.630001,977,1601
4.635000,829,1600
4.640000,809,1599
4.645001,987,1603
4.650001,923,1604
4.655002,756,1608
4.660002,920,1608
4.665000,948,1608
4.670000,753,1614
4.675001,808,1615
4.680002,979,1615
4.685002,829,1617
4.690001,789,1621
4.695001,986,1621
4.700001,923,1621
4.705000,778,1625
4.710001,902,1625
4.715001,958,1623
4.720000,757,1628
4.725002,814,1626
4.730000,987,1623
4.735001,842,1628
4.740001,795,1629
4.745000,989,1623
4.750000,936,1629
4.755001,769,1630
4.760001,921,1629
4.765001,947,1631
4.770001,759,1633
4.775001,817,1628
4.780001,988,1631
4.785001,837,1632
4.790001,795,1632
4.795001,995,1631
4.800000,935,1629
4.805000,775,1630
4.810000,906,1631
4.815001,958,1621
4.820000,774,1629
4.825002,820,1629
4.830001,970,1633
4.835000,841,1632
4.840000,800,1632
4.845001,976,1637
4.850002,932,1626
4.855002,783,1635
4.860000,911,1636
4.865001,950,1635
4.870001,773,1636
4.875001,831,1638
4.880000,983,1639
4.885001,833,1637
4.890001,810,1642
4.895002,989,1637
4.900002,935,1641
4.905000,770,1641
4.910001,901,1643
4.915002,955,1641
4.920001,759,1645
4.925000,833,1640
4.930000,984,1640
4.935000,829,1640
4.940001,811,1635
4.945002,985,1638
4.950001,925,1639
4.955000,764,1640
4.960000,917,1630
4.965000,955,1636
4.970001,765,1635
4.975001,811,1634
4.980001,984,1633
4.985001,833,1633
4.990000,795,1632
4.995001,988,1632
5.000000,931,1629
5.005001,761,1632
5.010001,917,1631
5.015000,936,1633
5.020001,777,1629
5.025002,823,1630
5.030000,975,1629
5.035000,831,1636
5.040001,815,1625
5.045002,974,1628
5.050000,918,1631
5.055001,778,1625
5.060001,909,1626
5.065002,943,1628
5.070001,780,1625
5.075002,823,1624
5.080002,974,1623
5.085002,847,1624
5.090002,805,1624
5.095000,974,1623
5.100001,943,1622
5.105001,767,1621
5.110001,916,1613
5.115001,945,1624
5.120002,758,1620
5.125001,834,1625
5.130001,979,1620
5.135001,839,1618
5.140000,799,1611
5.145001,985,1619
5.150002,919,1620
5.155001,756,1627
5.160001,917,1615
5.165002,950,1623
5.170002,756,1622
5.175001,834,1621
5.180002,972,1620
5.185001,827,1621
5.190001,817,1618
5.195002,978,1622
5.200001,920,1621
5.205000,779,1613
5.210001,912,1622
5.215001,948,1623
5.220000,760,1622
5.225001,813,1628
5.230001,993,1622
5.235001,842,1627
5.240001,795,1628
5.245001,971,1629
5.250001,942,1629
5.255000,775,1628
5.260001,904,1632
5.265001,941,1631
5.270001,777,1631
5.275001,825,1634
5.280001,976,1632
5.285000,852,1628
5.290001,800,1633
5.295001,976,1631
5.300000,930,1630
5.305000,777,1630
5.310001,905,1632
5.315001,953,1630
5.320000,767,1628
5.325001,822,1629
5.330001,969,1634
5.335000,846,1629
5.340000,799,1630
5.345002,986,1623
5.350001,944,1627
5.355001,769,1627
5.360001,904,1629
5.365001,960,1620
5.370002,770,1627
5.375002,814,1628
5.380001,988,1629
5.385001,839,1625
5.390000,790,1631
5.395002,985,1627
5.400001,923,1631
5.405001,783,1629
5.410000,912,1628
5.415001,949,1630
5.420001,773,1628
5.425001,830,1633
5.430001,977,1636
5.435000,854,1632
5.440001,806,1635
5.445001,976,1634
5.450001,929,1629
5.455001,772,1636
5.460000,926,1635
5.465000,957,1637
5.470001,756,1638
5.475002,830,1629
5.480000,973,1642
5.485002,840,1630
5.490001,815,1637
5.495001,975,1639
5.500001,937,1634
5.505001,779,1642
5.510002,905,1642
5.515001,955,1637
5.520001,766,1641
5.525001,831,1641
5.530001,989,1643
5.535001,838,1642
5.540001,797,1646
5.545000,989,1642
5.550001,941,1643
5.555002,776,1642
5.560001,905,1645
5.565001,942,1644
5.570000,773,1643
5.575002,826,1642
5.580001,977,1644
5.585001,837,1644
5.590001,812,1636
5.595001,993,1641
5.600001,928,1637
5.605001,779,1635
5.610002,907,1626
5.615002,963,1634
5.620001,763,1635
5.625001,813,1636
5.630001,994,1633
5.635001,844,1631
5.640000,800,1628
5.645002,971,1636
5.650000,921,1633
5.655001,786,1630
5.660002,914,1629
5.665001,942,1634
5.670002,762,1628
5.675001,833,1628
5.680001,981,1628
5.685000,837,1626
5.690002,793,1631
5.695002,972,1629
5.700001,929,1624
5.705001,771,1624
5.710001,923,1616
5.715002,961,1621
5.720000,762,1620
5.725001,834,1618
5.730000,981,1617
5.735002,829,1619
5.740000,809,1616
5.745002,971,1616
5.750001,932,1614
5.755000,767,1617
5.760000,917,1609
5.765002,957,1615
5.770002,762,1618
5.775001,832,1615
5.780002,980,1616
5.785002,831,1617
5.790001,789,1622
5.795001,989,1617
5.800000,937,1621
5.805000,765,1619
5.810000,923,1618
5.815001,953,1618
5.820001,759,1620
5.825001,829,1619
5.830001,976,1617
5.835001,835,1615
5.840001,801,1617
5.845001,969,1622
5.850002,935,1618
5.855000,773,1619
5.860002,901,1620
5.865001,957,1619
5.870002,764,1621
5.875002,812,1624
5.880000,988,1622
5.885000,832,1624
5.890002,794,1624
5.895002,990,1620
5.900000,925,1622
5.905002,779,1624
5.910001,912,1627
5.915002,942,1627
5.920001,780,1626
5.925001,829,1627
5.930001,975,1626
5.935000,831,1627
5.940002,809,1621
5.945001,991,1627
5.950001,928,1629
5.955000,776,1621
5.960001,917,1627
5.965001,952,1626
5.970000,762,1623
5.975002,819,1624
5.980001,992,1622
5.985002,845,1625
5.990000,793,1625
5.995001,967,1624
6.000000,937,1623
6.005001,769,1624
6.010001,906,1623
6.015000,962,1620
6.020001,773,1625
6.025000,821,1625
6.030001,974,1621
6.035001,830,1621
6.040001,793,1621
6.045001,970,1625
6.050001,938,1623
6.055001,769,1623
6.060001,911,1625
6.065001,949,1622
6.070000,756,1628
6.075001,828,1616
6.080001,985,1619
6.085001,836,1625
6.090002,790,1624
6.095000,967,1626
6.100001,919,1625
6.105001,783,1628
6.110002,916,1622
6.115001,954,1621
6.120001,760,1622
6.125000,819,1626
6.130001,984,1619
6.135001,828,1625
6.140000,792,1628
6.145001,984,1627
6.150001,925,1627
6.155001,764,1624
6.160001,917,1626
6.165001,947,1624
6.170001,759,1623
6.175000,829,1624
6.180001,978,1621
6.185000,835,1621
6.190001,794,1623
6.195000,991,1621
6.200002,928,1622
6.205002,758,1623
6.210002,917,1619
6.215001,944,1621
6.220000,753,1620
6.225001,829,1617
6.230001,966,1619
6.235001,844,1613
6.240001,808,1617
6.245001,976,1614
6.250002,916,1618
6.255000,779,1614
6.260001,905,1611
6.265001,940,1611
6.270001,750,1611
6.275001,830,1608
6.280002,969,1609
6.285001,826,1615
6.290001,809,1610
6.295001,976,1606
6.300000,914,1608
6.305000,781,1605
6.310000,908,1606
6.315001,936,1607
6.320000,772,1606
6.325001,813,1603
6.330000,970,1603
6.335001,833,1596
6.340001,797,1599
6.345001,976,1602
6.350001,911,1603
6.355002,767,1599
6.360000,905,1600
6.365001,939,1600
6.370002,766,1595
6.375000,824,1597
6.380001,971,1596
6.385001,826,1596
6.390001,785,1601
6.395001,980,1595
6.400000,914,1596
6.405001,752,1595
6.410001,906,1593
6.415002,936,1595
6.420001,749,1596
6.425000,822,1595
6.430000,978,1593
6.435000,830,1592
6.440001,785,1589
6.445001,959,1594
6.450002,929,1588
6.455001,759,1586
6.460000,913,1584
6.465000,936,1582
6.470002,764,1580
6.475001,820,1581
6.480000,968,1573
6.485001,825,1573
6.490002,782,1573
6.495001,962,1573
6.500000,931,1571
6.505001,763,1571
6.510001,907,1570
6.515001,944,1572
6.520001,750,1573
6.525001,822,1569
6.530001,966,1573
6.535000,825,1573
6.540001,780,1573
6.545002,977,1571
6.550001,925,1568
6.555001,749,1576
6.560000,898,1571
6.565001,929,1574
6.570001,764,1567
6.575002,808,1568
6.580002,960,1568
6.585000,843,1566
6.590001,799,1563
6.595001,967,1563
6.600002,916,1563
6.605001,749,1564
6.610002,907,1562
6.615001,940,1559
6.620001,750,1563
6.625001,805,1561
6.630000,961,1562
6.635001,839,1561
6.640001,803,1562
6.645002,959,1563
6.650002,929,1566
6.655000,762,1561
6.660000,891,1566
6.665002,948,1565
6.670001,758,1565
6.675001,805,1565
6.680001,959,1567
6.685001,821,1569
6.690002,788,1564
6.695002,978,1565
6.700000,924,1568
6.705000,754,1573
6.710001,891,1570
6.715001,955,1574
6.720000,758,1570
6.725001,804,1570
6.730000,965,1573
6.735002,821,1574
6.740002,804,1570
6.745001,969,1571
6.750000,912,1574
6.755001,763,1563
6.760002,901,1565
6.765001,949,1570
6.770001,753,1572
6.775001,805,1575
6.780001,960,1576
6.785000,848,1572
6.790001,792,1574
6.795001,962,1574
6.800000,931,1574
6.805001,770,1577
6.810001,907,1577
6.815001,944,1576
6.820001,755,1582
6.825001,812,1573
6.830001,980,1584
6.835001,831,1584
6.840001,783,1588
6.845000,965,1592
6.850001,919,1591
6.855002,762,1591
6.860001,916,1588
6.865001,955,1593
6.870001,769,1595
6.875001,819,1595
6.880001,972,1593
6.885001,828,1597
6.890000,785,1596
6.895001,986,1595
6.900001,937,1594
6.905001,765,1595
6.910001,900,1596
6.915002,938,1594
6.920001,776,1590
6.925000,825,1592
6.930001,979,1591
6.935001,835,1590
6.940001,786,1590
6.945001,984,1585
6.950001,930,1586
6.955000,771,1589
6.960001,903,1588
6.965001,936,1590
6.970001,749,1589
6.975000,832,1582
6.980001,979,1589
6.985001,834,1588
6.990001,795,1589
6.995001,978,1592
7.000000,918,1592
7.005001,758,1594
7.010001,894,1594
7.015001,958,1594
7.020001,763,1595
7.025000,815,1595
7.030002,969,1592
7.035002,846,1597
7.040001,794,1596
7.045002,966,1596
7.050002,936,1596
7.055002,767,1594
7.060002,908,1589
7.065001,941,1597
7.070001,754,1596
7.075001,810,1588
7.080000,973,1594
7.085001,828,1595
7.090001,795,1593
7.095000,965,1593
7.100001,936,1593
7.105001,771,1592
7.110001,902,1589
7.115001,949,1590
7.120001,760,1590
7.125001,812,1591
7.130000,980,1583
7.135000,845,1590
7.140001,792,1590
7.145002,966,1592
7.150001,914,1596
7.155001,772,1590
7.160000,893,1594
7.165002,950,1593
7.170001,763,1591
7.175001,811,1595
7.180001,981,1593
7.185001,847,1593
7.190001,798,1597
7.195000,972,1595
7.200001,922,1598
7.205001,761,1595
7.210002,892,1599
7.215000,954,1597
7.220001,768,1595
7.225001,821,1599
7.230001,969,1599
7.235001,828,1604
7.240000,784,1601
7.245001,982,1603
7.250000,929,1605
7.255001,771,1601
7.260001,907,1600
7.265000,940,1603
7.270001,753,1600
7.275002,823,1593
7.280002,976,1598
7.285001,830,1599
7.290002,793,1598
7.295001,969,1600
7.300001,918,1601
7.305001,774,1596
7.310000,915,1597
7.315002,947,1597
7.320001,766,1597
7.325001,822,1595
7.330000,971,1599
7.335001,837,1595
7.340002,788,1595
7.345002,963,1598
7.350002,932,1595
7.355001,762,1597
7.360001,899,1595
7.365000,956,1590
7.370001,769,1596
7.375000,819,1597
7.380001,965,1597
7.385002,846,1595
7.390001,797,1594
7.395001,969,1596
7.400000,922,1595
7.405002,760,1593
7.410001,920,1593
7.415001,957,1594
7.420001,756,1594
7.425001,830,1589
7.430002,979,1595
7.435001,835,1595
7.440001,788,1598
7.445001,968,1595
7.450000,912,1595
7.455000,778,1596
7.460001,915,1593
7.465001,945,1594
7.470001,752,1595
7.475002,807,1590
7.480001,968,1597
7.485001,830,1588
7.490000,811,1594
7.495002,966,1589
7.500001,939,1593
7.505001,770,1595
7.510001,897,1591
7.515000,935,1594
7.520001,752,1592
7.525001,821,1593
7.530002,966,1594
7.535001,829,1594
7.540001,811,1592
7.545001,980,1593
7.550000,918,1597
7.555000,757,1599
7.560000,912,1597
7.565002,946,1601
7.570001,755,1600
7.575001,807,1603
7.580000,964,1601
7.585002,854,1598
7.590001,800,1601
7.595000,976,1601
7.600001,920,1602
7.605001,755,1603
7.610002,910,1596
7.615001,953,1602
7.620001,765,1606
7.625002,827,1601
7.630000,975,1600
7.635000,831,1604
7.640000,789,1602
7.645001,983,1599
7.650001,920,1596
7.655001,777,1602
7.660001,907,1597
7.665002,950,1600
7.670002,766,1601
7.675001,821,1601
7.680002,971,1602
7.685002,843,1601
7.690001,791,1603
7.695001,965,1605
7.700001,922,1599
7.705001,772,1597
7.710000,914,1598
7.715000,951,1605
7.720001,755,1605
7.725001,830,1605
7.730000,976,1603
7.735000,831,1606
7.740000,791,1607
7.745002,971,1606
7.750002,915,1609
7.755000,780,1605
7.760001,907,1606
7.765000,945,1606
7.770002,760,1610
7.775000,813,1609
7.780001,965,1610
7.785000,829,1606
7.790001,804,1605
7.795001,971,1606
7.800000,917,1611
7.805000,763,1602
7.810000,912,1605
7.815001,939,1605
7.820001,755,1608
7.825002,830,1601
7.830002,972,1600
7.835001,831,1600
7.840001,803,1597
7.845001,964,1603
7.850002,916,1601
7.855000,757,1604
7.860002,900,1593
7.865001,959,1600
7.870001,766,1599
7.875002,824,1601
7.880000,980,1600
7.885001,830,1599
7.890001,787,1605
7.895002,989,1601
7.900001,925,1606
7.905001,757,1605
7.910001,892,1606
7.915001,939,1613
7.920001,753,1612
7.925001,831,1612
7.930001,984,1617
7.935001,835,1614
7.940001,788,1614
7.945000,985,1612
7.950001,925,1614
7.955001,768,1618
7.960000,902,1613
7.965000,942,1616
7.970002,774,1612
7.975002,831,1612
7.980001,981,1615
7.985001,842,1616
7.990000,796,1618
7.995002,972,1614
8.000001,921,1617
8.005001,776,1613
8.010001,910,1613
8.015001,945,1614
8.020001,754,1617
8.025001,814,1614
8.030001,985,1609
8.035001,852,1612
8.040001,794,1612
8.045002,965,1614
8.050001,936,1603
8.055001,781,1609
8.060001,902,1608
8.065001,937,1610
8.070000,756,1604
8.075002,830,1604
8.080001,980,1605
8.085000,833,1604
8.090000,792,1598
8.095002,988,1601
8.100001,927,1598
8.105000,765,1600
8.110002,907,1598
8.115001,942,1598
8.120001,757,1598
8.125001,809,1601
8.130001,971,1598
8.135001,833,1599
8.140001,792,1602
8.145001,969,1604
8.150000,940,1597
8.155002,763,1600
8.160001,913,1599
8.165001,955,1598
8.170001,764,1598
8.175000,820,1596
8.180000,973,1596
8.185000,834,1599
8.190002,785,1598
8.195001,981,1592
8.200001,921,1594
8.205000,754,1598
8.210002,901,1594
8.215002,945,1593
8.220001,760,1593
8.225001,813,1594
8.230001,985,1594
8.235002,848,1594
8.240002,798,1594
8.245001,967,1595
8.250000,932,1594
8.255002,770,1594
8.260001,908,1599
8.265000,944,1600
8.270002,755,1602
8.275001,807,1602
8.280002,977,1607
8.285000,836,1605
8.290001,797,1605
8.295002,975,1607
8.300001,920,1611
8.305002,778,1609
8.310001,904,1610
8.315001,941,1614
8.320001,774,1614
8.325001,815,1619
8.330001,990,1615
8.335000,839,1618
8.340000,793,1620
8.345001,972,1618
8.350001,933,1614
8.355000,770,1617
8.360002,894,1618
8.365001,961,1614
8.370002,764,1619
8.375002,816,1616
8.380001,970,1617
8.385001,831,1617
8.390000,812,1614
8.395001,976,1614
8.400000,924,1614
8.405002,758,1616
8.410002,919,1610
8.415001,958,1613
8.420001,761,1611
8.425000,808,1612
8.430000,987,1612
8.435000,832,1610
8.440001,788,1612
8.445000,980,1607
8.450002,923,1605
8.455001,760,1607
8.460001,912,1598
8.465001,943,1599
8.470000,757,1605
8.475001,827,1607
8.480000,969,1603
8.485001,850,1600
8.490001,797,1603
8.495002,974,1600
8.500002,920,1599
8.505001,757,1601
8.510001,913,1599
8.515001,954,1599
8.520002,769,1599
8.525000,815,1598
8.530001,969,1601
8.535001,834,1600
8.540000,793,1603
8.545000,972,1596
8.550001,929,1602
8.555001,758,1604
8.560000,910,1600
8.565001,946,1595
8.570001,751,1605
8.575001,828,1604
8.580000,970,1605
8.585001,836,1604
8.590001,791,1600
8.595000,980,1601
8.600000,927,1604
8.605000,758,1603
8.610001,907,1604
8.615001,943,1604
8.620001,770,1595
8.625002,821,1605
8.630000,966,1605
8.635000,850,1606
8.640002,788,1609
8.645001,986,1609
8.650001,922,1607
8.655001,763,1605
8.660001,906,1611
8.665001,943,1615
8.670001,762,1604
8.675001,809,1618
8.680002,985,1617
8.685002,848,1617
8.690001,786,1618
8.695001,983,1611
8.700001,931,1619
8.705001,761,1620
8.710002,912,1619
8.715001,951,1622
8.720001,761,1620
8.725001,809,1622
8.730001,982,1622
8.735001,838,1625
8.740001,793,1622
8.745001,970,1625
8.750000,918,1628
8.755002,782,1624
8.760001,913,1626
8.765000,949,1626
8.770001,772,1625
8.775000,818,1625
8.780001,967,1627
8.785002,856,1623
8.790000,800,1626
8.795001,985,1626
8.800000,923,1628
8.805001,757,1631
8.810000,917,1624
8.815002,954,1627
8.820001,765,1629
8.825001,811,1630
8.830000,985,1618
8.835001,852,1626
8.840001,801,1628
8.845000,972,1627
8.850001,919,1628
8.855000,776,1627
8.860001,907,1627
8.865000,944,1628
8.870001,756,1625
8.875000,825,1624
8.880001,984,1622
8.885001,836,1624
8.890001,805,1618
8.895001,973,1623
8.900001,939,1620
8.905002,758,1620
8.910002,893,1620
8.915001,961,1620
8.920001,772,1614
8.925000,825,1619
8.930001,974,1616
8.935000,836,1615
8.940001,808,1618
8.945000,978,1615
8.950000,919,1618
8.955001,774,1613
8.960001,900,1613
8.965001,964,1611
8.970000,769,1613
8.975001,817,1609
8.980000,973,1614
8.985002,852,1610
8.990002,802,1611
8.995000,971,1614
9.000001,919,1616
9.005001,778,1611
9.010001,900,1608
9.015001,965,1614
9.020002,770,1616
9.025001,814,1617
9.030001,970,1618
9.035000,842,1617
9.040002,796,1616
9.045001,990,1614
9.050001,938,1616
9.055001,760,1618
9.060001,909,1615
9.065001,942,1617
9.070000,780,1617
9.075001,827,1614
9.080000,981,1613
9.085001,841,1613
9.090002,787,1618
9.095001,989,1616
9.100002,930,1611
9.105000,767,1615
9.110001,897,1612
9.115001,949,1612
9.120001,761,1616
9.125001,811,1619
9.130000,987,1618
9.135001,842,1619
9.140000,792,1620
9.145001,971,1624
9.150001,923,1624
9.155001,766,1625
9.160001,912,1619
9.165001,953,1619
9.170001,777,1626
9.175002,819,1629
9.180001,974,1628
9.185001,854,1625
9.190002,799,1629
9.195001,980,1626
9.200002,927,1625
9.205002,761,1627
9.210000,915,1621
9.215001,950,1621
9.220000,773,1619
9.225001,818,1621
9.230000,971,1614
9.235001,861,1611
9.240001,794,1616
9.245001,985,1612
9.250002,935,1612
9.255001,763,1614
9.260002,892,1612
9.265000,939,1610
9.270002,776,1609
9.275001,822,1610
9.280001,971,1607
9.285001,852,1608
9.290002,799,1607
9.295001,970,1604
9.300001,918,1606
9.305001,775,1602
9.310001,890,1606
9.315002,963,1603
9.320001,763,1602
9.325001,830,1602
9.330001,970,1605
9.335001,832,1601
9.340001,808,1599
9.345000,979,1600
9.350002,922,1605
9.355001,757,1604
9.360001,910,1603
9.365001,948,1602
9.370001,778,1601
9.375000,813,1602
9.380001,974,1602
9.385001,838,1604
9.390000,787,1607
9.395002,984,1604
9.400001,921,1604
9.405002,776,1603
9.410001,895,1604
9.415000,948,1607
9.420000,754,1608
9.425001,823,1605
9.430002,972,1608
9.435001,835,1608
9.440002,805,1604
9.445002,985,1603
9.450001,937,1603
9.455000,771,1604
9.460001,897,1606
9.465000,956,1604
9.470002,764,1604
9.475000,806,1606
9.480000,989,1601
9.485001,846,1601
9.490002,791,1603
9.495001,964,1603
9.500001,934,1605
9.505001,774,1603
9.510001,897,1605
9.515001,943,1602
9.520002,777,1604
9.525001,816,1606
9.530002,968,1609
9.535001,859,1607
9.540001,794,1609
9.545001,968,1610
9.550001,941,1606
9.555001,767,1609
9.560001,890,1616
9.565001,964,1610
9.570001,770,1609
9.575001,816,1611
9.580000,989,1609
9.585002,848,1610
9.590002,787,1614
9.595001,984,1610
9.600001,925,1608
9.605001,762,1602
9.610002,905,1610
9.615001,952,1608
9.620002,759,1612
9.625002,829,1606
9.630001,982,1606
9.635002,837,1610
9.640002,811,1605
9.645001,977,1608
9.650000,929,1607
9.655001,767,1608
9.660000,899,1606
9.665001,941,1608
9.670001,758,1611
9.675000,810,1608
9.680000,985,1608
9.685000,845,1607
9.690002,793,1608
9.695001,985,1600
9.700001,936,1600
9.705001,774,1602
9.710001,898,1602
9.715001,947,1601
9.720001,773,1600
9.725001,828,1601
9.730000,973,1599
9.735001,845,1601
9.740001,799,1601
9.745002,969,1602
9.750001,918,1601
9.755001,776,1598
9.760001,906,1603
9.765000,957,1603
9.770001,768,1603
9.775001,809,1605
9.780001,993,1604
9.785001,851,1608
9.790001,796,1607
9.795000,969,1611
9.800001,936,1606
9.805002,777,1613
9.810001,900,1617
9.815001,940,1619
9.820001,774,1620
9.825001,820,1622
9.830000,969,1623
9.835001,855,1621
9.840001,805,1621
9.845000,972,1626
9.850001,922,1626
9.855001,777,1627
9.860000,904,1625
9.865001,950,1627
9.870002,768,1627
9.875001,821,1628
9.880001,971,1629
9.885000,856,1628
9.890001,796,1631
9.895001,969,1629
9.900002,944,1629
9.905002,759,1633
9.910002,904,1625
9.915001,946,1628
9.920001,776,1626
9.925002,828,1629
9.930001,979,1625
9.935002,843,1627
9.940000,792,1629
9.945001,973,1628
9.950001,936,1630
9.955001,760,1624
9.960000,908,1625
9.965001,959,1622
9.970001,773,1624
9.975001,820,1617
9.980001,981,1622
9.985002,839,1624
9.990001,806,1621
9.995002,972,1619
10.000002,921,1620
10.005001,767,1619
10.010002,892,1618
10.015001,945,1621
10.020001,757,1622
10.025001,825,1613
10.030002,966,1622
10.035001,852,1613
10.040001,789,1617
10.045001,971,1616
10.050001,935,1612
10.055001,780,1614
10.060000,902,1614
10.065001,938,1613
10.070001,778,1612
10.075002,812,1615
10.080002,979,1604
10.085001,849,1613
10.090002,786,1614
10.095002,989,1610
10.100002,930,1613
10.105001,765,1612
10.110001,889,1612
10.115000,943,1616
10.120001,779,1611
10.125001,822,1610
10.130001,972,1612
10.135001,858,1608
10.140000,786,1611
10.145001,968,1609
10.150002,927,1611
10.155000,764,1607
10.160000,909,1608
10.165001,944,1609
10.170001,772,1607
10.175000,810,1609
10.180001,986,1601
10.185000,847,1608
10.190001,793,1608
10.195001,967,1606
10.200002,924,1598
10.205001,777,1605
10.210001,898,1606
10.215002,940,1606
10.220000,774,1605
10.225002,817,1608
10.230001,989,1604
10.235001,837,1608
10.240001,800,1603
10.245001,975,1608
10.250001,921,1605
10.255001,760,1605
10.260001,893,1606
10.265000,944,1607
10.270001,764,1600
10.275002,828,1606
10.280002,973,1606
10.285001,835,1611
10.290002,800,1607
10.295001,971,1610
10.300002,924,1612
10.305000,757,1611
10.310000,890,1610
10.315001,949,1607
10.320002,777,1612
10.325001,816,1613
10.330000,972,1615
10.335001,854,1611
10.340002,796,1613
10.345001,967,1614
10.350000,941,1612
10.355000,771,1616
10.360001,905,1616
10.365001,946,1618
10.370001,757,1618
10.375001,807,1619
10.380000,990,1619
10.385000,853,1621
10.390001,785,1624
10.395001,962,1625
10.400000,935,1615
10.405001,772,1625
10.410000,892,1630
10.415002,942,1631
10.420001,758,1626
10.425000,831,1629
10.430001,979,1625
10.435000,839,1626
10.440001,793,1616
10.445001,987,1622
10.450001,927,1624
10.455000,755,1627
10.460001,909,1622
10.465001,951,1626
10.470000,765,1624
10.475001,814,1621
10.480001,979,1612
10.485002,840,1619
10.490001,805,1613
10.495000,982,1621
10.500001,929,1618
10.505001,762,1617
10.510001,884,1622
10.515000,943,1617
10.520002,776,1617
10.525001,819,1615
10.530001,987,1618
10.535001,840,1618
10.540002,802,1613
10.545002,979,1619
10.550001,926,1616
10.555001,757,1622
10.560000,888,1620
10.565001,953,1613
10.570000,769,1618
10.575001,818,1617
10.580001,970,1619
10.585000,857,1613
10.590001,800,1618
10.595000,974,1617
10.600001,924,1616
10.605000,756,1618
10.610001,904,1615
10.615001,963,1611
10.620001,767,1616
10.625001,808,1619
10.630000,986,1616
10.635001,850,1613
10.640001,785,1616
10.645001,978,1613
10.650001,921,1617
10.655001,777,1614
10.660000,892,1612
10.665001,940,1617
10.670002,763,1613
10.675001,808,1616
10.680001,989,1609
10.685001,846,1609
10.690001,787,1611
10.695000,990,1607
10.700002,931,1608
10.705001,756,1607
10.710001,900,1604
10.715002,941,1605
10.720002,770,1600
10.725002,810,1602
10.730001,987,1598
10.735001,844,1597
10.740000,783,1597
10.745002,979,1594
10.750001,923,1597
10.755000,752,1599
10.760001,901,1594
10.765000,946,1594
10.770001,764,1593
10.775000,811,1593
10.780001,964,1598
10.785000,861,1589
10.790002,796,1590
10.795001,977,1592
10.800001,925,1592
10.805001,759,1593
10.810001,885,1594
10.815002,956,1592
10.820001,755,1593
10.825002,823,1591
10.830001,970,1589
10.835001,838,1596
10.840002,806,1587
10.845000,970,1591
10.850002,921,1584
10.855000,766,1588
10.860001,884,1591
10.865001,956,1590
10.870002,762,1588
10.875002,810,1589
10.880000,976,1589
10.885001,852,1590
10.890000,782,1592
10.895001,970,1588
10.900000,922,1593
10.905001,762,1585
10.910002,886,1597
10.915000,952,1583
10.920001,774,1593
10.925000,814,1593
10.930000,975,1595
10.935000,862,1597
10.940001,793,1591
10.945002,961,1601
10.950002,933,1596
10.955001,761,1601
10.960001,883,1600
10.965001,940,1605
10.970001,778,1599
10.975002,822,1600
10.980001,970,1602
10.985001,847,1603
10.990000,783,1604
10.995001,987,1602
11.000002,934,1602
11.005000,762,1602
11.010000,881,1603
11.015002,956,1603
11.020000,772,1605
11.025000,821,1604
11.030002,964,1607
11.035001,851,1609
11.040001,785,1606
11.045001,974,1600
11.050001,936,1603
11.055002,753,1609
11.060000,897,1609
11.065002,940,1605
11.070002,769,1604
11.075000,812,1605
11.080000,982,1599
11.085001,842,1607
11.090002,785,1599
11.095001,966,1608
11.100002,919,1602
11.105001,764,1599
11.110002,890,1604
11.115001,958,1605
11.120001,756,1607
11.125001,806,1608
11.130000,989,1610
11.135000,847,1608
11.140001,785,1614
11.145001,984,1614
11.150000,929,1612
11.155002,754,1613
11.160001,896,1612
11.165002,953,1612
11.170002,759,1616
11.175001,812,1608
11.180001,989,1619
11.185001,850,1613
11.190002,783,1615
11.195001,979,1611
11.200001,924,1614
11.205000,774,1614
11.210001,890,1613
11.215001,943,1612
11.220002,771,1610
11.225000,809,1610
11.230000,979,1602
11.235001,863,1612
11.240001,789,1609
11.245002,962,1613
11.250001,943,1609
11.255001,766,1616
11.260001,887,1614
11.265001,963,1614
11.270002,764,1617
11.275001,805,1619
11.280001,985,1618
11.285000,847,1618
11.290002,808,1616
11.295001,976,1622
11.300001,921,1622
11.305001,779,1617
11.310001,905,1618
11.315001,958,1618
11.320002,765,1619
11.325000,824,1617
11.330000,978,1616
11.335001,847,1614
11.340002,789,1612
11.345000,968,1613
11.350002,925,1606
11.355000,777,1610
11.360002,898,1611
11.365001,945,1610
11.370000,777,1609
11.375000,817,1609
11.380002,971,1608
11.385002,840,1604
11.390002,795,1608
11.395001,974,1608
11.400002,922,1615
11.405001,765,1598
11.410001,904,1604
11.415002,946,1606
11.420001,757,1608
11.425001,828,1603
11.430001,969,1604
11.435000,863,1607
11.440001,791,1600
11.445002,966,1604
11.450000,918,1601
11.455001,755,1600
11.460001,902,1600
11.465001,956,1598
11.470000,774,1599
11.475001,824,1599
11.480001,973,1599
11.485001,839,1600
11.490000,803,1597
11.495001,976,1600
11.500001,919,1603
11.505000,773,1601
11.510000,882,1603
11.515001,938,1602
11.520001,756,1599
11.525001,821,1598
11.530001,971,1597
11.535001,844,1595
11.540001,797,1599
11.545002,964,1598
11.550001,937,1599
11.555001,773,1597
11.560002,879,1598
11.565000,951,1597
11.570000,763,1596
11.575001,808,1599
11.580002,967,1597
11.585000,865,1592
11.590001,787,1593
11.595000,979,1591
11.600001,921,1593
11.605001,750,1592
11.610001,904,1590
11.615001,948,1593
11.620001,753,1598
11.625001,821,1595
11.630001,973,1592
11.635001,861,1593
11.640000,784,1596
11.645001,982,1595
11.650001,920,1594
11.655001,755,1596
11.660000,895,1595
11.665002,940,1595
11.670001,753,1596
11.675001,814,1595
11.680001,966,1596
11.685001,864,1594
11.690001,792,1592
11.695001,964,1595
11.700002,917,1595
11.705002,762,1584
11.710001,898,1594
11.715002,945,1591
11.720000,761,1594
11.725001,802,1597
11.730000,983,1594
11.735001,847,1597
11.740001,786,1595
11.745002,976,1592
11.750002,925,1597
11.755002,755,1597
11.760001,879,1596
11.765001,960,1599
11.770002,758,1599
11.775001,804,1605
11.780001,970,1602
11.785000,860,1604
11.790001,782,1606
11.795001,960,1607
11.800001,942,1607
11.805002,763,1605
11.810002,883,1607
11.815001,956,1610
11.820001,766,1611
11.825001,808,1616
11.830001,970,1612
11.835001,852,1612
11.840001,784,1616
11.845001,983,1614
11.850001,931,1617
11.855002,762,1615
11.860001,906,1619
11.865000,958,1619
11.870001,763,1621
11.875000,810,1623
11.880001,994,1620
11.885002,864,1622
11.890000,793,1622
11.895001,976,1627
11.900000,920,1626
11.905001,780,1628
11.910001,901,1628
11.915000,947,1630
11.920001,758,1634
11.925000,833,1630
11.930001,977,1634
11.935001,867,1630
11.940002,803,1633
11.945001,974,1637
11.950002,938,1629
11.955001,775,1634
11.960001,892,1632
11.965002,966,1634
11.970000,770,1634
11.975001,815,1638
11.980001,974,1634
11.985002,857,1634
11.990001,788,1637
11.995001,978,1636
12.000001,934,1630
12.005001,776,1632
12.010002,893,1639
12.015001,947,1633
12.020001,760,1633
12.025000,829,1631
12.030002,978,1630
12.035001,868,1628
12.040002,788,1633
12.045002,987,1628
12.050001,925,1629
12.055002,758,1627
12.060000,900,1622
12.065001,945,1626
12.070001,761,1621
12.075002,823,1620
12.080001,975,1620
12.085000,869,1619
12.090001,796,1617
12.095000,973,1617
12.100002,937,1616
12.105000,762,1613
12.110001,881,1615
12.115000,960,1612
12.120001,763,1613
12.125001,826,1610
12.130000,992,1612
12.135001,855,1609
12.140001,792,1612
12.145001,969,1609
12.150000,943,1606
12.155001,764,1608
12.160001,878,1611
12.165001,947,1606
12.170002,781,1605
12.175000,816,1608
12.180001,967,1611
12.185001,867,1606
12.190000,789,1608
12.195001,979,1602
12.200001,924,1608
12.205001,754,1609
12.210000,904,1605
12.215000,956,1605
12.220001,766,1602
12.225001,812,1606
12.230002,987,1605
12.235001,850,1603
12.240001,798,1603
12.245001,982,1604
12.250001,926,1601
12.255000,763,1601
12.260000,885,1603
12.265001,939,1603
12.270002,777,1602
12.275001,813,1604
12.280001,974,1601
12.285001,844,1604
12.290002,797,1601
12.295000,968,1600
12.300001,918,1602
12.305001,774,1603
12.310001,879,1603
12.315001,959,1602
12.320001,762,1600
12.325002,807,1602
12.330002,988,1600
12.335000,854,1598
12.340000,798,1598
12.345001,970,1599
12.350000,918,1600
12.355000,753,1601
12.360002,878,1599
12.365001,940,1602
12.370000,757,1601
12.375000,828,1601
12.380001,975,1602
12.385002,855,1600
12.390002,780,1606
12.395001,979,1596
12.400000,928,1604
12.405001,759,1607
12.410000,883,1604
12.415002,958,1601
12.420000,769,1608
12.425002,814,1609
12.430002,970,1610
12.435001,844,1608
12.440001,796,1609
12.445002,964,1609
12.450000,934,1596
12.455000,778,1603
12.460001,896,1605
12.465001,943,1604
12.470000,777,1604
12.475001,809,1604
12.480001,969,1605
12.485000,870,1598
12.490000,795,1598
12.495001,970,1600
12.500000,922,1603
12.505002,771,1592
12.510001,892,1597
12.515000,950,1597
12.520001,759,1603
12.525002,826,1600
12.530001,977,1601
12.535001,852,1606
12.540001,795,1602
12.545001,975,1601
12.550001,931,1604
12.555001,756,1605
12.560000,905,1601
12.565001,958,1605
12.570000,767,1605
12.575002,812,1606
12.580001,985,1601
12.585000,857,1603
12.590000,786,1602
12.595001,971,1602
12.600001,920,1608
12.605000,778,1601
12.610001,894,1602
12.615000,957,1601
12.620001,758,1604
12.625001,806,1604
12.630000,990,1602
12.635001,854,1599
12.640001,784,1605
12.645001,989,1604
12.650002,936,1605
12.655000,765,1608
12.660000,880,1608
12.665001,944,1605
12.670002,780,1609
12.675000,825,1605
12.680001,978,1609
12.685000,849,1611
12.690000,797,1610
12.695000,976,1611
12.700001,926,1612
12.705000,756,1615
12.710001,900,1611
12.715002,951,1612
12.720001,757,1611
12.725002,822,1608
12.730000,972,1610
12.735002,851,1609
12.740001,783,1612
12.745001,979,1610
12.750000,926,1609
12.755001,771,1600
12.760002,896,1606
12.765000,959,1605
12.770002,766,1605
12.775002,822,1602
12.780002,981,1605
12.785001,847,1606
12.790001,784,1607
12.795001,965,1608
12.800001,943,1603
12.805001,769,1604
12.810000,882,1604
12.815002,944,1607
12.820001,757,1610
12.825001,826,1606
12.830000,980,1608
12.835001,850,1608
12.840001,783,1608
12.845000,980,1608
12.850001,931,1606
12.855001,758,1606
12.860002,894,1597
12.865002,947,1608
12.870000,766,1606
12.875001,807,1612
12.880001,986,1598
12.885001,865,1609
12.890000,779,1611
12.895002,969,1598
12.900001,931,1608
12.905002,759,1609
12.910002,878,1614
12.915002,965,1611
12.920002,772,1608
12.925001,812,1611
12.930001,972,1612
12.935000,848,1613
12.940001,799,1605
12.945000,973,1612
12.950000,926,1610
12.955001,753,1612
12.960000,894,1609
12.965001,954,1606
12.970001,766,1607
12.975001,806,1608
12.980000,985,1608
12.985002,863,1598
12.990002,794,1605
12.995000,960,1606
13.000001,936,1601
13.005000,763,1605
13.010000,880,1606
13.015001,941,1608
13.020002,772,1600
13.025001,801,1609
13.030001,989,1607
13.035001,844,1609
13.040001,796,1604
13.045001,964,1608
13.050001,933,1606
13.055001,765,1610
13.060001,887,1608
13.065001,941,1608
13.070001,760,1601
13.075001,826,1608
13.080001,979,1606
13.085001,851,1607
13.090001,778,1611
13.095000,981,1607
13.100001,931,1609
13.105000,754,1608
13.110001,880,1598
13.115001,953,1606
13.120002,756,1608
13.125001,819,1600
13.130000,970,1604
13.135001,850,1603
13.140000,781,1604
13.145001,983,1601
13.150000,931,1602
13.155001,756,1603
13.160000,872,1604
13.165001,960,1601
13.170001,773,1603
13.175000,811,1604
13.180000,973,1602
13.185000,849,1605
13.190001,785,1604
13.195001,964,1605
13.200001,943,1601
13.205000,765,1602
13.210001,889,1604
13.215001,951,1604
13.220000,757,1605
13.225001,821,1598
13.230000,989,1602
13.235002,866,1606
13.240001,796,1604
13.245000,967,1605
13.250000,938,1607
13.255002,755,1607
13.260001,896,1606
13.265000,950,1606
13.270002,767,1609
13.275002,816,1608
13.280000,984,1609
13.285000,851,1612
13.290001,786,1610
13.295001,961,1612
13.300001,938,1605
13.305002,759,1600
13.310001,892,1608
13.315002,955,1609
13.320001,758,1610
13.325001,804,1609
13.330001,990,1606
13.335001,858,1604
13.340001,788,1605
13.345002,965,1606
13.350001,921,1605
13.355001,770,1605
13.360002,877,1602
13.365001,959,1605
13.370002,765,1604
13.375001,806,1605
13.380000,986,1602
13.385001,851,1604
13.390000,798,1606
13.395002,967,1605
13.400000,924,1604
13.405002,774,1608
13.410002,880,1608
13.415001,970,1609
13.420001,769,1610
13.425001,819,1612
13.430002,974,1616
13.435000,865,1613
13.440002,801,1618
13.445001,970,1611
13.450001,917,1615
13.455001,768,1609
13.460000,883,1615
13.465001,954,1617
13.470001,767,1619
13.475001,813,1616
13.480000,977,1618
13.485002,852,1620
13.490002,803,1617
13.495001,975,1618
13.500000,918,1624
13.505001,770,1619
13.510001,883,1617
13.515000,950,1617
13.520001,758,1620
13.525001,825,1618
13.530000,981,1608
13.535001,851,1617
13.540001,796,1606
13.545001,979,1613
13.550001,924,1612
13.555002,755,1612
13.560000,875,1611
13.565001,946,1613
13.570000,760,1611
13.575001,806,1612
13.580001,989,1609
13.585001,871,1608
13.590001,793,1611
13.595001,965,1610
13.600001,941,1610
13.605001,764,1610
13.610001,869,1613
13.615001,965,1611
13.620001,769,1612
13.625000,818,1611
13.630001,973,1614
13.635001,858,1615
13.640001,778,1617
13.645001,976,1615
13.650000,921,1614
13.655000,767,1613
13.660001,885,1616
13.665002,951,1617
13.670001,765,1619
13.675000,832,1613
13.680000,987,1618
13.685000,860,1619
13.690002,780,1623
13.695001,979,1614
13.700001,937,1619
13.705000,763,1618
13.710001,892,1619
13.715001,949,1620
13.720001,761,1620
13.725002,805,1620
13.730000,987,1619
13.735001,858,1621
13.740001,806,1620
13.745001,973,1620
13.750002,922,1622
13.755000,761,1619
13.760000,892,1623
13.765002,955,1620
13.770000,766,1623
13.775001,808,1625
13.780001,996,1618
13.785000,866,1621
13.790002,786,1622
13.795002,964,1621
13.800001,940,1622
13.805001,764,1620
13.810002,874,1625
13.815001,969,1617
13.820001,769,1618
13.825001,812,1619
13.830000,979,1615
13.835002,868,1618
13.840001,791,1617
13.845001,979,1616
13.850001,922,1619
13.855001,776,1616
13.860001,880,1616
13.865000,950,1614
13.870002,781,1610
13.875002,817,1614
13.880000,987,1609
13.885000,863,1609
13.890001,785,1614
13.895001,959,1612
13.900000,943,1606
13.905001,763,1605
13.910000,879,1605
13.915000,946,1606
13.920000,779,1604
13.925001,805,1604
13.930002,981,1600
13.935002,856,1607
13.940001,806,1598
13.945001,968,1598
13.950001,920,1604
13.955001,751,1600
13.960000,884,1591
13.965000,956,1596
13.970001,767,1599
13.975001,805,1598
13.980000,969,1599
13.985002,871,1596
13.990001,788,1597
13.995001,958,1601
14.000000,943,1599
14.005001,768,1599
14.010001,877,1597
14.015001,944,1598
14.020001,759,1601
14.025000,813,1602
14.030002,972,1601
14.035002,876,1595
14.040000,787,1599
14.045000,962,1597
14.050001,924,1601
14.055001,759,1599
14.060000,880,1600
14.065001,958,1601
14.070002,776,1602
14.075000,810,1602
14.080000,970,1605
14.085001,875,1600
14.090001,783,1602
14.095001,965,1592
14.100001,938,1602
14.105000,756,1602
14.110002,869,1603
14.115001,965,1600
14.120001,778,1602
14.125001,814,1603
14.130000,972,1605
14.135000,852,1608
14.140001,798,1603
14.145002,963,1605
14.150001,927,1604
14.155001,757,1606
14.160000,873,1606
14.165001,972,1606
14.170001,773,1612
14.175000,810,1613
14.180000,982,1615
14.185000,856,1618
14.190002,789,1616
14.195001,961,1617
14.200002,930,1622
14.205001,775,1616
14.210000,869,1621
14.215001,945,1623
14.220000,777,1619
14.225001,809,1620
14.230001,993,1613
14.235001,877,1619
14.240000,789,1617
14.245001,957,1620
14.250002,928,1609
14.255001,762,1617
14.260002,873,1615
14.265001,947,1615
14.270002,784,1613
14.275000,819,1612
14.280001,970,1608
14.285000,862,1610
14.290001,782,1611
14.295001,981,1606
14.300001,930,1609
14.305001,751,1612
14.310000,886,1606
14.315001,947,1609
14.320000,776,1601
14.325002,819,1609
14.330000,975,1609
14.335001,859,1609
14.340001,796,1604
14.345001,978,1610
14.350002,930,1610
14.355001,749,1608
14.360001,876,1607
14.365000,951,1606
14.370001,761,1609
14.375001,824,1604
14.380000,981,1605
14.385000,857,1605
14.390001,782,1600
14.395001,966,1604
14.400000,920,1604
14.405001,770,1599
14.410001,887,1599
14.415002,944,1607
14.420001,783,1599
14.425001,808,1596
14.430001,981,1599
14.435001,857,1602
14.440002,780,1602
14.445001,968,1598
14.450001,927,1600
14.455001,763,1602
14.460002,871,1604
14.465002,949,1598
14.470002,782,1596
14.475001,807,1597
14.480000,985,1598
14.485001,872,1597
14.490002,779,1598
14.495000,973,1599
14.500001,927,1596
14.505000,754,1598
14.510000,884,1590
14.515001,959,1597
14.520001,766,1593
14.525001,805,1593
14.530001,992,1590
14.535001,866,1590
14.540001,776,1593
14.545001,969,1590
14.550000,919,1590
14.555001,752,1591
14.560000,887,1587
14.565001,953,1587
14.570001,769,1589
14.575002,810,1588
14.580001,975,1591
14.585001,859,1590
14.590002,795,1589
14.595001,968,1590
14.600001,924,1589
14.605002,772,1591
14.610001,872,1593
14.615001,945,1593
14.620001,785,1591
14.625000,807,1596
14.630002,989,1595
14.635002,864,1593
14.640000,778,1598
14.645001,968,1595
14.650000,942,1599
14.655001,769,1597
14.660001,864,1597
14.665001,962,1597
14.670001,780,1598
14.675000,803,1601
14.680000,989,1601
14.685000,858,1603
14.690001,795,1604
14.695001,961,1602
14.700001,938,1601
14.705000,766,1603
14.710001,864,1611
14.715001,967,1604
14.720000,778,1604
14.725002,809,1608
14.730001,969,1610
14.735001,868,1601
14.740002,799,1608
14.745000,965,1608
14.750000,925,1609
14.755002,752,1614
14.760000,875,1608
14.765002,954,1611
14.770001,766,1614
14.775001,828,1612
14.780000,984,1611
14.785000,872,1614
14.790002,781,1615
14.795000,984,1611
14.800002,932,1613
14.805001,754,1619
14.810001,867,1614
14.815001,970,1613
14.820000,773,1610
14.825001,807,1611
14.830000,986,1612
14.835001,867,1610
14.840001,802,1608
14.845001,969,1609
14.850002,924,1608
14.855002,756,1611
14.860000,876,1600
14.865000,963,1605
14.870001,777,1602
14.875000,818,1606
14.880000,984,1605
14.885001,866,1604
14.890001,780,1603
14.895001,956,1605
14.900000,939,1605
14.905001,756,1607
14.910001,867,1608
14.915002,972,1607
14.920001,768,1609
14.925001,830,1607
14.930001,977,1609
14.935001,877,1603
14.940001,787,1612
14.945002,957,1613
14.950001,945,1608
14.955000,769,1604
14.960001,882,1606
14.965001,944,1607
14.970001,777,1605
14.975001,821,1608
14.980000,981,1595
14.985001,868,1605
14.990000,781,1601
14.995001,967,1602
15.000002,938,1602
15.005000,755,1604
15.010001,883,1604
15.015001,956,1603
15.020002,769,1606
15.025001,826,1610
15.030001,980,1606
15.035001,884,1609
15.040001,779,1613
15.045002,975,1609
15.050000,924,1611
15.055000,769,1614
15.060000,867,1611
15.065002,970,1612
15.070001,782,1611
15.075001,819,1613
15.080000,981,1610
15.085001,866,1609
15.090002,800,1613
15.095001,970,1610
15.100001,941,1610
15.105000,762,1611
15.110002,864,1615
15.115000,957,1610
15.120001,771,1603
15.125000,818,1610
15.130002,995,1611
15.135001,877,1612
15.140001,799,1609
15.145001,966,1610
15.150001,944,1613
15.155002,753,1613
15.160001,882,1611
15.165001,968,1612
15.170002,765,1615
15.175001,821,1609
15.180001,982,1614
15.185001,875,1608
15.190001,787,1618
15.195000,973,1610
15.200001,939,1615
15.205001,763,1612
15.210001,872,1608
15.215001,966,1615
15.220001,771,1614
15.225002,813,1611
15.230001,976,1613
15.235001,865,1610
15.240001,781,1610
15.245001,979,1614
15.250002,936,1610
15.255001,756,1611
15.260000,863,1616
15.265001,968,1608
15.270002,774,1611
15.275000,804,1612
15.280001,986,1607
15.285000,880,1604
15.290001,789,1608
15.295000,961,1606
15.300000,921,1608
15.305001,762,1611
15.310001,864,1608
15.315001,973,1607
15.320000,782,1606
15.325001,822,1603
15.330001,984,1606
15.335001,868,1606
15.340002,783,1606
15.345000,956,1606
15.350001,930,1592
15.355000,770,1601
15.360001,866,1603
15.365002,962,1589
15.370000,781,1602
15.375000,820,1600
15.380001,973,1599
15.385002,863,1598
15.390001,795,1604
15.395002,963,1601
15.400001,921,1602
15.405001,771,1598
15.410000,879,1602
15.415002,955,1603
15.420001,767,1606
15.425001,829,1603
15.430001,986,1604
15.435000,867,1606
15.440002,802,1602
15.445001,970,1604
15.450001,929,1602
15.455000,755,1608
15.460002,873,1605
15.465001,968,1606
15.470001,785,1603
15.475001,814,1608
15.480001,976,1606
15.485001,861,1605
15.490001,790,1602
15.495001,956,1607
15.500001,939,1604
15.505001,766,1605
15.510001,868,1605
15.515001,953,1610
15.520002,782,1604
15.525001,813,1609
15.530001,973,1613
15.535002,875,1611
15.540000,780,1614
15.545000,981,1615
15.550001,932,1613
15.555001,757,1615
15.560000,867,1612
15.565000,963,1614
15.570000,772,1620
15.575001,822,1610
15.580001,994,1616
15.585001,879,1616
15.590001,779,1622
15.595000,966,1619
15.600001,932,1618
15.605000,754,1621
15.610001,879,1617
15.615000,963,1620
15.620002,767,1621
15.625001,810,1618
15.630002,992,1622
15.635002,877,1623
15.640002,784,1629
15.645001,982,1626
15.650001,934,1625
15.655001,761,1627
15.660001,885,1628
15.665002,958,1627
15.670001,769,1631
15.675000,812,1626
15.680000,980,1626
15.685000,887,1617
15.690002,793,1624
15.695001,963,1629
15.700001,927,1624
15.705001,755,1626
15.710001,888,1620
15.715000,960,1619
15.720001,771,1623
15.725000,808,1621
15.730000,1000,1616
15.735001,875,1619
15.740000,781,1618
15.745001,972,1611
15.750000,946,1618
15.755002,765,1619
15.760001,866,1621
15.765000,951,1623
15.770001,794,1618
15.775001,818,1624
15.780002,982,1622
15.785001,872,1625
15.790002,798,1616
15.795000,983,1622
15.800000,939,1624
15.805000,762,1623
15.810000,861,1626
15.815002,957,1626
15.820001,790,1622
15.825001,824,1625
15.830001,978,1625
15.835000,870,1621
15.840000,784,1622
15.845002,978,1621
15.850001,941,1620
15.855000,757,1621
15.860001,879,1615
15.865001,968,1621
15.870001,772,1619
15.875000,832,1618
15.880002,980,1620
15.885001,879,1615
15.890000,787,1620
15.895001,963,1619
15.900001,948,1617
15.905000,766,1619
15.910001,873,1622
15.915001,959,1617
15.920001,766,1621
15.925000,828,1619
15.930000,983,1618
15.935000,868,1618
15.940002,800,1616
15.945001,971,1616
15.950001,929,1614
15.955002,777,1612
15.960001,884,1612
15.965001,959,1611
15.970000,770,1613
15.975001,825,1610
15.980000,982,1611
15.985001,869,1609
15.990001,795,1606
15.995001,970,1608
16.000000,930,1604
16.005002,751,1606
16.010002,874,1606
16.015001,956,1603
16.020002,768,1606
16.025000,829,1603
16.030001,982,1604
16.035001,872,1603
16.040001,795,1603
16.045001,972,1599
16.050000,931,1600
16.055000,756,1603
16.060001,875,1600
16.065001,954,1601
16.070001,788,1600
16.075001,813,1598
16.080001,972,1599
16.085000,881,1598
16.090001,778,1601
16.095000,968,1594
16.100002,924,1597
16.105001,768,1588
16.110001,867,1593
16.115000,962,1587
16.120002,774,1593
16.125002,819,1587
16.130001,992,1589
16.135002,868,1591
16.140002,795,1591
16.145000,961,1589
16.150000,919,1589
16.155002,763,1587
16.160001,857,1588
16.165002,966,1585
16.170001,773,1581
16.175001,819,1587
16.180001,972,1585
16.185001,867,1587
16.190001,796,1587
16.195001,960,1584
16.200002,933,1579
16.205001,750,1587
16.210001,875,1584
16.215001,949,1585
16.220001,783,1581
16.225001,800,1586
16.230001,981,1582
16.235001,883,1581
16.240000,782,1585
16.245000,970,1584
16.250001,933,1585
16.255001,755,1587
16.260002,877,1587
16.265001,957,1586
16.270001,763,1588
16.275001,813,1588
16.280002,979,1592
16.285002,878,1593
16.290002,775,1596
16.295002,957,1589
16.300001,933,1592
16.305002,770,1596
16.310000,880,1597
16.315001,952,1601
16.320001,788,1600
16.325001,809,1606
16.330001,972,1604
16.335000,886,1605
16.340000,782,1606
16.345002,974,1610
16.350001,932,1607
16.355001,760,1605
16.360001,876,1612
16.365001,953,1616
16.370001,786,1612
16.375000,806,1619
16.380001,991,1619
16.385001,890,1619
16.390001,787,1624
16.395001,960,1616
16.400001,940,1622
16.405001,760,1627
16.410001,880,1627
16.415001,958,1629
16.420001,796,1625
16.425002,818,1628
16.430002,979,1628
16.435000,880,1629
16.440001,804,1632
16.445001,961,1631
16.450001,943,1630
16.455001,768,1630
16.460000,864,1634
16.465000,976,1633
16.470001,779,1635
16.475001,811,1633
16.480000,998,1635
16.485002,877,1633
16.490002,784,1629
16.495000,977,1630
16.500000,932,1625
16.505002,765,1620
16.510001,883,1629
16.515000,961,1626
16.520002,794,1627
16.525002,818,1628
16.530000,978,1628
16.535000,868,1622
16.540001,798,1628
16.545002,953,1625
16.550000,942,1624
16.555000,758,1625
16.560001,882,1621
16.565001,954,1626
16.570001,792,1618
16.575002,809,1624
16.580001,995,1621
16.585001,883,1619
16.590002,796,1619
16.595000,960,1621
16.600001,929,1616
16.605001,760,1620
16.610002,859,1622
16.615001,977,1617
16.620001,774,1618
16.625000,822,1616
16.630001,989,1617
16.635001,874,1618
16.640000,801,1615
16.645002,965,1615
16.650001,926,1614
16.655001,773,1612
16.660000,862,1610
16.665001,949,1609
16.670001,780,1606
16.675000,807,1608
16.680000,988,1605
16.685001,877,1602
16.690002,779,1604
16.695001,979,1597
16.700002,935,1599
16.705001,772,1597
16.710001,867,1597
16.715001,951,1595
16.720000,789,1592
16.725002,812,1593
16.730001,971,1594
16.735001,886,1589
16.740001,780,1589
16.745001,953,1593
16.750001,944,1590
16.755001,759,1588
16.760002,870,1590
16.765002,957,1588
16.770001,775,1590
16.775000,820,1584
16.780001,980,1587
16.785000,873,1591
16.790001,799,1587
16.795001,973,1589
16.800000,928,1588
16.805001,756,1591
16.810001,852,1590
16.815002,970,1588
16.820001,780,1588
16.825002,802,1590
16.830002,969,1591
16.835001,891,1587
16.840001,784,1588
16.845001,957,1587
16.850001,921,1590
16.855002,773,1584
16.860000,855,1589
16.865001,960,1592
16.870001,777,1589
16.875001,821,1591
16.880001,979,1590
16.885001,884,1581
16.890000,788,1595
16.895001,950,1596
16.900000,923,1600
16.905001,763,1598
16.910001,850,1601
16.915001,960,1601
16.920001,772,1604
16.925001,816,1601
16.930001,972,1605
16.935001,887,1607
16.940002,783,1612
16.945002,950,1608
16.950000,934,1608
16.955000,751,1612
16.960001,867,1610
16.965002,958,1613
16.970000,783,1609
16.975002,811,1616
16.980000,998,1613
16.985002,894,1615
16.990001,783,1619
16.995002,954,1616
17.000001,941,1616
17.005001,750,1618
17.010001,872,1616
17.015002,954,1619
17.020000,784,1617
17.025001,821,1618
17.030001,978,1617
17.035000,875,1620
17.040002,791,1618
17.045002,954,1621
17.050002,947,1616
17.055001,754,1620
17.060000,862,1612
17.065002,962,1619
17.070001,771,1622
17.075000,816,1621
17.080000,972,1623
17.085002,894,1624
17.090000,774,1625
17.095001,971,1625
17.100001,924,1623
17.105001,770,1622
17.110001,849,1627
17.115000,970,1628
17.120002,778,1627
17.125002,821,1624
17.130001,985,1627
17.135001,876,1629
17.140001,777,1626
17.145002,975,1628
17.150000,930,1627
17.155002,776,1624
17.160002,863,1627
17.165000,950,1631
17.170000,793,1625
17.175001,806,1625
17.180001,973,1625
17.185001,895,1624
17.190002,778,1626
17.195001,977,1620
17.200001,933,1622
17.205001,751,1623
17.210001,869,1619
17.215001,972,1619
17.220000,777,1617
17.225001,802,1615
17.230000,991,1617
17.235001,875,1621
17.240002,797,1618
17.245001,954,1614
17.250001,947,1613
17.255001,773,1611
17.260002,853,1616
17.265001,971,1614
17.270002,773,1618
17.275001,809,1616
17.280001,993,1617
17.285001,883,1618
17.290001,792,1620
17.295001,964,1620
17.300000,927,1620
17.305000,776,1616
17.310000,853,1621
17.315002,951,1621
17.320001,782,1619
17.325002,803,1618
17.330001,982,1619
17.335001,899,1618
17.340002,784,1619
17.345000,970,1617
17.350001,940,1622
17.355000,769,1612
17.360001,859,1617
17.365002,954,1619
17.370000,790,1617
17.375000,807,1619
17.380001,997,1617
17.385002,883,1617
17.390001,792,1618
17.395001,961,1617
17.400002,925,1618
17.405000,766,1618
17.410001,875,1615
17.415001,969,1618
17.420002,790,1617
17.425001,815,1622
17.430002,982,1621
17.435001,879,1624
17.440001,792,1626
17.445001,969,1622
17.450002,924,1625
17.455001,773,1621
17.460000,864,1621
17.465000,959,1618
17.470002,787,1620
17.475002,810,1620
17.480001,982,1618
17.485002,878,1619
17.490001,778,1618
17.495001,968,1617
17.500001,939,1619
17.505000,749,1617
17.510000,859,1616
17.515001,950,1617
17.520000,783,1617
17.525000,807,1618
17.530002,975,1619
17.535001,893,1616
17.540002,776,1618
17.545002,961,1616
17.550001,926,1619
17.555001,763,1615
17.560000,852,1617
17.565001,973,1615
17.570000,782,1614
17.575001,801,1615
17.580001,972,1610
17.585000,894,1613
17.590000,774,1615
17.595002,968,1613
17.600001,927,1611
17.605001,768,1610
17.610001,847,1612
17.615000,964,1611
17.620001,775,1612
17.625000,817,1612
17.630002,978,1611
17.635002,888,1605
17.640001,780,1611
17.645001,945,1613
17.650000,945,1613
17.655002,753,1612
17.660001,863,1613
17.665002,949,1615
17.670001,789,1614
17.675001,804,1617
17.680002,991,1612
17.685000,889,1618
17.690001,770,1620
17.695000,954,1617
17.700002,945,1616
17.705002,768,1619
17.710001,848,1617
17.715001,970,1619
17.720001,776,1618
17.725002,802,1614
17.730001,977,1619
17.735001,901,1619
17.740001,781,1617
17.745001,966,1617
17.750001,923,1618
17.755001,748,1617
17.760001,858,1616
17.765001,953,1617
17.770001,795,1616
17.775000,801,1617
17.780001,983,1612
17.785001,881,1614
17.790001,791,1604
17.795001,960,1612
17.800001,932,1613
17.805002,757,1600
17.810001,859,1612
17.815001,953,1612
17.820001,793,1609
17.825002,798,1609
17.830002,986,1607
17.835001,888,1604
17.840001,775,1606
17.845001,963,1605
17.850001,931,1596
17.855000,751,1604
17.860001,862,1600
17.865001,951,1601
17.870001,785,1598
17.875001,803,1599
17.880001,988,1600
17.885001,887,1600
17.890001,775,1596
17.895001,947,1599
17.900001,944,1594
17.905001,761,1597
17.910001,839,1597
17.915002,976,1594
17.920002,782,1598
17.925001,798,1601
17.930001,987,1598
17.935000,890,1597
17.940001,770,1600
17.945001,961,1597
17.950001,940,1603
17.955000,758,1600
17.960001,847,1601
17.965001,952,1603
17.970000,779,1597
17.975002,814,1599
17.980000,973,1602
17.985001,882,1604
17.990002,795,1600
17.995002,952,1603
18.000001,946,1599
18.005000,750,1603
18.010000,853,1600
18.015001,952,1598
18.020001,779,1601
18.025001,820,1599
18.030001,970,1599
18.035002,897,1599
18.040001,771,1599
18.045002,949,1590
18.050001,935,1595
18.055001,751,1596
18.060000,843,1597
18.065001,973,1594
18.070000,787,1591
18.075001,802,1594
18.080002,985,1586
18.085000,884,1592
18.090001,785,1592
18.095000,939,1588
18.100001,924,1591
18.105001,768,1583
18.110001,841,1584
18.115000,967,1579
18.120002,778,1581
18.125001,793,1582
18.130002,980,1577
18.135001,880,1579
18.140002,783,1574
18.145002,939,1576
18.150000,920,1574
18.155001,757,1564
18.160001,844,1572
18.165001,972,1569
18.170001,785,1571
18.175001,796,1568
18.180002,969,1572
18.185000,898,1569
18.190001,770,1568
18.195002,939,1570
18.200000,934,1568
18.205001,753,1566
18.210000,835,1568
18.215000,962,1567
18.220001,769,1570
18.225002,813,1568
18.230001,969,1574
18.235002,896,1569
18.240001,783,1572
18.245001,939,1580
18.250000,936,1579
18.255001,751,1582
18.260002,859,1583
18.265000,948,1588
18.270001,793,1586
18.275000,808,1586
18.280001,966,1592
18.285000,893,1592
18.290001,768,1596
18.295002,961,1592
18.300001,930,1593
18.305001,749,1597
18.310000,858,1598
18.315001,957,1597
18.320001,788,1597
18.325000,800,1599
18.330001,985,1592
18.335000,896,1602
18.340001,777,1599
18.345000,966,1596
18.350002,933,1599
18.355000,750,1602
18.360002,853,1601
18.365001,951,1607
18.370001,787,1604
18.375000,819,1603
18.380002,983,1608
18.385001,893,1609
18.390001,769,1610
18.395001,959,1612
18.400001,935,1612
18.405001,761,1613
18.410000,840,1614
18.415001,972,1614
18.420001,782,1618
18.425000,817,1618
18.430000,980,1620
18.435000,889,1615
18.440001,789,1619
18.445000,957,1622
18.450002,929,1622
18.455002,771,1620
18.460001,857,1621
18.465001,956,1625
18.470000,796,1625
18.475001,817,1625
18.480001,979,1627
18.485001,891,1631
18.490000,791,1627
18.495001,945,1630
18.500001,948,1631
18.505000,760,1632
18.510000,843,1632
18.515001,977,1634
18.520002,790,1631
18.525000,799,1636
18.530001,992,1631
18.535000,900,1634
18.540002,773,1636
18.545001,946,1634
18.550001,951,1631
18.555001,766,1632
18.560001,850,1629
18.565001,958,1632
18.570000,783,1633
18.575001,818,1630
18.580001,980,1631
18.585000,898,1630
18.590000,779,1627
18.595001,962,1627
18.600002,934,1627
18.605001,752,1628
18.610001,854,1626
18.615000,973,1620
18.620002,795,1625
18.625001,806,1625
18.630001,992,1617
18.635002,903,1618
18.640002,777,1618
18.645001,943,1618
18.650000,931,1617
18.655001,763,1617
18.660000,842,1615
18.665001,970,1614
18.670002,786,1611
18.675001,819,1612
18.680001,989,1609
18.685001,885,1612
18.690001,778,1609
18.695002,962,1607
18.700000,933,1609
18.705001,769,1611
18.710001,855,1604
18.715001,952,1609
18.720000,793,1601
18.725001,810,1606
18.730001,973,1608
18.735001,889,1610
18.740001,792,1612
18.745000,953,1608
18.750000,922,1609
18.755002,763,1610
18.760002,839,1610
18.765002,971,1608
18.770002,784,1613
18.775000,821,1610
18.780001,982,1611
18.785001,895,1612
18.790001,792,1607
18.795001,948,1612
18.800001,941,1605
18.805002,761,1608
18.810001,832,1613
18.815001,969,1611
18.820000,783,1610
18.825002,813,1605
18.830001,997,1606
18.835000,893,1609
18.840001,785,1599
18.845000,951,1605
18.850001,928,1605
18.855000,767,1603
18.860002,843,1604
18.865001,956,1604
18.870001,804,1600
18.875000,813,1604
18.880002,971,1605
18.885001,907,1594
18.890001,781,1601
18.895001,941,1607
18.900000,940,1600
18.905001,754,1601
18.910000,856,1602
18.915001,957,1602
18.920002,805,1599
18.925000,815,1599
18.930000,971,1601
18.935000,889,1602
18.940002,783,1602
18.945002,942,1603
18.950001,948,1601
18.955001,756,1600
18.960001,838,1601
18.965001,974,1602
18.970001,788,1601
18.975001,817,1602
18.980000,991,1600
18.985000,897,1602
18.990001,777,1605
18.995001,956,1603
19.000002,942,1608
19.005001,759,1609
19.010001,841,1609
19.015000,971,1613
19.020001,796,1611
19.025001,803,1614
19.030001,991,1612
19.035001,914,1610
19.040002,779,1619
19.045002,951,1609
19.050000,944,1615
19.055001,753,1612
19.060000,846,1616
19.065001,968,1612
19.070001,802,1617
19.075001,806,1618
19.080001,996,1616
19.085001,904,1616
19.090002,770,1619
19.095000,942,1621
19.100001,945,1619
19.105000,758,1619
19.110000,852,1612
19.115000,960,1619
19.120001,795,1622
19.125000,825,1619
19.130002,976,1621
19.135001,897,1617
19.140000,789,1621
19.145001,949,1621
19.150001,929,1621
19.155001,772,1620
19.160000,846,1625
19.165001,978,1622
19.170002,793,1625
19.175001,811,1622
19.180001,972,1626
19.185000,910,1625
19.190002,771,1624
19.195001,961,1622
19.200001,937,1623
19.205001,749,1623
19.210000,849,1624
19.215001,963,1620
19.220000,785,1619
19.225001,818,1618
19.230001,981,1619
19.235001,897,1614
19.240002,781,1617
19.245000,942,1623
19.250000,944,1613
19.255002,761,1618
19.260002,846,1615
19.265000,954,1617
19.270001,805,1618
19.275001,802,1618
19.280001,993,1606
19.285001,912,1616
19.290001,774,1613
19.295001,962,1610
19.300000,935,1611
19.305000,769,1610
19.310001,835,1610
19.315001,958,1610
19.320001,786,1609
19.325001,824,1607
19.330000,991,1605
19.335001,898,1605
19.340000,793,1606
19.345001,941,1604
19.350001,942,1590
19.355001,767,1602
19.360001,830,1605
19.365002,979,1603
19.370002,793,1601
19.375001,803,1601
19.380001,972,1602
19.385002,913,1600
19.390002,775,1599
19.395001,957,1595
19.400001,937,1595
19.405002,751,1599
19.410001,851,1594
19.415001,968,1595
19.420002,788,1590
19.425001,812,1595
19.430001,974,1592
19.435001,901,1598
19.440001,795,1589
19.445001,942,1591
19.450001,948,1588
19.455000,756,1591
19.460002,845,1590
19.465001,967,1592
19.470000,786,1593
19.475001,798,1595
19.480001,990,1591
19.485001,916,1590
19.490001,783,1592
19.495002,939,1595
19.500001,946,1594
19.505001,761,1596
19.510000,847,1594
19.515001,968,1599
19.520001,791,1595
19.525001,798,1600
19.530001,986,1601
19.535001,901,1601
19.540001,775,1594
19.545002,951,1601
19.550001,926,1605
19.555001,770,1604
19.560002,838,1603
19.565002,965,1605
19.570001,784,1606
19.575001,822,1608
19.580001,984,1608
19.585000,903,1605
19.590001,767,1612
19.595001,949,1609
19.600001,933,1607
19.605001,760,1600
19.610001,840,1608
19.615000,981,1603
19.620001,796,1608
19.625002,800,1611
19.630002,997,1608
19.635001,906,1609
19.640002,785,1610
19.645000,946,1611
19.650001,949,1612
19.655002,766,1616
19.660001,837,1617
19.665001,960,1617
19.670001,805,1620
19.675000,809,1621
19.680001,984,1621
19.685000,897,1624
19.690002,791,1625
19.695001,942,1627
19.700001,949,1624
19.705000,754,1625
19.710001,849,1625
19.715001,957,1626
19.720001,805,1625
19.725001,815,1624
19.730001,978,1624
19.735001,918,1625
19.740001,775,1627
19.745002,959,1624
19.750001,933,1623
19.755001,753,1625
19.760002,838,1619
19.765000,973,1625
19.770001,789,1625
19.775001,808,1627
19.780001,978,1625
19.785001,920,1624
19.790001,775,1625
19.795001,955,1619
19.800001,945,1624
19.805001,761,1624
19.810000,831,1625
19.815001,981,1621
19.820000,795,1619
19.825001,825,1616
19.830001,989,1618
19.835001,905,1617
19.840001,767,1617
19.845001,954,1606
19.850002,943,1612
19.855002,753,1611
19.860000,829,1612
19.865000,976,1606
19.870002,804,1607
19.875001,811,1606
19.880000,973,1608
19.885000,917,1606
19.890002,769,1609
19.895001,948,1605
19.900001,947,1605
19.905001,760,1604
19.910001,826,1609
19.915001,958,1606
19.920001,812,1608
19.925001,807,1609
19.930001,974,1611
19.935000,925,1606
19.940002,772,1610
19.945001,937,1609
19.950001,934,1607
19.955001,768,1607
19.960000,841,1601
19.965001,966,1605
19.970000,797,1600
19.975001,813,1606
19.980000,981,1610
19.985001,925,1605
19.990001,778,1608
19.995002,940,1611
20.000001,954,1609
20.005001,763,1608
20.010001,830,1608
20.015000,975,1612
20.020002,790,1613
20.025001,804,1613
20.030001,998,1610
20.035001,909,1613
20.040002,781,1615
20.045001,943,1609
20.050001,954,1610
20.055001,772,1613
20.060000,834,1619
20.065001,961,1614
20.070001,803,1610
20.075002,806,1611
20.080001,980,1609
20.085001,923,1608
20.090001,787,1608
20.095000,951,1608
20.100001,936,1607
20.105001,770,1606
20.110002,839,1611
20.115001,983,1608
20.120000,801,1614
20.125001,803,1610
20.130001,979,1614
20.135002,904,1612
20.140000,784,1615
20.145001,945,1618
20.150001,950,1615
20.155001,763,1621
20.160000,830,1624
20.165002,985,1624
20.170002,799,1629
20.175000,827,1626
20.180000,983,1631
20.185001,929,1631
20.190000,777,1634
20.195000,953,1633
20.200001,933,1634
20.205000,770,1633
20.210001,830,1634
20.215002,974,1631
20.220000,817,1629
20.225002,811,1631
20.230002,990,1622
20.235001,929,1631
20.240001,781,1630
20.245001,939,1632
20.250001,955,1628
20.255001,763,1628
20.260002,847,1625
20.265002,968,1625
20.270001,811,1620
20.275000,810,1628
20.280001,983,1624
20.285000,919,1629
20.290001,773,1633
20.295002,957,1627
20.300001,938,1631
20.305001,776,1625
20.310001,833,1628
20.315001,983,1627
20.320001,796,1628
20.325002,804,1628
20.330001,979,1631
20.335001,926,1625
20.340001,779,1622
20.345001,951,1622
20.350001,931,1624
20.355002,763,1615
20.360001,841,1622
20.365001,977,1620
20.370001,813,1618
20.375000,817,1617
20.380001,982,1617
20.385001,905,1621
20.390001,789,1616
20.395000,938,1617
20.400001,928,1620
20.405001,765,1613
20.410001,826,1617
20.415002,962,1608
20.420001,809,1613
20.425001,802,1615
20.430002,978,1610
20.435000,913,1609
20.440001,770,1608
20.445001,946,1612
20.450002,933,1613
20.455000,770,1610
20.460001,828,1608
20.465002,958,1611
20.470000,806,1607
20.475001,800,1610
20.480001,969,1606
20.485002,917,1602
20.490001,768,1605
20.495001,940,1599
20.500001,927,1606
20.505001,770,1602
20.510001,825,1603
20.515001,957,1603
20.520002,809,1604
20.525000,806,1602
20.530001,974,1605
20.535001,923,1601
20.540001,771,1602
20.545001,946,1595
20.550001,936,1601
20.555001,749,1602
20.560001,845,1600
20.565002,961,1601
20.570001,794,1599
20.575002,798,1601
20.580001,990,1597
20.585000,922,1598
20.590000,783,1601
20.595000,934,1598
20.600002,941,1593
20.605002,756,1599
20.610000,818,1600
20.615000,973,1597
20.620001,795,1597
20.625000,814,1593
20.630001,986,1597
20.635002,908,1596
20.640000,762,1598
20.645002,941,1598
20.650001,924,1599
20.655001,768,1596
20.660001,823,1598
20.665002,980,1597
20.670001,801,1597
20.675001,805,1597
20.680001,971,1594
20.685000,915,1595
20.690002,773,1595
20.695001,926,1599
20.700002,928,1590
20.705001,765,1593
20.710002,823,1596
20.715001,957,1596
20.720000,811,1591
20.725002,800,1593
20.730001,985,1596
20.735001,909,1595
20.740000,761,1595
20.745002,937,1595
20.750001,927,1595
20.755000,767,1600
20.760001,826,1598
20.765000,979,1600
20.770001,803,1600
20.775001,800,1601
20.780001,986,1604
20.785002,905,1601
20.790001,787,1600
20.795001,926,1605
20.800000,940,1601
20.805000,753,1602
20.810000,835,1598
20.815002,977,1603
20.820001,799,1602
20.825001,801,1599
20.830001,979,1602
20.835001,903,1602
20.840001,784,1603
20.845001,931,1604
20.850001,946,1604
20.855001,752,1603
20.860002,837,1602
20.865001,974,1597
20.870002,798,1607
20.875001,814,1604
20.880002,977,1605
20.885001,921,1603
20.890001,773,1609
20.895001,927,1612
20.900000,934,1606
20.905001,771,1603
20.910000,828,1605
20.915002,963,1600
20.920002,798,1606
20.925001,817,1605
20.930001,984,1604
20.935000,922,1598
20.940001,773,1602
20.945001,947,1600
20.950001,947,1601
20.955001,750,1599
20.960000,835,1597
20.965000,956,1600
20.970002,813,1596
20.975001,805,1595
20.980000,973,1594
20.985001,924,1593
20.990001,769,1593
20.995001,930,1590
21.000001,948,1593
21.005001,750,1593
21.010002,836,1593
21.015001,955,1592
21.020001,813,1589
21.025000,804,1593
21.030001,975,1591
21.035000,906,1593
21.040001,787,1590
21.045001,936,1591
21.050000,932,1593
21.055001,752,1594
21.060000,818,1595
21.065001,970,1593
21.070000,812,1595
21.075002,798,1596
21.080000,994,1592
21.085001,912,1596
21.090001,780,1588
21.095001,936,1597
21.100002,926,1603
21.105000,766,1593
21.110001,823,1604
21.115000,973,1599
21.120002,810,1602
21.125001,798,1601
21.130002,994,1602
21.135001,911,1605
21.140001,788,1603
21.145000,930,1602
21.150000,946,1601
21.155002,755,1601
21.160002,814,1601
21.165001,978,1600
21.170001,803,1601
21.175001,793,1602
21.180001,988,1599
21.185000,925,1598
21.190000,774,1597
21.195000,928,1597
21.200001,944,1592
21.205000,750,1598
21.210001,820,1596
21.215002,957,1599
21.220001,806,1597
21.225002,796,1601
21.230001,985,1594
21.235001,924,1598
21.240000,769,1601
21.245001,932,1599
21.250000,942,1598
21.255001,767,1603
21.260001,821,1603
21.265000,954,1609
21.270002,814,1604
21.275001,810,1593
21.280001,976,1606
21.285001,924,1604
21.290002,768,1605
21.295000,926,1606
21.300001,940,1608
21.305000,748,1610
21.310001,838,1604
21.315001,965,1605
21.320000,797,1606
21.325001,809,1609
21.330000,976,1607
21.335001,921,1604
21.340001,769,1605
21.345001,943,1598
21.350001,937,1603
21.355000,745,1603
21.360002,828,1605
21.365001,959,1607
21.370001,816,1606
21.375001,804,1602
21.380000,974,1604
21.385001,916,1595
21.390001,776,1601
21.395002,924,1606
21.400000,949,1607
21.405002,763,1605
21.410001,828,1604
21.415000,963,1606
21.420000,810,1603
21.425002,817,1602
21.430001,987,1607
21.435001,921,1605
21.440001,766,1609
21.445000,939,1602
21.450002,937,1604
21.455002,750,1605
21.460001,813,1608
21.465001,964,1601
21.470001,814,1606
21.475001,802,1605
21.480000,970,1605
21.485001,933,1601
21.490001,768,1604
21.495001,939,1604
21.500002,929,1603
21.505001,770,1601
21.510001,822,1601
21.515001,961,1605
21.520002,818,1600
21.525001,803,1600
21.530001,978,1601
21.535001,929,1599
21.540001,763,1600
21.545002,949,1596
21.550000,935,1596
21.555001,753,1599
21.560001,813,1601
21.565001,976,1599
21.570001,800,1598
21.575001,818,1598
21.580000,982,1598
21.585001,930,1600
21.590001,769,1600
21.595000,921,1602
21.600002,948,1603
21.605001,755,1600
21.610001,833,1604
21.615001,968,1605
21.620002,795,1608
21.625001,817,1604
21.630000,988,1607
21.635000,909,1608
21.640001,774,1608
21.645002,923,1610
21.650000,943,1610
21.655002,752,1614
21.660002,833,1609
21.665000,961,1612
21.670001,820,1611
21.675001,811,1611
21.680001,980,1609
21.685001,913,1612
21.690001,781,1614
21.695000,921,1612
21.700001,947,1609
21.705001,763,1612
21.710001,818,1608
21.715001,978,1608
21.720001,801,1609
21.725001,804,1608
21.730001,983,1601
21.735001,920,1607
21.740002,765,1606
21.745000,937,1604
21.750001,939,1604
21.755000,752,1605
21.760000,824,1606
21.765002,957,1606
21.770002,816,1604
21.775001,801,1606
21.780001,972,1606
21.785002,911,1611
21.790001,779,1602
21.795001,939,1606
21.800001,945,1607
21.805002,745,1613
21.810001,829,1608
21.815002,970,1610
21.820001,795,1614
21.825001,813,1610
21.830000,974,1608
21.835002,927,1610
21.840001,763,1609
21.845001,943,1609
21.850001,939,1609
21.855000,753,1609
21.860001,814,1611
21.865000,959,1611
21.870002,796,1613
21.875001,800,1612
21.880000,991,1610
21.885000,931,1612
21.890001,766,1609
21.895001,929,1614
21.900000,946,1615
21.905002,757,1612
21.910001,819,1616
21.915001,960,1619
21.920001,817,1614
21.925000,805,1616
21.930001,981,1618
21.935000,926,1621
21.940001,770,1621
21.945000,930,1620
21.950002,953,1619
21.955002,757,1621
21.960001,815,1627
21.965001,979,1624
21.970001,807,1624
21.975001,822,1621
21.980000,990,1627
21.985002,932,1624
21.990001,777,1625
21.995001,925,1628
22.000001,929,1626
22.005001,772,1620
22.010001,829,1625
22.015001,959,1628
22.020001,817,1625
22.025001,818,1627
22.030001,980,1628
22.035000,914,1627
22.040001,781,1625
22.045001,932,1627
22.050000,936,1631
22.055000,749,1631
22.060001,839,1626
22.065001,977,1626
22.070001,807,1628
22.075002,800,1626
22.080002,995,1626
22.085001,921,1625
22.090001,761,1627
22.095001,947,1621
22.100001,939,1620
22.105001,748,1623
22.110002,822,1611
22.115002,979,1618
22.120002,810,1620
22.125002,799,1618
22.130000,978,1617
22.135000,920,1618
22.140001,764,1618
22.145001,944,1615
22.150001,938,1618
22.155000,755,1618
22.160000,820,1618
22.165001,963,1622
22.170001,826,1622
22.175000,803,1622
22.180000,992,1612
22.185000,931,1619
22.190001,771,1622
22.195001,926,1621
22.200002,947,1617
22.205001,757,1619
22.210002,843,1615
22.215002,968,1617
22.220001,827,1613
22.225002,809,1615
22.230001,992,1615
22.235001,930,1617
22.240001,770,1616
22.245001,928,1616
22.250001,955,1613
22.255000,769,1604
22.260000,825,1613
22.265001,966,1613
22.270001,824,1611
22.275001,803,1614
22.280001,980,1613
22.285001,916,1613
22.290001,783,1611
22.295001,934,1613
22.300000,938,1615
22.305000,751,1616
22.310001,839,1612
22.315001,973,1617
22.320001,805,1615
22.325001,821,1612
22.330001,980,1611
22.335000,914,1618
22.340001,785,1610
22.345001,929,1610
22.350001,950,1611
22.355001,749,1610
22.360002,821,1608
22.365001,966,1609
22.370001,825,1605
22.375001,811,1604
22.380000,973,1611
22.385001,913,1609
22.390000,784,1605
22.395001,931,1605
22.400001,929,1606
22.405001,755,1600
22.410001,825,1604
22.415002,964,1604
22.420002,801,1609
22.425000,811,1602
22.430000,981,1603
22.435001,913,1601
22.440001,786,1599
22.445000,937,1599
22.450002,939,1599
22.455001,773,1594
22.460001,818,1596
22.465002,981,1594
22.470001,807,1592
22.475001,795,1593
22.480000,992,1589
22.485001,918,1589
22.490002,761,1589
22.495002,920,1590
22.500001,948,1589
22.505001,765,1585
22.510002,817,1585
22.515001,963,1587
22.520002,816,1580
22.525000,804,1584
22.530001,974,1584
22.535000,926,1575
22.540001,778,1583
22.545002,926,1580
22.550000,928,1584
22.555000,768,1578
22.560000,817,1580
22.565001,964,1579
22.570001,801,1582
22.575001,817,1576
22.580000,990,1580
22.585000,922,1581
22.590000,772,1580
22.595002,917,1582
22.600001,926,1573
22.605001,758,1579
22.610001,817,1578
22.615000,961,1580
22.620002,817,1573
22.625001,801,1580
22.630001,975,1581
22.635001,915,1584
22.640001,781,1585
22.645002,934,1586
22.650000,931,1588
22.655001,762,1582
22.660002,826,1589
22.665000,958,1590
22.670001,825,1589
22.675001,801,1595
22.680002,970,1595
22.685002,929,1593
22.690001,785,1593
22.695000,931,1596
22.700002,932,1594
22.705001,767,1596
22.710002,823,1594
22.715001,960,1594
22.720001,824,1592
22.725002,807,1594
22.730000,976,1588
22.735001,909,1592
22.740001,771,1591
22.745001,920,1592
22.750002,954,1592
22.755001,770,1591
22.760001,819,1593
22.765000,959,1597
22.770001,819,1596
22.775000,800,1599
22.780001,990,1597
22.785000,929,1597
22.790001,764,1602
22.795001,938,1600
22.800000,933,1600
22.805000,768,1600
22.810000,822,1599
22.815001,979,1597
22.820000,810,1600
22.825001,808,1595
22.830000,979,1598
22.835001,927,1597
22.840001,767,1600
22.845001,921,1594
22.850001,949,1597
22.855000,752,1601
22.860001,816,1600
22.865001,967,1603
22.870002,827,1601
22.875001,801,1606
22.880001,987,1603
22.885001,922,1606
22.890002,786,1607
22.895001,920,1603
22.900000,953,1608
22.905001,766,1605
22.910001,813,1609
22.915002,973,1605
22.920002,828,1606
22.925001,803,1604
22.930002,975,1605
22.935001,933,1602
22.940001,768,1606
22.945001,929,1601
22.950002,932,1602
22.955001,771,1603
22.960001,822,1600
22.965002,979,1598
22.970002,803,1600
22.975001,813,1592
22.980002,981,1599
22.985000,915,1599
22.990001,778,1602
22.995002,923,1597
23.000001,949,1599
23.005001,764,1599
23.010001,826,1604
23.015002,968,1604
23.020001,821,1602
23.025000,808,1603
23.030001,974,1607
23.035001,933,1609
23.040001,767,1609
23.045002,913,1609
23.050002,955,1605
23.055001,768,1609
23.060001,812,1610
23.065001,978,1609
23.070000,809,1608
23.075002,801,1599
23.080001,981,1605
23.085000,914,1606
23.090000,780,1605
23.095001,920,1603
23.100002,943,1604
23.105002,755,1605
23.110001,830,1603
23.115001,964,1606
23.120001,807,1609
23.125001,815,1605
23.130000,971,1609
23.135000,930,1606
23.140001,779,1600
23.145001,924,1609
23.150000,949,1606
23.155001,763,1610
23.160001,812,1615
23.165001,976,1606
23.170002,808,1616
23.175002,810,1609
23.180001,981,1614
23.185000,916,1618
23.190002,771,1618
23.195001,941,1611
23.200001,947,1610
23.205000,760,1614
23.210001,814,1615
23.215001,981,1615
23.220001,815,1618
23.225001,795,1621
23.230001,986,1619
23.235001,921,1618
23.240000,764,1621
23.245002,927,1618
23.250002,934,1621
23.255002,760,1622
23.260002,834,1619
23.265000,968,1622
23.270002,828,1619
23.275000,806,1619
23.280001,981,1619
23.285000,919,1619
23.290001,791,1614
23.295001,924,1619
23.300001,953,1614
23.305001,763,1614
23.310001,816,1616
23.315001,980,1611
23.320000,817,1610
23.325002,819,1608
23.330001,977,1609
23.335001,929,1600
23.340001,781,1603
23.345000,922,1610
23.350001,954,1604
23.355001,748,1606
23.360002,834,1604
23.365001,971,1602
23.370001,806,1608
23.375000,819,1603
23.380001,980,1602
23.385001,929,1597
23.390000,771,1604
23.395001,911,1602
23.400001,956,1604
23.405002,754,1603
23.410001,816,1604
23.415001,979,1601
23.420001,821,1602
23.425001,816,1602
23.430002,975,1601
23.435002,932,1605
23.440001,766,1602
23.445000,931,1604
23.450001,932,1605
23.455001,767,1604
23.460001,815,1606
23.465002,977,1606
23.470000,813,1605
23.475002,810,1605
23.480000,989,1610
23.485001,913,1612
23.490001,774,1609
23.495001,920,1611
23.500001,932,1612
23.505001,762,1613
23.510002,832,1610
23.515000,970,1612
23.520001,809,1615
23.525001,810,1617
23.530001,977,1618
23.535000,934,1612
23.540002,774,1620
23.545002,916,1621
23.550001,949,1621
23.555002,773,1620
23.560001,815,1623
23.565002,985,1620
23.570001,818,1624
23.575002,799,1627
23.580001,991,1625
23.585000,924,1627
23.590000,767,1629
23.595001,921,1629
23.600001,956,1628
23.605002,758,1631
23.610001,821,1629
23.615000,993,1626
23.620002,825,1629
23.625001,797,1632
23.630001,984,1626
23.635001,919,1628
23.640001,768,1630
23.645001,942,1624
23.650001,945,1626
23.655002,757,1625
23.660001,841,1622
23.665001,974,1624
23.670002,816,1624
23.675001,810,1618
23.680001,982,1620
23.685000,919,1624
23.690001,776,1619
23.695001,933,1620
23.700001,942,1619
23.705001,769,1618
23.710000,827,1620
23.715000,973,1612
23.720001,819,1624
23.725001,797,1619
23.730001,999,1617
23.735001,924,1622
23.740000,782,1618
23.745001,928,1622
23.750001,939,1625
23.755001,754,1625
23.760001,834,1624
23.765000,966,1622
23.770002,830,1621
23.775001,798,1625
23.780001,991,1624
23.785000,920,1626
23.790002,782,1621
23.795001,919,1621
23.800000,957,1618
23.805001,761,1618
23.810000,814,1618
23.815001,983,1617
23.820001,817,1616
23.825001,809,1617
23.830002,981,1612
23.835000,929,1606
23.840000,785,1611
23.845000,920,1615
23.850001,936,1615
23.855001,766,1611
23.860001,819,1610
23.865001,979,1608
23.870001,822,1610
23.875000,819,1610
23.880002,979,1609
23.885001,928,1603
23.890001,770,1611
23.895001,912,1614
23.900001,949,1611
23.905002,752,1614
23.910002,837,1614
23.915000,972,1609
23.920001,821,1611
23.925000,798,1613
23.930000,990,1613
23.935000,916,1611
23.940002,773,1610
23.945002,915,1612
23.950000,948,1609
23.955001,751,1612
23.960001,829,1609
23.965001,966,1611
23.970001,833,1608
23.975001,799,1612
23.980001,987,1609
23.985002,916,1614
23.990001,781,1611
23.995001,917,1611
24.000002,937,1607
24.005000,762,1613
24.010001,814,1611
24.015000,990,1607
24.020002,818,1608
24.025000,811,1600
24.030001,982,1607
24.035000,931,1600
24.040002,777,1602
24.045002,907,1611
24.050001,950,1608
24.055002,753,1608
24.060000,834,1605
24.065001,979,1611
24.070001,811,1612
24.075002,817,1608
24.080002,973,1611
24.085000,926,1609
24.090000,763,1615
24.095002,921,1612
24.100002,951,1616
24.105000,763,1604
24.110001,827,1614
24.115001,975,1604
24.120001,826,1614
24.125000,798,1615
24.130000,992,1614
24.135001,919,1614
24.140000,788,1612
24.145001,915,1614
24.150001,947,1614
24.155001,773,1612
24.160000,819,1614
24.165002,980,1611
24.170001,834,1609
24.175000,798,1611
24.180000,991,1611
24.185000,913,1609
24.190002,768,1610
24.195001,933,1610
24.200002,943,1608
24.205001,755,1608
24.210000,813,1612
24.215000,981,1608
24.220001,819,1608
24.225001,818,1604
24.230000,981,1604
24.235002,917,1608
24.240002,759,1605
24.245000,922,1605
24.250000,936,1607
24.255002,753,1609
24.260001,829,1605
24.265001,966,1609
24.270001,828,1608
24.275001,792,1609
24.280001,994,1609
24.285000,918,1612
24.290001,783,1611
24.295001,915,1613
24.300002,937,1607
24.305001,759,1611
24.310001,812,1618
24.315000,986,1613
24.320000,822,1615
24.325001,813,1615
24.330000,974,1613
24.335002,932,1613
24.340001,768,1612
24.345000,918,1610
24.350001,943,1600
24.355001,771,1610
24.360001,811,1608
24.365001,975,1608
24.370002,816,1609
24.375001,809,1603
24.380000,986,1607
24.385000,920,1605
24.390001,781,1603
24.395001,912,1605
24.400002,953,1604
24.405001,754,1606
24.410000,825,1608
24.415001,962,1610
24.420001,831,1604
24.425002,796,1606
24.430001,988,1604
24.435000,920,1609
24.440001,770,1606
24.445000,911,1612
24.450001,944,1605
24.455001,753,1608
24.460002,824,1607
24.465001,964,1605
24.470000,827,1605
24.475002,792,1607
24.480000,986,1603
24.485001,931,1600
24.490001,765,1604
24.495001,932,1607
24.500000,936,1605
24.505002,767,1598
24.510002,823,1605
24.515001,969,1607
24.520001,819,1606
24.525000,814,1606
24.530002,979,1611
24.535002,913,1613
24.540002,779,1611
24.545001,919,1611
24.550001,942,1612
24.555001,751,1613
24.560002,828,1611
24.565001,968,1613
24.570000,840,1616
24.575001,802,1609
24.580001,986,1610
24.585001,921,1608
24.590001,763,1609
24.595001,932,1604
24.600001,940,1606
24.605000,750,1607
24.610002,816,1605
24.615001,984,1604
24.620002,822,1603
24.625001,806,1610
24.630001,982,1603
24.635002,916,1608
24.640001,770,1596
24.645001,922,1604
24.650001,957,1604
24.655001,767,1608
24.660000,827,1609
24.665001,985,1608
24.670001,814,1610
24.675000,803,1608
24.680000,976,1609
24.685001,917,1609
24.690001,785,1607
24.695001,920,1610
24.700002,941,1613
24.705001,757,1613
24.710001,835,1610
24.715002,973,1613
24.720001,838,1613
24.725001,797,1612
24.730001,974,1613
24.735001,922,1610
24.740000,785,1610
24.745002,916,1613
24.750001,956,1609
24.755000,770,1611
24.760001,815,1616
24.765000,980,1613
24.770002,824,1611
24.775001,803,1602
24.780001,981,1611
24.785001,929,1605
24.790001,767,1612
24.795002,909,1613
24.800001,949,1602
24.805001,757,1614
24.810001,813,1612
24.815001,982,1609
24.820001,831,1612
24.825001,808,1602
24.830001,975,1611
24.835001,933,1607
24.840000,770,1607
24.845002,908,1608
24.850000,953,1609
24.855000,757,1605
24.860002,819,1604
24.865002,963,1608
24.870000,827,1605
24.875000,794,1609
24.880001,989,1604
24.885001,920,1608
24.890000,762,1609
24.895002,922,1605
24.900000,938,1609
24.905001,774,1604
24.910001,816,1606
24.915001,968,1611
24.920001,841,1608
24.925000,794,1611
24.930001,985,1608
24.935000,923,1610
24.940002,762,1612
24.945001,919,1602
24.950001,949,1607
24.955001,774,1606
24.960001,822,1608
24.965001,965,1603
24.970000,828,1603
24.975001,814,1604
24.980001,975,1604
24.985001,932,1603
24.990001,757,1609
24.995001,925,1605
25.000000,949,1602
25.005001,770,1605
25.010002,821,1608
25.015001,965,1609
25.020002,834,1610
25.025000,795,1611
25.030002,986,1608
25.035002,923,1608
25.040000,759,1606
25.045000,908,1608
25.050001,954,1612
25.055001,754,1610
25.060000,829,1609
25.065001,975,1608
25.070001,819,1605
25.075002,813,1611
25.080000,975,1608
25.085001,939,1604
25.090002,766,1603
25.095001,907,1603
25.100001,951,1605
25.105000,753,1605
25.110001,832,1605
25.115000,977,1602
25.120001,826,1603
25.125000,797,1605
25.130001,988,1605
25.135001,927,1607
25.140001,764,1611
25.145001,906,1614
25.150000,950,1614
25.155001,758,1614
25.160001,811,1618
25.165002,980,1616
25.170001,827,1619
25.175000,817,1621
25.180000,976,1621
25.185000,940,1624
25.190002,767,1622
25.195002,923,1613
25.200001,953,1624
25.205000,758,1623
25.210001,831,1622
25.215001,987,1622
25.220000,830,1625
25.225001,814,1623
25.230001,976,1626
25.235002,917,1627
25.240001,773,1624
25.245001,916,1624
25.250001,937,1622
25.255000,758,1621
25.260000,837,1625
25.265002,969,1624
25.270001,825,1620
25.275001,816,1623
25.280000,980,1625
25.285001,939,1622
25.290001,763,1623
25.295002,921,1620
25.300001,940,1621
25.305001,770,1618
25.310001,818,1621
25.315002,986,1620
25.320001,829,1618
25.325001,819,1615
25.330000,982,1619
25.335001,926,1617
25.340001,763,1616
25.345001,929,1615
25.350001,938,1619
25.355001,771,1615
25.360001,822,1612
25.365001,986,1613
25.370000,832,1610
25.375001,807,1611
25.380001,968,1613
25.385001,936,1609
25.390001,760,1609
25.395002,921,1605
25.400001,937,1606
25.405002,766,1597
25.410001,830,1608
25.415001,973,1605
25.420001,822,1608
25.425001,816,1600
25.430002,975,1602
25.435000,932,1599
25.440002,769,1599
25.445002,906,1602
25.450001,955,1600
25.455000,760,1602
25.460002,835,1597
25.465001,971,1599
25.470001,840,1598
25.475002,800,1600
25.480001,969,1599
25.485001,932,1593
25.490001,765,1599
25.495002,905,1599
25.500001,936,1602
25.505001,769,1599
25.510001,814,1603
25.515000,966,1602
25.520002,837,1599
25.525000,795,1604
25.530002,992,1603
25.535001,918,1606
25.540001,777,1608
25.545002,905,1605
25.550001,957,1599
25.555001,772,1602
25.560000,819,1602
25.565002,969,1602
25.570001,817,1599
25.575001,812,1597
25.580001,977,1596
25.585001,917,1598
25.590001,778,1593
25.595000,904,1594
25.600001,951,1595
25.605001,751,1593
25.610002,832,1586
25.615002,978,1590
25.620001,831,1588
25.625001,793,1590
25.630000,968,1590
25.635000,913,1591
25.640002,776,1587
25.645002,902,1589
25.650001,931,1593
25.655001,754,1594
25.660000,818,1594
25.665002,987,1592
25.670001,825,1594
25.675001,793,1593
25.680001,985,1595
25.685001,922,1595
25.690001,755,1598
25.695001,918,1597
25.700001,935,1600
25.705000,766,1597
25.710002,809,1601
25.715002,973,1598
25.720002,840,1598
25.725001,785,1600
25.730001,973,1599
25.735002,913,1602
25.740001,775,1600
25.745001,899,1599
25.750001,948,1598
25.755001,749,1602
25.760002,821,1597
25.765000,962,1598
25.770001,837,1596
25.775001,792,1592
25.780002,970,1591
25.785001,920,1594
25.790001,773,1589
25.795001,919,1590
25.800000,941,1590
25.805001,747,1594
25.810001,811,1591
25.815002,985,1585
25.820001,818,1591
25.825001,802,1586
25.830000,975,1587
25.835001,929,1586
25.840001,762,1589
25.845000,894,1590
25.850001,936,1588
25.855001,771,1587
25.860002,828,1587
25.865000,967,1592
25.870001,835,1589
25.875001,797,1590
25.880001,986,1590
25.885000,922,1592
25.890001,760,1593
25.895000,911,1584
25.900001,941,1594
25.905001,751,1596
25.910001,827,1594
25.915001,963,1598
25.920002,847,1593
25.925000,803,1592
25.930000,975,1595
25.935000,925,1592
25.940002,761,1596
25.945002,922,1592
25.950002,948,1593
25.955002,768,1594
25.960001,811,1596
25.965001,985,1596
25.970002,832,1591
25.975001,790,1595
25.980001,989,1593
25.985001,926,1593
25.990001,757,1597
25.995001,904,1593
26.000001,958,1592
26.005001,761,1594
26.010001,813,1593
26.015001,991,1593
26.020001,830,1595
26.025001,792,1601
26.030001,989,1597
26.035001,935,1596
26.040001,769,1600
26.045001,916,1601
26.050001,940,1605
26.055001,754,1608
26.060002,823,1605
26.065001,974,1608
26.070000,844,1601
26.075002,803,1610
26.080000,970,1613
26.085002,939,1613
26.090002,762,1610
26.095000,925,1613
26.100001,948,1617
26.105000,761,1612
26.110001,828,1608
26.115000,982,1616
26.120002,827,1619
26.125002,809,1617
26.130002,973,1619
26.135002,919,1623
26.140001,777,1617
26.145001,915,1621
26.150001,942,1623
26.155002,775,1623
26.160001,820,1621
26.165001,969,1627
26.170001,845,1618
26.175001,807,1625
26.180001,979,1627
26.185001,925,1621
26.190001,767,1624
26.195002,920,1622
26.200000,953,1621
26.205000,757,1624
26.210001,813,1623
26.215002,973,1621
26.220001,849,1622
26.225000,808,1620
26.230001,976,1619
26.235001,916,1622
26.240002,781,1618
26.245000,921,1617
26.250001,937,1619
26.255000,757,1617
26.260001,809,1617
26.265001,965,1620
26.270001,847,1615
26.275001,801,1620
26.280001,973,1619
26.285000,916,1618
26.290002,772,1617
26.295002,906,1613
26.300000,936,1619
26.305000,777,1612
26.310000,820,1616
26.315001,970,1614
26.320000,847,1615
26.325001,801,1614
26.330001,974,1615
26.335001,919,1616
26.340002,779,1613
26.345001,906,1613
26.350001,940,1615
26.355001,770,1613
26.360001,810,1613
26.365001,983,1606
26.370001,840,1609
26.375000,787,1610
26.380001,978,1608
26.385001,914,1607
26.390000,773,1608
26.395001,914,1598
26.400001,945,1603
26.405001,769,1598
26.410001,814,1605
26.415001,963,1603
26.420001,842,1600
26.425001,791,1603
26.430000,969,1603
26.435000,928,1601
26.440001,761,1600
26.445000,909,1598
26.450001,937,1600
26.455000,778,1597
26.460001,825,1596
26.465001,980,1595
26.470001,828,1597
26.475002,786,1600
26.480000,989,1594
26.485001,922,1595
26.490002,771,1587
26.495000,911,1593
26.500001,938,1593
26.505000,773,1593
26.510001,826,1591
26.515001,970,1590
26.520002,845,1587
26.525002,795,1595
26.530001,963,1596
26.535000,919,1587
26.540001,769,1592
26.545002,893,1593
26.550000,949,1594
26.555000,758,1595
26.560001,809,1596
26.565002,964,1600
26.570001,847,1596
26.575002,792,1599
26.580001,969,1599
26.585000,915,1600
26.590000,768,1602
26.595001,906,1599
26.600000,938,1602
26.605000,751,1602
26.610002,824,1602
26.615001,965,1605
26.620001,844,1602
26.625002,795,1601
26.630000,987,1604
26.635001,923,1606
26.640001,757,1609
26.645001,913,1604
26.650000,935,1612
26.655001,774,1610
26.660001,820,1610
26.665002,981,1606
26.670001,839,1611
26.675001,789,1613
26.680001,983,1615
26.685000,920,1616
26.690002,774,1610
26.695001,908,1616
26.700001,941,1614
26.705001,754,1616
26.710000,823,1615
26.715001,965,1619
26.720000,846,1613
26.725002,794,1617
26.730001,989,1614
26.735001,929,1612
26.740002,769,1613
26.745002,899,1612
26.750002,956,1613
26.755000,765,1611
26.760001,816,1613
26.765001,973,1608
26.770001,845,1611
26.775001,797,1611
26.780001,973,1615
26.785001,917,1618
26.790002,778,1616
26.795001,906,1614
26.800002,940,1620
26.805002,772,1616
26.810001,821,1617
26.815002,977,1615
26.820001,835,1615
26.825001,807,1615
26.830001,971,1620
26.835000,939,1617
26.840000,768,1618
26.845001,900,1621
26.850001,948,1618
26.855002,757,1617
26.860001,835,1617
26.865001,974,1616
26.870001,852,1613
26.875000,798,1614
26.880001,992,1611
26.885001,921,1614
26.890000,759,1615
26.895002,913,1612
26.900001,940,1613
26.905002,772,1612
26.910001,812,1614
26.915001,985,1613
26.920000,836,1611
26.925002,787,1613
26.930000,986,1609
26.935000,936,1609
26.940001,756,1613
26.945000,921,1606
26.950002,949,1609
26.955001,760,1608
26.960000,821,1607
26.965000,963,1609
26.970001,827,1612
26.975001,805,1604
26.980001,986,1605
26.985001,930,1608
26.990001,760,1606
26.995001,908,1605
27.000000,941,1605
27.005001,776,1600
27.010002,824,1602
27.015001,970,1601
27.020001,842,1602
27.025000,810,1602
27.030001,971,1599
27.035001,936,1604
27.040002,757,1601
27.045001,908,1600
27.050001,962,1595
27.055001,756,1596
27.060001,826,1594
27.065001,964,1597
27.070002,844,1593
27.075000,797,1594
27.080000,967,1587
27.085001,916,1590
27.090001,781,1585
27.095001,915,1582
27.100001,950,1583
27.105001,761,1587
27.110002,816,1584
27.115002,978,1582
27.120002,837,1582
27.125001,793,1582
27.130002,982,1584
27.135002,922,1584
27.140000,764,1589
27.145001,900,1586
27.150000,937,1588
27.155001,770,1588
27.160001,810,1589
27.165002,981,1585
27.170001,841,1592
27.175001,789,1592
27.180000,982,1589
27.185000,922,1595
27.190002,758,1596
27.195002,918,1592
27.200001,943,1594
27.205000,753,1595
27.210001,808,1596
27.215000,986,1594
27.220000,843,1596
27.225001,794,1598
27.230001,962,1599
27.235001,926,1602
27.240000,755,1604
27.245001,917,1600
27.250000,936,1608
27.255001,772,1603
27.260001,810,1606
27.265001,988,1606
27.270001,830,1608
27.275001,802,1611
27.280001,974,1612
27.285001,914,1616
27.290002,778,1617
27.295001,898,1616
27.300000,939,1619
27.305000,772,1618
27.310000,821,1620
27.315001,970,1620
27.320001,841,1622
27.325001,796,1622
27.330001,993,1622
27.335000,930,1620
27.340000,760,1623
27.345001,911,1622
27.350001,943,1620
27.355000,760,1622
27.360002,830,1616
27.365001,987,1616
27.370001,852,1613
27.375000,794,1615
27.380001,966,1617
27.385001,932,1614
27.390002,763,1615
27.395001,897,1620
27.400000,956,1617
27.405001,767,1618
27.410001,808,1616
27.415001,982,1619
27.420001,848,1619
27.425001,810,1618
27.430001,967,1622
27.435001,919,1617
27.440002,774,1617
27.445001,903,1617
27.450002,958,1617
27.455001,768,1621
27.460001,822,1617
27.465002,969,1615
27.470001,851,1613
27.475001,795,1615
27.480000,970,1620
27.485002,935,1612
27.490002,767,1613
27.495002,918,1609
27.500002,951,1614
27.505001,753,1613
27.510001,822,1613
27.515001,965,1615
27.520002,842,1614
27.525000,791,1616
27.530001,993,1614
27.535000,929,1610
27.540002,767,1613
27.545001,902,1608
27.550001,963,1609
27.555002,765,1613
27.560000,817,1610
27.565001,975,1612
27.570000,829,1613
27.575001,792,1605
27.580001,986,1605
27.585001,927,1612
27.590002,770,1601
27.595001,905,1603
27.600002,937,1604
27.605002,763,1601
27.610001,812,1599
27.615000,984,1597
27.620000,834,1600
27.625001,809,1593
27.630000,974,1597
27.635001,923,1596
27.640001,755,1602
27.645002,913,1597
27.650001,946,1598
27.655001,754,1601
27.660002,830,1601
27.665001,975,1599
27.670002,843,1599
27.675001,804,1606
27.680000,978,1602
27.685000,915,1603
27.690002,776,1603
27.695001,906,1605
27.700002,935,1603
27.705001,772,1603
27.710001,806,1606
27.715002,981,1602
27.720001,829,1608
27.725001,802,1603
27.730000,974,1603
27.735001,916,1604
27.740001,767,1603
27.745002,919,1601
27.750001,947,1601
27.755001,775,1599
27.760001,809,1600
27.765001,980,1601
27.770001,843,1596
27.775000,798,1600
27.780002,970,1602
27.785001,932,1598
27.790000,772,1600
27.795000,898,1599
27.800002,953,1597
27.805001,755,1600
27.810000,809,1601
27.815001,986,1597
27.820000,835,1598
27.825002,802,1592
27.830001,985,1600
27.835001,920,1599
27.840001,764,1592
27.845001,893,1599
27.850001,959,1600
27.855000,768,1598
27.860001,811,1599
27.865001,983,1596
27.870001,841,1601
27.875001,789,1599
27.880001,984,1599
27.885001,920,1596
27.890001,771,1597
27.895001,909,1599
27.900000,943,1602
27.905001,760,1604
27.910001,812,1604
27.915000,985,1604
27.920001,829,1605
27.925000,808,1605
27.930000,991,1608
27.935001,925,1604
27.940001,780,1608
27.945001,907,1605
27.950001,938,1610
27.955001,764,1608
27.960001,831,1605
27.965001,979,1609
27.970001,831,1609
27.975001,806,1606
27.980001,971,1611
27.985000,917,1606
27.990000,778,1608
27.995001,897,1609
28.000000,961,1608
28.005001,762,1609
28.010001,829,1610
28.015000,970,1611
28.020001,851,1611
28.025001,802,1610
28.030001,978,1606
28.035000,927,1614
28.040001,760,1615
28.045001,911,1612
28.050001,943,1613
28.055001,780,1612
28.060000,819,1612
28.065000,973,1612
28.070000,829,1616
28.075000,806,1612
28.080000,984,1612
28.085001,917,1616
28.090001,777,1613
28.095000,900,1613
28.100001,961,1613
28.105001,758,1613
28.110001,832,1612
28.115000,974,1613
28.120001,847,1615
28.125001,789,1614
28.130000,986,1611
28.135000,929,1614
28.140001,781,1618
28.145001,911,1617
28.150000,937,1622
28.155001,776,1620
28.160000,823,1621
28.165002,972,1623
28.170001,848,1616
28.175000,801,1620
28.180000,979,1621
28.185000,919,1625
28.190002,783,1619
28.195001,909,1619
28.200001,949,1622
28.205001,755,1621
28.210001,833,1618
28.215002,972,1622
28.220001,840,1618
28.225001,797,1618
28.230000,970,1620
28.235001,929,1615
28.240001,773,1617
28.245001,897,1616
28.250000,959,1616
28.255002,774,1616
28.260002,825,1615
28.265000,967,1621
28.270001,853,1615
28.275000,792,1618
28.280001,988,1616
28.285002,925,1617
28.290000,762,1621
28.295000,920,1616
28.300001,953,1615
28.305001,758,1616
28.310000,832,1613
28.315001,978,1616
28.320001,835,1613
28.325001,811,1615
28.330002,991,1614
28.335001,926,1612
28.340001,782,1611
28.345001,912,1613
28.350002,961,1612
28.355001,759,1611
28.360001,829,1608
28.365001,976,1607
28.370000,834,1611
28.375000,806,1607
28.380002,971,1606
28.385001,930,1606
28.390000,764,1608
28.395002,917,1604
28.400001,941,1604
28.405002,776,1604
28.410001,817,1606
28.415001,985,1600
28.420000,833,1606
28.425002,806,1604
28.430002,968,1604
28.435000,935,1601
28.440001,763,1605
28.445000,907,1602
28.450001,962,1602
28.455002,756,1604
28.460001,830,1603
28.465002,967,1606
28.470002,850,1604
28.475001,795,1608
28.480000,986,1601
28.485002,930,1606
28.490001,760,1606
28.495000,917,1604
28.500000,943,1607
28.505002,756,1608
28.510001,830,1605
28.515002,973,1609
28.520002,848,1605
28.525000,801,1607
28.530001,972,1611
28.535001,941,1610
28.540002,772,1613
28.545002,900,1612
28.550001,961,1615
28.555001,761,1612
28.560001,833,1614
28.565002,966,1617
28.570001,843,1617
28.575002,795,1617
28.580001,989,1618
28.585002,926,1620
28.590001,760,1619
28.595000,913,1619
28.600001,946,1622
28.605001,757,1627
28.610001,836,1620
28.615000,983,1621
28.620001,841,1623
28.625001,791,1624
28.630002,970,1624
28.635002,937,1622
28.640002,764,1624
28.645002,913,1623
28.650001,943,1624
28.655001,775,1621
28.660000,819,1623
28.665001,972,1625
28.670002,861,1621
28.675001,805,1622
28.680002,969,1623
28.685001,947,1620
28.690001,775,1621
28.695002,901,1623
28.700001,962,1622
28.705000,764,1625
28.710001,812,1625
28.715001,991,1628
28.720001,850,1623
28.725000,793,1628
28.730000,973,1627
28.735001,945,1625
28.740001,768,1628
28.745002,914,1625
28.750001,958,1630
28.755001,764,1629
28.760001,829,1628
28.765000,981,1628
28.770001,850,1626
28.775001,804,1630
28.780001,978,1630
28.785001,933,1631
28.790001,762,1631
28.795001,913,1627
28.800001,946,1628
28.805001,776,1627
28.810001,824,1628
28.815001,968,1629
28.820002,851,1625
28.825001,805,1620
28.830000,971,1620
28.835001,940,1622
28.840002,762,1622
28.845001,911,1621
28.850001,939,1623
28.855000,773,1618
28.860002,812,1619
28.865002,982,1618
28.870000,850,1615
28.875001,800,1617
28.880001,967,1617
28.885001,935,1618
28.890000,759,1618
28.895001,917,1615
28.900001,950,1618
28.905002,752,1620
28.910001,823,1615
28.915001,986,1611
28.920001,835,1618
28.925000,804,1621
28.930000,971,1618
28.935001,919,1615
28.940002,771,1616
28.945001,900,1606
28.950001,942,1614
28.955001,776,1604
28.960000,824,1608
28.965000,967,1613
28.970000,838,1610
28.975002,789,1607
28.980000,990,1603
28.985001,942,1600
28.990001,758,1603
28.995001,892,1601
29.000002,944,1599
29.005001,754,1600
29.010002,815,1599
29.015001,992,1595
29.020001,849,1598
29.025000,787,1602
29.030001,979,1597
29.035000,925,1598
29.040001,755,1606
29.045001,915,1592
29.050000,945,1603
29.055000,771,1591
29.060000,819,1601
29.065002,971,1597
29.070002,850,1594
29.075002,792,1595
29.080001,970,1596
29.085000,919,1597
29.090001,772,1598
29.095000,893,1597
29.100002,959,1594
29.105000,764,1594
29.110001,823,1590
29.115001,975,1596
29.120001,836,1593
29.125000,802,1593
29.130002,972,1594
29.135001,917,1596
29.140001,772,1600
29.145001,895,1597
29.150001,949,1599
29.155001,773,1599
29.160000,810,1600
29.165002,987,1598
29.170000,848,1601
29.175001,787,1599
29.180002,977,1603
29.185000,921,1601
29.190001,772,1605
29.195001,901,1606
29.200002,938,1608
29.205001,779,1603
29.210000,817,1604
29.215000,971,1608
29.220001,831,1606
29.225002,799,1606
29.230001,969,1609
29.235001,937,1599
29.240001,772,1606
29.245001,891,1611
29.250000,954,1610
29.255001,756,1606
29.260001,809,1610
29.265000,982,1605
29.270002,848,1604
29.275001,798,1606
29.280001,966,1611
29.285001,932,1605
29.290001,760,1607
29.295002,910,1604
29.300001,952,1605
29.305001,754,1609
29.310000,817,1604
29.315002,966,1602
29.320001,848,1601
29.325002,805,1597
29.330001,975,1600
29.335001,914,1604
29.340001,759,1600
29.345001,908,1599
29.350000,938,1597
29.355001,772,1596
29.360001,814,1596
29.365000,982,1592
29.370002,839,1595
29.375001,789,1595
29.380000,971,1591
29.385001,933,1597
29.390001,773,1593
29.395001,898,1597
29.400001,941,1599
29.405001,770,1596
29.410000,809,1600
29.415002,982,1600
29.420001,833,1599
29.425001,811,1602
29.430001,972,1604
29.435000,917,1604
29.440001,778,1604
29.445001,900,1605
29.450001,949,1605
29.455001,773,1605
29.460001,809,1606
29.465000,970,1605
29.470002,854,1599
29.475002,799,1601
29.480000,985,1599
29.485002,921,1602
29.490001,770,1603
29.495001,913,1602
29.500000,939,1605
29.505001,757,1609
29.510001,831,1608
29.515000,982,1609
29.520002,838,1609
29.525000,807,1609
29.530001,979,1606
29.535000,922,1615
29.540001,761,1611
29.545000,908,1605
29.550000,948,1608
29.555000,761,1611
29.560001,813,1613
29.565000,971,1611
29.570001,854,1607
29.575002,802,1607
29.580001,973,1606
29.585001,936,1609
29.590000,764,1609
29.595001,913,1603
29.600000,943,1609
29.605000,776,1606
29.610001,814,1609
29.615001,988,1610
29.620001,838,1612
29.625000,803,1601
29.630002,984,1610
29.635000,923,1614
29.640001,776,1611
29.645002,898,1615
29.650001,959,1616
29.655001,754,1621
29.660001,817,1617
29.665001,972,1618
29.670000,852,1618
29.675001,796,1618
29.680001,993,1617
29.685001,926,1619
29.690002,772,1614
29.695000,901,1620
29.700001,942,1621
29.705000,769,1618
29.710001,810,1621
29.715001,986,1621
29.720001,842,1624
29.725001,811,1620
29.730001,984,1623
29.735001,922,1624
29.740001,778,1627
29.745000,897,1627
29.750000,954,1626
29.755001,780,1627
29.760001,822,1628
29.765000,972,1630
29.770001,856,1626
29.775001,790,1628
29.780001,981,1626
29.785001,947,1626
29.790001,769,1625
29.795001,895,1628
29.800000,967,1624
29.805000,778,1627
29.810001,824,1625
29.815002,973,1624
29.820001,838,1621
29.825001,810,1620
29.830002,973,1620
29.835001,942,1620
29.840001,773,1619
29.845001,897,1619
29.850002,943,1619
29.855001,762,1621
29.860002,828,1617
29.865000,978,1621
29.870001,835,1621
29.875000,805,1621
29.880001,971,1621
29.885001,934,1615
29.890001,782,1619
29.895002,908,1618
29.900001,940,1621
29.905002,770,1621
29.910001,828,1621
29.915001,970,1618
29.920002,840,1618
29.925000,812,1619
29.930001,969,1619
29.935000,937,1615
29.940000,766,1615
29.945000,893,1615
29.950001,955,1611
29.955000,755,1614
29.960002,824,1609
29.965001,971,1610
29.970001,852,1609
29.975000,796,1608
29.980000,983,1607
29.985001,928,1613
29.990001,760,1609
29.995002,913,1606
30.000002,944,1609
30.005001,777,1606
30.010001,821,1605
30.015002,973,1608
30.020002,835,1609
30.025001,808,1608
30.030002,972,1610
30.035001,934,1611
30.040002,768,1611
30.045001,901,1608
30.050001,963,1608
30.055001,763,1610
30.060000,820,1609
30.065001,977,1609
30.070001,837,1610
30.075002,808,1600
30.080001,977,1606
30.085002,927,1606
30.090001,767,1598
30.095001,903,1605
30.100002,945,1604
30.105000,778,1603
30.110002,817,1607
30.115002,985,1598
30.120000,841,1605
30.125000,789,1606
30.130002,990,1606
30.135001,928,1610
30.140001,764,1606
30.145001,907,1611
30.150001,962,1611
30.155002,773,1615
30.160001,810,1616
30.165001,985,1615
30.170001,835,1616
30.175001,805,1619
30.180001,974,1617
30.185000,941,1616
30.190002,757,1621
30.195001,918,1615
30.200001,948,1617
30.205000,757,1617
30.210001,836,1615
30.215002,975,1614
30.220000,833,1613
30.225002,805,1612
30.230002,975,1613
30.235000,921,1612
30.240000,763,1611
30.245001,918,1610
30.250000,947,1610
30.255001,776,1610
30.260001,820,1613
30.265001,968,1612
30.270001,851,1609
30.275000,796,1611
30.280001,996,1610
30.285001,938,1612
30.290001,776,1613
30.295000,904,1613
30.300001,940,1614
30.305002,777,1615
30.310001,827,1616
30.315001,973,1614
30.320001,853,1616
30.325001,795,1617
30.330001,989,1616
30.335001,927,1617
30.340002,764,1618
30.345001,915,1620
30.350001,948,1620
30.355001,763,1616
30.360001,831,1619
30.365000,982,1619
30.370001,838,1620
30.375000,806,1616
30.380001,969,1623
30.385001,920,1618
30.390000,779,1613
30.395001,914,1617
30.400001,945,1614
30.405002,773,1608
30.410001,816,1611
30.415001,966,1614
30.420000,847,1612
30.425002,786,1613
30.430002,984,1609
30.435000,926,1609
30.440001,758,1609
30.445001,910,1608
30.450002,940,1609
30.455001,768,1606
30.460000,814,1606
30.465000,986,1607
30.470002,831,1610
30.475002,810,1604
30.480000,973,1603
30.485002,927,1608
30.490001,775,1604
30.495001,892,1609
30.500000,956,1603
30.505002,752,1609
30.510001,826,1600
30.515001,974,1604
30.520002,849,1604
30.525001,786,1606
30.530001,979,1605
30.535002,928,1605
30.540001,757,1610
30.545002,914,1606
30.550002,947,1605
30.555001,752,1611
30.560001,827,1608
30.565002,969,1611
30.570001,853,1608
30.575001,803,1604
30.580000,976,1608
30.585002,918,1612
30.590001,775,1610
30.595001,893,1613
30.600001,955,1610
30.605001,758,1611
30.610001,808,1611
30.615002,982,1609
30.620001,853,1607
30.625000,805,1607
30.630002,966,1607
30.635001,926,1599
30.640001,763,1609
30.645001,892,1603
30.650001,948,1604
30.655002,764,1598
30.660001,814,1604
30.665001,970,1604
30.670002,852,1606
30.675002,801,1606
30.680001,966,1604
30.685002,925,1605
30.690002,757,1603
30.695001,912,1603
30.700001,945,1605
30.705000,756,1604
30.710002,819,1603
30.715001,964,1604
30.720000,836,1596
30.725001,791,1604
30.730000,964,1604
30.735001,925,1602
30.740001,759,1599
30.745002,911,1599
30.750001,952,1599
30.755001,754,1600
30.760000,821,1597
30.765001,981,1592
30.770001,832,1601
30.775001,801,1601
30.780001,964,1595
30.785000,934,1599
30.790001,759,1601
30.795002,904,1601
30.800001,937,1603
30.805002,776,1598
30.810001,822,1599
30.815002,966,1600
30.820001,845,1598
30.825002,793,1602
30.830001,970,1595
30.835001,940,1594
30.840001,760,1598
30.845000,892,1597
30.850001,956,1588
30.855001,767,1593
30.860001,808,1596
30.865001,984,1595
30.870001,847,1593
30.875002,803,1594
30.880002,972,1594
30.885001,921,1591
30.890001,754,1598
30.895002,910,1585
30.900001,953,1595
30.905000,757,1594
30.910000,825,1594
30.915001,969,1595
30.920001,851,1592
30.925000,795,1594
30.930000,965,1599
30.935000,923,1595
30.940001,780,1592
30.945001,894,1596
30.950000,950,1596
30.955000,771,1596
30.960001,809,1599
30.965001,975,1598
30.970000,830,1599
30.975000,809,1594
30.980000,972,1598
30.985002,922,1594
30.990001,774,1598
30.995001,896,1599
31.000001,943,1602
31.005001,770,1603
31.010001,810,1605
31.015001,985,1603
31.020001,837,1609
31.025002,791,1613
31.030002,993,1610
31.035002,930,1613
31.040000,762,1616
31.045000,919,1617
31.050002,944,1618
31.055001,779,1620
31.060001,809,1623
31.065001,987,1615
31.070001,833,1623
31.075002,806,1625
31.080001,972,1625
31.085000,942,1626
31.090001,765,1624
31.095000,913,1624
31.100001,949,1627
31.105002,762,1626
31.110002,822,1625
31.115001,970,1627
31.120001,846,1624
31.125002,790,1626
31.130002,983,1625
31.135000,946,1622
31.140001,771,1624
31.145001,921,1622
31.150000,940,1626
31.155001,776,1621
31.160000,811,1626
31.165002,978,1622
31.170001,852,1619
31.175001,812,1619
31.180001,987,1622
31.185000,934,1612
31.190001,766,1617
31.195000,911,1612
31.200001,950,1617
31.205001,754,1616
31.210001,819,1617
31.215001,981,1613
31.220001,854,1609
31.225001,788,1615
31.230001,971,1611
31.235001,934,1609
31.240000,763,1607
31.245001,909,1606
31.250001,939,1605
31.255001,755,1602
31.260002,817,1601
31.265000,990,1596
31.270001,834,1601
31.275001,804,1594
31.280001,974,1593
31.285000,926,1592
31.290001,758,1594
31.295002,915,1587
31.300001,937,1589
31.305001,752,1585
31.310000,818,1586
31.315001,963,1584
31.320000,845,1582
31.325001,798,1585
31.330001,984,1581
31.335001,913,1585
31.340001,772,1583
31.345001,897,1583
31.350001,951,1581
31.355000,751,1583
31.360001,824,1578
31.365000,965,1580
31.370001,844,1578
31.375001,790,1582
31.380000,980,1578
31.385001,916,1584
31.390000,773,1579
31.395002,891,1581
31.400000,937,1582
31.405001,773,1579
31.410001,820,1580
31.415002,967,1582
31.420001,849,1585
31.425000,791,1583
31.430000,972,1577
31.435000,919,1585
31.440002,774,1588
31.445001,893,1587
31.450001,954,1589
31.455002,760,1589
31.460000,821,1585
31.465000,962,1593
31.470001,839,1590
31.475002,788,1598
31.480001,986,1594
31.485001,923,1595
31.490000,755,1598
31.495001,915,1598
31.500000,945,1591
31.505001,765,1598
31.510002,825,1597
31.515002,968,1598
31.520002,832,1588
31.525000,800,1598
31.530001,969,1600
31.535000,923,1593
31.540002,778,1600
31.545001,904,1599
31.550001,941,1601
31.555000,774,1599
31.560000,819,1602
31.565001,977,1605
31.570000,828,1605
31.575002,810,1601
31.580000,977,1604
31.585001,914,1607
31.590001,773,1604
31.595000,898,1605
31.600001,937,1610
31.605001,764,1606
31.610001,812,1609
31.615001,988,1607
31.620001,835,1610
31.625002,813,1609
31.630002,980,1612
31.635001,923,1610
31.640000,778,1611
31.645002,900,1612
31.650001,936,1615
31.655001,770,1613
31.660001,808,1615
31.665001,976,1614
31.670001,847,1613
31.675001,793,1618
31.680002,992,1613
31.685001,921,1616
31.690002,767,1617
31.695001,917,1617
31.700002,944,1618
31.705001,755,1617
31.710001,830,1621
31.715002,970,1620
31.720001,854,1622
31.725002,798,1619
31.730001,979,1619
31.735002,918,1622
31.740002,774,1619
31.745000,896,1621
31.750001,963,1617
31.755000,767,1619
31.760000,810,1626
31.765001,976,1622
31.770002,848,1620
31.775000,796,1625
31.780001,976,1626
31.785001,940,1627
31.790001,763,1628
31.795001,896,1633
31.800000,952,1629
31.805000,757,1635
31.810000,834,1629
31.815001,973,1631
31.820001,853,1629
31.825001,791,1632
31.830001,991,1631
31.835001,930,1630
31.840002,761,1630
31.845000,899,1628
31.850001,950,1627
31.855001,761,1629
31.860002,832,1622
31.865002,975,1622
31.870001,856,1620
31.875001,797,1623
31.880000,989,1621
31.885000,932,1621
31.890002,778,1617
31.895001,910,1620
31.900001,957,1617
31.905002,776,1616
31.910002,816,1620
31.915000,985,1621
31.920000,829,1623
31.925001,810,1618
31.930001,976,1619
31.935000,942,1621
31.940001,773,1618
31.945001,910,1615
31.950002,958,1619
31.955001,760,1615
31.960000,817,1617
31.965000,969,1616
31.970002,851,1618
31.975002,800,1620
31.980001,972,1622
31.985001,920,1620
31.990001,784,1618
31.995002,905,1617
32.000001,941,1622
32.005000,770,1620
32.010000,816,1621
32.015001,988,1620
32.020001,833,1619
32.025000,799,1621
32.030001,988,1621
32.035000,925,1619
32.040000,775,1619
32.045001,917,1621
32.050000,950,1620
32.055000,756,1621
32.060001,828,1622
32.065001,973,1617
32.070001,842,1614
32.075001,792,1617
32.080000,972,1618
32.085001,936,1613
32.090002,764,1614
32.095000,917,1611
32.100002,943,1613
32.105001,781,1608
32.110001,822,1611
32.115001,989,1612
32.120002,828,1615
32.125001,806,1614
32.130000,969,1616
32.135001,930,1615
32.140001,778,1611
32.145001,900,1619
32.150001,948,1616
32.155001,756,1620
32.160001,814,1622
32.165001,974,1624
32.170001,853,1623
32.175001,795,1622
32.180001,989,1621
32.185000,929,1621
32.190001,769,1625
32.195000,898,1623
32.200002,955,1618
32.205000,756,1620
32.210001,818,1618
32.215001,970,1622
32.220000,847,1614
32.225001,795,1617
32.230001,995,1612
32.235001,927,1611
32.240000,772,1602
32.245001,906,1609
32.250000,963,1607
32.255001,762,1611
32.260002,815,1609
32.265001,984,1602
32.270001,849,1608
32.275001,794,1608
32.280002,969,1610
32.285002,945,1609
32.290002,778,1608
32.295002,905,1609
32.300000,948,1605
32.305000,763,1613
32.310000,830,1613
32.315001,977,1618
32.320001,834,1613
32.325001,791,1619
32.330000,986,1619
32.335002,922,1620
32.340001,778,1619
32.345000,904,1620
32.350001,964,1614
32.355000,773,1621
32.360001,815,1620
32.365002,988,1619
32.370001,841,1617
32.375000,814,1616
32.380001,976,1618
32.385001,916,1618
32.390000,777,1615
32.395000,900,1611
32.400001,954,1614
32.405001,771,1611
32.410001,823,1607
32.415001,989,1606
32.420001,830,1611
32.425002,807,1606
32.430001,967,1607
32.435001,923,1609
32.440001,765,1605
32.445001,915,1595
32.450002,948,1602
32.455001,756,1603
32.460001,827,1603
32.465001,966,1603
32.470001,827,1605
32.475002,799,1600
32.480001,985,1598
32.485001,927,1603
32.490001,773,1600
32.495002,896,1601
32.500001,947,1604
32.505000,751,1607
32.510000,818,1605
32.515001,987,1608
32.520001,830,1608
32.525002,806,1609
32.530000,972,1610
32.535001,929,1609
32.540002,762,1611
32.545001,924,1607
32.550000,941,1610
32.555001,772,1609
32.560001,812,1611
32.565001,982,1609
32.570000,827,1609
32.575002,806,1608
32.580001,986,1605
32.585001,917,1609
32.590001,772,1610
32.595001,909,1600
32.600001,943,1607
32.605001,757,1603
32.610002,812,1606
32.615001,986,1602
32.620001,844,1601
32.625000,791,1603
32.630001,981,1592
32.635001,927,1597
32.640000,758,1597
32.645001,913,1599
32.650001,955,1595
32.655001,755,1595
32.660000,806,1595
32.665001,972,1593
32.670001,820,1594
32.675002,800,1589
32.680002,969,1591
32.685000,911,1592
32.690001,754,1589
32.695001,893,1593
32.700001,948,1587
32.705002,761,1587
32.710000,806,1586
32.715000,977,1584
32.720001,822,1584
32.725002,799,1581
32.730001,974,1583
32.735001,928,1579
32.740001,769,1581
32.745001,895,1582
32.750000,948,1582
32.755002,747,1584
32.760001,821,1583
32.765000,958,1586
32.770001,829,1584
32.775000,803,1587
32.780001,974,1586
32.785001,916,1585
32.790000,772,1588
32.795001,894,1592
32.800000,931,1595
32.805000,771,1587
32.810001,813,1588
32.815001,963,1590
32.820001,841,1589
32.825001,793,1591
32.830001,962,1596
32.835001,929,1589
32.840002,776,1590
32.845001,902,1592
32.850002,933,1595
32.855001,750,1595
32.860001,819,1591
32.865000,970,1593
32.870001,837,1594
32.875000,789,1598
32.880001,977,1597
32.885001,914,1601
32.890001,780,1598
32.895001,912,1601
32.900001,932,1607
32.905002,759,1608
32.910001,821,1605
32.915002,988,1608
32.920001,821,1619
32.925000,809,1610
32.930001,975,1614
32.935001,920,1615
32.940001,776,1615
32.945001,901,1620
32.950001,959,1616
32.955001,752,1621
32.960000,833,1617
32.965001,971,1622
32.970001,824,1624
32.975001,802,1625
32.980001,979,1616
32.985001,922,1627
32.990000,759,1628
32.995001,909,1627
33.000001,963,1623
33.005001,762,1630
33.010001,831,1631
33.015002,969,1633
33.020001,833,1622
33.025001,801,1630
33.030001,975,1626
33.035000,941,1631
33.040002,763,1632
33.045001,919,1632
33.050001,938,1634
33.055001,767,1629
33.060000,815,1631
33.065002,985,1631
33.070002,833,1631
33.075001,804,1631
33.080001,972,1631
33.085001,939,1631
33.090002,761,1632
33.095001,913,1631
33.100002,937,1627
33.105001,779,1629
33.110002,816,1628
33.115001,990,1627
33.120002,828,1629
33.125001,801,1629
33.130000,972,1627
33.135000,941,1616
33.140001,762,1624
33.145002,915,1622
33.150000,939,1625
33.155001,770,1623
33.160001,829,1619
33.165001,979,1622
33.170002,824,1626
33.175001,808,1625
33.180001,968,1627
33.185000,932,1624
33.190001,760,1624
33.195000,900,1626
33.200001,952,1622
33.205001,756,1623
33.210000,834,1619
33.215000,976,1623
33.220001,841,1622
33.225001,796,1621
33.230000,979,1614
33.235001,924,1621
33.240001,758,1622
33.245001,921,1620
33.250002,942,1624
33.255000,771,1619
33.260001,821,1610
33.265001,970,1622
33.270001,847,1616
33.275001,795,1620
33.280001,985,1616
33.285000,940,1617
33.290001,768,1613
33.295001,903,1616
33.300000,954,1617
33.305000,772,1616
33.310000,814,1618
33.315001,986,1614
33.320000,826,1616
33.325001,810,1616
33.330001,992,1613
33.335001,933,1616
33.340001,763,1620
33.345001,921,1612
33.350001,940,1616
33.355001,769,1614
33.360001,837,1616
33.365000,973,1617
33.370001,843,1614
33.375000,816,1611
33.380001,973,1615
33.385001,928,1616
33.390001,780,1618
33.395001,907,1617
33.400000,950,1615
33.405001,758,1614
33.410000,822,1609
33.415001,988,1614
33.420001,845,1609
33.425001,792,1608
33.430002,980,1607
33.435001,920,1606
33.440002,774,1605
33.445001,908,1598
33.450001,946,1603
33.455001,760,1596
33.460001,828,1600
33.465001,972,1597
33.470000,841,1597
33.475001,792,1597
33.480002,989,1596
33.485000,918,1596
33.490000,774,1593
33.495001,905,1594
33.500001,956,1590
33.505001,762,1599
33.510001,815,1595
33.515000,984,1593
33.520001,819,1599
33.525001,801,1594
33.530002,973,1598
33.535001,917,1601
33.540002,780,1601
33.545001,910,1601
33.550001,954,1603
33.555001,775,1601
33.560000,815,1606
33.565001,981,1600
33.570002,836,1605
33.575000,790,1608
33.580001,973,1605
33.585001,938,1608
33.590001,782,1605
33.595000,902,1608
33.600002,950,1599
33.605000,755,1607
33.610002,830,1606
33.615001,967,1611
33.620001,827,1605
33.625000,795,1610
33.630002,996,1607
33.635001,925,1609
33.640001,783,1608
33.645001,913,1613
33.650001,957,1611
33.655002,758,1615
33.660001,824,1616
33.665001,971,1616
33.670001,844,1617
33.675001,800,1615
33.680001,989,1616
33.685001,918,1619
33.690001,774,1617
33.695000,907,1619
33.700002,956,1619
33.705000,754,1623
33.710001,828,1617
33.715002,965,1618
33.720000,832,1615
33.725002,794,1617
33.730001,985,1614
33.735001,936,1611
33.740001,768,1612
33.745002,926,1608
33.750001,945,1612
33.755000,753,1613
33.760000,820,1608
33.765001,981,1605
33.770002,824,1612
33.775001,790,1610
33.780001,981,1609
33.785000,923,1610
33.790002,777,1607
33.795002,903,1610
33.800002,941,1607
33.805001,777,1607
33.810001,812,1608
33.815002,987,1605
33.820001,827,1607
33.825001,810,1604
33.830000,968,1603
33.835001,936,1604
33.840002,761,1601
33.845001,916,1598
33.850002,934,1595
33.855002,773,1602
33.860002,816,1595
33.865001,962,1599
33.870001,824,1595
33.875000,796,1589
33.880001,986,1590
33.885000,912,1598
33.890001,771,1596
33.895002,926,1592
33.900000,934,1599
33.905001,773,1593
33.910000,815,1588
33.915002,978,1593
33.920001,820,1594
33.925000,786,1596
33.930000,982,1590
33.935000,915,1594
33.940002,770,1591
33.945001,903,1592
33.950000,950,1588
33.955000,758,1584
33.960001,818,1580
33.965001,972,1584
33.970000,821,1584
33.975001,805,1583
33.980002,968,1584
33.985001,915,1585
33.990001,782,1580
33.995002,905,1582
34.000002,957,1581
34.005002,768,1582
34.010001,810,1584
34.015000,981,1582
34.020001,819,1585
34.025001,805,1584
34.030001,970,1587
34.035000,932,1588
34.040001,766,1586
34.045000,906,1589
34.050001,956,1590
34.055001,750,1590
34.060000,830,1595
34.065002,970,1592
34.070002,816,1595
34.075000,801,1596
34.080001,984,1594
34.085000,917,1596
34.090001,780,1593
34.095001,904,1598
34.100002,953,1594
34.105000,758,1596
34.110002,826,1591
34.115001,981,1595
34.120002,835,1596
34.125001,800,1591
34.130002,989,1600
34.135002,912,1604
34.140001,776,1599
34.145001,909,1603
34.150001,942,1597
34.155001,761,1607
34.160001,832,1605
34.165001,974,1607
34.170001,824,1609
34.175001,808,1605
34.180001,980,1611
34.185001,916,1611
34.190001,770,1610
34.195001,923,1611
34.200001,935,1614
34.205001,767,1610
34.210000,820,1612
34.215001,971,1612
34.220000,838,1613
34.225001,796,1614
34.230000,977,1617
34.235002,928,1617
34.240001,766,1616
34.245002,907,1618
34.250001,957,1619
34.255001,753,1624
34.260002,828,1619
34.265000,972,1619
34.270001,825,1620
34.275001,808,1621
34.280001,974,1627
34.285000,933,1621
34.290002,761,1623
34.295001,915,1624
34.300001,962,1620
34.305001,757,1625
34.310001,824,1622
34.315000,973,1626
34.320001,843,1622
34.325002,796,1626
34.330002,991,1625
34.335001,929,1618
34.340001,786,1624
34.345000,907,1628
34.350001,957,1627
34.355001,764,1626
34.360001,830,1620
34.365002,971,1628
34.370001,841,1621
34.375000,795,1628
34.380001,985,1626
34.385001,920,1627
34.390000,778,1620
34.395001,925,1616
34.400000,941,1625
34.405001,774,1621
34.410000,817,1619
34.415002,973,1621
34.420002,839,1618
34.425002,806,1616
34.430001,976,1620
34.435001,920,1613
34.440001,774,1615
34.445000,907,1614
34.450001,948,1611
34.455000,756,1613
34.460002,836,1609
34.465001,983,1609
34.470000,825,1608
34.475001,812,1601
34.480001,987,1602
34.485001,917,1606
34.490000,785,1604
34.495001,914,1602
34.500000,939,1604
34.505001,774,1599
34.510001,809,1602
34.515001,979,1600
34.520002,813,1602
34.525001,809,1601
34.530000,971,1603
34.535000,938,1600
34.540002,771,1593
34.545000,917,1598
34.550001,938,1601
34.555002,769,1597
34.560001,831,1600
34.565001,967,1599
34.570001,835,1599
34.575002,790,1598
34.580001,971,1596
34.585000,927,1595
34.590000,762,1598
34.595001,923,1594
34.600002,935,1598
34.605000,774,1597
34.610002,814,1597
34.615001,988,1597
34.620002,820,1598
34.625001,815,1597
34.630001,981,1596
34.635001,919,1595
34.640001,767,1598
34.645001,935,1597
34.650001,957,1598
34.655002,752,1601
34.660002,829,1601
34.665000,973,1603
34.670001,817,1599
34.675000,817,1595
34.680001,985,1598
34.685000,913,1600
34.690002,780,1598
34.695001,919,1600
34.700001,942,1597
34.705000,751,1600
34.710001,817,1600
34.715001,965,1603
34.720002,832,1597
34.725001,795,1598
34.730001,994,1601
34.735001,925,1602
34.740001,761,1609
34.745002,930,1604
34.750001,943,1608
34.755000,771,1610
34.760000,827,1614
34.765002,970,1614
34.770001,832,1611
34.775000,810,1614
34.780001,966,1620
34.785001,931,1619
34.790001,771,1622
34.795002,910,1622
34.800002,950,1621
34.805001,768,1619
34.810001,817,1617
34.815000,964,1622
34.820000,839,1618
34.825001,796,1618
34.830001,970,1621
34.835001,938,1620
34.840002,774,1621
34.845001,912,1618
34.850001,956,1619
34.855000,764,1618
34.860002,811,1620
34.865002,978,1617
34.870001,837,1615
34.875000,797,1617
34.880001,993,1614
34.885001,920,1615
34.890001,781,1611
34.895001,918,1614
34.900001,930,1611
34.905002,769,1611
34.910002,816,1610
34.915001,982,1605
34.920001,828,1607
34.925001,794,1602
34.930001,987,1603
34.935000,920,1604
34.940001,782,1602
34.945000,913,1601
34.950001,957,1600
34.955002,767,1602
34.960001,815,1603
34.965002,962,1606
34.970001,830,1602
34.975001,809,1600
34.980001,968,1609
34.985001,924,1603
34.990001,762,1606
34.995001,932,1602
35.000001,935,1604
35.005000,765,1603
35.010001,812,1604
35.015000,988,1603
35.020001,824,1603
35.025000,794,1605
35.030000,974,1601
35.035001,927,1595
35.040000,782,1601
35.045000,909,1606
35.050001,953,1601
35.055001,763,1604
35.060001,811,1605
35.065001,980,1603
35.070001,825,1604
35.075002,793,1606
35.080001,981,1604
35.085001,933,1604
35.090001,773,1608
35.095000,910,1608
35.100001,949,1606
35.105000,755,1612
35.110002,821,1608
35.115002,983,1608
35.120002,834,1610
35.125001,800,1612
35.130000,974,1615
35.135000,937,1614
35.140002,774,1614
35.145000,910,1617
35.150000,947,1615
35.155001,755,1617
35.160001,833,1614
35.165001,983,1617
35.170001,822,1617
35.175000,811,1618
35.180001,977,1616
35.185000,935,1613
35.190001,773,1614
35.195001,914,1616
35.200002,953,1615
35.205001,758,1615
35.210002,827,1616
35.215002,970,1616
35.220000,825,1615
35.225002,815,1619
35.230000,977,1617
35.235001,940,1617
35.240001,767,1617
35.245001,913,1621
35.250001,959,1625
35.255002,769,1622
35.260001,826,1623
35.265001,965,1624
35.270001,826,1624
35.275000,796,1629
35.280000,994,1624
35.285000,931,1626
35.290002,766,1630
35.295002,921,1618
35.300000,959,1624
35.305000,760,1627
35.310000,839,1623
35.315001,984,1622
35.320000,829,1625
35.325001,799,1627
35.330000,983,1613
35.335001,929,1623
35.340001,774,1616
35.345000,933,1619
35.350001,937,1618
35.355001,768,1616
35.360001,818,1621
35.365000,988,1615
35.370001,822,1620
35.375000,794,1624
35.380001,992,1624
35.385001,930,1623
35.390001,762,1626
35.395001,923,1629
35.400001,940,1629
35.405001,773,1628
35.410001,835,1629
35.415001,974,1632
35.420001,831,1631
35.425001,810,1632
35.430001,990,1633
35.435000,917,1634
35.440001,777,1632
35.445000,915,1629
35.450001,944,1632
35.455001,776,1631
35.460001,817,1633
35.465002,982,1632
35.470000,825,1633
35.475001,810,1631
35.480002,974,1634
35.485000,942,1631
35.490001,774,1632
35.495002,916,1628
35.500000,959,1630
35.505001,754,1632
35.510000,829,1628
35.515001,970,1630
35.520002,818,1628
35.525001,817,1625
35.530002,981,1625
35.535001,920,1624
35.540000,784,1622
35.545001,920,1620
35.550000,953,1620
35.555001,757,1618
35.560000,816,1618
35.565001,987,1613
35.570001,817,1614
35.575001,816,1611
35.580001,989,1611
35.585001,925,1607
35.590001,768,1608
35.595000,915,1606
35.600001,958,1600
35.605001,758,1603
35.610001,816,1603
35.615000,965,1605
35.620001,809,1603
35.625002,811,1599
35.630002,982,1601
35.635002,922,1596
35.640001,762,1597
35.645001,909,1599
35.650000,946,1591
35.655002,750,1593
35.660001,811,1594
35.665001,975,1589
35.670000,808,1592
35.675001,810,1591
35.680001,972,1588
35.685001,937,1585
35.690001,765,1586
35.695000,931,1582
35.700001,925,1585
35.705001,758,1582
35.710001,823,1577
35.715001,958,1579
35.720000,822,1580
35.725001,805,1579
35.730001,970,1578
35.735001,930,1579
35.740001,772,1579
35.745002,908,1581
35.750002,933,1572
35.755000,755,1579
35.760000,811,1581
35.765000,974,1581
35.770001,805,1584
35.775000,809,1583
35.780002,972,1587
35.785001,929,1581
35.790001,778,1585
35.795002,915,1589
35.800001,950,1588
35.805000,760,1590
35.810001,816,1593
35.815001,963,1596
35.820000,823,1586
35.825001,811,1590
35.830002,975,1591
35.835001,915,1593
35.840002,768,1593
35.845000,917,1587
35.850002,950,1592
35.855002,768,1595
35.860001,816,1594
35.865001,965,1595
35.870001,816,1589
35.875001,800,1598
35.880000,975,1599
35.885000,911,1601
35.890001,775,1595
35.895001,920,1599
35.900000,934,1602
35.905001,749,1604
35.910001,819,1595
35.915001,969,1604
35.920001,829,1598
35.925000,806,1604
35.930000,974,1605
35.935000,910,1608
35.940001,778,1607
35.945000,921,1606
35.950001,931,1612
35.955000,764,1608
35.960000,828,1606
35.965000,971,1610
35.970001,812,1612
35.975001,793,1611
35.980000,988,1609
35.985001,926,1611
35.990000,765,1614
35.995001,929,1605
36.000000,938,1611
36.005001,767,1613
36.010001,812,1621
36.015001,960,1619
36.020001,822,1619
36.025000,797,1621
36.030001,992,1617
36.035001,920,1624
36.040001,778,1618
36.045001,921,1625
36.050002,940,1625
36.055000,766,1622
36.060001,829,1625
36.065002,979,1628
36.070001,817,1628
36.075001,799,1628
36.080000,971,1627
36.085002,937,1625
36.090002,768,1625
36.095000,916,1626
36.100001,950,1624
36.105001,752,1627
36.110002,833,1625
36.115002,974,1625
36.120001,805,1624
36.125001,813,1622
36.130001,982,1621
36.135001,915,1620
36.140000,777,1615
36.145001,913,1619
36.150000,947,1616
36.155001,749,1618
36.160001,821,1618
36.165001,987,1616
36.170001,817,1613
36.175001,799,1614
36.180001,974,1616
36.185000,926,1612
36.190001,770,1613
36.195000,941,1613
36.200001,937,1613
36.205001,753,1615
36.210001,839,1610
36.215001,980,1610
36.220001,821,1612
36.225001,802,1609
36.230000,994,1607
36.235001,929,1611
36.240000,777,1603
36.245001,936,1611
36.250001,936,1610
36.255000,750,1611
36.260000,828,1609
36.265001,966,1611
36.270001,826,1611
36.275001,811,1612
36.280001,980,1612
36.285000,919,1614
36.290002,784,1611
36.295001,932,1609
36.300000,940,1611
36.305001,756,1610
36.310001,838,1612
36.315002,976,1608
36.320001,808,1613
36.325001,819,1609
36.330001,984,1605
36.335001,922,1607
36.340001,783,1606
36.345001,919,1607
36.350000,952,1606
36.355001,750,1608
36.360002,828,1606
36.365002,963,1610
36.370001,809,1609
36.375001,820,1604
36.380001,987,1606
36.385001,918,1613
36.390000,782,1610
36.395002,930,1611
36.400001,937,1613
36.405001,749,1616
36.410001,830,1610
36.415001,969,1614
36.420001,825,1604
36.425000,808,1618
36.430001,991,1613
36.435000,931,1614
36.440001,762,1614
36.445000,944,1610
36.450001,943,1611
36.455000,753,1609
36.460001,832,1605
36.465000,971,1601
36.470001,807,1603
36.475002,798,1601
36.480000,993,1594
36.485001,916,1599
36.490001,786,1597
36.495001,924,1600
36.500001,934,1592
36.505001,756,1599
36.510001,811,1598
36.515000,982,1597
36.520001,810,1595
36.525001,796,1598
36.530001,989,1594
36.535000,915,1597
36.540002,777,1591
36.545000,917,1597
36.550002,928,1600
36.555001,764,1598
36.560001,819,1597
36.565001,962,1597
36.570002,822,1597
36.575000,802,1597
36.580001,970,1599
36.585000,929,1596
36.590000,769,1600
36.595001,915,1601
36.600001,943,1598
36.605001,771,1597
36.610001,811,1601
36.615001,977,1601
36.620001,804,1601
36.625001,816,1596
36.630002,979,1601
36.635001,908,1603
36.640000,779,1601
36.645002,916,1606
36.650002,948,1606
36.655001,758,1600
36.660001,831,1603
36.665001,964,1610
36.670002,818,1604
36.675000,795,1605
36.680001,986,1602
36.685000,912,1606
36.690001,763,1602
36.695000,935,1604
36.700002,934,1605
36.705002,747,1607
36.710000,824,1602
36.715000,976,1604
36.720001,806,1604
36.725001,797,1608
36.730000,995,1603
36.735001,912,1605
36.740000,776,1604
36.745002,920,1605
36.750001,940,1598
36.755000,760,1608
36.760001,813,1606
36.765000,961,1613
36.770001,815,1602
36.775001,820,1609
36.780001,979,1609
36.785001,929,1609
36.790000,769,1609
36.795000,936,1612
36.800002,935,1611
36.805002,765,1610
36.810001,819,1611
36.815001,986,1611
36.820001,812,1611
36.825002,795,1613
36.830001,996,1609
36.835001,932,1610
36.840001,775,1613
36.845001,918,1614
36.850002,951,1609
36.855000,749,1611
36.860001,829,1609
36.865000,967,1608
36.870001,824,1607
36.875000,811,1608
36.880001,982,1606
36.885001,915,1607
36.890002,784,1604
36.895001,930,1599
36.900001,939,1606
36.905002,748,1605
36.910000,824,1606
36.915002,983,1606
36.920001,805,1610
36.925001,815,1609
36.930001,979,1608
36.935000,921,1605
36.940001,785,1611
36.945000,929,1610
36.950001,956,1606
36.955001,759,1605
36.960001,817,1607
36.965001,963,1609
36.970001,824,1608
36.975000,806,1608
36.980000,972,1609
36.985001,936,1608
36.990000,771,1609
36.995002,928,1607
37.000002,953,1606
37.005001,747,1610
37.010002,829,1608
37.015001,963,1611
37.020001,817,1610
37.025000,806,1609
37.030002,995,1611
37.035001,920,1610
37.040001,786,1611
37.045001,935,1613
37.050000,930,1616
37.055000,758,1616
37.060001,830,1611
37.065001,967,1616
37.070000,822,1617
37.075001,801,1615
37.080000,989,1609
37.085001,915,1618
37.090001,786,1613
37.095001,937,1617
37.100001,932,1614
37.105000,762,1606
37.110002,836,1612
37.115002,962,1616
37.120001,817,1614
37.125000,796,1617
37.130001,991,1615
37.135002,911,1617
37.140002,764,1616
37.145000,939,1613
37.150001,937,1612
37.155001,750,1616
37.160000,812,1619
37.165001,972,1614
37.170002,818,1613
37.175001,798,1613
37.180001,989,1612
37.185000,920,1614
37.190001,762,1614
37.195001,934,1613
37.200001,929,1613
37.205002,765,1612
37.210001,816,1616
37.215001,976,1609
37.220001,799,1611
37.225001,809,1612
37.230000,975,1611
37.235001,928,1610
37.240000,778,1609
37.245001,931,1611
37.250000,928,1610
37.255001,755,1609
37.260002,830,1602
37.265002,965,1611
37.270000,815,1604
37.275000,800,1608
37.280001,992,1609
37.285000,908,1609
37.290002,777,1607
37.295001,942,1605
37.300000,938,1605
37.305001,748,1608
37.310000,820,1603
37.315001,980,1605
37.320001,801,1605
37.325001,810,1602
37.330001,969,1601
37.335000,920,1599
37.340000,766,1602
37.345002,924,1602
37.350002,938,1598
37.355001,752,1598
37.360001,837,1588
37.365001,969,1597
37.370002,792,1595
37.375002,812,1590
37.380001,977,1593
37.385001,907,1592
37.390001,784,1586
37.395001,927,1588
37.400001,922,1594
37.405002,755,1589
37.410000,830,1592
37.415000,961,1594
37.420001,794,1593
37.425001,800,1592
37.430001,969,1596
37.435001,923,1591
37.440002,776,1584
37.445001,928,1592
37.450001,926,1594
37.455000,763,1592
37.460001,816,1594
37.465001,954,1593
37.470001,808,1584
37.475001,806,1595
37.480001,969,1596
37.485002,917,1594
37.490000,769,1596
37.495001,950,1591
37.500001,933,1595
37.505001,745,1597
37.510001,830,1595
37.515001,962,1599
37.520001,817,1597
37.525000,804,1596
37.530002,991,1596
37.535001,923,1595
37.540001,777,1597
37.545001,929,1597
37.550001,948,1596
37.555001,760,1597
37.560001,822,1587
37.565001,966,1598
37.570000,796,1600
37.575002,814,1595
37.580001,995,1595
37.585001,916,1596
37.590002,773,1596
37.595000,947,1596
37.600001,941,1597
37.605001,754,1600
37.610001,837,1601
37.615000,961,1599
37.620001,811,1597
37.625002,806,1601
37.630001,978,1602
37.635002,907,1604
37.640000,790,1601
37.645002,938,1608
37.650000,929,1608
37.655001,751,1607
37.660001,838,1606
37.665001,971,1608
37.670000,802,1607
37.675001,820,1606
37.680002,977,1607
37.685001,912,1609
37.690001,783,1605
37.695002,933,1608
37.700001,945,1607
37.705000,755,1606
37.710001,841,1606
37.715001,970,1607
37.720001,798,1611
37.725001,818,1608
37.730001,994,1608
37.735001,915,1616
37.740002,771,1612
37.745001,947,1612
37.750000,929,1616
37.755001,771,1614
37.760000,826,1616
37.765001,978,1612
37.770001,800,1619
37.775001,817,1611
37.780001,980,1620
37.785000,909,1624
37.790002,782,1617
37.795002,930,1624
37.800000,948,1621
37.805000,752,1621
37.810001,838,1620
37.815000,970,1619
37.820000,805,1619
37.825002,805,1618
37.830001,983,1621
37.835000,910,1618
37.840001,788,1616
37.845000,947,1613
37.850002,940,1617
37.855001,768,1614
37.860001,828,1615
37.865000,959,1618
37.870001,814,1613
37.875001,812,1616
37.880001,976,1618
37.885002,927,1611
37.890001,786,1615
37.895000,935,1619
37.900000,950,1618
37.905002,757,1618
37.910002,843,1618
37.915001,965,1617
37.920001,817,1617
37.925001,806,1621
37.930001,972,1625
37.935000,923,1619
37.940001,767,1622
37.945001,955,1617
37.950001,939,1619
37.955001,750,1621
37.960000,846,1618
37.965001,965,1620
37.970000,813,1612
37.975001,814,1615
37.980000,978,1615
37.985002,910,1610
37.990001,777,1614
37.995001,952,1610
38.000000,939,1610
38.005002,761,1610
38.010001,826,1611
38.015001,976,1609
38.020002,811,1606
38.025001,811,1607
38.030001,993,1604
38.035001,907,1604
38.040000,788,1604
38.045000,929,1610
38.050002,936,1605
38.055001,774,1604
38.060001,835,1603
38.065001,968,1602
38.070001,815,1598
38.075001,812,1605
38.080000,974,1605
38.085001,908,1605
38.090001,775,1605
38.095001,931,1603
38.100001,944,1602
38.105000,756,1602
38.110002,838,1604
38.115001,965,1602
38.120002,808,1601
38.125001,796,1605
38.130001,993,1603
38.135001,912,1605
38.140002,767,1606
38.145001,942,1605
38.150000,927,1605
38.155001,768,1607
38.160001,832,1606
38.165001,959,1614
38.170001,789,1612
38.175001,808,1614
38.180001,997,1614
38.185000,919,1613
38.190002,777,1612
38.195000,931,1614
38.200001,925,1615
38.205001,773,1615
38.210001,827,1612
38.215002,959,1612
38.220001,802,1617
38.225001,816,1619
38.230001,978,1617
38.235001,904,1620
38.240000,767,1621
38.245001,946,1617
38.250001,936,1623
38.255001,752,1617
38.260001,840,1621
38.265001,969,1621
38.270001,789,1625
38.275000,820,1622
38.280001,980,1618
38.285000,919,1631
38.290001,776,1622
38.295001,955,1625
38.300000,931,1630
38.305000,772,1623
38.310000,831,1628
38.315001,965,1629
38.320001,807,1629
38.325001,818,1633
38.330000,984,1629
38.335002,911,1630
38.340002,768,1637
38.345000,938,1633
38.350001,936,1627
38.355001,769,1633
38.360002,846,1632
38.365002,970,1632
38.370000,796,1634
38.375001,817,1629
38.380001,981,1630
38.385002,905,1629
38.390001,786,1630
38.395001,937,1632
38.400000,955,1625
38.405001,762,1630
38.410001,827,1633
38.415001,962,1627
38.420002,805,1628
38.425000,802,1632
38.430001,1001,1627
38.435000,911,1627
38.440002,771,1628
38.445000,939,1626
38.450001,948,1624
38.455001,760,1624
38.460001,831,1626
38.465001,961,1624
38.470001,800,1613
38.475001,815,1620
38.480001,974,1619
38.485001,920,1615
38.490001,775,1613
38.495001,941,1613
38.500001,947,1613
38.505001,761,1611
38.510001,837,1608
38.515000,959,1609
38.520002,810,1605
38.525001,801,1605
38.530001,984,1599
38.535001,921,1594
38.540001,784,1600
38.545002,939,1598
38.550001,928,1595
38.555001,766,1592
38.560001,831,1596
38.565001,958,1595
38.570000,787,1595
38.575001,819,1597
38.580001,980,1601
38.585000,898,1593
38.590000,777,1590
38.595001,938,1593
38.600002,943,1588
38.605001,752,1592
38.610001,833,1582
38.615000,973,1593
38.620001,789,1590
38.625001,818,1591
38.630001,986,1588
38.635002,901,1589
38.640001,765,1593
38.645001,948,1590
38.650001,936,1592
38.655002,761,1587
38.660001,833,1593
38.665001,959,1590
38.670001,789,1593
38.675000,820,1594
38.680000,977,1594
38.685000,920,1593
38.690001,777,1593
38.695000,945,1591
38.700001,937,1596
38.705000,759,1596
38.710001,826,1600
38.715001,958,1601
38.720001,792,1598
38.725002,818,1597
38.730000,971,1602
38.735000,911,1597
38.740001,773,1602
38.745002,959,1600
38.750001,939,1603
38.755000,751,1604
38.760000,828,1604
38.765001,976,1604
38.770002,792,1606
38.775000,799,1611
38.780001,999,1608
38.785001,910,1610
38.790001,774,1613
38.795002,946,1602
38.800000,944,1612
38.805001,760,1614
38.810001,834,1611
38.815001,961,1613
38.820000,791,1612
38.825002,822,1613
38.830001,988,1612
38.835000,916,1609
38.840001,784,1606
38.845000,944,1613
38.850002,933,1601
38.855001,765,1606
38.860001,832,1609
38.865000,973,1608
38.870001,790,1608
38.875000,823,1605
38.880001,983,1605
38.885001,899,1604
38.890000,774,1605
38.895001,960,1604
38.900000,929,1604
38.905001,753,1609
38.910000,851,1605
38.915001,966,1605
38.920002,782,1610
38.925000,807,1607
38.930000,978,1609
38.935001,923,1605
38.940001,777,1611
38.945001,953,1599
38.950002,939,1608
38.955001,758,1610
38.960000,830,1611
38.965001,960,1612
38.970000,806,1605
38.975001,802,1609
38.980001,991,1604
38.985002,898,1607
38.990001,782,1605
38.995001,942,1602
39.000000,933,1599
39.005002,770,1596
39.010000,830,1598
39.015002,964,1597
39.020002,804,1593
39.025001,814,1593
39.030001,972,1597
39.035001,913,1594
39.040001,776,1591
39.045001,939,1595
39.050000,929,1593
39.055001,771,1593
39.060000,834,1593
39.065002,955,1596
39.070002,804,1592
39.075001,806,1594
39.080001,976,1595
39.085000,894,1596
39.090000,792,1592
39.095001,953,1594
39.100001,933,1591
39.105001,767,1581
39.110001,849,1587
39.115000,960,1588
39.120001,786,1586
39.125000,808,1592
39.130000,992,1586
39.135001,898,1588
39.140001,780,1580
39.145002,950,1587
39.150000,931,1586
39.155002,754,1578
39.160001,852,1585
39.165001,970,1586
39.170001,781,1589
39.175002,797,1587
39.180001,973,1586
39.185001,916,1588
39.190001,772,1589
39.195000,954,1587
39.200002,934,1588
39.205002,752,1590
39.210001,834,1590
39.215001,972,1589
39.220000,786,1592
39.225001,823,1594
39.230002,977,1595
39.235000,901,1593
39.240000,767,1595
39.245001,941,1590
39.250001,945,1593
39.255000,763,1601
39.260000,837,1596
39.265001,963,1593
39.270002,793,1602
39.275001,795,1605
39.280002,988,1602
39.285002,907,1607
39.290000,786,1607
39.295001,948,1608
39.300000,925,1609
39.305000,766,1610
39.310001,832,1612
39.315002,971,1609
39.320002,796,1610
39.325001,801,1610
39.330000,975,1612
39.335001,913,1605
39.340000,778,1609
39.345000,937,1609
39.350001,943,1608
39.355001,760,1604
39.360000,834,1606
39.365001,976,1605
39.370001,784,1605
39.375001,814,1603
39.380000,977,1606
39.385000,897,1607
39.390002,773,1606
39.395002,957,1604
39.400000,934,1605
39.405001,754,1606
39.410000,841,1606
39.415001,951,1612
39.420001,800,1608
39.425000,803,1609
39.430000,971,1613
39.435000,889,1610
39.440001,789,1610
39.445001,944,1609
39.450001,925,1614
39.455000,773,1607
39.460001,843,1608
39.465002,957,1612
39.470000,779,1611
39.475001,821,1611
39.480002,991,1608
39.485001,894,1610
39.490000,792,1605
39.495001,949,1610
39.500000,935,1609
39.505001,750,1609
39.510001,832,1612
39.515000,968,1610
39.520001,786,1612
39.525001,806,1610
39.530001,988,1606
39.535001,895,1614
39.540001,787,1613
39.545001,957,1610
39.550000,935,1616
39.555001,747,1617
39.560000,846,1614
39.565001,959,1609
39.570001,804,1611
39.575001,809,1611
39.580000,988,1613
39.585002,899,1614
39.590000,786,1609
39.595001,951,1615
39.600001,922,1616
39.605000,762,1616
39.610001,840,1617
39.615000,956,1619
39.620001,798,1615
39.625001,821,1618
39.630001,974,1619
39.635001,890,1622
39.640000,773,1621
39.645002,943,1625
39.650001,945,1619
39.655002,762,1622
39.660001,844,1622
39.665001,971,1616
39.670001,783,1617
39.675000,816,1622
39.680000,973,1624
39.685001,914,1616
39.690001,782,1618
39.695000,961,1621
39.700001,928,1620
39.705000,755,1616
39.710001,857,1620
39.715001,964,1617
39.720000,783,1620
39.725001,816,1614
39.730001,987,1616
39.735001,893,1614
39.740001,788,1614
39.745001,949,1612
39.750002,931,1612
39.755001,754,1618
39.760002,861,1614
39.765002,975,1615
39.770002,792,1614
39.775000,805,1617
39.780001,972,1618
39.785001,888,1618
39.790001,794,1612
39.795001,951,1617
39.800001,932,1617
39.805001,753,1618
39.810001,838,1619
39.815001,957,1621
39.820001,796,1618
39.825001,809,1616
39.830001,998,1618
39.835001,900,1615
39.840001,778,1613
39.845001,967,1613
39.850001,932,1615
39.855001,753,1614
39.860000,860,1610
39.865001,958,1609
39.870002,782,1607
39.875000,823,1610
39.880002,983,1609
39.885002,894,1607
39.890001,769,1609
39.895001,965,1608
39.900000,930,1607
39.905001,753,1608
39.910000,864,1602
39.915001,957,1605
39.920001,781,1606
39.925001,817,1605
39.930001,984,1603
39.935001,889,1604
39.940001,795,1605
39.945000,957,1605
39.950001,933,1606
39.955000,754,1611
39.960000,862,1609
39.965000,959,1609
39.970001,789,1610
39.975001,799,1612
39.980000,987,1611
39.985001,888,1612
39.990001,774,1614
39.995001,970,1612
40.000000,926,1616
40.005001,773,1614
40.010002,852,1612
40.015000,961,1616
40.020002,780,1614
40.025001,803,1618
40.030001,997,1614
40.035000,891,1616
40.040001,791,1608
40.045001,961,1613
40.050001,927,1614
40.055001,771,1613
40.060000,856,1611
40.065002,962,1602
40.070001,791,1610
40.075002,805,1609
40.080001,990,1606
40.085001,896,1610
40.090001,769,1612
40.095001,970,1609
40.100001,932,1611
40.105002,752,1610
40.110000,844,1613
40.115000,977,1605
40.120002,792,1605
40.125001,801,1607
40.130000,990,1604
40.135000,890,1603
40.140001,777,1605
40.145001,947,1602
40.150000,931,1601
40.155002,758,1604
40.160002,847,1601
40.165001,970,1592
40.170001,783,1598
40.175002,808,1598
40.180002,971,1600
40.185002,900,1592
40.190001,790,1600
40.195000,958,1597
40.200001,925,1601
40.205001,765,1595
40.210000,850,1596
40.215000,953,1600
40.220002,781,1597
40.225001,824,1594
40.230002,979,1592
40.235001,904,1594
40.240001,784,1595
40.245001,953,1590
40.250000,925,1593
40.255001,753,1597
40.260001,867,1594
40.265000,969,1591
40.270002,777,1594
40.275001,817,1597
40.280001,985,1594
40.285001,890,1596
40.290001,774,1599
40.295002,966,1599
40.300001,937,1601
40.305002,756,1600
40.310002,862,1599
40.315001,957,1603
40.320001,785,1595
40.325001,811,1603
40.330000,975,1600
40.335001,905,1600
40.340001,787,1602
40.345000,951,1604
40.350001,927,1600
40.355000,751,1600
40.360002,866,1601
40.365001,958,1603
40.370002,789,1601
40.375001,821,1600
40.380001,972,1604
40.385002,880,1605
40.390002,790,1602
40.395001,956,1606
40.400001,925,1609
40.405001,756,1605
40.410001,866,1608
40.415001,971,1611
40.420002,785,1612
40.425001,825,1610
40.430002,982,1613
40.435002,887,1613
40.440001,796,1613
40.445001,968,1616
40.450002,936,1613
40.455001,752,1616
40.460001,861,1613
40.465001,964,1617
40.470002,784,1616
40.475001,801,1618
40.480001,994,1611
40.485001,890,1615
40.490001,773,1617
40.495001,964,1618
40.500001,936,1614
40.505000,770,1614
40.510001,854,1616
40.515000,953,1614
40.520001,790,1614
40.525000,805,1618
40.530002,993,1615
40.535001,885,1614
40.540002,773,1617
40.545001,958,1616
40.550001,927,1618
40.555002,769,1614
40.560000,854,1614
40.565002,964,1615
40.570001,779,1615
40.575001,806,1616
40.580001,987,1603
40.585000,896,1618
40.590000,791,1614
40.595001,952,1614
40.600001,947,1616
40.605001,773,1611
40.610001,860,1612
40.615000,959,1611
40.620001,781,1613
40.625001,818,1606
40.630001,981,1610
40.635002,901,1612
40.640001,787,1611
40.645001,952,1616
40.650001,943,1609
40.655000,757,1611
40.660001,848,1609
40.665002,958,1610
40.670002,776,1610
40.675000,819,1602
40.680001,990,1608
40.685001,891,1605
40.690000,779,1603
40.695001,959,1595
40.700002,937,1602
40.705002,755,1602
40.710001,863,1600
40.715001,966,1599
40.720001,783,1599
40.725002,805,1600
40.730000,976,1599
40.735000,876,1600
40.740001,795,1599
40.745001,958,1597
40.750001,923,1599
40.755000,770,1595
40.760000,861,1597
40.765002,949,1598
40.770001,790,1594
40.775001,809,1594
40.780001,989,1594
40.785001,885,1590
40.790001,772,1591
40.795001,963,1589
40.800000,931,1594
40.805000,751,1588
40.810000,866,1587
40.815001,957,1591
40.820001,772,1591
40.825001,821,1583
40.830001,978,1584
40.835000,875,1589
40.840001,785,1585
40.845001,949,1587
40.850001,938,1583
40.855000,752,1583
40.860001,849,1588
40.865001,956,1579
40.870001,782,1587
40.875000,826,1583
40.880001,984,1584
40.885001,877,1584
40.890000,785,1583
40.895001,955,1585
40.900001,922,1593
40.905001,773,1585
40.910001,860,1589
40.915001,956,1590
40.920001,771,1593
40.925002,823,1591
40.930002,976,1595
40.935000,877,1595
40.940001,794,1596
40.945001,961,1596
40.950002,923,1603
40.955001,745,1603
40.960000,868,1598
40.965000,955,1599
40.970002,784,1601
40.975002,807,1603
40.980000,987,1598
40.985001,886,1603
40.990001,771,1607
40.995001,952,1603
41.000000,944,1605
41.005001,767,1609
41.010002,852,1610
41.015000,955,1605
41.020002,786,1611
41.025001,801,1611
41.030001,974,1616
41.035001,873,1617
41.040001,792,1613
41.045002,953,1621
41.050000,942,1615
41.055001,755,1613
41.060001,856,1618
41.065002,971,1617
41.070002,769,1614
41.075001,820,1616
41.080000,977,1616
41.085002,891,1615
41.090001,780,1616
41.095001,973,1615
41.100000,936,1609
41.105000,761,1614
41.110002,866,1610
41.115000,963,1613
41.120001,766,1616
41.125000,814,1611
41.130000,988,1609
41.135001,875,1613
41.140000,775,1615
41.145002,972,1612
41.150001,931,1614
41.155001,751,1614
41.160001,866,1613
41.165001,958,1613
41.170001,769,1612
41.175002,826,1611
41.180001,981,1612
41.185001,879,1610
41.190001,793,1611
41.195002,956,1612
41.200001,945,1609
41.205000,767,1608
41.210001,861,1611
41.215002,959,1614
41.220001,771,1613
41.225002,825,1616
41.230000,995,1614
41.235001,889,1613
41.240001,776,1615
41.245001,967,1615
41.250001,932,1616
41.255000,755,1619
41.260001,856,1619
41.265001,954,1621
41.270001,788,1617
41.275000,812,1618
41.280001,994,1618
41.285000,877,1617
41.290001,797,1618
41.295001,960,1615
41.300000,952,1617
41.305000,773,1617
41.310001,872,1618
41.315002,957,1616
41.320002,769,1619
41.325002,822,1616
41.330001,988,1619
41.335001,875,1619
41.340001,793,1620
41.345000,965,1620
41.350001,923,1621
41.355000,767,1619
41.360000,864,1619
41.365000,959,1622
41.370002,773,1626
41.375001,831,1624
41.380001,992,1626
41.385002,885,1626
41.390000,784,1628
41.395001,974,1627
41.400000,937,1631
41.405001,758,1633
41.410000,860,1634
41.415002,969,1633
41.420001,791,1634
41.425000,822,1635
41.430001,985,1634
41.435001,875,1634
41.440001,785,1625
41.445000,969,1632
41.450001,929,1636
41.455001,770,1630
41.460002,863,1631
41.465001,965,1623
41.470000,793,1632
41.475001,808,1632
41.480000,983,1624
41.485001,891,1629
41.490000,782,1632
41.495001,976,1628
41.500002,944,1631
41.505001,768,1630
41.510002,875,1635
41.515001,969,1635
41.520001,773,1635
41.525001,807,1638
41.530001,992,1638
41.535000,873,1639
41.540001,795,1629
41.545002,959,1636
41.550001,952,1634
41.555002,768,1632
41.560001,863,1632
41.565002,954,1631
41.570001,790,1622
41.575001,826,1620
41.580001,999,1628
41.585001,892,1624
41.590001,797,1621
41.595001,971,1620
41.600002,929,1615
41.605001,770,1615
41.610002,875,1615
41.615002,954,1613
41.620000,786,1615
41.625000,816,1609
41.630002,983,1609
41.635002,875,1606
41.640000,781,1611
41.645002,974,1609
41.650001,941,1608
41.655002,758,1608
41.660001,860,1603
41.665002,970,1606
41.670002,773,1606
41.675001,824,1603
41.680002,992,1605
41.685000,878,1603
41.690001,784,1603
41.695000,964,1604
41.700001,933,1601
41.705000,753,1606
41.710001,869,1593
41.715001,968,1604
41.720001,785,1602
41.725001,821,1604
41.730000,972,1606
41.735001,880,1605
41.740001,778,1604
41.745001,981,1605
41.750001,930,1606
41.755000,751,1609
41.760001,876,1609
41.765000,966,1607
41.770001,768,1610
41.775000,828,1608
41.780001,977,1608
41.785000,866,1609
41.790001,796,1604
41.795001,964,1605
41.800001,923,1608
41.805001,775,1602
41.810001,873,1604
41.815001,965,1601
41.820001,786,1603
41.825001,813,1602
41.830000,971,1603
41.835002,864,1603
41.840002,796,1603
41.845001,963,1598
41.850002,929,1600
41.855000,754,1602
41.860001,861,1603
41.865002,963,1598
41.870000,769,1601
41.875000,828,1598
41.880001,981,1599
41.885001,871,1600
41.890000,775,1598
41.895001,973,1602
41.900001,927,1600
41.905001,751,1603
41.910001,883,1601
41.915001,961,1604
41.920001,765,1608
41.925001,824,1605
41.930002,985,1604
41.935001,874,1599
41.940002,783,1605
41.945001,955,1609
41.950001,925,1610
41.955002,775,1606
41.960001,875,1605
41.965002,958,1606
41.970001,776,1609
41.975001,813,1605
41.980001,978,1607
41.985001,888,1609
41.990001,792,1605
41.995001,963,1605
42.000000,925,1607
42.005001,757,1610
42.010001,861,1605
42.015000,953,1609
42.020001,787,1608
42.025001,822,1605
42.030001,973,1608
42.035000,866,1604
42.040001,800,1608
42.045001,963,1609
42.050001,931,1606
42.055001,756,1609
42.060000,860,1612
42.065001,953,1610
42.070000,771,1604
42.075002,822,1604
42.080001,994,1608
42.085000,877,1611
42.090000,785,1611
42.095002,964,1610
42.100001,930,1611
42.105001,755,1612
42.110001,885,1609
42.115000,958,1609
42.120002,765,1612
42.125001,809,1610
42.130000,971,1613
42.135000,879,1608
42.140001,793,1610
42.145001,962,1612
42.150001,939,1611
42.155002,757,1609
42.160002,871,1608
42.165001,952,1614
42.170002,785,1611
42.175001,822,1608
42.180001,976,1606
42.185001,861,1606
42.190001,780,1607
42.195001,957,1607
42.200001,939,1599
42.205000,749,1607
42.210001,880,1600
42.215001,950,1603
42.220001,786,1599
42.225001,824,1598
42.230000,972,1600
42.235001,856,1601
42.240001,787,1599
42.245002,966,1600
42.250002,921,1604
42.255000,749,1601
42.260000,882,1603
42.265002,952,1604
42.270001,771,1594
42.275001,820,1602
42.280001,990,1602
42.285001,869,1605
42.290001,776,1607
42.295001,958,1604
42.300000,933,1606
42.305000,762,1604
42.310001,865,1604
42.315001,949,1604
42.320001,786,1603
42.325001,822,1601
42.330002,979,1600
42.335001,865,1599
42.340002,782,1598
42.345000,969,1590
42.350001,930,1592
42.355001,772,1592
42.360002,872,1596
42.365001,946,1597
42.370001,758,1600
42.375001,821,1597
42.380000,976,1598
42.385001,857,1599
42.390001,783,1595
42.395001,958,1597
42.400001,942,1595
42.405001,759,1595
42.410000,866,1597
42.415001,963,1599
42.420002,775,1598
42.425001,811,1597
42.430001,973,1597
42.435001,866,1600
42.440002,783,1602
42.445000,974,1604
42.450001,917,1601
42.455000,775,1597
42.460001,874,1599
42.465001,952,1603
42.470001,768,1600
42.475001,802,1603
42.480000,975,1595
42.485001,873,1599
42.490000,780,1603
42.495002,958,1604
42.500001,931,1604
42.505000,752,1605
42.510000,872,1601
42.515001,964,1605
42.520001,767,1608
42.525001,829,1606
42.530001,982,1609
42.535001,861,1611
42.540002,783,1614
42.545002,963,1609
42.550000,926,1613
42.555001,773,1613
42.560001,872,1615
42.565001,967,1615
42.570001,768,1614
42.575002,821,1615
42.580002,976,1614
42.585000,876,1613
42.590001,792,1614
42.595000,966,1614
42.600001,925,1617
42.605000,770,1615
42.610002,867,1619
42.615002,969,1615
42.620001,777,1616
42.625000,811,1613
42.630001,975,1616
42.635002,880,1617
42.640001,788,1616
42.645002,960,1620
42.650001,940,1608
42.655001,765,1618
42.660001,890,1614
42.665002,949,1618
42.670001,766,1620
42.675001,822,1605
42.680001,987,1613
42.685001,857,1619
42.690002,805,1616
42.695000,973,1616
42.700001,932,1614
42.705001,761,1613
42.710000,867,1615
42.715001,964,1605
42.720001,777,1613
42.725001,823,1613
42.730000,975,1614
42.735002,874,1613
42.740002,796,1612
42.745000,965,1613
42.750000,925,1609
42.755001,769,1611
42.760000,889,1612
42.765001,964,1611
42.770001,779,1611
42.775000,808,1608
42.780001,972,1611
42.785001,851,1610
42.790001,802,1604
42.795001,969,1606
42.800000,923,1609
42.805000,762,1605
42.810001,873,1608
42.815001,943,1606
42.820001,764,1606
42.825001,809,1609
42.830000,972,1612
42.835001,877,1612
42.840001,786,1609
42.845001,959,1611
42.850001,947,1609
42.855000,763,1612
42.860002,881,1614
42.865000,952,1614
42.870001,767,1615
42.875001,810,1616
42.880001,972,1622
42.885002,874,1620
42.890001,794,1623
42.895002,965,1627
42.900000,935,1615
42.905001,772,1628
42.910001,882,1626
42.915000,946,1626
42.920000,789,1627
42.925001,828,1628
42.930001,987,1627
42.935001,861,1629
42.940001,781,1630
42.945000,975,1626
42.950001,923,1631
42.955000,769,1627
42.960002,874,1629
42.965001,965,1619
42.970001,781,1620
42.975002,820,1625
42.980000,978,1624
42.985001,856,1630
42.990000,800,1622
42.995001,975,1622
43.000000,928,1621
43.005001,754,1622
43.010001,894,1619
43.015000,961,1616
43.020001,784,1615
43.025000,824,1618
43.030000,984,1618
43.035000,858,1617
43.040001,785,1613
43.045001,977,1615
43.050000,937,1614
43.055000,762,1617
43.060000,881,1620
43.065002,947,1618
43.070001,777,1614
43.075002,821,1617
43.080001,976,1618
43.085001,858,1616
43.090001,800,1619
43.095001,977,1618
43.100001,935,1617
43.105001,763,1616
43.110001,871,1619
43.115001,945,1616
43.120001,772,1615
43.125001,811,1613
43.130000,977,1612
43.135000,856,1612
43.140002,801,1612
43.145001,978,1612
43.150000,926,1611
43.155002,752,1611
43.160001,892,1608
43.165002,947,1608
43.170000,757,1609
43.175001,822,1609
43.180002,982,1607
43.185000,851,1607
43.190001,795,1605
43.195001,979,1606
43.200002,930,1604
43.205001,762,1603
43.210000,877,1601
43.215001,952,1603
43.220000,776,1601
43.225001,803,1602
43.230002,990,1600
43.235001,859,1600
43.240001,794,1601
43.245001,968,1599
43.250001,923,1601
43.255000,751,1603
43.260001,882,1592
43.265000,965,1600
43.270001,765,1601
43.275000,801,1605
43.280001,987,1603
43.285000,860,1606
43.290001,782,1605
43.295001,980,1603
43.300001,932,1605
43.305001,751,1612
43.310002,873,1609
43.315001,947,1608
43.320001,763,1611
43.325001,811,1610
43.330000,996,1609
43.335001,861,1610
43.340001,788,1613
43.345001,971,1610
43.350001,925,1616
43.355000,757,1614
43.360001,874,1617
43.365000,945,1617
43.370001,779,1613
43.375001,823,1615
43.380000,972,1617
43.385000,857,1614
43.390001,797,1609
43.395000,979,1615
43.400001,924,1618
43.405001,758,1617
43.410000,896,1612
43.415001,969,1617
43.420002,770,1618
43.425000,824,1616
43.430000,994,1616
43.435000,866,1615
43.440001,787,1616
43.445001,962,1617
43.450001,941,1609
43.455000,767,1612
43.460001,895,1613
43.465001,959,1608
43.470001,764,1609
43.475002,824,1605
43.480000,985,1611
43.485001,858,1609
43.490001,797,1605
43.495001,971,1608
43.500001,931,1604
43.505001,765,1605
43.510001,884,1603
43.515001,962,1600
43.520001,769,1604
43.525000,832,1604
43.530002,987,1602
43.535001,853,1603
43.540002,806,1603
43.545001,969,1603
43.550000,944,1601
43.555000,766,1604
43.560001,880,1602
43.565001,944,1600
43.570000,779,1601
43.575002,810,1603
43.580002,968,1601
43.585001,864,1599
43.590002,789,1599
43.595002,965,1597
43.600001,942,1596
43.605000,764,1601
43.610001,886,1598
43.615001,951,1598
43.620002,776,1594
43.625001,829,1597
43.630000,980,1599
43.635000,856,1602
43.640001,787,1600
43.645000,962,1604
43.650001,941,1603
43.655002,765,1601
43.660002,881,1606
43.665001,968,1602
43.670001,779,1606
43.675000,818,1605
43.680000,977,1610
43.685001,871,1606
43.690001,800,1609
43.695000,961,1613
43.700001,944,1611
43.705001,765,1609
43.710000,893,1612
43.715000,960,1611
43.720002,756,1610
43.725002,818,1612
43.730001,969,1612
43.735000,866,1614
43.740000,789,1613
43.745001,966,1611
43.750001,932,1611
43.755000,756,1613
43.760000,899,1608
43.765002,956,1612
43.770002,782,1613
43.775001,820,1613
43.780000,972,1612
43.785001,849,1613
43.790001,784,1617
43.795001,982,1609
43.800001,937,1610
43.805002,762,1612
43.810002,880,1610
43.815001,952,1601
43.820001,757,1613
43.825001,827,1610
43.830000,986,1610
43.835001,852,1611
43.840001,788,1610
43.845001,986,1613
43.850001,935,1613
43.855001,757,1615
43.860001,890,1609
43.865000,962,1616
43.870001,775,1615
43.875001,811,1616
43.880000,987,1618
43.885001,858,1619
43.890000,798,1617
43.895001,972,1620
43.900001,924,1621
43.905000,758,1620
43.910000,900,1618
43.915001,950,1612
43.920001,779,1617
43.925001,821,1617
43.930001,973,1618
43.935001,867,1617
43.940002,789,1616
43.945002,970,1617
43.950001,926,1614
43.955000,763,1612
43.960002,886,1617
43.965002,948,1616
43.970001,762,1615
43.975001,830,1609
43.980002,990,1610
43.985000,862,1614
43.990000,795,1615
43.995001,971,1612
44.000001,926,1613
44.005000,770,1611
44.010000,887,1611
44.015001,947,1613
44.020001,757,1614
44.025001,827,1611
44.030001,976,1612
44.035000,869,1606
44.040001,799,1610
44.045001,969,1610
44.050001,936,1609
44.055002,775,1610
44.060001,895,1608
44.065001,950,1606
44.070000,760,1605
44.075002,806,1606
44.080002,976,1594
44.085000,865,1603
44.090000,794,1596
44.095001,967,1600
44.100002,939,1592
44.105001,770,1598
44.110001,886,1595
44.115001,947,1597
44.120001,754,1599
44.125001,829,1590
44.130001,981,1594
44.135001,845,1593
44.140000,784,1592
44.145001,988,1586
44.150002,935,1587
44.155001,761,1583
44.160001,878,1586
44.165001,960,1581
44.170002,769,1584
44.175001,806,1583
44.180001,971,1578
44.185000,862,1582
44.190001,795,1580
44.195001,961,1581
44.200001,918,1579
44.205000,750,1583
44.210000,902,1582
44.215001,944,1581
44.220000,760,1582
44.225001,804,1583
44.230001,983,1580
44.235001,846,1583
44.240000,785,1583
44.245001,962,1584
44.250001,935,1580
44.255001,769,1582
44.260002,888,1581
44.265001,942,1585
44.270001,758,1583
44.275000,808,1583
44.280001,991,1582
44.285000,860,1581
44.290000,792,1583
44.295000,965,1581
44.300001,920,1580
44.305000,771,1578
44.310001,887,1578
44.315001,943,1581
44.320001,754,1581
44.325001,816,1580
44.330001,968,1581
44.335000,842,1586
44.340000,799,1578
44.345002,984,1577
44.350001,928,1582
44.355000,768,1580
44.360001,884,1581
44.365000,947,1582
44.370002,757,1585
44.375001,805,1582
44.380002,984,1581
44.385001,854,1583
44.390001,798,1585
44.395001,973,1587
44.400001,930,1586
44.405000,761,1588
44.410000,880,1593
44.415001,935,1593
44.420001,769,1594
44.425001,810,1593
44.430002,972,1595
44.435001,849,1599
44.440002,784,1599
44.445001,968,1599
44.450001,916,1600
44.455000,769,1605
44.460001,881,1605
44.465001,943,1603
44.470001,778,1603
44.475002,815,1603
44.480000,968,1610
44.485001,857,1608
44.490000,789,1610
44.495002,963,1606
44.500000,937,1608
44.505002,754,1614
44.510002,879,1612
44.515001,953,1614
44.520001,756,1622
44.525002,825,1613
44.530001,988,1617
44.535000,849,1617
44.540002,789,1618
44.545001,969,1620
44.550001,934,1625
44.555001,761,1622
44.560001,893,1622
44.565002,943,1622
44.570002,767,1617
44.575001,822,1616
44.580000,984,1623
44.585001,848,1623
44.590001,790,1624
44.595000,968,1624
44.600001,925,1626
44.605001,761,1624
44.610001,891,1625
44.615002,943,1626
44.620001,760,1630
44.625001,809,1631
44.630001,970,1629
44.635001,841,1626
44.640000,788,1631
44.645002,986,1625
44.650000,939,1629
44.655002,755,1628
44.660002,908,1627
44.665001,954,1625
44.670000,765,1627
44.675002,808,1629
44.680002,969,1628
44.685001,839,1631
44.690002,786,1629
44.695001,979,1618
44.700001,944,1624
44.705000,769,1625
44.710002,897,1624
44.715001,945,1627
44.720002,763,1625
44.725002,809,1627
44.730001,996,1622
44.735001,851,1623
44.740000,803,1624
44.745001,979,1625
44.750001,917,1626
44.755000,778,1621
44.760000,896,1622
44.765001,952,1621
44.770001,760,1624
44.775000,821,1617
44.780001,969,1622
44.785000,864,1625
44.790001,806,1621
44.795001,976,1623
44.800002,930,1621
44.805001,768,1622
44.810000,894,1625
44.815001,946,1621
44.820001,783,1618
44.825002,829,1615
44.830002,992,1615
44.835001,856,1617
44.840001,799,1615
44.845000,966,1618
44.850001,939,1615
44.855000,764,1614
44.860001,894,1614
44.865000,945,1613
44.870001,764,1603
44.875001,828,1612
44.880001,973,1615
44.885001,840,1618
44.890000,803,1609
44.895001,976,1614
44.900001,921,1613
44.905002,777,1611
44.910000,901,1614
44.915002,951,1613
44.920002,761,1615
44.925000,814,1617
44.930000,975,1613
44.935000,844,1614
44.940001,800,1613
44.945000,975,1614
44.950001,932,1614
44.955000,764,1615
44.960001,891,1622
44.965001,962,1612
44.970000,775,1619
44.975002,814,1624
44.980001,971,1620
44.985001,856,1625
44.990000,797,1622
44.995001,973,1620
45.000001,922,1621
45.005000,781,1621
45.010000,905,1621
45.015002,953,1624
45.020002,768,1620
45.025000,812,1626
45.030001,967,1627
45.035000,858,1624
45.040001,805,1623
45.045002,980,1620
45.050001,916,1625
45.055002,757,1623
45.060001,889,1622
45.065001,958,1618
45.070001,767,1619
45.075002,810,1618
45.080002,992,1616
45.085000,855,1616
45.090001,803,1616
45.095000,979,1614
45.100002,925,1612
45.105000,765,1612
45.110001,895,1612
45.115000,944,1609
45.120001,765,1608
45.125002,820,1606
45.130001,970,1606
45.135002,833,1605
45.140001,790,1604
45.145001,972,1602
45.150002,922,1598
45.155001,779,1599
45.160000,910,1592
45.165001,955,1595
45.170001,764,1595
45.175001,822,1591
45.180001,977,1591
45.185001,846,1589
45.190001,792,1590
45.195001,965,1588
45.200001,921,1589
45.205000,765,1586
45.210002,898,1585
45.215002,940,1584
45.220000,752,1586
45.225001,806,1586
45.230000,961,1588
45.235001,845,1582
45.240001,804,1586
45.245001,980,1587
45.250000,921,1586
45.255001,767,1588
45.260001,894,1585
45.265001,943,1588
45.270001,752,1592
45.275000,812,1588
45.280001,967,1590
45.285000,837,1592
45.290001,790,1593
45.295001,964,1596
45.300001,925,1596
45.305002,764,1595
45.310000,894,1595
45.315002,938,1600
45.320000,755,1598
45.325002,816,1596
45.330001,967,1599
45.335000,856,1597
45.340001,801,1596
45.345001,975,1598
45.350001,931,1599
45.355001,767,1597
45.360002,900,1598
45.365002,946,1598
45.370000,761,1597
45.375000,810,1601
45.380001,968,1602
45.385001,841,1601
45.390000,795,1605
45.395001,978,1603
45.400000,928,1604
45.405002,765,1604
45.410002,896,1608
45.415000,941,1610
45.420000,763,1611
45.425001,811,1611
45.430000,972,1610
45.435001,844,1610
45.440001,790,1614
45.445000,971,1612
45.450001,921,1613
45.455001,775,1611
45.460001,894,1616
45.465002,959,1611
45.470002,766,1609
45.475001,813,1614
45.480000,989,1615
45.485001,856,1619
45.490001,803,1618
45.495001,977,1621
45.500001,926,1620
45.505000,772,1622
45.510000,908,1624
45.515002,949,1625
45.520002,763,1623
45.525001,836,1623
45.530001,982,1625
45.535000,842,1628
45.540001,794,1628
45.545002,976,1629
45.550000,929,1627
45.555000,763,1632
45.560000,904,1623
45.565002,961,1627
45.570001,783,1622
45.575001,821,1623
45.580001,978,1620
45.585001,844,1622
45.590001,800,1623
45.595000,977,1620
45.600001,928,1621
45.605001,773,1617
45.610001,903,1621
45.615000,942,1619
45.620001,762,1613
45.625001,839,1614
45.630000,991,1613
45.635000,852,1614
45.640001,808,1615
45.645001,982,1614
45.650000,928,1615
45.655001,765,1614
45.660001,899,1614
45.665002,958,1616
45.670001,776,1613
45.675002,820,1613
45.680002,973,1613
45.685001,829,1613
45.690001,809,1609
45.695000,986,1609
45.700001,924,1609
45.705000,769,1606
45.710001,907,1603
45.715001,948,1605
45.720001,763,1601
45.725001,814,1603
45.730001,983,1597
45.735001,827,1598
45.740001,789,1593
45.745000,982,1590
45.750000,919,1595
45.755001,760,1594
45.760001,894,1592
45.765001,963,1587
45.770001,774,1591
45.775000,822,1588
45.780001,969,1586
45.785001,830,1589
45.790002,790,1586
45.795001,966,1582
45.800000,932,1587
45.805000,754,1590
45.810000,911,1582
45.815002,951,1578
45.820001,771,1587
45.825001,819,1585
45.830001,969,1588
45.835000,825,1592
45.840000,785,1591
45.845001,989,1589
45.850001,925,1590
45.855002,755,1589
45.860000,894,1593
45.865000,938,1595
45.870001,752,1595
45.875000,825,1592
45.880001,978,1594
45.885001,827,1592
45.890001,804,1584
45.895002,973,1592
45.900001,913,1597
45.905001,779,1594
45.910001,899,1595
45.915001,936,1599
45.920001,774,1597
45.925001,815,1596
45.930001,975,1597
45.935000,825,1605
45.940001,809,1597
45.945002,974,1595
45.950001,916,1602
45.955000,774,1602
45.960002,899,1600
45.965001,935,1604
45.970000,768,1601
45.975001,817,1603
45.980001,966,1600
45.985001,844,1600
45.990001,805,1600
45.995002,976,1599
46.000001,915,1602
46.005001,769,1605
46.010002,910,1598
46.015000,944,1602
46.020001,756,1603
46.025001,812,1606
46.030001,965,1608
46.035001,843,1606
46.040001,792,1607
46.045001,964,1605
46.050002,940,1605
46.055001,766,1604
46.060000,900,1605
46.065002,956,1604
46.070001,755,1602
46.075001,825,1597
46.080000,978,1602
46.085001,835,1601
46.090001,795,1600
46.095000,974,1600
46.100002,917,1602
46.105000,778,1598
46.110001,911,1602
46.115001,939,1603
46.120001,766,1598
46.125000,824,1603
46.130001,981,1601
46.135001,840,1602
46.140001,796,1608
46.145001,964,1610
46.150000,938,1605
46.155002,761,1611
46.160001,912,1610
46.165001,945,1611
46.170001,761,1613
46.175001,814,1607
46.180001,985,1618
46.185001,832,1617
46.190001,796,1619
46.195000,988,1618
46.200002,924,1618
46.205001,773,1610
46.210000,907,1617
46.215000,950,1620
46.220001,761,1618
46.225002,822,1619
46.230002,964,1622
46.235000,828,1616
46.240001,813,1615
46.245001,983,1619
46.250000,920,1620
46.255001,756,1621
46.260002,922,1619
46.265001,950,1619
46.270001,756,1619
46.275001,828,1616
46.280001,982,1617
46.285000,841,1616
46.290001,795,1618
46.295001,969,1619
46.300001,939,1618
46.305002,767,1620
46.310001,899,1621
46.315001,959,1618
46.320001,764,1620
46.325001,821,1618
46.330001,979,1614
46.335000,831,1619
46.340001,802,1615
46.345001,979,1616
46.350001,924,1617
46.355000,760,1619
46.360002,920,1618
46.365002,945,1616
46.370001,771,1615
46.375001,823,1616
46.380000,970,1618
46.385001,829,1616
46.390001,805,1619
46.395001,984,1617
46.400000,926,1619
46.405002,756,1619
46.410001,908,1610
46.415001,953,1616
46.420001,762,1619
46.425001,812,1618
46.430002,985,1615
46.435001,831,1616
46.440001,793,1617
46.445001,967,1618
46.450001,940,1614
46.455001,774,1612
46.460001,908,1612
46.465000,948,1613
46.470001,762,1608
46.475001,810,1616
46.480000,985,1614
46.485001,828,1613
46.490001,788,1616
46.495001,988,1614
46.500001,922,1609
46.505001,758,1615
46.510002,921,1614
46.515000,947,1615
46.520001,757,1614
46.525001,813,1612
46.530002,964,1617
46.535001,845,1611
46.540001,797,1612
46.545002,967,1618
46.550001,932,1614
46.555001,764,1617
46.560001,899,1617
46.565002,955,1612
46.570000,760,1611
46.575001,818,1611
46.580001,971,1612
46.585001,821,1612
46.590001,807,1609
46.595000,973,1608
46.600001,915,1608
46.605000,773,1605
46.610001,915,1604
46.615000,941,1605
46.620002,757,1605
46.625001,815,1602
46.630001,979,1603
46.635002,835,1601
46.640002,797,1602
46.645002,976,1603
46.650002,923,1602
46.655001,764,1604
46.660001,904,1607
46.665001,937,1606
46.670000,756,1605
46.675001,810,1605
46.680002,980,1605
46.685002,829,1608
46.690002,787,1605
46.695002,983,1606
46.700001,922,1608
46.705001,774,1604
46.710000,919,1607
46.715000,937,1608
46.720001,765,1605
46.725001,822,1609
46.730001,961,1614
46.735002,824,1609
46.740002,785,1609
46.745002,988,1612
46.750001,930,1613
46.755001,769,1612
46.760002,908,1617
46.765001,939,1617
46.770000,762,1618
46.775000,810,1613
46.780000,979,1618
46.785000,825,1619
46.790002,793,1619
46.795001,978,1620
46.800001,916,1622
46.805002,774,1619
46.810000,907,1622
46.815001,954,1620
46.820001,770,1620
46.825001,819,1622
46.830000,973,1619
46.835002,828,1617
46.840001,791,1618
46.845000,983,1617
46.850001,925,1614
46.855001,760,1617
46.860001,904,1616
46.865000,940,1614
46.870001,777,1611
46.875001,826,1611
46.880000,970,1607
46.885001,828,1601
46.890000,803,1614
46.895001,970,1611
46.900001,917,1610
46.905002,774,1608
46.910001,909,1612
46.915000,940,1611
46.920000,770,1613
46.925001,816,1614
46.930002,988,1610
46.935002,833,1614
46.940002,792,1615
46.945001,991,1614
46.950001,934,1613
46.955001,766,1611
46.960000,921,1605
46.965001,941,1611
46.970000,771,1605
46.975001,823,1608
46.980001,966,1611
46.985001,824,1610
46.990001,804,1604
46.995001,980,1605
47.000001,918,1604
47.005001,776,1609
47.010000,907,1605
47.015001,952,1600
47.020001,768,1606
47.025001,817,1609
47.030001,969,1608
47.035001,819,1607
47.040002,809,1607
47.045001,974,1609
47.050001,923,1605
47.055001,773,1601
47.060000,919,1605
47.065001,937,1606
47.070001,753,1606
47.075001,812,1608
47.080001,964,1607
47.085000,842,1605
47.090001,813,1603
47.095000,983,1603
47.100002,918,1602
47.105000,767,1602
47.110002,917,1605
47.115001,939,1601
47.120000,755,1605
47.125000,811,1601
47.130001,984,1603
47.135001,827,1602
47.140000,793,1603
47.145001,993,1604
47.150000,929,1600
47.155002,776,1597
47.160001,921,1600
47.165002,936,1600
47.170002,776,1597
47.175000,823,1602
47.180000,965,1600
47.185000,819,1600
47.190001,809,1598
47.195000,976,1596
47.200001,914,1601
47.205002,773,1598
47.210001,910,1599
47.215001,960,1598
47.220000,762,1600
47.225001,818,1598
47.230000,963,1599
47.235002,835,1600
47.240001,797,1600
47.245001,973,1602
47.250001,934,1600
47.255001,767,1601
47.260000,910,1600
47.265001,955,1603
47.270001,763,1604
47.275000,821,1607
47.280002,963,1607
47.285001,833,1605
47.290001,793,1607
47.295001,982,1606
47.300001,922,1604
47.305002,758,1609
47.310001,929,1602
47.315002,941,1606
47.320002,753,1603
47.325001,814,1601
47.330000,965,1603
47.335002,840,1597
47.340001,801,1597
47.345000,973,1597
47.350001,938,1596
47.355000,764,1599
47.360001,927,1595
47.365000,936,1597
47.370002,774,1595
47.375001,819,1597
47.380000,980,1595
47.385001,832,1595
47.390001,794,1595
47.395002,969,1597
47.400000,927,1589
47.405002,782,1595
47.410001,908,1602
47.415002,936,1603
47.420002,754,1599
47.425000,835,1597
47.430001,965,1604
47.435000,816,1601
47.440001,794,1604
47.445000,970,1609
47.450001,935,1604
47.455002,771,1610
47.460002,911,1612
47.465001,932,1612
47.470001,774,1611
47.475001,825,1613
47.480001,967,1617
47.485001,818,1624
47.490000,809,1618
47.495001,988,1620
47.500001,922,1620
47.505000,763,1626
47.510001,908,1624
47.515001,953,1614
47.520000,768,1622
47.525000,822,1625
47.530001,973,1622
47.535000,819,1626
47.540001,796,1626
47.545000,992,1624
47.550001,927,1624
47.555001,763,1622
47.560001,930,1621
47.565001,943,1617
47.570000,759,1618
47.575001,817,1610
47.580000,979,1616
47.585002,817,1615
47.590001,809,1609
47.595001,985,1612
47.600002,924,1613
47.605000,767,1611
47.610001,907,1612
47.615001,950,1609
47.620001,762,1608
47.625000,819,1606
47.630001,969,1608
47.635001,816,1607
47.640000,797,1602
47.645001,983,1608
47.650001,919,1608
47.655001,759,1605
47.660000,921,1604
47.665001,938,1604
47.670002,749,1605
47.675001,817,1596
47.680001,978,1599
47.685002,828,1596
47.690001,799,1596
47.695001,969,1598
47.700002,929,1592
47.705000,776,1593
47.710001,910,1591
47.715001,932,1591
47.720001,751,1585
47.725002,829,1586
47.730001,961,1588
47.735001,812,1592
47.740001,816,1582
47.745001,985,1581
47.750000,918,1585
47.755002,760,1584
47.760002,915,1584
47.765000,932,1586
47.770002,763,1586
47.775001,822,1584
47.780002,957,1585
47.785001,829,1583
47.790002,793,1588
47.795000,971,1581
47.800002,923,1587
47.805001,763,1587
47.810000,924,1587
47.815001,950,1590
47.820002,753,1591
47.825001,810,1596
47.830001,980,1596
47.835000,815,1598
47.840000,788,1597
47.845001,988,1599
47.850002,928,1599
47.855000,767,1598
47.860002,912,1599
47.865000,931,1603
47.870001,774,1598
47.875002,811,1604
47.880000,965,1606
47.885000,838,1602
47.890002,802,1603
47.895002,972,1608
47.900000,930,1607
47.905001,765,1610
47.910002,910,1611
47.915000,949,1610
47.920000,769,1609
47.925001,823,1612
47.930001,967,1616
47.935001,813,1618
47.940001,815,1615
47.945001,975,1616
47.950001,915,1621
47.955000,778,1610
47.960002,929,1618
47.965001,952,1619
47.970001,750,1623
47.975000,828,1617
47.980001,967,1617
47.985000,829,1615
47.990001,798,1622
47.995001,972,1623
48.000000,937,1621
48.005001,773,1617
48.010001,917,1619
48.015000,938,1620
48.020001,754,1624
48.025000,833,1618
48.030002,986,1619
48.035001,821,1620
48.040001,799,1618
48.045002,970,1621
48.050001,932,1619
48.055001,764,1617
48.060001,933,1618
48.065000,936,1619
48.070000,750,1620
48.075001,832,1620
48.080000,971,1616
48.085001,813,1620
48.090001,816,1617
48.095001,989,1613
48.100002,928,1617
48.105002,758,1617
48.110002,910,1617
48.115001,954,1617
48.120002,754,1615
48.125001,834,1614
48.130000,974,1614
48.135000,813,1616
48.140001,816,1613
48.145001,991,1614
48.150001,925,1616
48.155001,770,1612
48.160000,909,1616
48.165001,950,1613
48.170001,761,1618
48.175000,814,1613
48.180000,966,1613
48.185000,812,1615
48.190001,811,1611
48.195002,976,1613
48.200001,934,1605
48.205001,768,1611
48.210000,922,1602
48.215001,943,1609
48.220001,754,1610
48.225001,833,1605
48.230001,973,1606
48.235001,815,1605
48.240000,796,1605
48.245002,995,1602
48.250000,917,1604
48.255001,786,1600
48.260001,925,1604
48.265000,933,1604
48.270001,767,1600
48.275000,820,1605
48.280001,966,1605
48.285000,833,1598
48.290002,812,1602
48.295001,987,1602
48.300000,921,1600
48.305000,767,1601
48.310000,907,1603
48.315000,945,1600
48.320000,762,1600
48.325001,812,1599
48.330001,985,1594
48.335001,811,1601
48.340001,791,1597
48.345001,979,1588
48.350000,928,1596
48.355000,774,1593
48.360001,919,1595
48.365001,930,1598
48.370001,769,1598
48.375001,820,1593
48.380001,960,1600
48.385002,829,1595
48.390000,800,1603
48.395002,970,1600
48.400001,933,1601
48.405002,762,1605
48.410001,933,1601
48.415001,945,1604
48.420001,763,1603
48.425002,815,1606
48.430002,986,1605
48.435000,820,1603
48.440002,797,1608
48.445001,990,1607
48.450001,922,1610
48.455001,767,1609
48.460000,925,1606
48.465001,940,1609
48.470001,755,1612
48.475002,822,1602
48.480000,985,1609
48.485001,833,1612
48.490000,817,1614
48.495001,982,1617
48.500001,921,1616
48.505000,786,1613
48.510001,930,1618
48.515000,934,1618
48.520002,773,1615
48.525001,823,1618
48.530001,970,1619
48.535001,808,1618
48.540002,818,1618
48.545000,988,1611
48.550000,932,1616
48.555001,771,1617
48.560000,918,1618
48.565002,949,1616
48.570002,766,1615
48.575001,820,1617
48.580001,967,1617
48.585001,808,1618
48.590002,818,1617
48.595000,977,1615
48.600001,920,1618
48.605001,781,1611
48.610002,936,1613
48.615002,947,1614
48.620000,763,1615
48.625001,812,1616
48.630000,969,1616
48.635000,812,1615
48.640001,813,1610
48.645000,986,1615
48.650001,926,1612
48.655001,768,1614
48.660002,913,1618
48.665000,953,1617
48.670000,756,1616
48.675001,831,1613
48.680002,964,1614
48.685000,824,1609
48.690001,795,1611
48.695000,990,1611
48.700001,917,1611
48.705000,766,1610
48.710000,939,1609
48.715000,944,1601
48.720002,766,1609
48.725001,826,1606
48.730001,972,1607
48.735001,805,1607
48.740001,806,1605
48.745001,980,1608
48.750001,920,1610
48.755002,780,1604
48.760001,932,1612
48.765001,933,1609
48.770001,763,1608
48.775001,816,1612
48.780001,980,1607
48.785000,818,1612
48.790001,800,1613
48.795001,989,1612
48.800001,920,1612
48.805001,769,1611
48.810000,921,1611
48.815001,941,1608
48.820001,761,1611
48.825001,838,1605
48.830001,972,1605
48.835001,821,1605
48.840002,815,1601
48.845001,976,1601
48.850001,912,1604
48.855001,784,1600
48.860001,922,1598
48.865001,931,1599
48.870001,752,1599
48.875001,823,1589
48.880001,981,1597
48.885001,814,1598
48.890001,800,1597
48.895000,982,1598
48.900001,918,1600
48.905001,768,1608
48.910001,927,1594
48.915002,950,1601
48.920001,774,1597
48.925001,812,1604
48.930002,982,1603
48.935000,808,1604
48.940001,811,1603
48.945001,980,1602
48.950001,916,1604
48.955001,788,1601
48.960000,928,1599
48.965001,934,1599
48.970001,768,1597
48.975001,821,1596
48.980000,964,1599
48.985001,820,1589
48.990001,817,1591
48.995001,986,1592
49.000001,921,1595
49.005001,761,1594
49.010001,936,1594
49.015000,931,1595
49.020000,765,1591
49.025000,819,1592
49.030002,982,1590
49.035001,809,1598
49.040001,799,1597
49.045001,975,1593
49.050001,931,1593
49.055001,766,1595
49.060001,939,1595
49.065002,929,1597
49.070001,768,1594
49.075002,820,1593
49.080001,965,1592
49.085001,823,1594
49.090001,803,1592
49.095001,973,1591
49.100002,930,1587
49.105001,775,1592
49.110002,921,1588
49.115002,928,1587
49.120001,768,1585
49.125000,818,1586
49.130000,977,1587
49.135000,804,1588
49.140002,795,1589
49.145002,996,1584
49.150001,927,1586
49.155001,773,1586
49.160001,923,1587
49.165001,930,1591
49.170001,769,1590
49.175000,829,1590
49.180000,968,1592
49.185001,808,1592
49.190002,817,1593
49.195000,973,1595
49.200001,919,1589
49.205000,774,1595
49.210000,923,1600
49.215000,932,1602
49.220002,772,1598
49.225001,823,1600
49.230002,979,1597
49.235001,805,1603
49.240001,809,1604
49.245001,979,1602
49.250002,939,1603
49.255001,773,1603
49.260001,922,1605
49.265000,948,1602
49.270001,759,1606
49.275001,812,1608
49.280001,980,1605
49.285001,812,1607
49.290001,800,1607
49.295001,981,1608
49.300001,913,1609
49.305001,786,1607
49.310001,928,1610
49.315000,933,1611
49.320000,765,1609
49.325001,817,1611
49.330000,985,1611
49.335001,819,1612
49.340001,809,1611
49.345001,991,1610
49.350002,921,1613
49.355001,772,1603
49.360002,940,1612
49.365002,947,1611
49.370002,759,1617
49.375001,829,1611
49.380000,969,1617
49.385001,800,1621
49.390000,808,1618
49.395001,976,1620
49.400001,930,1619
49.405001,778,1618
49.410001,927,1623
49.415002,933,1625
49.420002,772,1623
49.425001,827,1623
49.430002,968,1625
49.435000,805,1621
49.440002,817,1622
49.445001,980,1623
49.450001,921,1621
49.455002,766,1623
49.460000,942,1612
49.465001,941,1616
49.470001,757,1616
49.475002,817,1616
49.480001,983,1614
49.485001,811,1612
49.490001,796,1615
49.495001,989,1614
49.500001,922,1609
49.505001,763,1613
49.510001,937,1607
49.515002,937,1611
49.520001,750,1609
49.525002,833,1606
49.530001,982,1606
49.535000,811,1608
49.540001,799,1607
49.545001,970,1609
49.550000,935,1606
49.555001,783,1609
49.560001,934,1606
49.565002,933,1608
49.570001,748,1605
49.575001,814,1606
49.580002,984,1604
49.585001,806,1603
49.590002,800,1603
49.595001,992,1601
49.600000,909,1604
49.605000,785,1598
49.610002,931,1602
49.615001,933,1601
49.620001,747,1601
49.625002,833,1600
49.630001,969,1598
49.635001,802,1601
49.640002,797,1601
49.645002,998,1598
49.650002,925,1600
49.655000,764,1602
49.660000,942,1600
49.665001,936,1599
49.670002,748,1602
49.675001,832,1600
49.680001,968,1603
49.685000,812,1600
49.690001,800,1602
49.695002,989,1598
49.700000,924,1603
49.705001,763,1604
49.710000,939,1603
49.715000,931,1606
49.720001,764,1605
49.725002,819,1604
49.730001,982,1608
49.735001,809,1608
49.740000,806,1605
49.745002,988,1605
49.750001,926,1606
49.755000,768,1607
49.760001,923,1607
49.765001,947,1606
49.770001,766,1611
49.775001,817,1611
49.780001,979,1609
49.785001,821,1608
49.790001,805,1614
49.795001,982,1609
49.800000,912,1612
49.805001,779,1610
49.810000,927,1610
49.815000,955,1612
49.820001,766,1610
49.825001,825,1609
49.830001,962,1614
49.835000,800,1616
49.840000,815,1610
49.845002,988,1613
49.850001,920,1612
49.855000,782,1612
49.860001,938,1613
49.865000,937,1612
49.870002,762,1609
49.875001,828,1609
49.880001,965,1614
49.885001,801,1616
49.890001,799,1616
49.895002,997,1614
49.900001,927,1616
49.905001,774,1614
49.910000,930,1613
49.915001,952,1614
49.920001,770,1618
49.925001,821,1618
49.930002,982,1618
49.935001,820,1618
49.940002,816,1618
49.945002,988,1621
49.950001,926,1623
49.955001,763,1625
49.960000,942,1621
49.965000,936,1619
49.970001,767,1614
49.975001,835,1625
49.980000,978,1621
49.985001,803,1622
49.990001,796,1620
49.995002,993,1621
50.000001,912,1624
50.005001,788,1625
50.010001,945,1620
50.015001,939,1623
50.020000,755,1622
50.025000,833,1622
50.030001,981,1620
50.035002,813,1624
50.040001,801,1622
50.045001,993,1622
50.050000,921,1624
50.055001,764,1623
50.060001,944,1621
50.065001,935,1622
50.070000,755,1621
50.075001,831,1622
50.080000,963,1625
50.085001,802,1621
50.090001,801,1625
50.095001,996,1620
50.100001,921,1623
50.105001,770,1623
50.110001,929,1620
50.115001,954,1622
50.120001,767,1615
50.125000,830,1624
50.130002,961,1627
50.135001,799,1628
50.140001,818,1624
50.145001,980,1626
50.150000,930,1626
50.155001,772,1626
50.160000,927,1625
50.165001,945,1625
50.170002,751,1629
50.175002,836,1622
50.180001,973,1622
50.185001,815,1619
50.190002,808,1623
50.195002,998,1620
50.200001,922,1622
50.205001,769,1622
50.210001,948,1616
50.215002,939,1619
50.220001,767,1613
50.225001,824,1617
50.230001,977,1616
50.235001,805,1615
50.240002,794,1617
50.245001,995,1613
50.250000,917,1613
50.255001,763,1616
50.260001,951,1613
50.265001,938,1613
50.270002,754,1613
50.275000,836,1614
50.280002,966,1613
50.285000,812,1608
50.290001,805,1612
50.295001,973,1613
50.300001,931,1613
50.305002,768,1613
50.310000,928,1614
50.315001,948,1611
50.320001,758,1609
50.325000,818,1615
50.330001,982,1608
50.335001,798,1615
50.340001,816,1611
50.345001,979,1611
50.350001,931,1606
50.355002,769,1611
50.360001,941,1611
50.365002,929,1613
50.370001,770,1610
50.375000,830,1610
50.380001,963,1610
50.385000,818,1609
50.390001,802,1609
50.395001,995,1609
50.400000,912,1610
50.405001,781,1601
50.410001,939,1610
50.415001,930,1612
50.420001,748,1610
50.425001,839,1611
50.430002,964,1612
50.435000,794,1614
50.440001,819,1612
50.445001,978,1616
50.450001,929,1613
50.455001,767,1617
50.460001,948,1616
50.465001,940,1616
50.470001,751,1615
50.475001,822,1617
50.480001,984,1620
50.485002,807,1619
50.490000,803,1621
50.495001,973,1620
50.500002,928,1619
50.505000,768,1621
50.510000,945,1619
50.515002,936,1620
50.520002,773,1619
50.525001,827,1618
50.530001,980,1618
50.535001,798,1619
50.540001,804,1613
50.545002,984,1617
50.550002,907,1616
50.555001,791,1612
50.560000,933,1611
50.565001,934,1613
50.570000,750,1614
50.575001,846,1611
50.580001,961,1611
50.585001,817,1608
50.590001,812,1610
50.595001,971,1612
50.600001,926,1607
50.605001,768,1611
50.610001,931,1605
50.615000,936,1609
50.620001,767,1606
50.625001,818,1614
50.630000,971,1606
50.635000,799,1605
50.640001,806,1609
50.645002,973,1612
50.650000,930,1608
50.655002,772,1613
50.660001,927,1611
50.665000,941,1608
50.670000,753,1610
50.675002,843,1607
50.680001,965,1610
50.685001,794,1611
50.690001,818,1612
50.695000,976,1611
50.700001,906,1613
50.705000,783,1608
50.710002,935,1611
50.715001,944,1613
50.720000,748,1612
50.725002,830,1610
50.730001,964,1608
50.735001,795,1609
50.740001,795,1606
50.745001,983,1609
50.750001,906,1608
50.755000,780,1599
50.760000,953,1605
50.765001,932,1604
50.770001,746,1608
50.775000,819,1609
50.780001,979,1606
50.785000,804,1604
50.790002,797,1605
50.795001,993,1604
50.800000,923,1603
50.805001,769,1603
50.810001,949,1602
50.815001,932,1603
50.820001,771,1601
50.825001,823,1608
50.830001,955,1603
50.835001,806,1600
50.840001,799,1604
50.845001,987,1594
50.850002,905,1601
50.855002,786,1600
50.860001,926,1603
50.865000,944,1599
50.870002,748,1601
50.875001,832,1601
50.880000,971,1595
50.885000,790,1604
50.890001,801,1594
50.895002,988,1602
50.900001,911,1599
50.905002,763,1603
50.910001,930,1603
50.915001,949,1595
50.920002,760,1600
50.925001,823,1599
50.930001,956,1602
50.935001,813,1599
50.940001,817,1598
50.945000,986,1599
50.950001,909,1599
50.955001,772,1599
50.960000,949,1600
50.965001,930,1601
50.970000,763,1601
50.975002,836,1598
50.980000,957,1601
50.985002,808,1601
50.990001,797,1603
50.995002,989,1602
51.000001,908,1602
51.005001,783,1602
51.010001,947,1606
51.015000,933,1605
51.020001,748,1608
51.025001,839,1610
51.030002,970,1610
51.035002,789,1616
51.040001,815,1611
51.045001,997,1611
51.050000,922,1612
51.055000,775,1613
51.060001,932,1615
51.065002,930,1605
51.070001,761,1613
51.075002,827,1611
51.080001,977,1612
51.085000,794,1611
51.090001,822,1609
51.095001,983,1610
51.100001,907,1609
51.105000,776,1611
51.110002,934,1609
51.115002,953,1608
51.120001,753,1609
51.125001,830,1609
51.130001,983,1608
51.135001,805,1613
51.140001,802,1614
51.145001,971,1614
51.150001,921,1612
51.155001,775,1612
51.160001,935,1611
51.165001,946,1612
51.170001,756,1616
51.175001,824,1616
51.180001,976,1614
51.185000,792,1614
51.190001,818,1616
51.195001,980,1615
51.200001,903,1613
51.205001,782,1606
51.210000,947,1614
51.215001,931,1612
51.220000,752,1611
51.225001,825,1608
51.230001,980,1611
51.235002,798,1612
51.240001,799,1606
51.245001,986,1611
51.250001,904,1610
51.255000,766,1617
51.260001,945,1612
51.265001,927,1616
51.270001,764,1612
51.275000,836,1613
51.280001,972,1615
51.285001,796,1614
51.290001,800,1619
51.295001,997,1614
51.300001,911,1614
51.305001,769,1616
51.310000,946,1608
51.315001,941,1615
51.320000,754,1616
51.325001,826,1619
51.330000,955,1619
51.335001,808,1617
51.340000,810,1616
51.345001,974,1619
51.350001,898,1610
51.355000,775,1612
51.360000,936,1617
51.365001,948,1610
51.370001,747,1619
51.375000,840,1614
51.380001,957,1614
51.385001,787,1616
51.390001,816,1614
51.395002,980,1612
51.400001,904,1616
51.405001,784,1615
51.410001,950,1616
51.415000,928,1617
51.420000,753,1619
51.425002,849,1614
51.430002,968,1618
51.435000,790,1621
51.440001,814,1618
51.445001,975,1620
51.450002,917,1614
51.455002,788,1621
51.460001,943,1621
51.465002,931,1624
51.470001,754,1615
51.475001,846,1622
51.480001,965,1623
51.485001,789,1626
51.490001,808,1623
51.495002,974,1622
51.500001,918,1619
51.505001,783,1623
51.510001,948,1624
51.515000,928,1623
51.520001,762,1626
51.525000,838,1623
51.530001,959,1625
51.535000,804,1626
51.540002,805,1628
51.545001,1001,1624
51.550001,913,1627
51.555001,770,1631
51.560001,965,1627
51.565001,935,1633
51.570000,752,1631
51.575002,846,1631
51.580001,963,1632
51.585001,807,1631
51.590002,813,1630
51.595000,978,1632
51.600001,920,1631
51.605001,777,1628
51.610002,948,1629
51.615001,935,1629
51.620002,771,1620
51.625001,842,1627
51.630000,965,1624
51.635001,791,1621
51.640001,820,1613
51.645002,973,1619
51.650000,912,1618
51.655001,774,1616
51.660000,954,1616
51.665001,932,1616
51.670001,753,1615
51.675001,836,1617
51.680001,976,1606
51.685001,797,1613
51.690001,802,1618
51.695000,996,1615
51.700001,905,1611
51.705001,788,1609
51.710001,938,1614
51.715001,928,1608
51.720001,765,1609
51.725001,834,1614
51.730001,960,1606
51.735001,802,1606
51.740000,798,1608
51.745001,991,1606
51.750000,899,1605
51.755001,791,1607
51.760002,942,1604
51.765000,932,1599
51.770002,767,1604
51.775001,842,1605
51.780001,959,1602
51.785001,808,1599
51.790001,806,1604
51.795001,975,1599
51.800000,899,1600
51.805000,789,1601
51.810000,944,1600
51.815002,927,1596
51.820000,771,1597
51.825001,836,1598
51.830001,971,1596
51.835001,792,1595
51.840001,797,1597
51.845001,985,1594
51.850001,893,1588
51.855001,781,1592
51.860001,946,1588
51.865001,926,1591
51.870002,769,1589
51.875002,838,1588
51.880000,951,1594
51.885000,798,1592
51.890001,805,1589
51.895002,986,1585
51.900000,894,1592
51.905001,765,1596
51.910000,946,1591
51.915002,929,1586
51.920001,759,1592
51.925001,845,1593
51.930001,958,1594
51.935000,802,1590
51.940001,803,1592
51.945001,973,1587
51.950001,909,1588
51.955000,768,1590
51.960001,953,1587
51.965002,924,1586
51.970001,769,1585
51.975001,837,1585
51.980000,963,1588
51.985002,786,1586
51.990001,820,1586
51.995001,972,1592
52.000001,914,1588
52.005001,773,1594
52.010001,952,1590
52.015000,941,1594
52.020001,757,1596
52.025001,828,1602
52.030002,971,1597
52.035001,789,1599
52.040001,803,1602
52.045001,972,1605
52.050001,902,1597
52.055002,788,1602
52.060000,947,1603
52.065001,927,1607
52.070002,752,1606
52.075001,852,1606
52.080001,964,1608
52.085001,786,1610
52.090001,807,1600
52.095000,993,1607
52.100001,900,1608
52.105000,787,1603
52.110001,950,1611
52.115001,933,1612
52.120001,753,1612
52.125000,857,1611
52.130001,969,1613
52.135001,784,1612
52.140000,825,1610
52.145001,985,1612
52.150000,904,1614
52.155001,777,1606
52.160000,957,1612
52.165001,929,1615
52.170001,769,1611
52.175001,846,1611
52.180002,954,1613
52.185001,796,1610
52.190001,799,1613
52.195001,996,1608
52.200001,902,1609
52.205001,791,1613
52.210001,953,1609
52.215001,929,1611
52.220000,767,1609
52.225001,837,1610
52.230001,980,1613
52.235001,794,1615
52.240002,824,1610
52.245001,986,1614
52.250001,905,1611
52.255000,771,1613
52.260001,945,1606
52.265000,944,1613
52.270001,763,1611
52.275000,844,1616
52.280001,958,1614
52.285000,802,1613
52.290001,820,1611
52.295002,985,1613
52.300000,897,1613
52.305000,772,1609
52.310001,960,1614
52.315001,928,1614
52.320000,764,1612
52.325002,847,1609
52.330001,962,1610
52.335001,785,1607
52.340002,799,1610
52.345000,990,1610
52.350001,897,1610
52.355000,794,1604
52.360001,945,1607
52.365002,935,1607
52.370000,751,1609
52.375000,855,1606
52.380002,961,1605
52.385001,799,1603
52.390000,805,1599
52.395001,994,1606
52.400002,896,1603
52.405000,773,1600
52.410000,958,1602
52.415002,932,1600
52.420002,748,1605
52.425000,854,1602
52.430000,961,1602
52.435000,802,1601
52.440001,805,1603
52.445000,975,1601
52.450002,897,1598
52.455002,786,1600
52.460001,945,1600
52.465002,937,1596
52.470002,756,1601
52.475001,844,1591
52.480000,976,1598
52.485001,788,1596
52.490000,799,1599
52.495001,988,1596
52.500000,892,1601
52.505001,772,1600
52.510002,961,1601
52.515001,927,1600
52.520001,749,1597
52.525000,855,1598
52.530002,958,1597
52.535001,799,1595
52.540001,817,1598
52.545002,976,1599
52.550000,912,1596
52.555000,777,1599
52.560000,940,1596
52.565001,939,1596
52.570000,750,1593
52.575001,846,1596
52.580001,957,1595
52.585001,798,1584
52.590002,815,1593
52.595001,991,1598
52.600001,891,1595
52.605000,796,1595
52.610001,961,1595
52.615001,928,1596
52.620001,762,1592
52.625001,850,1597
52.630001,956,1602
52.635001,801,1597
52.640000,808,1598
52.645000,992,1597
52.650001,906,1598
52.655001,780,1599
52.660000,944,1603
52.665001,947,1601
52.670001,771,1600
52.675000,845,1599
52.680000,953,1604
52.685001,798,1602
52.690002,808,1602
52.695001,975,1604
52.700001,897,1601
52.705000,774,1600
52.710001,969,1601
52.715002,941,1602
52.720001,756,1604
52.725001,841,1606
52.730001,967,1604
52.735000,782,1609
52.740000,802,1608
52.745001,977,1610
52.750000,893,1611
52.755002,777,1609
52.760001,964,1607
52.765001,930,1611
52.770001,771,1609
52.775000,846,1612
52.780001,958,1612
52.785001,807,1608
52.790001,817,1613
52.795001,975,1616
52.800001,904,1615
52.805001,791,1611
52.810001,965,1614
52.815002,928,1619
52.820000,773,1616
52.825002,844,1621
52.830001,973,1618
52.835001,784,1622
52.840002,824,1620
52.845001,982,1620
52.850002,900,1616
52.855001,790,1620
52.860002,947,1626
52.865001,933,1619
52.870001,765,1627
52.875000,848,1628
52.880001,958,1628
52.885001,804,1631
52.890001,826,1628
52.895002,995,1629
52.900001,895,1633
52.905001,778,1632
52.910000,949,1633
52.915001,932,1632
52.920001,772,1633
52.925000,849,1633
52.930000,976,1630
52.935001,790,1633
52.940002,804,1634
52.945001,976,1636
52.950001,912,1632
52.955000,789,1631
52.960001,948,1637
52.965001,947,1632
52.970001,759,1634
52.975002,844,1635
52.980001,980,1631
52.985001,797,1632
52.990000,800,1635
52.995002,991,1635
53.000002,891,1632
53.005001,776,1635
53.010002,965,1633
53.015000,934,1632
53.020002,749,1632
53.025001,858,1629
53.030001,956,1633
53.035001,789,1620
53.040000,819,1626
53.045000,984,1629
53.050002,886,1628
53.055002,774,1625
53.060002,964,1624
53.065001,937,1622
53.070001,755,1626
53.075001,842,1622
53.080001,972,1620
53.085000,789,1621
53.090000,805,1621
53.095002,988,1618
53.100002,901,1616
53.105001,778,1618
53.110001,951,1614
53.115001,925,1616
53.120002,760,1609
53.125002,860,1614
53.130001,958,1614
53.135001,776,1614
53.140000,800,1616
53.145001,995,1610
53.150000,894,1612
53.155002,768,1617
53.160001,966,1611
53.165001,926,1615
53.170001,764,1612
53.175001,855,1613
53.180001,962,1614
53.185001,772,1615
53.190001,814,1615
53.195001,977,1611
53.200001,877,1613
53.205001,787,1611
53.210001,954,1614
53.215001,933,1613
53.220001,752,1610
53.225000,843,1608
53.230000,974,1608
53.235002,775,1610
53.240001,815,1600
53.245001,981,1606
53.250000,888,1605
53.255002,767,1614
53.260002,966,1604
53.265002,932,1603
53.270001,749,1602
53.275000,851,1599
53.280001,950,1600
53.285001,789,1597
53.290001,815,1596
53.295001,969,1600
53.300000,888,1598
53.305001,768,1598
53.310000,958,1595
53.315001,921,1596
53.320001,769,1596
53.325002,853,1595
53.330001,949,1596
53.335000,793,1591
53.340000,800,1596
53.345001,985,1591
53.350001,880,1594
53.355001,790,1593
53.360001,952,1592
53.365000,921,1595
53.370002,770,1593
53.375001,849,1593
53.380002,948,1596
53.385001,787,1592
53.390000,800,1597
53.395000,988,1593
53.400000,889,1595
53.405001,768,1598
53.410001,958,1598
53.415002,921,1598
53.420001,760,1602
53.425000,845,1600
53.430001,963,1598
53.435000,781,1592
53.440001,815,1600
53.445000,985,1594
53.450002,887,1600
53.455001,784,1594
53.460000,959,1602
53.465000,924,1603
53.470002,762,1601
53.475001,851,1602
53.480000,946,1603
53.485001,788,1601
53.490001,802,1605
53.495001,974,1605
53.500000,894,1602
53.505001,773,1602
53.510001,959,1608
53.515000,929,1604
53.520001,765,1604
53.525000,858,1609
53.530002,955,1609
53.535001,788,1607
53.540001,817,1610
53.545001,979,1609
53.550001,878,1610
53.555001,789,1611
53.560001,956,1613
53.565001,926,1614
53.570001,749,1614
53.575001,845,1612
53.580000,967,1612
53.585001,781,1613
53.590002,804,1615
53.595000,974,1614
53.600002,877,1614
53.605001,799,1611
53.610001,958,1613
53.615001,944,1614
53.620001,751,1615
53.625002,869,1614
53.630001,966,1617
53.635002,776,1620
53.640001,821,1617
53.645002,978,1616
53.650002,872,1619
53.655001,793,1623
53.660000,958,1622
53.665002,944,1624
53.670000,763,1624
53.675001,849,1616
53.680001,962,1623
53.685001,772,1630
53.690000,817,1622
53.695000,984,1630
53.700002,879,1632
53.705001,776,1631
53.710000,953,1635
53.715001,924,1631
53.720000,772,1632
53.725001,866,1633
53.730000,958,1633
53.735002,782,1626
53.740001,819,1631
53.745001,977,1634
53.750000,881,1630
53.755001,774,1632
53.760002,969,1625
53.765000,939,1628
53.770002,755,1628
53.775000,853,1629
53.780001,952,1632
53.785000,792,1626
53.790002,809,1627
53.795001,976,1626
53.800001,896,1620
53.805001,787,1624
53.810000,953,1624
53.815002,944,1624
53.820001,757,1620
53.825001,853,1619
53.830002,975,1617
53.835000,779,1613
53.840000,820,1613
53.845002,972,1618
53.850002,874,1613
53.855000,793,1611
53.860002,963,1613
53.865001,928,1614
53.870001,767,1612
53.875002,867,1613
53.880001,960,1612
53.885001,773,1612
53.890001,819,1608
53.895001,982,1610
53.900000,874,1612
53.905001,775,1610
53.910001,952,1612
53.915001,949,1605
53.920001,759,1605
53.925000,860,1601
53.930000,958,1607
53.935000,769,1603
53.940001,820,1602
53.945000,978,1599
53.950000,871,1602
53.955000,771,1601
53.960001,960,1597
53.965002,921,1598
53.970001,767,1596
53.975002,851,1598
53.980001,959,1595
53.985002,792,1594
53.990000,815,1596
53.995001,971,1592
54.000001,884,1596
54.005000,774,1598
54.010000,968,1596
54.015001,932,1596
54.020002,749,1596
54.025001,851,1595
54.030002,962,1599
54.035001,777,1597
54.040002,825,1592
54.045001,984,1598
54.050000,878,1596
54.055000,773,1599
54.060000,967,1597
54.065001,938,1595
54.070001,752,1595
54.075002,852,1602
54.080001,969,1596
54.085001,772,1596
54.090001,811,1588
54.095001,991,1594
54.100002,875,1594
54.105000,776,1597
54.110001,967,1593
54.115001,930,1595
54.120002,766,1596
54.125001,852,1594
54.130001,967,1595
54.135002,770,1594
54.140000,816,1597
54.145001,971,1597
54.150000,880,1592
54.155001,778,1597
54.160001,967,1593
54.165002,936,1594
54.170002,750,1597
54.175001,871,1593
54.180000,946,1601
54.185001,781,1597
54.190002,806,1600
54.195002,970,1601
54.200000,888,1601
54.205001,788,1600
54.210000,955,1599
54.215001,917,1598
54.220000,762,1598
54.225002,874,1599
54.230000,958,1602
54.235001,769,1601
54.240001,814,1603
54.245001,987,1600
54.250001,867,1603
54.255000,780,1604
54.260001,953,1606
54.265000,921,1609
54.270001,766,1605
54.275000,861,1607
54.280002,970,1609
54.285001,774,1610
54.290001,805,1603
54.295002,986,1611
54.300001,878,1612
54.305002,777,1611
54.310001,977,1608
54.315001,933,1609
54.320000,755,1610
54.325001,854,1614
54.330001,966,1610
54.335000,778,1610
54.340000,815,1609
54.345001,979,1611
54.350000,891,1609
54.355000,781,1609
54.360002,954,1612
54.365002,922,1611
54.370002,769,1609
54.375001,861,1608
54.380000,958,1610
54.385000,784,1605
54.390001,816,1609
54.395001,989,1608
54.400000,882,1608
54.405002,778,1610
54.410001,970,1610
54.415002,927,1610
54.420001,753,1611
54.425001,869,1613
54.430001,951,1610
54.435001,788,1607
54.440001,814,1608
54.445000,975,1612
54.450001,888,1610
54.455000,791,1613
54.460001,960,1614
54.465001,943,1610
54.470000,751,1616
54.475001,876,1611
54.480000,956,1610
54.485001,769,1614
54.490001,826,1613
54.495002,980,1613
54.500001,867,1612
54.505000,789,1610
54.510000,956,1613
54.515000,942,1605
54.520001,765,1612
54.525000,859,1610
54.530001,972,1610
54.535000,776,1611
54.540001,807,1611
54.545001,971,1611
54.550001,887,1607
54.555000,787,1610
54.560000,962,1610
54.565001,944,1609
54.570001,760,1608
54.575001,861,1612
54.580000,966,1610
54.585001,770,1610
54.590001,821,1608
54.595000,987,1610
54.600001,872,1611
54.605001,778,1609
54.610001,976,1607
54.615001,935,1609
54.620001,757,1610
54.625001,859,1610
54.630000,951,1609
54.635000,786,1606
54.640001,815,1609
54.645002,973,1609
54.650001,882,1602
54.655001,792,1602
54.660000,974,1613
54.665002,932,1611
54.670001,748,1612
54.675001,872,1611
54.680001,948,1613
54.685001,789,1610
54.690001,827,1608
54.695001,976,1611
54.700001,866,1614
54.705001,778,1613
54.710000,980,1608
54.715000,934,1611
54.720001,749,1616
54.725001,873,1614
54.730002,952,1615
54.735000,762,1615
54.740001,825,1615
54.745001,979,1617
54.750000,867,1618
54.755002,782,1617
54.760001,979,1615
54.765001,933,1618
54.770001,747,1621
54.775000,875,1620
54.780001,947,1620
54.785000,788,1618
54.790002,812,1618
54.795002,966,1624
54.800000,888,1617
54.805000,790,1619
54.810000,954,1622
54.815001,934,1614
54.820000,760,1619
54.825001,876,1619
54.830001,953,1615
54.835000,765,1618
54.840000,819,1617
54.845001,980,1613
54.850002,865,1613
54.855000,792,1607
54.860001,965,1615
54.865001,934,1604
54.870001,763,1612
54.875000,863,1610
54.880001,963,1612
54.885001,764,1612
54.890001,801,1615
54.895001,988,1609
54.900000,871,1611
54.905001,778,1614
54.910000,980,1606
54.915001,934,1608
54.920001,749,1609
54.925001,882,1608
54.930001,967,1608
54.935000,772,1609
54.940002,803,1613
54.945001,995,1605
54.950002,873,1608
54.955001,778,1609
54.960000,975,1607
54.965000,926,1609
54.970002,750,1611
54.975002,883,1609
54.980001,962,1609
54.985001,766,1612
54.990001,824,1611
54.995002,980,1612
55.000001,867,1614
55.005001,777,1614
55.010002,967,1610
55.015001,930,1612
55.020002,756,1614
55.025000,879,1602
55.030001,967,1609
55.035000,774,1609
55.040001,811,1610
55.045002,993,1610
55.050000,866,1610
55.055000,796,1606
55.060000,968,1606
55.065002,924,1608
55.070001,769,1605
55.075001,876,1598
55.080000,964,1607
55.085002,769,1605
55.090001,807,1606
55.095000,972,1608
55.100001,877,1603
55.105000,794,1607
55.110001,975,1608
55.115000,929,1607
55.120002,753,1610
55.125002,881,1607
55.130000,954,1606
55.135000,781,1605
55.140001,824,1608
55.145001,985,1606
55.150000,868,1606
55.155001,778,1608
55.160000,965,1602
55.165001,938,1606
55.170001,757,1603
55.175001,863,1607
55.180001,967,1601
55.185001,774,1605
55.190001,809,1603
55.195001,987,1600
55.200001,867,1604
55.205000,779,1605
55.210001,971,1601
55.215001,924,1605
55.220001,771,1596
55.225002,883,1601
55.230000,955,1600
55.235001,765,1600
55.240001,819,1595
55.245000,987,1600
55.250001,862,1601
55.255001,775,1603
55.260002,971,1599
55.265000,927,1599
55.270001,750,1601
55.275000,881,1599
55.280001,955,1599
55.285002,765,1596
55.290001,802,1599
55.295001,988,1597
55.300001,865,1597
55.305002,785,1597
55.310002,966,1594
55.315001,920,1595
55.320001,761,1595
55.325002,874,1596
55.330001,953,1597
55.335001,764,1595
55.340001,803,1589
55.345000,991,1594
55.350001,867,1592
55.355001,779,1593
55.360001,960,1594
55.365001,944,1594
55.370001,767,1597
55.375001,870,1601
55.380000,946,1599
55.385001,781,1599
55.390001,813,1599
55.395001,967,1598
55.400000,869,1598
55.405002,782,1598
55.410002,955,1599
55.415001,935,1602
55.420002,765,1599
55.425001,872,1599
55.430001,946,1601
55.435001,779,1593
55.440002,816,1599
55.445001,973,1604
55.450001,854,1603
55.455001,799,1601
55.460001,965,1600
55.465001,927,1603
55.470001,755,1602
55.475001,866,1603
55.480001,967,1602
55.485002,778,1604
55.490001,814,1603
55.495001,972,1604
55.500001,859,1605
55.505000,804,1604
55.510001,976,1602
55.515001,924,1603
55.520002,752,1605
55.525001,884,1602
55.530001,956,1601
55.535001,765,1603
55.540002,809,1606
55.545001,988,1593
55.550000,866,1601
55.555001,797,1600
55.560000,973,1599
55.565001,925,1602
55.570000,750,1602
55.575002,885,1596
55.580001,965,1600
55.585001,777,1600
55.590001,811,1599
55.595000,973,1606
55.600002,877,1599
55.605001,799,1603
55.610000,972,1603
55.615001,926,1605
55.620001,756,1604
55.625001,870,1606
55.630001,949,1610
55.635001,768,1608
55.640001,817,1601
55.645001,984,1607
55.650000,858,1611
55.655001,802,1604
55.660000,964,1608
55.665001,919,1612
55.670001,760,1600
55.675000,883,1605
55.680001,954,1605
55.685001,762,1604
55.690002,829,1603
55.695002,978,1605
55.700002,877,1603
55.705002,795,1603
55.710001,964,1599
55.715001,923,1605
55.720001,752,1601
55.725001,894,1594
55.730001,953,1599
55.735002,767,1598
55.740002,822,1594
55.745000,968,1601
55.750000,853,1599
55.755001,798,1596
55.760002,971,1601
55.765000,937,1598
55.770001,767,1597
55.775002,882,1596
55.780001,949,1597
55.785000,763,1599
55.790001,822,1597
55.795001,986,1593
55.800000,874,1600
55.805000,796,1602
55.810000,977,1600
55.815001,931,1603
55.820001,756,1603
55.825001,871,1605
55.830001,968,1602
55.835001,773,1602
55.840002,817,1603
55.845001,974,1603
55.850001,856,1604
55.855000,782,1602
55.860001,986,1597
55.865001,934,1599
55.870002,760,1598
55.875001,875,1602
55.880000,963,1596
55.885000,767,1600
55.890001,815,1597
55.895001,973,1596
55.900000,850,1601
55.905001,801,1595
55.910001,964,1597
55.915001,920,1596
55.920001,777,1595
55.925002,888,1595
55.930002,947,1595
55.935001,766,1586
55.940000,828,1592
55.945000,978,1593
55.950000,863,1594
55.955001,785,1594
55.960000,979,1585
55.965000,933,1593
55.970002,757,1595
55.975001,877,1594
55.980000,947,1597
55.985002,785,1594
55.990002,819,1596
55.995001,976,1599
56.000000,852,1599
56.005001,807,1595
56.010001,974,1597
56.015001,935,1593
56.020002,765,1593
56.025001,878,1594
56.030001,950,1591
56.035000,778,1595
56.040002,811,1596
56.045000,969,1601
56.050001,869,1596
56.055001,785,1598
56.060001,960,1603
56.065002,931,1600
56.070002,765,1600
56.075000,882,1598
56.080000,950,1599
56.085001,765,1601
56.090002,831,1602
56.095000,979,1603
56.100002,849,1605
56.105000,799,1603
56.110001,968,1602
56.115000,925,1601
56.120001,756,1602
56.125000,896,1604
56.130001,960,1606
56.135002,772,1604
56.140001,817,1604
56.145001,972,1604
56.150001,852,1606
56.155001,798,1599
56.160000,981,1606
56.165002,930,1605
56.170002,756,1608
56.175001,892,1606
56.180001,947,1611
56.185000,782,1610
56.190002,817,1614
56.195002,970,1616
56.200000,848,1617
56.205000,801,1613
56.210001,967,1620
56.215002,919,1616
56.220000,776,1619
56.225001,883,1618
56.230000,946,1620
56.235001,780,1617
56.240001,809,1618
56.245001,970,1620
56.250000,865,1617
56.255001,790,1619
56.260001,963,1619
56.265001,944,1616
56.270002,772,1614
56.275000,881,1614
56.280001,943,1618
56.285000,784,1610
56.290002,821,1616
56.295001,978,1613
56.300000,846,1618
56.305000,785,1619
56.310000,985,1618
56.315001,936,1619
56.320001,761,1617
56.325001,893,1618
56.330001,957,1620
56.335002,761,1624
56.340002,827,1620
56.345000,978,1619
56.350002,850,1623
56.355000,787,1623
56.360002,971,1620
56.365001,924,1623
56.370000,765,1620
56.375000,891,1618
56.380001,948,1623
56.385001,782,1619
56.390000,822,1620
56.395001,983,1621
56.400001,856,1618
56.405001,785,1621
56.410000,985,1618
56.415002,929,1617
56.420001,775,1617
56.425001,879,1617
56.430001,963,1616
56.435000,768,1615
56.440001,820,1616
56.445000,972,1615
56.450001,867,1615
56.455000,788,1612
56.460002,981,1610
56.465001,929,1611
56.470001,776,1609
56.475001,892,1609
56.480001,966,1609
56.485002,766,1610
56.490002,826,1606
56.495001,979,1606
56.500001,863,1609
56.505000,802,1609
56.510000,972,1606
56.515001,925,1609
56.520000,777,1608
56.525000,894,1605
56.530002,951,1609
56.535001,758,1611
56.540001,834,1607
56.545002,985,1608
56.550001,850,1606
56.555002,788,1612
56.560002,967,1612
56.565002,946,1606
56.570001,769,1606
56.575001,880,1610
56.580001,969,1608
56.585001,769,1611
56.590001,807,1613
56.595001,996,1606
56.600002,858,1612
56.605001,785,1615
56.610001,982,1615
56.615002,931,1616
56.620001,755,1619
56.625000,897,1617
56.630001,951,1620
56.635000,761,1621
56.640001,833,1621
56.645001,990,1621
56.650001,853,1621
56.655001,801,1626
56.660000,981,1623
56.665001,930,1624
56.670002,754,1625
56.675000,897,1626
56.680000,945,1629
56.685000,775,1625
56.690001,816,1628
56.695000,989,1616
56.700002,869,1623
56.705001,796,1627
56.710000,972,1626
56.715000,927,1625
56.720001,760,1629
56.725001,902,1624
56.730001,949,1626
56.735001,780,1629
56.740001,820,1627
56.745001,979,1629
56.750001,845,1631
56.755001,806,1629
56.760001,977,1628
56.765001,931,1621
56.770002,774,1633
56.775000,891,1632
56.780002,962,1631
56.785002,773,1630
56.790001,813,1632
56.795002,989,1630
56.800001,845,1631
56.805002,809,1626
56.810001,971,1626
56.815001,923,1625
56.820001,768,1623
56.825001,896,1619
56.830001,949,1618
56.835000,776,1610
56.840000,825,1615
56.845001,975,1613
56.850002,842,1612
56.855002,805,1609
56.860000,973,1610
56.865000,921,1606
56.870001,758,1607
56.875000,900,1605
56.880001,949,1603
56.885001,763,1604
56.890000,824,1605
56.895001,982,1605
56.900001,838,1605
56.905002,802,1601
56.910001,969,1599
56.915001,940,1599
56.920001,767,1598
56.925000,888,1595
56.930001,942,1597
56.935001,766,1590
56.940002,825,1595
56.945002,976,1595
56.950000,838,1594
56.955000,780,1595
56.960001,980,1594
56.965002,920,1590
56.970001,766,1588
56.975002,892,1594
56.980001,942,1587
56.985001,774,1593
56.990001,815,1591
56.995001,975,1592
57.000000,842,1592
57.005001,788,1591
57.010002,974,1587
57.015001,927,1591
57.020001,753,1595
57.025001,902,1593
57.030001,945,1592
57.035000,753,1596
57.040002,805,1596
57.045001,983,1593
57.050000,847,1592
57.055000,798,1593
57.060000,974,1594
57.065000,915,1595
57.070000,773,1594
57.075001,892,1595
57.080000,941,1599
57.085001,770,1597
57.090001,819,1600
57.095000,965,1600
57.100001,854,1596
57.105001,799,1599
57.110002,961,1603
57.115001,935,1598
57.120000,758,1602
57.125000,887,1603
57.130002,963,1599
57.135002,761,1601
57.140001,810,1602
57.145001,984,1596
57.150000,856,1603
57.155002,789,1605
57.160001,965,1603
57.165001,933,1603
57.170002,763,1604
57.175001,890,1602
57.180001,959,1603
57.185001,767,1607
57.190002,819,1600
57.195002,984,1603
57.200000,852,1605
57.205000,791,1608
57.210002,969,1604
57.215001,916,1606
57.220001,777,1606
57.225002,897,1608
57.230001,943,1608
57.235001,772,1605
57.240001,821,1607
57.245001,972,1608
57.250001,836,1611
57.255000,799,1606
57.260000,969,1612
57.265001,937,1612
57.270000,763,1612
57.275000,887,1615
57.280001,959,1615
57.285001,768,1613
57.290001,823,1614
57.295000,977,1616
57.300001,839,1617
57.305001,805,1618
57.310000,973,1616
57.315002,932,1616
57.320001,760,1618
57.325000,907,1616
57.330001,941,1618
57.335000,762,1615
57.340000,809,1616
57.345001,992,1614
57.350000,841,1615
57.355001,783,1615
57.360001,982,1612
57.365001,921,1614
57.370002,777,1610
57.375002,899,1607
57.380000,941,1612
57.385000,756,1613
57.390002,828,1605
57.395001,970,1608
57.400001,837,1607
57.405000,801,1603
57.410001,974,1602
57.415001,920,1606
57.420001,777,1603
57.425001,900,1603
57.430001,947,1603
57.435000,754,1604
57.440001,822,1602
57.445001,977,1601
57.450001,846,1603
57.455001,794,1601
57.460001,968,1603
57.465001,934,1599
57.470001,756,1604
57.475000,890,1603
57.480000,959,1599
57.485001,767,1600
57.490001,808,1605
57.495000,984,1601
57.500000,838,1602
57.505001,807,1601
57.510001,972,1604
57.515002,918,1602
57.520001,776,1599
57.525000,888,1603
57.530002,951,1593
57.535001,779,1600
57.540001,813,1601
57.545001,983,1597
57.550000,844,1600
57.555000,795,1600
57.560000,970,1597
57.565001,936,1597
57.570002,757,1600
57.575001,906,1595
57.580000,948,1599
57.585001,761,1599
57.590000,825,1597
57.595001,980,1600
57.600002,836,1598
57.605000,786,1597
57.610001,988,1600
57.615001,932,1598
57.620000,758,1601
57.625001,909,1597
57.630000,955,1598
57.635001,756,1600
57.640001,823,1598
57.645002,971,1599
57.650001,841,1594
57.655001,806,1600
57.660001,980,1605
57.665001,923,1604
57.670001,755,1603
57.675001,911,1600
57.680001,940,1603
57.685000,758,1602
57.690001,827,1599
57.695000,980,1601
57.700001,833,1600
57.705001,808,1600
57.710000,976,1600
57.715000,923,1603
57.720001,773,1594
57.725001,904,1594
57.730002,955,1601
57.735000,751,1605
57.740000,828,1599
57.745001,980,1600
57.750000,833,1605
57.755002,808,1601
57.760001,977,1600
57.765000,924,1602
57.770001,757,1605
57.775001,909,1603
57.780001,940,1604
57.785000,776,1606
57.790001,819,1601
57.795001,971,1602
57.800001,857,1604
57.805001,800,1604
57.810002,970,1608
57.815001,918,1606
57.820001,779,1605
57.825001,898,1610
57.830001,961,1606
57.835000,766,1608
57.840000,817,1604
57.845001,982,1612
57.850001,845,1612
57.855002,794,1614
57.860000,992,1614
57.865001,940,1611
57.870001,765,1615
57.875001,913,1614
57.880001,946,1615
57.885000,755,1617
57.890001,829,1617
57.895001,974,1616
57.900000,835,1618
57.905001,790,1618
57.910002,989,1619
57.915001,927,1617
57.920001,761,1619
57.925001,921,1615
57.930001,956,1619
57.935002,760,1620
57.940001,811,1622
57.945001,985,1621
57.950001,852,1621
57.955000,790,1622
57.960001,992,1616
57.965001,936,1621
57.970000,761,1625
57.975001,892,1627
57.980000,959,1621
57.985001,765,1622
57.990000,813,1625
57.995002,973,1624
58.000001,839,1625
58.005001,789,1626
58.010002,990,1627
58.015001,934,1627
58.020002,763,1627
58.025001,912,1625
58.030001,943,1628
58.035001,780,1625
58.040001,818,1627
58.045001,969,1627
58.050000,851,1622
58.055000,802,1623
58.060001,971,1626
58.065001,942,1625
58.070001,772,1625
58.075002,898,1623
58.080001,957,1626
58.085000,757,1629
58.090000,815,1619
58.095002,975,1626
58.100002,830,1626
58.105001,799,1628
58.110002,966,1631
58.115002,936,1629
58.120001,762,1628
58.125001,917,1630
58.130001,953,1626
58.135001,757,1628
58.140001,831,1630
58.145001,976,1629
58.150001,854,1630
58.155002,798,1627
58.160001,979,1618
58.165001,931,1629
58.170001,771,1629
58.175000,899,1631
58.180000,954,1629
58.185001,767,1628
58.190001,814,1630
58.195001,968,1628
58.200001,850,1626
58.205001,801,1628
58.210001,978,1626
58.215002,919,1626
58.220001,767,1623
58.225001,917,1618
58.230001,953,1619
58.235001,758,1619
58.240001,835,1612
58.245002,982,1616
58.250001,846,1614
58.255002,797,1617
58.260001,969,1612
58.265002,917,1609
58.270002,775,1610
58.275001,901,1610
58.280001,949,1609
58.285001,752,1611
58.290001,809,1612
58.295001,984,1609
58.300000,837,1611
58.305000,787,1611
58.310001,985,1609
58.315001,931,1609
58.320002,756,1614
58.325000,909,1609
58.330000,939,1614
58.335001,776,1611
58.340001,819,1612
58.345001,967,1614
58.350001,845,1611
58.355001,796,1613
58.360002,965,1614
58.365002,932,1612
58.370000,765,1610
58.375000,906,1612
58.380001,944,1611
58.385002,757,1610
58.390001,835,1611
58.395000,981,1609
58.400001,829,1608
58.405001,808,1606
58.410001,975,1605
58.415002,921,1605
58.420001,777,1603
58.425002,909,1605
58.430002,944,1602
58.435000,751,1605
58.440001,831,1598
58.445001,973,1598
58.450002,841,1597
58.455002,803,1598
58.460000,979,1596
58.465000,916,1596
58.470001,755,1597
58.475001,891,1593
58.480001,934,1592
58.485001,775,1590
58.490002,829,1591
58.495001,973,1590
58.500001,827,1589
58.505001,808,1587
58.510002,979,1585
58.515000,922,1586
58.520002,758,1588
58.525000,892,1589
58.530002,955,1586
58.535001,757,1585
58.540002,811,1585
58.545001,963,1592
58.550001,849,1585
58.555001,794,1584
58.560001,966,1585
58.565001,928,1581
58.570001,760,1585
58.575002,909,1585
58.580001,942,1585
58.585001,748,1585
58.590001,828,1581
58.595000,975,1582
58.600002,831,1578
58.605001,792,1578
58.610001,973,1578
58.615001,931,1580
58.620001,756,1583
58.625001,898,1580
58.630000,946,1577
58.635001,757,1578
58.640000,812,1576
58.645002,966,1578
58.650001,827,1582
58.655001,783,1582
58.660001,988,1579
58.665002,928,1581
58.670002,756,1583
58.675000,896,1585
58.680000,933,1587
58.685000,771,1586
58.690001,813,1589
58.695001,977,1581
58.700001,830,1587
58.705000,806,1585
58.710001,975,1589
58.715002,920,1590
58.720001,768,1586
58.725001,889,1593
58.730001,951,1590
58.735002,758,1592
58.740000,811,1591
58.745000,960,1592
58.750001,838,1592
58.755000,791,1594
58.760000,985,1592
58.765001,925,1592
58.770000,755,1598
58.775000,913,1595
58.780002,948,1596
58.785001,755,1595
58.790001,812,1596
58.795001,968,1598
58.800001,823,1602
58.805001,792,1595
58.810001,973,1601
58.815001,912,1606
58.820000,776,1604
58.825002,906,1606
58.830002,939,1606
58.835000,765,1609
58.840000,809,1611
58.845001,973,1610
58.850001,827,1609
58.855000,790,1610
58.860001,993,1610
58.865000,921,1611
58.870001,767,1605
58.875001,898,1615
58.880000,954,1611
58.885000,763,1619
58.890001,813,1616
58.895001,988,1617
58.900000,833,1617
58.905002,796,1620
58.910002,973,1622
58.915000,933,1620
58.920000,777,1623
58.925002,907,1622
58.930001,938,1624
58.935000,758,1625
58.940001,812,1624
58.945000,981,1617
58.950002,835,1619
58.955001,789,1623
58.960001,981,1619
58.965002,919,1622
58.970001,782,1618
58.975001,907,1619
58.980001,938,1619
58.985001,771,1613
58.990000,814,1614
58.995002,987,1613
59.000001,828,1615
59.005000,794,1614
59.010000,968,1616
59.015002,935,1610
59.020002,781,1611
59.025000,908,1608
59.030002,937,1612
59.035002,752,1610
59.040000,831,1605
59.045000,973,1607
59.050001,826,1605
59.055001,791,1606
59.060000,986,1603
59.065000,925,1605
59.070001,765,1601
59.075001,921,1605
59.080001,945,1602
59.085000,765,1604
59.090001,808,1609
59.095001,985,1599
59.100001,825,1603
59.105000,811,1600
59.110001,979,1597
59.115002,931,1597
59.120000,766,1596
59.125001,905,1597
59.130001,932,1598
59.135001,769,1587
59.140000,821,1592
59.145001,965,1596
59.150001,837,1592
59.155002,809,1592
59.160001,976,1591
59.165001,914,1596
59.170000,773,1593
59.175001,922,1590
59.180002,953,1591
59.185000,759,1591
59.190001,813,1595
59.195001,987,1593
59.200002,830,1594
59.205002,789,1599
59.210000,985,1595
59.215000,917,1601
59.220001,760,1601
59.225001,902,1600
59.230000,950,1601
59.235002,756,1598
59.240001,813,1597
59.245001,984,1598
59.250001,824,1599
59.255000,793,1603
59.260001,990,1599
59.265000,927,1601
59.270001,767,1603
59.275000,907,1604
59.280001,952,1598
59.285001,761,1600
59.290001,811,1605
59.295000,978,1603
59.300001,823,1605
59.305001,810,1600
59.310000,981,1604
59.315002,916,1606
59.320001,781,1606
59.325001,907,1607
59.330001,938,1609
59.335001,764,1605
59.340001,812,1608
59.345000,984,1609
59.350002,823,1605
59.355000,799,1609
59.360001,995,1605
59.365001,921,1609
59.370002,760,1607
59.375001,924,1605
59.380000,940,1605
59.385000,754,1610
59.390002,839,1606
59.395001,989,1604
59.400000,831,1606
59.405001,796,1606
59.410001,988,1609
59.415001,917,1609
59.420002,781,1610
59.425001,913,1606
59.430002,941,1611
59.435000,762,1610
59.440001,808,1611
59.445001,984,1610
59.450001,825,1610
59.455000,795,1615
59.460001,973,1612
59.465001,921,1611
59.470001,764,1611
59.475001,907,1615
59.480001,959,1612
59.485002,759,1611
59.490002,811,1611
59.495001,981,1612
59.500001,827,1607
59.505000,800,1614
59.510001,970,1614
59.515001,930,1607
59.520002,765,1613
59.525000,927,1609
59.530001,949,1610
59.535002,760,1611
59.540001,819,1611
59.545002,990,1609
59.550002,819,1610
59.555002,792,1614
59.560000,992,1614
59.565001,924,1613
59.570001,778,1614
59.575002,924,1614
59.580001,936,1618
59.585001,770,1613
59.590002,821,1615
59.595001,964,1621
59.600002,837,1615
59.605001,799,1610
59.610001,989,1618
59.615001,921,1620
59.620001,773,1618
59.625001,915,1620
59.630000,942,1621
59.635000,753,1622
59.640001,825,1613
59.645001,976,1620
59.650001,821,1623
59.655001,799,1622
59.660000,982,1621
59.665001,919,1626
59.670001,765,1623
59.675001,930,1622
59.680001,949,1621
59.685000,755,1625
59.690001,834,1616
59.695001,974,1621
59.700001,821,1619
59.705000,822,1618
59.710001,991,1619
59.715001,918,1621
59.720000,784,1618
59.725002,921,1616
59.730002,940,1613
59.735002,764,1614
59.740002,816,1615
59.745001,988,1615
59.750000,829,1617
59.755001,802,1614
59.760001,980,1617
59.765000,915,1620
59.770001,781,1608
59.775001,921,1615
59.780001,943,1612
59.785002,765,1616
59.790001,827,1617
59.795002,973,1610
59.800000,833,1618
59.805000,799,1617
59.810000,992,1614
59.815001,920,1617
59.820000,767,1614
59.825001,938,1616
59.830000,945,1614
59.835000,756,1612
59.840000,835,1607
59.845000,986,1611
59.850001,823,1613
59.855000,815,1615
59.860001,978,1613
59.865001,914,1614
59.870001,780,1609
59.875000,930,1610
59.880001,932,1613
59.885002,767,1613
59.890000,819,1613
59.895001,985,1612
59.900002,820,1614
59.905000,814,1614
59.910000,977,1612
59.915002,921,1609
59.920001,783,1614
59.925000,925,1615
59.930000,932,1616
59.935001,762,1614
59.940002,827,1614
59.945000,970,1613
59.950001,810,1617
59.955001,813,1615
59.960000,971,1616
59.965000,930,1615
59.970001,766,1615
59.975001,918,1611
59.980001,956,1611
59.985001,763,1612
59.990001,818,1609
59.995002,965,1611
60.000002,822,1610
60.005000,796,1611
60.010001,993,1609
60.015000,924,1609
60.020002,762,1610
60.025001,918,1603
60.030001,947,1605
60.035001,753,1606
60.040000,829,1604
60.045001,967,1603
60.050000,827,1604
60.055000,796,1602
60.060000,991,1601
60.065002,915,1601
60.070001,777,1601
60.075001,913,1603
60.080000,936,1600
60.085002,748,1603
60.090001,831,1600
60.095001,967,1601
60.100001,829,1600
60.105000,795,1603
60.110002,989,1596
60.115001,923,1599
60.120001,761,1602
60.125001,934,1598
60.130000,943,1599
60.135001,753,1599
60.140000,829,1594
60.145002,962,1601
60.150001,825,1598
60.155001,800,1597
60.160001,977,1599
60.165001,912,1601
60.170002,776,1597
60.175000,921,1600
60.180001,936,1602
60.185000,769,1602
60.190001,820,1602
60.195000,963,1603
60.200001,810,1603
60.205000,799,1606
60.210001,975,1606
60.215001,917,1610
60.220000,787,1607
60.225001,924,1608
60.230000,939,1611
60.235001,774,1609
60.240001,819,1612
60.245001,964,1612
60.250001,825,1611
60.255000,798,1616
60.260000,990,1612
60.265001,916,1613
60.270001,777,1610
60.275000,938,1614
60.280002,942,1613
60.285000,756,1614
60.290002,831,1614
60.295002,971,1613
60.300001,811,1614
60.305001,797,1617
60.310001,991,1616
60.315001,927,1615
60.320002,767,1616
60.325001,917,1619
60.330000,948,1617
60.335001,757,1616
60.340002,831,1610
60.345000,981,1615
60.350001,812,1614
60.355002,796,1615
60.360001,993,1614
60.365000,924,1612
60.370001,784,1609
60.375000,927,1612
60.380001,936,1611
60.385001,769,1609
60.390002,825,1609
60.395001,965,1609
60.400001,808,1608
60.405002,815,1612
60.410001,982,1605
60.415000,932,1605
60.420000,765,1603
60.425001,935,1603
60.430001,932,1604
60.435001,766,1593
60.440002,823,1598
60.445001,968,1598
60.450002,827,1596
60.455001,806,1593
60.460001,977,1596
60.465001,928,1594
60.470000,762,1596
60.475002,932,1593
60.480000,934,1587
60.485001,763,1587
60.490001,834,1588
60.495002,965,1591
60.500001,806,1590
60.505000,809,1589
60.510000,973,1592
60.515001,909,1593
60.520001,778,1594
60.525000,917,1593
60.530001,949,1595
60.535000,754,1593
60.540001,831,1594
60.545001,961,1599
60.550000,808,1592
60.555000,807,1596
60.560000,974,1600
60.565002,911,1600
60.570001,778,1593
60.575001,926,1598
60.580001,929,1602
60.585001,763,1601
60.590000,813,1602
60.595002,982,1597
60.600002,809,1598
60.605001,803,1588
60.610001,982,1597
60.615000,911,1601
60.620002,770,1598
60.625002,939,1598
60.630001,943,1596
60.635002,743,1599
60.640000,828,1597
60.645001,966,1597
60.650000,811,1591
60.655001,803,1598
60.660001,971,1599
60.665001,931,1596
60.670001,765,1596
60.675000,932,1593
60.680000,945,1597
60.685000,752,1598
60.690001,819,1597
60.695000,957,1600
60.700001,824,1597
60.705001,810,1599
60.710001,973,1600
60.715001,916,1601
60.720001,765,1606
60.725001,944,1602
60.730000,950,1603
60.735000,756,1602
60.740000,812,1608
60.745002,977,1606
60.750002,806,1611
60.755001,796,1609
60.760001,997,1608
60.765000,927,1611
60.770000,763,1610
60.775001,931,1610
60.780001,952,1609
60.785001,756,1612
60.790002,816,1609
60.795002,960,1615
60.800001,812,1610
60.805002,801,1611
60.810001,994,1611
60.815001,926,1610
60.820000,768,1613
60.825002,929,1608
60.830002,956,1610
60.835001,760,1611
60.840001,814,1614
60.845000,987,1611
60.850002,808,1611
60.855000,797,1616
60.860001,994,1611
60.865001,922,1611
60.870001,766,1615
60.875000,940,1617
60.880000,943,1613
60.885001,755,1613
60.890001,817,1614
60.895001,962,1615
60.900000,809,1606
60.905002,797,1617
60.910001,987,1613
60.915000,922,1612
60.920000,772,1616
60.925001,941,1614
60.930002,937,1617
60.935000,769,1617
60.940001,831,1617
60.945001,962,1621
60.950002,798,1622
60.955001,815,1619
60.960000,976,1620
60.965000,938,1617
60.970001,764,1625
60.975001,939,1623
60.980001,930,1621
60.985002,757,1619
60.990001,836,1614
60.995002,966,1618
61.000001,805,1617
61.005000,814,1615
61.010000,987,1616
61.015001,917,1614
61.020001,787,1613
61.025001,930,1613
61.030001,929,1612
61.035000,746,1611
61.040001,836,1611
61.045001,965,1611
61.050001,814,1604
61.055002,805,1609
61.060000,973,1612
61.065002,926,1601
61.070001,770,1611
61.075002,939,1600
61.080002,933,1608
61.085001,746,1612
61.090001,831,1605
61.095001,967,1607
61.100002,811,1602
61.105001,811,1607
61.110001,977,1606
61.115000,909,1606
61.120001,779,1602
61.125000,945,1603
61.130001,941,1604
61.135001,766,1605
61.140001,821,1602
61.145001,954,1609
61.150000,798,1601
61.155002,814,1603
61.160001,978,1603
61.165002,906,1609
61.170001,774,1605
61.175001,924,1610
61.180002,947,1605
61.185000,750,1608
61.190001,837,1604
61.195000,958,1609
61.200002,811,1609
61.205001,803,1609
61.210001,974,1607
61.215002,920,1607
61.220001,770,1606
61.225001,933,1610
61.230001,927,1610
61.235001,768,1609
61.240001,820,1609
61.245001,976,1601
61.250001,808,1608
61.255000,796,1613
61.260000,991,1610
61.265000,913,1611
61.270002,768,1604
61.275000,936,1611
61.280001,931,1608
61.285001,773,1605
61.290001,833,1610
61.295001,960,1613
61.300002,798,1601
61.305002,817,1608
61.310000,986,1608
61.315001,914,1606
61.320000,781,1606
61.325001,939,1606
61.330000,926,1612
61.335001,771,1610
61.340001,821,1609
61.345001,976,1610
61.350001,794,1610
61.355000,818,1609
61.360001,978,1611
61.365001,907,1613
61.370001,781,1610
61.375002,934,1616
61.380000,932,1610
61.385000,773,1615
61.390001,832,1617
61.395001,961,1618
61.400000,814,1619
61.405001,799,1620
61.410000,991,1619
61.415000,914,1619
61.420000,767,1621
61.425002,947,1615
61.430001,934,1623
61.435001,770,1624
61.440002,831,1623
61.445000,959,1630
61.450002,819,1621
61.455002,804,1624
61.460001,979,1626
61.465002,907,1628
61.470000,792,1626
61.475001,939,1627
61.480001,948,1628
61.485001,764,1629
61.490000,827,1635
61.495001,984,1629
61.500000,806,1627
61.505001,806,1626
61.510001,994,1627
61.515000,905,1627
61.520001,781,1628
61.525002,934,1627
61.530001,948,1619
61.535001,771,1621
61.540001,832,1623
61.545001,963,1626
61.550001,816,1623
61.555001,819,1621
61.560001,982,1621
61.565002,925,1619
61.570000,782,1620
61.575001,939,1621
61.580001,929,1621
61.585002,773,1614
61.590002,830,1614
61.595000,982,1613
61.600001,801,1611
61.605001,801,1617
61.610002,986,1610
61.615001,917,1614
61.620001,779,1607
61.625000,939,1607
61.630001,932,1607
61.635001,766,1603
61.640002,832,1603
61.645001,983,1602
61.650000,797,1604
61.655002,822,1602
61.660001,992,1604
61.665001,911,1603
61.670001,771,1605
61.675000,938,1603
61.680000,948,1602
61.685001,763,1604
61.690001,832,1603
61.695001,959,1609
61.700001,808,1604
61.705000,807,1606
61.710002,980,1598
61.715001,924,1608
61.720001,782,1608
61.725001,941,1606
61.730000,928,1612
61.735001,773,1613
61.740000,836,1611
61.745001,963,1614
61.750000,797,1614
61.755001,826,1615
61.760000,991,1616
61.765002,912,1618
61.770002,776,1616
61.775001,936,1617
61.780001,948,1615
61.785001,760,1614
61.790002,829,1618
61.795001,976,1613
61.800001,795,1616
61.805000,802,1618
61.810001,1002,1613
61.815001,911,1612
61.820001,775,1612
61.825001,941,1617
61.830000,947,1606
61.835001,774,1612
61.840001,838,1611
61.845000,965,1612
61.850001,790,1615
61.855001,806,1611
61.860001,975,1610
61.865001,907,1610
61.870002,773,1612
61.875001,958,1611
61.880001,934,1612
61.885001,776,1609
61.890000,847,1614
61.895001,973,1611
61.900000,796,1612
61.905001,805,1614
61.910000,996,1610
61.915001,908,1614
61.920002,768,1609
61.925001,939,1613
61.930002,928,1611
61.935000,757,1609
61.940001,829,1610
61.945001,980,1611
61.950001,794,1606
61.955001,801,1607
61.960000,990,1604
61.965000,910,1605
61.970002,771,1602
61.975002,949,1606
61.980001,928,1605
61.985002,775,1601
61.990001,837,1603
61.995002,955,1605
62.000001,805,1603
62.005001,807,1603
62.010001,974,1605
62.015000,916,1601
62.020001,778,1602
62.025000,937,1604
62.030001,934,1601
62.035001,767,1599
62.040001,838,1602
62.045001,956,1603
62.050001,795,1603
62.055001,799,1606
62.060001,990,1604
62.065001,893,1609
62.070001,788,1604
62.075002,940,1607
62.080002,925,1608
62.085001,752,1605
62.090001,850,1604
62.095000,970,1608
62.100002,787,1609
62.105002,800,1609
62.110002,985,1606
62.115002,905,1609
62.120000,786,1597
62.125001,946,1606
62.130001,928,1606
62.135002,765,1604
62.140001,836,1603
62.145002,976,1602
62.150000,786,1605
62.155000,821,1601
62.160000,978,1601
62.165002,913,1602
62.170002,773,1603
62.175002,959,1602
62.180001,923,1604
62.185002,761,1606
62.190001,834,1605
62.195000,976,1602
62.200002,793,1605
62.205002,798,1606
62.210002,985,1606
62.215002,895,1606
62.220001,768,1608
62.225001,961,1604
62.230000,936,1604
62.235002,752,1606
62.240000,837,1605
62.245001,971,1607
62.250001,783,1611
62.255001,820,1609
62.260002,990,1609
62.265000,902,1611
62.270002,777,1609
62.275001,945,1610
62.280002,929,1610
62.285001,766,1610
62.290001,841,1613
62.295001,968,1614
62.300000,782,1614
62.305000,824,1614
62.310001,979,1614
62.315001,897,1613
62.320002,792,1613
62.325001,947,1617
62.330000,953,1611
62.335001,758,1613
62.340001,837,1616
62.345001,956,1613
62.350001,800,1605
62.355001,816,1611
62.360000,986,1613
62.365000,900,1610
62.370002,773,1613
62.375001,963,1611
62.380001,945,1609
62.385001,762,1611
62.390000,844,1610
62.395002,962,1612
62.400001,806,1606
62.405002,806,1610
62.410002,981,1604
62.415000,910,1612
62.420000,779,1616
62.425002,946,1613
62.430001,948,1609
62.435001,755,1612
62.440001,840,1612
62.445001,955,1610
62.450001,803,1610
62.455001,820,1612
62.460001,985,1611
62.465002,888,1613
62.470001,793,1610
62.475001,955,1609
62.480000,932,1609
62.485002,754,1612
62.490000,840,1615
62.495000,973,1609
62.500000,783,1610
62.505001,825,1609
62.510001,981,1606
62.515002,889,1607
62.520002,794,1605
62.525002,952,1602
62.530000,930,1602
62.535000,750,1604
62.540001,864,1598
62.545001,968,1599
62.550000,787,1597
62.555000,801,1598
62.560001,993,1595
62.565001,893,1594
62.570000,768,1594
62.575001,958,1590
62.580001,938,1586
62.585001,757,1588
62.590002,834,1589
62.595000,972,1589
62.600001,785,1585
62.605001,807,1586
62.610002,968,1585
62.615001,882,1584
62.620001,778,1587
62.625001,946,1586
62.630001,921,1590
62.635001,766,1588
62.640000,848,1588
62.645001,950,1590
62.650000,800,1590
62.655001,815,1589
62.660000,976,1593
62.665001,890,1583
62.670002,779,1591
62.675000,952,1591
62.680000,945,1592
62.685000,759,1594
62.690001,842,1595
62.695001,975,1592
62.700001,784,1595
62.705001,798,1599
62.710000,988,1597
62.715000,892,1599
62.720001,774,1600
62.725001,944,1601
62.730001,941,1600
62.735001,752,1604
62.740001,863,1602
62.745001,961,1603
62.750001,777,1608
62.755000,806,1604
62.760001,989,1605
62.765000,884,1612
62.770001,793,1609
62.775000,965,1612
62.780000,932,1613
62.785000,756,1612
62.790002,864,1614
62.795001,961,1616
62.800000,781,1619
62.805000,827,1618
62.810001,986,1619
62.815001,891,1620
62.820000,797,1621
62.825001,956,1624
62.830002,930,1625
62.835000,755,1625
62.840001,847,1625
62.845000,980,1625
62.850002,794,1624
62.855000,814,1628
62.860001,975,1629
62.865000,898,1616
62.870001,792,1628
62.875001,953,1630
62.880001,934,1628
62.885001,766,1626
62.890001,853,1627
62.895001,979,1626
62.900001,793,1628
62.905002,805,1627
62.910001,996,1628
62.915001,905,1629
62.920002,789,1627
62.925001,964,1629
62.930001,926,1630
62.935000,771,1629
62.940001,861,1631
62.945001,960,1631
62.950001,785,1631
62.955000,804,1634
62.960002,994,1632
62.965002,893,1631
62.970001,785,1628
62.975001,954,1629
62.980001,936,1632
62.985000,771,1627
62.990001,867,1632
62.995002,960,1634
63.000001,798,1634
63.005000,809,1635
63.010000,993,1634
63.015001,894,1628
63.020001,787,1632
63.025000,959,1634
63.030001,929,1637
63.035000,776,1634
63.040001,853,1635
63.045001,974,1626
63.050002,779,1635
63.055002,816,1630
63.060001,997,1632
63.065002,889,1637
63.070000,777,1637
63.075001,970,1633
63.080002,931,1634
63.085001,754,1633
63.090002,849,1634
63.095001,961,1628
63.100001,799,1633
63.105000,819,1630
63.110002,986,1629
63.115001,879,1632
63.120002,791,1629
63.125001,955,1631
63.130001,938,1620
63.135001,765,1629
63.140000,856,1629
63.145001,976,1621
63.150002,787,1626
63.155001,801,1624
63.160001,987,1623
63.165002,890,1624
63.170001,779,1624
63.175000,962,1622
63.180001,932,1615
63.185000,766,1624
63.190001,864,1622
63.195001,950,1624
63.200002,787,1618
63.205001,817,1624
63.210001,983,1615
63.215001,898,1623
63.220000,777,1623
63.225001,969,1621
63.230001,924,1624
63.235001,769,1621
63.240001,858,1625
63.245001,965,1625
63.250001,778,1621
63.255000,823,1623
63.260001,977,1623
63.265000,893,1622
63.270001,778,1622
63.275002,946,1619
63.280001,948,1615
63.285000,765,1618
63.290001,849,1621
63.295001,958,1608
63.300001,793,1618
63.305001,812,1614
63.310001,980,1613
63.315001,873,1616
63.320000,777,1609
63.325000,974,1613
63.330000,929,1613
63.335001,757,1597
63.340002,867,1607
63.345001,956,1609
63.350002,792,1607
63.355001,814,1606
63.360001,973,1606
63.365001,898,1598
63.370001,782,1602
63.375000,952,1604
63.380001,938,1600
63.385002,753,1602
63.390002,848,1605
63.395000,963,1601
63.400001,774,1601
63.405001,809,1602
63.410000,991,1597
63.415002,894,1602
63.420002,787,1600
63.425000,956,1602
63.430000,926,1600
63.435000,749,1606
63.440001,853,1605
63.445001,970,1608
63.450001,783,1605
63.455001,807,1606
63.460001,989,1603
63.465001,873,1603
63.470000,796,1601
63.475001,960,1605
63.480000,932,1601
63.485002,760,1597
63.490001,865,1602
63.495001,960,1602
63.500001,767,1603
63.505001,825,1602
63.510001,975,1604
63.515001,899,1601
63.520002,785,1601
63.525000,960,1601
63.530002,922,1603
63.535001,763,1604
63.540001,855,1610
63.545001,969,1606
63.550000,776,1609
63.555000,805,1610
63.560000,987,1609
63.565001,879,1610
63.570000,795,1611
63.575001,955,1613
63.580001,943,1615
63.585001,757,1613
63.590002,855,1616
63.595001,976,1611
63.600001,773,1612
63.605000,806,1615
63.610001,998,1613
63.615001,880,1611
63.620000,783,1609
63.625000,964,1612
63.630002,942,1614
63.635000,766,1613
63.640001,857,1614
63.645001,968,1611
63.650000,774,1612
63.655001,828,1609
63.660000,989,1610
63.665001,880,1607
63.670001,782,1609
63.675001,955,1613
63.680001,947,1610
63.685001,761,1607
63.690002,859,1610
63.695002,953,1612
63.700001,792,1608
63.705001,826,1609
63.710001,985,1603
63.715001,876,1604
63.720002,782,1604
63.725001,970,1598
63.730000,939,1602
63.735002,753,1601
63.740001,858,1602
63.745002,962,1599
63.750001,773,1593
63.755001,810,1601
63.760001,974,1605
63.765001,881,1597
63.770001,783,1598
63.775000,953,1601
63.780001,936,1595
63.785000,753,1596
63.790002,858,1593
63.795001,968,1589
63.800000,771,1589
63.805000,798,1594
63.810000,985,1587
63.815001,868,1590
63.820000,783,1588
63.825001,954,1589
63.830000,936,1588
63.835002,752,1587
63.840001,865,1580
63.845000,958,1582
63.850001,763,1582
63.855001,818,1582
63.860002,971,1581
63.865001,879,1579
63.870001,767,1583
63.875001,964,1579
63.880000,918,1580
63.885001,760,1573
63.890000,860,1586
63.895000,948,1585
63.900000,779,1581
63.905001,814,1583
63.910000,979,1584
63.915000,870,1580
63.920001,787,1584
63.925000,952,1586
63.930001,935,1583
63.935000,754,1585
63.940001,854,1587
63.945000,957,1585
63.950001,763,1585
63.955001,800,1587
63.960000,992,1582
63.965000,873,1585
63.970002,772,1587
63.975001,968,1587
63.980000,927,1583
63.985002,748,1588
63.990001,869,1580
63.995001,959,1582
64.000000,772,1585
64.005001,806,1582
64.010001,989,1583
64.015000,870,1582
64.020001,773,1586
64.025002,968,1583
64.030001,917,1587
64.035000,768,1586
64.040001,862,1587
64.045002,959,1588
64.050002,771,1590
64.055002,798,1590
64.060000,984,1592
64.065001,868,1592
64.070000,772,1595
64.075001,976,1596
64.080000,931,1589
64.085001,752,1598
64.090001,865,1589
64.095000,959,1598
64.100002,775,1603
64.105000,808,1601
64.110001,972,1603
64.115000,858,1604
64.120001,791,1599
64.125000,975,1604
64.130001,921,1606
64.135001,746,1604
64.140000,871,1604
64.145001,946,1608
64.150001,782,1610
64.155001,808,1607
64.160000,967,1609
64.165001,876,1607
64.170001,782,1609
64.175001,979,1606
64.180001,926,1609
64.185000,750,1607
64.190000,878,1606
64.195001,956,1608
64.200001,771,1609
64.205001,801,1608
64.210000,989,1607
64.215001,877,1608
64.220000,776,1612
64.225001,975,1609
64.230001,929,1609
64.235002,755,1608
64.240002,880,1606
64.245001,969,1606
64.250001,773,1605
64.255001,808,1608
64.260002,977,1608
64.265001,863,1611
64.270002,798,1599
64.275000,965,1609
64.280001,922,1611
64.285001,771,1608
64.290002,869,1608
64.295002,950,1611
64.300001,767,1609
64.305001,823,1599
64.310000,989,1605
64.315002,863,1603
64.320002,787,1595
64.325002,971,1601
64.330001,944,1599
64.335001,764,1599
64.340002,871,1596
64.345001,945,1598
64.350000,776,1595
64.355001,806,1598
64.360001,992,1594
64.365001,872,1590
64.370001,790,1592
64.375000,957,1592
64.380001,939,1589
64.385002,748,1590
64.390000,879,1590
64.395001,947,1594
64.400000,766,1590
64.405001,828,1587
64.410000,972,1595
64.415001,857,1594
64.420002,793,1590
64.425001,962,1595
64.430002,942,1593
64.435002,758,1596
64.440001,869,1598
64.445001,961,1600
64.450002,773,1601
64.455002,810,1602
64.460002,969,1601
64.465001,883,1596
64.470001,780,1603
64.475001,981,1600
64.480000,932,1601
64.485002,753,1602
64.490001,890,1600
64.495001,956,1600
64.500001,767,1602
64.505001,807,1602
64.510002,970,1601
64.515001,882,1599
64.520001,792,1603
64.525000,968,1603
64.530002,923,1604
64.535001,752,1604
64.540002,873,1600
64.545000,961,1604
64.550002,765,1607
64.555001,821,1604
64.560001,973,1606
64.565001,869,1605
64.570000,797,1608
64.575002,955,1609
64.580001,941,1608
64.585001,755,1609
64.590002,888,1610
64.595002,948,1614
64.600002,761,1619
64.605000,821,1613
64.610001,978,1613
64.615001,878,1614
64.620001,794,1616
64.625000,959,1617
64.630001,945,1616
64.635001,758,1618
64.640001,873,1621
64.645002,962,1618
64.650000,786,1620
64.655001,821,1619
64.660000,977,1622
64.665002,875,1621
64.670001,790,1626
64.675000,970,1622
64.680000,926,1623
64.685000,774,1624
64.690001,876,1624
64.695000,969,1625
64.700001,776,1625
64.705000,807,1629
64.710001,991,1624
64.715001,858,1624
64.720000,798,1624
64.725002,970,1628
64.730000,929,1629
64.735002,771,1621
64.740001,893,1627
64.745001,952,1628
64.750001,777,1628
64.755000,808,1631
64.760000,994,1629
64.765002,858,1630
64.770001,799,1625
64.775000,977,1634
64.780001,926,1633
64.785000,755,1635
64.790001,882,1631
64.795002,956,1624
64.800000,777,1634
64.805001,811,1632
64.810000,989,1632
64.815001,863,1629
64.820001,783,1632
64.825001,977,1630
64.830001,923,1630
64.835000,777,1626
64.840000,880,1628
64.845002,970,1629
64.850002,781,1627
64.855001,814,1624
64.860001,972,1625
64.865001,853,1622
64.870002,801,1613
64.875001,973,1621
64.880000,922,1619
64.885001,774,1616
64.890001,877,1618
64.895001,958,1615
64.900001,767,1612
64.905001,826,1614
64.910001,978,1611
64.915002,850,1613
64.920001,786,1608
64.925002,977,1606
64.930000,921,1607
64.935000,770,1605
64.940002,882,1603
64.945001,952,1601
64.950001,759,1606
64.955001,824,1605
64.960000,983,1603
64.965001,852,1603
64.970000,800,1601
64.975001,974,1601
64.980000,920,1604
64.985001,765,1598
64.990001,878,1599
64.995002,954,1597
65.000001,764,1598
65.005001,828,1596
65.010001,977,1594
65.015000,871,1593
65.020001,795,1594
65.025000,966,1593
65.030001,923,1593
65.035001,751,1596
65.040002,873,1595
65.045000,958,1593
65.050002,767,1593
65.055002,806,1596
65.060001,985,1596
65.065000,852,1594
65.070000,798,1583
65.075002,977,1592
65.080001,921,1593
65.085001,774,1590
65.090002,885,1591
65.095001,942,1593
65.100001,780,1591
65.105001,810,1594
65.110002,991,1592
65.115002,860,1590
65.120000,779,1600
65.125000,978,1592
65.130001,933,1592
65.135001,751,1598
65.140001,885,1589
65.145002,955,1600
65.150000,764,1600
65.155002,810,1599
65.160001,975,1602
65.165002,847,1603
65.170001,793,1601
65.175000,963,1603
65.180000,921,1605
65.185000,768,1595
65.190002,897,1600
65.195000,945,1604
65.200000,760,1602
65.205000,822,1598
65.210001,976,1599
65.215002,854,1597
65.220000,782,1601
65.225001,985,1593
65.230001,920,1598
65.235001,774,1595
65.240000,885,1592
65.245002,938,1594
65.250001,776,1590
65.255001,813,1590
65.260001,980,1589
65.265001,847,1591
65.270002,779,1590
65.275001,977,1589
65.280001,934,1592
65.285000,750,1595
65.290001,883,1584
65.295002,948,1593
65.300000,759,1589
65.305000,811,1595
65.310000,966,1597
65.315001,858,1595
65.320001,786,1593
65.325001,976,1596
65.330001,931,1595
65.335001,751,1598
65.340002,893,1595
65.345002,941,1600
65.350001,770,1590
65.355000,814,1598
65.360001,974,1597
65.365002,844,1598
65.370000,804,1596
65.375000,974,1598
65.380001,916,1604
65.385001,772,1600
65.390000,886,1601
65.395001,944,1603
65.400000,754,1601
65.405001,820,1598
65.410001,984,1598
65.415001,851,1602
65.420001,778,1605
65.425000,978,1607
65.430000,929,1603
65.435000,756,1605
65.440001,877,1606
65.445001,962,1604
65.450001,764,1603
65.455001,806,1606
65.460001,987,1605
65.465002,850,1605
65.470001,781,1603
65.475001,980,1605
65.480000,927,1605
65.485002,755,1606
65.490000,898,1605
65.495000,958,1603
