t,x,y
0.000000,827,1612
0.004999,796,1613
0.010000,973,1616
0.015000,937,1614
0.020000,773,1615
0.024999,924,1609
0.030001,951,1617
0.035001,755,1620
0.039999,835,1617
0.045000,982,1618
0.049999,828,1617
0.055000,809,1616
0.059999,989,1618
0.065001,919,1619
0.070000,782,1619
0.074999,912,1618
0.079999,959,1617
0.085001,756,1617
0.090000,826,1618
0.094999,971,1617
0.100001,824,1619
0.105001,806,1616
0.110000,973,1617
0.114999,937,1612
0.120001,765,1616
0.125001,922,1615
0.129999,941,1615
0.135000,771,1603
0.140000,832,1613
0.145000,965,1614
0.149999,832,1613
0.155000,789,1613
0.160000,985,1611
0.165000,926,1608
0.170001,761,1612
0.175001,918,1609
0.180000,945,1606
0.184999,755,1609
0.190001,827,1606
0.195001,976,1605
0.200000,828,1605
0.205000,815,1607
0.209999,979,1606
0.215000,918,1605
0.219999,783,1603
0.224999,910,1604
0.230000,943,1604
0.235001,756,1600
0.240001,828,1604
0.245001,979,1601
0.250000,831,1600
0.255001,812,1603
0.260001,974,1602
0.264999,918,1601
0.270000,784,1601
0.275001,914,1600
0.279999,938,1605
0.284999,772,1602
0.290000,815,1603
0.295001,987,1603
0.300000,842,1603
0.305000,792,1604
0.309999,996,1599
0.315001,924,1602
0.320001,777,1603
0.325000,904,1604
0.330001,960,1600
0.335000,755,1604
0.340000,826,1605
0.344999,974,1601
0.350000,830,1604
0.355000,809,1601
0.360000,968,1611
0.365000,936,1605
0.369999,766,1605
0.374999,897,1608
0.380000,958,1610
0.385000,761,1609
0.389999,825,1604
0.395000,978,1611
0.399999,837,1612
0.405000,793,1611
0.410000,982,1614
0.415000,941,1608
0.420001,763,1610
0.425000,919,1612
0.430001,942,1614
0.435000,753,1613
0.440000,815,1612
0.444999,989,1609
0.450000,845,1609
0.455001,794,1606
0.459999,987,1600
0.465001,927,1606
0.469999,758,1607
0.475000,916,1605
0.480000,961,1606
0.485000,758,1605
0.489999,824,1604
0.495000,973,1604
0.500000,845,1607
0.504999,796,1605
0.510000,970,1605
0.514999,922,1608
0.520001,782,1602
0.525001,910,1605
0.530000,942,1606
0.535001,778,1601
0.540000,815,1606
0.545000,964,1606
0.549999,849,1604
0.555001,798,1596
0.560000,969,1602
0.565001,927,1593
0.570000,767,1603
0.574999,912,1598
0.579999,948,1601
0.585000,769,1606
0.590000,813,1602
0.595000,984,1606
0.600000,829,1609
0.605001,803,1604
0.609999,969,1604
0.614999,934,1605
0.620000,770,1597
0.625001,903,1608
0.629999,939,1611
0.635001,772,1605
0.640000,813,1610
0.645001,962,1609
0.650000,838,1608
0.655000,788,1611
0.660000,983,1607
0.664999,917,1610
0.669999,763,1608
0.674999,903,1599
0.680001,952,1608
0.685001,755,1607
0.689999,829,1605
0.695000,966,1607
0.699999,840,1605
0.705000,786,1608
0.709999,983,1602
0.714999,921,1606
0.720000,768,1609
0.725001,909,1606
0.730000,960,1608
0.735000,758,1611
0.739999,809,1613
0.745001,984,1614
0.750000,839,1610
0.755000,791,1615
0.760001,975,1614
0.765000,918,1615
0.770000,762,1615
0.774999,913,1612
0.780001,946,1616
0.785001,770,1611
0.789999,821,1612
0.794999,972,1614
0.799999,849,1612
0.805000,792,1612
0.810000,982,1611
0.815001,923,1612
0.820000,778,1612
0.824999,890,1613
0.830000,949,1614
0.834999,753,1617
0.840000,821,1613
0.844999,973,1613
0.850000,840,1613
0.854999,787,1617
0.859999,973,1613
0.865000,934,1610
0.869999,775,1612
0.875000,890,1613
0.879999,950,1614
0.885000,761,1609
0.890000,810,1613
0.895001,985,1600
0.900001,841,1612
0.904999,795,1601
0.909999,986,1609
0.915001,918,1609
0.920000,753,1610
0.925001,902,1606
0.930001,954,1604
0.935000,755,1609
0.940001,822,1605
0.944999,968,1608
0.950001,848,1607
0.955000,789,1608
0.959999,993,1602
0.965000,931,1607
0.969999,758,1609
0.974999,893,1605
0.979999,942,1607
0.985000,775,1605
0.990000,817,1604
0.994999,989,1605
0.999999,841,1609
1.005001,789,1606
1.010000,969,1611
1.015000,935,1609
1.019999,768,1606
1.024999,892,1609
1.030000,955,1610
1.035000,761,1611
1.040000,830,1609
1.045000,969,1617
1.049999,858,1614
1.055000,793,1614
1.060000,971,1617
1.065001,921,1615
1.070001,767,1615
1.075001,897,1611
1.080000,959,1617
1.084999,756,1620
1.090000,826,1621
1.095000,971,1619
1.100001,859,1616
1.105000,793,1619
1.110001,987,1611
1.115000,927,1620
1.120000,778,1616
1.125001,896,1620
1.130000,950,1617
1.135000,781,1619
1.140000,818,1618
1.145001,975,1622
1.150000,843,1621
1.155001,804,1620
1.160000,969,1620
1.165000,944,1620
1.170001,764,1621
1.175000,906,1621
1.180000,942,1620
1.185000,774,1620
1.190000,821,1620
1.194999,972,1623
1.200001,859,1619
1.205000,797,1618
1.210000,966,1625
1.215000,945,1617
1.220000,772,1620
1.225000,887,1620
1.229999,955,1620
1.235000,757,1620
1.239999,821,1618
1.245000,970,1621
1.250000,858,1618
1.255000,789,1617
1.260000,970,1618
1.265000,920,1617
1.270000,780,1617
1.274999,900,1617
1.280001,949,1611
1.285001,766,1619
1.289999,810,1620
1.295000,996,1619
1.299999,856,1616
1.305000,794,1617
1.310001,973,1616
1.314999,946,1619
1.319999,771,1618
1.325000,890,1618
1.329999,966,1619
1.335001,767,1617
1.340000,812,1617
1.344999,989,1616
1.350000,856,1618
1.354999,789,1617
1.360000,972,1613
1.365000,941,1612
1.370000,763,1613
1.375001,888,1613
1.380001,961,1612
1.385000,777,1612
1.389999,813,1611
1.395000,968,1607
1.400000,855,1609
1.405000,808,1606
1.410000,976,1606
1.415000,918,1608
1.420000,771,1603
1.425000,892,1603
1.430000,958,1602
1.435000,769,1602
1.440000,806,1602
1.444999,975,1604
1.450001,840,1603
1.455000,791,1602
1.459999,987,1600
1.465001,923,1604
1.470000,756,1603
1.475000,899,1601
1.480000,961,1595
1.485000,768,1601
1.490000,808,1604
1.494999,989,1605
1.499999,849,1601
1.505001,788,1602
1.510000,965,1608
1.514999,935,1605
1.520000,753,1608
1.524999,902,1604
1.530000,947,1602
1.534999,774,1601
1.540000,809,1608
1.545000,991,1605
1.549999,845,1604
1.555001,797,1602
1.560001,970,1602
1.565001,931,1594
1.570000,761,1602
1.575000,904,1594
1.580000,946,1599
1.584999,773,1594
1.590000,810,1598
1.595000,966,1594
1.600000,856,1595
1.604999,778,1599
1.610000,974,1593
1.614999,933,1595
1.620000,751,1591
1.625000,885,1594
1.630000,949,1594
1.635000,778,1593
1.640000,808,1597
1.645000,987,1596
1.649999,846,1600
1.655000,794,1598
1.660000,961,1600
1.664999,932,1602
1.669999,751,1602
1.674999,899,1600
1.679999,950,1599
1.685000,776,1598
1.690001,804,1602
1.695001,985,1603
1.700001,846,1602
1.705000,800,1600
1.709999,962,1602
1.715000,936,1598
1.720000,751,1600
1.725000,892,1598
1.730000,959,1592
1.735001,765,1598
1.740001,803,1600
1.745000,991,1598
1.750000,868,1599
1.755000,785,1599
1.760000,981,1602
1.764999,918,1602
1.769999,772,1600
1.774999,882,1599
1.780001,946,1601
1.785001,774,1602
1.790000,809,1603
1.795000,986,1605
1.799999,861,1604
1.805000,792,1601
1.810000,964,1604
1.815000,934,1606
1.819999,755,1610
1.825000,875,1608
1.830000,965,1611
1.835000,766,1609
1.840001,806,1610
1.844999,982,1612
1.850000,848,1615
1.854999,800,1612
1.860000,964,1614
1.864999,923,1614
1.870000,767,1610
1.875000,884,1615
1.879999,959,1615
1.885000,767,1612
1.890000,815,1613
1.895001,971,1613
1.900000,871,1612
1.905000,781,1615
1.910000,978,1612
1.915000,931,1611
1.920000,755,1610
1.925000,874,1612
1.930000,960,1608
1.934999,780,1612
1.940000,806,1613
1.945000,991,1604
1.950000,862,1610
1.955001,784,1609
1.960000,961,1608
1.965000,939,1605
1.969999,757,1610
1.975001,872,1612
1.980000,957,1612
1.985001,770,1609
1.990000,820,1604
1.994999,984,1612
1.999999,859,1613
2.005000,793,1610
2.010000,974,1613
2.014999,925,1612
2.020000,746,1617
2.024999,890,1612
2.030000,949,1614
2.035000,759,1624
2.040000,817,1612
2.045000,971,1613
2.050000,871,1611
2.055000,781,1615
2.060000,979,1605
2.065001,929,1614
2.070000,751,1617
2.075000,890,1614
2.080000,956,1613
2.085000,765,1611
2.090000,830,1612
2.095000,975,1615
2.100000,855,1614
2.104999,798,1612
2.110000,970,1613
2.115000,922,1614
2.119999,769,1610
2.124999,884,1610
2.129999,950,1612
2.135000,782,1611
2.139999,813,1612
2.145000,984,1611
2.150000,859,1614
2.155000,801,1611
2.160000,968,1613
2.165000,926,1612
2.170001,751,1615
2.174999,882,1613
2.180001,950,1616
2.185000,778,1611
2.190000,807,1617
2.195000,990,1613
2.200000,861,1614
2.205000,785,1611
2.210000,984,1613
2.215000,932,1614
2.220000,761,1614
2.225000,884,1606
2.230000,967,1614
2.235001,765,1613
2.240000,804,1617
2.245000,986,1612
2.250001,869,1612
2.255000,784,1614
2.259999,975,1610
2.265000,942,1610
2.270001,769,1612
2.275000,872,1614
2.280000,969,1612
2.285001,769,1611
2.290000,804,1611
2.295000,991,1611
2.300000,873,1611
2.305000,795,1607
2.310000,971,1609
2.315000,927,1609
2.320000,773,1609
2.324999,880,1608
2.329999,954,1608
2.335000,763,1609
2.340000,825,1612
2.344999,981,1610
2.350000,856,1612
2.355000,797,1611
2.360000,960,1612
2.364999,939,1609
2.370001,752,1614
2.375000,881,1605
2.380000,956,1614
2.385001,766,1617
2.390000,810,1604
2.395000,996,1614
2.400000,864,1612
2.405000,794,1610
2.410000,967,1614
2.415000,921,1610
2.420001,768,1609
2.425000,865,1608
2.430001,963,1605
2.435001,770,1604
2.439999,815,1606
2.444999,968,1606
2.450001,878,1602
2.455000,785,1601
2.460000,963,1599
2.465000,925,1600
2.470000,752,1603
2.475000,879,1595
2.479999,959,1600
2.485000,767,1589
2.490000,812,1598
2.494999,975,1600
2.500000,863,1600
2.504999,795,1600
2.510001,968,1599
2.515001,924,1600
2.520000,773,1602
2.525000,877,1601
2.530001,957,1603
2.534999,770,1603
2.540000,811,1606
2.545000,979,1605
2.549999,868,1607
2.555000,783,1601
2.560000,963,1608
2.565000,928,1605
2.570000,768,1602
2.575000,871,1605
2.580000,956,1614
2.584999,771,1606
2.590000,802,1599
2.594999,991,1607
2.600000,873,1604
2.604999,781,1606
2.610001,977,1604
2.615000,937,1605
2.619999,749,1609
2.624999,877,1605
2.630000,957,1605
2.635000,787,1602
2.639999,802,1607
2.645001,995,1605
2.650000,871,1605
2.655000,773,1607
2.659999,979,1608
2.665000,929,1606
2.670001,765,1606
2.674999,871,1607
2.680000,947,1611
2.684999,772,1609
2.690001,801,1610
2.695001,994,1610
2.700000,868,1608
2.705000,791,1609
2.710001,958,1614
2.715000,939,1609
2.720001,754,1612
2.725000,878,1610
2.729999,952,1612
2.735000,775,1611
2.740000,805,1615
2.745000,990,1606
2.750000,885,1611
2.754999,781,1616
2.760000,956,1617
2.764999,942,1613
2.770001,771,1613
2.775001,866,1616
2.780000,952,1616
2.785000,784,1614
2.789999,822,1617
2.794999,977,1618
2.799999,865,1615
2.805000,788,1614
2.810000,959,1616
2.815000,932,1603
2.820001,754,1615
2.825000,879,1612
2.830000,955,1615
2.835000,782,1614
2.840000,806,1613
2.845000,989,1613
2.850001,872,1614
2.854999,799,1613
2.860000,960,1607
2.864999,937,1616
2.870000,768,1614
2.875000,863,1616
2.879999,968,1615
2.885000,777,1615
2.889999,808,1615
2.895000,991,1617
2.900001,884,1615
2.905000,777,1617
2.909999,972,1620
2.915000,923,1621
2.920000,763,1616
2.924999,877,1616
2.930000,962,1614
2.935000,772,1616
2.940000,824,1612
2.944999,981,1613
2.950000,869,1616
2.955000,792,1612
2.959999,951,1613
2.965000,939,1613
2.970000,756,1603
2.975000,875,1612
2.980000,952,1613
2.985000,779,1605
2.990000,814,1612
2.995000,977,1613
3.000001,884,1612
3.005000,795,1611
3.009999,952,1615
3.014999,935,1614
3.020001,754,1615
3.025001,849,1617
3.030000,966,1617
3.035001,790,1619
3.040000,803,1620
3.045000,989,1618
3.050001,878,1621
3.055000,794,1621
3.060000,951,1624
3.065000,938,1619
3.070000,766,1611
3.074999,861,1625
3.079999,950,1622
3.085000,789,1619
3.090000,802,1622
3.094999,996,1616
3.100000,884,1616
3.105000,783,1614
3.110000,972,1614
3.114999,931,1614
3.120001,754,1606
3.125000,859,1610
3.129999,953,1610
3.135000,779,1610
3.139999,804,1604
3.145000,991,1610
3.149999,881,1609
3.155001,794,1608
3.160000,962,1608
3.165000,923,1606
3.170001,764,1605
3.175000,845,1605
3.180000,969,1603
3.184999,784,1603
3.190000,800,1601
3.194999,985,1604
3.200001,883,1601
3.205000,769,1603
3.210000,958,1598
3.215000,941,1600
3.220000,746,1601
3.225001,869,1600
3.230001,957,1599
3.234999,769,1601
3.240000,802,1598
3.245000,990,1595
3.250001,873,1596
3.254999,792,1596
3.260001,952,1595
3.264999,938,1593
3.270001,743,1595
3.275001,854,1591
3.280000,947,1594
3.285000,781,1591
3.290000,798,1592
3.295001,987,1589
3.299999,882,1590
3.305000,791,1589
3.310000,954,1591
3.315000,936,1584
3.319999,759,1587
3.325000,848,1588
3.330000,965,1589
3.335000,767,1590
3.340001,815,1590
3.345000,971,1592
3.350000,897,1592
3.355000,784,1591
3.360001,946,1596
3.365000,934,1592
3.370000,759,1592
3.375000,845,1593
3.380000,966,1591
3.385001,781,1593
3.389999,796,1595
3.395001,980,1596
3.400000,900,1594
3.405000,784,1596
3.410000,946,1596
3.415000,944,1595
3.420001,749,1597
3.425000,858,1594
3.430001,955,1599
3.434999,790,1599
3.440001,797,1605
3.445000,986,1600
3.450000,878,1599
3.454999,787,1599
3.460001,949,1598
3.465000,924,1598
3.470000,757,1599
3.475001,865,1599
3.480000,967,1594
3.484999,776,1595
3.490000,814,1594
3.494999,977,1588
3.500000,885,1593
3.505000,792,1593
3.510001,950,1592
3.515000,944,1593
3.520000,748,1594
3.524999,853,1590
3.530001,950,1596
3.535001,787,1593
3.539999,802,1594
3.544999,983,1597
3.549999,884,1595
3.555000,790,1592
3.560000,947,1599
3.565001,924,1598
3.570000,757,1597
3.575000,865,1599
3.580000,956,1600
3.585000,791,1603
3.590001,804,1601
3.595000,995,1601
3.600000,889,1603
3.604999,771,1606
3.610000,961,1604
3.615000,941,1604
3.620000,757,1609
3.625000,842,1607
3.629999,967,1606
3.635001,776,1610
3.639999,811,1606
3.645000,976,1609
3.650000,901,1603
3.655000,775,1606
3.660000,960,1613
3.665000,926,1612
3.670000,767,1608
3.675000,842,1611
3.680001,979,1610
3.685000,780,1611
3.690000,801,1613
3.695000,988,1612
3.700000,889,1615
3.705000,792,1613
3.710000,945,1615
3.715000,946,1612
3.719999,754,1616
3.725001,848,1614
3.730001,976,1617
3.735000,776,1619
3.739999,810,1617
3.744999,996,1620
3.749999,894,1621
3.755001,771,1626
3.760000,971,1624
3.765001,937,1624
3.769999,766,1620
3.774999,852,1626
3.780000,955,1631
3.785001,796,1625
3.789999,808,1631
3.795000,992,1629
3.800000,900,1625
3.805000,774,1629
3.810000,963,1621
3.815001,950,1625
3.820000,757,1626
3.825000,839,1627
3.830001,977,1621
3.834999,797,1618
3.840000,805,1620
3.845000,995,1615
3.850000,906,1616
3.855000,771,1622
3.860001,958,1616
3.865001,933,1618
3.870000,775,1612
3.875000,842,1617
3.879999,978,1615
3.885001,781,1618
3.890000,812,1620
3.895001,975,1616
3.900000,911,1617
3.905001,773,1618
3.910001,944,1618
3.914999,952,1617
3.919999,758,1617
3.924999,860,1620
3.930001,954,1624
3.935001,798,1619
3.940001,801,1620
3.945001,995,1617
3.950000,893,1619
3.955001,788,1618
3.960000,943,1619
3.965001,936,1620
3.970000,768,1615
3.975000,846,1615
3.979999,958,1615
3.985000,799,1611
3.990000,800,1613
3.994999,989,1611
3.999999,894,1614
4.005001,783,1606
4.009999,960,1608
4.014999,938,1605
4.020000,770,1608
4.024999,846,1609
4.030000,958,1610
4.035000,794,1610
4.039999,811,1603
4.044999,997,1607
4.049999,896,1611
4.055001,791,1610
4.059999,942,1609
4.065001,943,1609
4.070000,749,1611
4.074999,845,1611
4.080000,978,1608
4.084999,789,1607
4.090001,801,1610
4.095000,994,1605
4.100000,906,1607
4.104999,785,1601
4.110000,946,1604
4.115000,927,1606
4.119999,756,1599
4.124999,835,1605
4.130000,976,1600
4.135001,786,1600
4.140000,819,1600
4.145000,975,1596
4.150000,913,1601
4.155001,779,1598
4.160000,963,1595
4.165000,943,1599
4.170000,753,1597
4.175000,834,1596
4.180000,980,1596
4.184999,795,1595
4.190000,797,1597
4.195000,991,1594
4.199999,908,1589
4.205000,768,1589
4.210000,954,1587
4.215001,934,1587
4.220000,747,1592
4.225000,844,1588
4.230000,958,1587
4.235000,807,1583
4.240000,803,1586
4.245001,971,1589
4.250000,915,1589
4.255000,771,1590
4.260000,961,1589
4.264999,939,1589
4.270000,748,1596
4.275000,849,1593
4.280000,966,1600
4.285000,783,1602
4.290001,810,1602
4.295001,973,1607
4.299999,924,1602
4.305001,779,1606
4.310000,940,1606
4.315000,951,1605
4.320000,755,1611
4.324999,849,1609
4.329999,961,1609
4.334999,799,1601
4.340000,820,1608
4.344999,982,1608
4.350000,899,1611
4.355000,768,1611
4.360001,957,1609
4.365000,941,1608
4.369999,752,1610
4.374999,849,1606
4.379999,960,1613
4.385000,801,1610
4.390000,799,1610
4.395001,977,1609
4.399999,927,1611
4.405000,781,1615
4.410000,938,1618
4.414999,949,1614
4.419999,767,1616
4.425000,832,1619
4.430000,979,1613
4.435000,808,1620
4.440001,812,1618
4.445001,981,1621
4.449999,923,1613
4.454999,782,1622
4.460001,946,1626
4.465000,936,1624
4.469999,749,1626
4.475000,843,1621
4.480001,974,1621
4.485000,791,1627
4.489999,823,1626
4.495000,978,1629
4.500000,924,1624
4.504999,772,1627
4.510000,941,1628
4.515000,949,1621
4.520000,759,1629
4.524999,832,1632
4.529999,977,1632
4.534999,798,1633
4.540000,824,1632
4.545000,989,1630
4.549999,914,1633
4.555001,770,1636
4.560000,939,1633
4.565001,953,1634
4.570001,761,1632
4.575000,830,1633
4.580001,968,1632
4.584999,795,1635
4.589999,825,1630
4.594999,985,1635
4.600000,910,1634
4.604999,788,1630
4.610000,953,1630
4.614999,951,1628
4.620000,755,1635
4.625000,845,1628
4.629999,963,1632
4.635000,817,1627
4.639999,818,1630
4.645000,985,1632
4.649999,905,1632
4.655000,785,1630
4.660000,942,1629
4.665000,943,1629
4.670000,756,1628
4.674999,847,1627
4.680000,967,1627
4.685000,795,1622
4.690000,810,1623
4.694999,993,1619
4.700001,923,1622
4.705001,770,1621
4.710001,952,1613
4.715000,946,1606
4.720000,759,1618
4.725000,825,1616
4.730000,962,1613
4.735000,814,1612
4.740000,802,1612
4.745000,994,1608
4.750001,913,1611
4.755001,763,1611
4.760000,943,1607
4.765000,933,1608
4.770000,770,1603
4.775000,820,1605
4.780001,985,1599
4.785000,798,1600
4.789999,817,1597
4.794999,988,1597
4.799999,912,1596
4.805000,768,1592
4.810000,932,1593
4.815001,928,1593
4.820001,767,1591
4.824999,819,1590
4.830000,979,1587
4.834999,792,1586
4.840000,819,1590
4.845000,987,1588
4.850001,908,1589
4.855000,777,1588
4.860000,926,1592
4.865000,946,1586
4.869999,755,1586
4.875000,824,1586
4.879999,961,1587
4.885000,800,1587
4.890000,817,1585
4.895000,985,1585
4.900000,910,1587
4.905000,784,1584
4.909999,932,1584
4.915000,940,1585
4.920000,752,1583
4.924999,812,1582
4.930000,971,1580
4.934999,795,1580
4.940000,811,1580
4.945000,982,1578
4.949999,909,1577
4.955000,783,1576
4.960000,935,1574
4.965000,943,1574
4.970000,757,1576
4.975000,811,1574
4.980000,968,1575
4.985000,790,1577
4.990000,794,1582
4.994999,996,1575
4.999999,913,1580
5.005000,779,1577
5.010000,939,1582
5.015000,935,1585
5.020001,744,1587
5.025001,827,1586
5.029999,980,1587
5.035000,800,1589
5.040000,799,1585
5.045001,989,1591
5.049999,913,1591
5.055000,784,1592
5.059999,930,1591
5.065000,951,1585
5.069999,769,1588
5.075001,827,1592
5.080000,958,1590
5.085000,793,1592
5.090000,805,1588
5.094999,974,1591
5.100000,918,1588
5.104999,779,1587
5.110000,933,1587
5.114999,951,1585
5.120000,754,1588
5.125000,814,1590
5.129999,959,1595
5.135001,808,1594
5.140000,801,1596
5.145000,976,1595
5.150000,929,1598
5.155001,776,1593
5.160000,944,1601
5.164999,933,1602
5.170000,750,1603
5.174999,833,1605
5.180000,958,1609
5.185000,801,1610
5.190000,819,1606
5.195000,982,1607
5.200001,918,1605
5.205000,775,1610
5.210000,949,1613
5.215000,937,1614
5.219999,772,1614
5.225000,814,1616
5.229999,976,1620
5.235000,820,1614
5.240000,810,1617
5.244999,977,1619
5.249999,932,1621
5.255001,763,1622
5.260001,943,1619
5.265000,941,1618
5.270001,762,1619
5.275000,823,1620
5.280000,987,1619
5.285000,811,1618
5.289999,804,1615
5.294999,993,1618
5.300000,920,1621
5.305000,780,1619
5.309999,924,1622
5.315000,946,1621
5.319999,754,1621
5.324999,838,1619
5.329999,965,1621
5.335000,802,1625
5.340001,815,1622
5.345000,982,1617
5.350000,915,1619
5.355000,789,1616
5.360001,939,1617
5.365001,940,1618
5.370000,747,1618
5.375000,833,1617
5.380000,979,1617
5.385000,805,1619
5.390000,799,1620
5.395001,997,1617
5.400000,928,1617
5.405000,770,1617
5.410000,919,1618
5.415000,947,1614
5.420001,751,1615
5.425001,833,1613
5.430000,980,1613
5.435000,811,1614
5.440000,817,1610
5.444999,997,1610
5.450000,923,1609
5.455000,784,1605
5.460000,928,1608
5.465000,932,1614
5.470000,770,1614
5.475000,821,1608
5.480000,961,1609
5.485000,820,1606
5.489999,804,1609
5.495001,979,1608
5.500000,933,1603
5.505000,782,1606
5.510000,931,1608
5.514999,932,1610
5.520000,769,1610
5.525000,823,1611
5.530000,969,1604
5.534999,815,1609
5.540000,811,1614
5.545000,981,1613
5.549999,915,1615
5.555000,764,1617
5.559999,936,1615
5.565001,936,1611
5.570000,765,1613
5.575000,817,1613
5.580000,980,1614
5.585000,805,1617
5.590000,814,1611
5.594999,975,1616
5.600001,933,1611
5.605000,765,1614
5.610000,934,1613
5.615000,934,1612
5.619999,772,1612
5.625000,820,1611
5.629999,965,1614
5.635000,818,1611
5.639999,808,1612
5.645001,999,1611
5.650000,919,1613
5.655001,780,1613
5.660000,919,1613
5.664999,942,1613
5.670000,750,1615
5.675000,825,1606
5.680001,979,1611
5.685000,811,1615
5.690000,806,1614
5.695000,977,1613
5.700000,940,1613
5.705001,766,1617
5.709999,936,1611
5.715001,934,1614
5.720000,773,1613
5.725000,824,1614
5.729999,963,1615
5.735000,826,1615
5.740000,798,1613
5.745000,975,1613
5.750000,932,1615
5.755000,770,1615
5.760000,914,1620
5.764999,947,1613
5.770000,759,1613
5.774999,826,1615
5.780000,964,1614
5.785000,828,1611
5.790001,802,1617
5.795000,989,1613
5.799999,928,1614
5.805001,758,1616
5.810000,934,1615
5.815000,932,1611
5.819999,759,1611
5.825000,814,1616
5.830000,982,1614
5.835000,816,1612
5.840001,794,1617
5.845000,992,1615
5.850001,921,1613
5.855000,778,1614
5.860000,914,1616
5.864999,951,1611
5.870000,765,1619
5.875000,812,1620
5.880000,981,1620
5.885000,811,1617
5.889999,810,1619
5.895000,978,1617
5.900001,923,1609
5.904999,774,1619
5.910000,913,1624
5.914999,954,1619
5.919999,756,1624
5.924999,817,1620
5.930001,987,1624
5.935000,826,1621
5.939999,798,1620
5.944999,977,1624
5.950001,918,1622
5.955001,780,1624
5.960000,919,1621
5.965000,954,1622
5.970000,757,1618
5.975000,816,1619
5.979999,985,1614
5.985000,831,1618
5.989999,808,1613
5.995000,974,1621
6.000000,918,1617
6.004999,789,1614
6.010000,918,1617
6.015000,939,1616
6.020001,772,1614
6.025000,821,1616
6.030000,967,1618
6.035000,835,1615
6.040000,814,1616
6.045001,975,1616
6.050000,918,1611
6.055001,777,1615
6.060000,915,1613
6.065000,956,1613
6.070000,750,1621
6.074999,810,1616
6.079999,978,1612
6.085000,822,1612
6.090000,801,1611
6.095000,974,1614
6.100000,916,1611
6.105000,766,1613
6.110001,932,1607
6.115000,948,1609
6.119999,754,1608
6.124999,814,1612
6.130000,978,1606
6.135000,816,1608
6.139999,809,1607
6.145000,978,1605
6.150000,913,1611
6.155001,776,1606
6.160001,919,1608
6.164999,933,1607
6.169999,759,1603
6.174999,811,1606
6.179999,982,1604
6.184999,818,1602
6.190001,788,1605
6.195000,989,1601
6.200000,914,1605
6.205000,780,1600
6.209999,911,1600
6.215000,933,1596
6.219999,761,1599
6.225000,831,1598
6.229999,968,1596
6.235001,811,1594
6.240001,800,1597
6.245001,967,1600
6.250000,926,1597
6.255000,769,1596
6.260000,907,1600
6.265001,950,1595
6.270001,756,1599
6.275001,833,1595
6.280000,971,1597
6.285001,816,1599
6.290000,813,1597
6.295000,971,1599
6.299999,929,1594
6.305000,764,1600
6.309999,907,1602
6.315001,953,1603
6.320001,761,1600
6.324999,828,1605
6.329999,978,1605
6.335001,822,1601
6.340000,791,1603
6.344999,986,1600
6.350001,918,1605
6.354999,779,1604
6.359999,917,1602
6.364999,932,1606
6.370000,763,1602
6.375000,818,1603
6.379999,969,1605
6.385001,832,1609
6.390000,798,1604
6.395000,986,1602
6.399999,928,1606
6.405000,764,1605
6.410000,904,1611
6.414999,950,1606
6.419999,748,1608
6.425000,833,1608
6.430001,968,1605
6.435000,817,1607
6.440001,791,1608
6.445000,973,1606
6.450000,925,1611
6.455000,758,1611
6.459999,922,1609
6.465001,936,1612
6.469999,765,1608
6.475000,821,1614
6.479999,976,1616
6.485000,820,1614
6.489999,811,1617
6.495000,978,1614
6.500001,929,1616
6.504999,759,1616
6.509999,904,1616
6.514999,951,1618
6.520000,765,1615
6.525000,811,1620
6.530000,969,1617
6.535001,831,1619
6.540000,794,1621
6.545000,969,1624
6.550000,924,1614
6.555001,772,1620
6.560000,927,1620
6.565000,938,1619
6.569999,764,1611
6.575000,827,1619
6.580000,971,1619
6.584999,839,1616
6.590001,795,1619
6.595000,967,1618
6.600001,931,1614
6.605000,763,1614
6.610000,918,1611
6.615000,938,1613
6.620000,772,1612
6.625000,816,1611
6.630000,966,1614
6.635000,840,1613
6.640000,792,1614
6.645000,987,1611
6.650001,922,1615
6.654999,758,1616
6.659999,926,1614
6.665000,944,1612
6.670000,768,1614
6.674999,822,1613
6.680000,963,1612
6.685000,842,1610
6.690001,796,1611
6.695000,972,1609
6.700000,918,1610
6.705001,782,1605
6.710000,906,1606
6.715000,960,1601
6.720000,763,1600
6.725000,808,1603
6.729999,979,1600
6.735000,820,1602
6.740000,796,1597
6.745001,966,1601
6.750000,929,1594
6.755000,761,1594
6.760000,916,1596
6.764999,934,1598
6.770001,764,1594
6.775000,811,1598
6.779999,984,1593
6.784999,828,1589
6.790000,801,1593
6.794999,979,1591
6.799999,910,1590
6.805001,759,1582
6.810000,904,1588
6.815000,933,1588
6.819999,761,1585
6.825000,805,1587
6.829999,971,1581
6.834999,838,1582
6.840000,797,1582
6.845000,969,1584
6.849999,934,1579
6.855000,764,1580
6.860001,896,1576
6.865000,954,1580
6.869999,751,1581
6.874999,828,1579
6.880000,964,1586
6.885000,844,1582
6.890000,790,1583
6.895001,987,1584
6.900000,922,1582
6.905000,753,1588
6.910000,917,1591
6.915001,942,1585
6.920001,749,1588
6.925001,825,1588
6.930000,970,1585
6.934999,824,1590
6.940000,801,1588
6.945000,962,1595
6.949999,933,1597
6.954999,765,1590
6.960000,896,1596
6.965000,947,1595
6.970000,758,1596
6.975000,825,1599
6.980001,980,1600
6.984999,825,1602
6.990000,789,1605
6.994999,989,1606
6.999999,932,1610
7.005001,762,1611
7.009999,913,1605
7.014999,943,1613
7.020000,754,1617
7.025000,825,1613
7.030001,964,1619
7.035000,838,1617
7.040000,791,1624
7.045000,988,1618
7.050000,923,1618
7.055000,762,1618
7.059999,918,1619
7.065000,942,1618
7.069999,748,1622
7.075000,806,1621
7.080000,985,1617
7.085001,830,1617
7.090000,813,1616
7.095000,974,1618
7.100000,934,1618
7.105000,772,1618
7.110001,902,1622
7.115000,937,1624
7.120000,765,1622
7.125000,817,1625
7.129999,994,1622
7.135001,836,1625
7.140000,798,1619
7.145000,982,1626
7.150000,922,1630
7.155001,771,1626
7.160000,903,1629
7.165000,948,1618
7.169999,769,1626
7.174999,813,1626
7.180001,990,1624
7.185001,835,1621
7.189999,786,1625
7.195000,985,1621
7.200000,934,1624
7.205000,765,1621
7.210001,894,1619
7.215000,941,1621
7.219999,767,1620
7.225000,811,1618
7.230001,968,1619
7.235000,848,1618
7.239999,789,1619
7.245000,987,1617
7.250000,920,1620
7.255000,770,1618
7.260001,898,1613
7.264999,948,1613
7.270001,753,1618
7.275000,817,1613
7.280000,966,1618
7.285001,853,1614
7.290000,796,1618
7.295001,980,1613
7.300000,923,1617
7.304999,757,1617
7.310000,909,1616
7.315001,938,1618
7.319999,769,1613
7.325001,812,1612
7.330000,993,1612
7.334999,833,1611
7.340000,789,1615
7.345000,984,1612
7.350001,932,1613
7.355000,756,1615
7.360000,909,1611
7.365000,944,1613
7.370000,767,1608
7.375000,807,1610
7.380000,982,1612
7.385000,845,1609
7.390001,799,1604
7.395001,964,1607
7.400000,926,1597
7.405000,778,1603
7.410000,893,1603
7.415000,954,1600
7.420001,758,1600
7.424999,824,1604
7.430000,964,1601
7.435000,847,1600
7.440000,796,1599
7.445000,973,1597
7.450000,916,1602
7.455000,767,1598
7.460000,893,1599
7.465001,962,1594
7.469999,773,1600
7.475001,801,1604
7.480000,981,1592
7.485000,838,1601
7.489999,783,1603
7.495000,974,1599
7.500000,938,1600
7.504999,758,1603
7.510000,902,1601
7.514999,952,1593
7.520000,761,1598
7.525000,813,1600
7.530000,968,1597
7.534999,847,1601
7.540001,794,1599
7.545000,966,1598
7.549999,932,1590
7.555000,756,1597
7.560000,904,1599
7.565001,953,1589
7.569999,754,1597
7.575001,826,1595
7.580000,974,1597
7.584999,845,1588
7.590000,795,1596
7.594999,969,1597
7.600001,938,1600
7.605000,754,1599
7.610001,908,1594
7.615001,941,1599
7.620000,762,1600
7.625000,821,1595
7.629999,975,1599
7.635000,829,1604
7.639999,797,1606
7.645000,966,1608
7.650000,940,1606
7.655000,763,1606
7.660000,888,1612
7.665000,954,1608
7.670000,778,1609
7.675001,817,1611
7.680000,967,1615
7.685000,847,1611
7.690000,785,1613
7.695000,978,1613
7.699999,927,1611
7.705000,779,1611
7.710000,896,1610
7.715000,964,1611
7.720000,756,1612
7.725000,827,1612
7.730000,971,1614
7.735001,853,1612
7.740000,794,1616
7.745001,968,1615
7.749999,942,1612
7.755000,756,1613
7.760000,908,1613
7.764999,951,1614
7.770000,758,1617
7.774999,806,1618
7.780000,974,1613
7.785000,859,1617
7.789999,786,1619
7.795000,981,1615
7.800000,919,1618
7.805001,768,1616
7.810000,914,1611
7.815000,956,1613
7.820000,759,1617
7.825001,824,1610
7.830000,977,1611
7.834999,839,1615
7.840000,786,1614
7.845000,987,1613
7.850000,932,1615
7.854999,756,1616
7.860000,905,1615
7.865000,950,1614
7.869999,760,1615
7.874999,831,1616
7.880001,977,1614
7.884999,838,1619
7.889999,784,1621
7.895000,988,1614
7.899999,927,1620
7.905000,774,1616
7.910000,901,1615
7.914999,942,1618
7.920000,777,1614
7.924999,813,1615
7.930000,994,1610
7.934999,849,1610
7.939999,799,1612
7.944999,966,1615
7.950000,939,1608
7.955000,761,1612
7.960000,887,1610
7.965000,960,1609
7.970000,765,1609
7.975001,813,1603
7.980000,979,1609
7.985000,840,1611
7.990001,801,1609
7.995000,972,1610
8.000000,922,1612
8.004999,759,1612
8.010001,910,1609
8.015001,953,1610
8.020000,773,1604
8.024999,830,1613
8.029999,987,1616
8.035000,837,1618
8.039999,804,1611
8.045000,974,1617
8.049999,928,1618
8.055000,772,1613
8.059999,900,1620
8.065001,941,1623
8.070000,756,1624
8.075000,812,1624
8.080001,997,1621
8.085000,858,1622
8.090000,793,1621
8.095000,991,1620
8.100001,938,1624
8.105000,765,1625
8.110000,888,1622
8.114999,943,1624
8.120000,782,1621
8.125000,821,1624
8.130000,974,1624
8.135000,861,1625
8.139999,794,1626
8.145000,984,1626
8.149999,940,1628
8.154999,763,1628
8.160000,884,1627
8.164999,967,1628
8.170000,767,1626
8.175000,812,1625
8.180000,988,1626
8.185000,852,1627
8.190000,805,1625
8.195001,967,1626
8.199999,923,1625
8.204999,755,1629
8.210000,902,1621
8.215000,946,1623
8.220001,777,1620
8.225000,832,1616
8.230000,977,1623
8.235000,863,1613
8.239999,783,1616
8.245000,983,1613
8.250000,918,1617
8.254999,753,1614
8.260000,901,1607
8.264999,944,1608
8.270000,773,1603
8.274999,816,1601
8.280000,968,1602
8.285000,859,1597
8.289999,789,1599
8.295000,962,1601
8.299999,943,1597
8.305000,753,1600
8.309999,883,1597
8.315001,962,1596
8.320000,766,1596
8.324999,811,1597
8.329999,988,1595
8.335000,855,1592
8.340000,795,1593
8.344999,972,1594
8.350000,923,1597
8.354999,750,1594
8.360000,895,1593
8.364999,950,1593
8.370000,769,1595
8.375000,813,1592
8.380000,968,1594
8.385000,856,1593
8.390001,783,1594
8.395000,983,1595
8.400001,918,1594
8.404999,756,1594
8.410000,874,1595
8.414999,958,1595
8.419999,764,1593
8.424999,802,1597
8.430000,988,1598
8.434999,844,1599
8.440001,796,1598
8.445000,960,1599
8.450000,942,1595
8.455000,759,1594
8.460000,881,1597
8.464999,940,1598
8.469999,777,1598
8.475001,813,1597
8.480001,969,1598
8.485000,859,1590
8.489999,787,1595
8.495001,963,1600
8.500000,943,1593
8.504999,766,1591
8.510000,879,1597
8.515000,961,1597
8.520001,763,1598
8.525001,799,1601
8.529999,971,1592
8.535000,860,1597
8.540000,798,1600
8.545001,963,1598
8.550000,934,1597
8.555001,764,1598
8.560000,880,1602
8.565000,959,1602
8.569999,759,1603
8.574999,803,1607
8.580000,985,1605
8.584999,852,1601
8.590000,789,1604
8.595000,980,1597
8.600000,940,1603
8.604999,762,1606
8.610001,880,1606
8.615001,946,1607
8.620000,761,1608
8.625000,831,1603
8.630000,977,1607
8.635000,873,1602
8.640000,791,1604
8.645000,981,1603
8.650000,932,1605
8.655000,751,1609
8.660001,888,1607
8.664999,950,1611
8.669999,782,1607
8.675000,817,1609
8.680000,969,1612
8.684999,864,1609
8.690000,785,1613
8.694999,981,1606
8.700000,941,1610
8.705000,759,1611
8.709999,877,1614
8.715000,964,1612
8.719999,767,1610
8.725000,806,1617
8.730000,996,1616
8.735001,859,1616
8.740000,782,1619
8.744999,963,1619
8.749999,939,1624
8.755000,757,1623
8.760001,896,1620
8.765000,951,1621
8.770000,780,1618
8.775000,825,1622
8.780001,979,1624
8.785001,869,1622
8.790000,796,1625
8.795001,975,1621
8.799999,927,1625
8.805001,774,1620
8.810000,894,1620
8.814999,947,1623
8.820000,781,1617
8.825000,816,1621
8.830000,980,1614
8.835000,865,1619
8.840000,788,1620
8.844999,991,1614
8.850000,938,1616
8.854999,757,1614
8.860000,874,1614
8.865000,964,1612
8.870000,769,1608
8.875000,822,1610
8.880000,989,1609
8.885000,865,1608
8.890000,797,1600
8.895000,973,1609
8.899999,924,1611
8.905001,773,1605
8.910000,877,1610
8.915000,969,1610
8.920000,767,1609
8.925000,808,1609
8.930001,994,1608
8.935000,853,1609
8.940000,800,1611
8.945000,968,1606
8.949999,929,1606
8.955000,754,1610
8.960000,896,1600
8.965001,963,1603
8.970000,760,1608
8.975000,824,1603
8.979999,976,1608
8.985000,875,1599
8.990000,783,1604
8.994999,974,1597
8.999999,939,1603
9.005000,754,1604
9.010000,894,1602
9.014999,959,1601
9.020000,765,1603
9.025001,829,1604
9.030000,981,1602
9.035000,857,1603
9.040000,788,1605
9.045000,975,1602
9.050001,923,1604
9.055000,772,1603
9.060000,889,1603
9.065000,953,1606
9.069999,784,1605
9.075001,816,1605
9.080000,975,1605
9.084999,871,1605
9.090001,793,1605
9.095000,968,1609
9.100000,946,1608
9.105000,763,1610
9.110000,872,1611
9.115000,969,1610
9.120000,770,1611
9.125000,814,1611
9.130000,973,1615
9.135001,873,1611
9.140000,781,1613
9.145000,981,1610
9.149999,949,1608
9.155000,755,1612
9.160000,869,1613
9.165000,965,1611
9.170000,767,1609
9.175000,823,1602
9.179999,985,1606
9.184999,854,1610
9.190001,792,1604
9.195000,983,1608
9.200000,927,1608
9.205000,768,1603
9.209999,869,1605
9.215000,969,1602
9.219999,766,1602
9.225000,825,1601
9.230001,988,1602
9.235000,865,1599
9.240000,777,1605
9.245000,978,1604
9.250001,928,1603
9.255000,753,1604
9.260000,891,1605
9.265000,949,1606
9.270000,785,1609
9.275000,812,1610
9.280000,994,1611
9.285001,862,1616
9.290000,803,1613
9.295000,970,1615
9.299999,924,1615
9.305000,773,1620
9.309999,885,1616
9.315001,952,1620
9.320000,765,1619
9.324999,827,1618
9.329999,985,1617
9.335000,863,1618
9.340000,799,1617
9.345000,967,1621
9.350000,949,1618
9.354999,766,1617
9.360000,872,1622
9.364999,969,1622
9.369999,768,1622
9.374999,827,1624
9.380000,978,1624
9.385000,884,1622
9.390000,793,1627
9.395001,965,1628
9.400000,950,1626
9.405000,766,1628
9.410000,869,1633
9.414999,976,1628
9.419999,773,1632
9.425000,827,1631
9.430000,975,1635
9.435000,883,1630
9.440001,795,1629
9.444999,963,1636
9.450001,948,1628
9.455000,765,1633
9.460000,873,1632
9.465001,953,1634
9.470001,788,1631
9.474999,814,1635
9.479999,974,1635
9.485001,886,1633
9.490001,792,1629
9.495000,980,1633
9.500001,929,1635
9.505000,772,1632
9.510000,886,1631
9.514999,961,1633
9.520000,768,1634
9.524999,830,1635
9.530001,984,1634
9.535000,868,1631
9.540000,797,1634
9.545001,964,1632
9.550000,947,1628
9.554999,759,1629
9.560000,891,1625
9.565000,953,1628
9.570000,768,1624
9.574999,825,1624
9.579999,984,1627
9.585000,883,1622
9.590000,794,1621
9.594999,963,1620
9.600001,925,1621
9.605000,774,1621
9.610000,874,1617
9.615000,949,1621
9.619999,765,1618
9.624999,825,1617
9.630000,985,1618
9.635000,867,1614
9.640001,798,1616
9.644999,975,1614
9.650000,934,1612
9.655001,752,1615
9.660000,879,1603
9.664999,968,1610
9.670000,771,1611
9.675000,804,1608
9.680000,981,1607
9.684999,864,1607
9.690001,803,1605
9.695001,965,1601
9.700000,929,1600
9.705000,753,1601
9.710000,861,1599
9.715000,964,1596
9.719999,765,1598
9.725000,825,1596
9.730000,987,1596
9.735000,873,1596
9.740000,777,1597
9.745001,974,1595
9.750000,928,1596
9.754999,765,1599
9.760000,860,1596
9.765000,963,1593
9.770001,782,1594
9.775000,813,1597
9.780000,969,1602
9.785001,884,1600
9.790000,783,1599
9.794999,972,1595
9.800000,931,1600
9.805000,747,1605
9.809999,882,1599
9.815001,958,1599
9.820000,761,1602
9.825000,816,1603
9.830000,975,1602
9.835000,862,1601
9.840000,791,1599
9.845001,961,1602
9.849999,922,1604
9.854999,747,1602
9.860000,880,1599
9.864999,956,1599
9.870000,760,1597
9.875000,822,1596
9.879999,979,1594
9.885001,878,1593
9.889999,789,1597
9.895000,958,1598
9.900000,928,1597
9.905000,748,1598
9.910000,861,1599
9.915000,969,1596
9.920000,781,1597
9.925000,818,1598
9.930001,989,1598
9.935000,881,1595
9.940000,783,1596
9.944999,958,1598
9.950001,930,1594
9.955000,767,1598
9.960000,870,1601
9.965000,943,1601
9.969999,759,1598
9.974999,820,1598
9.979999,975,1601
9.985000,882,1600
9.989999,785,1604
9.995000,954,1604
10.000000,940,1601
10.005000,755,1601
10.010000,878,1600
10.014999,962,1601
10.020000,768,1601
10.024999,808,1600
10.030000,968,1601
10.035000,876,1605
10.039999,774,1607
10.045000,964,1604
10.049999,931,1596
10.055000,766,1601
10.059999,861,1604
10.065000,946,1608
10.069999,768,1600
10.075000,804,1603
10.080000,979,1596
10.084999,890,1597
10.090001,791,1601
10.094999,961,1598
10.100000,942,1596
10.105000,749,1599
10.110000,869,1596
10.115000,961,1599
10.120000,767,1597
10.125001,820,1599
10.130000,973,1601
10.135000,861,1600
10.139999,781,1601
10.145000,954,1602
10.150000,936,1602
10.155001,766,1603
10.160000,861,1604
10.165000,972,1602
10.170000,774,1609
10.175000,801,1609
10.179999,991,1608
10.185000,867,1614
10.190001,778,1609
10.195001,953,1612
10.200000,938,1612
10.205001,762,1613
10.209999,858,1618
10.215001,976,1611
10.220001,773,1615
10.225000,811,1613
10.230000,990,1612
10.235001,879,1615
10.240000,781,1617
10.244999,955,1620
10.250000,944,1615
10.254999,756,1618
10.260000,873,1619
10.265000,956,1617
10.270000,773,1621
10.274999,810,1620
10.280001,996,1617
10.285000,877,1617
10.289999,777,1624
10.294999,973,1621
10.299999,934,1621
10.305000,776,1620
10.310000,861,1623
10.315001,958,1624
10.320000,792,1617
10.324999,813,1622
10.329999,972,1626
10.335000,890,1618
10.340000,792,1616
10.345000,957,1618
10.350000,925,1616
10.355000,768,1616
10.360000,856,1617
10.365000,972,1616
10.369999,766,1613
10.374999,819,1613
10.380000,976,1611
10.385000,876,1605
10.390000,785,1607
10.395001,960,1607
10.400001,941,1602
10.405000,755,1606
10.410000,853,1608
10.414999,950,1605
10.419999,782,1601
10.425000,803,1603
10.430000,989,1599
10.434999,874,1599
10.440001,792,1595
10.445001,972,1599
10.450000,930,1601
10.455001,770,1596
10.460000,853,1595
10.465000,956,1588
10.470000,780,1598
10.475000,796,1595
10.480000,979,1595
10.485000,886,1596
10.489999,771,1594
10.495000,966,1593
10.500000,925,1591
10.504999,764,1591
10.510000,860,1588
10.515000,946,1587
10.520001,775,1589
10.525000,800,1584
10.530001,981,1589
10.535001,883,1585
10.540000,778,1585
10.545000,970,1587
10.549999,926,1587
10.555000,747,1588
10.560000,874,1586
10.565000,959,1589
10.569999,780,1580
10.575000,809,1586
10.579999,994,1587
10.585000,873,1588
10.590001,784,1589
10.595000,951,1589
10.600001,941,1588
10.605000,753,1589
10.610001,850,1587
10.615000,969,1590
10.619999,771,1591
10.624999,798,1593
10.630000,990,1590
10.635001,879,1589
10.639999,771,1592
10.645000,967,1589
10.650000,936,1590
10.655001,759,1592
10.660000,854,1592
10.665000,955,1593
10.670000,787,1587
10.674999,816,1595
10.680000,981,1594
10.684999,891,1588
10.690000,781,1597
10.694999,951,1603
10.700000,941,1591
10.705000,769,1598
10.709999,871,1597
10.715000,963,1598
10.720001,769,1600
10.724999,821,1603
10.730000,979,1604
10.735000,893,1593
10.740000,782,1601
10.745001,949,1605
10.750000,950,1600
10.755000,765,1601
10.760001,860,1605
10.765000,951,1611
10.770000,791,1605
10.775001,816,1606
10.780000,978,1609
10.785000,898,1612
10.789999,779,1610
10.795000,952,1607
10.799999,942,1607
10.805000,752,1609
10.810000,846,1618
10.815001,967,1611
10.820000,774,1613
10.824999,826,1608
10.829999,991,1611
10.835001,875,1613
10.840001,784,1613
10.844999,950,1613
10.850000,943,1615
10.855000,751,1615
10.860000,847,1619
10.864999,971,1615
10.870000,779,1620
10.875000,805,1618
10.879999,991,1618
10.885001,893,1620
10.889999,781,1621
10.895000,959,1622
10.899999,924,1625
10.905000,767,1626
10.910000,858,1625
10.915000,956,1626
10.920000,777,1626
10.925000,828,1623
10.930000,993,1623
10.934999,892,1619
10.940000,778,1624
10.945000,969,1619
10.949999,927,1622
10.955000,772,1617
10.959999,853,1618
10.965000,976,1612
10.970000,783,1615
10.975000,803,1614
10.979999,974,1615
10.985000,895,1612
10.989999,780,1609
10.995000,959,1601
11.000001,932,1610
11.004999,773,1606
11.010000,866,1608
11.015000,964,1608
11.020000,775,1610
11.024999,802,1609
11.030000,985,1606
11.035001,885,1605
11.040000,796,1603
11.045001,958,1603
11.049999,928,1605
11.055000,750,1602
11.059999,863,1599
11.065001,963,1595
11.070000,780,1595
11.075000,805,1593
11.079999,992,1591
11.085001,903,1589
11.090001,785,1586
11.095000,955,1585
11.100000,941,1585
11.104999,762,1585
11.110000,844,1584
11.115000,971,1577
11.119999,782,1580
11.124999,804,1580
11.130000,970,1581
11.135000,897,1584
11.140000,776,1580
11.145000,961,1572
11.149999,935,1580
11.155000,749,1581
11.160000,859,1580
11.165000,955,1578
11.170000,769,1588
11.174999,799,1583
11.180001,975,1580
11.185001,896,1580
11.189999,768,1584
11.194999,958,1582
11.200001,941,1579
11.205000,763,1578
11.210000,854,1579
11.215000,955,1581
11.219999,773,1579
11.225000,822,1575
11.230000,976,1579
11.235001,880,1580
11.240000,776,1570
11.245001,943,1576
11.250001,940,1581
11.254999,753,1579
11.260000,838,1583
11.265001,951,1587
11.270000,793,1593
11.275000,807,1589
11.280000,970,1599
11.285001,899,1591
11.290000,785,1589
11.295001,960,1598
11.300000,931,1602
11.305000,746,1604
11.310000,859,1606
11.315000,957,1607
11.320000,793,1606
11.325000,815,1609
11.330000,981,1606
11.334999,884,1612
11.340000,786,1611
11.344999,945,1612
11.350000,951,1610
11.355000,754,1614
11.360000,864,1617
11.364999,971,1618
11.370001,778,1622
11.375000,812,1614
11.379999,992,1624
11.385000,892,1628
11.390001,773,1631
11.394999,954,1633
11.399999,954,1633
11.405000,769,1629
11.410000,857,1640
11.414999,962,1641
11.419999,786,1641
11.425000,803,1642
11.430001,997,1645
11.435001,902,1645
11.440000,776,1645
11.444999,968,1644
11.450000,939,1645
11.455001,764,1642
11.460000,849,1644
11.465001,970,1636
11.469999,808,1642
11.475001,821,1644
11.480000,995,1647
11.485000,893,1648
11.490000,785,1638
11.494999,963,1646
11.499999,936,1645
11.505000,757,1646
11.510000,864,1645
11.515000,968,1644
11.520000,781,1646
11.525000,823,1643
11.530000,993,1641
11.535001,902,1644
11.539999,784,1638
11.544999,957,1637
11.549999,940,1639
11.555001,754,1642
11.559999,843,1638
11.565000,960,1639
11.569999,806,1635
11.575000,819,1634
11.580001,985,1635
11.584999,896,1636
11.590001,774,1633
11.595000,964,1632
11.600000,938,1632
11.604999,766,1625
11.610000,858,1629
11.614999,963,1627
11.620001,778,1630
11.625001,800,1625
11.630001,989,1627
11.635000,900,1621
11.639999,773,1624
11.645000,965,1619
11.650000,941,1611
11.655000,761,1612
11.660000,847,1608
11.665000,972,1602
11.670000,796,1608
11.675000,800,1607
11.680000,992,1603
11.685000,902,1600
11.690001,769,1604
11.695000,940,1601
11.699999,928,1596
11.704999,771,1594
11.710000,841,1592
11.715001,954,1595
11.720000,782,1590
11.725000,799,1592
11.730000,989,1588
11.735001,908,1583
11.740001,785,1589
11.745000,945,1586
11.750000,922,1590
11.754999,746,1591
11.760000,850,1590
11.764999,971,1589
11.770000,788,1587
11.774999,802,1591
11.780001,982,1589
11.785000,892,1591
11.790000,770,1594
11.795001,962,1589
11.800000,931,1590
11.805001,752,1590
11.810001,849,1582
11.815000,965,1587
11.820000,790,1581
11.825000,805,1586
11.830000,970,1585
11.835000,903,1585
11.840000,764,1590
11.845000,934,1586
11.850000,939,1583
11.854999,750,1581
11.860000,825,1583
11.865000,965,1581
11.869999,775,1589
11.874999,813,1584
11.880000,978,1582
11.884999,890,1586
11.889999,771,1584
11.895000,941,1588
11.900000,925,1586
11.905001,768,1586
11.910001,838,1588
11.914999,956,1593
11.919999,799,1592
11.924999,803,1589
11.930000,971,1590
11.934999,889,1592
11.940001,787,1592
11.945000,949,1591
11.949999,928,1593
11.955000,741,1594
11.959999,844,1593
11.965000,960,1593
11.969999,786,1594
11.975001,794,1597
11.979999,987,1596
11.985000,901,1595
11.990000,765,1599
11.995000,951,1598
12.000000,925,1603
12.005000,762,1596
12.010001,840,1603
12.015000,963,1601
12.020000,782,1608
12.025000,795,1609
12.030000,984,1609
12.035000,899,1610
12.040000,783,1603
12.045000,943,1612
12.050000,924,1613
12.055000,764,1608
12.059999,836,1614
12.065000,960,1617
12.070000,804,1618
12.074999,806,1620
12.080000,973,1625
12.084999,915,1621
12.090000,774,1622
12.094999,940,1624
12.100001,932,1624
12.105000,766,1620
12.110000,844,1627
12.115000,960,1631
12.120000,785,1632
12.125000,820,1632
12.130001,988,1632
12.135001,905,1630
12.140000,769,1631
12.145001,957,1631
12.150000,935,1632
12.155000,748,1633
12.160001,845,1630
12.165001,966,1630
12.170001,802,1630
12.175001,818,1632
12.180000,975,1629
12.184999,914,1624
12.190000,772,1629
12.195000,958,1627
12.199999,944,1627
12.205000,758,1627
12.209999,828,1624
12.214999,975,1627
12.220000,791,1625
12.225001,804,1627
12.230001,998,1625
12.235000,904,1621
12.240000,784,1618
12.244999,952,1620
12.250000,931,1621
12.255000,765,1622
12.260000,838,1618
12.265000,957,1622
12.270001,805,1613
12.275000,808,1617
12.280000,978,1616
12.285000,907,1615
12.289999,777,1616
12.294999,937,1620
12.299999,952,1610
12.305000,761,1615
12.310000,848,1614
12.315001,962,1613
12.320000,794,1614
12.324999,800,1613
12.330000,989,1612
12.335000,908,1608
12.340001,767,1614
12.345000,949,1602
12.350000,953,1605
12.355000,767,1608
12.360000,833,1607
12.365000,957,1608
12.370000,803,1604
12.375000,805,1604
12.380000,989,1597
12.385001,921,1601
12.390000,772,1597
12.395000,937,1597
12.399999,952,1597
12.405001,763,1595
12.410000,823,1597
12.415000,973,1588
12.420000,795,1592
12.425000,800,1596
12.430000,992,1591
12.435000,905,1593
12.440000,783,1595
12.445000,938,1596
12.450000,947,1595
12.455000,755,1597
12.459999,827,1593
12.465000,980,1596
12.470000,791,1600
12.475000,802,1600
12.479999,986,1601
12.485000,914,1599
12.490000,764,1603
12.494999,949,1602
12.500000,933,1604
12.504999,749,1605
12.510000,827,1604
12.514999,973,1605
12.520000,807,1606
12.525000,805,1606
12.530000,977,1609
12.535001,913,1609
12.540000,764,1614
12.545001,954,1611
12.549999,935,1611
12.555001,753,1613
12.559999,823,1613
12.565000,977,1614
12.570000,808,1613
12.574999,806,1611
12.579999,975,1613
12.585000,926,1610
12.590000,773,1610
12.594999,933,1611
12.600000,946,1614
12.604999,758,1612
12.610001,821,1613
12.614999,962,1613
12.620000,815,1606
12.625000,813,1612
12.629999,980,1615
12.635001,928,1612
12.640000,779,1612
12.645000,930,1615
12.650000,941,1613
12.655000,746,1618
12.660000,836,1617
12.665000,960,1618
12.670000,799,1610
12.674999,807,1618
12.680000,973,1621
12.684999,918,1621
12.690001,765,1619
12.695000,944,1620
12.699999,933,1622
12.705000,748,1621
12.709999,841,1620
12.715000,961,1625
12.720000,796,1621
12.725000,823,1619
12.729999,992,1618
12.735000,909,1618
12.740000,767,1618
12.744999,953,1618
12.750000,940,1616
12.755000,755,1618
12.760000,831,1618
12.765001,961,1620
12.770000,795,1613
12.775000,825,1610
12.780000,978,1615
12.785001,924,1611
12.789999,784,1610
12.795000,943,1610
12.800000,931,1611
12.805000,769,1612
12.810000,821,1613
12.815000,957,1615
12.820000,811,1614
12.824999,801,1617
12.829999,971,1616
12.835000,923,1614
12.840000,763,1619
12.845000,938,1614
12.850000,935,1616
12.854999,748,1618
12.860001,835,1616
12.865001,965,1613
12.869999,806,1617
12.875000,798,1618
12.879999,987,1616
12.885000,905,1619
12.889999,785,1618
12.895000,942,1616
12.900000,937,1616
12.905000,768,1615
12.910000,823,1620
12.914999,958,1620
12.920000,811,1616
12.925000,809,1617
12.930001,975,1617
12.935001,931,1616
12.939999,774,1617
12.945000,930,1616
12.949999,946,1613
12.955000,755,1614
12.960000,836,1611
12.965001,968,1611
12.969999,808,1609
12.975001,812,1607
12.980000,991,1608
12.985001,912,1608
12.990000,766,1600
12.995000,947,1605
13.000000,936,1607
13.005000,753,1607
13.010001,823,1607
13.014999,961,1609
13.020000,798,1611
13.025000,814,1604
13.030000,994,1608
13.035001,912,1610
13.039999,780,1603
13.045000,939,1612
13.049999,931,1611
13.055000,748,1610
13.059999,836,1610
13.065001,965,1607
13.070001,817,1608
13.074999,802,1602
13.079999,980,1600
13.085001,913,1602
13.090001,788,1598
13.095000,943,1598
13.100000,938,1597
13.104999,752,1596
13.110001,830,1589
13.115000,974,1591
13.120001,799,1592
13.125000,818,1593
13.129999,980,1590
13.135000,918,1589
13.139999,773,1587
13.145000,929,1588
13.150001,950,1588
13.154999,752,1590
13.160000,813,1588
13.165000,975,1586
13.170001,806,1585
13.175000,796,1588
13.180000,994,1586
13.185000,912,1589
13.190000,778,1584
13.195000,936,1586
13.199999,929,1586
13.204999,766,1585
13.210000,820,1586
13.215000,982,1581
13.219999,806,1585
13.224999,794,1586
13.230000,993,1584
13.235000,918,1586
13.240000,773,1585
13.244999,926,1589
13.249999,945,1586
13.254999,751,1589
13.260000,836,1585
13.265000,969,1588
13.270000,794,1593
13.275000,816,1589
13.280000,977,1588
13.285000,906,1591
13.289999,773,1589
13.295000,932,1589
13.300000,932,1592
13.305000,750,1590
13.310000,831,1590
13.315000,962,1593
13.320000,797,1593
13.324999,812,1585
13.329999,987,1593
13.335000,918,1592
13.340000,763,1593
13.345000,943,1593
13.350000,935,1592
13.355000,758,1587
13.360000,834,1594
13.365000,964,1594
13.370000,799,1597
13.375000,816,1596
13.380000,979,1599
13.385000,916,1600
13.390000,763,1600
13.395001,950,1596
13.400001,942,1599
13.404999,756,1598
13.409999,816,1601
13.415000,983,1600
13.420001,800,1602
13.424999,802,1603
13.430001,989,1604
13.435000,912,1601
13.440001,775,1605
13.445000,937,1598
13.449999,949,1608
13.454999,751,1608
13.460001,831,1606
13.465000,978,1612
13.470000,796,1615
13.475000,810,1611
13.480000,974,1615
13.485000,924,1613
13.489999,787,1614
13.495000,931,1618
13.500000,932,1619
13.505000,772,1617
13.510001,821,1619
13.515001,961,1622
13.519999,816,1622
13.525000,805,1624
13.530001,984,1622
13.535001,929,1621
13.540000,781,1621
13.545000,933,1620
13.549999,940,1621
13.555000,751,1624
13.559999,829,1617
13.565000,975,1621
13.570000,804,1620
13.575000,820,1615
13.580000,989,1619
13.585000,919,1618
13.590000,764,1621
13.594999,942,1611
13.600000,943,1618
13.604999,747,1622
13.610000,821,1618
13.615000,965,1617
13.619999,800,1620
13.624999,816,1617
13.630000,985,1614
13.635001,933,1613
13.640000,769,1614
13.645000,927,1615
13.650000,941,1610
13.655001,752,1614
13.660000,813,1616
13.665000,978,1613
13.670001,805,1614
13.675000,805,1607
13.680000,993,1614
13.684999,928,1614
13.689999,769,1614
13.694999,923,1613
13.700001,939,1613
13.705001,772,1610
13.709999,829,1612
13.715000,977,1612
13.719999,801,1613
13.725001,798,1614
13.730001,992,1607
13.734999,925,1617
13.739999,766,1614
13.745001,942,1609
13.750001,936,1615
13.754999,754,1618
13.760001,823,1613
13.765000,970,1614
13.770000,805,1614
13.775000,811,1613
13.780001,980,1614
13.785001,916,1615
13.789999,764,1615
13.794999,947,1611
13.799999,943,1615
13.805000,755,1614
13.809999,811,1616
13.815001,985,1612
13.820000,817,1612
13.825000,799,1612
13.830000,972,1616
13.835000,911,1612
13.840000,783,1612
13.844999,931,1614
13.850000,931,1612
13.855000,765,1612
13.860000,822,1610
13.864999,962,1614
13.870000,798,1608
13.875000,814,1611
13.880000,982,1611
13.885001,926,1609
13.890000,763,1612
13.895000,923,1613
13.899999,935,1611
13.905001,764,1600
13.910000,830,1607
13.915000,971,1608
13.920001,804,1609
13.925000,795,1609
13.930000,977,1606
13.935000,911,1606
13.940000,783,1606
13.944999,927,1604
13.950000,949,1604
13.955001,742,1606
13.960000,824,1595
13.965000,970,1601
13.970000,801,1598
13.975001,804,1600
13.980000,974,1599
13.985000,934,1596
13.990000,765,1599
13.994999,916,1602
14.000000,944,1596
14.005000,748,1600
14.010000,808,1602
14.015000,979,1600
14.020000,813,1598
14.024999,790,1602
14.030001,990,1600
14.035000,922,1599
14.039999,764,1601
14.045000,934,1594
14.049999,941,1601
14.055000,758,1598
14.060000,810,1602
14.065000,982,1599
14.070001,799,1601
14.074999,807,1600
14.079999,979,1600
14.085000,910,1597
14.090000,777,1597
14.095000,929,1596
14.100001,935,1596
14.105001,751,1598
14.110000,813,1598
14.115000,982,1593
14.120000,820,1596
14.125001,812,1600
14.130000,982,1598
14.135001,909,1602
14.140000,776,1602
14.145000,921,1600
14.149999,949,1604
14.155000,743,1609
14.160001,824,1606
14.164999,969,1610
14.169999,815,1609
14.175000,792,1612
14.180001,982,1612
14.184999,913,1617
14.190000,770,1614
14.195000,935,1616
14.199999,945,1618
14.204999,751,1620
14.209999,827,1612
14.215000,976,1619
14.220000,829,1617
14.225001,809,1623
14.230000,976,1624
14.235000,932,1625
14.239999,771,1625
14.245000,921,1628
14.250000,946,1623
14.255000,753,1629
14.260000,830,1624
14.265000,972,1628
14.270000,809,1625
14.275000,814,1623
14.280000,982,1624
14.285001,942,1621
14.290000,775,1622
14.295001,924,1623
14.299999,956,1622
14.305000,762,1624
14.310000,817,1623
14.315000,963,1626
14.320000,829,1621
14.325000,801,1620
14.330000,994,1619
14.334999,927,1617
14.340000,764,1616
14.345000,937,1618
14.350001,937,1617
14.355001,766,1611
14.359999,822,1616
14.364999,969,1617
14.370000,819,1618
14.375001,796,1619
14.379999,987,1614
14.385000,923,1617
14.390000,781,1616
14.395001,922,1615
14.400000,932,1615
14.405000,763,1611
14.410000,821,1612
14.415000,986,1612
14.420000,816,1610
14.424999,800,1609
14.430000,989,1608
14.435000,917,1611
14.440001,778,1607
14.445000,928,1608
14.449999,937,1607
14.455000,773,1605
14.459999,818,1604
14.465001,986,1606
14.470001,821,1603
14.475000,795,1604
14.479999,990,1604
14.485000,927,1604
14.490000,776,1604
14.495000,920,1605
14.500001,953,1604
14.505000,753,1603
14.510000,811,1604
14.515000,974,1605
14.520000,808,1605
14.524999,810,1605
14.530000,977,1607
14.535000,933,1604
14.540000,785,1607
14.545000,923,1604
14.550000,937,1609
14.555000,751,1610
14.560000,833,1608
14.565001,975,1610
14.570001,811,1614
14.574999,810,1611
14.579999,983,1614
14.585001,919,1614
14.590000,765,1617
14.594999,941,1619
14.600000,946,1619
14.605000,754,1619
14.610001,813,1619
14.615000,981,1618
14.620000,813,1622
14.625000,800,1619
14.629999,994,1617
14.635000,929,1620
14.640000,772,1620
14.645000,924,1619
14.650000,936,1619
14.655000,772,1616
14.660000,832,1615
14.664999,970,1619
14.669999,829,1616
14.674999,799,1618
14.680000,976,1616
14.685000,943,1617
14.690000,770,1617
14.695000,939,1613
14.700000,939,1616
14.705000,770,1619
14.710000,815,1620
14.715000,970,1617
14.719999,812,1621
14.725000,812,1616
14.730000,993,1619
14.735000,919,1621
14.739999,777,1621
14.745000,915,1624
14.750000,945,1623
14.755000,772,1623
14.760000,824,1623
14.764999,968,1629
14.770000,838,1628
14.775000,810,1626
14.780000,981,1622
14.785000,939,1627
14.789999,772,1628
14.795000,923,1630
14.799999,959,1627
14.805000,758,1625
14.809999,814,1627
14.815001,979,1622
14.820000,815,1623
14.825000,814,1619
14.830001,984,1621
14.835000,921,1618
14.840000,790,1613
14.844999,925,1615
14.850000,941,1615
14.854999,773,1610
14.860000,820,1610
14.865000,964,1609
14.870000,830,1606
14.875000,802,1608
14.880001,987,1604
14.885000,915,1608
14.889999,784,1605
14.895001,933,1604
14.899999,940,1606
14.905000,747,1606
14.910000,812,1608
14.915001,980,1604
14.920000,814,1605
14.924999,816,1602
14.930001,985,1606
14.935000,915,1606
14.940000,783,1604
14.944999,926,1602
14.950000,933,1602
14.955000,750,1600
14.960000,829,1600
14.965000,971,1602
14.970000,815,1599
14.975001,811,1599
14.980000,983,1598
14.985000,918,1595
14.989999,767,1594
14.995000,917,1593
15.000001,934,1591
15.004999,750,1589
15.010000,833,1585
15.014999,977,1583
15.020000,823,1582
15.024999,793,1584
15.030000,993,1580
15.035000,920,1578
15.040001,761,1578
15.045000,920,1577
15.050000,937,1578
15.055000,747,1576
15.059999,834,1574
15.064999,978,1571
15.070000,819,1574
15.075000,795,1573
15.080000,969,1575
15.085000,937,1574
15.090001,767,1571
15.095000,912,1572
15.100000,930,1576
15.105000,769,1573
15.110000,811,1573
15.114999,984,1574
15.120001,826,1573
15.124999,787,1574
15.130001,979,1573
15.135000,917,1574
15.139999,757,1576
15.145000,921,1573
15.149999,933,1578
15.155000,765,1573
15.160000,825,1574
15.164999,966,1578
15.169999,816,1579
15.175000,803,1574
15.180000,984,1571
15.185000,923,1578
15.190001,763,1577
15.195000,911,1581
15.199999,933,1578
15.204999,760,1580
15.210000,813,1578
15.215001,984,1579
15.219999,818,1578
15.225001,794,1577
15.230001,979,1577
15.234999,912,1581
15.240000,774,1578
15.245000,919,1579
15.250000,929,1586
15.255000,765,1578
15.260000,823,1582
15.264999,967,1584
15.270000,809,1590
15.274999,808,1588
15.280000,970,1592
15.285001,929,1590
15.290000,767,1593
15.295001,916,1598
15.300000,932,1599
15.305000,769,1598
15.310000,815,1602
15.315000,964,1601
15.320000,818,1599
15.324999,807,1602
15.330000,979,1601
15.335000,931,1602
15.340000,771,1605
15.345000,913,1610
15.350000,952,1605
15.354999,760,1605
15.360000,814,1609
15.365000,978,1608
15.370000,826,1604
15.375000,797,1611
15.380000,989,1613
15.385000,917,1617
15.389999,763,1622
15.395000,938,1619
15.400001,944,1620
15.405000,765,1615
15.409999,829,1626
15.415001,970,1630
15.420000,839,1627
15.424999,809,1631
15.430001,987,1632
15.435000,924,1633
15.440001,763,1637
15.445000,935,1636
15.450000,956,1638
15.455001,754,1639
15.460000,831,1640
15.465001,977,1642
15.469999,835,1639
15.474999,805,1645
15.480000,979,1645
15.485001,944,1646
15.490000,772,1648
15.495000,931,1642
15.499999,960,1647
15.505001,763,1645
15.510000,815,1649
15.515000,988,1646
15.520000,826,1649
15.524999,802,1644
15.529999,1003,1643
15.534999,921,1646
15.540000,787,1642
15.545000,921,1642
15.550000,955,1642
15.555000,777,1643
15.560000,817,1647
15.565000,983,1640
15.569999,842,1635
15.575000,802,1634
15.580000,992,1631
15.584999,932,1630
15.590001,761,1634
15.594999,921,1628
15.600001,961,1627
15.605000,761,1623
15.610000,825,1621
15.614999,965,1625
15.620000,832,1618
15.625000,799,1620
15.629999,972,1621
15.635001,936,1618
15.640000,764,1619
15.645000,930,1618
15.649999,951,1616
15.655000,760,1618
15.660001,813,1617
15.664999,983,1606
15.670000,825,1610
15.674999,794,1613
15.680000,989,1611
15.684999,925,1608
15.690000,778,1606
15.694999,925,1608
15.700001,941,1606
15.705000,748,1608
15.710000,825,1603
15.715000,973,1604
15.719999,819,1603
15.725000,813,1601
15.730000,976,1600
15.735000,917,1604
15.739999,777,1598
15.745001,917,1600
15.750000,942,1600
15.754999,752,1602
15.760000,831,1594
15.764999,976,1597
15.769999,820,1599
15.774999,804,1590
15.780000,986,1597
15.785000,929,1596
15.790000,765,1595
15.795000,908,1596
15.800000,956,1594
15.805000,763,1596
15.810000,814,1596
15.815000,962,1595
15.819999,831,1587
15.825000,790,1594
15.830001,996,1591
15.834999,921,1593
15.840001,761,1595
15.844999,909,1597
15.850000,958,1593
15.854999,754,1601
15.860000,829,1600
15.865000,979,1593
15.870000,824,1598
15.875000,797,1595
15.880000,971,1602
15.885001,933,1600
15.889999,763,1604
15.895000,924,1591
15.900000,944,1601
15.905000,750,1601
15.910001,835,1596
15.914999,978,1599
15.919999,831,1596
15.925000,800,1598
15.930000,971,1600
15.935000,932,1597
15.940000,780,1597
15.945000,919,1598
15.949999,933,1597
15.955000,765,1598
15.959999,817,1598
15.965001,968,1599
15.969999,818,1599
15.975000,808,1597
15.980000,981,1600
15.985000,920,1602
15.990000,779,1600
15.994999,911,1604
16.000000,936,1602
16.004999,777,1604
16.010000,821,1603
16.015000,979,1606
16.020000,821,1607
16.024999,814,1602
16.030000,975,1610
16.035001,928,1599
16.040001,774,1606
16.045001,910,1607
16.050000,941,1604
16.054999,771,1602
16.060000,830,1606
16.065001,979,1609
16.070001,820,1610
16.075000,810,1611
16.080000,976,1611
16.085000,918,1608
16.090000,772,1612
16.095000,912,1615
16.100001,958,1613
16.105000,768,1614
16.110000,816,1616
16.114999,985,1615
16.120001,834,1617
16.125000,793,1617
16.129999,981,1620
16.135000,921,1623
16.140000,782,1622
16.145000,907,1622
16.150000,960,1624
16.155000,761,1619
16.160000,815,1625
16.165000,967,1624
16.170000,841,1621
16.175000,804,1621
16.180000,972,1624
16.185000,919,1625
16.190000,781,1622
16.195000,920,1629
16.200001,946,1624
16.205001,754,1622
16.210000,830,1622
16.215000,973,1620
16.220000,820,1627
16.225001,816,1618
16.230000,984,1622
16.235000,931,1622
16.240000,771,1620
16.244999,913,1625
16.250000,937,1623
16.254999,756,1626
16.260000,825,1626
16.265000,971,1627
16.269999,828,1623
16.275000,812,1624
16.280000,983,1623
16.285000,927,1628
16.290000,775,1625
16.295001,910,1628
16.299999,941,1628
16.305000,776,1624
16.309999,822,1624
16.315001,984,1622
16.320000,831,1625
16.324999,791,1623
16.329999,982,1620
16.335000,921,1620
16.340000,782,1618
16.344999,911,1617
16.350001,959,1619
16.355001,761,1612
16.359999,813,1617
16.364999,978,1613
16.370000,824,1613
16.375000,808,1611
16.379999,974,1616
16.385000,944,1610
16.390000,762,1614
16.395001,923,1610
16.400001,946,1612
16.404999,761,1612
16.409999,813,1612
16.415000,990,1610
16.419999,834,1609
16.424999,791,1613
16.430001,992,1609
16.435000,936,1607
16.440000,763,1612
16.445000,922,1607
16.449999,959,1608
16.455000,756,1609
16.459999,815,1606
16.465000,985,1605
16.470000,834,1605
16.475000,801,1609
16.480000,978,1609
16.485000,936,1608
16.490000,776,1605
16.495000,915,1607
16.500001,945,1608
16.504999,759,1606
16.510001,813,1609
16.515000,993,1608
16.520000,829,1605
16.525000,807,1605
16.530000,975,1609
16.535000,924,1598
16.539999,777,1600
16.545000,920,1604
16.549999,950,1605
16.555000,754,1603
16.560000,816,1603
16.565000,987,1600
16.570000,834,1597
16.574999,785,1603
16.579999,991,1603
16.585001,924,1602
16.590000,758,1604
16.595000,900,1604
16.600000,958,1603
16.604999,762,1600
16.610000,811,1601
16.615000,983,1604
16.620000,828,1603
16.625000,812,1601
16.629999,982,1599
16.635000,937,1602
16.639999,765,1596
16.645001,918,1603
16.650001,941,1602
16.655001,766,1600
16.660000,806,1602
16.665001,988,1598
16.670000,835,1601
16.674999,796,1601
16.680000,971,1605
16.685000,917,1602
16.690000,773,1600
16.695000,925,1599
16.699999,950,1600
16.705000,756,1599
16.710000,809,1599
16.715000,985,1598
16.719999,824,1597
16.725000,799,1591
16.730000,983,1596
16.735000,918,1599
16.740000,756,1600
16.745000,923,1594
16.750001,945,1595
16.755001,762,1589
16.760000,813,1597
16.764999,983,1598
16.770000,822,1596
16.775000,793,1598
16.780000,977,1598
16.785000,938,1599
16.789999,767,1600
16.794999,903,1603
16.799999,954,1596
16.805000,760,1604
16.809999,813,1603
16.815001,969,1602
16.820000,834,1604
16.825000,802,1605
16.830000,977,1607
16.835000,921,1605
16.840001,779,1607
16.844999,909,1604
16.850000,941,1604
16.855000,751,1608
16.859999,826,1603
16.864999,978,1604
16.870000,825,1604
16.875000,804,1607
16.880000,984,1608
16.885000,921,1611
16.889999,757,1612
16.895001,914,1611
16.899999,936,1617
16.905000,759,1610
16.910000,829,1616
16.914999,980,1617
16.919999,822,1621
16.924999,814,1618
16.930000,980,1622
16.935000,924,1624
16.940001,780,1624
16.945000,914,1624
16.949999,944,1625
16.954999,774,1625
16.960000,824,1623
16.965000,972,1625
16.970000,822,1623
16.975001,808,1618
16.980000,985,1619
16.985001,921,1621
16.990000,774,1614
16.995000,915,1619
17.000001,939,1618
17.005000,752,1618
17.010001,825,1617
17.014999,968,1616
17.020000,824,1614
17.024999,813,1616
17.030000,980,1616
17.035001,929,1613
17.039999,763,1617
17.045000,910,1609
17.050000,952,1613
17.055000,760,1617
17.060000,826,1611
17.065000,973,1614
17.070000,827,1613
17.075000,790,1612
17.080001,986,1614
17.084999,926,1608
17.090000,777,1609
17.094999,913,1610
17.100000,940,1611
17.104999,753,1611
17.110001,827,1610
17.115001,975,1607
17.119999,827,1609
17.124999,810,1606
17.130000,976,1604
17.135000,924,1601
17.139999,763,1600
17.145000,900,1601
17.149999,954,1598
17.155001,757,1597
17.160000,806,1598
17.165000,989,1593
17.170000,832,1595
17.174999,794,1592
17.179999,975,1596
17.184999,917,1591
17.190001,756,1592
17.195000,906,1583
17.200000,951,1590
17.205000,753,1588
17.209999,805,1589
17.215000,981,1586
17.219999,833,1587
17.225000,787,1588
17.229999,981,1585
17.235001,930,1585
17.240000,767,1587
17.244999,903,1587
17.249999,934,1592
17.255001,770,1588
17.259999,808,1588
17.264999,961,1593
17.270000,837,1587
17.275000,802,1582
17.280000,971,1589
17.285000,914,1592
17.290000,770,1586
17.295000,908,1584
17.300000,938,1588
17.305000,770,1585
17.310000,816,1582
17.315001,963,1584
17.319999,825,1581
17.325001,810,1580
17.330000,974,1580
17.334999,915,1582
17.340000,757,1573
17.345000,901,1578
17.350000,937,1578
17.355000,771,1574
17.360000,825,1577
17.365000,969,1577
17.370000,823,1585
17.375000,789,1582
17.380000,976,1584
17.385000,923,1580
17.389999,767,1588
17.395000,897,1592
17.400000,951,1595
17.405000,757,1598
17.410001,827,1596
17.415000,976,1598
17.420000,831,1605
17.425000,805,1606
17.430000,980,1608
17.434999,923,1608
17.440001,759,1612
17.445000,906,1613
17.449999,960,1612
17.454999,756,1615
17.460000,820,1613
17.465000,969,1618
17.470000,847,1623
17.475001,799,1612
17.480000,973,1617
17.485001,944,1613
17.490001,768,1614
17.494999,923,1616
17.500000,946,1614
17.505000,777,1612
17.510000,822,1616
17.514999,974,1619
17.520001,827,1622
17.525001,802,1618
17.529999,976,1621
17.534999,944,1618
17.540000,769,1624
17.545001,900,1626
17.550000,961,1627
17.555000,764,1625
17.560000,812,1624
17.565001,971,1626
17.570000,853,1626
17.575000,795,1628
17.580001,979,1623
17.585000,923,1628
17.589999,762,1625
17.594999,922,1625
17.599999,948,1627
17.604999,780,1627
17.610000,818,1628
17.615000,968,1627
17.619999,845,1629
17.625000,797,1629
17.629999,972,1636
17.635000,945,1627
17.639999,769,1629
17.645000,922,1628
17.650001,955,1629
17.655001,761,1630
17.660000,828,1627
17.664999,984,1631
17.669999,826,1634
17.674999,806,1627
17.680000,977,1628
17.685000,938,1626
17.690000,770,1626
17.694999,896,1627
17.700001,957,1625
17.705001,758,1621
17.709999,811,1620
17.715000,986,1617
17.719999,832,1616
17.725001,793,1612
17.730000,983,1614
17.735000,919,1615
17.740001,776,1615
17.745000,904,1613
17.750000,943,1613
17.755000,776,1611
17.760000,808,1613
17.765000,987,1611
17.770001,825,1612
17.775000,807,1609
17.780000,979,1609
17.785000,933,1611
17.790000,768,1607
17.795000,896,1609
17.800000,952,1606
17.805000,771,1606
17.809999,816,1606
17.815000,966,1605
17.819999,824,1605
17.825000,796,1602
17.830000,969,1608
17.834999,937,1601
17.840000,758,1603
17.845000,914,1600
17.850000,945,1601
17.855000,756,1600
17.860000,831,1599
17.865000,964,1603
17.869999,833,1600
17.874999,791,1599
17.880001,988,1596
17.885000,928,1597
17.890000,754,1595
17.895000,916,1597
17.900001,945,1600
17.905001,746,1600
17.910000,813,1599
17.915001,963,1599
17.920001,840,1597
17.925001,791,1597
17.930000,981,1597
17.934999,923,1595
17.940001,759,1599
17.945000,904,1596
17.950000,938,1600
17.955000,769,1597
17.960000,812,1599
17.965000,978,1598
17.969999,841,1588
17.975001,800,1597
17.980001,969,1596
17.985000,915,1598
17.990000,759,1595
17.995000,899,1599
18.000000,943,1596
18.005000,758,1592
18.010001,828,1597
18.015000,982,1600
18.020001,833,1601
18.024999,789,1601
18.030001,967,1603
18.035000,934,1601
18.040000,759,1602
18.045000,897,1603
18.050000,952,1603
18.055000,760,1602
18.059999,814,1603
18.065000,992,1600
18.070001,838,1600
18.075000,792,1601
18.080001,970,1601
18.085000,919,1600
18.090000,776,1598
18.094999,900,1597
18.100000,942,1599
18.105000,751,1599
18.110000,806,1598
18.114999,983,1597
18.120000,834,1596
18.125001,810,1593
18.129999,978,1599
18.135000,912,1602
18.140000,768,1600
18.145000,895,1602
18.149999,948,1595
18.155001,769,1601
18.160000,805,1604
18.165000,988,1603
18.170000,834,1605
18.175000,791,1607
18.180000,983,1597
18.184999,917,1604
18.190000,753,1605
18.195000,920,1601
18.200000,947,1606
18.205000,757,1602
18.210000,824,1597
18.215001,976,1603
18.220000,832,1603
18.225001,784,1604
18.230000,988,1600
18.235000,922,1598
18.239999,758,1600
18.245001,909,1596
18.250001,954,1599
18.254999,754,1600
18.260000,820,1595
18.265000,980,1601
18.270000,827,1600
18.274999,799,1595
18.280001,984,1601
18.285000,926,1605
18.289999,767,1601
18.295000,894,1604
18.299999,937,1606
18.305000,768,1600
18.310000,821,1608
18.315000,966,1606
18.320000,833,1599
18.324999,796,1609
18.330000,981,1611
18.334999,923,1615
18.340000,759,1615
18.344999,914,1617
18.350000,943,1616
18.354999,749,1617
18.360000,826,1617
18.364999,970,1620
18.370000,841,1616
18.375001,809,1616
18.380000,976,1617
18.385001,920,1619
18.389999,756,1621
18.395000,917,1619
18.399999,943,1617
18.405000,756,1618
18.410000,829,1618
18.415000,983,1621
18.420000,832,1617
18.424999,814,1613
18.430000,978,1614
18.435001,929,1616
18.439999,767,1614
18.445000,902,1616
18.449999,946,1617
18.455000,755,1616
18.460000,828,1615
18.465000,972,1616
18.469999,848,1616
18.475000,796,1617
18.480000,969,1617
18.485000,944,1616
18.490000,772,1617
18.495000,897,1618
18.500000,957,1615
18.504999,767,1618
18.510000,813,1620
18.514999,974,1614
18.520000,852,1619
18.524999,800,1617
18.530000,971,1618
18.535000,919,1621
18.539999,756,1617
18.545000,920,1619
18.550000,957,1609
18.555000,777,1614
18.560000,822,1614
18.565001,972,1615
18.570000,835,1617
18.575000,809,1615
18.579999,973,1620
18.585001,928,1615
18.590001,763,1618
18.595000,900,1619
18.600001,948,1609
18.605001,775,1616
18.610000,819,1618
18.615000,975,1616
18.619999,833,1621
18.624999,813,1617
18.630000,984,1618
18.635000,923,1618
18.640000,762,1616
18.644999,902,1613
18.649999,960,1604
18.655001,761,1614
18.660001,830,1613
18.665001,971,1613
18.670000,850,1611
18.675000,798,1613
18.680000,972,1612
18.685000,920,1611
18.690000,764,1603
18.695000,901,1607
18.699999,941,1606
18.705000,768,1603
18.710000,816,1605
18.715000,967,1606
18.719999,853,1600
18.725000,786,1602
18.730000,981,1602
18.735001,926,1602
18.740001,760,1606
18.745001,913,1604
18.750001,949,1602
18.754999,752,1606
18.760001,832,1600
18.764999,984,1606
18.770000,833,1610
18.774999,788,1610
18.780000,988,1604
18.785000,937,1604
18.789999,766,1610
18.795000,897,1610
18.800000,948,1602
18.805001,762,1607
18.810000,809,1606
18.815001,992,1604
18.820001,836,1607
18.825000,791,1605
18.829999,966,1604
18.835000,927,1604
18.840000,756,1605
18.844999,899,1600
18.850000,956,1598
18.855000,763,1600
18.860000,813,1602
18.864999,967,1603
18.870000,852,1599
18.875000,803,1599
18.880001,971,1600
18.885001,917,1601
18.890000,759,1598
18.895001,907,1599
18.900001,938,1601
18.905000,753,1599
18.910000,821,1598
18.915000,970,1599
18.920000,847,1600
18.924999,796,1600
18.930000,970,1597
18.935000,922,1595
18.940000,762,1596
18.945001,892,1597
18.950000,955,1597
18.955000,756,1598
18.959999,809,1597
18.965001,972,1596
18.969999,842,1588
18.975000,801,1598
18.980000,981,1595
18.985001,924,1598
18.990000,755,1599
18.995000,911,1599
19.000000,939,1595
19.005000,770,1598
19.010000,804,1602
19.014999,988,1598
19.020000,829,1600
19.024999,808,1596
19.030001,973,1601
19.034999,921,1601
19.040000,760,1592
19.045000,890,1602
19.049999,955,1598
19.055000,756,1600
19.060000,825,1598
19.065001,970,1599
19.070000,846,1597
19.075001,794,1599
19.080000,965,1595
19.085001,924,1597
19.090000,755,1598
19.094999,914,1597
19.100000,944,1602
19.104999,750,1600
19.110000,823,1599
19.114999,972,1601
19.120001,828,1600
19.125000,802,1600
19.130001,972,1599
19.135001,938,1600
19.140000,762,1600
19.145000,907,1595
19.150001,946,1600
19.154999,756,1603
19.160000,827,1601
19.165000,973,1605
19.170001,831,1603
19.175000,785,1604
19.179999,986,1605
19.184999,918,1608
19.190000,772,1605
19.194999,895,1606
19.200000,937,1611
19.205001,770,1609
19.210000,811,1610
19.215000,966,1610
19.220000,847,1607
19.225000,800,1608
19.230001,965,1609
19.235000,937,1606
19.239999,766,1610
19.245000,900,1609
19.250000,946,1612
19.254999,758,1610
19.260000,805,1614
19.264999,990,1611
19.270001,835,1614
19.274999,808,1611
19.280000,969,1611
19.285000,919,1617
19.290000,771,1615
19.295000,893,1619
19.299999,945,1619
19.305001,756,1620
19.310000,826,1622
19.315000,972,1622
19.320000,846,1621
19.325000,800,1626
19.330000,968,1627
19.335001,932,1625
19.340001,776,1627
19.345000,915,1630
19.350000,945,1634
19.355001,771,1630
19.360001,821,1632
19.365000,976,1634
19.370000,831,1634
19.375001,802,1636
19.380000,969,1639
19.385000,944,1637
19.390000,774,1639
19.395000,905,1637
19.399999,946,1634
19.405001,755,1640
19.410001,828,1638
19.415000,978,1635
19.420000,840,1637
19.425000,816,1632
19.430000,983,1632
19.435000,933,1635
19.440000,761,1634
19.445000,920,1630
19.450000,941,1629
19.455001,772,1627
19.460000,819,1625
19.465000,969,1626
19.470000,856,1624
19.475000,797,1621
19.480000,971,1618
19.485000,929,1611
19.490000,780,1616
19.494999,897,1618
19.500000,942,1618
19.504999,774,1614
19.510000,818,1616
19.515000,967,1616
19.520001,832,1611
19.525000,810,1610
19.530001,976,1612
19.535001,925,1611
19.539999,757,1614
19.544999,914,1612
19.549999,948,1611
19.555000,757,1612
19.559999,824,1607
19.565001,980,1606
19.570000,836,1607
19.574999,796,1604
19.579999,975,1606
19.585001,921,1606
19.590000,755,1608
19.595000,910,1602
19.600001,948,1601
19.605000,750,1605
19.610001,822,1594
19.615000,980,1601
19.619999,837,1600
19.624999,784,1598
19.630001,976,1596
19.635001,928,1598
19.639999,761,1596
19.645000,893,1594
19.649999,939,1598
19.655000,749,1597
19.660000,805,1597
19.664999,985,1595
19.669999,841,1593
19.675000,785,1594
19.680000,966,1592
19.685000,916,1597
19.690000,772,1594
19.695000,898,1591
19.699999,937,1596
19.705000,772,1594
19.710000,811,1595
19.715001,965,1586
19.720000,844,1592
19.725001,782,1597
19.730000,981,1592
19.735000,919,1593
19.740000,754,1594
19.745000,904,1588
19.750001,947,1595
19.755000,747,1596
19.760000,819,1598
19.765000,974,1595
19.770000,830,1601
19.774999,782,1601
19.780000,972,1598
19.785001,919,1600
19.790000,775,1604
19.795001,893,1601
19.800000,957,1604
19.805000,760,1605
19.810000,804,1605
19.815000,982,1600
19.820000,845,1602
19.824999,789,1601
19.829999,964,1606
19.835000,932,1593
19.840000,773,1601
19.845000,898,1598
19.850000,959,1598
19.854999,752,1598
19.860000,806,1601
19.865000,987,1595
19.870000,840,1596
19.874999,793,1601
19.880000,966,1600
19.885000,916,1602
19.890001,753,1604
19.895000,905,1602
19.899999,939,1605
19.905000,775,1605
19.909999,812,1604
19.915000,968,1608
19.920000,829,1612
19.924999,799,1610
19.930001,970,1610
19.935000,941,1607
19.940000,762,1610
19.945001,888,1612
19.949999,959,1612
19.954999,755,1609
19.960000,806,1614
19.965000,984,1609
19.970000,838,1612
19.975000,781,1612
19.979999,987,1609
19.985000,921,1610
19.990000,779,1614
19.994999,898,1611
20.000000,959,1613
20.005000,767,1611
20.010000,804,1619
20.015001,981,1613
20.020000,840,1616
20.025000,786,1619
20.030000,982,1608
20.035000,932,1615
20.039999,758,1618
20.044999,907,1617
20.050000,956,1617
20.055000,751,1618
20.060000,827,1614
20.065000,969,1616
20.069999,854,1615
20.075001,799,1615
20.080000,985,1613
20.085000,924,1612
20.090000,754,1613
20.095000,905,1611
20.100000,946,1612
20.105000,767,1612
20.110000,809,1613
20.115001,983,1612
20.119999,829,1615
20.124999,809,1611
20.130000,972,1615
20.135001,917,1617
20.139999,771,1614
20.145001,892,1616
20.150000,958,1619
20.155000,759,1615
20.160000,819,1617
20.164999,976,1616
20.169999,830,1619
20.175000,799,1615
20.180000,969,1616
20.185000,941,1614
20.190001,763,1614
20.195000,894,1613
20.200000,963,1609
20.205000,756,1610
20.209999,805,1611
20.215000,979,1605
20.219999,833,1610
20.225000,802,1606
20.230000,974,1605
20.235000,931,1599
20.240000,769,1604
20.244999,902,1602
20.249999,933,1604
20.255000,767,1597
20.260000,813,1600
20.264999,965,1598
20.270000,828,1602
20.274999,808,1595
20.280000,977,1597
20.285000,922,1599
20.290001,756,1598
20.295000,912,1595
20.299999,957,1596
20.305000,761,1598
20.310001,813,1598
20.314999,982,1595
20.319999,843,1597
20.325000,789,1600
20.329999,965,1600
20.335001,939,1597
20.340000,770,1601
20.345000,901,1595
20.350000,942,1598
20.355000,762,1589
20.360000,820,1597
20.364999,975,1596
20.370000,832,1599
20.375001,792,1596
20.380000,964,1597
20.385001,938,1595
20.390000,770,1596
20.395000,902,1595
20.399999,939,1597
20.405001,776,1597
20.410000,820,1597
20.415000,974,1597
20.420000,827,1601
20.425000,789,1599
20.430001,979,1601
20.434999,928,1601
20.440001,757,1604
20.445000,910,1603
20.450000,948,1605
20.455000,772,1606
20.460000,819,1611
20.465000,969,1609
20.469999,836,1612
20.475000,785,1613
20.480000,967,1617
20.485000,936,1609
20.490000,766,1619
20.495000,909,1619
20.500001,950,1619
20.504999,761,1622
20.510000,814,1626
20.514999,978,1615
20.520001,848,1623
20.525000,792,1628
20.530000,969,1630
20.535000,934,1625
20.539999,762,1630
20.544999,910,1625
20.549999,953,1626
20.554999,765,1629
20.560000,812,1631
20.565001,987,1630
20.570000,855,1631
20.575000,799,1630
20.580000,971,1630
20.585001,937,1627
20.589999,773,1630
20.595000,889,1632
20.600000,955,1630
20.604999,760,1634
20.610001,809,1633
20.615000,984,1634
20.620000,838,1638
20.625001,811,1633
20.629999,970,1637
20.635001,942,1633
20.640001,771,1637
20.645000,897,1636
20.650000,962,1634
20.655001,770,1634
20.660001,818,1635
20.665000,971,1635
20.670000,854,1635
20.674999,802,1634
20.680001,979,1632
20.685000,924,1632
20.690000,757,1632
20.695000,916,1627
20.699999,950,1628
20.704999,775,1621
20.710000,808,1623
20.715000,987,1618
20.720001,838,1618
20.725000,812,1620
20.730000,980,1617
20.735000,925,1614
20.740000,778,1612
20.745000,896,1612
20.750000,961,1613
20.754999,761,1611
20.760001,806,1608
20.764999,988,1613
20.770000,844,1608
20.775001,788,1610
20.780000,965,1609
20.784999,942,1608
20.790000,762,1609
20.795001,905,1602
20.800000,948,1609
20.805000,759,1608
20.809999,805,1615
20.815000,979,1607
20.819999,841,1605
20.825000,785,1609
20.830001,979,1607
20.835000,926,1601
20.840001,768,1606
20.844999,890,1610
20.849999,965,1606
20.854999,773,1605
20.860000,810,1606
20.864999,968,1608
20.870000,853,1599
20.875000,798,1603
20.879999,970,1604
20.885000,918,1609
20.890000,775,1605
20.895000,891,1611
20.900000,942,1610
20.905000,771,1608
20.910000,813,1607
20.914999,967,1610
20.920000,858,1602
20.924999,800,1609
20.930001,968,1610
20.935000,935,1604
20.940001,771,1608
20.945000,912,1608
20.949999,950,1608
20.954999,754,1609
20.959999,804,1613
20.965001,991,1607
20.970000,844,1609
20.975001,785,1615
20.980000,969,1609
20.985000,935,1611
20.990000,763,1611
20.995000,903,1612
21.000000,947,1612
21.004999,754,1615
21.009999,822,1614
21.014999,971,1613
21.020001,852,1609
21.025000,804,1610
21.030000,974,1610
21.035001,922,1612
21.040001,762,1600
21.045000,908,1607
21.049999,941,1611
21.055000,754,1611
21.060000,830,1605
21.065000,968,1608
21.069999,848,1605
21.075000,791,1609
21.080001,990,1606
21.084999,929,1605
21.090000,755,1610
21.095000,908,1602
21.100000,943,1606
21.104999,775,1606
21.110001,819,1608
21.114999,974,1611
21.120001,847,1610
21.125001,787,1610
21.130000,987,1609
21.135001,936,1610
21.140000,764,1609
21.145001,891,1610
21.150001,944,1614
21.154999,756,1613
21.160000,825,1610
21.165000,983,1613
21.170000,836,1612
21.175000,807,1611
21.180000,984,1613
21.185000,922,1612
21.190000,756,1614
21.194999,907,1607
21.200001,954,1612
21.205001,759,1616
21.210000,825,1612
21.215000,988,1618
21.220000,840,1621
21.225001,787,1617
21.230000,967,1620
21.235000,935,1620
21.239999,763,1621
21.245000,904,1610
21.250000,955,1619
21.255000,765,1614
21.260001,825,1627
21.264999,976,1624
21.270001,853,1617
21.275000,795,1623
21.280000,968,1626
21.285000,938,1619
21.289999,767,1622
21.294999,896,1624
21.299999,960,1618
21.305000,755,1622
21.310000,828,1619
21.315000,980,1617
21.320000,858,1619
21.324999,793,1624
21.329999,985,1613
21.335000,932,1612
21.340000,773,1614
21.344999,896,1612
21.350000,944,1611
21.354999,771,1609
21.360000,815,1609
21.365001,966,1609
21.369999,852,1607
21.374999,806,1604
21.380000,978,1604
21.385000,928,1602
21.389999,761,1604
21.395000,912,1604
21.400000,949,1600
21.405000,764,1602
21.409999,807,1601
21.415000,987,1599
21.419999,842,1598
21.424999,799,1595
21.430001,977,1597
21.435000,929,1592
21.440000,770,1598
21.445000,887,1598
21.450000,944,1597
21.455000,776,1595
21.459999,815,1591
21.465001,985,1588
21.469999,850,1590
21.475000,792,1590
21.480000,967,1591
21.485000,919,1591
21.490000,773,1590
21.495000,897,1588
21.500001,945,1589
21.505000,758,1592
21.510001,828,1590
21.515001,984,1592
21.520000,839,1591
21.524999,790,1592
21.530001,969,1588
21.535000,934,1583
21.540001,768,1588
21.545000,899,1587
21.550001,947,1588
21.555000,755,1590
21.560000,819,1579
21.565000,987,1584
21.569999,834,1583
21.575000,787,1584
21.580000,970,1584
21.585000,920,1580
21.590000,767,1583
21.594999,887,1586
21.600000,961,1582
21.605001,767,1582
21.609999,804,1585
21.615000,984,1582
21.620000,829,1585
21.625000,801,1576
21.629999,970,1581
21.635000,913,1584
21.639999,763,1583
21.645001,893,1585
21.650000,951,1578
21.654999,766,1586
21.660000,808,1586
21.664999,991,1583
21.669999,834,1592
21.674999,782,1592
21.680000,978,1590
21.685000,916,1595
21.690001,770,1591
21.694999,906,1595
21.700000,940,1598
21.705000,758,1595
21.710000,815,1595
21.715001,967,1597
21.720001,831,1598
21.725000,803,1599
21.729999,971,1599
21.735001,918,1600
21.740001,758,1600
21.744999,888,1602
21.749999,942,1601
21.755001,774,1597
21.760000,818,1598
21.764999,974,1603
21.770001,837,1606
21.775000,783,1613
21.780001,975,1601
21.785000,934,1610
21.790000,760,1612
21.795001,887,1617
21.800000,960,1611
21.805000,773,1613
21.809999,818,1613
21.815000,970,1617
21.819999,850,1615
21.825000,792,1616
21.830000,968,1617
21.835000,943,1617
21.840000,771,1615
21.845000,899,1618
21.850000,935,1624
21.855000,773,1617
21.860000,809,1620
21.865000,968,1621
21.869999,850,1623
21.874999,792,1622
21.880000,969,1628
21.885000,939,1626
21.889999,768,1625
21.895000,891,1625
21.900000,957,1626
21.905000,769,1626
21.910000,818,1626
21.915000,965,1625
21.920001,847,1624
21.925000,797,1624
21.930000,982,1611
21.935000,930,1624
21.940001,763,1621
21.945000,894,1620
21.950000,942,1620
21.955001,772,1610
21.960001,820,1614
21.965001,973,1616
21.970000,833,1616
21.975000,796,1602
21.979999,984,1606
21.985000,937,1608
21.990000,763,1603
21.995000,900,1603
22.000000,945,1607
22.004999,755,1606
22.009999,811,1602
22.015000,970,1603
22.019999,854,1601
22.024999,791,1600
22.030000,989,1595
22.035001,928,1600
22.039999,756,1602
22.044999,906,1597
22.049999,955,1600
22.055000,762,1601
22.060000,815,1600
22.064999,975,1600
22.069999,839,1599
22.075001,786,1599
22.080001,965,1600
22.085001,933,1604
22.090000,760,1595
22.094999,903,1591
22.100000,958,1590
22.104999,767,1593
22.110000,813,1594
22.115000,969,1594
22.120000,847,1592
22.125001,787,1586
22.130000,978,1594
22.135000,918,1593
22.139999,756,1592
22.145001,900,1591
22.149999,943,1595
22.155000,775,1591
22.159999,827,1593
22.165000,977,1594
22.170000,834,1594
22.174999,803,1595
22.180000,974,1594
22.185000,931,1598
22.190000,767,1593
22.195000,892,1595
22.200000,939,1597
22.205000,771,1593
22.210000,826,1595
22.215001,976,1594
22.220001,847,1595
22.225000,795,1595
22.229999,967,1602
22.235001,921,1597
22.240000,754,1608
22.244999,887,1599
22.249999,952,1599
22.255000,765,1599
22.260000,819,1603
22.264999,979,1607
22.270001,843,1602
22.275000,791,1604
22.280000,984,1603
22.285001,932,1605
22.290000,762,1604
22.295001,899,1607
22.299999,944,1611
22.305001,777,1606
22.310001,828,1608
22.314999,979,1607
22.319999,837,1609
22.325001,783,1611
22.330000,982,1604
22.335000,938,1610
22.340001,774,1610
22.345001,906,1610
22.349999,959,1610
22.355000,764,1608
22.360000,811,1615
22.364999,976,1610
22.370001,847,1610
22.375000,794,1612
22.379999,966,1617
22.385000,939,1613
22.390000,763,1615
22.395001,899,1615
22.400000,959,1614
22.405001,759,1616
22.410000,829,1616
22.414999,991,1616
22.419999,847,1618
22.424999,792,1618
22.430000,970,1618
22.434999,921,1620
22.440001,781,1617
22.445001,914,1617
22.450000,958,1611
22.455000,776,1616
22.460000,821,1614
22.465001,972,1618
22.469999,854,1613
22.475000,803,1615
22.480000,971,1617
22.484999,925,1618
22.490000,779,1612
22.494999,908,1615
22.499999,947,1618
22.505001,779,1617
22.510000,813,1621
22.514999,994,1620
22.520000,843,1622
22.524999,788,1622
22.530001,986,1621
22.535000,929,1620
22.539999,767,1621
22.544999,894,1626
22.549999,945,1625
22.555000,781,1626
22.560001,827,1626
22.565000,982,1629
22.569999,848,1628
22.575001,788,1633
22.580000,982,1625
22.585000,947,1628
22.590000,775,1629
22.594999,898,1628
22.600000,952,1629
22.605000,758,1629
22.610000,810,1629
22.615001,986,1625
22.620000,846,1625
22.625000,788,1629
22.629999,995,1624
22.634999,940,1625
22.639999,773,1622
22.645000,899,1621
22.650000,944,1626
22.655001,773,1622
22.660001,825,1622
22.665001,984,1621
22.670000,845,1624
22.674999,790,1625
22.680000,972,1623
22.685001,923,1625
22.689999,760,1624
22.695000,893,1623
22.699999,971,1621
22.704999,769,1622
22.709999,821,1622
22.715000,982,1620
22.719999,838,1621
22.725000,805,1622
22.730000,985,1616
22.735000,930,1616
22.740000,762,1618
22.744999,891,1620
22.749999,951,1621
22.755000,763,1620
22.760000,814,1619
22.764999,994,1619
22.770000,850,1618
22.775000,791,1622
22.780000,981,1612
22.785001,939,1621
22.790000,763,1618
22.795001,897,1619
22.800000,947,1614
22.805001,769,1615
22.810000,812,1617
22.815000,992,1613
22.819999,840,1613
22.825001,810,1609
22.830000,975,1609
22.834999,939,1604
22.840000,769,1604
22.844999,898,1606
22.850001,944,1605
22.855001,769,1600
22.859999,817,1604
22.864999,979,1603
22.870000,849,1605
22.875000,789,1605
22.880000,989,1602
22.885000,918,1604
22.890001,763,1605
22.894999,906,1601
22.899999,963,1603
22.905000,759,1604
22.910001,825,1602
22.915001,981,1604
22.920000,839,1603
22.924999,807,1603
22.930000,977,1603
22.935000,925,1601
22.940000,756,1603
22.945000,911,1600
22.949999,951,1601
22.954999,755,1604
22.960000,825,1593
22.965000,988,1599
22.970000,838,1599
22.975000,784,1601
22.979999,972,1594
22.985000,938,1597
22.989999,766,1598
22.995000,893,1598
23.000001,944,1598
23.004999,777,1597
23.010000,823,1599
23.015000,976,1599
23.020000,836,1602
23.025000,789,1601
23.030001,980,1600
23.035001,935,1603
23.039999,769,1600
23.045000,896,1604
23.049999,945,1604
23.055001,777,1602
23.060001,830,1602
23.065000,984,1602
23.069999,845,1605
23.075001,792,1605
23.080001,969,1601
23.085000,934,1599
23.090000,756,1606
23.094999,906,1605
23.100001,951,1603
23.105001,753,1607
23.109999,824,1597
23.114999,981,1604
23.120000,833,1609
23.125001,806,1605
23.130000,984,1605
23.135000,926,1607
23.140000,766,1609
23.145001,897,1605
23.150000,940,1609
23.155001,777,1610
23.160000,820,1611
23.164999,972,1611
23.169999,835,1610
23.175000,809,1605
23.180000,977,1608
23.184999,927,1609
23.190000,764,1606
23.195000,907,1598
23.199999,955,1607
23.204999,759,1604
23.210000,825,1604
23.215000,976,1603
23.219999,835,1607
23.225001,802,1603
23.230000,979,1604
23.234999,924,1603
23.240000,779,1606
23.244999,900,1603
23.249999,948,1601
23.255001,757,1603
23.260000,826,1603
23.265000,975,1602
23.270001,845,1602
23.275001,802,1599
23.280000,981,1601
23.285000,928,1602
23.290000,760,1605
23.295000,890,1603
23.300000,960,1603
23.305000,760,1605
23.310001,833,1605
23.315001,985,1602
23.320001,838,1607
23.325000,785,1609
23.330001,994,1600
23.335000,928,1605
23.339999,758,1606
23.344999,914,1604
23.350000,955,1605
23.354999,761,1605
23.360000,810,1605
23.365001,973,1601
23.370000,847,1595
23.375000,809,1611
23.379999,983,1604
23.385000,923,1604
23.390000,773,1605
23.395001,891,1606
23.400001,942,1608
23.404999,780,1603
23.409999,829,1606
23.415000,978,1605
23.420000,838,1609
23.424999,804,1609
23.430000,987,1609
23.435000,926,1610
23.440000,760,1610
23.444999,894,1609
23.450000,962,1618
23.455001,765,1608
23.460000,820,1607
23.465000,975,1611
23.470000,853,1606
23.475000,802,1605
23.480000,967,1610
23.485000,938,1609
23.490000,760,1609
23.494999,887,1612
23.499999,955,1608
23.505001,760,1609
23.510000,827,1611
23.514999,976,1613
23.520001,856,1613
23.525001,806,1612
23.530001,985,1613
23.535000,932,1612
23.540000,759,1616
23.545000,906,1609
23.550000,948,1614
23.555000,757,1615
23.560000,810,1613
23.565000,986,1614
23.570001,844,1613
23.575000,802,1604
23.580000,984,1609
23.584999,927,1608
23.590001,755,1611
23.594999,907,1606
23.600001,951,1606
23.605000,762,1606
23.610000,810,1608
23.614999,987,1603
23.619999,848,1605
23.624999,792,1605
23.630000,969,1605
23.635000,938,1601
23.639999,773,1605
23.645000,898,1605
23.649999,949,1605
23.655000,771,1605
23.660000,821,1609
23.665000,979,1609
23.670000,841,1609
23.674999,787,1613
23.680000,972,1605
23.685000,936,1610
23.690000,762,1612
23.694999,905,1606
23.700000,953,1610
23.705000,757,1615
23.709999,826,1608
23.714999,981,1611
23.719999,845,1613
23.724999,787,1615
23.730000,989,1614
23.735000,926,1615
23.740001,757,1611
23.745000,907,1612
23.750001,952,1612
23.755000,762,1617
23.760001,825,1613
23.765000,972,1612
23.770000,850,1611
23.775000,795,1611
23.780001,975,1613
23.785000,942,1611
23.790000,768,1608
23.795001,895,1609
23.800000,945,1607
23.805000,753,1610
23.810000,828,1606
23.815000,980,1601
23.819999,836,1602
23.825000,800,1602
23.830000,969,1604
23.835000,928,1595
23.840001,772,1599
23.844999,896,1600
23.850000,966,1598
23.855000,766,1597
23.860001,814,1596
23.864999,968,1597
23.870000,849,1598
23.875001,792,1601
23.880000,971,1598
23.885001,941,1596
23.889999,765,1597
23.895000,888,1598
23.900000,955,1595
23.905000,751,1598
23.910000,825,1594
23.915000,984,1596
23.920000,837,1597
23.925000,800,1596
23.930001,980,1595
23.935000,921,1595
23.939999,769,1596
23.944999,891,1598
23.950000,962,1590
23.955000,766,1596
23.960000,803,1600
23.965000,987,1596
23.969999,840,1602
23.975000,801,1596
23.980000,987,1599
23.985001,931,1602
23.989999,755,1605
23.995000,910,1604
24.000000,949,1606
24.004999,756,1609
24.010000,808,1610
24.014999,969,1614
24.020000,856,1609
24.024999,798,1608
24.030000,981,1609
24.035001,924,1612
24.039999,753,1615
24.044999,897,1607
24.049999,956,1608
24.055000,753,1610
24.060000,828,1609
24.065000,975,1609
24.070000,840,1606
24.074999,800,1606
24.079999,969,1612
24.085000,918,1609
24.090000,769,1606
24.095000,898,1604
24.100001,942,1608
24.105000,762,1605
24.110001,810,1608
24.115001,989,1604
24.120001,845,1603
24.125000,791,1605
24.130000,985,1607
24.135000,931,1605
24.139999,761,1605
24.145000,889,1605
24.149999,940,1612
24.155000,755,1606
24.160000,824,1599
24.165000,979,1605
24.170001,840,1609
24.175000,795,1608
24.180000,970,1611
24.184999,923,1605
24.190000,771,1604
24.194999,897,1606
24.200000,936,1611
24.205001,765,1605
24.210000,808,1603
24.215000,969,1606
24.219999,834,1604
24.225000,788,1605
24.230000,966,1602
24.235000,936,1602
24.239999,758,1602
24.245001,886,1599
24.250001,937,1603
24.254999,753,1604
24.260000,819,1601
24.265000,968,1605
24.270000,833,1604
24.275000,793,1604
24.280001,981,1598
24.285000,937,1606
24.290000,757,1607
24.295000,890,1606
24.299999,955,1608
24.305000,768,1601
24.309999,813,1612
24.315001,989,1609
24.319999,840,1611
24.325000,782,1612
24.330000,986,1610
24.334999,933,1611
24.340000,757,1615
24.344999,898,1614
24.350000,941,1619
24.354999,760,1620
24.360000,808,1618
24.365000,983,1613
24.369999,851,1618
24.374999,798,1621
24.380001,977,1619
24.385000,928,1621
24.389999,761,1627
24.395000,904,1621
24.399999,952,1626
24.405000,770,1622
24.410000,823,1622
24.415000,974,1625
24.420000,853,1618
24.425000,809,1624
24.430000,982,1625
24.435000,919,1624
24.440000,781,1619
24.445000,900,1621
24.450000,956,1611
24.455000,774,1620
24.460000,813,1619
24.465000,970,1615
24.469999,852,1610
24.475000,807,1612
24.480000,973,1614
24.485000,923,1612
24.489999,755,1613
24.495000,908,1615
24.500001,954,1612
24.505000,751,1612
24.510001,826,1612
24.514999,977,1614
24.520001,838,1611
24.525000,787,1613
24.530001,974,1613
24.535001,921,1614
24.540001,781,1612
24.545000,908,1615
24.549999,948,1614
24.554999,756,1615
24.560000,833,1613
24.565000,991,1611
24.570000,852,1614
24.574999,805,1610
24.579999,978,1613
24.585000,925,1612
24.590000,760,1611
24.595000,889,1614
24.600001,948,1608
24.605000,765,1609
24.610000,810,1609
24.614999,996,1605
24.620000,851,1604
24.625000,799,1607
24.630000,976,1605
24.635000,921,1605
24.639999,767,1607
24.645001,905,1606
24.650001,946,1604
24.654999,778,1604
24.659999,813,1608
24.665000,969,1608
24.670000,861,1605
24.675000,796,1606
24.680001,974,1608
24.685000,938,1601
24.689999,768,1605
24.694999,896,1606
24.700000,951,1605
24.705001,760,1607
24.710000,812,1606
24.715000,989,1601
24.719999,855,1601
24.725000,796,1602
24.730000,968,1602
24.735000,942,1601
24.740000,766,1602
24.745000,890,1603
24.750001,941,1601
24.755000,777,1602
24.760000,819,1601
24.764999,977,1597
24.770001,841,1598
24.775001,797,1600
24.779999,972,1598
24.784999,916,1601
24.790000,771,1602
24.795000,891,1597
24.799999,943,1595
24.805000,774,1600
24.809999,810,1601
24.815000,972,1597
24.820000,848,1599
24.825000,784,1603
24.830000,966,1599
24.835000,940,1597
24.840000,775,1598
24.845000,900,1597
24.850000,952,1596
24.855000,761,1598
24.860001,809,1599
24.865000,988,1597
24.869999,834,1600
24.875000,785,1602
24.880000,968,1603
24.885001,939,1603
24.890000,766,1597
24.895000,888,1605
24.899999,942,1603
24.905000,779,1602
24.910000,814,1602
24.915000,973,1603
24.920000,845,1592
24.925000,801,1600
24.930000,979,1599
24.935000,925,1600
24.940000,777,1602
24.945000,912,1598
24.950000,958,1600
24.955000,756,1603
24.959999,812,1596
24.965001,988,1597
24.970000,838,1600
24.975000,782,1602
24.980000,980,1599
24.985000,926,1599
24.989999,758,1599
24.995000,909,1600
25.000000,953,1598
25.005000,757,1598
25.010000,809,1599
25.015000,972,1594
25.020000,861,1596
25.024999,804,1599
25.030000,979,1597
25.035000,922,1601
25.039999,762,1601
25.045000,890,1600
25.049999,955,1601
25.055000,763,1601
25.059999,817,1604
25.065000,972,1605
25.069999,855,1605
25.075000,788,1607
25.080000,970,1609
25.085000,929,1608
25.090000,761,1610
25.095000,917,1607
25.100000,954,1609
25.105000,765,1610
25.110000,814,1611
25.114999,973,1611
25.120000,838,1610
25.125000,808,1611
25.130000,979,1611
25.135000,926,1611
25.139999,762,1611
25.145000,912,1610
25.150000,955,1611
25.155000,766,1610
25.160001,807,1610
25.165000,991,1609
25.170000,846,1610
25.175001,792,1608
25.180000,986,1608
25.184999,941,1608
25.189999,772,1608
25.195000,897,1604
25.199999,961,1603
25.204999,763,1606
25.210001,808,1608
25.215000,968,1607
25.220000,854,1606
25.225000,789,1606
25.230000,986,1600
25.235000,927,1608
25.239999,759,1610
25.245000,917,1608
25.250001,948,1612
25.255000,754,1614
25.260000,834,1613
25.265001,977,1607
25.269999,845,1616
25.274999,789,1617
25.280000,989,1617
25.285000,925,1619
25.289999,765,1611
25.294999,909,1619
25.299999,949,1623
25.305000,761,1621
25.310000,812,1622
25.315001,987,1619
25.320000,850,1621
25.325000,801,1619
25.330000,989,1619
25.335000,921,1622
25.340000,780,1617
25.344999,898,1614
25.350000,942,1624
25.354999,773,1613
25.360000,815,1620
25.364999,972,1619
25.370000,838,1622
25.375000,807,1617
25.379999,975,1618
25.385000,926,1619
25.390000,758,1619
25.395000,911,1617
25.400000,958,1617
25.405000,765,1619
25.410000,826,1612
25.415000,989,1619
25.420000,846,1617
25.425000,795,1617
25.430000,969,1620
25.435000,940,1618
25.440000,772,1617
25.445000,892,1618
25.450000,940,1617
25.455000,780,1611
25.459999,822,1614
25.465000,978,1613
25.469999,837,1613
25.475000,788,1612
25.479999,987,1610
25.485000,941,1610
25.489999,765,1608
25.495000,890,1609
25.500000,956,1602
25.505000,768,1601
25.510000,831,1605
25.514999,982,1607
25.520000,841,1608
25.525000,784,1609
25.530000,973,1608
25.535000,927,1608
25.540000,757,1609
25.545001,912,1606
25.549999,947,1605
25.555000,757,1603
25.559999,831,1605
25.565000,977,1603
25.570001,840,1604
25.574999,786,1605
25.579999,988,1607
25.585000,925,1610
25.590001,754,1608
25.595001,906,1607
25.600000,941,1608
25.604999,773,1604
25.610000,825,1607
25.614999,970,1606
25.620000,839,1608
25.625000,788,1609
25.630000,969,1610
25.635000,924,1608
25.640000,773,1602
25.645001,912,1608
25.650001,951,1607
25.655000,756,1612
25.660000,829,1610
25.664999,983,1611
25.669999,852,1614
25.674999,794,1612
25.680001,970,1612
25.685001,917,1614
25.690001,769,1611
25.695000,894,1617
25.699999,943,1614
25.705000,755,1615
25.710000,809,1616
25.714999,991,1616
25.719999,840,1618
25.725000,794,1617
25.730000,965,1619
25.735000,940,1617
25.739999,765,1619
25.745000,897,1620
25.750000,960,1614
25.755000,771,1620
25.760001,829,1618
25.765001,977,1618
25.770000,835,1623
25.775000,792,1610
25.780000,982,1623
25.784999,930,1619
25.790001,753,1621
25.795000,912,1625
25.799999,952,1621
25.805000,764,1623
25.810000,816,1620
25.815000,973,1619
25.820000,833,1624
25.825000,812,1619
25.830000,981,1618
25.835000,922,1620
25.840001,757,1621
25.845001,891,1618
25.850000,958,1617
25.855000,767,1616
25.860000,816,1618
25.865000,973,1615
25.869999,852,1614
25.875000,798,1615
25.880000,970,1617
25.885001,939,1613
25.889999,771,1623
25.895000,898,1616
25.900000,942,1616
25.905001,776,1614
25.910001,822,1615
25.915000,973,1615
25.920000,834,1617
25.925000,803,1615
25.930000,973,1616
25.934999,921,1617
25.940000,754,1616
25.945000,906,1613
25.949999,953,1614
25.954999,765,1615
25.960000,821,1614
25.965000,980,1614
25.969999,845,1611
25.975000,793,1613
25.980000,973,1614
25.985001,931,1605
25.990000,778,1612
25.995001,900,1610
26.000000,948,1614
26.005000,770,1614
26.010000,812,1614
26.014999,969,1616
26.020000,859,1611
26.024999,805,1611
26.030000,974,1613
26.035001,920,1614
26.039999,771,1603
26.045000,906,1613
26.049999,941,1613
26.055000,762,1609
26.060000,834,1605
26.065000,975,1610
26.069999,842,1606
26.075000,789,1607
26.080001,992,1604
26.085000,924,1604
26.090000,757,1603
26.095000,890,1604
26.100000,965,1602
26.104999,773,1601
26.110000,822,1606
26.115000,968,1606
26.119999,859,1603
26.124999,796,1605
26.130001,968,1607
26.135000,936,1607
26.140000,778,1609
26.145000,896,1610
26.150000,940,1610
26.155001,776,1610
26.160000,827,1610
26.165000,972,1612
26.170001,835,1612
26.175000,788,1613
26.180000,995,1610
26.185000,925,1614
26.190001,758,1615
26.195000,911,1605
26.200001,961,1616
26.205001,765,1612
26.210000,814,1614
26.215001,972,1618
26.220000,842,1611
26.225000,813,1615
26.230001,977,1616
26.235000,927,1617
26.239999,758,1619
26.244999,916,1620
26.249999,952,1618
26.255001,761,1617
26.260000,811,1619
26.265000,989,1614
26.270000,844,1614
26.275000,792,1616
26.280000,994,1615
26.285000,933,1618
26.289999,760,1618
26.294999,910,1614
26.300000,943,1618
26.305001,767,1609
26.310000,825,1618
26.315000,983,1618
26.320000,840,1615
26.325000,813,1614
26.330000,981,1616
26.335000,921,1616
26.340001,775,1614
26.345000,908,1614
26.350000,944,1613
26.355000,761,1612
26.360000,808,1612
26.365000,985,1610
26.369999,834,1614
26.375000,787,1614
26.380000,987,1608
26.385000,932,1608
26.389999,765,1608
26.395000,897,1609
26.399999,964,1608
26.405000,769,1606
26.410001,810,1605
26.415001,968,1608
26.420000,857,1604
26.424999,800,1604
26.430000,969,1602
26.434999,923,1603
26.440000,780,1602
26.444999,893,1603
26.450001,960,1604
26.455000,761,1603
26.460000,815,1603
26.465000,978,1601
26.470000,841,1604
26.475000,793,1605
26.480000,974,1595
26.485000,937,1604
26.490001,766,1601
26.494999,910,1603
26.500000,952,1602
26.504999,754,1604
26.510000,825,1602
26.515000,988,1601
26.520000,853,1601
26.524999,793,1604
26.530000,970,1604
26.535000,933,1596
26.540001,774,1599
26.545000,904,1600
26.550000,942,1602
26.555000,754,1603
26.559999,814,1597
26.565000,970,1603
26.569999,850,1596
26.575001,795,1601
26.580001,969,1599
26.585000,943,1599
26.590001,772,1599
26.594999,907,1596
26.600000,946,1599
26.604999,756,1590
26.610000,828,1597
26.615001,978,1595
26.619999,829,1596
26.625000,806,1595
26.629999,974,1599
26.635000,936,1595
26.640000,762,1596
26.645000,905,1592
26.650000,949,1596
26.655000,752,1599
26.660000,827,1596
26.664999,969,1597
26.670000,850,1592
26.675000,789,1596
26.680000,989,1592
26.684999,925,1600
26.690000,754,1599
26.695000,888,1596
26.700000,940,1593
26.704999,755,1597
26.710000,831,1595
26.715001,986,1594
26.720001,850,1595
26.725000,793,1593
26.730000,972,1592
26.735000,915,1594
26.739999,763,1585
26.745000,906,1587
26.750001,950,1593
26.754999,757,1595
26.760000,808,1597
26.764999,986,1595
26.770000,853,1600
26.774999,789,1598
26.780001,965,1600
26.785001,932,1600
26.789999,759,1605
26.794999,897,1603
26.799999,940,1604
26.805000,780,1605
26.810001,820,1604
26.815000,969,1607
26.819999,858,1604
26.825001,797,1601
26.830000,977,1604
26.835000,923,1602
26.840000,759,1606
26.845000,916,1600
26.850001,961,1601
26.854999,761,1605
26.860000,808,1603
26.865000,985,1597
26.869999,856,1602
26.874999,793,1600
26.880000,973,1602
26.885000,933,1598
26.889999,759,1606
26.895000,908,1606
26.899999,943,1606
26.905000,771,1606
26.910000,816,1608
26.914999,966,1612
26.919999,852,1613
26.924999,793,1614
26.930000,994,1612
26.934999,925,1611
26.940000,760,1615
26.944999,911,1614
26.950000,957,1614
26.955000,762,1615
26.960000,833,1613
26.965000,975,1615
26.970000,852,1614
26.975000,792,1613
26.979999,994,1611
26.985000,925,1615
26.990000,758,1617
26.994999,893,1616
26.999999,964,1617
27.005000,760,1619
27.010000,811,1619
27.015000,991,1619
27.020001,850,1619
27.025001,794,1620
27.030000,988,1619
27.035000,934,1619
27.039999,763,1622
27.045000,897,1624
27.049999,942,1621
27.055000,784,1616
27.059999,819,1621
27.065000,976,1620
27.070000,854,1621
27.074999,794,1619
27.080000,972,1620
27.085000,938,1618
27.090000,768,1620
27.094999,892,1621
27.100000,962,1618
27.105000,769,1617
27.110000,824,1618
27.115000,976,1616
27.119999,838,1621
27.124999,809,1616
27.130000,977,1613
27.135001,940,1616
27.140000,763,1612
27.145001,898,1616
27.150001,941,1617
27.155000,775,1612
27.160001,813,1615
27.165000,970,1613
27.170000,850,1609
27.175000,796,1610
27.180000,970,1613
27.185000,935,1611
27.190001,765,1611
27.195000,918,1608
27.200000,942,1611
27.205001,757,1611
27.210000,812,1609
27.215001,993,1606
27.219999,858,1606
27.225001,801,1605
27.230000,974,1605
27.235001,919,1604
27.240001,779,1601
27.244999,905,1600
27.250000,941,1601
27.255000,777,1598
27.260000,820,1597
27.264999,972,1594
27.270001,852,1596
27.275000,798,1595
27.280000,967,1596
27.285000,934,1590
27.289999,770,1591
27.294999,898,1594
27.300000,942,1592
27.305001,771,1592
27.310001,812,1594
27.315000,972,1590
27.319999,847,1592
27.325001,799,1595
27.330000,974,1593
27.334999,921,1596
27.340000,766,1588
27.344999,903,1598
27.349999,943,1600
27.354999,773,1596
27.360000,823,1600
27.365000,967,1602
27.370001,853,1598
27.375000,792,1601
27.380000,966,1606
27.384999,938,1605
27.390000,754,1611
27.395001,911,1604
27.400001,939,1609
27.405000,772,1608
27.410000,823,1609
27.414999,970,1608
27.420000,849,1605
27.424999,808,1611
27.429999,972,1611
27.434999,920,1613
27.440001,783,1604
27.445000,913,1606
27.450000,941,1608
27.455000,777,1606
27.460000,817,1608
27.465000,967,1611
27.469999,831,1606
27.475000,804,1608
27.479999,970,1607
27.485001,934,1605
27.490000,762,1608
27.495000,914,1608
27.500000,956,1608
27.504999,760,1608
27.510000,813,1601
27.515000,991,1605
27.520000,832,1610
27.525000,809,1606
27.529999,975,1609
27.534999,917,1612
27.540000,780,1611
27.545000,899,1610
27.550000,941,1614
27.555000,774,1614
27.559999,815,1613
27.565001,985,1602
27.570001,847,1610
27.574999,792,1612
27.579999,992,1610
27.585000,937,1608
27.590001,768,1609
27.595000,895,1610
27.599999,949,1598
27.604999,773,1608
27.610000,815,1604
27.615000,970,1609
27.619999,848,1596
27.624999,798,1603
27.630000,974,1597
27.635000,931,1601
27.640000,772,1600
27.645000,901,1603
27.650001,954,1600
27.654999,758,1602
27.659999,824,1602
27.665000,979,1601
27.670000,831,1603
27.674999,805,1599
27.680000,970,1604
27.684999,927,1603
27.690000,758,1600
27.695000,899,1612
27.699999,945,1596
27.705000,776,1600
27.710000,825,1604
27.715000,967,1605
27.720001,838,1592
27.725000,804,1601
27.730000,981,1601
27.735001,941,1603
27.740000,767,1605
27.745000,900,1607
27.750001,938,1607
27.755000,770,1604
27.760000,815,1608
27.765000,967,1609
27.770000,846,1615
27.775000,797,1609
27.780000,969,1612
27.784999,926,1604
27.790000,776,1612
27.795000,908,1614
27.799999,940,1615
27.805000,777,1611
27.810000,828,1614
27.815000,970,1612
27.820001,827,1615
27.825000,804,1612
27.830001,973,1612
27.835000,937,1613
27.840000,769,1610
27.845000,898,1615
27.850000,941,1612
27.854999,776,1614
27.860000,816,1612
27.865000,970,1606
27.870000,846,1606
27.875000,801,1613
27.880000,976,1611
27.885001,933,1613
27.890001,764,1617
27.895000,923,1613
27.900000,950,1615
27.904999,761,1617
27.910000,818,1617
27.915000,973,1618
27.920000,842,1616
27.925000,793,1622
27.930001,988,1617
27.935000,932,1622
27.940000,767,1619
27.945000,909,1612
27.950000,966,1619
27.955000,761,1619
27.960000,814,1617
27.965001,989,1618
27.969999,836,1619
27.974999,793,1619
27.979999,996,1617
27.985001,923,1619
27.990001,776,1613
27.995000,917,1616
28.000000,946,1615
28.005000,756,1621
28.010001,829,1613
28.015001,980,1614
28.020000,830,1616
28.025000,812,1605
28.030000,989,1611
28.035000,937,1611
28.039999,775,1610
28.045000,902,1609
28.049999,939,1611
28.055000,752,1610
28.060000,834,1604
28.065001,985,1604
28.070001,833,1604
28.074999,793,1604
28.080000,968,1607
28.085000,934,1605
28.090000,773,1603
28.095000,897,1606
28.100001,962,1601
28.105000,762,1601
28.110000,808,1604
28.115000,970,1602
28.119999,841,1595
28.125000,804,1600
28.129999,976,1600
28.135001,919,1601
28.139999,772,1598
28.145000,916,1595
28.150001,956,1598
28.154999,755,1598
28.160000,827,1603
28.164999,968,1601
28.170000,825,1603
28.174999,808,1600
28.180001,974,1599
28.185000,942,1598
28.190000,771,1601
28.194999,907,1602
28.200000,938,1602
28.205000,751,1601
28.210000,832,1603
28.215000,988,1598
28.220000,837,1603
28.225000,794,1600
28.229999,965,1602
28.235001,931,1603
28.240000,766,1600
28.244999,904,1601
28.249999,935,1604
28.255000,771,1604
28.260000,814,1604
28.265000,969,1605
28.270000,834,1597
28.274999,798,1606
28.280000,970,1607
28.285000,940,1604
28.290000,776,1606
28.295001,918,1610
28.300001,945,1609
28.305001,761,1609
28.310000,816,1611
28.315000,986,1611
28.319999,831,1610
28.325001,788,1612
28.330000,994,1603
28.335000,921,1611
28.340001,761,1601
28.344999,910,1601
28.350001,947,1603
28.355001,757,1604
28.360000,808,1604
28.365000,986,1601
28.370000,823,1604
28.375001,801,1603
28.379999,967,1605
28.385000,940,1600
28.390000,767,1603
28.395001,898,1604
28.400000,957,1597
28.405000,752,1604
28.410000,823,1602
28.415000,971,1603
28.420000,821,1604
28.425001,802,1603
28.430001,979,1600
28.435001,916,1605
28.440001,767,1601
28.445000,901,1604
28.450000,941,1601
28.454999,752,1604
28.460000,826,1601
28.465000,976,1594
28.470000,839,1601
28.475000,806,1601
28.479999,966,1604
28.485001,917,1601
28.490001,771,1602
28.495000,899,1604
28.499999,938,1605
28.505000,758,1597
28.510000,824,1604
28.515000,966,1606
28.520000,836,1598
28.525000,805,1610
28.530001,969,1610
28.535000,933,1609
28.539999,760,1610
28.544999,897,1610
28.550000,958,1609
28.555000,760,1610
28.560000,823,1610
28.565000,963,1611
28.570000,841,1608
28.575000,796,1608
28.579999,973,1608
28.585001,932,1601
28.590000,770,1604
28.595000,902,1603
28.600000,933,1601
28.604999,768,1600
28.610001,829,1602
28.615000,977,1601
28.620000,820,1602
28.625000,784,1604
28.630000,984,1605
28.635000,919,1597
28.639999,771,1597
28.645000,917,1603
28.650000,942,1605
28.655000,772,1601
28.660000,814,1603
28.665000,966,1608
28.670001,821,1603
28.675001,790,1605
28.680000,969,1601
28.684999,938,1602
28.690000,767,1601
28.695000,906,1603
28.699999,939,1604
28.705000,773,1598
28.709999,817,1597
28.715000,978,1596
28.720000,821,1596
28.725000,792,1598
28.729999,988,1598
28.735001,918,1598
28.740000,774,1598
28.745000,910,1595
28.750001,941,1597
28.755001,750,1597
28.760000,829,1595
28.764999,968,1598
28.770001,826,1586
28.774999,810,1594
28.780000,979,1595
28.785000,919,1598
28.790000,772,1596
28.795000,911,1601
28.799999,937,1599
28.805001,767,1601
28.809999,806,1604
28.815000,967,1605
28.820000,839,1604
28.824999,793,1605
28.829999,992,1600
28.835000,924,1605
28.840000,761,1608
28.845000,917,1610
28.850000,937,1611
28.855000,776,1604
28.860001,817,1609
28.865000,980,1610
28.869999,832,1610
28.875000,805,1611
28.879999,966,1614
28.885001,931,1611
28.890000,754,1614
28.895000,913,1614
28.899999,941,1616
28.905000,766,1611
28.910001,821,1618
28.915000,973,1617
28.920000,822,1617
28.924999,790,1621
28.930000,966,1619
28.934999,935,1619
28.940000,758,1620
28.945000,924,1616
28.949999,949,1617
28.955000,756,1618
28.960000,815,1620
28.965000,966,1622
28.970000,824,1622
28.975000,807,1622
28.980000,987,1622
28.985001,921,1622
28.990000,759,1624
28.995000,915,1626
29.000000,937,1628
29.005000,771,1627
29.010001,817,1631
29.015000,968,1632
29.020000,848,1631
29.024999,806,1632
29.030001,976,1635
29.035001,926,1634
29.039999,763,1636
29.044999,906,1640
29.049999,940,1638
29.055000,772,1637
29.060000,822,1633
29.065000,992,1633
29.069999,839,1633
29.075000,800,1629
29.080001,974,1631
29.085001,941,1627
29.090000,765,1625
29.094999,907,1630
29.100000,957,1622
29.105000,762,1624
29.110001,817,1619
29.115001,970,1617
29.120000,837,1613
29.125001,805,1615
29.130000,971,1617
29.135001,933,1613
29.139999,755,1615
29.145001,920,1612
29.150000,947,1611
29.155000,758,1620
29.160000,808,1615
29.165000,981,1611
29.170000,821,1613
29.175000,809,1611
29.180001,971,1612
29.185000,927,1603
29.190000,776,1608
29.195000,906,1609
29.200000,948,1608
29.205000,752,1606
29.210000,824,1606
29.215001,968,1608
29.219999,829,1606
29.225001,794,1603
29.230001,967,1607
29.235000,940,1603
29.239999,765,1603
29.245000,903,1604
29.250000,935,1602
29.254999,749,1605
29.260000,824,1604
29.265000,964,1605
29.270000,840,1605
29.275000,803,1604
29.280000,972,1607
29.285000,929,1602
29.289999,774,1608
29.295000,909,1604
29.299999,935,1609
29.305001,748,1611
29.310000,826,1608
29.315000,978,1607
29.320000,838,1609
29.325000,803,1611
29.330001,975,1607
29.335000,911,1611
29.340001,778,1609
29.345000,913,1607
29.350001,938,1606
29.355000,768,1609
29.360000,818,1608
29.365000,964,1610
29.370000,836,1607
29.375001,793,1609
29.379999,969,1610
29.385001,930,1605
29.389999,760,1610
29.395000,907,1609
29.400000,952,1609
29.405000,755,1610
29.410001,825,1605
29.414999,978,1610
29.420000,818,1610
29.424999,806,1608
29.430000,986,1608
29.435000,924,1606
29.440000,758,1608
29.445000,925,1607
29.450000,943,1607
29.455000,752,1608
29.460000,820,1605
29.465000,973,1603
29.469999,835,1599
29.475000,808,1604
29.479999,984,1600
29.485000,917,1600
29.490000,772,1598
29.494999,907,1601
29.499999,933,1602
29.505000,768,1604
29.510000,815,1605
29.514999,986,1604
29.520000,817,1605
29.525001,812,1601
29.529999,981,1604
29.534999,917,1603
29.540001,769,1606
29.545000,915,1606
29.550000,949,1600
29.555000,754,1605
29.560000,825,1600
29.565000,984,1604
29.569999,825,1609
29.575001,793,1605
29.580000,987,1597
29.584999,924,1601
29.590001,765,1603
29.594999,905,1605
29.600000,958,1602
29.605000,767,1600
29.610000,813,1602
29.614999,982,1602
29.620000,831,1603
29.625001,807,1603
29.629999,983,1604
29.635000,922,1601
29.639999,762,1606
29.645000,929,1609
29.649999,948,1604
29.654999,757,1605
29.660000,829,1606
29.664999,981,1608
29.669999,818,1611
29.674999,805,1609
29.680000,979,1604
29.684999,919,1611
29.690001,777,1614
29.695000,912,1607
29.700000,957,1609
29.705000,759,1609
29.710000,816,1603
29.715000,977,1608
29.720000,819,1611
29.725000,803,1613
29.730000,979,1609
29.735001,919,1615
29.740000,780,1611
29.744999,914,1610
29.750000,955,1614
29.754999,770,1612
29.759999,828,1610
29.765000,970,1615
29.770000,840,1605
29.774999,807,1612
29.780000,972,1613
29.785000,936,1611
29.790000,766,1611
29.795000,925,1603
29.800001,945,1608
29.805000,754,1608
29.809999,835,1605
29.815001,971,1604
29.820001,822,1604
29.825000,808,1603
29.830000,971,1603
29.835000,940,1595
29.840000,766,1600
29.844999,906,1603
29.850000,956,1600
29.854999,753,1602
29.860000,813,1600
29.865000,966,1600
29.869999,838,1600
29.874999,802,1597
29.880000,970,1599
29.885000,932,1596
29.890000,770,1598
29.895000,912,1601
29.900000,936,1599
29.905001,767,1596
29.910001,834,1597
29.915000,976,1597
29.920000,816,1597
29.925001,805,1589
29.930000,974,1596
29.934999,932,1594
29.940000,777,1594
29.944999,922,1598
29.950000,948,1597
29.955000,751,1598
29.960000,830,1599
29.965000,968,1596
29.970000,816,1598
29.975001,788,1601
29.980000,987,1598
29.985000,918,1596
29.990000,760,1598
29.994999,927,1600
30.000000,943,1598
30.004999,755,1597
30.010000,813,1598
30.014999,965,1601
30.020000,836,1601
30.025000,800,1602
30.030000,969,1597
30.035000,929,1602
30.040000,761,1605
30.045000,929,1606
30.050000,943,1603
30.055001,750,1606
30.060001,833,1608
30.064999,983,1610
30.069999,820,1603
30.075001,794,1611
30.080000,973,1608
30.084999,935,1610
30.090001,778,1613
30.095000,914,1613
30.100000,939,1613
30.104999,767,1605
30.110001,822,1609
30.115000,980,1607
30.120000,836,1609
30.125000,796,1608
30.130000,971,1610
30.135000,931,1609
30.139999,773,1605
30.145000,916,1611
30.150000,940,1608
30.155000,755,1610
30.160000,815,1605
30.164999,966,1611
30.169999,835,1611
30.174999,798,1613
30.180000,998,1605
30.184999,933,1609
30.190001,768,1603
30.195000,907,1605
30.200000,958,1604
30.205000,766,1602
30.210000,811,1604
30.215001,983,1601
30.220001,830,1599
30.225000,802,1600
30.230000,972,1602
30.235000,938,1599
30.239999,765,1601
30.244999,908,1602
30.249999,935,1603
30.255000,770,1599
30.260000,819,1604
30.264999,965,1605
30.270000,836,1603
30.275000,809,1605
30.280001,975,1603
30.285001,917,1603
30.290000,778,1600
30.295001,926,1606
30.300000,954,1606
30.305000,765,1605
30.309999,822,1602
30.315000,965,1604
30.320000,833,1603
30.324999,805,1604
30.330000,975,1601
30.334999,915,1600
30.339999,772,1601
30.344999,912,1603
30.350000,937,1603
30.355000,769,1603
30.360001,821,1603
30.365000,971,1606
30.369999,816,1603
30.375000,808,1601
30.380000,985,1604
30.385000,917,1603
30.390001,764,1608
30.395000,909,1609
30.399999,948,1607
30.405001,754,1610
30.410001,813,1610
30.415000,967,1612
30.420000,831,1609
30.424999,801,1611
30.430000,980,1612
30.434999,944,1606
30.439999,771,1615
30.444999,926,1607
30.450000,944,1613
30.455000,770,1617
30.460000,825,1614
30.465000,977,1614
30.470000,814,1618
30.475001,806,1615
30.480000,980,1617
30.484999,942,1616
30.489999,769,1618
30.495001,925,1612
30.500000,952,1613
30.505000,764,1612
30.510000,836,1612
30.515000,969,1615
30.520000,816,1614
30.524999,816,1611
30.530000,985,1608
30.535000,916,1612
30.540000,783,1611
30.545001,914,1612
30.550000,960,1608
30.555000,769,1608
30.560000,821,1606
30.565000,967,1614
30.570001,831,1601
30.574999,805,1612
30.579999,981,1613
30.585000,914,1614
30.590000,782,1612
30.594999,913,1612
30.600000,934,1615
30.605000,770,1608
30.610000,818,1613
30.615000,978,1611
30.619999,835,1613
30.624999,799,1616
30.630001,970,1616
30.635001,940,1614
30.640000,763,1624
30.645000,930,1622
30.650001,941,1617
30.654999,767,1621
30.659999,820,1619
30.665001,986,1618
30.670000,830,1618
30.674999,797,1614
30.680000,971,1620
30.684999,932,1619
30.690000,769,1616
30.694999,916,1616
30.700000,944,1617
30.705000,764,1616
30.709999,830,1617
30.715000,971,1617
30.720000,819,1614
30.725001,793,1621
30.730000,973,1620
30.735000,939,1617
30.739999,770,1618
30.744999,912,1620
30.749999,950,1621
30.755000,757,1623
30.760000,816,1624
30.764999,989,1620
30.770000,831,1627
30.775000,801,1625
30.780000,976,1628
30.785000,915,1627
30.789999,766,1622
30.795000,930,1625
30.799999,949,1624
30.805000,757,1626
30.809999,815,1626
30.815000,981,1624
30.820000,817,1624
30.824999,814,1619
30.830000,988,1621
30.834999,925,1622
30.840000,761,1625
30.845000,935,1622
30.850000,952,1618
30.855000,755,1620
30.860001,815,1621
30.865000,986,1619
30.870001,821,1621
30.875001,797,1621
30.879999,971,1621
30.885001,928,1620
30.889999,773,1620
30.895000,915,1624
30.899999,936,1624
30.905000,766,1621
30.910000,814,1626
30.915000,969,1625
30.919999,830,1621
30.924999,807,1622
30.930001,974,1626
30.935000,929,1619
30.940001,776,1619
30.945001,923,1621
30.949999,939,1619
30.954999,765,1617
30.960000,811,1618
30.965000,980,1609
30.970000,820,1614
30.975000,793,1617
30.979999,996,1612
30.985001,921,1615
30.990000,781,1611
30.995001,918,1610
31.000000,932,1610
31.005000,747,1608
31.010001,828,1606
31.015000,969,1603
31.020000,812,1605
31.025001,801,1596
31.030000,990,1601
31.034999,932,1598
31.040000,774,1600
31.045001,914,1599
31.050000,947,1600
31.055000,764,1599
31.059999,813,1602
31.065000,962,1597
31.069999,823,1596
31.075000,797,1596
31.080000,976,1595
31.085000,935,1594
31.090001,766,1591
31.095000,914,1588
31.100000,943,1591
31.105000,750,1592
31.110000,822,1586
31.115000,965,1588
31.119999,831,1588
31.125000,807,1584
31.130000,975,1584
31.135000,920,1584
31.140001,754,1587
31.145000,931,1587
31.150000,944,1584
31.155000,758,1586
31.160000,819,1585
31.164999,963,1585
31.169999,831,1589
31.174999,807,1589
31.180000,981,1590
31.184999,921,1589
31.190000,764,1592
31.195000,915,1590
31.199999,949,1586
31.205000,763,1587
31.210000,817,1590
31.215000,972,1589
31.220001,815,1588
31.224999,793,1591
31.229999,975,1588
31.235000,912,1590
31.240000,781,1588
31.245000,923,1588
31.250000,931,1591
31.255000,747,1593
31.260000,826,1595
31.265000,968,1596
31.270000,810,1600
31.274999,811,1600
31.280000,980,1600
31.285000,923,1603
31.290000,772,1600
31.295001,926,1603
31.300001,934,1605
31.305000,768,1604
31.310001,821,1606
31.315000,969,1603
31.320000,831,1605
31.324999,804,1605
31.329999,971,1609
31.335000,935,1603
31.340000,765,1605
31.344999,914,1610
31.350001,942,1606
31.355000,756,1605
31.359999,825,1597
31.364999,981,1604
31.370000,829,1601
31.375000,810,1605
31.379999,979,1606
31.385000,917,1606
31.389999,782,1602
31.395001,916,1606
31.400000,950,1608
31.405000,749,1609
31.410000,832,1610
31.414999,970,1610
31.420000,807,1612
31.425000,811,1609
31.430000,977,1612
31.435000,935,1611
31.439999,768,1613
31.444999,916,1617
31.450001,948,1615
31.455000,753,1612
31.459999,833,1615
31.465000,963,1620
31.469999,805,1621
31.475001,814,1618
31.480000,984,1620
31.485001,922,1619
31.490000,768,1622
31.495000,933,1626
31.500000,945,1625
31.505000,761,1616
31.510001,821,1621
31.514999,967,1625
31.520000,809,1628
31.525000,813,1623
31.530000,985,1622
31.535001,918,1624
31.540000,776,1624
31.545001,921,1623
31.550000,935,1625
31.555001,752,1628
31.560001,832,1620
31.565000,969,1622
31.569999,809,1619
31.575000,816,1617
31.580001,983,1615
31.584999,924,1619
31.590001,762,1617
31.595000,935,1613
31.600001,942,1614
31.605001,752,1613
31.610000,817,1612
31.615000,966,1609
31.619999,823,1609
31.624999,801,1610
31.630001,994,1608
31.635000,922,1607
31.640000,762,1609
31.645000,931,1608
31.650000,936,1610
31.655000,769,1606
31.660000,820,1611
31.665001,962,1610
31.670001,827,1604
31.675000,799,1608
31.680000,974,1613
31.685000,911,1610
31.690000,773,1607
31.695000,923,1610
31.699999,945,1606
31.705000,753,1606
31.709999,811,1610
31.715000,983,1605
31.720000,810,1606
31.725001,793,1609
31.730001,986,1605
31.735000,916,1606
31.740000,762,1605
31.744999,939,1604
31.749999,942,1598
31.755000,747,1605
31.760001,832,1597
31.765000,970,1598
31.770001,815,1602
31.775000,799,1599
31.780000,988,1597
31.785000,920,1600
31.789999,766,1599
31.795000,917,1603
31.800000,936,1600
31.805000,746,1603
31.810000,836,1599
31.815000,968,1604
31.820000,803,1605
31.825000,815,1604
31.830000,977,1604
31.835000,920,1601
31.840001,781,1607
31.845000,938,1606
31.850000,937,1606
31.855000,768,1610
31.860000,823,1611
31.865000,972,1610
31.870000,808,1611
31.875001,806,1608
31.880001,983,1607
31.885001,930,1612
31.889999,775,1615
31.895000,921,1618
31.900000,942,1618
31.905001,754,1617
31.910000,815,1617
31.915000,965,1617
31.920001,825,1614
31.925000,806,1614
31.930000,991,1614
31.935000,920,1616
31.940000,764,1618
31.945000,941,1613
31.949999,938,1615
31.955000,755,1610
31.960000,837,1608
31.965001,980,1609
31.970000,814,1607
31.975000,794,1610
31.980001,992,1610
31.985001,922,1609
31.990001,764,1608
31.995000,927,1602
32.000001,952,1607
32.005000,760,1608
32.010000,818,1607
32.014999,971,1604
32.020001,802,1605
32.025000,816,1602
32.030001,985,1606
32.035000,932,1603
32.039999,779,1605
32.044999,926,1605
32.049999,955,1600
32.055000,764,1604
32.060000,827,1603
32.065000,961,1605
32.069999,820,1602
32.075000,796,1604
32.079999,991,1604
32.084999,917,1607
32.090000,781,1600
32.095000,932,1604
32.100000,955,1603
32.105000,763,1605
32.110000,829,1605
32.114999,972,1606
32.120000,803,1604
32.124999,800,1602
32.130001,993,1603
32.135000,921,1602
32.139999,761,1606
32.145001,923,1609
32.149999,941,1604
32.155000,750,1608
32.160000,836,1604
32.164999,969,1604
32.170000,819,1601
32.175000,811,1607
32.180001,980,1604
32.185000,914,1608
32.190001,787,1604
32.195000,928,1602
32.199999,929,1603
32.204999,763,1605
32.210000,819,1603
32.215001,959,1605
32.219999,814,1601
32.225000,799,1603
32.230000,993,1601
32.235000,926,1601
32.239999,770,1601
32.245001,947,1603
32.250000,937,1602
32.255000,746,1605
32.260000,839,1600
32.265001,972,1604
32.270000,803,1609
32.274999,811,1606
32.280001,987,1607
32.285000,914,1613
32.290001,783,1609
32.295001,941,1604
32.300000,943,1608
32.305000,748,1614
32.310000,816,1611
32.315000,981,1609
32.319999,813,1610
32.325000,801,1613
32.329999,974,1609
32.335000,929,1609
32.340001,767,1611
32.344999,929,1613
32.350000,929,1616
32.354999,755,1613
32.360000,837,1614
32.365000,973,1612
32.370000,802,1618
32.375000,799,1619
32.380000,997,1618
32.385001,928,1623
32.389999,767,1623
32.395000,948,1625
32.400000,946,1626
32.405000,747,1631
32.410000,837,1631
32.414999,972,1628
32.419999,806,1630
32.424999,797,1633
32.430000,989,1617
32.435001,925,1628
32.439999,777,1627
32.444999,934,1625
32.450000,929,1626
32.455000,768,1624
32.459999,821,1625
32.465000,965,1624
32.469999,821,1617
32.475001,820,1614
32.480001,981,1615
32.485000,909,1616
32.490000,784,1613
32.494999,937,1615
32.499999,940,1614
32.505001,754,1612
32.510000,843,1608
32.514999,972,1611
32.520000,803,1613
32.524999,801,1614
32.530000,995,1613
32.535000,917,1612
32.539999,767,1612
32.545000,928,1613
32.549999,950,1601
32.555000,767,1608
32.559999,820,1607
32.565000,984,1604
32.570000,805,1605
32.575000,813,1604
32.580000,976,1605
32.585000,929,1603
32.590000,778,1605
32.595000,930,1605
32.600000,931,1606
32.605000,770,1603
32.610000,833,1603
32.614999,967,1606
32.620000,812,1600
32.625000,812,1606
32.630000,975,1607
32.635000,930,1605
32.639999,773,1605
32.645000,926,1610
32.650000,948,1607
32.655000,754,1608
32.660000,838,1605
32.665000,974,1604
32.670000,809,1605
32.675000,799,1603
32.680001,983,1596
32.685001,928,1603
32.689999,774,1605
32.694999,932,1606
32.700000,949,1605
32.705000,755,1605
32.710000,817,1605
32.715000,981,1606
32.720001,801,1606
32.724999,803,1609
32.730000,992,1605
32.735000,924,1606
32.740000,777,1608
32.744999,940,1606
32.749999,936,1611
32.755000,751,1611
32.760001,826,1600
32.765000,977,1611
32.770001,799,1610
32.775000,796,1610
32.780000,991,1609
32.785000,909,1612
32.790000,776,1612
32.795000,945,1610
32.799999,939,1612
32.805000,754,1609
32.809999,823,1610
32.815000,960,1610
32.820000,812,1612
32.824999,809,1608
32.829999,977,1613
32.835001,926,1608
32.840000,772,1607
32.845000,939,1606
32.850000,933,1609
32.855000,764,1608
32.860000,819,1608
32.864999,975,1608
32.870001,798,1610
32.875000,811,1599
32.880000,974,1610
32.885000,912,1606
32.890000,763,1609
32.895000,935,1598
32.900000,943,1606
32.905001,745,1608
32.910000,821,1610
32.915000,980,1608
32.920001,793,1613
32.924999,821,1611
32.930000,976,1609
32.934999,921,1608
32.940000,768,1608
32.944999,948,1611
32.950001,931,1610
32.955000,761,1607
32.960000,821,1609
32.965001,959,1609
32.969999,805,1612
32.975000,807,1610
32.980001,996,1611
32.984999,904,1611
32.989999,783,1613
32.995000,934,1611
33.000001,952,1606
33.004999,762,1607
33.010000,845,1609
33.015000,960,1607
33.020000,796,1608
33.024999,808,1604
33.030000,972,1607
33.035000,917,1603
33.040000,777,1609
33.045001,944,1603
33.050000,927,1605
33.055000,764,1601
33.060000,830,1603
33.065000,974,1600
33.069999,797,1601
33.075001,796,1603
33.079999,991,1602
33.085001,905,1599
33.090000,789,1601
33.094999,949,1598
33.100001,926,1604
33.105000,746,1602
33.110001,842,1597
33.114999,961,1598
33.120001,792,1596
33.125001,814,1595
33.129999,979,1596
33.135001,916,1593
33.140000,770,1596
33.145000,932,1596
33.149999,940,1596
33.155000,750,1593
33.160000,827,1591
33.165000,975,1590
33.170000,791,1592
33.174999,800,1589
33.180000,985,1588
33.184999,905,1588
33.190000,775,1579
33.195000,953,1588
33.200000,924,1588
33.205000,757,1586
33.210000,847,1585
33.215001,967,1585
33.219999,797,1586
33.225001,798,1588
33.230000,991,1585
33.235000,906,1585
33.240000,763,1590
33.244999,938,1588
33.249999,938,1590
33.255000,753,1595
33.260001,830,1593
33.265000,957,1598
33.270001,802,1599
33.275000,806,1603
33.280000,975,1605
33.285001,923,1601
33.290000,774,1611
33.295000,954,1610
33.300000,942,1612
33.304999,758,1613
33.310000,850,1615
33.315001,954,1618
33.320000,802,1618
33.325000,805,1616
33.330000,995,1617
33.335000,904,1617
33.340001,783,1614
33.345000,951,1615
33.350000,925,1620
33.354999,764,1613
33.360001,841,1612
33.365000,955,1618
33.370000,804,1612
33.375000,805,1616
33.379999,996,1612
33.384999,908,1611
33.389999,768,1615
33.395000,949,1614
33.400000,928,1612
33.405000,763,1614
33.410000,829,1619
33.415000,957,1616
33.420000,802,1617
33.425000,802,1617
33.429999,975,1616
33.434999,910,1613
33.440000,773,1615
33.445000,957,1607
33.450000,946,1612
33.455000,756,1612
33.460000,856,1609
33.465000,969,1608
33.469999,782,1609
33.475001,819,1611
33.480000,982,1609
33.485001,896,1606
33.490000,789,1607
33.494999,940,1606
33.499999,934,1609
33.505000,746,1609
33.510000,850,1610
33.514999,963,1609
33.520001,803,1605
33.524999,815,1608
33.530000,978,1608
33.534999,912,1608
33.540001,783,1605
33.545001,942,1608
33.550001,943,1608
33.555000,753,1611
33.559999,845,1603
33.565000,968,1607
33.569999,789,1610
33.575001,801,1608
33.579999,991,1609
33.585000,893,1612
33.590000,791,1609
33.595000,948,1608
33.600001,941,1608
33.605001,750,1610
33.609999,852,1606
33.615000,959,1609
33.619999,797,1606
33.625000,816,1606
33.630000,982,1610
33.635000,891,1609
33.639999,777,1609
33.645000,938,1610
33.649999,938,1611
33.655000,767,1605
33.660000,830,1611
33.664999,966,1609
33.669999,780,1612
33.675000,813,1609
33.680000,996,1605
33.684999,894,1610
33.690001,780,1602
33.694999,939,1608
33.700000,936,1604
33.705000,752,1604
33.710000,837,1603
33.715000,972,1601
33.720000,788,1603
33.725000,797,1604
33.729999,980,1603
33.735000,890,1605
33.740001,783,1601
33.744999,945,1604
33.749999,926,1607
33.755000,753,1601
33.760000,858,1604
33.764999,971,1606
33.770000,786,1608
33.775001,815,1606
33.780000,996,1604
33.785000,903,1608
33.789999,774,1604
33.794999,942,1610
33.799999,948,1605
33.805000,759,1604
33.810000,840,1606
33.815000,975,1605
33.819999,792,1606
33.825001,801,1606
33.830000,988,1606
33.834999,899,1605
33.840000,768,1605
33.845000,965,1601
33.850000,930,1605
33.855001,749,1609
33.860000,859,1605
33.864999,964,1608
33.870000,779,1607
33.875001,817,1612
33.879999,975,1610
33.885000,902,1609
33.889999,768,1613
33.895000,948,1614
33.900001,944,1614
33.904999,755,1614
33.909999,838,1614
33.915001,966,1614
33.920000,779,1618
33.925000,801,1614
33.930000,997,1614
33.934999,896,1612
33.940000,794,1612
33.945000,944,1616
33.949999,945,1615
33.954999,756,1613
33.960000,845,1613
33.965000,963,1619
33.969999,793,1615
33.975000,807,1615
33.979999,971,1623
33.985000,905,1613
33.990000,782,1617
33.994999,946,1618
33.999999,951,1612
34.005000,766,1617
34.010000,849,1618
34.014999,954,1620
34.020001,779,1624
34.025000,817,1621
34.030000,976,1622
34.034999,910,1621
34.039999,774,1626
34.044999,964,1624
34.049999,930,1626
34.055000,772,1619
34.059999,850,1620
34.065001,958,1623
34.070000,777,1623
34.074999,822,1620
34.079999,980,1622
34.085000,902,1617
34.090001,786,1619
34.095000,955,1617
34.100000,930,1619
34.104999,749,1619
34.110000,857,1618
34.115000,956,1620
34.119999,794,1617
34.125000,806,1618
34.129999,974,1618
34.135001,905,1616
34.140000,796,1613
34.145000,954,1616
34.149999,947,1615
34.155001,762,1616
34.160000,842,1613
34.165000,974,1612
34.170001,787,1610
34.174999,809,1610
34.180001,980,1610
34.185000,881,1609
34.190000,794,1603
34.194999,957,1604
34.200000,932,1603
34.205000,750,1604
34.210001,865,1600
34.215001,969,1600
34.219999,778,1597
34.224999,820,1595
34.229999,985,1597
34.235001,882,1596
34.240000,784,1596
34.245000,949,1593
34.250000,929,1588
34.254999,755,1595
34.260001,841,1598
34.264999,970,1597
34.270001,787,1596
34.275000,814,1600
34.280001,988,1597
34.285001,880,1600
34.290000,767,1602
34.294999,949,1598
34.299999,941,1600
34.305000,756,1601
34.309999,841,1603
34.314999,949,1605
34.320000,798,1597
34.324999,808,1597
34.330000,975,1602
34.334999,905,1594
34.340001,775,1597
34.344999,961,1598
34.350000,931,1595
34.354999,752,1596
34.360001,847,1595
34.365000,961,1596
34.370000,773,1600
34.375000,822,1595
34.380000,975,1596
34.385000,898,1593
34.390001,789,1597
34.394999,961,1597
34.399999,933,1598
34.405000,743,1599
34.410000,864,1601
34.414999,961,1599
34.419999,775,1601
34.424999,821,1596
34.430001,975,1602
34.435000,876,1604
34.440000,786,1601
34.445000,952,1601
34.449999,932,1597
34.454999,764,1605
34.460000,852,1601
34.464999,959,1597
34.470000,793,1604
34.475001,805,1606
34.480001,989,1602
34.484999,891,1609
34.490000,771,1610
34.494999,949,1610
34.499999,935,1607
34.505001,749,1613
34.510000,866,1609
34.515000,963,1610
34.520001,780,1607
34.524999,801,1614
34.529999,991,1610
34.534999,879,1614
34.540001,773,1613
34.545000,971,1613
34.549999,926,1614
34.555001,764,1613
34.560000,865,1613
34.565000,970,1610
34.570000,772,1612
34.575000,803,1610
34.580001,974,1612
34.584999,898,1611
34.590001,789,1612
34.595000,963,1609
34.599999,926,1611
34.605000,752,1607
34.609999,868,1610
34.615000,962,1608
34.619999,773,1611
34.625000,801,1611
34.629999,997,1612
34.635000,888,1610
34.640000,789,1607
34.645000,961,1609
34.650000,928,1607
34.655000,750,1610
34.660000,864,1603
34.665000,957,1611
34.670000,772,1607
34.675000,816,1609
34.680000,978,1606
34.685001,900,1606
34.690001,776,1610
34.695001,969,1606
34.699999,930,1607
34.705000,750,1609
34.710000,867,1605
34.715000,959,1605
34.719999,772,1603
34.725001,803,1604
34.730001,994,1603
34.735001,877,1603
34.740000,773,1604
34.744999,973,1601
34.749999,933,1602
34.755000,756,1605
34.759999,875,1597
34.765000,960,1600
34.770000,768,1603
34.775000,817,1598
34.780000,985,1601
34.785000,880,1599
34.789999,796,1601
34.794999,961,1602
34.799999,928,1602
34.805000,772,1602
34.810000,857,1599
34.815000,967,1599
34.819999,768,1601
34.825000,815,1601
34.830000,974,1600
34.835000,891,1598
34.840000,792,1599
34.844999,957,1598
34.850000,931,1591
34.854999,756,1598
34.860001,872,1600
34.865001,955,1597
34.870000,792,1599
34.875000,812,1598
34.880000,974,1603
34.885000,870,1604
34.890000,798,1597
34.895000,965,1604
34.900000,931,1606
34.905001,765,1604
34.909999,873,1605
34.915000,956,1608
34.920000,768,1608
34.924999,818,1604
34.930000,988,1609
34.934999,871,1614
34.940000,792,1609
34.945001,965,1606
34.950000,922,1610
34.955000,770,1605
34.960000,865,1608
34.965000,961,1609
34.970000,767,1612
34.975000,819,1610
34.979999,979,1610
34.985000,893,1604
34.990000,790,1608
34.994999,968,1609
34.999999,925,1610
35.005000,766,1606
35.010001,868,1601
35.015000,954,1610
35.020000,768,1607
35.025000,824,1606
35.030000,984,1609
35.035000,873,1611
35.040000,792,1608
35.045001,968,1606
35.049999,934,1606
35.055000,747,1612
35.059999,869,1609
35.065000,960,1606
35.070000,785,1606
35.075000,818,1610
35.079999,980,1613
35.085000,896,1610
35.090000,792,1613
35.094999,967,1611
35.100000,924,1616
35.104999,754,1613
35.110000,876,1610
35.114999,960,1611
35.120000,791,1608
35.125000,808,1614
35.130000,972,1614
35.135001,888,1607
35.140001,785,1610
35.145001,954,1612
35.150000,942,1606
35.155000,768,1608
35.160000,867,1609
35.164999,957,1607
35.169999,768,1608
35.174999,803,1608
35.180000,984,1605
35.184999,872,1607
35.190000,796,1605
35.195000,963,1604
35.199999,928,1606
35.204999,771,1603
35.210000,855,1608
35.215000,966,1606
35.219999,785,1605
35.225000,814,1608
35.230000,978,1606
35.235000,891,1608
35.240000,780,1606
35.245000,953,1610
35.250001,941,1607
35.255000,748,1613
35.260001,874,1611
35.264999,957,1610
35.270001,766,1613
35.275001,823,1613
35.280001,992,1612
35.285000,877,1614
35.290000,781,1614
35.295000,976,1614
35.300000,929,1613
35.305000,773,1616
35.310000,866,1616
35.315000,965,1609
35.320000,787,1615
35.324999,821,1616
35.330000,985,1616
35.334999,889,1616
35.339999,781,1616
35.344999,977,1616
35.350001,939,1615
35.355001,760,1613
35.359999,856,1618
35.365000,971,1612
35.369999,774,1616
35.374999,812,1616
35.380001,983,1607
35.385001,881,1616
35.390000,785,1613
35.395000,956,1617
35.399999,939,1617
35.405000,753,1616
35.410000,876,1615
35.415000,958,1616
35.420000,768,1621
35.425001,827,1618
35.430000,979,1617
35.435000,867,1619
35.440001,790,1619
35.445001,961,1617
35.450001,928,1621
35.455000,752,1620
35.460000,880,1615
35.465000,953,1614
35.470000,785,1611
35.475000,818,1612
35.480000,977,1611
35.485000,890,1609
35.490000,785,1601
35.494999,971,1603
35.500000,931,1609
35.505000,756,1607
35.510000,864,1609
35.514999,953,1605
35.520000,775,1606
35.525000,822,1606
35.530000,984,1606
35.535000,888,1602
35.539999,776,1611
35.545000,982,1610
35.549999,938,1607
35.555000,757,1608
35.559999,865,1610
35.565000,954,1608
35.570000,767,1612
35.575000,805,1612
35.580000,1002,1606
35.585000,888,1607
35.590000,783,1608
35.594999,960,1607
35.600000,943,1609
35.605000,762,1606
35.610001,860,1609
35.615001,963,1606
35.619999,773,1607
35.624999,803,1610
35.630000,988,1605
35.635000,873,1600
35.639999,791,1610
35.645001,963,1611
35.650001,944,1611
35.655000,761,1612
35.660000,856,1613
35.665000,960,1614
35.670000,763,1615
35.674999,818,1615
35.680000,971,1618
35.685000,875,1615
35.690000,795,1614
35.694999,972,1616
35.700001,934,1616
35.705000,762,1616
35.710000,867,1616
35.715001,952,1618
35.720000,770,1619
35.725000,804,1618
35.729999,994,1619
35.735000,864,1622
35.740000,799,1620
35.744999,959,1621
35.749999,937,1618
35.755000,757,1620
35.760000,879,1615
35.765000,969,1618
35.770000,770,1621
35.775000,803,1623
35.780000,991,1620
35.785000,873,1621
35.789999,781,1620
35.795000,971,1617
35.799999,922,1622
35.805000,750,1623
35.810001,883,1618
35.814999,965,1618
35.819999,771,1616
35.825001,825,1615
35.829999,977,1617
35.835000,860,1624
35.840000,793,1620
35.845000,956,1617
35.850000,924,1618
35.854999,768,1616
35.860000,888,1615
35.865000,958,1615
35.869999,779,1610
35.874999,813,1618
35.880001,976,1620
35.885001,883,1621
35.890000,788,1616
35.895000,962,1615
35.900001,925,1616
35.905001,757,1609
35.910000,885,1613
35.914999,959,1615
35.919999,768,1614
35.924999,812,1616
35.930000,977,1612
35.935000,882,1614
35.940000,800,1610
35.945000,970,1608
35.949999,938,1609
35.955000,761,1605
35.959999,868,1612
35.965001,966,1605
35.970000,778,1604
35.975000,822,1603
35.980000,974,1603
35.985000,879,1600
35.990000,793,1601
35.995000,965,1599
36.000000,929,1599
36.004999,749,1600
36.010001,871,1590
36.015001,947,1598
36.019999,764,1599
36.024999,804,1600
36.030001,994,1597
36.035000,869,1598
36.039999,779,1602
36.044999,959,1599
36.049999,923,1603
36.055000,778,1596
36.059999,877,1598
36.065000,948,1600
36.070000,774,1597
36.075000,808,1601
36.080000,978,1599
36.085000,860,1603
36.090000,800,1601
36.094999,970,1602
36.099999,932,1601
36.104999,754,1601
36.110000,864,1602
36.114999,949,1600
36.120000,784,1606
36.125000,816,1604
36.129999,982,1607
36.135000,866,1607
36.140001,802,1608
36.144999,975,1608
36.149999,922,1616
36.155001,776,1613
36.160000,876,1614
36.164999,949,1619
36.170000,780,1614
36.174999,815,1617
36.180000,980,1617
36.185000,859,1621
36.190001,797,1614
36.195001,965,1620
36.199999,930,1618
36.204999,760,1614
36.210000,893,1616
36.215001,966,1618
36.220000,779,1614
36.225000,819,1613
36.230001,984,1612
36.234999,866,1614
36.239999,785,1614
36.245001,959,1613
36.250000,942,1615
36.255000,760,1613
36.260000,889,1613
36.265001,964,1610
36.269999,779,1612
36.274999,817,1616
36.279999,974,1619
36.284999,859,1615
36.290000,795,1614
36.295000,985,1614
36.300001,934,1617
36.305001,764,1616
36.310000,873,1617
36.315000,971,1616
36.319999,774,1616
36.325000,810,1613
36.330001,991,1614
36.335000,869,1615
36.340001,789,1615
36.344999,960,1613
36.350000,947,1611
36.355001,759,1612
36.359999,870,1611
36.364999,971,1609
36.370000,775,1607
36.375000,811,1606
36.380000,989,1605
36.385001,870,1603
36.390000,793,1603
36.395000,962,1602
36.400000,938,1605
36.404999,760,1602
36.410000,867,1602
36.415000,960,1601
36.420000,765,1597
36.424999,827,1592
36.430000,984,1595
36.435000,856,1593
36.440000,785,1592
36.444999,957,1594
36.450001,933,1587
36.455001,755,1586
36.460001,870,1590
36.465000,963,1587
36.470001,776,1587
36.475000,810,1582
36.479999,969,1589
36.485000,865,1585
36.489999,780,1585
36.495000,985,1581
36.500000,926,1585
36.504999,770,1592
36.510000,878,1588
36.514999,941,1592
36.520001,772,1588
36.525001,801,1595
36.530000,988,1593
36.535000,850,1593
36.540000,792,1592
36.545000,961,1595
36.550000,941,1596
36.555001,764,1594
36.560001,870,1595
36.564999,962,1595
36.569999,770,1594
36.575000,807,1597
36.580000,987,1593
36.584999,861,1593
36.590000,777,1597
36.594999,973,1591
36.600000,923,1595
36.605000,773,1593
36.610000,875,1594
36.614999,965,1596
36.620000,763,1597
36.625000,805,1599
36.629999,978,1594
36.635000,860,1601
36.640000,782,1602
36.645001,964,1602
36.650000,939,1603
36.655000,762,1606
36.660001,872,1606
36.664999,969,1605
36.669999,767,1608
36.675000,806,1609
36.680001,992,1607
36.685001,850,1612
36.690001,796,1602
36.695001,970,1608
36.700000,924,1611
36.705001,758,1610
36.710000,879,1613
36.715000,947,1613
36.720001,782,1612
36.725000,815,1612
36.729999,981,1606
36.735001,870,1610
36.740001,798,1612
36.744999,969,1612
36.749999,925,1617
36.755000,753,1620
36.760001,885,1619
36.764999,946,1620
36.770000,781,1617
36.774999,822,1616
36.780000,973,1621
36.785001,866,1613
36.790000,790,1614
36.795001,961,1620
36.800000,937,1613
36.805000,757,1615
36.810000,873,1618
36.815001,964,1612
36.820000,766,1614
36.824999,805,1612
36.830000,991,1610
36.834999,854,1611
36.840000,799,1613
36.845001,965,1615
36.850000,918,1612
36.854999,767,1611
36.860000,889,1616
36.865001,962,1612
36.869999,774,1614
36.874999,805,1614
36.880000,971,1616
36.885000,866,1612
36.890000,793,1617
36.894999,965,1614
36.899999,939,1612
36.905000,762,1611
36.910000,880,1609
36.914999,962,1607
36.920000,775,1603
36.924999,823,1602
36.930000,977,1605
36.935000,844,1603
36.940000,788,1604
36.945000,970,1606
36.950000,919,1600
36.955000,761,1598
36.960000,886,1598
36.965001,947,1600
36.969999,776,1597
36.975000,804,1602
36.980000,989,1600
36.985000,852,1601
36.989999,786,1603
36.995000,980,1599
37.000000,930,1601
37.004999,758,1607
37.010000,897,1601
37.014999,952,1606
37.020001,772,1598
37.025000,822,1606
37.030000,975,1610
37.035001,847,1611
37.039999,788,1608
37.044999,984,1609
37.050000,926,1610
37.055000,774,1610
37.060001,882,1611
37.064999,942,1612
37.070000,769,1609
37.074999,812,1610
37.079999,973,1612
37.085000,865,1611
37.090000,792,1612
37.094999,979,1610
37.100000,922,1610
37.105000,769,1611
37.110000,889,1612
37.115000,941,1615
37.120000,765,1611
37.125000,826,1606
37.130001,974,1614
37.135001,844,1614
37.140001,796,1613
37.145000,968,1612
37.149999,941,1613
37.155000,753,1615
37.160000,894,1614
37.164999,948,1615
37.169999,774,1614
37.175000,815,1615
37.180000,971,1618
37.184999,847,1614
37.190000,785,1621
37.194999,983,1617
37.200001,928,1620
37.205000,760,1620
37.210000,888,1621
37.215000,971,1618
37.220000,761,1623
37.225000,829,1622
37.229999,976,1622
37.235001,843,1622
37.240001,803,1619
37.244999,979,1620
37.250000,920,1623
37.254999,758,1624
37.259999,906,1616
37.264999,965,1616
37.270001,763,1616
37.275000,804,1617
37.280001,984,1616
37.285000,845,1616
37.289999,796,1612
37.294999,970,1608
37.299999,943,1605
37.305000,760,1606
37.309999,882,1608
37.315000,961,1600
37.319999,758,1603
37.325000,829,1604
37.330000,972,1601
37.335000,840,1605
37.340000,801,1599
37.344999,979,1601
37.350000,928,1594
37.355000,762,1604
37.360000,885,1602
37.365000,959,1603
37.369999,755,1606
37.375000,806,1603
37.379999,984,1606
37.385000,844,1605
37.389999,802,1605
37.395001,971,1606
37.400000,922,1608
37.405000,756,1611
37.410000,886,1613
37.415000,963,1609
37.420000,761,1608
37.424999,806,1611
37.430000,987,1608
37.435000,842,1609
37.440000,792,1611
37.445001,988,1609
37.450000,929,1610
37.455001,753,1609
37.459999,896,1608
37.465000,951,1611
37.470000,764,1608
37.475000,811,1606
37.480000,989,1607
37.485001,842,1609
37.490000,803,1604
37.494999,975,1606
37.499999,926,1606
37.505000,771,1604
37.510000,890,1605
37.515000,942,1609
37.520000,774,1606
37.525000,811,1606
37.530000,978,1600
37.535000,851,1603
37.540000,793,1605
37.544999,968,1611
37.550000,934,1606
37.555000,755,1610
37.560000,901,1607
37.565000,955,1608
37.570000,751,1612
37.574999,822,1605
37.580000,975,1609
37.585000,842,1609
37.590001,783,1614
37.594999,985,1612
37.600000,928,1609
37.604999,764,1611
37.609999,898,1612
37.614999,942,1614
37.620000,765,1612
37.625001,809,1614
37.629999,990,1615
37.635000,850,1615
37.640000,787,1615
37.645000,983,1612
37.650000,927,1613
37.655001,753,1614
37.660000,893,1606
37.665000,950,1612
37.670001,760,1615
37.675000,807,1618
37.680000,987,1617
37.684999,854,1612
37.690001,791,1611
37.695000,967,1614
37.699999,917,1616
37.704999,772,1615
37.710000,892,1614
37.715001,942,1616
37.719999,755,1615
37.725000,820,1612
37.730000,969,1615
37.735001,857,1612
37.740000,790,1612
37.745000,966,1615
37.750000,931,1615
37.754999,757,1615
37.760000,899,1613
37.765000,944,1613
37.770001,765,1604
37.775000,817,1616
37.780001,970,1613
37.785001,850,1610
37.789999,789,1612
37.794999,985,1612
37.799999,924,1615
37.805000,770,1613
37.809999,888,1615
37.815001,954,1610
37.819999,778,1613
37.825001,815,1613
37.830000,963,1614
37.835000,850,1613
37.840001,788,1611
37.844999,962,1616
37.850000,942,1611
37.855000,760,1612
37.860001,890,1612
37.865001,959,1611
37.870001,756,1616
37.875000,807,1618
37.879999,974,1615
37.885000,835,1620
37.890000,807,1612
37.895000,979,1617
37.899999,921,1617
37.905000,751,1620
37.910001,905,1618
37.915000,955,1626
37.920000,768,1618
37.924999,814,1619
37.929999,990,1618
37.935000,838,1621
37.940001,783,1620
37.945000,965,1619
37.950000,931,1616
37.955001,761,1614
37.959999,890,1618
37.965000,958,1612
37.969999,753,1617
37.975000,824,1602
37.980000,981,1612
37.985000,836,1609
37.990000,783,1609
37.994999,985,1605
38.000000,919,1606
38.005000,760,1602
38.010001,916,1601
38.014999,945,1601
38.020001,760,1601
38.025000,813,1601
38.030000,968,1605
38.035000,855,1601
38.040000,796,1600
38.045000,966,1599
38.050000,917,1600
38.055001,774,1597
38.060001,893,1597
38.065000,941,1598
38.070000,780,1593
38.075000,822,1594
38.080000,989,1597
38.084999,844,1596
38.090000,790,1593
38.095000,968,1593
38.099999,935,1591
38.104999,761,1593
38.110001,908,1586
38.115000,948,1590
38.120000,754,1591
38.125000,825,1589
38.130000,967,1592
38.135001,830,1593
38.140000,803,1589
38.145000,982,1590
38.150000,926,1591
38.155000,761,1583
38.160001,904,1593
38.165000,944,1593
38.170000,758,1592
38.175001,808,1594
38.180001,988,1593
38.184999,838,1592
38.190001,804,1593
38.195000,986,1595
38.200000,919,1598
38.205000,762,1585
38.209999,907,1599
38.215000,942,1595
38.219999,776,1594
38.225001,818,1595
38.230001,966,1598
38.235000,829,1602
38.240000,801,1596
38.244999,970,1597
38.250000,933,1598
38.254999,758,1600
38.260000,917,1599
38.265000,942,1601
38.270000,770,1600
38.275000,806,1605
38.280000,990,1601
38.285000,833,1596
38.290000,798,1601
38.295001,967,1603
38.300000,942,1599
38.305000,759,1603
38.309999,896,1603
38.315001,965,1600
38.320000,770,1603
38.325000,826,1602
38.330000,977,1602
38.335000,831,1606
38.340000,787,1605
38.344999,990,1602
38.350000,927,1601
38.354999,766,1605
38.360001,897,1599
38.365000,942,1600
38.370001,773,1599
38.374999,812,1602
38.380001,973,1603
38.385001,853,1600
38.389999,805,1598
38.395000,975,1602
38.399999,915,1605
38.405000,775,1602
38.410000,914,1597
38.415000,947,1600
38.420000,767,1604
38.424999,818,1599
38.430000,977,1599
38.435000,836,1600
38.440000,802,1599
38.444999,986,1601
38.450000,925,1599
38.455000,758,1601
38.460000,896,1601
38.465000,953,1601
38.469999,763,1599
38.475000,803,1601
38.479999,963,1602
38.485001,847,1601
38.490000,787,1603
38.495000,973,1594
38.500000,913,1601
38.504999,778,1600
38.510000,911,1602
38.515000,939,1603
38.520000,772,1597
38.524999,807,1602
38.530000,964,1603
38.535000,843,1600
38.540000,806,1601
38.545000,970,1597
38.550000,931,1598
38.555000,760,1601
38.559999,911,1602
38.565001,942,1601
38.570000,751,1600
38.574999,829,1597
38.579999,977,1601
38.585000,827,1599
38.590001,804,1601
38.595000,976,1598
38.600000,914,1603
38.604999,776,1600
38.610001,905,1599
38.615000,937,1602
38.620001,746,1604
38.625001,827,1606
38.629999,977,1602
38.635001,823,1604
38.639999,805,1604
38.645000,967,1605
38.649999,931,1606
38.655000,757,1609
38.660000,900,1606
38.665000,958,1608
38.670000,762,1604
38.675000,807,1608
38.679999,966,1605
38.684999,839,1603
38.690001,804,1602
38.695000,966,1606
38.700000,932,1601
38.705000,767,1604
38.709999,895,1605
38.715000,944,1605
38.719999,767,1595
38.725001,819,1602
38.730001,963,1603
38.734999,821,1606
38.739999,805,1604
38.745000,978,1602
38.750000,913,1605
38.754999,767,1605
38.760000,905,1608
38.765000,958,1609
38.770000,758,1610
38.775000,811,1612
38.780000,967,1607
38.785001,842,1613
38.790001,793,1616
38.795000,969,1618
38.800000,934,1618
38.805000,764,1618
38.809999,900,1622
38.815000,958,1616
38.820000,760,1618
38.825000,816,1619
38.830000,976,1615
38.835001,838,1616
38.840000,796,1616
38.845000,968,1619
38.850000,934,1616
38.855000,773,1618
38.860001,907,1613
38.865000,942,1614
38.870000,756,1616
38.875000,806,1625
38.879999,979,1611
38.885000,826,1621
38.890000,787,1616
38.895000,968,1618
38.900001,936,1615
38.904999,767,1609
38.910000,916,1619
38.914999,944,1621
38.920000,765,1611
38.925000,819,1618
38.930001,967,1619
38.935001,842,1621
38.940000,793,1622
38.944999,970,1622
38.950000,933,1620
38.955000,764,1626
38.960000,921,1624
38.965000,950,1626
38.970000,754,1626
38.975000,811,1626
38.979999,984,1625
38.985001,824,1627
38.990000,808,1630
38.995001,981,1627
39.000000,917,1628
39.005000,761,1629
39.010001,926,1628
39.015000,950,1626
39.020000,763,1629
39.025000,809,1630
39.030001,974,1627
39.035000,838,1625
39.040000,808,1625
39.045000,971,1626
39.050001,940,1620
39.055000,768,1622
39.060000,905,1622
39.065000,956,1621
39.070000,757,1620
39.074999,817,1614
39.080000,980,1617
39.085000,824,1615
39.090000,804,1619
39.095001,970,1624
39.099999,941,1615
39.105000,768,1620
39.110000,901,1620
39.115000,949,1617
39.119999,756,1618
39.125000,826,1615
39.130000,971,1618
39.135000,824,1616
39.140000,789,1619
39.145001,986,1616
39.150000,916,1618
39.154999,773,1618
39.159999,904,1620
39.165000,955,1613
39.170000,757,1615
39.175001,831,1612
39.180000,968,1614
39.185000,835,1611
39.190000,804,1612
39.194999,971,1611
39.200000,935,1612
39.205000,763,1611
39.210001,912,1601
39.215000,956,1610
39.219999,754,1608
39.225001,808,1611
39.230001,981,1606
39.235000,829,1612
39.239999,808,1611
39.245000,985,1612
39.250000,916,1614
39.254999,777,1612
39.260000,911,1613
39.265000,938,1612
39.270000,769,1613
39.275000,827,1612
39.280000,964,1614
39.285000,841,1613
39.290000,805,1614
39.295001,971,1615
39.300001,942,1608
39.305001,773,1611
39.310001,912,1613
39.315000,937,1614
39.320001,770,1611
39.325000,821,1611
39.330001,975,1609
39.335000,840,1609
39.339999,799,1609
39.344999,994,1608
39.350000,933,1609
39.354999,760,1607
39.360001,931,1604
39.365000,954,1606
39.369999,760,1603
39.375000,828,1602
39.380000,977,1603
39.385000,824,1603
39.389999,815,1600
39.395000,974,1601
39.400000,914,1601
39.405000,783,1597
39.410001,919,1599
39.415000,943,1598
39.420000,757,1596
39.424999,813,1597
39.430000,982,1589
39.434999,830,1594
39.440000,795,1594
39.445000,970,1593
39.449999,937,1590
39.454999,766,1588
39.460000,906,1590
39.465000,950,1579
39.470000,760,1585
39.475000,811,1591
39.479999,985,1585
39.485000,819,1589
39.489999,789,1594
39.494999,994,1586
39.500000,919,1589
39.504999,756,1593
39.510000,928,1589
39.515000,942,1589
39.520000,754,1590
39.525001,819,1589
39.529999,967,1595
39.535000,812,1593
39.540000,814,1589
39.545001,980,1590
39.550001,915,1593
39.555000,759,1592
39.559999,924,1586
39.565001,942,1588
39.570000,746,1588
39.575000,834,1584
39.580001,978,1585
39.584999,822,1585
39.590000,789,1586
39.595001,989,1582
39.599999,924,1586
39.604999,757,1588
39.610001,927,1584
39.614999,937,1587
39.620000,745,1592
39.625001,822,1587
39.629999,966,1591
39.635000,811,1596
39.639999,789,1599
39.645000,986,1595
39.649999,916,1597
39.654999,774,1601
39.660000,910,1604
39.665000,952,1600
39.670000,757,1607
39.675000,814,1612
39.680000,980,1608
39.684999,829,1613
39.690001,796,1612
39.695001,986,1607
39.700000,930,1614
39.705000,773,1619
39.709999,918,1617
39.715001,940,1620
39.720000,753,1620
39.725000,824,1614
39.730000,978,1618
39.735000,819,1620
39.739999,798,1620
39.745000,980,1610
39.750000,934,1620
39.755000,768,1621
39.760001,911,1624
39.765000,934,1625
39.770000,766,1621
39.774999,819,1624
39.780000,983,1614
39.785001,836,1619
39.790001,802,1620
39.795000,975,1623
39.799999,917,1624
39.805000,765,1624
39.809999,914,1624
39.815000,955,1622
39.819999,759,1625
39.825000,818,1626
39.830001,988,1622
39.835000,822,1623
39.840000,812,1624
39.844999,985,1625
39.850001,924,1628
39.855000,766,1625
39.860000,915,1631
39.864999,963,1622
39.870000,768,1625
39.875000,814,1627
39.880001,970,1625
39.885000,821,1617
39.890000,811,1621
39.895000,981,1618
39.900000,922,1620
39.905000,782,1614
39.910000,928,1616
39.914999,941,1616
39.920000,768,1606
39.925000,836,1611
39.930000,979,1606
39.934999,817,1608
39.940000,808,1598
39.945001,985,1605
39.950000,920,1604
39.955000,759,1604
39.959999,926,1603
39.965000,938,1600
39.969999,751,1599
39.975000,813,1601
39.980000,965,1596
39.985001,826,1596
39.990001,798,1598
39.995001,986,1600
40.000001,933,1595
40.004999,760,1600
40.010001,935,1596
40.015000,938,1595
40.020000,753,1595
40.025000,835,1594
40.030000,971,1595
40.035000,823,1597
40.039999,803,1594
40.045000,994,1590
40.049999,923,1596
40.055000,772,1596
40.060001,920,1595
40.064999,947,1590
40.069999,754,1594
40.075000,828,1594
40.080000,982,1597
40.085000,822,1597
40.090000,796,1596
40.095000,969,1598
40.100000,929,1595
40.105001,770,1595
40.109999,916,1596
40.115000,930,1600
40.120000,771,1596
40.125001,819,1594
40.130000,966,1596
40.135001,803,1597
40.140000,811,1595
40.145000,988,1595
40.149999,922,1596
40.155000,757,1601
40.160000,933,1598
40.165001,946,1599
40.170000,758,1597
40.175000,813,1599
40.180001,981,1601
40.185000,816,1600
40.189999,793,1604
40.195000,975,1600
40.199999,914,1606
40.204999,779,1600
40.210000,925,1604
40.215001,931,1605
40.220000,769,1602
40.225000,816,1605
40.230000,964,1607
40.235001,810,1604
40.240000,813,1601
40.244999,992,1605
40.249999,920,1606
40.255000,765,1605
40.260001,913,1606
40.264999,950,1604
40.269999,768,1605
40.274999,821,1605
40.280000,979,1607
40.285000,821,1607
40.290000,803,1610
40.295000,983,1607
40.299999,919,1608
40.305001,764,1607
40.310000,940,1606
40.315000,940,1607
40.320000,749,1607
40.324999,827,1599
40.329999,985,1608
40.335000,818,1604
40.340000,808,1603
40.345000,975,1602
40.350000,934,1599
40.355000,775,1598
40.360000,921,1600
40.365000,953,1600
40.370000,765,1597
40.375001,814,1602
40.379999,986,1599
40.385001,822,1599
40.390000,793,1601
40.395000,993,1599
40.399999,922,1603
40.405001,780,1602
40.410001,915,1611
40.414999,954,1604
40.419999,748,1608
40.424999,824,1610
40.430000,966,1612
40.435000,825,1611
40.440000,807,1613
40.444999,976,1614
40.450000,932,1611
40.455000,770,1612
40.460001,947,1608
40.465000,946,1610
40.469999,756,1614
40.475000,817,1611
40.480000,977,1611
40.485000,819,1611
40.489999,800,1612
40.495001,998,1609
40.500000,915,1612
40.505001,782,1610
40.510000,926,1614
40.514999,953,1612
40.520000,762,1611
40.524999,818,1612
40.529999,986,1612
40.535000,810,1614
40.539999,802,1617
40.544999,993,1612
40.549999,924,1614
40.555001,763,1616
40.560000,941,1613
40.565000,951,1613
40.569999,760,1615
40.575000,812,1614
40.579999,979,1612
40.585000,813,1611
40.590001,797,1613
40.594999,992,1611
40.600001,922,1608
40.605000,781,1605
40.610000,934,1609
40.615000,936,1613
40.619999,770,1611
40.625000,822,1613
40.629999,965,1613
40.635000,823,1614
40.640000,797,1619
40.645000,998,1618
40.650000,935,1616
40.654999,776,1618
40.659999,933,1622
40.665000,936,1625
40.670000,760,1627
40.674999,840,1626
40.680000,970,1628
40.685000,822,1625
40.690001,812,1632
40.695000,977,1632
40.700000,937,1627
40.705000,766,1633
40.709999,941,1629
40.715000,934,1632
40.720000,764,1630
40.725000,843,1628
40.730000,970,1633
40.735000,820,1633
40.739999,798,1635
40.745000,986,1634
40.750000,937,1631
40.754999,778,1634
40.760001,923,1635
40.764999,949,1633
40.770000,764,1637
40.774999,813,1641
40.780000,976,1641
40.785000,818,1639
40.790001,805,1637
40.795001,999,1637
40.800000,933,1640
40.805000,770,1644
40.809999,936,1641
40.815000,937,1643
40.819999,749,1645
40.825000,835,1638
40.830000,977,1641
40.834999,807,1631
40.840001,797,1641
40.845000,973,1640
40.850000,921,1631
40.854999,784,1632
40.860000,934,1633
40.865000,937,1632
40.869999,757,1624
40.875000,815,1628
40.880000,979,1630
40.884999,806,1631
40.889999,824,1626
40.895001,993,1630
40.900000,927,1626
40.905001,771,1631
40.910000,939,1628
40.914999,941,1627
40.920000,754,1630
40.924999,819,1629
40.930000,965,1624
40.935000,820,1625
40.940000,802,1626
40.944999,977,1622
40.950001,932,1618
40.954999,767,1620
40.960001,944,1614
40.965001,940,1614
40.970000,765,1606
40.974999,821,1608
40.979999,965,1606
40.985001,797,1604
40.989999,813,1602
40.995001,981,1597
41.000001,913,1600
41.005000,781,1597
41.010000,933,1596
41.015000,932,1592
41.020001,746,1592
41.025000,829,1587
41.030001,968,1586
41.035001,798,1590
41.040000,815,1586
41.044999,977,1584
41.049999,931,1578
41.055001,775,1582
41.060000,927,1580
41.065000,928,1580
41.069999,753,1576
41.075000,812,1577
41.080001,976,1577
41.085000,803,1577
41.090001,799,1579
41.094999,975,1577
41.100000,909,1580
41.104999,780,1579
41.110001,925,1579
41.115000,951,1574
41.120000,757,1578
41.125000,809,1583
41.130000,973,1579
41.135000,804,1585
41.139999,792,1587
41.145001,970,1585
41.150001,930,1582
41.155001,767,1583
41.160000,946,1582
41.164999,943,1584
41.170000,748,1587
41.174999,810,1586
41.180001,978,1584
41.185000,805,1586
41.190001,803,1584
41.195000,979,1587
41.200001,909,1588
41.205001,762,1588
41.209999,941,1583
41.215000,938,1588
41.219999,748,1592
41.225001,827,1582
41.230000,969,1591
41.235000,798,1593
41.239999,813,1590
41.245001,987,1592
41.250001,907,1593
41.254999,777,1595
41.260001,927,1596
41.264999,926,1598
41.270000,765,1592
41.274999,819,1603
41.280000,976,1604
41.285001,810,1603
41.290000,794,1613
41.295000,988,1603
41.300000,911,1603
41.305000,779,1600
41.309999,938,1604
41.315000,926,1608
41.319999,761,1611
41.325000,821,1603
41.330001,962,1603
41.334999,796,1605
41.340000,797,1606
41.345001,991,1595
41.350000,926,1601
41.355001,768,1606
41.360000,925,1605
41.365000,944,1602
41.369999,751,1603
41.374999,817,1605
41.380000,980,1604
41.385000,802,1606
41.389999,795,1608
41.395000,994,1608
41.399999,920,1606
41.405000,767,1609
41.410000,943,1603
41.415000,939,1610
41.420000,748,1612
41.425000,832,1611
41.430000,968,1614
41.434999,804,1614
41.440000,797,1614
41.444999,993,1612
41.450001,913,1613
41.455000,784,1614
41.460000,932,1614
41.465000,931,1616
41.470000,750,1617
41.475000,832,1615
41.479999,965,1617
41.485000,815,1618
41.490000,801,1619
41.494999,993,1619
41.500000,911,1620
41.505000,783,1613
41.510001,941,1621
41.515000,933,1621
41.520000,770,1620
41.524999,827,1625
41.529999,973,1622
41.534999,802,1623
41.540001,801,1621
41.545000,976,1622
41.549999,929,1617
41.555001,785,1622
41.560000,946,1621
41.565001,936,1622
41.570000,768,1620
41.574999,833,1622
41.579999,973,1619
41.585000,802,1619
41.589999,803,1624
41.595000,978,1622
41.600000,927,1623
41.604999,774,1624
41.610000,954,1615
41.615001,946,1621
41.619999,759,1622
41.624999,829,1625
41.630000,983,1625
41.635001,803,1625
41.639999,815,1625
41.645000,988,1626
41.650001,911,1627
41.654999,772,1619
41.660000,943,1624
41.665000,939,1625
41.670000,753,1622
41.674999,843,1622
41.680000,969,1624
41.685001,796,1624
41.689999,800,1622
41.695000,979,1622
41.699999,925,1618
41.704999,781,1617
41.710001,942,1615
41.715000,937,1616
41.719999,766,1607
41.725001,839,1610
41.730000,964,1615
41.735000,814,1613
41.740000,813,1612
41.744999,985,1613
41.750000,908,1612
41.754999,767,1614
41.760000,943,1613
41.764999,930,1617
41.770000,765,1611
41.775000,826,1614
41.780000,984,1611
41.785000,798,1611
41.790000,798,1615
41.795001,986,1610
41.800000,913,1608
41.805001,767,1613
41.810001,949,1609
41.815000,936,1608
41.820000,766,1605
41.824999,838,1605
41.830000,966,1603
41.835000,789,1606
41.840000,818,1600
41.845000,976,1603
41.850000,899,1606
41.855000,776,1601
41.860000,944,1600
41.864999,927,1602
41.870001,765,1597
41.875000,836,1600
41.880000,961,1600
41.885001,804,1596
41.890000,805,1600
41.895000,981,1592
41.900000,917,1600
41.905000,776,1600
41.910000,936,1601
41.915000,934,1593
41.920000,760,1599
41.924999,829,1600
41.930000,955,1601
41.935000,802,1595
41.940001,806,1596
41.945001,973,1596
41.950001,900,1597
41.955000,782,1592
41.960000,940,1593
41.965000,926,1595
41.970001,766,1592
41.974999,833,1592
41.979999,959,1596
41.985000,802,1592
41.990000,814,1591
41.994999,975,1595
42.000000,913,1595
42.004999,772,1596
42.010001,941,1598
42.015000,927,1603
42.020000,745,1605
42.024999,841,1603
42.030000,959,1608
42.035001,806,1603
42.039999,810,1606
42.045000,973,1607
42.049999,915,1606
42.055000,783,1607
42.060000,945,1608
42.065001,943,1599
42.070000,750,1608
42.075000,841,1610
42.080001,957,1611
42.084999,799,1609
42.090000,805,1610
42.095001,979,1608
42.099999,921,1607
42.104999,784,1607
42.110000,938,1612
42.115001,940,1610
42.119999,750,1612
42.124999,853,1609
42.130000,964,1610
42.135001,792,1612
42.139999,824,1609
42.145000,990,1614
42.150001,904,1615
42.154999,786,1614
42.160000,941,1621
42.164999,954,1614
42.169999,757,1619
42.174999,830,1624
42.180000,976,1617
42.184999,801,1621
42.190001,811,1621
42.195001,995,1622
42.200000,901,1624
42.205000,790,1619
42.210000,951,1620
42.215000,936,1624
42.219999,750,1625
42.225001,847,1621
42.230001,964,1625
42.235000,805,1616
42.240000,821,1620
42.244999,984,1623
42.249999,899,1622
42.255000,788,1622
42.260000,946,1622
42.264999,932,1626
42.270000,753,1624
42.275000,853,1618
42.280001,969,1619
42.285000,800,1620
42.290000,810,1618
42.295000,997,1619
42.300000,913,1616
42.305000,778,1617
42.309999,947,1619
42.315001,948,1619
42.319999,754,1616
42.325001,834,1617
42.330000,970,1619
42.335000,784,1617
42.340000,822,1616
42.344999,979,1617
42.350001,918,1614
42.355000,777,1614
42.360001,941,1615
42.365000,937,1615
42.369999,754,1616
42.375000,833,1617
42.379999,972,1615
42.385000,790,1613
42.390001,799,1614
42.394999,990,1612
42.399999,895,1616
42.405000,791,1612
42.410000,952,1611
42.414999,931,1613
42.419999,768,1613
42.425000,834,1612
42.430000,953,1613
42.435000,803,1607
42.440000,814,1605
42.445000,971,1608
42.449999,909,1606
42.455000,773,1604
42.459999,956,1604
42.465000,933,1605
42.470001,751,1602
42.475000,855,1601
42.480000,952,1602
42.485000,795,1599
42.490000,808,1600
42.495000,973,1603
42.500000,903,1603
42.505000,763,1606
42.510000,944,1601
42.514999,941,1604
42.520001,764,1606
42.525000,843,1606
42.530000,969,1608
42.535000,785,1608
42.540000,802,1612
42.545000,973,1616
42.549999,905,1612
42.555000,783,1612
42.559999,947,1613
42.565000,927,1617
42.569999,765,1612
42.575000,852,1613
42.579999,954,1614
42.585000,795,1615
42.590000,817,1611
42.595000,978,1614
42.600000,887,1615
42.604999,793,1612
42.610000,953,1613
42.615000,929,1611
42.619999,762,1610
42.624999,836,1614
42.630001,971,1610
42.635000,788,1611
42.640001,800,1614
42.645000,990,1611
42.649999,895,1616
42.654999,767,1614
42.660000,956,1620
42.665000,933,1616
42.670001,755,1620
42.675000,843,1615
42.680000,978,1621
42.685000,783,1624
42.690001,824,1622
42.695000,989,1625
42.699999,894,1625
42.705000,771,1628
42.710000,967,1625
42.715000,933,1624
42.719999,751,1627
42.725000,856,1624
42.730000,970,1628
42.735000,790,1624
42.739999,812,1625
42.745001,973,1627
42.750001,908,1624
42.755000,772,1628
42.760000,956,1624
42.764999,938,1622
42.770000,767,1621
42.775000,844,1625
42.780000,954,1622
42.785001,792,1618
42.790001,819,1620
42.795000,981,1617
42.800000,887,1620
42.805001,793,1617
42.810000,953,1616
42.814999,926,1618
42.819999,767,1613
42.825000,846,1613
42.830000,954,1613
42.835000,791,1607
42.840000,803,1609
42.845000,978,1602
42.850000,900,1605
42.854999,793,1604
42.860000,939,1603
42.865000,941,1598
42.870000,755,1597
42.875000,848,1598
42.880000,964,1597
42.885001,779,1599
42.890001,799,1599
42.895000,991,1596
42.899999,891,1598
42.904999,780,1598
42.909999,947,1597
42.915001,940,1598
42.920000,759,1597
42.924999,843,1601
42.930001,970,1601
42.935000,772,1599
42.940000,808,1598
42.945000,995,1597
42.949999,893,1595
42.954999,775,1595
42.959999,940,1598
42.965000,936,1594
42.970001,747,1597
42.975001,839,1593
42.980000,968,1592
42.985000,785,1592
42.989999,810,1592
42.995001,984,1590
43.000000,880,1593
43.004999,790,1589
43.010001,956,1591
43.015001,921,1592
43.020000,747,1590
43.024999,859,1592
43.030000,950,1592
43.035000,784,1591
43.039999,805,1593
43.044999,972,1595
43.050000,901,1589
43.055000,779,1591
43.059999,941,1598
43.065001,932,1592
43.070000,748,1599
43.074999,853,1598
43.079999,953,1598
43.085000,795,1597
43.090000,808,1596
43.095000,990,1599
43.100000,888,1600
43.105000,779,1603
43.110000,947,1602
43.115000,938,1590
43.120000,762,1596
43.125000,858,1600
43.130001,955,1600
43.135001,792,1600
43.140000,809,1597
43.145000,975,1599
43.149999,877,1599
43.155000,785,1597
43.160000,948,1599
43.165001,924,1596
43.170000,763,1595
43.175000,853,1597
43.180000,952,1595
43.185000,786,1593
43.189999,821,1594
43.194999,979,1595
43.200001,878,1592
43.205001,787,1589
43.210000,967,1591
43.215000,925,1590
43.219999,747,1597
43.225000,861,1593
43.230001,954,1585
43.235000,787,1594
43.240000,798,1595
43.244999,968,1600
43.250000,883,1586
43.254999,786,1593
43.260000,950,1597
43.264999,936,1601
43.270000,750,1603
43.275000,846,1605
43.280000,949,1608
43.285000,788,1604
43.289999,815,1606
43.294999,978,1604
43.299999,878,1611
43.305001,794,1608
43.310000,960,1608
43.315000,942,1610
43.319999,761,1605
43.325000,855,1606
43.329999,950,1607
43.335001,789,1603
43.340001,809,1605
43.344999,973,1604
43.350000,892,1600
43.355000,783,1604
43.360000,956,1603
43.365000,927,1601
43.370000,767,1601
43.375000,863,1598
43.380000,952,1604
43.385000,785,1602
43.389999,812,1602
43.395000,980,1606
43.399999,874,1612
43.405000,795,1610
43.410000,956,1613
43.415000,949,1611
43.420000,771,1614
43.425000,868,1618
43.429999,964,1619
43.434999,773,1621
43.440001,819,1622
43.445001,978,1625
43.449999,879,1626
43.454999,776,1629
43.459999,954,1630
43.465000,945,1626
43.469999,765,1629
43.475001,857,1633
43.480000,974,1630
43.485000,785,1628
43.490000,812,1629
43.494999,977,1633
43.500000,897,1629
43.505000,786,1631
43.510000,955,1629
43.514999,944,1632
43.520000,761,1629
43.525000,864,1631
43.530000,955,1627
43.535000,792,1624
43.539999,817,1625
43.545000,979,1628
43.549999,871,1627
43.555000,800,1624
43.560000,965,1623
43.565001,932,1622
43.570000,767,1614
43.575000,861,1622
43.580001,966,1618
43.584999,781,1619
43.590000,802,1621
43.595000,972,1625
43.600000,883,1618
43.605001,776,1618
43.610000,977,1619
43.614999,935,1615
43.620000,748,1621
43.625001,875,1618
43.630000,957,1615
43.635000,768,1616
43.640000,816,1614
43.645001,982,1615
43.650000,872,1617
43.655000,788,1616
43.660000,980,1616
43.665000,944,1615
43.670000,756,1616
43.674999,861,1614
43.680001,966,1608
43.685000,769,1618
43.690000,801,1613
43.695001,984,1615
43.699999,884,1610
43.705000,777,1612
43.710000,957,1612
43.715001,937,1612
43.720001,756,1608
43.725000,873,1604
43.730000,962,1608
43.735000,766,1615
43.740000,821,1608
43.745000,986,1605
43.750001,873,1606
43.754999,798,1604
43.760000,966,1604
43.764999,925,1608
43.770000,750,1608
43.775000,876,1608
43.780000,957,1606
43.785000,784,1601
43.789999,811,1605
43.795000,983,1597
43.799999,873,1597
43.805000,795,1601
43.810001,965,1600
43.814999,930,1599
43.819999,767,1590
43.825000,880,1592
43.830000,964,1594
43.835000,764,1594
43.840000,804,1593
43.845001,977,1589
43.850000,870,1589
43.854999,793,1579
43.860000,969,1587
43.865000,921,1590
43.870000,771,1592
43.875001,870,1589
43.880000,953,1589
43.885000,787,1586
43.889999,819,1591
43.895000,988,1588
43.900000,875,1590
43.905001,777,1592
43.910000,977,1587
43.915000,920,1596
43.920001,773,1586
43.925000,877,1591
43.930000,952,1588
43.935000,764,1588
43.940000,803,1592
43.945000,991,1590
43.950000,873,1589
43.955000,794,1590
43.960001,963,1590
43.965000,941,1593
43.969999,750,1598
43.975000,880,1596
43.980000,965,1596
43.985000,781,1602
43.990000,806,1601
43.994999,989,1604
43.999999,875,1605
44.005000,778,1605
44.010001,980,1606
44.014999,929,1609
44.020000,753,1609
44.025000,883,1606
44.030000,956,1607
44.035000,769,1608
44.039999,814,1612
44.044999,974,1613
44.049999,879,1611
44.055001,777,1614
44.060000,973,1612
44.065000,921,1614
44.070000,771,1612
44.074999,864,1617
44.080000,965,1611
44.084999,776,1614
44.090000,816,1614
44.095000,986,1614
44.100000,862,1616
44.104999,798,1617
44.110000,961,1618
44.115000,944,1617
44.119999,754,1617
44.124999,877,1610
44.130000,960,1621
44.135000,764,1622
44.140000,802,1626
44.145000,990,1621
44.149999,876,1625
44.155000,786,1622
44.160000,961,1623
44.165000,943,1623
44.170001,758,1623
44.175000,877,1622
44.180000,954,1624
44.185000,785,1620
44.190000,821,1621
44.194999,975,1625
44.200000,880,1619
44.205000,780,1619
44.209999,972,1610
44.215000,930,1617
44.219999,752,1621
44.225000,881,1613
44.229999,949,1613
44.235000,785,1613
44.239999,812,1613
44.245001,975,1612
44.250000,877,1610
44.255000,793,1609
44.260000,961,1612
44.265000,945,1604
44.270001,756,1608
44.275000,888,1606
44.280001,961,1611
44.285001,765,1605
44.290001,800,1608
44.295000,991,1609
44.300000,870,1608
44.305000,777,1608
44.309999,978,1606
44.315000,931,1606
44.319999,755,1605
44.325000,885,1605
44.330000,947,1607
44.335000,774,1605
44.340001,822,1605
44.344999,975,1606
44.350001,856,1608
44.354999,792,1604
44.360001,957,1607
44.365001,926,1599
44.370000,760,1605
44.375000,866,1608
44.380000,945,1610
44.385000,780,1607
44.389999,814,1608
44.395000,984,1608
44.400000,861,1609
44.405000,779,1609
44.410000,979,1607
44.415001,936,1608
44.420001,760,1608
44.425000,875,1607
44.430000,948,1609
44.434999,766,1608
44.440000,805,1611
44.445001,989,1601
44.449999,858,1609
44.454999,797,1607
44.460000,958,1610
44.465001,943,1605
44.469999,766,1606
44.475001,869,1606
44.480000,944,1608
44.485000,777,1608
44.489999,814,1607
44.495000,974,1609
44.500000,859,1610
44.505001,786,1604
44.510000,969,1609
44.515000,932,1609
44.520000,753,1614
44.525000,892,1611
44.530000,960,1612
44.535000,776,1615
44.539999,810,1612
44.544999,970,1614
44.550000,872,1613
44.555000,784,1613
44.560000,972,1606
44.565000,937,1612
44.569999,762,1613
44.575000,888,1607
44.580000,956,1608
44.584999,757,1615
44.590001,825,1609
44.595000,982,1610
44.600000,867,1608
44.604999,793,1610
44.610000,969,1607
44.615000,926,1608
44.619999,758,1601
44.625000,874,1607
44.630000,944,1609
44.635000,776,1603
44.639999,817,1605
44.645001,967,1609
44.650001,864,1603
44.655000,781,1605
44.660000,966,1609
44.665001,932,1601
44.670000,766,1605
44.674999,874,1601
44.680001,946,1602
44.685000,776,1595
44.690000,820,1604
44.695000,971,1597
44.699999,850,1603
44.705000,799,1600
44.710000,972,1598
44.715000,929,1599
44.719999,750,1601
44.725000,867,1601
44.729999,955,1595
44.735001,758,1597
44.740001,820,1594
44.744999,975,1596
44.750000,861,1589
44.755000,791,1599
44.760000,964,1597
44.765000,920,1595
44.770001,766,1599
44.775001,869,1600
44.780000,944,1601
44.785000,770,1603
44.789999,809,1604
44.794999,986,1598
44.800000,870,1608
44.805000,793,1612
44.809999,976,1605
44.815000,932,1611
44.820000,760,1613
44.825000,886,1611
44.830000,952,1614
44.834999,769,1615
44.840001,804,1617
44.845000,988,1619
44.850000,866,1619
44.855000,792,1621
44.860001,975,1615
44.865000,923,1626
44.870000,767,1619
44.875001,888,1624
44.879999,946,1628
44.885000,774,1621
44.889999,811,1629
44.895001,989,1626
44.900001,858,1628
44.905000,788,1623
44.910000,973,1631
44.914999,944,1632
44.920000,761,1630
44.924999,877,1631
44.930000,960,1629
44.935001,764,1633
44.939999,820,1634
44.944999,978,1631
44.950001,852,1635
44.955000,804,1632
44.960000,969,1631
44.965000,946,1634
44.970000,766,1634
44.975001,884,1633
44.980000,950,1635
44.985000,771,1627
44.990000,825,1629
44.994999,975,1632
44.999999,870,1633
45.005000,788,1632
45.010000,981,1632
45.015000,928,1633
45.020000,772,1636
45.025000,900,1636
45.030001,947,1637
45.035000,777,1636
45.039999,824,1638
45.044999,979,1641
45.050000,854,1634
45.055000,803,1637
45.060000,972,1639
45.065001,925,1638
45.069999,757,1641
45.075001,906,1636
45.080000,953,1638
45.085001,781,1634
45.090001,817,1636
45.095000,973,1634
45.100000,866,1631
45.105000,794,1629
45.110000,971,1629
45.114999,924,1632
45.120000,775,1627
45.125000,880,1625
45.129999,962,1621
45.135001,764,1622
45.140001,813,1616
45.145000,981,1620
45.150000,847,1622
45.155000,802,1612
45.160000,982,1617
45.165001,926,1613
45.170000,765,1611
45.175000,886,1614
45.180000,962,1605
45.185000,769,1610
45.189999,807,1608
45.194999,972,1611
45.200001,870,1608
45.205000,797,1602
45.210001,970,1606
45.215000,925,1598
45.219999,778,1599
45.225000,891,1601
45.230001,946,1599
45.235000,777,1597
45.240000,809,1598
45.245000,987,1598
45.250001,845,1596
45.254999,799,1598
45.260000,980,1595
45.264999,917,1597
45.270000,773,1593
45.275000,884,1594
45.280000,948,1594
45.285001,757,1595
45.290000,806,1594
45.295000,983,1591
45.299999,851,1592
45.305001,791,1595
45.309999,970,1593
45.314999,938,1590
45.319999,777,1586
45.325000,900,1593
45.330001,943,1593
45.334999,773,1593
45.340000,806,1595
45.345000,990,1589
45.350000,855,1591
45.354999,789,1593
45.360000,960,1598
45.365000,934,1592
45.370000,772,1592
45.375000,884,1594
45.379999,941,1594
45.385000,772,1593
45.390000,809,1599
45.395001,977,1596
45.400000,847,1601
45.405000,792,1600
45.410000,965,1603
45.414999,943,1603
45.419999,754,1604
45.424999,885,1606
45.430000,964,1604
45.434999,757,1608
45.440000,829,1608
45.444999,979,1609
45.450000,841,1609
45.455000,802,1611
45.459999,971,1610
45.465000,922,1613
45.469999,774,1611
45.475000,893,1611
45.480000,947,1616
45.485000,783,1611
45.489999,812,1618
45.495001,973,1616
45.500000,864,1617
45.505000,790,1617
45.510001,990,1618
45.514999,927,1616
45.520001,756,1619
45.525001,908,1616
45.530000,952,1621
45.535000,762,1614
45.539999,813,1619
45.545000,975,1619
45.549999,858,1617
45.555000,799,1622
45.559999,968,1623
45.565001,937,1613
45.570001,776,1622
45.575000,901,1620
45.580000,950,1619
45.585000,756,1622
45.590000,833,1619
45.595000,989,1619
45.599999,846,1619
45.604999,793,1621
45.610000,969,1624
45.615000,942,1621
45.619999,776,1624
45.625000,908,1621
45.630000,949,1623
45.635000,757,1621
45.640000,826,1620
45.645001,987,1621
45.650001,852,1622
45.655000,788,1626
45.660000,969,1616
45.665000,938,1618
45.670001,763,1616
45.675000,898,1618
45.680001,944,1617
45.685000,775,1616
45.690000,823,1615
45.694999,972,1614
45.700001,856,1611
45.705000,804,1612
45.709999,984,1609
45.715001,931,1606
45.720000,753,1614
45.725000,887,1610
45.730000,959,1607
45.735001,762,1607
45.740001,812,1610
45.744999,988,1603
45.749999,846,1606
45.755000,786,1609
45.759999,986,1613
45.764999,927,1615
45.770000,762,1618
45.775000,896,1617
45.780001,940,1620
45.785000,777,1616
45.789999,816,1618
45.795000,979,1606
45.800000,854,1616
45.805001,801,1613
45.810000,973,1613
45.815001,928,1613
45.820000,754,1614
45.824999,910,1609
45.829999,961,1607
45.835001,761,1609
45.840000,814,1606
45.844999,991,1603
45.850000,840,1604
45.854999,784,1609
45.860001,965,1605
45.865000,939,1603
45.870000,765,1602
45.875001,889,1603
45.879999,958,1602
45.885000,757,1603
45.890000,810,1603
45.895001,975,1599
45.899999,831,1600
45.905000,807,1600
45.910001,975,1600
45.915000,923,1598
45.920000,758,1599
45.925001,909,1597
45.930000,951,1594
45.934999,757,1595
45.940000,813,1593
45.944999,969,1592
45.950000,832,1594
45.955000,804,1593
45.960000,977,1587
45.965001,916,1592
45.970000,777,1589
45.975000,897,1588
45.980000,942,1588
45.985001,769,1588
45.990000,827,1587
45.995000,971,1589
46.000001,833,1589
46.005000,782,1593
46.010000,979,1592
46.015000,922,1594
46.020000,771,1592
46.025000,905,1591
46.030000,941,1592
46.035000,751,1595
46.039999,829,1592
46.044999,977,1597
46.049999,832,1593
46.055000,784,1596
46.059999,970,1590
46.065001,931,1596
46.070001,764,1594
46.074999,890,1595
46.079999,961,1595
46.085000,761,1592
46.090001,801,1596
46.095001,988,1593
46.100001,839,1593
46.105000,792,1587
46.110001,978,1595
46.115000,921,1594
46.119999,750,1599
46.124999,910,1599
46.129999,946,1599
46.135001,753,1601
46.140000,806,1610
46.145000,985,1603
46.149999,835,1605
46.155000,789,1606
46.160000,980,1603
46.165001,932,1608
46.169999,767,1608
46.175000,900,1607
46.180001,945,1610
46.185001,753,1613
46.189999,824,1602
46.195000,986,1609
46.199999,832,1610
46.205000,791,1611
46.210000,971,1613
46.215001,939,1610
46.220000,767,1608
46.225000,901,1610
46.229999,943,1612
46.235000,753,1612
46.240000,829,1614
46.245000,976,1609
46.250001,830,1609
46.255000,785,1612
46.260001,987,1608
46.265000,933,1609
46.270001,766,1607
46.275001,903,1608
46.279999,944,1606
46.285000,757,1608
46.289999,809,1613
46.294999,984,1610
46.299999,840,1610
46.305000,799,1609
46.310001,974,1612
46.314999,924,1614
46.320000,760,1614
46.325000,897,1613
46.330000,957,1612
46.334999,771,1615
46.340000,828,1611
46.345000,978,1611
46.350000,837,1613
46.355000,787,1613
46.360000,984,1613
46.364999,930,1612
46.370001,769,1611
46.375000,896,1614
46.379999,959,1611
46.385001,756,1613
46.390000,814,1605
46.395001,982,1610
46.400000,823,1609
46.405001,808,1611
46.410000,976,1609
46.414999,915,1609
46.419999,771,1612
46.425000,901,1605
46.430000,957,1602
46.434999,764,1608
46.440001,807,1609
46.445001,985,1605
46.450000,829,1603
46.455000,806,1605
46.460000,966,1605
46.465001,931,1604
46.470000,761,1603
46.475000,905,1600
46.479999,949,1606
46.485001,750,1608
46.490001,806,1609
46.495000,985,1606
46.500000,839,1606
46.505000,789,1608
46.510000,964,1606
46.515000,932,1612
46.520000,762,1607
46.525000,895,1608
46.530000,948,1600
46.535001,770,1607
46.540000,819,1606
46.545000,972,1606
46.550000,832,1609
46.555000,786,1610
46.559999,989,1606
46.565000,925,1604
46.570000,767,1597
46.575000,912,1604
46.580000,936,1604
46.584999,770,1604
46.590001,815,1601
46.595000,971,1597
46.600000,829,1600
46.604999,788,1602
46.610000,966,1598
46.614999,933,1595
46.620001,761,1597
46.625000,903,1592
46.630000,950,1605
46.635000,751,1597
46.639999,826,1586
46.645000,981,1594
46.649999,832,1594
46.655000,789,1596
46.660001,965,1597
46.664999,915,1595
46.669999,765,1593
46.675000,909,1582
46.680000,951,1591
46.684999,761,1591
46.690000,805,1595
46.695000,982,1588
46.699999,827,1592
46.705000,789,1584
46.709999,988,1585
46.714999,931,1587
46.719999,761,1587
46.725001,897,1585
46.730000,957,1582
46.735000,760,1584
46.740000,819,1584
46.745000,970,1583
46.750000,822,1585
46.754999,804,1586
46.760000,989,1583
46.765000,925,1583
46.770000,761,1585
46.774999,900,1580
46.780000,953,1584
46.785000,756,1586
46.790000,811,1583
46.795001,986,1586
46.800000,833,1586
46.805001,787,1587
46.810001,984,1581
46.815000,928,1587
46.820000,763,1586
46.824999,901,1589
46.829999,934,1588
46.835000,773,1589
46.840001,820,1588
46.845001,969,1590
46.850000,830,1593
46.854999,790,1590
46.860001,991,1589
46.865000,937,1587
46.869999,765,1593
46.874999,897,1595
46.880000,957,1592
46.885000,756,1592
46.890001,808,1599
46.894999,982,1596
46.899999,834,1594
46.905000,786,1602
46.910000,988,1599
46.915000,923,1600
46.920000,758,1599
46.925000,901,1603
46.930000,953,1600
46.935000,767,1602
46.940000,817,1602
46.945000,970,1604
46.950000,818,1607
46.954999,792,1607
46.960000,990,1608
46.965001,928,1607
46.970000,764,1613
46.975000,917,1611
46.980001,944,1614
46.985000,775,1616
46.990000,817,1614
46.995000,970,1614
47.000001,838,1619
47.004999,795,1621
47.010001,972,1621
47.015000,938,1621
47.020000,766,1621
47.025000,923,1621
47.030000,958,1621
47.035000,760,1627
47.040000,811,1630
47.045000,985,1617
47.049999,840,1625
47.055000,812,1624
47.060000,982,1626
47.065000,917,1627
47.070000,772,1628
47.075000,914,1624
47.080001,941,1625
47.084999,757,1624
47.090000,812,1630
47.095000,984,1617
47.100000,829,1623
47.104999,792,1622
47.110000,995,1619
47.114999,931,1620
47.120000,776,1613
47.125000,921,1620
47.130000,943,1618
47.135001,767,1614
47.139999,820,1620
47.145001,965,1619
47.150001,824,1608
47.155000,806,1616
47.159999,980,1613
47.165001,916,1615
47.170000,773,1616
47.175001,913,1610
47.180000,937,1611
47.184999,771,1609
47.190000,812,1610
47.194999,982,1605
47.200000,834,1607
47.205000,810,1603
47.210000,978,1603
47.215000,918,1604
47.219999,780,1601
47.225000,910,1601
47.229999,937,1600
47.235001,766,1589
47.240000,827,1597
47.244999,976,1593
47.249999,827,1593
47.255001,797,1593
47.260000,992,1594
47.264999,922,1595
47.270001,762,1595
47.275000,920,1586
47.280000,947,1593
47.285000,754,1594
47.290000,810,1593
47.295000,985,1590
47.299999,822,1588
47.305001,788,1591
47.310000,967,1588
47.315001,914,1589
47.320001,780,1584
47.324999,915,1584
47.329999,948,1582
47.335001,754,1583
47.340000,832,1580
47.344999,974,1581
47.350000,816,1580
47.355000,805,1576
47.360001,984,1579
47.365000,916,1579
47.370000,756,1581
47.375000,923,1576
47.380000,954,1578
47.385000,755,1579
47.390000,806,1581
47.395000,981,1579
47.400001,826,1583
47.404999,800,1583
47.409999,973,1583
47.415000,911,1587
47.420000,759,1583
47.425000,924,1579
47.430001,943,1586
47.435001,747,1582
47.439999,831,1581
47.445000,973,1583
47.450000,815,1586
47.455001,814,1580
47.459999,980,1578
47.465000,918,1581
47.470000,770,1581
47.475000,916,1579
47.480000,931,1581
47.485000,770,1579
47.490001,822,1578
47.495000,972,1582
47.500000,811,1583
47.504999,790,1587
47.510000,990,1582
47.515000,928,1585
47.520000,769,1588
47.525000,917,1589
47.529999,930,1591
47.534999,762,1593
47.540000,819,1593
47.545000,964,1599
47.550000,809,1600
47.555001,815,1596
47.560000,980,1604
47.565000,915,1602
47.569999,776,1604
47.575000,914,1604
47.580000,955,1598
47.585001,753,1605
47.590000,835,1602
47.595001,976,1604
47.599999,818,1608
47.604999,797,1606
47.610000,969,1611
47.615000,930,1607
47.620000,766,1611
47.625000,909,1612
47.630000,956,1611
47.635000,756,1613
47.639999,813,1618
47.645000,968,1616
47.650000,827,1618
47.655000,800,1616
47.660000,995,1619
47.665000,927,1621
47.670000,779,1619
47.674999,918,1621
47.680000,950,1620
47.685000,756,1621
47.690000,812,1624
47.695001,984,1619
47.699999,819,1623
47.704999,794,1624
47.710000,990,1622
47.715001,928,1622
47.720000,780,1624
47.725000,936,1625
47.729999,944,1626
47.735000,763,1625
47.739999,815,1627
47.745000,988,1627
47.750000,826,1624
47.755000,798,1624
47.760001,991,1627
47.765001,920,1618
47.770000,780,1625
47.774999,926,1622
47.780000,946,1621
47.784999,751,1622
47.790001,834,1618
47.794999,984,1615
47.799999,817,1611
47.805000,803,1614
47.810000,971,1615
47.815001,914,1612
47.820001,785,1607
47.824999,928,1608
47.829999,938,1606
47.835000,749,1607
47.840001,820,1597
47.845000,980,1603
47.850000,818,1600
47.855000,794,1601
47.860001,983,1601
47.865000,919,1598
47.870000,767,1596
47.875000,940,1596
47.880001,946,1598
47.885001,750,1599
47.890000,834,1595
47.895000,969,1595
47.899999,807,1599
47.905000,813,1595
47.909999,982,1594
47.915000,916,1598
47.920001,766,1596
47.924999,918,1596
47.930000,949,1595
47.934999,758,1595
47.940000,820,1595
47.945000,974,1586
47.950000,821,1592
47.955001,807,1593
47.959999,981,1594
47.965000,914,1594
47.970000,781,1591
47.975001,924,1589
47.980000,933,1594
47.985000,756,1581
47.990000,827,1588
47.995000,966,1588
48.000000,819,1583
48.004999,808,1587
48.010000,973,1588
48.014999,912,1590
48.020000,772,1581
48.024999,936,1589
48.029999,943,1588
48.034999,763,1589
48.040001,814,1591
48.045000,967,1581
48.049999,818,1581
48.055000,810,1596
48.060000,978,1595
48.065000,914,1594
48.070000,759,1593
48.075000,940,1590
48.080000,945,1592
48.084999,752,1596
48.090000,827,1593
48.094999,974,1596
48.100000,807,1595
48.105000,794,1598
48.110001,974,1600
48.115000,932,1595
48.119999,772,1590
48.124999,917,1608
48.130000,955,1601
48.135000,753,1604
48.140001,814,1601
48.145001,985,1604
48.150001,815,1603
48.154999,800,1606
48.159999,974,1606
48.165001,930,1605
48.170000,761,1608
48.174999,937,1606
48.180000,943,1606
48.185000,753,1606
48.190001,818,1609
48.195001,979,1601
48.200001,816,1606
48.205000,809,1605
48.210000,985,1606
48.215001,917,1604
48.219999,766,1606
48.225000,921,1605
48.229999,952,1604
48.235000,761,1605
48.240001,817,1604
48.245000,968,1604
48.250001,803,1604
48.255000,811,1597
48.260000,990,1603
48.265000,927,1602
48.270000,768,1608
48.274999,924,1604
48.280000,934,1607
48.285000,749,1606
48.290000,839,1603
48.295001,974,1604
48.299999,807,1604
48.305000,798,1606
48.309999,991,1607
48.315000,913,1606
48.320001,783,1603
48.324999,927,1603
48.330000,929,1605
48.335000,769,1605
48.340000,824,1602
48.344999,967,1606
48.350001,815,1604
48.355001,803,1603
48.360000,974,1607
48.364999,936,1606
48.370000,777,1605
48.375000,928,1608
48.380000,930,1611
48.385000,761,1610
48.390001,811,1613
48.395000,974,1613
48.399999,802,1613
48.405001,798,1616
48.410000,993,1610
48.414999,929,1615
48.420000,767,1606
48.424999,940,1615
48.430000,933,1615
48.434999,747,1618
48.440000,817,1615
48.444999,976,1614
48.450000,802,1619
48.455001,800,1618
48.460000,973,1620
48.465000,939,1614
48.470000,784,1621
48.475000,931,1620
48.479999,930,1623
48.485000,747,1623
48.490000,832,1620
48.495000,965,1623
48.500000,814,1620
48.504999,808,1622
48.510000,988,1616
48.514999,908,1628
48.520001,777,1625
48.525000,942,1623
48.530000,945,1617
48.535001,767,1619
48.540000,816,1625
48.545001,957,1623
48.550000,818,1620
48.555000,804,1621
48.559999,971,1622
48.565000,930,1618
48.569999,772,1619
48.575000,925,1621
48.580000,950,1620
48.585001,753,1617
48.590000,831,1613
48.595000,977,1618
48.600001,797,1616
48.605001,800,1612
48.610000,995,1619
48.614999,925,1621
48.620000,768,1622
48.625000,924,1621
48.629999,944,1620
48.635001,756,1616
48.640000,837,1625
48.645001,967,1624
48.650001,798,1624
48.655000,824,1625
48.660001,986,1626
48.665000,914,1627
48.670000,787,1629
48.674999,942,1628
48.680000,934,1629
48.685000,769,1626
48.690000,825,1626
48.695000,986,1626
48.700000,807,1621
48.705000,803,1622
48.710001,985,1613
48.715001,930,1619
48.719999,783,1622
48.725000,934,1616
48.730000,956,1619
48.735001,770,1616
48.740001,829,1615
48.744999,969,1618
48.750000,814,1609
48.755000,812,1615
48.760000,981,1611
48.764999,923,1606
48.770000,765,1613
48.775001,951,1613
48.779999,940,1611
48.785000,750,1612
48.790000,821,1613
48.795001,983,1611
48.799999,793,1616
48.805001,816,1611
48.810000,985,1603
48.815000,925,1610
48.820000,776,1609
48.824999,949,1615
48.829999,937,1611
48.835001,749,1614
48.840000,841,1611
48.844999,972,1613
48.850000,815,1610
48.854999,805,1611
48.860001,979,1614
48.865000,906,1615
48.869999,784,1610
48.874999,949,1610
48.880001,927,1612
48.885000,768,1612
48.890000,834,1614
48.895000,968,1616
48.900000,797,1612
48.904999,806,1610
48.909999,988,1613
48.915001,909,1616
48.920001,770,1615
48.924999,954,1611
48.930000,935,1612
48.934999,755,1615
48.940001,842,1611
48.945000,976,1612
48.949999,800,1613
48.954999,806,1614
48.960000,996,1610
48.965001,920,1610
48.970000,782,1609
48.975000,936,1612
48.979999,948,1609
48.985000,758,1609
48.989999,834,1610
48.994999,979,1608
49.000000,812,1606
49.004999,804,1608
49.010000,995,1608
49.015000,901,1608
49.020000,781,1602
49.025000,936,1608
49.030000,947,1607
49.035001,752,1608
49.039999,843,1609
49.044999,968,1609
49.049999,790,1608
49.055000,817,1607
49.060001,979,1609
49.065000,918,1601
49.069999,788,1609
49.075001,934,1611
49.080001,946,1612
49.084999,760,1609
49.090000,832,1612
49.094999,982,1612
49.100000,795,1608
49.104999,817,1612
49.110000,974,1612
49.115000,917,1609
49.120000,786,1609
49.125001,953,1614
49.129999,931,1617
49.135000,774,1614
49.140000,837,1615
49.145000,958,1617
49.150000,810,1614
49.155001,805,1617
49.160001,991,1611
49.165000,915,1618
49.170001,777,1616
49.174999,938,1621
49.180001,946,1617
49.185001,755,1618
49.190000,837,1619
49.194999,962,1621
49.200000,802,1618
49.205000,806,1620
49.210000,995,1615
49.215001,909,1614
49.220001,768,1617
49.225000,960,1614
49.229999,934,1616
49.235000,753,1616
49.240000,851,1614
49.245001,962,1615
49.250001,801,1615
49.255000,812,1612
49.260000,975,1620
49.265000,914,1615
49.270001,778,1613
49.275000,945,1614
49.280000,946,1606
49.285001,769,1616
49.290000,840,1613
49.295000,977,1616
49.300001,787,1613
49.305000,799,1619
49.310000,983,1614
49.315000,899,1614
49.320000,782,1613
49.325000,944,1613
49.330000,930,1615
49.334999,765,1613
49.340001,837,1613
49.344999,979,1611
49.350000,793,1611
49.355000,816,1612
49.360001,992,1612
49.365001,898,1612
49.370000,787,1610
49.375000,942,1613
49.379999,950,1607
49.385001,761,1613
49.390000,837,1614
49.395000,958,1612
49.400000,794,1610
49.405000,818,1610
49.409999,995,1612
49.415000,900,1610
49.420001,778,1612
49.424999,946,1612
49.430000,930,1611
49.434999,772,1611
49.440001,842,1610
49.445000,962,1607
49.449999,805,1606
49.454999,806,1605
49.460000,978,1607
49.465001,901,1604
49.469999,794,1598
49.475000,952,1600
49.479999,928,1603
49.484999,763,1599
49.489999,848,1599
49.495001,965,1598
49.500000,791,1597
49.505000,815,1594
49.510000,984,1592
49.515000,896,1599
49.520000,767,1599
49.524999,938,1603
49.530001,948,1601
49.535000,762,1602
49.540000,830,1606
49.545000,964,1602
49.550000,785,1604
49.555001,817,1605
49.560001,977,1604
49.564999,895,1601
49.570000,770,1604
49.575000,963,1599
49.580000,936,1600
49.584999,755,1593
49.590000,855,1598
49.595001,963,1596
49.600000,781,1599
49.604999,824,1598
49.610000,985,1596
49.615000,894,1595
49.620000,784,1592
49.625000,950,1595
49.629999,925,1597
49.635001,768,1596
49.640001,845,1595
49.644999,962,1593
49.649999,788,1596
49.655000,802,1597
49.660001,975,1600
49.665000,915,1597
49.670000,780,1600
49.674999,943,1603
49.680000,930,1601
49.684999,747,1606
49.690000,859,1599
49.694999,973,1604
49.700000,791,1608
49.705000,801,1611
49.710000,991,1605
49.715000,901,1609
49.720000,776,1611
49.725000,941,1613
49.730000,946,1614
49.735000,757,1615
49.740000,838,1616
49.744999,978,1616
49.749999,792,1614
49.755001,802,1617
49.760000,995,1619
49.764999,906,1616
49.770000,784,1618
49.775000,945,1620
49.780000,942,1619
49.784999,754,1622
49.790000,840,1620
49.795000,970,1620
49.800000,784,1620
49.805000,800,1622
49.810000,998,1618
49.815000,897,1618
49.819999,771,1620
49.825001,961,1615
49.830000,929,1620
49.835000,773,1618
49.840001,845,1620
49.845000,964,1612
49.850000,800,1617
49.855001,810,1620
49.860000,976,1617
49.865000,885,1621
49.869999,788,1618
49.875000,966,1615
49.880000,939,1616
49.885001,756,1616
49.889999,840,1619
49.895000,953,1618
49.899999,793,1608
49.905001,817,1614
49.910000,975,1611
49.915000,911,1609
49.920001,774,1610
49.925000,948,1609
49.930000,925,1611
49.934999,749,1606
49.940000,859,1599
49.944999,958,1605
49.950000,777,1604
49.955000,803,1603
49.959999,990,1604
49.965000,898,1607
49.970000,774,1605
49.975000,945,1607
49.979999,925,1606
49.985000,749,1604
49.989999,861,1595
49.995000,969,1602
50.000000,781,1602
50.005000,806,1598
50.010001,997,1598
50.014999,899,1607
50.020000,775,1598
50.025001,944,1602
50.029999,928,1605
50.034999,747,1608
50.040000,858,1605
50.045001,955,1605
50.050000,788,1607
50.055000,808,1608
50.060000,974,1608
50.065000,878,1607
50.070000,789,1609
50.075000,952,1611
50.080000,940,1608
50.085000,760,1610
50.090000,841,1615
50.095001,971,1612
50.100000,781,1611
50.105000,797,1613
50.110001,987,1613
50.115000,885,1612
50.120000,791,1610
50.125000,951,1613
50.130001,921,1615
50.135001,768,1612
50.139999,853,1613
50.145000,960,1617
50.149999,778,1617
50.155001,818,1614
50.160000,977,1614
50.164999,899,1615
50.169999,780,1612
50.174999,952,1615
50.180001,940,1614
50.185001,760,1613
50.190000,845,1616
50.195000,972,1614
50.199999,770,1617
50.205000,817,1614
50.210000,976,1616
50.215001,899,1613
50.220001,781,1614
50.224999,950,1618
50.230000,945,1616
50.235000,757,1614
50.239999,845,1616
50.245000,971,1614
50.250000,789,1615
50.254999,816,1614
50.260000,975,1618
50.265000,898,1614
50.270001,782,1614
50.275000,969,1613
50.280001,945,1614
50.285001,760,1614
50.290000,855,1614
50.295000,954,1609
50.299999,793,1613
50.305001,805,1613
50.310000,996,1609
50.315000,894,1609
50.320000,778,1608
50.324999,949,1610
50.330000,941,1608
50.334999,752,1606
50.340000,868,1609
50.345000,963,1605
50.350000,773,1606
50.354999,806,1606
50.360000,990,1607
50.365001,883,1605
50.369999,776,1604
50.374999,976,1610
50.380000,939,1609
50.385000,754,1610
50.389999,870,1612
50.395001,957,1614
50.400000,771,1618
50.405000,824,1616
50.410000,985,1619
50.415000,880,1621
50.420000,794,1622
50.425000,958,1622
50.430000,951,1619
50.434999,764,1624
50.439999,857,1622
50.444999,973,1620
50.450000,789,1619
50.455001,819,1623
50.460000,982,1626
50.465000,880,1626
50.469999,780,1624
50.475001,954,1627
50.480000,947,1624
50.485001,766,1624
50.490001,861,1622
50.495000,976,1624
50.500001,778,1627
50.505000,810,1625
50.510000,994,1626
50.514999,889,1625
50.520000,785,1625
50.524999,976,1625
50.530000,938,1625
50.535000,757,1628
50.539999,859,1626
50.544999,973,1617
50.550000,796,1620
50.555001,817,1624
50.560001,981,1624
50.565001,884,1617
50.570000,802,1622
50.575000,969,1620
50.580000,930,1621
50.584999,763,1611
50.590000,869,1622
50.595000,960,1620
50.600000,788,1622
50.605000,808,1619
50.610000,974,1624
50.614999,895,1617
50.620001,798,1616
50.625001,965,1616
50.630000,930,1617
50.635000,766,1616
50.639999,853,1619
50.645001,964,1617
50.650000,771,1618
50.655000,813,1608
50.660001,992,1613
50.665000,872,1617
50.670000,802,1608
50.674999,964,1613
50.680001,925,1612
50.685000,775,1608
50.690000,866,1609
50.695000,958,1604
50.699999,782,1605
50.704999,802,1606
50.710000,983,1601
50.715000,875,1602
50.720000,793,1598
50.725001,975,1599
50.730000,935,1597
50.735000,750,1598
50.739999,861,1598
50.745000,957,1587
50.750000,781,1595
50.754999,813,1594
50.760001,971,1598
50.764999,890,1596
50.769999,775,1596
50.775000,971,1597
50.780000,925,1596
50.785001,767,1594
50.790000,868,1599
50.795001,950,1601
50.799999,782,1599
50.805001,803,1601
50.810001,991,1598
50.815000,868,1600
50.819999,796,1599
50.825000,971,1598
50.830000,928,1597
50.835000,750,1593
50.840000,862,1600
50.845000,947,1601
50.850000,774,1599
50.855000,821,1598
50.860001,974,1601
50.865000,881,1600
50.869999,779,1602
50.875000,955,1607
50.879999,945,1604
50.885000,764,1606
50.889999,872,1604
50.895001,957,1606
50.900000,770,1608
50.905001,805,1614
50.910000,976,1613
50.915001,891,1610
50.920000,792,1616
50.924999,957,1617
50.930001,928,1608
50.935001,766,1614
50.939999,863,1619
50.944999,958,1608
50.950001,782,1617
50.955000,806,1621
50.960000,996,1614
50.965000,882,1612
50.970000,777,1625
50.975000,957,1616
50.979999,944,1615
50.985000,758,1617
50.989999,862,1616
50.995000,952,1617
51.000000,785,1615
51.004999,808,1614
51.010000,987,1615
51.014999,870,1616
51.020000,794,1608
51.025000,964,1615
51.030000,925,1611
51.035000,769,1618
51.039999,859,1621
51.044999,972,1618
51.050000,766,1615
51.055001,820,1615
51.060000,978,1617
51.065000,886,1609
51.069999,786,1613
51.074999,966,1612
51.079999,921,1614
51.084999,750,1612
51.090001,876,1610
51.095001,947,1612
51.100000,780,1605
51.104999,809,1607
51.110001,973,1605
51.115000,880,1603
51.120000,787,1605
51.125001,957,1606
51.129999,944,1602
51.135001,754,1604
51.140001,872,1603
51.145000,957,1605
51.150000,766,1607
51.155001,821,1606
51.160000,974,1609
51.165000,884,1606
51.170001,779,1611
51.175001,955,1612
51.180000,935,1612
51.185000,749,1612
51.190000,877,1612
51.195000,951,1610
51.200000,776,1610
51.205000,808,1608
51.209999,970,1614
51.215000,882,1607
51.220000,786,1607
51.225001,964,1606
51.230001,926,1601
51.234999,769,1608
51.239999,870,1605
51.245000,946,1610
51.250001,762,1607
51.255000,821,1606
51.260000,972,1607
51.265000,877,1606
51.270001,776,1608
51.274999,974,1605
51.280001,917,1606
51.285000,757,1605
51.289999,879,1604
51.294999,957,1607
51.299999,776,1604
51.305000,808,1606
51.310000,973,1606
51.315000,879,1606
51.320000,792,1610
51.325000,961,1610
51.329999,918,1611
51.335001,761,1607
51.340000,863,1609
51.345000,965,1609
51.350000,768,1609
51.355000,804,1609
51.360000,983,1607
51.365000,860,1609
51.370000,788,1607
51.375000,962,1608
51.380000,938,1603
51.384999,755,1608
51.390000,878,1601
51.395000,957,1604
51.399999,762,1603
51.404999,817,1606
51.409999,970,1610
51.415000,878,1604
51.420000,782,1604
51.425000,973,1595
51.430000,927,1606
51.435000,755,1598
51.440001,870,1605
51.445001,944,1607
51.449999,784,1599
51.455000,818,1600
51.459999,985,1602
51.465000,865,1601
51.469999,779,1600
51.475000,981,1598
51.479999,934,1599
51.485000,747,1602
51.489999,876,1603
51.495001,950,1599
51.500001,759,1603
51.505000,821,1598
51.509999,975,1603
51.514999,879,1597
51.520001,785,1604
51.525000,953,1602
51.530000,937,1599
51.535000,756,1599
51.540000,884,1600
51.545000,945,1604
51.550000,777,1600
51.554999,805,1600
51.560000,989,1598
51.565001,855,1601
51.570000,797,1600
51.575000,964,1600
51.579999,919,1602
51.585000,760,1602
51.589999,862,1598
51.595000,960,1599
51.600000,769,1598
51.604999,807,1596
51.610000,985,1598
51.615000,856,1602
51.619999,791,1601
51.624999,974,1600
51.630000,932,1604
51.635001,758,1602
51.640000,881,1604
51.645000,955,1606
51.650000,778,1608
51.655001,810,1606
51.660001,968,1611
51.665001,870,1602
51.670001,788,1610
51.675000,964,1607
51.680000,921,1607
51.684999,760,1607
51.690000,890,1606
51.694999,953,1610
51.700000,785,1604
51.705001,813,1604
51.709999,981,1597
51.715001,867,1602
51.719999,775,1608
51.725000,979,1598
51.730000,929,1602
51.735001,756,1601
51.740001,891,1597
51.745001,968,1596
51.750001,769,1599
51.755000,803,1601
51.760000,980,1593
51.764999,858,1600
51.770000,778,1601
51.775000,976,1600
51.780001,928,1598
51.785000,752,1601
51.789999,886,1601
51.795000,957,1599
51.799999,758,1600
51.805000,819,1598
51.810000,969,1600
51.815000,868,1596
51.820001,797,1596
51.824999,962,1598
51.830000,938,1599
51.835000,764,1598
51.840000,881,1599
51.845000,953,1598
51.850001,758,1600
51.855001,821,1600
51.860000,974,1599
51.865000,866,1600
51.869999,789,1603
51.874999,957,1606
51.880000,942,1606
51.885000,752,1610
51.889999,888,1603
51.895000,961,1611
51.899999,761,1615
51.905000,822,1613
51.909999,978,1612
51.915000,859,1614
51.920000,795,1609
51.925000,959,1617
51.930001,939,1613
51.935001,759,1613
51.939999,881,1614
51.944999,950,1613
51.950001,777,1615
51.954999,823,1614
51.960000,981,1611
51.965000,854,1613
51.969999,784,1618
51.975001,983,1612
51.980000,933,1612
51.985001,771,1610
51.990000,881,1615
51.994999,963,1613
51.999999,780,1617
52.005000,813,1616
52.010000,991,1617
52.014999,852,1616
52.020000,803,1615
52.025000,973,1615
52.030000,935,1613
52.035000,774,1616
52.040000,891,1615
52.045000,947,1613
52.050001,759,1618
52.055000,820,1604
52.060000,978,1613
52.065001,851,1611
52.070000,793,1606
52.074999,986,1609
52.079999,927,1609
52.085001,754,1610
52.090001,891,1604
52.095000,955,1608
52.100001,766,1611
52.105000,808,1611
52.110000,969,1612
52.115000,870,1607
52.120000,790,1609
52.125000,961,1611
52.129999,937,1608
52.135000,758,1610
52.140001,882,1610
52.145001,945,1610
52.150000,780,1609
52.155001,815,1608
52.160000,974,1610
52.165000,848,1609
52.170000,799,1610
52.174999,964,1607
52.180000,917,1607
52.185000,774,1604
52.190000,878,1603
52.194999,941,1604
52.200000,773,1604
52.205000,806,1602
52.209999,987,1601
52.215000,860,1603
52.220000,783,1603
52.225001,964,1605
52.230001,932,1606
52.234999,754,1605
52.239999,899,1605
52.245000,950,1608
52.250000,757,1607
52.255000,803,1609
52.259999,975,1610
52.264999,844,1612
52.270000,804,1613
52.274999,973,1609
52.280000,919,1609
52.285001,774,1611
52.290000,889,1609
52.295001,949,1611
52.300001,780,1608
52.305000,808,1614
52.310000,979,1605
52.315000,853,1610
52.320000,782,1610
52.324999,986,1606
52.329999,935,1608
52.335000,755,1609
52.340000,878,1607
52.345000,964,1603
52.350001,759,1605
52.355000,823,1604
52.360000,973,1604
52.365000,857,1603
52.370000,789,1605
52.375001,963,1606
52.380000,938,1608
52.385000,761,1609
52.389999,891,1605
52.395000,954,1607
52.400000,760,1611
52.405000,819,1607
52.410000,969,1614
52.414999,855,1605
52.419999,789,1616
52.425000,988,1612
52.430000,926,1608
52.435000,759,1611
52.440000,886,1606
52.445000,957,1608
52.449999,758,1615
52.455000,826,1614
52.460000,972,1612
52.465000,868,1609
52.470000,791,1611
52.475001,969,1609
52.480001,937,1604
52.484999,769,1609
52.489999,882,1612
52.495000,965,1611
52.500001,765,1614
52.504999,806,1615
52.510000,990,1613
52.514999,842,1610
52.520001,800,1610
52.525001,965,1613
52.530000,937,1611
52.535000,769,1608
52.539999,889,1611
52.544999,957,1604
52.549999,766,1606
52.555001,814,1609
52.560000,966,1610
52.565000,855,1606
52.570000,784,1607
52.574999,985,1606
52.579999,928,1604
52.585001,760,1605
52.590000,904,1605
52.594999,946,1604
52.600000,771,1605
52.604999,810,1604
52.610000,991,1604
52.614999,837,1609
52.620000,800,1606
52.625000,968,1606
52.630000,937,1605
52.635001,758,1606
52.640000,881,1609
52.645000,963,1606
52.649999,767,1605
52.655000,809,1610
52.660001,992,1607
52.665001,849,1608
52.670000,784,1605
52.674999,981,1606
52.680000,929,1608
52.684999,752,1606
52.690000,901,1604
52.695001,949,1602
52.699999,757,1604
52.705000,825,1601
52.710000,970,1602
52.715000,843,1596
52.720000,788,1600
52.725000,989,1599
52.729999,920,1600
52.735000,769,1598
52.740000,899,1599
52.744999,947,1599
52.749999,769,1597
52.755000,804,1601
52.760000,966,1600
52.765000,861,1595
52.770000,802,1594
52.775000,963,1598
52.780000,917,1598
52.785001,773,1596
52.790000,882,1596
52.795001,959,1593
52.799999,755,1595
52.805000,801,1596
52.810000,984,1595
52.815000,857,1590
52.820000,791,1596
52.824999,962,1597
52.829999,928,1597
52.835001,760,1595
52.839999,881,1598
52.844999,957,1596
52.850000,750,1595
52.855001,817,1596
52.860000,970,1596
52.864999,860,1599
52.870001,788,1598
52.875000,962,1600
52.880000,929,1592
52.885001,769,1598
52.889999,897,1601
52.895000,942,1601
52.899999,766,1600
52.905000,807,1600
52.910000,965,1602
52.915000,849,1600
52.920000,784,1610
52.925000,989,1602
52.929999,930,1604
52.935000,753,1606
52.940000,887,1606
52.944999,941,1612
52.950000,772,1603
52.955000,809,1604
52.960000,991,1602
52.965000,848,1604
52.970000,783,1606
52.975000,964,1608
52.979999,935,1605
52.985001,760,1606
52.990000,904,1600
52.995001,943,1603
52.999999,767,1603
53.005000,803,1606
53.010000,984,1594
53.014999,844,1602
53.020000,788,1601
53.025000,990,1596
53.030000,925,1599
53.035000,763,1594
53.040000,905,1602
53.045000,942,1601
53.050000,775,1596
53.055000,804,1601
53.059999,974,1602
53.065000,831,1602
53.069999,797,1602
53.075000,976,1599
53.080000,922,1603
53.085000,768,1601
53.090000,895,1601
53.095000,960,1601
53.100000,755,1605
53.105000,806,1606
53.110000,991,1602
53.115000,840,1604
53.120001,785,1606
53.125000,989,1605
53.129999,920,1605
53.135000,774,1605
53.139999,901,1606
53.145000,943,1607
53.150000,757,1610
53.155000,826,1611
53.160000,973,1611
53.164999,858,1607
53.169999,786,1612
53.175000,987,1610
53.180000,932,1612
53.184999,762,1611
53.190000,888,1618
53.195001,961,1611
53.200000,767,1611
53.205000,806,1613
53.209999,965,1620
53.215001,836,1615
53.220000,797,1615
53.225000,972,1616
53.230000,923,1617
53.235000,779,1617
53.239999,891,1617
53.245001,954,1617
53.250000,763,1611
53.254999,827,1618
53.260001,972,1617
53.264999,838,1611
53.270000,798,1621
53.274999,973,1618
53.280000,924,1617
53.285000,770,1616
53.290000,898,1619
53.294999,938,1618
53.300000,770,1616
53.305001,813,1616
53.310000,986,1614
53.315000,839,1613
53.319999,786,1618
53.325001,988,1614
53.330001,925,1616
53.335000,753,1617
53.340000,908,1616
53.345000,951,1616
53.350000,760,1608
53.355000,820,1618
53.360001,969,1619
53.365001,855,1618
53.369999,799,1616
53.374999,978,1620
53.380001,919,1621
53.385000,778,1617
53.390001,895,1617
53.394999,954,1616
53.399999,752,1617
53.405000,831,1615
53.410000,971,1616
53.415000,830,1617
53.420001,812,1611
53.424999,980,1618
53.430001,925,1615
53.435001,779,1612
53.439999,901,1615
53.444999,942,1616
53.450001,761,1608
53.455001,824,1615
53.459999,978,1614
53.465000,836,1615
53.470000,809,1613
53.475001,975,1612
53.480000,924,1612
53.485000,758,1611
53.490000,913,1611
53.495001,939,1614
53.500001,771,1612
53.504999,809,1613
53.510000,991,1612
53.514999,844,1609
53.520001,784,1614
53.525001,988,1609
53.530000,920,1611
53.535000,776,1609
53.540000,905,1609
53.545000,938,1609
53.550000,752,1612
53.555000,827,1611
53.560000,980,1610
53.565000,829,1614
53.570000,799,1608
53.574999,973,1611
53.579999,932,1604
53.585000,773,1614
53.590001,896,1607
53.595000,958,1612
53.600000,754,1617
53.604999,830,1614
53.610000,979,1615
53.615000,837,1614
53.620000,798,1610
53.625000,984,1615
53.629999,917,1619
53.635000,769,1608
53.639999,904,1617
53.645000,938,1617
53.650000,766,1614
53.655000,807,1620
53.660000,992,1614
53.665000,843,1616
53.670000,804,1619
53.675000,988,1614
53.680000,923,1618
53.685000,774,1616
53.690000,910,1619
53.695001,945,1616
53.699999,768,1616
53.704999,823,1618
53.710001,965,1620
53.715000,831,1615
53.720000,802,1616
53.725000,985,1617
53.730001,920,1614
53.734999,782,1609
53.740000,909,1612
53.744999,939,1611
53.750000,751,1615
53.755000,822,1608
53.760000,978,1609
53.765000,834,1603
53.770000,787,1609
53.774999,993,1603
53.780000,926,1605
53.784999,757,1607
53.790000,912,1608
53.795001,951,1604
53.800000,754,1605
53.805000,805,1605
53.810001,981,1607
53.814999,827,1606
53.819999,801,1604
53.825001,968,1606
53.830001,924,1600
53.835001,756,1606
53.839999,904,1603
53.845000,941,1605
53.850001,751,1610
53.855001,825,1602
53.860000,973,1604
53.865000,845,1603
53.870000,799,1603
53.875001,969,1605
53.880000,918,1606
53.885001,768,1603
53.890000,909,1592
53.895000,960,1600
53.900000,764,1599
53.905001,812,1601
53.910000,969,1599
53.915000,848,1602
53.920000,808,1603
53.925000,982,1602
53.930000,919,1602
53.935000,778,1599
53.940000,908,1600
53.945000,936,1602
53.950000,767,1600
53.955000,821,1592
53.959999,977,1603
53.965000,830,1601
53.969999,813,1597
53.975000,977,1599
53.980000,920,1602
53.984999,757,1603
53.990000,898,1601
53.994999,956,1601
53.999999,758,1602
54.005000,827,1601
54.010000,982,1596
54.014999,832,1602
54.020000,789,1605
54.025000,990,1603
54.030001,931,1602
54.035000,771,1604
54.040000,906,1605
54.045000,937,1606
54.049999,756,1604
54.054999,814,1603
54.059999,978,1597
54.065001,845,1604
54.070001,797,1603
54.074999,987,1602
54.079999,926,1602
54.085000,763,1604
54.090000,898,1605
54.094999,940,1605
54.100000,769,1603
54.105000,815,1604
54.110000,967,1609
54.115000,840,1600
54.119999,805,1605
54.125000,975,1606
54.130000,917,1611
54.134999,777,1606
54.139999,911,1609
54.145000,940,1612
54.149999,775,1607
54.155000,821,1608
54.160000,977,1610
54.165000,829,1612
54.170000,806,1607
54.175001,982,1613
54.180000,917,1615
54.185000,779,1608
54.190000,916,1612
54.194999,937,1613
54.200000,771,1612
54.205000,828,1612
54.209999,982,1612
54.215000,828,1614
54.220000,812,1609
54.225001,978,1612
54.230000,918,1608
54.235000,779,1612
54.239999,920,1610
54.245000,944,1611
54.250001,749,1614
54.254999,830,1608
54.260000,971,1612
54.265000,822,1611
54.270001,806,1611
54.275001,975,1614
54.279999,928,1601
54.284999,770,1613
54.290000,906,1614
54.295000,957,1610
54.300000,754,1612
54.305000,823,1615
54.309999,976,1612
54.315001,832,1609
54.320000,806,1610
54.325000,980,1612
54.330001,917,1618
54.335000,777,1615
54.340001,911,1615
54.345000,938,1618
54.350001,772,1619
54.355001,821,1618
54.359999,970,1619
54.365000,846,1619
54.370000,799,1620
54.375000,980,1618
54.379999,929,1619
54.385000,764,1623
54.389999,930,1620
54.395001,948,1624
54.400000,756,1623
54.405001,816,1626
54.409999,987,1621
54.415001,828,1624
54.420000,811,1625
54.424999,977,1624
54.430000,924,1618
54.434999,780,1619
54.440000,918,1623
54.445000,938,1621
54.449999,773,1616
54.454999,818,1621
54.460000,969,1616
54.465000,832,1616
54.469999,799,1615
54.475000,992,1616
54.480001,917,1615
54.484999,782,1611
54.489999,927,1610
54.495000,945,1612
54.500001,755,1616
54.505001,828,1609
54.510000,973,1613
54.514999,821,1614
54.520001,809,1612
54.525001,972,1613
54.530001,916,1614
54.535000,782,1613
54.540000,917,1612
54.545000,937,1612
54.549999,772,1604
54.555001,835,1610
54.560000,974,1609
54.565001,821,1608
54.570000,814,1604
54.575000,976,1605
54.580000,913,1604
54.585000,767,1603
54.590001,910,1601
54.594999,957,1601
54.600000,754,1599
54.604999,832,1600
54.610001,971,1599
54.615000,834,1596
54.620000,806,1598
54.625001,974,1596
54.630000,913,1598
54.635000,761,1599
54.639999,928,1593
54.645001,948,1596
54.649999,758,1593
54.655000,832,1594
54.659999,978,1594
54.665000,816,1597
54.670000,811,1596
54.675000,981,1595
54.680001,926,1593
54.685001,762,1597
54.689999,907,1596
54.694999,960,1590
54.700000,761,1594
54.705000,809,1598
54.709999,980,1587
54.714999,836,1595
54.719999,797,1593
54.725001,974,1594
54.730000,935,1595
54.735000,771,1594
54.740001,909,1600
54.744999,932,1601
54.749999,765,1597
54.755000,821,1599
54.760000,968,1599
54.765000,830,1598
54.770000,801,1597
54.774999,994,1597
54.780000,925,1599
54.785001,761,1600
54.789999,931,1598
54.795000,946,1597
54.800000,751,1597
54.805000,812,1598
54.810000,984,1597
54.815000,819,1598
54.820000,789,1595
54.825000,988,1589
54.830000,929,1599
54.834999,770,1593
54.840001,915,1594
54.845001,932,1600
54.850000,761,1594
54.855000,809,1599
54.860000,981,1602
54.864999,812,1598
54.870000,809,1597
54.875000,988,1600
54.880000,927,1600
54.885001,764,1601
54.890001,912,1604
54.894999,930,1605
54.900000,757,1602
54.905000,809,1605
54.910000,967,1598
54.914999,824,1602
54.920000,791,1606
54.925000,985,1602
54.930001,915,1604
54.935001,770,1608
54.940000,908,1605
54.945000,949,1605
54.949999,755,1604
54.954999,809,1609
54.960000,989,1602
54.965000,819,1603
54.969999,808,1604
54.975000,982,1605
54.979999,916,1606
54.985000,777,1603
54.990000,922,1606
54.995000,930,1604
55.000000,767,1603
55.005000,824,1607
55.010000,972,1599
55.014999,823,1603
55.020000,792,1605
55.025000,969,1606
55.030001,935,1602
55.035000,765,1608
55.040000,929,1610
55.045000,936,1611
55.050000,765,1605
55.055000,818,1609
55.060000,965,1613
55.065001,831,1612
55.069999,814,1611
55.075001,988,1615
55.080001,921,1617
55.084999,759,1620
55.089999,912,1621
55.094999,938,1613
55.100000,759,1618
55.105000,822,1617
55.110000,966,1618
55.114999,833,1615
55.120000,804,1616
55.125001,983,1616
55.130000,918,1617
55.135000,779,1617
55.140000,929,1610
55.145001,955,1613
55.150000,761,1615
55.155000,816,1618
55.160000,966,1617
55.165000,832,1615
55.170000,799,1615
55.174999,1002,1609
55.180000,929,1613
55.185000,773,1613
55.190001,916,1617
55.195001,958,1613
55.199999,762,1612
55.205000,812,1616
55.209999,987,1613
55.215001,828,1613
55.220000,796,1617
55.225000,989,1609
55.230001,928,1611
55.234999,766,1615
55.239999,940,1609
55.245001,944,1609
55.250000,758,1612
55.255000,813,1612
55.260001,980,1610
55.265000,809,1612
55.270000,797,1609
55.275000,990,1608
55.280000,922,1607
55.285000,765,1609
55.290001,923,1605
55.295000,954,1606
55.300000,755,1606
55.305001,835,1608
55.310000,969,1606
55.315000,826,1605
55.320001,805,1605
55.325000,976,1606
55.330001,930,1605
55.335000,780,1611
55.340000,920,1609
55.344999,943,1605
55.350000,748,1614
55.354999,832,1609
55.360000,974,1612
55.364999,807,1614
55.370000,796,1615
55.375000,980,1611
55.379999,943,1611
55.385000,782,1612
55.390000,921,1616
55.395000,957,1615
55.400000,765,1614
55.405001,822,1616
55.410000,982,1619
55.414999,826,1620
55.419999,804,1620
55.424999,991,1614
55.430000,930,1621
55.435000,765,1625
55.440000,940,1621
55.445001,937,1624
55.449999,752,1626
55.455000,833,1623
55.460000,974,1622
55.465000,808,1626
55.469999,814,1624
55.475000,979,1624
55.480000,941,1622
55.485000,780,1622
55.489999,918,1625
55.495000,936,1623
55.500001,769,1619
55.504999,828,1624
55.509999,965,1623
55.514999,826,1624
55.520001,814,1621
55.524999,982,1622
55.530001,915,1627
55.535000,764,1622
55.539999,940,1619
55.544999,938,1620
55.549999,768,1612
55.555001,831,1619
55.560000,981,1618
55.565000,807,1624
55.570001,815,1619
55.574999,987,1620
55.579999,919,1622
55.585000,776,1615
55.590000,939,1621
55.595000,942,1621
55.600000,754,1624
55.605000,840,1620
55.610000,979,1624
55.615000,810,1621
55.619999,807,1623
55.624999,974,1626
55.630001,917,1625
55.635000,784,1622
55.640000,932,1619
55.645000,932,1623
55.650000,765,1619
55.654999,816,1619
55.659999,980,1620
55.665001,813,1617
55.670000,802,1614
55.675000,975,1617
55.679999,925,1616
55.684999,774,1605
55.690000,927,1606
55.694999,951,1614
55.700000,750,1613
55.705000,830,1611
55.710000,970,1611
55.715000,811,1608
55.720000,797,1615
55.724999,987,1608
55.730000,920,1609
55.735000,770,1603
55.740000,942,1605
55.744999,933,1609
55.750000,766,1606
55.755000,823,1605
55.760000,968,1604
55.765000,818,1604
55.770000,803,1604
55.774999,976,1603
55.780001,912,1611
55.785000,786,1603
55.790000,922,1602
55.795001,955,1600
55.800000,761,1602
55.805000,827,1601
55.809999,969,1604
55.815001,807,1602
55.820000,795,1602
55.825000,997,1595
55.830000,922,1600
55.835001,768,1597
55.840000,926,1595
55.845000,941,1596
55.850000,755,1587
55.854999,832,1595
55.860000,973,1592
55.865000,798,1594
55.870000,810,1590
55.875000,971,1591
55.879999,913,1585
55.885000,776,1584
55.889999,926,1586
55.895000,945,1581
55.900000,758,1583
55.905000,816,1581
55.910000,980,1586
55.914999,801,1582
55.919999,790,1583
55.925000,989,1578
55.930001,918,1578
55.935000,762,1579
55.940001,932,1578
55.945000,947,1580
55.949999,741,1584
55.954999,832,1580
55.960000,966,1582
55.965001,794,1586
55.970000,804,1576
55.975000,980,1586
55.979999,913,1585
55.985000,772,1587
55.990000,925,1588
55.994999,936,1592
55.999999,749,1592
56.005001,825,1592
56.010000,968,1592
56.014999,795,1599
56.020001,815,1594
56.025001,975,1597
56.030000,912,1597
56.035000,756,1603
56.039999,932,1603
56.044999,929,1605
56.049999,747,1607
56.055000,831,1603
56.059999,966,1608
56.065000,795,1610
56.070000,794,1606
56.075000,988,1610
56.080001,914,1614
56.085000,778,1613
56.090001,937,1612
56.095000,936,1615
56.100000,753,1617
56.104999,829,1617
56.110001,972,1617
56.115001,799,1620
56.120000,813,1617
56.125000,981,1623
56.129999,916,1621
56.135001,766,1618
56.140000,947,1623
56.145000,940,1623
56.150000,756,1623
56.155001,832,1617
56.160000,975,1624
56.164999,798,1627
56.169999,819,1624
56.175000,979,1626
56.180000,911,1628
56.185000,780,1617
56.190000,940,1624
56.195000,939,1626
56.200000,753,1623
56.205000,828,1624
56.210000,960,1627
56.215000,824,1628
56.220001,800,1625
56.225001,973,1626
56.230000,928,1620
56.235000,779,1625
56.239999,928,1624
56.245001,951,1615
56.250000,755,1623
56.255000,819,1623
56.260000,972,1627
56.265000,801,1629
56.270000,814,1618
56.274999,984,1626
56.280001,920,1624
56.285000,780,1624
56.290000,940,1619
56.295000,937,1627
56.300000,757,1623
56.305001,811,1626
56.310000,966,1625
56.315001,814,1621
56.319999,799,1624
56.325000,995,1621
56.330000,916,1623
56.335000,763,1621
56.340001,941,1619
56.345000,935,1620
56.350001,771,1617
56.355000,836,1616
56.360001,964,1617
56.364999,803,1608
56.370000,797,1619
56.375001,991,1617
56.380000,913,1617
56.385000,764,1616
56.390000,943,1616
56.395001,930,1616
56.400000,771,1609
56.405000,814,1606
56.410001,970,1609
56.415000,800,1601
56.420000,814,1604
56.424999,973,1608
56.430000,930,1605
56.434999,770,1603
56.440000,931,1603
56.444999,929,1601
56.450000,761,1600
56.455001,822,1598
56.460000,963,1599
56.465000,814,1598
56.470001,800,1600
56.474999,973,1598
56.480000,923,1596
56.485000,767,1596
56.490000,949,1599
56.494999,944,1596
56.500000,750,1598
56.504999,840,1596
56.510001,963,1594
56.514999,799,1599
56.520000,798,1598
56.525000,993,1597
56.530000,914,1596
56.535000,782,1589
56.540000,945,1594
56.545000,939,1593
56.550001,744,1595
56.555000,837,1591
56.559999,965,1593
56.565000,795,1587
56.570000,810,1590
56.575000,972,1588
56.580000,927,1587
56.585000,772,1586
56.590000,934,1585
56.594999,931,1586
56.600001,746,1586
56.605000,831,1580
56.610000,963,1584
56.614999,794,1584
56.620001,797,1586
56.625000,969,1587
56.630000,902,1584
56.635000,781,1584
56.639999,931,1587
56.645000,925,1590
56.649999,767,1589
56.655000,824,1592
56.660000,957,1589
56.664999,810,1593
56.670000,800,1593
56.674999,987,1597
56.680001,917,1595
56.685000,774,1598
56.689999,923,1601
56.694999,925,1601
56.700000,753,1602
56.705001,823,1600
56.710000,960,1601
56.715000,812,1600
56.719999,806,1603
56.725000,974,1602
56.730000,918,1601
56.735000,774,1607
56.740000,935,1602
56.744999,928,1605
56.749999,766,1604
56.755000,834,1607
56.760001,963,1606
56.764999,794,1612
56.770000,818,1611
56.775000,984,1611
56.780001,903,1616
56.785000,780,1613
56.789999,937,1613
56.795000,951,1613
56.799999,757,1617
56.805000,821,1620
56.810000,971,1612
56.815001,810,1613
56.820000,802,1617
56.824999,975,1617
56.829999,912,1605
56.835000,782,1622
56.840000,932,1621
56.844999,944,1620
56.850000,761,1621
56.854999,837,1620
56.860001,959,1620
56.865000,789,1621
56.870000,804,1625
56.875001,977,1626
56.880000,902,1628
56.885000,784,1628
56.889999,940,1625
56.895001,943,1621
56.900000,761,1630
56.905000,840,1630
56.910000,970,1629
56.914999,792,1630
56.920000,795,1634
56.925000,990,1633
56.930001,908,1631
56.935000,768,1633
56.940000,951,1633
56.945000,933,1631
56.950001,774,1630
56.955001,832,1629
56.960000,960,1630
56.965000,805,1630
56.970000,802,1628
56.975000,983,1626
56.980000,911,1626
56.985000,787,1621
56.990001,954,1623
56.994999,932,1625
57.000000,760,1620
57.004999,825,1624
57.010001,979,1617
57.015000,796,1615
57.020000,816,1613
57.024999,993,1609
57.030000,907,1611
57.035000,766,1612
57.040000,952,1609
57.045001,937,1607
57.050001,751,1608
57.054999,825,1608
57.059999,976,1604
57.065001,788,1604
57.070000,815,1600
57.075000,975,1600
57.080000,904,1592
57.084999,773,1600
57.090000,932,1599
57.095000,944,1596
57.100000,761,1595
57.105000,827,1594
57.110000,976,1599
57.114999,789,1596
57.120000,794,1596
57.125000,992,1597
57.130000,903,1596
57.135000,764,1599
57.139999,953,1599
57.145001,929,1599
57.150000,747,1599
57.155001,835,1597
57.160000,955,1601
57.164999,808,1600
57.170000,816,1600
57.175000,983,1600
57.180001,901,1603
57.185000,764,1603
57.190000,947,1603
57.195001,929,1603
57.199999,747,1604
57.204999,846,1602
57.210001,974,1601
57.215000,801,1601
57.220000,809,1604
57.225000,971,1606
57.230001,917,1604
57.234999,770,1606
57.239999,952,1606
57.245000,928,1607
57.249999,766,1608
57.255000,826,1610
57.260000,968,1611
57.264999,785,1612
57.270000,820,1611
57.275000,979,1615
57.279999,898,1616
57.285000,780,1612
57.290000,936,1616
57.295000,937,1613
57.300000,769,1614
57.305001,829,1619
57.310000,970,1616
57.315001,785,1619
57.320001,812,1618
57.324999,979,1619
57.329999,900,1619
57.335001,785,1620
57.340001,942,1625
57.344999,950,1621
57.350000,749,1623
57.354999,853,1620
57.360000,965,1621
57.364999,786,1623
57.370001,826,1621
57.375000,987,1621
57.379999,903,1621
57.385000,784,1617
57.390001,945,1620
57.395000,952,1620
57.399999,761,1618
57.405001,835,1620
57.409999,979,1619
57.415001,801,1618
57.420000,810,1621
57.424999,979,1615
57.430000,900,1620
57.435000,795,1617
57.440000,948,1618
57.444999,928,1622
57.450000,767,1619
57.455000,837,1618
57.459999,965,1612
57.465000,802,1616
57.470000,817,1619
57.475000,992,1617
57.479999,892,1619
57.485001,786,1614
57.490001,945,1618
57.495000,933,1615
57.500001,753,1614
57.505000,838,1612
57.510000,959,1612
57.514999,801,1608
57.520000,813,1612
57.524999,976,1613
57.530000,916,1611
57.535001,769,1612
57.540001,962,1609
57.545000,948,1609
57.550000,755,1609
57.555000,830,1609
57.559999,964,1610
57.565000,800,1608
57.570001,802,1609
57.574999,991,1603
57.579999,905,1607
57.585001,770,1607
57.590001,959,1604
57.594999,933,1607
57.600001,755,1604
57.605000,838,1605
57.610000,959,1606
57.614999,803,1602
57.620000,809,1602
57.625000,975,1604
57.629999,893,1605
57.635000,781,1602
57.640000,957,1604
57.645000,929,1603
57.650001,754,1599
57.655000,853,1601
57.660001,980,1599
57.665001,798,1599
57.670000,804,1599
57.674999,989,1592
57.680000,900,1601
57.685000,768,1597
57.690000,953,1595
57.695000,937,1592
57.699999,746,1597
57.704999,859,1589
57.710000,963,1592
57.715000,783,1589
57.720000,799,1594
57.725000,973,1595
57.730000,906,1591
57.734999,769,1593
57.739999,963,1592
57.745001,933,1592
57.750000,764,1595
57.754999,838,1598
57.760000,972,1596
57.764999,786,1594
57.770000,796,1600
57.774999,986,1602
57.780000,904,1597
57.785000,778,1597
57.790000,953,1601
57.795000,928,1601
57.800000,761,1599
57.805001,844,1599
57.810000,953,1604
57.815000,787,1602
57.819999,823,1602
57.825000,990,1602
57.830000,889,1603
57.835000,790,1601
57.840001,948,1600
57.845000,923,1607
57.850000,767,1603
57.855000,841,1604
57.860000,950,1607
57.865001,777,1604
57.869999,825,1603
57.875000,978,1606
57.879999,888,1601
57.885000,785,1600
57.889999,955,1601
57.895000,933,1602
57.900001,754,1603
57.904999,844,1601
57.910000,978,1600
57.914999,788,1604
57.919999,800,1606
57.925000,987,1597
57.930001,900,1602
57.935000,778,1603
57.940000,943,1607
57.945001,943,1603
57.950001,752,1604
57.955000,856,1601
57.960000,975,1601
57.965001,778,1604
57.969999,799,1605
57.975000,993,1604
57.980000,891,1602
57.985000,787,1602
57.990000,953,1602
57.995000,932,1603
58.000000,758,1599
58.005000,844,1598
58.010000,955,1602
58.015000,797,1601
58.020000,809,1599
58.024999,972,1608
58.030000,905,1603
58.035001,778,1599
58.039999,946,1600
58.045000,941,1599
58.050000,754,1601
58.055000,842,1601
58.060000,973,1603
58.065000,779,1602
58.069999,824,1601
58.075000,981,1601
58.080000,882,1606
58.084999,772,1604
58.090000,952,1602
58.094999,942,1607
58.100000,758,1608
58.104999,846,1605
58.110001,956,1606
58.115001,779,1610
58.119999,803,1607
58.124999,998,1603
58.130001,898,1600
58.135000,771,1605
58.139999,961,1600
58.145000,933,1599
58.150000,770,1598
58.155001,859,1600
58.160000,959,1601
58.164999,772,1605
58.170000,815,1601
58.174999,973,1603
58.179999,903,1603
58.184999,780,1601
58.190000,950,1607
58.195000,927,1605
58.199999,773,1601
58.204999,861,1607
58.210001,962,1608
58.215000,782,1607
58.220000,809,1604
58.225001,976,1608
58.230000,904,1605
58.235001,785,1604
58.240001,949,1611
58.244999,949,1603
58.250000,762,1607
58.255000,851,1605
58.260000,971,1601
58.264999,790,1606
58.270000,804,1608
58.275000,981,1608
58.280000,901,1605
58.285000,783,1607
58.289999,952,1611
58.294999,943,1610
58.300000,761,1608
58.304999,848,1610
58.309999,956,1612
58.315000,785,1604
58.319999,815,1612
58.325000,973,1614
58.330000,889,1613
58.335000,781,1613
58.340000,972,1616
58.345000,935,1616
58.350001,752,1614
58.355000,863,1617
58.360000,957,1619
58.364999,793,1618
58.370000,808,1617
58.375000,977,1619
58.379999,879,1622
58.385000,791,1621
58.390000,954,1621
58.395000,930,1622
58.399999,755,1622
58.405001,870,1624
58.410000,960,1621
58.415000,787,1620
58.420000,817,1624
58.425000,976,1624
58.430000,897,1622
58.435000,783,1622
58.440000,953,1621
58.445000,931,1625
58.450000,750,1624
58.455000,855,1612
58.460000,955,1621
58.465000,799,1621
58.470000,809,1621
58.475000,973,1620
58.479999,896,1619
58.485000,774,1619
58.490000,968,1615
58.494999,931,1614
58.500000,769,1613
58.504999,858,1613
58.510000,963,1611
58.515000,775,1611
58.520000,799,1612
58.525001,992,1608
58.529999,884,1609
58.535000,782,1610
58.540000,949,1610
58.545000,939,1608
58.549999,761,1608
58.555000,846,1609
58.559999,954,1610
58.565001,791,1603
58.570000,809,1605
58.575000,979,1607
58.580001,893,1602
58.585000,789,1605
58.590001,964,1606
58.595000,923,1609
58.600001,745,1603
58.605000,869,1601
58.610001,965,1601
58.615001,773,1595
58.620000,815,1600
58.625000,982,1600
58.630000,880,1606
58.635000,786,1597
58.639999,964,1601
58.644999,925,1607
58.650000,769,1603
58.655001,860,1603
58.660001,957,1607
58.665000,771,1611
58.670000,823,1609
58.675000,990,1610
58.680000,885,1608
58.685000,781,1604
58.690000,975,1610
58.695000,930,1611
58.700000,767,1609
58.705001,860,1609
58.709999,957,1612
58.715000,772,1612
58.720000,827,1613
58.725000,979,1608
58.730000,874,1614
58.735000,797,1609
58.740000,964,1608
58.745000,929,1610
58.750000,775,1606
58.755001,856,1608
58.760000,977,1607
58.764999,779,1604
58.770000,809,1604
58.775000,992,1605
58.780001,876,1608
58.785001,798,1606
58.790000,963,1607
58.795001,928,1612
58.800000,750,1615
58.805000,862,1610
58.809999,954,1612
58.815000,771,1614
58.819999,820,1611
58.825000,984,1614
58.830000,876,1615
58.834999,794,1613
58.840000,959,1616
58.845000,941,1613
58.850000,759,1618
58.854999,851,1617
58.860000,972,1614
58.865001,779,1614
58.870001,803,1614
58.875000,974,1615
58.879999,889,1615
58.885001,780,1613
58.890000,954,1613
58.895000,949,1613
58.900001,757,1615
58.904999,860,1613
58.909999,976,1609
58.915000,782,1611
58.920000,804,1608
58.925001,984,1609
58.930000,869,1614
58.935001,797,1607
58.940000,965,1611
58.945000,925,1614
58.949999,753,1616
58.954999,876,1611
58.960000,962,1611
58.965000,777,1611
58.970000,800,1614
58.975000,991,1610
58.980001,875,1612
58.984999,778,1615
58.989999,973,1615
58.995000,930,1617
59.000001,760,1617
59.005000,861,1615
59.010001,968,1614
59.014999,775,1613
59.020000,814,1612
59.025001,980,1613
59.029999,873,1617
59.034999,783,1612
59.040000,958,1612
59.044999,940,1608
59.049999,757,1611
59.055000,876,1605
59.060000,956,1605
59.065000,767,1604
59.069999,814,1604
59.075000,972,1603
59.080001,888,1600
59.085000,791,1598
59.090000,955,1602
59.095000,943,1598
59.100000,761,1595
59.105000,865,1596
59.109999,952,1596
59.114999,770,1592
59.120000,820,1591
59.125000,978,1594
59.129999,868,1596
59.135000,800,1591
59.140001,966,1592
59.145000,923,1594
59.150000,771,1594
59.155000,869,1593
59.160000,951,1594
59.165001,782,1594
59.170000,804,1597
59.175000,987,1593
59.180001,873,1593
59.185000,778,1592
59.190000,977,1593
59.195000,939,1595
59.200000,751,1587
59.205000,859,1598
59.210000,973,1593
59.215000,777,1589
59.219999,812,1595
59.225001,977,1585
59.230000,884,1591
59.235001,775,1596
59.240000,972,1594
59.245001,924,1597
59.250000,749,1597
59.254999,881,1596
59.260000,959,1595
59.265000,766,1597
59.269999,808,1600
59.274999,974,1597
59.280000,880,1603
59.285001,784,1601
59.289999,961,1603
59.294999,921,1603
59.300000,770,1600
59.305000,865,1608
59.309999,947,1608
59.315000,779,1608
59.320001,809,1610
59.324999,997,1609
59.330000,872,1608
59.334999,774,1610
59.340000,978,1610
59.345000,926,1613
59.350001,771,1613
59.355001,863,1618
59.359999,967,1615
59.364999,772,1615
59.370001,805,1618
59.375001,990,1610
59.380000,882,1619
59.385000,778,1621
59.389999,981,1619
59.395001,930,1621
59.400000,752,1625
59.405000,868,1621
59.410000,950,1621
59.415000,789,1621
59.420000,820,1620
59.424999,979,1622
59.430000,865,1621
59.434999,798,1620
59.440001,965,1621
59.445000,944,1615
59.450000,757,1617
59.455001,863,1615
59.460001,963,1613
59.465000,769,1613
59.469999,819,1608
59.475001,985,1610
59.480000,870,1609
59.485000,786,1608
59.489999,961,1610
59.495000,923,1609
59.500001,763,1605
59.505000,864,1607
59.509999,947,1609
59.514999,779,1607
59.520001,813,1605
59.525000,971,1607
59.530000,875,1602
59.535000,784,1606
59.539999,964,1605
59.545000,923,1604
59.549999,771,1602
59.555000,865,1605
59.560000,968,1602
59.565001,766,1601
59.569999,821,1598
59.575000,975,1596
59.580001,856,1603
59.585000,785,1594
59.590000,976,1595
59.594999,923,1594
59.600000,763,1594
59.605001,869,1592
59.609999,948,1590
59.614999,756,1593
59.620000,819,1587
59.625000,975,1591
59.629999,854,1590
59.635000,791,1586
59.640001,963,1591
59.644999,918,1589
59.649999,745,1593
59.655001,875,1586
59.660000,940,1589
59.664999,772,1588
59.669999,802,1591
59.674999,966,1592
59.680000,877,1586
59.684999,784,1588
59.689999,956,1589
59.695000,918,1591
59.700000,771,1585
59.705001,868,1589
59.710000,942,1593
59.715000,782,1588
59.719999,816,1592
59.725001,972,1590
59.730000,859,1591
59.735001,793,1587
59.740000,975,1592
59.744999,923,1592
59.749999,753,1591
59.755000,881,1593
59.760000,955,1592
59.764999,757,1593
59.770001,816,1594
59.775000,973,1594
59.780001,861,1594
59.785000,785,1594
59.789999,960,1595
59.794999,921,1594
59.799999,772,1595
59.805000,869,1596
59.810000,959,1589
59.815000,769,1594
59.820001,798,1598
59.824999,976,1599
59.830000,855,1600
59.835000,780,1597
59.840000,971,1598
59.844999,926,1601
59.850000,766,1598
59.855001,886,1602
59.859999,956,1604
59.864999,762,1607
59.870000,804,1609
59.875000,973,1610
59.879999,870,1606
59.885000,786,1609
59.889999,960,1611
59.895001,941,1612
59.900000,764,1609
59.905000,881,1611
59.910000,946,1618
59.915001,773,1604
59.920000,823,1615
59.925000,977,1614
59.930000,877,1616
59.935000,794,1613
59.940000,964,1615
59.945000,920,1617
59.949999,762,1608
59.955000,884,1616
59.960000,959,1615
59.965000,763,1617
59.970001,820,1615
59.975000,981,1615
59.979999,854,1619
59.985000,782,1620
59.990000,985,1615
59.994999,934,1619
59.999999,761,1621
60.005001,877,1618
60.010000,948,1620
60.014999,770,1611
60.020000,820,1620
60.025000,987,1620
60.030000,863,1620
60.035001,783,1616
60.039999,976,1620
60.045000,928,1613
60.050000,760,1618
60.055000,878,1611
60.060000,967,1619
60.065001,774,1618
60.070000,809,1618
60.075000,991,1619
60.080000,855,1617
60.085001,789,1609
60.090000,969,1620
60.095000,939,1616
60.100001,762,1617
60.105000,873,1622
60.110001,955,1624
60.115001,763,1620
60.120001,829,1620
60.125000,986,1618
60.130000,853,1621
60.135000,784,1617
60.139999,979,1615
60.145000,923,1619
60.149999,777,1615
60.155000,881,1618
60.160000,965,1615
60.165000,760,1618
60.170000,805,1616
60.174999,994,1611
60.180001,851,1616
60.185000,800,1613
60.190000,972,1613
60.195000,938,1616
60.200000,774,1612
60.205000,881,1615
60.210000,947,1617
60.215001,755,1618
60.219999,812,1618
60.225000,970,1622
60.229999,852,1619
60.235001,802,1620
60.240000,978,1616
60.245000,924,1621
60.250000,758,1622
60.255000,898,1621
60.260000,953,1624
60.265001,762,1624
60.270000,831,1621
60.274999,995,1616
60.280001,852,1622
60.284999,781,1622
60.290001,981,1617
60.295000,938,1621
60.300000,773,1618
60.305000,894,1620
60.309999,952,1618
60.315000,761,1617
60.319999,806,1621
60.325000,993,1616
60.330001,854,1613
60.334999,784,1615
60.340000,982,1613
60.345000,942,1614
60.350000,765,1609
60.355000,889,1610
60.360000,949,1610
60.364999,762,1610
60.370000,805,1613
60.375000,985,1610
60.380000,851,1608
60.385001,783,1614
60.389999,987,1610
60.395000,921,1615
60.400000,754,1611
60.405000,904,1611
60.410001,960,1609
60.415000,763,1613
60.420001,810,1607
60.425000,984,1612
60.430000,852,1611
60.435000,800,1610
60.440001,970,1609
60.445000,922,1613
60.449999,755,1613
60.455000,899,1611
60.460000,956,1610
60.465001,762,1610
60.470000,826,1609
60.475000,976,1609
60.479999,868,1607
60.485000,803,1608
60.490001,979,1605
60.495001,930,1607
60.500000,755,1610
60.504999,879,1607
60.510000,948,1605
60.514999,758,1607
60.520000,820,1603
60.525000,970,1606
60.530000,864,1602
60.535000,792,1602
60.540000,966,1600
60.545000,936,1600
60.550000,764,1600
60.555000,886,1602
60.559999,961,1594
60.565001,771,1600
60.570001,815,1600
60.574999,980,1600
60.580000,843,1602
60.585000,801,1600
60.590000,969,1603
60.595001,942,1600
60.600000,758,1603
60.604999,899,1601
60.610000,941,1605
60.614999,758,1608
60.620001,808,1605
60.625001,989,1599
60.630000,864,1597
60.635000,791,1605
60.640000,969,1605
60.645001,944,1605
60.650000,770,1604
60.655001,893,1602
60.660000,945,1608
60.665000,779,1602
60.670001,818,1604
60.674999,979,1606
60.680000,846,1605
60.684999,784,1608
60.690000,977,1605
60.694999,940,1605
60.699999,762,1608
60.705000,908,1606
60.710000,958,1606
60.715000,765,1606
60.720000,811,1607
60.725001,988,1604
60.730000,849,1608
60.735001,808,1601
60.740001,973,1607
60.744999,923,1609
60.749999,780,1606
60.755000,891,1608
60.760000,957,1605
60.765000,774,1608
60.770001,821,1606
60.775001,969,1612
60.780000,844,1609
60.785001,785,1610
60.790000,982,1606
60.795001,928,1608
60.800000,761,1609
60.805001,897,1597
60.810001,967,1604
60.815000,760,1607
60.819999,819,1608
60.825000,970,1607
60.830000,843,1608
60.834999,809,1598
60.840001,985,1603
60.845000,930,1602
60.850000,765,1604
60.854999,884,1603
60.860000,959,1600
60.864999,759,1603
60.870001,807,1601
60.875000,989,1600
60.880000,860,1600
60.885001,788,1597
60.890000,971,1601
60.895000,921,1598
60.899999,772,1596
60.905000,902,1595
60.910000,962,1599
60.914999,766,1598
60.919999,806,1599
60.924999,985,1599
60.930000,843,1600
60.934999,802,1596
60.940001,981,1598
60.945000,919,1602
60.950000,753,1603
60.955000,906,1601
60.960000,944,1600
60.965001,778,1596
60.970001,817,1600
60.974999,979,1602
60.979999,836,1604
60.985001,806,1602
60.990000,982,1601
60.995000,932,1600
60.999999,768,1602
61.005000,900,1605
61.010001,955,1603
61.015000,768,1604
61.020000,817,1603
61.024999,968,1605
61.030000,858,1605
61.035000,799,1605
61.039999,974,1609
61.045000,918,1606
61.050000,756,1611
61.054999,912,1604
61.060000,950,1608
61.065001,752,1608
61.070000,822,1611
61.074999,971,1610
61.080000,858,1606
61.084999,793,1607
61.090000,974,1610
61.095000,921,1610
61.100000,782,1610
61.104999,903,1611
61.110001,939,1613
61.115000,768,1607
61.119999,813,1608
61.125000,971,1611
61.129999,861,1608
61.135001,797,1609
61.139999,977,1610
61.145000,921,1607
61.149999,766,1611
61.155001,890,1611
61.160000,954,1610
61.164999,755,1612
61.169999,821,1612
61.174999,969,1614
61.180000,846,1612
61.184999,789,1615
61.190001,992,1613
61.195000,929,1616
61.200000,761,1617
61.205001,913,1617
61.209999,957,1618
61.214999,761,1620
61.219999,820,1612
61.225000,978,1621
61.229999,849,1613
61.235001,791,1622
61.240000,988,1620
61.245001,920,1622
61.250001,753,1623
61.255000,904,1619
61.260000,944,1619
61.264999,775,1614
61.270001,815,1617
61.275000,985,1618
61.280000,838,1617
61.285001,786,1617
61.289999,979,1618
61.294999,918,1618
61.300000,772,1616
61.305000,896,1615
61.309999,957,1609
61.315000,761,1613
61.319999,822,1608
61.325000,978,1611
61.330000,841,1611
61.334999,792,1607
61.340000,974,1609
61.345000,924,1610
61.350001,771,1600
61.355000,908,1604
61.360000,948,1608
61.365000,754,1606
61.370000,819,1606
61.375000,972,1606
61.380000,846,1602
61.385000,795,1603
61.390000,965,1608
61.395001,926,1603
61.400000,756,1605
61.405000,908,1603
61.410000,960,1602
61.415000,764,1601
61.420000,806,1601
61.425000,985,1601
61.430000,835,1600
61.435000,784,1600
61.440000,978,1599
61.445000,917,1602
61.449999,769,1599
61.454999,902,1598
61.460000,937,1598
61.465001,750,1599
61.469999,819,1600
61.475000,967,1600
61.479999,850,1598
61.485000,792,1600
61.490000,964,1602
61.495000,939,1600
61.500001,763,1600
61.505000,898,1602
61.510001,961,1603
61.514999,763,1604
61.520001,811,1602
61.525001,966,1605
61.529999,843,1601
61.535000,789,1605
61.539999,977,1596
61.544999,931,1599
61.549999,754,1602
61.555001,910,1595
61.559999,946,1600
61.565001,749,1599
61.570000,827,1600
61.574999,978,1600
61.579999,831,1599
61.585000,782,1605
61.590000,969,1595
61.595001,942,1597
61.600000,764,1604
61.605000,899,1601
61.610000,936,1607
61.615000,772,1605
61.619999,809,1610
61.624999,985,1607
61.630001,835,1608
61.635000,791,1611
61.640000,965,1613
61.645001,935,1612
61.650001,755,1616
61.655000,910,1613
61.660000,941,1616
61.665000,762,1616
61.670000,807,1620
61.675000,979,1618
61.680000,828,1618
61.684999,800,1620
61.690001,986,1616
61.695000,930,1620
61.699999,758,1619
61.704999,906,1619
61.710000,944,1618
61.715001,771,1621
61.719999,809,1622
61.725000,990,1619
61.729999,841,1622
61.735000,786,1624
61.739999,984,1619
61.745000,926,1620
61.749999,781,1618
61.755001,908,1621
61.760001,943,1621
61.764999,777,1618
61.770000,814,1620
61.775000,966,1620
61.780000,850,1619
61.785000,803,1617
61.790000,973,1619
61.795000,919,1617
61.800000,757,1616
61.805000,914,1614
61.809999,950,1613
61.815001,763,1612
61.820000,816,1615
61.824999,966,1616
61.829999,839,1605
61.834999,813,1610
61.840001,985,1612
61.845001,921,1613
61.849999,759,1616
61.855000,913,1607
61.860001,948,1617
61.865000,759,1618
61.870000,816,1616
61.875000,971,1615
61.879999,831,1618
61.885000,789,1619
61.889999,991,1616
61.895000,931,1615
61.900000,762,1617
61.905000,920,1615
61.910000,946,1613
61.915000,757,1617
61.920000,829,1612
61.925000,965,1613
61.930001,847,1610
61.935000,796,1608
61.940001,977,1609
61.945000,924,1606
61.949999,763,1607
61.955000,899,1605
61.959999,955,1600
61.965000,769,1604
61.970000,812,1602
61.975000,966,1600
61.980000,824,1600
61.985001,805,1594
61.990000,980,1600
61.994999,927,1596
61.999999,766,1597
62.005001,909,1593
62.010001,940,1594
62.015000,748,1596
62.020000,821,1593
62.025000,972,1596
62.030000,839,1593
62.035000,797,1596
62.040001,983,1596
62.045001,929,1593
62.049999,770,1595
62.055000,914,1600
62.060000,946,1594
62.065000,750,1598
62.070000,809,1597
62.075000,964,1597
62.080000,849,1598
62.085000,801,1604
62.090000,972,1603
62.095000,921,1602
62.100000,774,1602
62.104999,908,1604
62.110000,940,1605
62.114999,774,1604
62.120000,813,1603
62.125001,964,1608
62.129999,839,1602
62.135000,810,1607
62.140001,984,1606
62.145000,920,1610
62.149999,765,1613
62.155000,904,1611
62.160000,936,1613
62.164999,772,1610
62.170000,822,1610
62.175000,969,1612
62.180000,844,1613
62.185000,801,1614
62.190000,979,1615
62.195000,920,1617
62.199999,766,1613
62.205000,911,1622
62.210000,938,1625
62.215000,771,1621
62.219999,818,1626
62.225001,973,1625
62.229999,833,1617
62.235000,808,1625
62.240001,978,1625
62.244999,921,1626
62.249999,782,1625
62.255000,918,1626
62.260000,949,1625
62.264999,755,1628
62.270000,828,1629
62.275000,969,1629
62.280000,820,1627
62.285000,813,1627
62.289999,982,1628
62.294999,930,1630
62.300000,761,1629
62.305001,905,1629
62.310000,944,1624
62.315001,771,1628
62.320001,819,1630
62.324999,971,1632
62.329999,846,1632
62.335000,799,1631
62.340000,976,1632
62.345000,944,1629
62.350001,762,1627
62.355000,923,1626
62.359999,956,1628
62.365000,770,1626
62.370000,820,1622
62.375000,964,1625
62.380001,838,1622
62.385001,799,1618
62.390001,973,1620
62.394999,919,1621
62.399999,763,1617
62.405001,914,1615
62.410000,945,1616
62.415001,755,1616
62.420000,811,1613
62.424999,982,1609
62.430001,840,1605
62.435000,801,1610
62.440000,971,1607
62.445000,919,1609
62.449999,770,1594
62.454999,919,1606
62.460000,950,1602
62.465000,751,1603
62.469999,827,1599
62.475000,985,1602
62.479999,827,1599
62.485000,790,1596
62.490000,986,1598
62.494999,922,1595
62.499999,762,1596
62.505001,909,1592
62.510000,938,1592
62.515000,771,1593
62.520001,817,1595
62.525000,981,1584
62.530001,840,1589
62.535001,795,1592
62.540000,966,1596
62.545000,929,1587
62.550000,764,1589
62.555000,902,1592
62.560000,952,1591
62.565001,753,1593
62.570000,810,1595
62.574999,973,1595
62.579999,824,1598
62.585001,813,1595
62.590000,984,1594
62.595000,917,1596
62.600001,774,1589
62.605000,906,1598
62.610001,946,1590
62.615001,761,1598
62.619999,827,1598
62.624999,984,1596
62.630001,834,1597
62.635000,789,1599
62.639999,982,1595
62.645000,921,1598
62.649999,775,1599
62.655001,913,1600
62.660000,957,1598
62.665001,749,1600
62.670001,808,1602
62.674999,982,1600
62.680000,820,1601
62.684999,805,1595
62.690000,981,1599
62.694999,931,1602
62.700000,765,1604
62.705000,908,1604
62.710000,932,1607
62.715000,773,1600
62.719999,826,1602
62.725000,966,1603
62.729999,838,1600
62.735000,801,1599
62.739999,973,1601
62.745001,911,1601
62.749999,781,1599
62.755000,906,1604
62.760001,957,1597
62.764999,763,1600
62.770001,812,1601
62.775001,979,1600
62.780000,816,1601
62.785001,813,1600
62.789999,988,1602
62.795000,920,1601
62.800000,757,1612
62.805000,932,1602
62.810000,941,1602
62.815000,750,1605
62.820000,809,1608
62.825000,980,1607
62.830000,820,1608
62.834999,795,1608
62.840000,990,1605
62.845000,933,1611
62.850001,760,1613
62.855001,911,1612
62.859999,950,1606
62.865000,763,1613
62.869999,813,1615
62.874999,962,1615
62.880000,827,1613
62.885001,792,1615
62.890000,970,1615
62.895000,931,1612
62.900000,764,1610
62.905001,925,1607
62.910000,950,1610
62.915000,769,1612
62.920001,821,1614
62.924999,963,1615
62.930001,814,1613
62.935000,793,1614
62.940000,990,1617
62.945000,920,1615
62.950000,780,1617
62.955000,914,1618
62.960000,954,1616
62.965000,761,1615
62.969999,813,1618
62.975000,982,1606
62.980000,827,1613
62.985000,801,1612
62.990000,977,1615
62.995000,918,1615
63.000000,778,1609
63.005000,926,1610
63.010001,954,1606
63.015000,760,1601
63.020001,813,1604
63.025000,962,1608
63.030001,836,1600
63.035000,807,1598
63.040000,975,1599
63.045000,918,1601
63.049999,761,1599
63.055000,927,1598
63.060001,941,1601
63.065000,755,1601
63.070000,811,1598
63.074999,963,1600
63.080000,808,1601
63.084999,800,1597
63.090000,977,1600
63.094999,917,1598
63.100001,774,1602
63.105000,924,1601
63.110000,931,1602
63.115000,761,1601
63.119999,809,1603
63.124999,985,1601
63.130000,808,1602
63.135000,808,1598
63.139999,980,1603
63.145000,913,1603
63.150000,761,1604
63.155000,910,1604
63.160000,957,1604
63.165000,764,1604
63.170000,818,1606
63.175000,966,1605
63.180001,820,1601
63.185001,810,1606
63.189999,981,1609
63.195000,918,1611
63.200000,774,1611
63.205000,922,1610
63.210000,939,1609
63.215001,755,1611
63.220000,811,1613
63.225000,963,1616
63.230000,815,1615
63.234999,793,1614
63.240000,994,1610
63.244999,928,1614
63.249999,764,1613
63.255001,911,1614
63.260000,951,1611
63.264999,762,1604
63.270000,823,1609
63.275000,964,1610
63.280000,808,1612
63.285000,794,1607
63.289999,989,1608
63.294999,915,1612
63.300000,769,1598
63.305000,919,1607
63.309999,957,1604
63.315001,760,1608
63.320001,816,1608
63.324999,978,1602
63.330000,812,1605
63.334999,814,1606
63.340001,979,1605
63.345000,912,1607
63.350001,772,1602
63.355001,917,1604
63.360000,950,1603
63.364999,753,1602
63.370000,818,1603
63.375000,967,1601
63.379999,818,1600
63.385001,795,1601
63.390000,986,1601
63.395001,916,1598
63.400001,766,1603
63.405000,914,1605
63.410000,956,1603
63.415000,758,1605
63.420000,810,1608
63.425000,981,1603
63.430000,815,1607
63.435000,793,1610
63.440000,985,1605
63.444999,912,1606
63.450000,778,1601
63.455000,914,1605
63.459999,947,1595
63.465000,754,1598
63.470000,811,1600
63.475001,970,1598
63.480000,826,1596
63.485000,800,1597
63.489999,979,1587
63.495000,926,1594
63.500001,774,1591
63.505000,914,1603
63.510001,931,1594
63.515001,765,1595
63.520001,821,1593
63.525000,962,1596
63.530000,826,1595
63.535000,802,1595
63.539999,973,1595
63.544999,928,1591
63.549999,771,1591
63.555001,935,1597
63.560000,935,1595
63.565000,747,1597
63.570001,811,1597
63.575000,982,1597
63.580000,817,1596
63.584999,790,1599
63.590000,978,1597
63.594999,927,1593
63.600000,768,1597
63.604999,917,1595
63.610000,925,1598
63.615000,762,1597
63.620001,814,1599
63.625000,984,1594
63.629999,816,1603
63.635000,788,1601
63.639999,985,1602
63.645000,912,1605
63.649999,777,1603
63.655000,921,1606
63.660000,948,1606
63.665000,756,1604
63.670001,818,1608
63.675000,981,1604
63.680000,813,1610
63.685000,797,1607
63.690001,986,1609
63.695001,916,1613
63.700000,780,1611
63.704999,932,1609
63.710000,948,1613
63.715000,765,1612
63.720001,816,1614
63.725001,961,1612
63.730000,818,1612
63.735001,803,1614
63.740000,993,1608
63.744999,931,1613
63.749999,766,1612
63.755000,920,1614
63.760000,940,1612
63.764999,752,1611
63.770000,824,1606
63.775000,980,1610
63.780001,799,1610
63.785001,812,1610
63.790000,974,1610
63.795000,930,1610
63.800000,763,1611
63.805000,929,1605
63.810000,948,1608
63.815000,758,1610
63.819999,833,1608
63.824999,965,1611
63.829999,798,1613
63.835000,817,1611
63.840000,980,1610
63.845000,928,1605
63.850000,772,1612
63.855000,924,1612
63.860000,948,1608
63.865000,765,1611
63.869999,816,1609
63.874999,968,1610
63.880000,796,1613
63.885000,814,1610
63.889999,977,1609
63.895001,931,1609
63.900000,762,1611
63.905001,944,1613
63.910000,935,1612
63.914999,746,1612
63.919999,819,1612
63.925000,979,1613
63.930001,801,1616
63.935000,818,1612
63.940000,983,1612
63.945000,933,1611
63.949999,761,1617
63.955000,941,1611
63.960000,930,1613
63.965000,767,1614
63.970000,811,1617
63.974999,978,1616
63.979999,812,1616
63.985001,794,1617
63.990001,995,1615
63.995000,926,1615
64.000000,776,1614
64.004999,938,1617
64.010000,945,1616
64.015001,762,1622
64.020000,816,1622
64.025000,961,1622
64.030000,818,1622
64.035000,798,1620
64.039999,975,1623
64.045000,921,1623
64.049999,783,1618
64.055000,933,1623
64.060000,933,1620
64.065000,767,1614
64.069999,833,1621
64.075000,965,1620
64.080000,796,1623
64.085000,816,1619
64.090000,975,1621
64.094999,934,1619
64.100000,773,1622
64.105000,929,1624
64.110000,930,1624
64.115000,767,1620
64.120000,824,1621
64.125000,971,1620
64.129999,798,1620
64.135001,803,1624
64.140000,978,1620
64.145000,926,1624
64.149999,770,1616
64.155000,937,1620
64.160001,931,1620
64.165000,752,1617
64.170000,835,1612
64.174999,972,1616
64.180000,798,1619
64.184999,815,1612
64.190000,993,1612
64.194999,916,1611
64.200000,764,1613
64.205000,950,1611
64.209999,929,1616
64.215001,768,1611
64.220000,831,1614
64.225000,960,1616
64.229999,790,1616
64.235001,796,1614
64.240000,984,1611
64.245000,930,1608
64.250000,767,1609
64.254999,936,1610
64.260000,926,1607
64.265000,767,1606
64.270001,831,1605
64.275001,963,1603
64.280001,815,1598
64.284999,812,1598
64.290001,973,1600
64.295000,918,1589
64.300001,776,1592
64.305000,930,1592
64.310000,930,1583
64.315001,755,1588
64.319999,816,1589
64.325000,970,1586
64.330000,794,1587
64.335000,811,1584
64.340000,985,1581
64.344999,904,1583
64.350000,761,1585
64.355000,932,1580
64.360000,942,1582
64.365001,750,1583
64.370000,841,1581
64.375000,960,1582
64.380000,785,1583
64.385000,814,1583
64.389999,972,1582
64.395000,917,1583
64.400000,777,1584
64.405000,926,1584
64.410000,944,1585
64.414999,745,1585
64.419999,838,1583
64.425000,966,1582
64.430000,795,1582
64.435000,810,1578
64.440000,987,1585
64.444999,910,1588
64.450001,759,1588
64.455000,937,1581
64.460001,943,1586
64.465000,753,1590
64.469999,828,1591
64.475001,957,1592
64.480000,802,1595
64.485000,804,1596
64.490000,976,1595
64.494999,896,1597
64.500000,770,1595
64.505000,930,1600
64.510000,943,1601
64.514999,750,1600
64.520001,845,1599
64.525000,962,1600
64.530000,802,1600
64.535000,805,1601
64.540000,985,1601
64.545000,916,1607
64.550000,768,1609
64.554999,933,1611
64.560000,948,1610
64.565000,762,1612
64.570001,828,1612
64.574999,957,1618
64.580000,805,1618
64.585000,806,1617
64.590000,975,1619
64.594999,923,1616
64.600001,790,1618
64.605000,950,1619
64.610000,938,1621
64.614999,747,1625
64.620000,849,1619
64.625000,969,1623
64.630000,795,1618
64.635000,803,1622
64.640000,982,1622
64.645000,904,1624
64.650000,768,1625
64.654999,953,1620
64.660000,933,1627
64.664999,750,1629
64.669999,847,1626
64.674999,980,1628
64.680000,802,1629
64.685000,806,1629
64.690000,977,1633
64.694999,923,1631
64.700000,780,1631
64.705000,942,1634
64.709999,952,1631
64.715001,758,1633
64.719999,835,1632
64.725000,978,1632
64.730000,799,1634
64.735000,808,1633
64.739999,976,1632
64.745000,917,1632
64.750001,772,1634
64.754999,941,1632
64.760000,949,1629
64.765001,756,1629
64.770001,833,1630
64.775001,980,1627
64.779999,806,1627
64.785000,821,1625
64.790000,991,1626
64.795000,901,1629
64.800000,772,1622
64.805000,960,1622
64.809999,934,1621
64.815000,750,1621
64.819999,852,1614
64.825001,965,1619
64.830000,789,1621
64.835000,810,1610
64.840001,1001,1614
64.845000,906,1616
64.849999,778,1615
64.855000,953,1613
64.859999,939,1615
64.865000,765,1612
64.869999,849,1613
64.874999,966,1615
64.880000,784,1614
64.885001,816,1610
64.889999,991,1611
64.895000,911,1611
64.900000,777,1610
64.905001,938,1616
64.910001,952,1610
64.915000,763,1610
64.920000,840,1615
64.925000,958,1614
64.930001,782,1613
64.935000,821,1609
64.940000,985,1608
64.945000,910,1609
64.949999,784,1607
64.955000,950,1609
64.960000,932,1607
64.965001,772,1605
64.970001,843,1609
64.975001,962,1602
64.980000,797,1603
64.985000,817,1603
64.989999,982,1601
64.995000,900,1604
65.000000,767,1606
65.005000,945,1594
65.010000,939,1600
65.015000,756,1599
65.020001,834,1601
65.025000,977,1598
65.030000,789,1599
65.035000,822,1594
65.040000,980,1595
65.045000,904,1596
65.050000,777,1596
65.055000,947,1595
65.059999,933,1589
65.065000,763,1594
65.070000,844,1598
65.075000,949,1598
65.080000,794,1597
65.085000,800,1598
65.090000,976,1600
65.094999,910,1594
65.100000,783,1600
65.104999,945,1600
65.110000,939,1597
65.115000,756,1603
65.119999,852,1602
65.124999,962,1604
65.130000,778,1606
65.135000,821,1607
65.140001,981,1605
65.145000,889,1606
65.150001,770,1611
65.155000,964,1608
65.160000,933,1611
65.164999,747,1611
65.170000,854,1613
65.174999,959,1614
65.180000,781,1612
65.184999,800,1619
65.190000,990,1613
65.195000,890,1616
65.200000,787,1610
65.205001,958,1615
65.209999,931,1618
65.215000,747,1621
65.220001,860,1620
65.225000,962,1621
65.229999,780,1625
65.235000,803,1625
65.239999,993,1624
65.245000,889,1626
65.250000,797,1627
65.254999,956,1628
65.260000,931,1630
65.265000,769,1624
65.270001,856,1630
65.275000,962,1630
65.280001,791,1625
65.285001,809,1633
65.289999,983,1630
65.294999,904,1627
65.299999,787,1630
65.305001,953,1631
65.310000,927,1629
65.315001,768,1626
65.320000,849,1627
65.324999,979,1625
65.330000,788,1628
65.334999,803,1627
65.340001,994,1626
65.344999,898,1623
65.350000,771,1626
65.355000,965,1626
65.359999,938,1624
65.365000,749,1621
65.370000,860,1621
65.375001,963,1621
65.379999,784,1617
65.385001,829,1615
65.389999,984,1617
65.395001,883,1622
65.400000,785,1608
65.405000,950,1618
65.410000,935,1608
65.414999,772,1615
65.419999,851,1614
65.424999,977,1611
65.430001,791,1613
65.435000,812,1611
65.440000,977,1613
65.445000,904,1609
65.449999,787,1611
65.454999,953,1610
65.459999,948,1609
65.465001,760,1610
65.470000,861,1604
65.475000,967,1609
65.479999,773,1610
65.485000,818,1606
65.489999,977,1609
65.495000,904,1609
