t,x,y
0.000000,922,1597
0.005000,765,1598
0.010000,875,1600
0.015000,951,1599
0.020000,784,1597
0.025001,805,1601
0.030000,982,1601
0.034999,858,1599
0.039999,781,1602
0.045000,958,1603
0.050001,943,1599
0.055000,767,1598
0.060000,868,1600
0.065000,954,1592
0.070001,769,1598
0.075001,819,1594
0.080001,986,1600
0.085001,852,1601
0.090000,775,1597
0.095000,978,1595
0.099999,925,1599
0.105001,769,1596
0.110000,872,1600
0.115000,950,1598
0.119999,781,1600
0.125000,807,1601
0.130000,972,1600
0.135000,870,1599
0.139999,776,1603
0.145000,957,1601
0.150000,930,1602
0.155001,755,1601
0.160000,888,1600
0.165001,964,1600
0.170000,762,1603
0.175000,822,1600
0.180000,974,1602
0.185000,873,1592
0.190000,782,1605
0.195001,954,1603
0.200001,922,1603
0.204999,768,1602
0.210000,869,1603
0.214999,950,1607
0.220000,765,1605
0.224999,823,1606
0.230001,976,1603
0.235000,877,1603
0.240001,786,1604
0.244999,963,1598
0.250000,939,1604
0.255000,758,1604
0.260000,863,1611
0.265000,946,1608
0.270000,787,1606
0.275000,821,1607
0.280000,968,1610
0.285000,878,1612
0.290000,784,1612
0.295000,958,1615
0.300000,937,1614
0.304999,755,1612
0.310001,861,1616
0.315000,969,1618
0.320000,778,1616
0.325000,809,1616
0.329999,994,1618
0.335000,873,1617
0.339999,778,1614
0.345001,973,1621
0.350000,931,1622
0.355001,760,1623
0.360000,868,1628
0.365001,954,1628
0.370000,778,1627
0.375000,825,1620
0.380001,978,1633
0.385000,880,1629
0.390001,787,1635
0.395000,973,1631
0.400000,942,1635
0.404999,755,1634
0.410001,882,1633
0.414999,949,1633
0.420000,779,1635
0.425000,811,1633
0.430000,975,1634
0.434999,880,1629
0.440000,781,1633
0.445001,962,1632
0.450000,946,1627
0.454999,753,1628
0.459999,873,1627
0.464999,949,1628
0.470000,780,1622
0.475000,810,1620
0.480000,995,1620
0.484999,875,1620
0.490000,781,1614
0.494999,964,1620
0.500000,946,1616
0.505000,768,1616
0.510000,861,1620
0.515000,969,1614
0.519999,769,1617
0.525001,818,1608
0.530000,976,1617
0.535000,886,1614
0.540000,773,1614
0.545000,977,1613
0.550000,929,1612
0.555000,764,1607
0.560000,870,1612
0.565000,962,1608
0.570000,776,1609
0.574999,819,1610
0.580001,970,1608
0.585000,880,1604
0.590000,776,1604
0.595001,953,1602
0.600001,942,1600
0.604999,749,1600
0.610000,876,1597
0.615000,960,1597
0.619999,770,1596
0.625000,802,1589
0.630001,986,1593
0.634999,871,1593
0.640000,788,1589
0.644999,965,1593
0.650000,920,1592
0.655000,769,1590
0.660001,857,1590
0.665000,947,1590
0.670000,788,1586
0.675000,811,1588
0.680000,971,1588
0.685000,892,1587
0.689999,774,1592
0.695000,953,1591
0.700000,943,1586
0.705000,755,1584
0.710001,855,1587
0.714999,949,1584
0.720000,781,1583
0.724999,806,1585
0.730000,988,1583
0.735000,867,1588
0.739999,772,1586
0.744999,963,1581
0.750000,925,1581
0.754999,764,1574
0.760000,868,1580
0.764999,968,1580
0.770000,764,1584
0.775001,812,1579
0.780001,974,1578
0.785000,889,1571
0.790000,776,1582
0.795000,972,1579
0.800001,933,1578
0.804999,755,1578
0.810000,871,1580
0.815000,952,1580
0.820000,771,1581
0.824999,817,1581
0.830000,975,1582
0.835000,883,1576
0.840000,775,1582
0.845000,948,1587
0.850000,938,1589
0.855000,752,1585
0.860000,861,1578
0.865000,952,1582
0.870000,787,1582
0.874999,808,1584
0.879999,989,1586
0.885001,889,1587
0.890000,788,1587
0.895000,948,1593
0.900000,940,1590
0.904999,755,1590
0.910000,847,1594
0.915000,975,1593
0.919999,777,1592
0.925000,801,1598
0.930000,986,1598
0.935000,881,1599
0.940000,797,1597
0.945000,964,1600
0.949999,929,1605
0.955001,774,1598
0.960001,852,1602
0.965000,956,1602
0.970000,772,1604
0.974999,824,1601
0.980001,984,1601
0.985001,876,1602
0.989999,796,1603
0.994999,964,1602
1.000000,932,1604
1.005000,748,1604
1.010000,865,1603
1.015001,965,1606
1.020000,780,1607
1.025000,803,1609
1.030000,990,1606
1.035000,881,1612
1.040000,794,1609
1.045000,957,1610
1.050001,925,1613
1.055001,758,1611
1.060000,846,1614
1.065000,979,1613
1.070001,789,1614
1.075001,800,1614
1.079999,998,1613
1.084999,891,1616
1.090000,778,1614
1.095000,955,1614
1.100000,952,1615
1.105000,768,1616
1.109999,843,1615
1.115001,961,1609
1.120000,790,1616
1.124999,804,1618
1.130000,1000,1617
1.135000,891,1619
1.140000,790,1617
1.145000,966,1619
1.150001,930,1620
1.155000,756,1618
1.160001,848,1625
1.165001,958,1620
1.170000,789,1619
1.175000,825,1617
1.180000,992,1618
1.185001,893,1620
1.190000,798,1619
1.195001,953,1616
1.200000,941,1615
1.204999,768,1616
1.210000,851,1615
1.214999,960,1609
1.220000,790,1615
1.225000,807,1612
1.230001,989,1612
1.234999,893,1612
1.240000,792,1609
1.245000,950,1610
1.249999,952,1613
1.254999,758,1609
1.260000,864,1613
1.265000,962,1609
1.269999,781,1616
1.274999,819,1612
1.279999,980,1614
1.285001,908,1612
1.290000,780,1615
1.295000,966,1616
1.300000,932,1616
1.304999,770,1615
1.309999,842,1616
1.314999,979,1615
1.320000,795,1614
1.324999,806,1617
1.330000,977,1614
1.335000,910,1613
1.339999,779,1616
1.345000,947,1618
1.350000,929,1615
1.355000,769,1613
1.359999,846,1613
1.365001,961,1618
1.370000,801,1614
1.374999,810,1616
1.380000,985,1607
1.385000,899,1615
1.390001,775,1615
1.395000,961,1607
1.400001,953,1614
1.405000,763,1615
1.410000,836,1614
1.415001,973,1614
1.420000,788,1615
1.425001,828,1608
1.430000,990,1615
1.435000,897,1612
1.439999,773,1615
1.445000,965,1608
1.450000,933,1611
1.455000,753,1603
1.460000,841,1608
1.465000,976,1603
1.470000,792,1604
1.474999,804,1605
1.480001,980,1596
1.485000,914,1601
1.490001,771,1603
1.495001,941,1602
1.500000,928,1607
1.505001,774,1602
1.509999,843,1602
1.515000,962,1604
1.520000,787,1600
1.525001,826,1600
1.530000,990,1607
1.535000,907,1602
1.540001,773,1597
1.545000,961,1605
1.550001,943,1606
1.555000,756,1602
1.560001,831,1601
1.565000,973,1601
1.570000,791,1603
1.575000,802,1603
1.579999,993,1601
1.584999,894,1604
1.590001,789,1599
1.595000,942,1601
1.599999,931,1600
1.605000,761,1593
1.610000,845,1598
1.615001,966,1598
1.620001,791,1600
1.624999,800,1600
1.630000,995,1597
1.635000,907,1600
1.640000,767,1600
1.645000,958,1602
1.650000,948,1602
1.654999,761,1604
1.660000,827,1604
1.665001,955,1608
1.669999,797,1604
1.674999,798,1608
1.679999,996,1606
1.685000,907,1609
1.690000,772,1610
1.695000,939,1607
1.699999,940,1609
1.705000,749,1614
1.710000,843,1613
1.715000,959,1618
1.720000,799,1614
1.725000,804,1618
1.730001,978,1616
1.735000,918,1616
1.740000,779,1616
1.744999,936,1619
1.750001,941,1617
1.755001,764,1619
1.760000,843,1616
1.765000,979,1619
1.770000,794,1621
1.775001,818,1616
1.779999,985,1622
1.785000,906,1626
1.790000,787,1622
1.795000,946,1626
1.800000,937,1628
1.804999,769,1627
1.810000,833,1627
1.814999,970,1624
1.820000,794,1622
1.825000,818,1629
1.829999,984,1625
1.834999,913,1626
1.840000,767,1630
1.845000,952,1627
1.849999,937,1625
1.855000,767,1626
1.860000,826,1628
1.865000,960,1629
1.869999,795,1626
1.875000,820,1627
1.880000,986,1626
1.885000,914,1627
1.890000,784,1624
1.894999,940,1625
1.900000,926,1628
1.905000,765,1627
1.910000,835,1627
1.915000,967,1624
1.920000,795,1628
1.925000,819,1624
1.930000,980,1626
1.934999,908,1627
1.939999,777,1626
1.945000,944,1621
1.949999,946,1625
1.955001,754,1625
1.960000,836,1617
1.964999,973,1625
1.970000,791,1626
1.974999,814,1624
1.980001,977,1624
1.985000,911,1619
1.989999,785,1621
1.994999,942,1621
2.000000,932,1623
2.005000,763,1618
2.010000,821,1622
2.015000,958,1625
2.019999,815,1621
2.025000,797,1621
2.030000,976,1623
2.035000,911,1620
2.040000,773,1619
2.044999,929,1625
2.049999,943,1619
2.054999,752,1618
2.060000,819,1618
2.065000,966,1611
2.070000,796,1616
2.075000,812,1612
2.079999,977,1612
2.084999,936,1604
2.090001,773,1610
2.095001,949,1603
2.100000,932,1608
2.105000,748,1607
2.109999,813,1607
2.115001,979,1605
2.120000,807,1605
2.124999,793,1609
2.129999,985,1607
2.135001,913,1604
2.140001,783,1607
2.144999,940,1606
2.150001,943,1608
2.155001,751,1609
2.160000,818,1603
2.165000,978,1608
2.170000,812,1608
2.175001,803,1608
2.180000,979,1602
2.185000,926,1604
2.190000,764,1607
2.195000,943,1604
2.200000,937,1601
2.204999,748,1611
2.209999,816,1603
2.215000,981,1602
2.220000,808,1603
2.225000,799,1600
2.230000,984,1599
2.234999,914,1603
2.239999,786,1600
2.244999,944,1600
2.250000,942,1597
2.255001,746,1601
2.260000,825,1600
2.265000,962,1599
2.270000,817,1600
2.274999,804,1596
2.280000,987,1598
2.285000,914,1602
2.290001,767,1601
2.294999,934,1590
2.299999,945,1597
2.304999,755,1598
2.310001,814,1601
2.315001,981,1600
2.320000,806,1599
2.324999,799,1603
2.330001,989,1603
2.335000,917,1600
2.340000,780,1598
2.344999,931,1599
2.349999,929,1602
2.355000,765,1601
2.359999,825,1599
2.365000,971,1602
2.370000,803,1602
2.375000,812,1604
2.380001,975,1604
2.385000,938,1603
2.390000,764,1608
2.395000,944,1606
2.400001,934,1607
2.405001,771,1602
2.410000,829,1604
2.415000,966,1607
2.420000,808,1606
2.425000,798,1610
2.430000,991,1607
2.435000,919,1609
2.439999,784,1610
2.445000,923,1611
2.449999,954,1608
2.455000,750,1610
2.460000,830,1608
2.465000,979,1607
2.470000,813,1608
2.475000,803,1605
2.480000,972,1607
2.485000,931,1604
2.490000,767,1604
2.494999,922,1605
2.500000,941,1597
2.505000,758,1604
2.510000,819,1603
2.515000,965,1606
2.520000,828,1602
2.525000,804,1606
2.530001,988,1604
2.535000,917,1608
2.540000,779,1606
2.545001,928,1607
2.550001,932,1609
2.555000,770,1606
2.560000,818,1608
2.564999,957,1613
2.570000,819,1608
2.575001,803,1606
2.579999,986,1611
2.584999,920,1606
2.590000,759,1608
2.594999,926,1610
2.600000,951,1607
2.605000,750,1606
2.609999,833,1604
2.615000,967,1605
2.620000,806,1608
2.624999,808,1604
2.629999,988,1607
2.635000,914,1610
2.640000,773,1609
2.645001,913,1610
2.650001,955,1610
2.655000,749,1614
2.660001,834,1608
2.665000,967,1612
2.670000,805,1617
2.675000,810,1616
2.680000,975,1616
2.685001,914,1616
2.689999,771,1615
2.695001,940,1611
2.700000,944,1615
2.704999,755,1616
2.709999,836,1617
2.715000,972,1617
2.720001,808,1615
2.725000,802,1614
2.729999,972,1619
2.735000,930,1616
2.740000,764,1618
2.745000,938,1616
2.749999,941,1619
2.755000,768,1617
2.760000,839,1616
2.765000,972,1619
2.769999,831,1614
2.775000,813,1618
2.780000,983,1619
2.785000,939,1617
2.790000,767,1617
2.795000,920,1616
2.800000,941,1617
2.805000,771,1617
2.810000,828,1620
2.814999,966,1621
2.820001,838,1617
2.825001,801,1617
2.829999,974,1620
2.834999,941,1618
2.840001,773,1618
2.845001,932,1613
2.850000,948,1616
2.855000,751,1621
2.859999,824,1613
2.865000,969,1618
2.870000,831,1616
2.874999,793,1615
2.880000,994,1617
2.884999,918,1615
2.890000,781,1611
2.894999,917,1614
2.900000,941,1609
2.905001,770,1609
2.909999,825,1611
2.914999,973,1610
2.920000,832,1603
2.925000,814,1610
2.930000,986,1606
2.935000,917,1608
2.939999,761,1609
2.945000,937,1604
2.950001,949,1604
2.955000,755,1603
2.960000,836,1600
2.964999,985,1599
2.970001,829,1594
2.974999,807,1600
2.980000,985,1599
2.984999,921,1601
2.990000,777,1594
2.994999,914,1600
3.000001,937,1601
3.005000,771,1601
3.010000,825,1601
3.015000,969,1605
3.019999,813,1608
3.025000,808,1605
3.030000,976,1608
3.035000,937,1606
3.040000,768,1608
3.045000,924,1611
3.050000,949,1608
3.054999,755,1610
3.060001,814,1602
3.065000,989,1606
3.070000,829,1605
3.075000,794,1605
3.079999,989,1602
3.084999,918,1603
3.090001,780,1598
3.095000,913,1599
3.100000,934,1599
3.105000,762,1595
3.110000,810,1597
3.115000,978,1592
3.119999,828,1592
3.125000,790,1594
3.130000,976,1596
3.135001,936,1595
3.140001,767,1590
3.145000,912,1595
3.150000,933,1596
3.155000,757,1595
3.160000,827,1589
3.165001,977,1596
3.169999,822,1599
3.174999,804,1599
3.180000,979,1601
3.185000,916,1600
3.190000,773,1599
3.195001,910,1600
3.200000,940,1601
3.204999,750,1607
3.210000,829,1601
3.214999,966,1604
3.220000,834,1602
3.225000,796,1599
3.230000,972,1603
3.235000,943,1596
3.240001,768,1598
3.245000,904,1599
3.249999,955,1588
3.254999,760,1593
3.260000,808,1598
3.265000,984,1592
3.269999,821,1596
3.275001,808,1588
3.280000,973,1590
3.285000,938,1588
3.290000,772,1590
3.295000,910,1591
3.300000,938,1591
3.304999,774,1590
3.310000,816,1588
3.314999,963,1593
3.320000,834,1591
3.324999,800,1590
3.330001,970,1588
3.335001,932,1595
3.339999,760,1596
3.344999,921,1601
3.349999,943,1599
3.355000,749,1600
3.360000,833,1598
3.365001,976,1601
3.370000,826,1594
3.375000,806,1601
3.380001,977,1600
3.385000,940,1605
3.390000,774,1609
3.394999,902,1611
3.400000,956,1612
3.404999,758,1613
3.410001,833,1614
3.414999,974,1616
3.420001,850,1612
3.425001,798,1619
3.430000,968,1625
3.435000,925,1627
3.439999,784,1625
3.445000,900,1621
3.449999,951,1625
3.455000,756,1629
3.460001,825,1631
3.465000,977,1629
3.470000,827,1634
3.475001,806,1630
3.480000,975,1632
3.485000,938,1631
3.490001,770,1632
3.495001,908,1631
3.500001,960,1623
3.505000,766,1633
3.510000,815,1635
3.515001,982,1634
3.520000,839,1634
3.525001,800,1636
3.530000,976,1634
3.535000,940,1634
3.540000,771,1633
3.545000,924,1633
3.550000,952,1633
3.554999,760,1636
3.559999,837,1632
3.564999,979,1629
3.570000,854,1627
3.575000,800,1626
3.579999,985,1623
3.584999,923,1624
3.590000,774,1619
3.595000,905,1624
3.599999,942,1621
3.605000,772,1617
3.610000,818,1614
3.615000,988,1611
3.619999,834,1611
3.625000,790,1613
3.630001,980,1608
3.635000,921,1610
3.640000,782,1605
3.645000,902,1606
3.650000,944,1604
3.654999,769,1603
3.660001,827,1603
3.665001,979,1600
3.670000,838,1601
3.675000,792,1599
3.679999,985,1598
3.685000,920,1600
3.689999,777,1598
3.695000,897,1592
3.699999,960,1594
3.705000,761,1589
3.710000,811,1590
3.715000,974,1581
3.720001,842,1583
3.725000,786,1585
3.730001,974,1582
3.735000,921,1582
3.739999,780,1578
3.744999,901,1582
3.750001,937,1587
3.755001,765,1581
3.759999,810,1584
3.765001,988,1585
3.769999,837,1583
3.775000,802,1587
3.780000,980,1593
3.785001,923,1590
3.790000,756,1592
3.794999,889,1595
3.799999,942,1595
3.804999,773,1591
3.810000,815,1595
3.815001,970,1597
3.819999,831,1595
3.825000,808,1593
3.830000,980,1593
3.835000,921,1594
3.840000,754,1596
3.845001,907,1592
3.849999,949,1594
3.855001,765,1592
3.860000,817,1596
3.865001,983,1589
3.870000,846,1596
3.875000,788,1598
3.879999,968,1599
3.885001,936,1592
3.890001,764,1598
3.895000,896,1602
3.900000,957,1598
3.904999,762,1605
3.910000,806,1605
3.915000,983,1603
3.919999,841,1605
3.925000,802,1606
3.929999,976,1610
3.935000,925,1610
3.940000,756,1609
3.945001,908,1609
3.950001,946,1612
3.955000,781,1609
3.960000,815,1612
3.964999,980,1612
3.970000,858,1615
3.975000,800,1614
3.979999,965,1614
3.985000,941,1611
3.990000,756,1615
3.995000,905,1612
3.999999,952,1614
4.004999,770,1608
4.010000,813,1614
4.015000,968,1614
4.020000,854,1620
4.025000,792,1610
4.029999,971,1618
4.035000,943,1614
4.040000,757,1618
4.045000,910,1610
4.050000,961,1615
4.055000,761,1617
4.060001,825,1617
4.065001,975,1618
4.069999,862,1616
4.075000,792,1617
4.079999,965,1622
4.084999,938,1619
4.090001,757,1622
4.095000,909,1618
4.099999,950,1623
4.105001,762,1625
4.110000,829,1624
4.115000,974,1626
4.119999,839,1628
4.125000,803,1627
4.130001,980,1628
4.135000,927,1626
4.140000,754,1626
4.145000,891,1632
4.149999,961,1623
4.155000,765,1631
4.160001,806,1629
4.165000,990,1627
4.170001,846,1628
4.175000,804,1619
4.179999,969,1623
4.185000,934,1621
4.189999,765,1626
4.195000,884,1626
4.200000,955,1621
4.205000,755,1624
4.210000,815,1617
4.214999,972,1621
4.220001,858,1614
4.224999,784,1619
4.230000,976,1612
4.234999,922,1615
4.239999,768,1611
4.244999,882,1618
4.250001,966,1611
4.255000,763,1614
4.260000,827,1608
4.265000,976,1612
4.270000,863,1610
4.275000,795,1613
4.280000,963,1615
4.285000,936,1611
4.290000,759,1614
4.294999,879,1611
4.299999,957,1612
4.304999,761,1611
4.310000,812,1609
4.314999,993,1606
4.320000,853,1605
4.324999,784,1608
4.330000,987,1601
4.335000,923,1604
4.339999,773,1602
4.345000,883,1603
4.350001,957,1602
4.355000,770,1598
4.359999,807,1601
4.365000,989,1600
4.369999,847,1599
4.375000,800,1597
4.380000,980,1594
4.384999,925,1597
4.390000,753,1596
4.394999,894,1598
4.400000,942,1600
4.404999,768,1594
4.410000,824,1597
4.415001,968,1597
4.419999,861,1597
4.424999,784,1593
4.429999,961,1596
4.435000,919,1591
4.440001,764,1594
4.444999,878,1592
4.450000,960,1589
4.455000,757,1593
4.460001,817,1589
4.465000,965,1592
4.470001,861,1588
4.475000,795,1583
4.480000,964,1588
4.485000,935,1585
4.490000,767,1587
4.494999,873,1589
4.500000,955,1588
4.505000,757,1588
4.510001,817,1586
4.515000,969,1591
4.520000,868,1590
4.525001,784,1589
4.530000,967,1581
4.535000,935,1592
4.540000,748,1592
4.545000,894,1590
4.550001,952,1590
4.555000,762,1592
4.560000,814,1590
4.564999,979,1596
4.570000,866,1597
4.574999,797,1595
4.580000,957,1599
4.585000,931,1596
4.589999,749,1600
4.595001,882,1594
4.600000,943,1602
4.605001,768,1590
4.609999,802,1598
4.615001,971,1601
4.620000,864,1600
4.625000,781,1602
4.630000,982,1601
4.635000,927,1603
4.640001,751,1605
4.644999,894,1599
4.650000,947,1604
4.655000,759,1608
4.660001,825,1609
4.665000,980,1606
4.669999,849,1610
4.675000,794,1608
4.679999,960,1610
4.685000,943,1611
4.690000,760,1611
4.695000,864,1614
4.700000,963,1609
4.704999,774,1617
4.709999,809,1617
4.715000,990,1616
4.720001,868,1621
4.725001,795,1629
4.730000,981,1627
4.735001,928,1627
4.740000,752,1628
4.745000,884,1631
4.749999,962,1634
4.754999,763,1633
4.760000,827,1634
4.765000,972,1640
4.770000,860,1637
4.775001,802,1635
4.780001,960,1640
4.784999,933,1638
4.790000,753,1641
4.794999,882,1640
4.799999,955,1641
4.804999,789,1640
4.810000,808,1645
4.814999,999,1639
4.820001,872,1642
4.825000,781,1645
4.830000,982,1645
4.835001,946,1639
4.839999,767,1643
4.845000,870,1645
4.849999,965,1645
4.855000,772,1646
4.860000,813,1640
4.865000,987,1640
4.869999,865,1644
4.875000,799,1642
4.880000,971,1639
4.884999,941,1640
4.890000,757,1638
4.895000,882,1635
4.900000,955,1639
4.905000,786,1635
4.910000,803,1636
4.915000,987,1632
4.919999,866,1634
4.925000,799,1630
4.929999,962,1630
4.935000,939,1631
4.940000,758,1626
4.945000,864,1627
4.950000,970,1622
4.954999,767,1625
4.959999,821,1621
4.965001,976,1619
4.970000,867,1620
4.975001,798,1618
4.980000,964,1614
4.984999,924,1616
4.990000,768,1613
4.995000,869,1609
4.999999,957,1610
5.004999,763,1609
5.010001,817,1609
5.015000,979,1608
5.020000,869,1601
5.025001,799,1606
5.030000,974,1603
5.034999,934,1601
5.039999,757,1604
5.045000,865,1600
5.050000,951,1602
5.054999,789,1597
5.060000,817,1599
5.065000,988,1596
5.070000,875,1596
5.075000,784,1594
5.079999,960,1593
5.084999,939,1594
5.090000,747,1594
5.095000,882,1595
5.099999,958,1590
5.105000,763,1594
5.110000,815,1589
5.115001,981,1585
5.120001,872,1593
5.124999,778,1586
5.129999,967,1596
5.134999,925,1594
5.140000,766,1597
5.145000,854,1600
5.150000,954,1597
5.154999,764,1603
5.159999,807,1599
5.165000,997,1598
5.170000,890,1599
5.175000,792,1598
5.180000,963,1603
5.185000,920,1606
5.189999,770,1604
5.195001,865,1604
5.200001,945,1606
5.205001,774,1614
5.210000,803,1611
5.214999,982,1609
5.220000,869,1614
5.225000,796,1609
5.230000,954,1613
5.234999,945,1610
5.240001,750,1611
5.245000,859,1603
5.250000,964,1609
5.255001,769,1612
5.260000,820,1611
5.265001,986,1611
5.270001,874,1613
5.274999,775,1614
5.279999,970,1626
5.285000,931,1616
5.290000,748,1617
5.294999,871,1615
5.299999,974,1614
5.304999,789,1615
5.310001,815,1613
5.314999,978,1617
5.319999,878,1616
5.324999,776,1616
5.330000,974,1612
5.335000,924,1612
5.339999,771,1613
5.345000,868,1614
5.349999,954,1615
5.355000,787,1612
5.359999,803,1614
5.365000,984,1612
5.370001,875,1611
5.375000,784,1613
5.380000,976,1612
5.385000,939,1607
5.390000,752,1611
5.395000,853,1609
5.400000,977,1608
5.405000,787,1607
5.410000,805,1612
5.415000,990,1611
5.419999,887,1606
5.424999,774,1609
5.429999,968,1609
5.435000,933,1611
5.440000,769,1610
5.445000,856,1610
5.449999,954,1612
5.455001,772,1613
5.460000,821,1605
5.465000,980,1612
5.470001,904,1611
5.475001,782,1611
5.479999,953,1615
5.484999,926,1616
5.490001,777,1611
5.495000,858,1614
5.500000,954,1619
5.505000,792,1617
5.510000,810,1618
5.515000,979,1617
5.520001,883,1619
5.524999,795,1619
5.530000,960,1616
5.535000,931,1617
5.540001,776,1617
5.544999,859,1618
5.549999,954,1622
5.554999,795,1615
5.560000,814,1614
5.565000,978,1615
5.570000,899,1610
5.575000,792,1605
5.579999,959,1602
5.585000,947,1603
5.589999,760,1603
5.595000,865,1601
5.599999,952,1599
5.605000,773,1601
5.609999,812,1597
5.615000,975,1595
5.619999,901,1594
5.625000,781,1591
5.630000,950,1592
5.634999,945,1592
5.640001,748,1591
5.645001,861,1592
5.649999,960,1592
5.654999,790,1583
5.660000,806,1593
5.664999,970,1592
5.670000,904,1592
5.675000,777,1593
5.680000,952,1589
5.685001,930,1594
5.690000,768,1592
5.695000,854,1592
5.700000,960,1590
5.704999,779,1589
5.709999,813,1586
5.715000,977,1590
5.720000,904,1586
5.725000,777,1590
5.730000,958,1586
5.735000,924,1585
5.740001,764,1585
5.745000,836,1586
5.750001,953,1584
5.755000,792,1583
5.759999,815,1587
5.765000,979,1582
5.769999,902,1583
5.775001,775,1585
5.780001,946,1581
5.784999,938,1580
5.789999,752,1585
5.795001,854,1582
5.800000,954,1583
5.804999,792,1582
5.810000,798,1586
5.814999,984,1585
5.820000,886,1584
5.824999,775,1587
5.830000,943,1589
5.835000,937,1589
5.839999,745,1590
5.845001,844,1590
5.849999,970,1589
5.855001,785,1595
5.860000,811,1592
5.865000,977,1597
5.869999,885,1602
5.875000,782,1600
5.880000,946,1600
5.885000,923,1606
5.890001,768,1603
5.895000,834,1608
5.900000,958,1600
5.905000,803,1606
5.910001,802,1610
5.915001,987,1610
5.919999,899,1609
5.925000,765,1609
5.929999,955,1612
5.935000,931,1611
5.939999,768,1609
5.945000,836,1612
5.950000,971,1612
5.954999,787,1610
5.959999,814,1607
5.965000,980,1606
5.970000,912,1606
5.975000,767,1606
5.980000,951,1606
5.984999,929,1603
5.990001,744,1605
5.995000,840,1605
5.999999,963,1601
6.004999,801,1603
6.010000,798,1607
6.015000,972,1609
6.019999,910,1607
6.025000,768,1611
6.029999,958,1610
6.035000,932,1611
6.040000,761,1613
6.045000,828,1619
6.050000,971,1615
6.055001,801,1611
6.060000,813,1616
6.064999,978,1618
6.070000,916,1615
6.075000,777,1617
6.079999,939,1618
6.084999,947,1616
6.090000,754,1614
6.095000,845,1612
6.099999,978,1608
6.105000,787,1611
6.109999,820,1611
6.115000,989,1617
6.119999,904,1613
6.125000,787,1611
6.130000,935,1615
6.134999,942,1612
6.140000,759,1617
6.145000,841,1616
6.150000,974,1618
6.154999,798,1616
6.160000,805,1626
6.165001,976,1624
6.170001,913,1625
6.175000,771,1626
6.180000,956,1624
6.185000,934,1626
6.190000,764,1626
6.195001,832,1629
6.200000,966,1628
6.204999,811,1625
6.209999,802,1628
6.215001,998,1626
6.220000,913,1630
6.224999,779,1628
6.230000,938,1628
6.235000,941,1619
6.240001,774,1627
6.244999,826,1629
6.250001,974,1629
6.255000,802,1620
6.260000,810,1630
6.265001,973,1635
6.269999,930,1629
6.275000,779,1629
6.280000,931,1632
6.285000,953,1628
6.290001,756,1625
6.295000,821,1627
6.300000,984,1621
6.305000,794,1622
6.310000,814,1621
6.314999,971,1620
6.320000,915,1616
6.325000,769,1616
6.329999,951,1614
6.334999,942,1613
6.340000,745,1613
6.345000,835,1609
6.349999,974,1611
6.355001,793,1610
6.360000,816,1608
6.365000,981,1606
6.369999,904,1605
6.375000,780,1603
6.380000,940,1604
6.384999,926,1605
6.390000,769,1600
6.395001,821,1603
6.400000,972,1596
6.405000,794,1599
6.410001,809,1596
6.415001,976,1595
6.419999,908,1596
6.425000,781,1596
6.430000,941,1594
6.435000,935,1595
6.440000,748,1597
6.445000,833,1591
6.450001,963,1590
6.455000,812,1590
6.460000,806,1587
6.465001,971,1588
6.470000,908,1591
6.475000,780,1587
6.480001,947,1584
6.485000,935,1587
6.490001,762,1591
6.495000,814,1587
6.500000,979,1588
6.505000,795,1590
6.510001,790,1597
6.515001,988,1593
6.519999,914,1595
6.525000,777,1593
6.530000,940,1595
6.535001,928,1596
6.540000,768,1595
6.545000,819,1601
6.550000,973,1596
6.554999,811,1603
6.560000,807,1601
6.564999,980,1604
6.570000,911,1607
6.575000,780,1606
6.580000,925,1605
6.585000,945,1609
6.589999,751,1606
6.595000,830,1608
6.600000,966,1608
6.605000,823,1604
6.609999,809,1612
6.615001,977,1610
6.620001,919,1607
6.625001,770,1614
6.630000,925,1615
6.635000,944,1613
6.640000,749,1618
6.645000,825,1619
6.650001,964,1622
6.655000,816,1618
6.660000,798,1624
6.664999,986,1621
6.670000,920,1623
6.674999,774,1622
6.679999,931,1621
6.685000,954,1620
6.690000,762,1624
6.695000,818,1622
6.699999,979,1622
6.705000,817,1623
6.710000,805,1622
6.715000,975,1622
6.720000,929,1621
6.725001,767,1625
6.729999,936,1623
6.734999,954,1620
6.740000,753,1625
6.745001,811,1624
6.750000,976,1625
6.755001,806,1622
6.760000,808,1613
6.765000,991,1625
6.770000,915,1626
6.775000,762,1626
6.779999,934,1625
6.785000,951,1619
6.790000,766,1625
6.795000,813,1624
6.800000,980,1622
6.805001,816,1621
6.810000,814,1616
6.814999,991,1623
6.820000,927,1616
6.824999,764,1621
6.830000,934,1619
6.835000,946,1618
6.839999,751,1621
6.845000,838,1613
6.849999,983,1617
6.855000,809,1618
6.860000,810,1616
6.865000,981,1617
6.869999,923,1609
6.875001,780,1614
6.879999,924,1617
6.885000,934,1617
6.890001,777,1611
6.895000,820,1611
6.900000,984,1605
6.905000,815,1609
6.910001,796,1611
6.914999,994,1608
6.920000,919,1612
6.924999,781,1610
6.929999,936,1610
6.935000,941,1609
6.940000,754,1608
6.945000,811,1608
6.949999,963,1610
6.955000,825,1605
6.960000,804,1606
6.964999,976,1607
6.970000,932,1606
6.975000,772,1600
6.980000,934,1599
6.984999,939,1598
6.990001,772,1600
6.995000,826,1599
6.999999,961,1601
7.004999,830,1598
7.010000,797,1595
7.015000,989,1590
7.020000,935,1596
7.025001,769,1597
7.030000,921,1581
7.035000,943,1592
7.040000,754,1592
7.044999,813,1592
7.049999,981,1587
7.054999,821,1586
7.060001,793,1588
7.065000,986,1585
7.069999,917,1587
7.074999,783,1580
7.080000,926,1585
7.085001,931,1584
7.089999,769,1581
7.095000,814,1582
7.099999,959,1585
7.105000,821,1580
7.110000,794,1582
7.115000,987,1578
7.120000,920,1578
7.124999,768,1573
7.130000,918,1582
7.134999,952,1581
7.140000,753,1582
7.144999,807,1587
7.150000,971,1579
7.155000,833,1587
7.160001,796,1589
7.165001,970,1590
7.170000,935,1590
7.175000,766,1590
7.179999,909,1595
7.185000,954,1594
7.189999,754,1599
7.195001,819,1590
7.200000,980,1598
7.204999,821,1600
7.209999,793,1602
7.214999,993,1599
7.220000,931,1604
7.224999,765,1603
7.230001,909,1605
7.235000,951,1606
7.240000,757,1605
7.244999,829,1605
7.250001,976,1606
7.255000,834,1601
7.259999,808,1603
7.265000,974,1605
7.269999,927,1605
7.274999,764,1606
7.280000,920,1608
7.285001,951,1606
7.290000,753,1608
7.295001,831,1603
7.300001,989,1605
7.304999,830,1604
7.310001,796,1608
7.314999,970,1612
7.320000,928,1610
7.325001,766,1611
7.330000,928,1611
7.334999,947,1614
7.340000,769,1614
7.345001,818,1612
7.350000,989,1612
7.355000,819,1614
7.360000,813,1614
7.365000,984,1615
7.369999,919,1616
7.375000,777,1614
7.380000,910,1617
7.384999,959,1611
7.390001,768,1613
7.395001,814,1615
7.400000,969,1615
7.405000,822,1617
7.410001,794,1608
7.415001,996,1612
7.420000,929,1613
7.425000,763,1613
7.430000,926,1611
7.435000,943,1615
7.440000,757,1614
7.445000,824,1613
7.450000,981,1614
7.455000,827,1617
7.460001,799,1612
7.465000,968,1616
7.470000,937,1614
7.474999,768,1615
7.480001,910,1604
7.485000,947,1613
7.490001,775,1609
7.495000,818,1617
7.500000,971,1614
7.505000,824,1614
7.509999,805,1611
7.515000,974,1613
7.520000,941,1614
7.525001,764,1614
7.530001,917,1613
7.535000,962,1613
7.540001,763,1614
7.545000,811,1614
7.550000,968,1617
7.554999,846,1619
7.559999,796,1614
7.564999,973,1616
7.570001,936,1618
7.575000,767,1615
7.579999,900,1617
7.585000,944,1613
7.589999,775,1614
7.595000,821,1611
7.600000,970,1615
7.605001,825,1617
7.610000,788,1613
7.615000,985,1610
7.620000,926,1610
7.624999,760,1612
7.630000,901,1610
7.634999,952,1610
7.640001,757,1610
7.644999,834,1609
7.650000,976,1611
7.654999,833,1616
7.660000,801,1613
7.665000,969,1619
7.669999,938,1615
7.674999,779,1615
7.679999,906,1617
7.685000,942,1622
7.690000,771,1612
7.695001,828,1617
7.700001,968,1619
7.705000,845,1615
7.710000,794,1619
7.714999,970,1618
7.720000,933,1617
7.725000,757,1618
7.730000,913,1615
7.734999,947,1613
7.740000,776,1616
7.744999,819,1614
7.750000,968,1615
7.755000,848,1612
7.759999,800,1615
7.765000,979,1616
7.770001,932,1616
7.775000,760,1621
7.780001,917,1618
7.784999,953,1616
7.789999,763,1621
7.795001,825,1618
7.800000,974,1622
7.805000,853,1617
7.810000,795,1615
7.815000,990,1616
7.820000,921,1614
7.825000,777,1612
7.829999,900,1612
7.834999,938,1611
7.840001,775,1608
7.845000,821,1608
7.849999,972,1610
7.855000,849,1601
7.860000,793,1605
7.865001,976,1605
7.870001,926,1603
7.875000,773,1596
7.880000,909,1606
7.884999,950,1604
7.890000,753,1609
7.894999,827,1605
7.900000,974,1608
7.905000,850,1608
7.910001,792,1607
7.915000,985,1605
7.920000,936,1609
7.925000,763,1608
7.930001,894,1602
7.935000,956,1605
7.940000,765,1606
7.945001,811,1604
7.950000,992,1600
7.954999,845,1599
7.960000,799,1599
7.964999,968,1599
7.970000,937,1596
7.975000,768,1600
7.980000,892,1598
7.985000,956,1597
7.990000,752,1600
7.995000,830,1596
7.999999,977,1597
8.004999,842,1599
8.010001,796,1600
8.015000,969,1601
8.020000,938,1601
8.025001,756,1606
8.030000,901,1606
8.035000,958,1607
8.040000,757,1609
8.045000,827,1611
8.050000,971,1612
8.055000,859,1607
8.060000,790,1609
8.065001,967,1614
8.069999,933,1613
8.074999,759,1612
8.080000,906,1603
8.085000,956,1614
8.090001,763,1616
8.094999,832,1612
8.099999,981,1613
8.105000,838,1611
8.109999,810,1612
8.115001,970,1616
8.120000,931,1612
8.125001,762,1617
8.130000,887,1622
8.135000,966,1616
8.140001,763,1622
8.145000,826,1621
8.150000,982,1621
8.154999,841,1624
8.160001,801,1622
8.165000,972,1624
8.170000,940,1621
8.175000,771,1624
8.180001,889,1628
8.184999,961,1626
8.189999,760,1626
8.195001,831,1625
8.200000,973,1625
8.205000,855,1623
8.210000,808,1625
8.214999,978,1624
8.219999,923,1621
8.225000,757,1624
8.230000,905,1624
8.235000,950,1623
8.240000,780,1621
8.245000,823,1620
8.250000,979,1620
8.255000,855,1621
8.260000,792,1620
8.265000,968,1625
8.270000,941,1617
8.275001,773,1621
8.280000,888,1622
8.285000,953,1615
8.290000,775,1624
8.295000,817,1622
8.300001,970,1623
8.305001,851,1627
8.310000,799,1623
8.315000,965,1625
8.320001,940,1620
8.325000,762,1621
8.330000,907,1620
8.335000,954,1625
8.339999,758,1622
8.345000,824,1624
8.349999,972,1625
8.355000,864,1621
8.360000,782,1622
8.365000,984,1620
8.369999,937,1618
8.375000,763,1621
8.380001,905,1615
8.384999,952,1618
8.390000,760,1621
8.395000,824,1620
8.400001,973,1618
8.405000,858,1619
8.409999,805,1613
8.414999,975,1618
8.420000,926,1616
8.425000,750,1621
8.430000,899,1617
8.435000,952,1614
8.440000,756,1618
8.445001,828,1613
8.450001,984,1614
8.455000,845,1618
8.460000,782,1616
8.465000,978,1615
8.470000,931,1616
8.474999,752,1614
8.480001,887,1606
8.485001,946,1617
8.490000,769,1616
8.495000,805,1622
8.500000,992,1617
8.505000,857,1615
8.509999,801,1617
8.515000,973,1614
8.520000,924,1617
8.525001,776,1614
8.529999,874,1619
8.535000,955,1616
8.540000,763,1615
8.545000,822,1614
8.550001,973,1617
8.555000,872,1612
8.560001,794,1615
8.565000,964,1612
8.569999,939,1604
8.574999,771,1606
8.580001,887,1606
8.585000,956,1603
8.590000,755,1606
8.595001,822,1601
8.600000,973,1601
8.605000,873,1602
8.610000,782,1599
8.615000,979,1600
8.620000,934,1599
8.624999,752,1600
8.630000,888,1595
8.635000,950,1597
8.640001,763,1595
8.645000,813,1587
8.650000,989,1592
8.655000,854,1593
8.660000,801,1593
8.665001,964,1590
8.670000,942,1592
8.675001,754,1591
8.679999,869,1592
8.685000,957,1591
8.690000,765,1594
8.695001,826,1588
8.700000,981,1588
8.705000,862,1591
8.710001,779,1592
8.714999,962,1591
8.720001,941,1589
8.724999,757,1591
8.730000,869,1587
8.735000,962,1591
8.740000,765,1590
8.745000,827,1589
8.750000,972,1588
8.755000,867,1591
8.760000,779,1594
8.765000,966,1592
8.770000,939,1589
8.775000,766,1593
8.779999,872,1594
8.785000,944,1596
8.790000,783,1595
8.795000,812,1597
8.800001,971,1595
8.805001,879,1596
8.810000,792,1596
8.814999,965,1596
8.820001,919,1593
8.825001,768,1593
8.830000,870,1593
8.835000,969,1589
8.839999,762,1593
8.845000,818,1593
8.849999,969,1595
8.855000,876,1594
8.860000,788,1592
8.865000,963,1585
8.870000,927,1596
8.874999,756,1597
8.880000,883,1597
8.885000,956,1600
8.890001,768,1603
8.894999,805,1603
8.900000,987,1595
8.905001,865,1601
8.910001,799,1605
8.914999,961,1607
8.920001,922,1606
8.925001,766,1606
8.930000,877,1607
8.935001,949,1608
8.940000,782,1606
8.945000,824,1605
8.949999,971,1609
8.955000,883,1605
8.959999,784,1606
8.965000,959,1605
8.970000,944,1603
8.974999,764,1603
8.980001,865,1607
8.985000,972,1603
8.990000,771,1603
8.995001,800,1606
8.999999,988,1604
9.004999,870,1603
9.010000,792,1597
9.015000,966,1605
9.020000,920,1609
9.025001,765,1604
9.030000,868,1604
9.035000,947,1609
9.040001,775,1603
9.045000,811,1606
9.049999,995,1599
9.054999,865,1602
9.060001,773,1604
9.065000,978,1601
9.070000,927,1602
9.074999,751,1600
9.080000,861,1592
9.085000,961,1601
9.089999,773,1599
9.095000,804,1600
9.100000,981,1592
9.105001,871,1600
9.110000,771,1600
9.115000,968,1599
9.120000,921,1599
9.125000,758,1601
9.130000,856,1602
9.135000,967,1602
9.140000,777,1593
9.145001,808,1603
9.150000,968,1606
9.155000,885,1604
9.160000,776,1602
9.165001,976,1604
9.170000,925,1604
9.175000,767,1608
9.180000,861,1606
9.185001,948,1608
9.190000,779,1603
9.195000,808,1610
9.199999,982,1600
9.204999,875,1607
9.209999,776,1606
9.215000,963,1606
9.220000,936,1602
9.224999,762,1608
9.230000,854,1610
9.234999,965,1605
9.240000,768,1606
9.245000,800,1607
9.249999,989,1605
9.255000,875,1603
9.259999,772,1605
9.265000,959,1603
9.270000,943,1603
9.275000,754,1605
9.279999,860,1599
9.285000,971,1602
9.290000,766,1606
9.294999,800,1606
9.299999,990,1601
9.305000,869,1608
9.310000,780,1601
9.315000,967,1597
9.320001,932,1598
9.325001,771,1598
9.330000,856,1603
9.335001,959,1601
9.340001,766,1606
9.345001,809,1602
9.350001,973,1598
9.355000,888,1601
9.359999,772,1609
9.365001,962,1603
9.370001,932,1605
9.375000,766,1605
9.380000,862,1610
9.385000,950,1612
9.390000,773,1608
9.394999,825,1611
9.400001,979,1614
9.405000,898,1613
9.410001,775,1618
9.415000,970,1609
9.419999,943,1617
9.424999,753,1619
9.429999,875,1613
9.435000,958,1620
9.439999,772,1620
9.445001,825,1614
9.450001,987,1618
9.455000,881,1623
9.460000,801,1615
9.465000,970,1618
9.470000,926,1621
9.474999,756,1619
9.480000,870,1620
9.485000,965,1616
9.489999,778,1620
9.494999,825,1618
9.500000,983,1618
9.505001,879,1619
9.510000,792,1615
9.515000,960,1616
9.520000,933,1619
9.525000,754,1618
9.529999,869,1621
9.535000,961,1618
9.540000,783,1612
9.545000,816,1619
9.550001,986,1618
9.555000,899,1612
9.560000,783,1620
9.565000,973,1613
9.570000,929,1619
9.575000,766,1615
9.579999,856,1615
9.584999,964,1613
9.590000,776,1613
9.595001,825,1606
9.600001,980,1609
9.605000,900,1605
9.609999,777,1606
9.615000,965,1604
9.619999,929,1604
9.625000,763,1602
9.630000,847,1604
9.635000,961,1600
9.640001,776,1602
9.645000,823,1597
9.650001,986,1599
9.654999,906,1596
9.660000,783,1594
9.665000,945,1598
9.669999,949,1593
9.674999,749,1597
9.679999,858,1592
9.685000,955,1593
9.689999,779,1590
9.695000,808,1591
9.699999,994,1589
9.705001,901,1589
9.710001,785,1580
9.714999,946,1586
9.720001,946,1585
9.725001,745,1586
9.729999,860,1589
9.734999,962,1588
9.740000,776,1591
9.745000,817,1589
9.749999,991,1590
9.754999,904,1589
9.760000,778,1589
9.764999,959,1588
9.769999,930,1593
9.775000,746,1597
9.779999,849,1593
9.785000,956,1596
9.790000,791,1594
9.795001,803,1594
9.800001,985,1593
9.805000,889,1596
9.810000,785,1592
9.814999,946,1593
9.820000,944,1586
9.825000,750,1595
9.830000,856,1593
9.835000,955,1599
9.839999,791,1595
9.845000,802,1594
9.849999,981,1590
9.855000,897,1594
9.860001,789,1590
9.864999,959,1594
9.870000,926,1597
9.875000,763,1593
9.880000,838,1599
9.885000,972,1595
9.890000,803,1596
9.895001,803,1596
9.900001,997,1598
9.905001,890,1598
9.909999,782,1600
9.914999,964,1596
9.920001,931,1603
9.925000,751,1599
9.930000,837,1597
9.935001,969,1608
9.940000,794,1602
9.945000,823,1600
9.949999,982,1602
9.955000,891,1609
9.960000,782,1606
9.965000,957,1601
9.970000,936,1606
9.975000,765,1606
9.980000,852,1605
9.984999,960,1610
9.990000,800,1608
9.995000,810,1612
10.000000,975,1612
10.005000,918,1611
10.009999,773,1612
10.015000,940,1613
10.019999,946,1613
10.025001,752,1617
10.030000,843,1614
10.035000,966,1619
10.040000,786,1620
10.044999,821,1617
10.049999,978,1621
10.055000,915,1619
10.060000,787,1622
10.064999,949,1623
10.070000,941,1615
10.074999,772,1624
10.080001,851,1625
10.085001,970,1625
10.090000,789,1623
10.095000,820,1621
10.100001,990,1618
10.104999,915,1623
10.109999,778,1623
10.115000,938,1626
10.120001,944,1622
10.125000,757,1625
10.130001,831,1620
10.135000,976,1626
10.140000,792,1628
10.145000,814,1625
10.150000,1003,1624
10.155000,907,1625
10.160000,789,1626
10.165000,953,1624
10.169999,939,1624
10.175000,754,1620
10.180000,842,1627
10.185000,968,1623
10.190000,809,1621
10.195000,801,1628
10.199999,993,1623
10.205001,910,1622
10.210000,789,1624
10.214999,938,1624
10.220000,933,1622
10.224999,753,1623
10.230000,836,1620
10.234999,961,1622
10.240000,811,1617
10.244999,801,1619
10.250000,988,1617
10.255000,914,1616
10.260000,767,1619
10.265001,949,1616
10.269999,933,1618
10.275000,767,1615
10.280000,837,1619
10.285001,969,1614
10.290000,796,1616
10.294999,795,1617
10.300000,996,1615
10.305000,909,1616
10.310000,790,1613
10.315001,946,1614
10.319999,930,1616
10.324999,761,1613
10.330001,818,1617
10.335000,971,1613
10.339999,816,1614
10.345001,809,1612
10.349999,972,1614
10.355001,918,1612
10.360000,786,1604
10.365001,945,1611
10.370000,930,1608
10.374999,763,1608
10.379999,821,1608
10.385000,976,1604
10.390000,802,1604
10.395000,797,1606
10.400001,993,1603
10.405000,911,1607
10.410000,788,1601
10.415000,937,1602
10.419999,930,1603
10.424999,746,1601
10.430000,835,1601
10.435000,963,1598
10.440000,796,1593
10.445000,818,1602
10.450000,983,1597
10.455000,925,1598
10.460001,783,1597
10.464999,937,1599
10.470000,929,1602
10.475000,768,1601
10.480001,821,1599
10.485001,968,1601
10.490000,797,1604
10.495000,814,1601
10.500000,990,1603
10.505000,910,1603
10.509999,773,1604
10.515000,926,1609
10.520000,947,1604
10.525000,753,1605
10.529999,817,1610
10.535000,978,1604
10.540000,800,1607
10.545000,811,1605
10.550001,975,1610
10.555000,938,1608
10.560000,770,1608
10.564999,925,1613
10.570001,953,1606
10.575000,769,1610
10.580000,820,1610
10.585001,984,1609
10.589999,807,1609
10.595000,801,1605
10.599999,986,1609
10.605000,920,1610
10.609999,784,1616
10.615000,929,1612
10.620000,939,1613
10.625000,753,1614
10.630001,831,1614
10.635000,965,1617
10.640000,825,1615
10.645000,805,1616
10.650001,996,1615
10.655001,927,1616
10.659999,762,1622
10.664999,936,1616
10.670001,937,1621
10.675000,752,1619
10.680000,834,1618
10.685001,961,1621
10.689999,825,1619
10.695000,804,1619
10.700000,982,1618
10.704999,928,1613
10.709999,774,1619
10.715000,924,1622
10.719999,949,1617
10.724999,763,1616
10.730001,815,1617
10.735000,980,1621
10.740000,811,1618
10.744999,798,1618
10.750000,997,1611
10.755000,936,1616
10.760001,766,1616
10.765000,925,1616
10.769999,946,1614
10.775000,770,1619
10.780000,831,1617
10.785001,961,1614
10.790001,824,1617
10.795001,799,1618
10.800000,977,1618
10.805000,936,1618
10.810001,772,1616
10.815000,921,1614
10.820000,944,1612
10.825001,754,1612
10.829999,837,1611
10.834999,975,1610
10.840000,809,1611
10.845000,795,1605
10.850000,985,1609
10.855000,922,1607
10.859999,768,1608
10.865000,930,1609
10.870000,939,1607
10.875000,753,1609
10.880000,840,1606
10.884999,980,1606
10.890001,813,1609
10.895000,820,1610
10.900001,975,1613
10.904999,933,1610
10.910001,766,1612
10.915000,935,1608
10.920000,939,1610
10.925001,770,1608
10.929999,822,1608
10.935000,965,1609
10.940000,810,1607
10.945000,807,1596
10.950000,976,1608
10.955000,935,1602
10.960000,765,1602
10.965000,943,1597
10.970001,949,1596
10.975000,757,1598
10.980000,826,1595
10.984999,969,1596
10.990001,828,1596
10.995001,810,1594
11.000001,980,1594
11.005000,917,1595
11.009999,777,1595
11.015001,918,1595
11.019999,947,1595
11.025001,752,1595
11.030001,823,1595
11.034999,965,1597
11.039999,829,1594
11.045000,805,1594
11.050000,971,1600
11.055000,928,1595
11.060000,762,1599
11.064999,929,1594
11.070001,937,1598
11.075000,765,1593
11.080001,814,1597
11.085001,981,1594
11.090001,812,1593
11.095000,805,1592
11.100000,982,1582
11.105000,934,1590
11.110000,763,1593
11.115000,928,1587
11.120000,937,1593
11.125000,765,1594
11.130001,813,1595
11.135000,981,1595
11.140000,814,1598
11.144999,811,1596
11.150000,972,1604
11.154999,927,1599
11.160001,766,1603
11.164999,931,1605
11.170000,937,1608
11.175000,776,1606
11.180000,822,1609
11.185000,988,1610
11.190000,819,1613
11.195000,812,1613
11.199999,982,1613
11.205001,928,1612
11.210000,763,1616
11.215000,936,1615
11.220001,947,1614
11.225000,752,1619
11.230000,835,1615
11.234999,973,1619
11.240000,833,1617
11.244999,804,1619
11.250000,972,1619
11.255000,937,1617
11.260000,765,1620
11.265000,926,1619
11.270000,944,1621
11.275000,756,1619
11.280000,814,1623
11.285000,992,1620
11.290000,818,1621
11.295000,802,1616
11.300001,993,1618
11.305001,930,1619
11.310001,766,1622
11.315000,911,1624
11.320001,954,1619
11.325000,764,1618
11.329999,815,1623
11.334999,993,1617
11.340001,830,1619
11.344999,806,1617
11.350000,975,1618
11.355001,943,1616
11.360000,768,1619
11.365001,911,1616
11.370000,958,1614
11.374999,757,1616
11.379999,813,1618
11.385000,973,1614
11.390000,836,1611
11.394999,806,1612
11.400000,972,1616
11.405000,931,1611
11.410000,766,1614
11.415001,906,1617
11.420001,955,1613
11.425000,754,1612
11.430000,833,1611
11.435000,965,1615
11.439999,840,1610
11.445000,797,1611
11.450000,974,1613
11.454999,918,1612
11.460000,780,1609
11.464999,925,1610
11.469999,948,1609
11.474999,775,1609
11.480001,813,1611
11.485000,989,1611
11.489999,838,1608
11.494999,792,1612
11.500000,993,1608
11.505000,927,1606
11.509999,774,1602
11.515000,916,1606
11.520000,938,1608
11.525000,773,1609
11.529999,824,1606
11.535000,969,1602
11.540000,825,1605
11.545000,795,1605
11.550001,993,1605
11.554999,926,1603
11.560000,779,1603
11.565001,902,1604
11.570001,938,1601
11.575000,771,1604
11.580000,817,1602
11.585000,970,1604
11.590000,822,1605
11.595001,805,1604
11.600001,979,1603
11.605000,923,1605
11.610000,763,1603
11.615001,922,1604
11.620001,952,1604
11.625000,756,1608
11.630000,817,1605
11.634999,967,1607
11.640001,849,1607
11.645001,800,1607
11.649999,974,1608
11.654999,919,1611
11.660000,776,1602
11.665001,907,1610
11.669999,937,1612
11.675000,772,1610
11.680000,825,1611
11.685001,974,1605
11.690000,837,1613
11.695000,802,1609
11.699999,976,1613
11.704999,923,1610
11.710000,758,1611
11.714999,910,1609
11.720001,945,1608
11.725000,760,1611
11.730000,826,1600
11.735000,974,1608
11.740000,828,1609
11.744999,791,1606
11.750000,990,1606
11.755000,924,1605
11.759999,777,1603
11.765001,907,1606
11.770000,944,1609
11.774999,768,1608
11.780000,815,1609
11.785001,966,1608
11.790001,847,1607
11.795000,796,1612
11.800000,987,1604
11.804999,938,1607
11.810000,764,1608
11.815000,920,1605
11.820000,946,1608
11.824999,769,1607
11.830001,814,1608
11.835000,982,1606
11.839999,837,1612
11.844999,790,1608
11.849999,986,1603
11.855000,939,1606
11.860000,765,1608
11.865000,896,1614
11.870000,962,1613
11.874999,768,1609
11.879999,812,1613
11.885000,990,1611
11.890001,840,1608
11.894999,803,1601
11.900001,979,1608
11.905000,921,1612
11.910001,757,1608
11.915000,913,1608
11.920000,954,1607
11.925001,752,1606
11.929999,828,1605
11.935000,979,1603
11.940000,838,1607
11.945000,791,1605
11.950000,966,1603
11.955000,934,1600
11.960000,756,1601
11.965000,915,1600
11.970001,949,1597
11.975000,761,1592
11.980000,813,1596
11.985000,969,1598
11.990000,851,1596
11.995000,797,1592
12.000000,970,1596
12.005000,926,1587
12.010001,762,1593
12.015000,895,1595
12.020000,938,1589
12.024999,776,1594
12.029999,815,1594
12.035000,991,1592
12.040000,844,1595
12.045000,790,1596
12.050000,982,1588
12.055000,934,1595
12.060001,757,1595
12.065001,891,1596
12.069999,956,1594
12.074999,766,1597
12.080001,812,1593
12.085001,989,1594
12.090000,838,1594
12.095001,784,1593
12.100000,981,1590
12.105000,931,1591
12.110001,769,1590
12.115000,888,1590
12.119999,938,1590
12.125000,770,1590
12.130000,812,1587
12.135000,983,1583
12.140000,847,1589
12.144999,789,1591
12.150000,969,1586
12.155001,916,1592
12.160000,765,1588
12.165000,890,1590
12.169999,955,1590
12.174999,766,1590
12.180000,806,1590
12.185000,984,1589
12.190000,853,1590
12.195000,796,1591
12.200000,967,1590
12.204999,933,1589
12.209999,764,1592
12.215000,883,1595
12.220001,961,1594
12.225000,774,1594
12.230001,817,1596
12.235000,973,1594
12.240000,837,1598
12.244999,780,1600
12.250001,986,1599
12.255000,929,1597
12.260000,763,1598
12.265000,890,1602
12.270000,941,1601
12.275001,753,1603
12.280000,828,1600
12.285000,971,1602
12.290001,859,1600
12.295000,786,1601
12.300000,989,1599
12.304999,932,1602
12.310001,759,1599
12.315000,888,1604
12.319999,937,1604
12.325000,774,1603
12.329999,810,1602
12.334999,972,1603
12.340000,838,1605
12.345000,806,1601
12.349999,987,1602
12.355000,925,1602
12.359999,752,1604
12.365000,900,1604
12.370000,954,1602
12.375000,753,1605
12.380001,822,1602
12.384999,970,1602
12.390000,854,1604
12.394999,789,1604
12.400000,966,1606
12.405000,920,1605
12.409999,756,1605
12.415000,900,1609
12.420000,949,1611
12.425001,758,1611
12.430000,809,1606
12.435000,990,1610
12.440000,849,1610
12.445001,785,1605
12.450000,966,1607
12.455000,943,1605
12.460001,767,1609
12.464999,880,1612
12.470001,948,1600
12.474999,762,1605
12.480000,821,1608
12.484999,971,1614
12.490000,842,1612
12.495001,797,1610
12.499999,965,1614
12.504999,942,1610
12.510000,769,1616
12.514999,893,1616
12.520000,953,1616
12.525000,756,1619
12.529999,804,1618
12.535000,973,1618
12.540000,866,1615
12.544999,799,1618
12.550000,967,1621
12.554999,939,1619
12.560001,762,1614
12.565000,877,1620
12.570000,944,1618
12.574999,759,1619
12.580000,806,1620
12.585000,995,1613
12.590000,850,1616
12.595000,803,1614
12.600000,971,1616
12.605001,924,1614
12.609999,755,1615
12.615000,891,1612
12.619999,955,1613
12.625000,766,1617
12.630001,831,1614
12.634999,979,1612
12.640000,851,1615
12.645000,806,1616
12.650000,977,1617
12.655000,925,1619
12.660000,756,1620
12.665000,878,1620
12.669999,946,1619
12.674999,770,1619
12.679999,808,1619
12.685001,995,1617
12.690000,868,1616
12.694999,791,1618
12.699999,981,1616
12.705001,933,1616
12.710000,757,1616
12.715001,881,1614
12.720000,949,1616
12.725000,781,1615
12.730000,818,1615
12.735000,974,1613
12.740000,852,1619
12.745000,808,1612
12.750000,973,1610
12.755001,931,1611
12.760000,756,1611
12.765001,896,1607
12.770000,949,1612
12.775000,758,1610
12.780001,813,1610
12.785000,970,1610
12.790000,875,1602
12.795001,784,1607
12.800000,975,1597
12.804999,935,1605
12.810000,757,1606
12.815000,885,1601
12.820000,957,1603
12.825000,762,1601
12.829999,825,1603
12.835000,973,1601
12.840000,867,1597
12.845001,795,1601
12.850000,971,1602
12.855000,920,1601
12.860000,745,1603
12.865000,889,1599
12.870000,959,1598
12.874999,760,1602
12.879999,818,1597
12.885001,981,1599
12.889999,850,1601
12.894999,793,1596
12.900001,969,1595
12.905000,925,1600
12.910000,746,1602
12.915000,880,1596
12.919999,955,1598
12.924999,764,1600
12.930000,802,1602
12.935001,971,1600
12.940000,873,1601
12.945000,793,1603
12.950000,965,1598
12.954999,920,1602
12.960000,765,1600
12.965000,867,1605
12.970000,964,1590
12.975000,781,1599
12.980001,814,1601
12.985001,972,1603
12.990000,878,1604
12.995000,785,1602
12.999999,955,1604
13.004999,942,1598
13.010001,755,1605
13.015000,864,1607
13.020000,965,1605
13.025001,775,1610
13.029999,807,1610
13.035001,996,1608
13.040001,863,1608
13.045000,779,1613
13.050000,958,1611
13.055001,943,1609
13.059999,772,1612
13.064999,875,1610
13.070000,962,1612
13.074999,783,1611
13.080000,809,1611
13.085001,973,1614
13.089999,879,1608
13.095000,795,1615
13.100000,969,1612
13.105000,929,1611
13.110000,752,1615
13.115000,888,1612
13.119999,959,1615
13.125000,765,1615
13.130000,828,1617
13.134999,985,1617
13.139999,869,1616
13.144999,780,1619
13.150000,983,1619
13.154999,939,1619
13.160000,762,1625
13.165001,873,1620
13.169999,950,1621
13.174999,785,1622
13.179999,827,1620
13.185000,988,1619
13.189999,876,1622
13.195000,788,1622
13.200000,977,1613
13.205000,937,1619
13.209999,755,1624
13.215000,882,1619
13.220000,951,1623
13.225000,785,1618
13.230000,810,1621
13.235000,976,1625
13.240001,885,1620
13.245001,791,1618
13.250000,973,1620
13.255001,936,1618
13.259999,770,1620
13.265001,874,1622
13.270000,958,1619
13.274999,767,1626
13.280000,829,1621
13.285001,986,1621
13.290000,871,1626
13.294999,801,1622
13.299999,967,1625
13.305000,927,1625
13.310000,756,1624
13.314999,879,1624
13.320000,956,1624
13.325000,788,1622
13.330001,814,1626
13.335000,979,1629
13.339999,891,1625
13.345000,799,1629
13.350000,965,1630
13.355001,949,1630
13.360000,766,1629
13.365000,872,1628
13.369999,953,1633
13.375001,786,1617
13.380000,819,1629
13.384999,976,1629
13.390000,887,1629
13.395001,788,1628
13.400000,965,1629
13.405000,934,1627
13.410000,779,1624
13.415000,862,1625
13.420000,975,1624
13.425001,776,1626
13.429999,806,1624
13.435000,991,1623
13.440000,894,1620
13.445001,794,1618
13.450000,958,1620
13.455001,922,1621
13.460001,762,1617
13.464999,862,1617
13.470000,952,1617
13.474999,791,1615
13.480001,811,1614
13.485001,977,1614
13.489999,895,1608
13.494999,787,1614
13.500000,973,1605
13.505000,933,1606
13.509999,752,1608
13.515000,871,1600
13.520000,963,1601
13.525000,769,1600
13.530000,800,1603
13.535001,980,1596
13.540000,880,1597
13.545000,791,1593
13.550000,960,1594
13.554999,921,1594
13.560000,770,1592
13.565000,862,1593
13.570000,948,1593
13.574999,783,1589
13.580001,798,1591
13.585000,977,1590
13.590000,869,1594
13.595000,784,1595
13.600000,953,1592
13.605000,939,1595
13.610000,745,1593
13.615000,865,1586
13.619999,961,1594
13.625000,772,1595
13.630000,799,1600
13.635000,990,1597
13.640000,879,1597
13.645000,774,1599
13.650000,970,1601
13.654999,928,1601
13.660001,748,1602
13.665001,871,1604
13.670000,949,1609
13.675000,785,1605
13.680001,802,1609
13.685000,990,1605
13.690000,879,1610
13.695001,773,1611
13.700001,961,1606
13.705000,932,1609
13.710000,750,1606
13.715000,865,1605
13.720000,968,1604
13.724999,781,1606
13.730000,800,1606
13.735000,973,1607
13.740000,900,1604
13.745001,774,1609
13.749999,948,1609
13.755000,937,1605
13.760000,756,1607
13.765000,847,1609
13.770000,977,1603
13.775000,785,1605
13.780001,800,1611
13.784999,989,1607
13.789999,890,1613
13.795000,773,1613
13.800000,968,1609
13.804999,942,1612
13.810000,753,1612
13.815000,852,1603
13.820000,974,1613
13.825001,781,1613
13.830000,817,1610
13.835000,983,1611
13.840000,877,1616
13.845000,787,1615
13.849999,954,1614
13.855000,944,1612
13.859999,764,1613
13.865001,855,1614
13.870000,960,1614
13.874999,777,1613
13.879999,806,1613
13.885000,990,1614
13.890001,878,1613
13.895000,789,1615
13.900000,960,1614
13.904999,930,1620
13.910000,753,1618
13.915000,860,1612
13.919999,973,1617
13.924999,777,1614
13.929999,801,1618
13.935001,971,1619
13.940001,896,1617
13.945001,768,1617
13.950000,961,1610
13.955000,937,1616
13.960000,754,1619
13.964999,840,1620
13.970000,968,1617
13.975000,790,1620
13.980001,801,1625
13.985000,993,1622
13.990000,892,1623
13.995000,786,1624
14.000000,960,1627
14.005000,929,1629
14.010000,749,1627
14.015000,862,1630
14.020001,963,1633
14.025000,782,1631
14.029999,801,1633
14.035000,993,1631
14.040000,902,1632
14.045000,774,1632
14.050000,948,1630
14.055000,927,1631
14.060000,772,1625
14.064999,856,1627
14.070000,956,1626
14.075000,779,1625
14.080000,799,1626
14.085000,999,1620
14.089999,906,1622
14.095000,781,1620
14.099999,945,1621
14.105001,944,1618
14.110000,756,1618
14.115000,836,1623
14.120000,975,1619
14.124999,786,1621
14.130000,804,1614
14.134999,992,1623
14.140001,897,1624
14.144999,789,1617
14.150001,951,1622
14.155000,928,1627
14.160000,751,1624
14.165000,853,1623
14.170000,961,1625
14.175000,780,1622
14.180000,812,1621
14.185000,973,1623
14.190000,911,1622
14.195001,773,1620
14.200000,945,1620
14.205000,946,1618
14.210001,753,1616
14.214999,837,1612
14.220000,975,1614
14.225000,788,1611
14.230000,799,1615
14.234999,972,1614
14.240000,914,1610
14.245001,780,1607
14.250000,941,1608
14.255000,942,1598
14.260000,760,1604
14.265001,830,1604
14.269999,975,1603
14.275000,781,1606
14.279999,813,1603
14.285000,977,1601
14.289999,895,1594
14.295000,780,1597
14.300000,937,1597
14.304999,938,1593
14.310000,749,1593
14.314999,841,1581
14.320001,963,1589
14.325001,781,1594
14.330000,811,1586
14.335000,986,1588
14.339999,892,1588
14.345000,765,1587
14.350001,950,1588
14.354999,944,1581
14.360000,760,1585
14.365000,848,1583
14.370000,969,1585
14.375000,787,1588
14.380000,801,1581
14.384999,982,1586
14.390000,910,1581
14.395000,771,1588
14.400001,959,1585
14.405000,926,1588
14.410001,756,1588
14.415000,824,1589
14.420000,964,1587
14.425001,792,1579
14.430001,806,1589
14.435000,972,1588
14.440001,913,1585
14.444999,777,1588
14.449999,932,1590
14.455000,939,1587
14.460000,770,1585
14.465000,830,1589
14.470000,957,1593
14.474999,804,1589
14.480000,797,1591
14.484999,986,1584
14.490000,910,1594
14.494999,776,1596
14.500000,939,1598
14.505000,945,1600
14.509999,753,1600
14.515000,823,1602
14.519999,972,1600
14.524999,789,1601
14.529999,815,1596
14.535000,979,1602
14.540000,898,1605
14.545001,779,1601
14.550000,947,1606
14.555000,936,1603
14.560000,753,1609
14.564999,846,1605
14.570001,969,1606
14.574999,805,1607
14.580000,814,1607
14.585000,974,1608
14.590000,918,1610
14.595000,770,1610
14.600000,959,1609
14.605000,934,1614
14.609999,748,1616
14.615000,824,1616
14.620000,978,1613
14.625000,801,1615
14.630000,801,1614
14.634999,993,1617
14.640001,903,1617
14.645000,788,1616
14.650000,945,1616
14.654999,936,1619
14.660000,756,1609
14.665001,848,1614
14.670000,963,1618
14.675000,809,1621
14.680001,795,1621
14.685000,997,1619
14.690000,908,1620
14.695001,766,1619
14.700000,954,1618
14.704999,932,1621
14.709999,771,1617
14.715001,824,1621
14.720000,957,1622
14.725000,806,1619
14.730000,798,1621
14.735001,992,1624
14.739999,909,1624
14.745000,782,1620
14.749999,936,1627
14.755000,948,1624
14.760000,763,1622
14.765000,825,1626
14.769999,976,1629
14.775000,798,1629
14.780001,818,1629
14.785000,984,1631
14.790001,934,1625
14.794999,776,1631
14.799999,928,1633
14.804999,955,1632
14.810001,764,1629
14.815000,825,1628
14.820000,959,1632
14.825000,810,1625
14.829999,808,1625
14.835000,974,1629
14.839999,934,1621
14.845000,782,1622
14.850000,929,1621
14.855000,955,1616
14.860000,761,1619
14.865001,823,1621
14.870001,959,1619
14.874999,813,1617
14.879999,803,1618
14.885000,999,1615
14.890001,922,1619
14.895001,765,1621
14.900000,938,1619
14.904999,951,1619
14.910001,757,1621
14.915000,821,1622
14.919999,963,1626
14.924999,820,1619
14.929999,803,1624
14.935001,994,1620
14.940000,918,1621
14.945000,778,1612
14.950000,931,1621
14.955000,950,1617
14.960001,753,1621
14.964999,836,1620
14.970001,973,1616
14.974999,814,1618
14.980001,801,1617
14.985000,993,1617
14.990000,919,1617
14.995000,761,1618
15.000000,923,1616
15.005000,945,1614
15.010000,753,1613
15.015000,835,1611
15.019999,966,1611
15.025001,818,1609
15.030000,800,1609
15.035000,991,1609
15.040000,915,1612
15.045000,777,1604
15.050000,938,1609
15.055000,932,1608
15.060000,748,1604
15.065001,820,1606
15.069999,962,1609
15.074999,818,1601
15.080000,803,1604
15.085000,972,1608
15.090000,929,1607
15.095001,768,1605
15.100000,926,1607
15.105000,931,1608
15.109999,761,1597
15.115000,833,1601
15.120001,982,1603
15.125000,803,1604
15.130001,810,1592
15.135000,983,1601
15.140000,912,1602
15.145000,776,1591
15.149999,939,1599
15.154999,947,1595
15.160000,755,1596
15.165000,812,1596
15.170000,956,1596
15.175000,814,1594
15.179999,814,1595
15.185000,981,1592
15.189999,914,1592
15.195001,756,1593
15.200001,935,1588
15.204999,932,1592
15.209999,747,1590
15.215001,827,1589
15.220001,959,1590
15.224999,814,1589
15.230000,792,1593
15.234999,973,1585
15.240000,927,1588
15.244999,767,1589
15.249999,943,1590
15.254999,950,1589
15.260000,752,1589
15.265000,811,1595
15.270000,982,1590
15.275000,812,1593
15.280000,797,1594
15.285000,969,1598
15.290000,925,1598
15.294999,763,1598
15.299999,920,1596
15.304999,950,1599
15.310001,763,1600
15.315000,813,1601
15.320001,978,1598
15.325000,820,1602
15.330001,804,1603
15.335001,976,1606
15.339999,930,1601
15.344999,772,1601
15.350000,930,1599
15.355000,929,1603
15.359999,747,1604
15.365000,831,1609
15.370000,976,1602
15.374999,800,1606
15.379999,812,1603
15.385000,975,1617
15.389999,917,1609
15.395000,761,1612
15.400000,939,1608
15.405000,941,1610
15.410000,750,1610
15.415000,832,1611
15.419999,972,1613
15.425000,804,1613
15.430000,815,1613
15.435000,983,1614
15.440000,916,1615
15.445000,763,1616
15.450000,933,1612
15.454999,950,1614
15.459999,757,1612
15.465001,812,1610
15.470000,975,1610
15.475000,805,1613
15.480000,816,1607
15.485000,989,1610
15.490001,919,1610
15.495000,782,1607
15.499999,925,1606
15.504999,937,1607
15.510000,746,1611
15.515000,830,1609
15.520000,969,1612
15.525000,803,1614
15.529999,813,1611
15.535000,986,1612
15.540001,915,1607
15.545000,774,1606
15.550001,924,1602
15.555000,946,1609
15.560000,751,1613
15.564999,811,1608
15.570000,982,1608
15.575000,808,1606
15.580000,812,1601
15.585001,975,1601
15.590000,923,1597
15.595000,772,1601
15.600000,915,1602
15.605001,931,1601
15.610000,769,1597
15.615000,810,1598
15.620000,974,1601
15.625000,814,1598
15.630000,793,1597
15.634999,992,1597
15.640000,933,1598
15.644999,763,1597
15.650000,910,1595
15.654999,953,1594
15.660000,750,1597
15.665000,807,1593
15.670000,975,1593
15.675001,809,1595
15.679999,812,1589
15.685000,978,1593
15.689999,911,1593
15.695001,774,1590
15.700000,919,1594
15.705000,935,1590
15.710000,745,1590
15.714999,820,1590
15.720001,960,1592
15.725001,829,1590
15.729999,791,1593
15.734999,986,1589
15.740001,921,1590
15.745000,759,1592
15.750000,908,1593
15.755000,954,1591
15.759999,755,1594
15.765000,807,1597
15.770000,978,1593
15.775001,827,1599
15.779999,790,1598
15.785000,967,1600
15.790001,930,1595
15.794999,769,1599
15.799999,910,1599
15.805000,952,1598
15.810000,757,1601
15.815001,812,1598
15.819999,978,1597
15.825000,821,1596
15.830000,787,1599
15.835000,984,1591
15.840000,928,1599
15.845000,767,1595
15.849999,914,1596
15.855001,936,1591
15.860000,762,1599
15.865001,818,1599
15.870000,963,1599
15.874999,833,1599
15.880000,809,1601
15.885000,982,1602
15.890000,912,1606
15.895000,778,1604
15.900000,911,1604
15.904999,933,1606
15.910000,770,1608
15.915000,818,1610
15.920000,976,1610
15.925000,820,1612
15.929999,814,1613
15.935000,981,1615
15.940000,920,1619
15.945001,774,1615
15.950001,914,1615
15.954999,957,1614
15.960000,761,1616
15.964999,814,1619
15.970000,980,1614
15.975000,829,1617
15.980001,797,1620
15.985001,972,1622
15.990000,930,1619
15.994999,759,1622
16.000000,918,1619
16.005000,946,1619
16.009999,758,1618
16.015000,813,1622
16.019999,988,1619
16.025000,830,1620
16.029999,794,1625
16.035000,992,1615
16.040001,926,1621
16.045000,775,1615
16.050000,926,1622
16.055000,952,1624
16.060000,756,1626
16.065000,828,1625
16.070000,969,1626
16.074999,822,1629
16.080000,811,1621
16.085000,982,1626
16.089999,920,1627
16.095000,777,1627
16.099999,911,1629
16.104999,962,1626
16.110000,761,1630
16.115001,810,1631
16.120000,987,1627
16.124999,829,1629
16.129999,792,1633
16.135000,983,1632
16.140000,922,1633
16.145000,786,1632
16.150000,917,1629
16.155000,941,1632
16.160000,758,1631
16.165000,837,1630
16.169999,975,1632
16.175000,824,1629
16.180000,810,1626
16.185000,981,1629
16.189999,930,1626
16.195001,763,1627
16.200000,914,1627
16.204999,960,1622
16.209999,775,1625
16.215001,822,1622
16.220001,970,1622
16.225000,823,1622
16.230000,815,1617
16.235000,981,1616
16.240000,919,1619
16.244999,758,1618
16.250000,903,1615
16.255000,959,1612
16.259999,769,1612
16.265000,822,1613
16.269999,972,1611
16.275000,822,1608
16.279999,812,1609
16.285000,983,1610
16.290000,929,1611
16.295000,760,1612
16.300000,924,1606
16.305000,958,1604
16.310001,755,1607
16.315000,813,1608
16.320000,977,1598
16.325000,840,1606
16.330000,794,1604
16.335000,989,1603
16.340001,922,1604
16.345000,754,1603
16.349999,914,1603
16.355000,943,1601
16.360000,767,1599
16.365001,816,1601
16.370000,968,1603
16.375000,830,1593
16.380000,802,1595
16.384999,974,1596
16.390000,912,1597
16.394999,769,1597
16.400000,901,1599
16.405000,953,1594
16.410000,754,1596
16.415000,807,1597
16.420000,976,1596
16.425000,839,1586
16.429999,793,1594
16.435000,985,1595
16.440000,928,1592
16.445000,778,1590
16.449999,896,1598
16.455001,950,1593
16.460001,752,1595
16.464999,818,1597
16.469999,962,1598
16.474999,828,1593
16.480000,800,1596
16.484999,974,1600
16.490000,914,1602
16.495000,775,1602
16.499999,907,1604
16.504999,931,1606
16.510000,764,1603
16.515001,810,1601
16.519999,981,1601
16.525000,837,1602
16.530000,798,1602
16.535000,963,1605
16.540000,924,1604
16.544999,771,1603
16.549999,892,1610
16.555000,954,1604
16.560000,755,1606
16.564999,829,1605
16.570000,962,1608
16.574999,842,1610
16.580000,793,1607
16.585000,969,1609
16.590000,932,1609
16.595000,762,1611
16.599999,897,1613
16.605001,961,1610
16.609999,762,1612
16.615000,825,1613
16.619999,970,1616
16.625000,846,1618
16.630000,806,1614
16.635000,971,1619
16.640000,936,1619
16.645000,763,1620
16.650000,916,1623
16.655000,952,1624
16.660000,757,1622
16.665000,807,1626
16.670000,981,1625
16.675000,831,1628
16.680000,811,1624
16.685000,973,1628
16.690000,937,1622
16.695001,760,1624
16.700000,914,1613
16.704999,949,1620
16.709999,754,1624
16.715000,819,1617
16.720001,969,1620
16.725000,852,1614
16.730000,800,1613
16.734999,969,1614
16.740001,933,1614
16.745000,758,1611
16.749999,911,1610
16.755000,955,1613
16.760000,756,1614
16.765000,818,1612
16.770000,970,1614
16.775001,850,1613
16.780000,788,1618
16.785001,991,1614
16.790001,919,1620
16.795000,770,1619
16.800001,898,1617
16.804999,965,1615
16.810001,764,1618
16.815000,814,1618
16.820000,996,1617
16.824999,845,1617
16.830000,805,1609
16.835000,976,1618
16.840000,938,1607
16.845000,768,1617
16.849999,896,1615
16.855001,959,1614
16.860000,758,1615
16.865000,830,1612
16.870000,972,1616
16.874999,858,1611
16.879999,795,1613
16.885000,984,1612
16.890000,939,1610
16.895000,761,1613
16.900001,901,1604
16.905000,961,1608
16.910001,759,1612
16.914999,827,1612
16.920000,967,1613
16.925001,857,1609
16.930000,790,1611
16.935000,994,1608
16.939999,928,1609
16.945000,756,1614
16.950000,908,1613
16.955000,944,1611
16.960000,780,1608
16.964999,819,1609
16.970000,966,1613
16.975000,848,1609
16.980001,789,1606
16.985001,985,1600
16.990000,935,1604
16.994999,758,1603
17.000001,902,1604
17.005000,941,1603
17.010000,777,1598
17.015001,812,1600
17.020000,965,1602
17.025001,850,1598
17.030001,788,1598
17.035001,988,1596
17.040000,926,1596
17.045000,769,1592
17.050001,898,1594
17.055001,939,1594
17.060001,751,1592
17.065000,805,1596
17.070001,991,1588
17.075000,844,1592
17.080000,794,1584
17.085000,974,1589
17.090001,920,1592
17.095000,772,1591
17.100000,887,1592
17.105000,939,1591
17.110000,771,1591
17.115000,809,1588
17.119999,983,1590
17.125001,837,1593
17.130000,780,1595
17.135000,975,1590
17.139999,923,1592
17.144999,776,1590
17.150000,888,1591
17.155000,937,1595
17.160000,766,1593
17.165000,823,1592
17.170000,975,1595
17.175000,838,1599
17.180000,805,1591
17.185000,983,1596
17.189999,925,1594
17.195000,771,1595
17.199999,884,1597
17.205000,962,1593
17.209999,759,1593
17.215000,809,1593
17.219999,983,1587
17.225000,845,1588
17.230001,780,1592
17.235000,982,1584
17.240001,931,1587
17.245000,757,1583
17.249999,879,1588
17.254999,940,1587
17.260000,765,1584
17.265000,810,1586
17.270000,986,1582
17.275000,859,1588
17.279999,792,1593
17.285000,975,1591
17.289999,929,1593
17.295000,758,1596
17.300001,884,1600
17.304999,959,1597
17.310000,758,1600
17.314999,827,1598
17.320000,975,1604
17.324999,866,1602
17.330000,791,1603
17.335000,988,1601
17.340000,931,1604
17.345000,753,1608
17.350000,896,1603
17.355001,945,1610
17.360001,769,1607
17.364999,809,1612
17.370000,990,1604
17.374999,853,1606
17.380000,807,1603
17.385000,978,1611
17.390001,927,1612
17.395000,780,1609
17.400001,885,1614
17.405001,960,1614
17.409999,763,1615
17.415000,826,1609
17.419999,983,1614
17.424999,862,1614
17.430000,789,1619
17.435000,985,1613
17.440000,935,1617
17.445000,758,1616
17.449999,899,1615
17.455001,964,1616
17.460001,761,1617
17.465000,824,1607
17.470000,988,1615
17.475000,851,1614
17.480000,782,1618
17.484999,985,1616
17.490000,926,1615
17.494999,774,1616
17.499999,888,1616
17.505000,947,1618
17.509999,777,1616
17.515000,821,1621
17.520001,970,1619
17.524999,866,1619
17.529999,804,1620
17.535000,970,1621
17.540000,920,1626
17.544999,764,1624
17.550000,893,1617
17.554999,969,1624
17.560000,764,1621
17.564999,819,1625
17.570000,983,1614
17.574999,872,1619
17.580000,792,1620
17.585000,966,1621
17.590000,944,1619
17.595000,764,1616
17.600000,880,1616
17.605001,951,1616
17.610000,762,1617
17.615000,814,1608
17.620000,991,1615
17.624999,859,1612
17.629999,784,1613
17.635000,977,1614
17.640000,929,1603
17.644999,766,1611
17.650001,873,1615
17.655000,969,1609
17.660000,767,1610
17.664999,808,1608
17.670000,973,1614
17.675000,872,1607
17.680000,792,1609
17.685000,967,1608
17.690001,924,1608
17.695000,775,1607
17.699999,881,1608
17.705000,970,1606
17.710001,771,1608
17.714999,806,1607
17.720000,974,1605
17.724999,867,1609
17.730001,781,1608
17.735001,979,1611
17.740000,931,1606
17.745001,756,1609
17.750001,891,1606
17.754999,954,1606
17.760001,779,1606
17.765000,813,1602
17.770000,972,1609
17.775000,862,1606
17.779999,780,1606
17.785000,973,1606
17.790000,923,1607
17.795000,772,1609
17.800000,882,1604
17.805000,946,1606
17.810001,787,1603
17.815001,819,1603
17.820000,971,1606
17.824999,875,1605
17.830000,788,1600
17.835000,960,1608
17.840000,947,1600
17.845001,765,1604
17.850000,871,1604
17.855000,964,1602
17.859999,772,1604
17.865000,804,1608
17.870000,989,1607
17.874999,872,1605
17.880000,785,1605
17.884999,975,1601
17.890000,933,1603
17.894999,753,1608
17.900000,868,1609
17.905001,974,1604
17.909999,780,1607
17.915000,813,1609
17.920000,975,1609
17.925000,858,1609
17.929999,780,1610
17.935000,983,1607
17.939999,938,1607
17.945001,756,1609
17.950000,891,1606
17.954999,952,1608
17.959999,764,1610
17.965000,825,1610
17.970000,975,1611
17.974999,877,1611
17.980001,785,1613
17.985000,961,1613
17.990000,923,1614
17.995000,776,1609
18.000000,878,1613
18.005001,948,1614
18.009999,778,1613
18.015001,805,1614
18.020001,995,1612
18.025000,880,1614
18.030000,783,1616
18.035000,975,1611
18.040000,936,1617
18.044999,755,1616
18.050000,882,1615
18.054999,960,1614
18.060000,768,1613
18.065001,827,1613
18.070000,982,1611
18.074999,869,1612
18.080000,800,1613
18.085001,963,1612
18.090000,946,1610
18.095001,750,1613
18.099999,872,1612
18.105000,971,1608
18.110000,774,1607
18.115001,805,1616
18.120001,982,1608
18.124999,882,1607
18.129999,801,1606
18.135000,960,1612
18.140000,933,1603
18.144999,755,1611
18.150000,880,1605
18.155000,958,1609
18.160000,768,1611
18.165000,821,1608
18.169999,978,1610
18.175000,884,1608
18.179999,794,1606
18.185000,961,1607
18.189999,941,1601
18.194999,772,1607
18.200000,872,1607
18.204999,953,1605
18.209999,765,1607
18.215000,825,1606
18.220000,978,1607
18.225000,871,1605
18.230000,790,1608
18.234999,963,1608
18.240001,943,1608
18.245000,768,1607
18.250000,881,1603
18.254999,959,1610
18.260001,783,1604
18.265000,810,1613
18.269999,972,1613
18.275000,880,1610
18.280001,781,1608
18.285000,968,1611
18.290000,928,1608
18.295000,763,1607
18.300001,865,1611
18.305000,974,1605
18.310000,776,1608
18.314999,824,1603
18.320000,976,1607
18.324999,887,1606
18.330000,783,1605
18.334999,977,1603
18.340001,938,1606
18.345000,751,1608
18.350001,878,1603
18.355000,958,1604
18.359999,771,1606
18.365000,824,1606
18.369999,976,1607
18.375001,886,1607
18.380001,793,1600
18.384999,979,1600
18.390000,925,1609
18.395000,762,1605
18.400000,853,1608
18.404999,963,1603
18.409999,783,1601
18.414999,813,1603
18.420000,977,1596
18.425000,881,1602
18.430000,799,1601
18.435001,954,1604
18.440000,946,1602
18.445001,754,1602
18.450000,849,1607
18.455000,961,1605
18.460000,768,1604
18.465000,815,1605
18.469999,973,1607
18.474999,893,1603
18.480000,775,1609
18.485000,967,1605
18.490000,925,1608
18.495000,752,1605
18.499999,864,1604
18.504999,954,1606
18.510000,790,1603
18.515000,809,1604
18.520000,971,1604
18.525000,887,1604
18.529999,783,1595
18.535000,976,1598
18.540000,930,1599
18.545000,765,1596
18.550000,864,1599
18.554999,966,1599
18.560000,767,1602
18.565000,810,1601
18.570001,973,1604
18.575000,887,1602
18.579999,779,1603
18.584999,973,1606
18.590000,933,1604
18.595001,746,1611
18.599999,862,1608
18.605000,967,1599
18.610000,773,1610
18.615001,822,1611
18.620001,974,1611
18.625000,893,1610
18.630000,790,1609
18.634999,955,1613
18.640000,940,1611
18.645000,767,1610
18.650001,864,1614
18.655001,955,1614
18.659999,772,1617
18.665000,803,1615
18.669999,996,1613
18.674999,888,1617
18.679999,783,1613
18.685000,950,1616
18.690001,939,1613
18.694999,755,1613
18.700000,872,1613
18.704999,965,1610
18.709999,773,1614
18.715000,814,1609
18.720001,972,1613
18.725000,905,1609
18.730000,776,1612
18.734999,968,1611
18.740000,924,1614
18.745000,748,1616
18.749999,858,1612
18.754999,958,1613
18.760000,799,1612
18.765000,812,1614
18.770000,976,1617
18.775000,898,1607
18.779999,781,1613
18.785001,953,1615
18.790000,938,1610
18.795000,753,1615
18.800001,863,1609
18.805000,967,1609
18.810001,774,1611
18.815001,820,1605
18.820000,984,1602
18.825000,900,1600
18.829999,786,1599
18.835000,946,1606
18.839999,948,1597
18.845000,758,1597
18.850000,850,1601
18.855000,969,1598
18.860000,783,1597
18.865000,801,1602
18.869999,995,1600
18.875001,891,1602
18.880000,770,1607
18.885001,963,1605
18.889999,930,1605
18.894999,772,1606
18.900000,850,1610
18.904999,969,1610
18.910000,792,1610
18.915000,800,1611
18.919999,985,1612
18.924999,884,1611
18.929999,788,1610
18.935000,946,1612
18.940000,944,1607
18.945000,770,1608
18.949999,845,1607
18.955000,955,1604
18.960001,792,1603
18.965000,810,1602
18.970000,976,1606
18.975000,900,1602
18.980000,780,1600
18.985000,943,1600
18.990000,938,1599
18.994999,752,1598
19.000001,860,1593
19.005000,955,1595
19.009999,791,1594
19.015000,817,1593
19.020000,988,1594
19.025001,896,1592
19.029999,766,1593
19.035000,948,1591
19.040000,934,1589
19.045000,748,1593
19.050000,851,1590
19.054999,968,1593
19.060001,777,1589
19.065000,813,1586
19.070000,976,1589
19.074999,884,1589
19.080000,792,1590
19.085000,942,1593
19.089999,922,1595
19.095000,754,1591
19.100000,833,1594
19.105000,972,1591
19.110000,778,1594
19.115001,798,1596
19.120001,986,1591
19.124999,900,1584
19.130000,783,1593
19.134999,942,1593
19.140001,929,1593
19.145000,756,1589
19.150001,851,1589
19.155000,956,1589
19.160000,797,1589
19.165000,796,1588
19.170000,982,1586
19.175001,887,1590
19.180000,789,1587
19.185000,945,1586
19.189999,945,1586
19.195000,756,1585
19.199999,830,1586
19.205000,949,1590
19.210001,783,1587
19.214999,817,1585
19.220000,984,1589
19.225000,886,1589
19.230000,781,1582
19.234999,953,1588
19.240000,925,1590
19.245000,764,1591
19.249999,835,1588
19.255000,957,1589
19.259999,777,1594
19.265000,819,1591
19.270000,975,1595
19.275000,888,1596
19.280000,784,1594
19.285000,946,1596
19.290001,928,1601
19.295001,765,1600
19.300000,837,1600
19.305000,955,1603
19.310000,796,1605
19.314999,804,1606
19.320000,981,1607
19.324999,919,1606
19.330001,786,1609
19.335000,944,1611
19.340000,924,1615
19.345000,758,1614
19.350000,851,1612
19.355001,963,1619
19.360000,784,1613
19.365001,807,1617
19.370001,972,1621
19.375001,913,1624
19.380000,773,1622
19.385000,958,1623
19.390000,937,1625
19.394999,752,1624
19.400001,843,1625
19.405000,964,1628
19.410000,786,1627
19.415000,810,1628
19.419999,978,1632
19.424999,915,1628
19.429999,773,1629
19.435000,965,1627
19.439999,937,1631
19.445000,769,1625
19.450000,849,1627
19.455000,961,1629
19.460000,797,1628
19.464999,800,1630
19.470001,992,1627
19.474999,906,1629
19.480000,790,1630
19.484999,938,1629
19.490000,944,1629
19.495000,763,1629
19.500001,828,1630
19.505000,970,1627
19.510000,811,1624
19.515000,804,1629
19.519999,994,1625
19.525001,901,1629
19.530001,787,1627
19.535000,931,1628
19.540001,939,1627
19.544999,764,1621
19.550000,838,1622
19.555000,962,1627
19.560001,785,1627
19.565000,798,1624
19.570000,990,1622
19.574999,914,1621
19.580001,770,1621
19.585000,950,1623
19.590000,940,1618
19.595001,746,1621
19.600000,840,1616
19.604999,968,1613
19.609999,793,1615
19.615000,817,1611
19.620000,992,1610
19.625001,921,1609
19.630000,773,1608
19.634999,944,1599
19.640001,947,1608
19.644999,750,1604
19.650000,841,1605
19.654999,958,1608
19.659999,789,1604
19.664999,819,1604
19.670001,988,1601
19.675000,909,1603
19.679999,789,1596
19.685001,934,1602
19.690000,950,1599
19.695000,760,1599
19.699999,820,1601
19.705000,976,1597
19.710001,809,1596
19.714999,806,1598
19.720000,982,1596
19.724999,905,1597
19.730001,769,1594
19.735001,933,1594
19.740000,932,1593
19.745000,764,1585
19.750000,830,1593
19.755000,960,1591
19.760000,790,1599
19.765000,813,1595
19.770000,973,1599
19.775000,926,1593
19.780000,785,1597
19.785000,936,1598
19.790001,930,1599
19.795000,749,1601
19.800000,819,1600
19.805000,978,1599
19.810000,796,1602
19.815001,820,1600
19.820000,986,1601
19.825000,913,1601
19.829999,786,1600
19.835000,932,1603
19.840000,952,1603
19.845001,759,1601
19.850000,831,1601
19.855000,963,1606
19.859999,813,1602
19.865001,798,1607
19.870001,986,1603
19.875000,918,1606
19.880001,782,1610
19.885000,934,1610
19.890000,946,1608
19.895000,760,1611
19.900000,821,1614
19.905000,983,1614
19.910000,808,1615
19.915001,795,1617
19.920000,973,1619
19.925000,912,1620
19.929999,789,1620
19.935000,943,1617
19.939999,938,1617
19.945000,748,1620
19.949999,834,1620
19.955000,968,1619
19.960001,819,1619
19.964999,804,1618
19.970000,976,1618
19.974999,936,1616
19.980000,771,1619
19.985000,952,1616
19.990000,943,1617
19.995000,749,1620
20.000000,817,1619
20.005001,988,1616
20.010001,808,1619
20.015000,797,1623
20.020000,993,1620
20.025000,925,1621
20.030000,768,1622
20.035000,931,1622
20.040001,938,1624
20.044999,755,1625
20.049999,839,1622
20.054999,977,1616
20.060000,803,1621
20.064999,817,1609
20.070000,988,1618
20.075000,919,1616
20.079999,782,1608
20.084999,932,1616
20.090000,954,1613
20.095000,753,1616
20.099999,831,1611
20.105000,980,1613
20.109999,805,1612
20.115000,812,1610
20.120000,977,1612
20.124999,920,1609
20.130000,763,1615
20.135000,942,1613
20.140001,940,1614
20.145000,774,1613
20.149999,827,1617
20.154999,969,1616
20.160000,821,1615
20.164999,811,1617
20.170001,986,1619
20.175000,918,1615
20.179999,785,1618
20.185001,934,1618
20.190001,941,1618
20.195000,752,1619
20.200000,834,1617
20.204999,966,1616
20.209999,816,1616
20.215000,803,1614
20.220001,998,1615
20.225000,927,1618
20.230000,765,1617
20.235000,942,1609
20.240001,946,1607
20.245001,765,1605
20.250000,820,1607
20.255000,984,1605
20.260000,813,1603
20.265000,800,1604
20.269999,984,1604
20.275000,920,1602
20.280000,787,1600
20.285000,929,1597
20.290000,935,1601
20.294999,772,1599
20.299999,815,1598
20.304999,981,1595
20.310001,803,1597
20.315001,800,1596
20.320000,997,1596
20.325000,937,1594
20.330000,770,1594
20.335000,925,1596
20.340000,951,1593
20.345001,757,1593
20.350000,819,1593
20.355001,986,1590
20.360000,807,1590
20.365001,814,1592
20.370000,979,1592
20.375000,934,1590
20.380000,762,1594
20.385000,921,1588
20.390000,954,1586
20.394999,767,1587
20.400000,817,1588
20.405000,960,1590
20.410001,822,1587
20.415000,807,1591
20.419999,977,1589
20.424999,920,1577
20.429999,777,1585
20.435001,929,1586
20.440000,936,1587
20.445000,764,1584
20.450000,824,1589
20.455000,969,1588
20.460000,820,1589
20.464999,807,1589
20.470000,982,1590
20.475000,933,1589
20.480001,772,1588
20.485000,914,1591
20.490000,950,1593
20.495000,752,1591
20.499999,814,1589
20.505000,977,1594
20.510000,809,1594
20.515000,806,1588
20.520000,975,1594
20.525001,909,1602
20.530000,778,1596
20.535001,919,1595
20.540001,930,1599
20.545000,765,1596
20.550001,814,1596
20.554999,964,1596
20.560001,827,1596
20.565000,796,1600
20.570000,989,1598
20.575001,923,1598
20.580000,759,1598
20.585000,931,1597
20.589999,939,1597
20.595000,754,1597
20.600000,826,1597
20.605000,974,1598
20.609999,809,1601
20.615000,791,1603
20.619999,984,1600
20.625000,913,1600
20.630000,775,1602
20.635000,921,1604
20.640000,934,1603
20.645000,765,1601
20.650000,810,1604
20.654999,980,1603
20.660000,816,1600
20.665000,793,1604
20.670000,995,1599
20.675000,918,1603
20.680000,773,1601
20.685000,910,1607
20.690000,951,1607
20.695001,749,1603
20.700000,808,1606
20.704999,979,1605
20.709999,814,1602
20.715000,806,1601
20.720001,987,1606
20.725000,923,1602
20.730001,760,1603
20.735000,929,1603
20.740001,940,1605
20.745000,748,1606
20.750000,827,1606
20.755001,975,1606
20.759999,815,1609
20.765001,811,1610
20.769999,977,1610
20.775000,917,1612
20.780000,770,1616
20.785000,923,1615
20.790000,936,1615
20.794999,757,1616
20.800000,811,1620
20.805000,982,1619
20.810000,818,1616
20.815001,802,1618
20.820000,976,1618
20.825001,936,1621
20.830001,764,1618
20.835000,912,1619
20.840000,951,1610
20.845000,749,1620
20.850000,815,1619
20.855000,981,1620
20.860001,818,1618
20.865000,807,1616
20.870000,982,1619
20.875000,923,1619
20.880001,760,1622
20.885001,932,1622
20.890000,944,1623
20.895001,761,1622
20.899999,830,1615
20.904999,983,1623
20.910000,819,1626
20.915000,798,1627
20.919999,982,1624
20.925000,920,1623
20.929999,787,1623
20.935001,915,1624
20.940000,944,1623
20.945000,772,1620
20.950000,827,1621
20.955000,966,1621
20.960000,838,1619
20.965000,794,1622
20.970000,995,1619
20.974999,927,1622
20.980000,768,1618
20.984999,910,1618
20.990001,937,1622
20.995000,773,1612
20.999999,820,1616
21.005000,991,1611
21.009999,818,1615
21.015000,804,1614
21.020000,971,1615
21.025000,937,1611
21.030000,767,1612
21.035000,903,1615
21.040000,957,1609
21.044999,765,1610
21.049999,811,1611
21.054999,980,1607
21.060000,822,1610
21.065000,802,1606
21.070000,981,1611
21.074999,918,1612
21.080001,759,1608
21.085000,926,1612
21.090000,937,1614
21.095000,770,1612
21.100000,818,1613
21.105000,964,1616
21.109999,837,1612
21.115001,795,1615
21.120000,993,1613
21.125001,920,1614
21.130000,781,1613
21.134999,910,1614
21.140000,941,1614
21.145000,773,1611
21.150001,828,1612
21.155001,964,1614
21.159999,820,1611
21.164999,807,1612
21.170000,969,1611
21.175001,929,1608
21.180000,768,1606
21.185000,905,1611
21.190000,954,1605
21.195000,750,1608
21.200000,819,1604
21.204999,966,1604
21.209999,833,1606
21.215001,788,1605
21.220000,969,1603
21.225000,933,1602
21.230000,762,1601
21.235000,925,1601
21.240000,947,1598
21.245001,752,1605
21.249999,824,1599
21.254999,976,1606
21.260001,834,1603
21.265001,799,1605
21.269999,977,1604
21.275000,911,1609
21.279999,773,1605
21.285000,906,1605
21.290000,938,1604
21.295000,754,1602
21.300000,825,1603
21.304999,970,1605
21.309999,823,1604
21.314999,808,1603
21.320000,978,1605
21.325001,921,1602
21.330000,758,1603
21.335000,903,1601
21.340000,933,1604
21.345000,773,1601
21.350000,813,1604
21.355001,972,1594
21.360001,836,1603
21.364999,785,1605
21.370000,984,1604
21.375000,934,1605
21.380000,756,1609
21.385000,916,1607
21.390000,948,1609
21.394999,754,1612
21.400000,832,1612
21.405000,968,1616
21.410000,843,1620
21.415000,805,1617
21.420000,980,1621
21.425000,932,1623
21.429999,765,1623
21.435001,897,1629
21.440000,950,1625
21.445001,758,1621
21.450000,834,1629
21.455001,974,1628
21.460000,829,1630
21.464999,811,1626
21.470000,982,1629
21.475000,923,1632
21.480001,776,1630
21.485000,915,1633
21.490000,944,1632
21.495000,758,1625
21.499999,809,1633
21.504999,987,1636
21.510000,833,1632
21.515000,792,1630
21.519999,993,1631
21.525000,929,1631
21.530001,763,1632
21.535001,897,1632
21.540000,962,1626
21.544999,766,1630
21.550000,815,1631
21.554999,968,1632
21.560001,845,1628
21.565000,798,1629
21.570000,967,1636
21.575000,937,1630
21.579999,764,1627
21.585000,908,1624
21.590000,954,1626
21.595001,762,1625
21.600001,813,1625
21.605000,970,1624
21.609999,843,1618
21.615000,795,1625
21.619999,969,1622
21.625000,918,1624
21.630000,775,1623
21.634999,899,1623
21.640000,942,1621
21.644999,768,1621
21.650000,827,1619
21.654999,966,1622
21.660001,826,1618
21.665000,806,1620
21.670000,973,1619
21.675001,916,1621
21.680000,777,1617
21.685000,897,1618
21.689999,956,1612
21.695000,768,1615
21.700000,814,1616
21.705000,969,1615
21.710000,856,1609
21.715000,799,1610
21.720001,972,1611
21.725000,936,1612
21.730000,763,1612
21.735000,898,1613
21.740000,964,1609
21.744999,765,1611
21.750001,815,1611
21.755000,971,1612
21.759999,850,1615
21.765000,793,1613
21.770000,969,1616
21.775000,945,1612
21.779999,769,1615
21.785001,902,1617
21.790000,945,1617
21.795001,775,1615
21.800001,814,1618
21.805000,981,1611
21.810000,845,1615
21.814999,804,1612
21.820001,976,1618
21.825000,923,1614
21.830001,781,1614
21.835000,917,1614
21.840000,947,1609
21.845000,753,1611
21.849999,821,1608
21.855001,970,1611
21.860000,852,1605
21.865000,791,1605
21.870000,978,1599
21.874999,939,1603
21.879999,768,1605
21.884999,898,1596
21.890000,950,1602
21.895000,776,1602
21.900000,813,1601
21.904999,969,1603
21.910000,834,1603
21.915000,804,1597
21.919999,985,1598
21.925000,923,1600
21.929999,756,1603
21.935000,907,1598
21.939999,944,1598
21.945001,770,1594
21.950000,805,1601
21.955000,992,1596
21.960000,841,1593
21.965000,791,1593
21.970001,970,1594
21.974999,934,1584
21.980001,765,1591
21.984999,888,1590
21.990000,954,1589
21.994999,759,1581
22.000000,818,1591
22.005000,967,1592
22.010000,853,1586
22.015001,793,1589
22.020000,970,1589
22.025000,920,1589
22.029999,766,1588
22.035001,893,1590
22.040000,939,1594
22.045000,755,1593
22.050001,821,1585
22.055001,986,1593
22.060000,837,1594
22.065000,800,1594
22.070001,982,1592
22.075001,938,1593
22.080000,761,1593
22.085000,888,1592
22.089999,960,1590
22.095000,756,1591
22.100000,821,1593
22.105001,973,1592
22.110001,836,1592
22.115000,790,1590
22.120000,972,1593
22.124999,918,1595
22.129999,775,1594
22.135001,885,1596
22.140000,956,1596
22.145000,759,1598
22.150000,821,1594
22.154999,969,1602
22.160001,833,1602
22.165001,793,1602
22.169999,982,1602
22.175000,938,1603
22.179999,763,1605
22.185001,889,1605
22.190000,961,1604
22.194999,764,1604
22.199999,813,1604
22.205001,971,1604
22.210000,856,1602
22.215000,792,1603
22.220000,970,1602
22.224999,929,1596
22.230001,766,1601
22.234999,887,1600
22.240000,961,1600
22.245000,765,1598
22.249999,807,1602
22.255000,966,1604
22.260000,857,1601
22.265000,780,1603
22.270000,986,1600
22.275000,927,1603
22.280000,756,1599
22.285000,893,1608
22.290001,942,1609
22.295000,771,1609
22.300001,811,1608
22.304999,991,1610
22.310000,844,1614
22.314999,803,1610
22.320001,977,1614
22.325000,930,1616
22.330000,764,1618
22.335000,886,1619
22.339999,956,1618
22.345000,773,1613
22.349999,812,1621
22.355000,991,1624
22.360000,854,1622
22.365001,787,1624
22.370000,987,1624
22.375000,925,1623
22.380000,774,1625
22.384999,889,1625
22.390000,961,1625
22.395001,762,1621
22.400000,820,1625
22.404999,978,1624
22.410001,845,1627
22.415001,803,1615
22.420000,985,1622
22.425000,931,1622
22.429999,757,1624
22.435000,901,1621
22.440000,962,1618
22.445001,769,1619
22.450001,814,1621
22.454999,997,1614
22.459999,865,1616
22.465000,795,1616
22.470000,966,1618
22.474999,941,1616
22.480000,756,1617
22.484999,880,1620
22.490000,963,1615
22.495000,758,1619
22.500000,831,1616
22.505001,989,1618
22.509999,849,1619
22.515000,800,1610
22.519999,978,1615
22.525000,931,1614
22.529999,761,1616
22.535001,888,1604
22.540001,961,1610
22.544999,759,1614
22.549999,825,1611
22.555000,977,1609
22.560000,868,1606
22.565000,789,1604
22.570001,965,1605
22.574999,945,1604
22.580001,755,1606
22.585000,894,1600
22.590000,953,1603
22.595000,760,1604
22.599999,823,1602
22.605000,981,1604
22.609999,848,1607
22.615000,800,1605
22.620000,976,1605
22.624999,929,1608
22.629999,749,1612
22.635000,891,1607
22.640000,952,1609
22.644999,779,1612
22.650000,812,1611
22.655000,975,1609
22.660000,848,1609
22.665001,798,1612
22.670000,970,1609
22.675001,922,1612
22.680000,769,1610
22.685001,891,1613
22.689999,957,1613
22.695000,774,1606
22.700000,821,1607
22.705001,983,1604
22.709999,859,1608
22.715000,779,1610
22.720000,984,1608
22.725000,938,1604
22.730000,756,1604
22.735000,892,1604
22.740000,946,1605
22.744999,753,1609
22.750000,807,1600
22.755000,982,1604
22.760000,856,1605
22.765000,789,1602
22.770000,964,1603
22.775001,926,1603
22.780000,757,1599
22.785000,893,1606
22.790000,951,1604
22.794999,766,1604
22.799999,804,1609
22.804999,993,1603
22.810000,858,1606
22.815000,802,1605
22.820000,974,1606
22.825000,926,1608
22.830000,748,1608
22.835001,884,1608
22.839999,946,1607
22.845001,777,1604
22.850000,820,1606
22.855001,975,1606
22.860000,858,1600
22.865000,794,1603
22.869999,971,1608
22.875000,929,1606
22.880001,764,1606
22.884999,869,1609
22.890000,960,1604
22.895001,764,1607
22.899999,819,1607
22.904999,976,1607
22.910000,851,1609
22.915000,791,1609
22.920000,960,1606
22.925000,941,1605
22.930001,754,1609
22.935001,867,1610
22.940001,960,1606
22.945001,775,1606
22.950000,807,1611
22.954999,995,1608
22.960000,862,1609
22.964999,777,1613
22.970001,978,1607
22.975001,924,1611
22.979999,752,1613
22.985000,886,1610
22.990001,953,1610
22.995001,782,1610
23.000000,813,1611
23.005000,977,1613
23.010000,881,1613
23.015000,785,1615
23.019999,965,1616
23.025001,939,1607
23.030000,757,1614
23.035001,883,1615
23.040000,961,1615
23.045000,773,1618
23.050000,808,1621
23.054999,976,1615
23.060000,876,1617
23.064999,791,1616
23.070000,964,1617
23.074999,926,1622
23.080001,761,1619
23.085000,889,1616
23.090000,953,1618
23.095000,787,1617
23.099999,814,1615
23.105000,986,1612
23.109999,874,1619
23.115000,779,1622
23.119999,975,1617
23.125000,931,1616
23.130000,753,1618
23.135000,892,1614
23.140000,963,1619
23.144999,778,1615
23.150000,809,1619
23.155000,994,1614
23.160001,870,1615
23.165001,774,1619
23.169999,977,1614
23.174999,932,1613
23.179999,749,1614
23.185000,885,1610
23.189999,950,1607
23.195001,762,1611
23.200000,816,1606
23.204999,988,1606
23.209999,869,1605
23.215001,773,1607
23.220000,973,1604
23.225000,920,1603
23.230000,755,1604
23.235000,881,1600
23.240001,952,1602
23.245001,785,1599
23.250000,810,1600
23.255000,981,1595
23.259999,866,1599
23.265000,775,1599
23.269999,955,1605
23.275001,942,1599
23.280001,750,1601
23.285000,878,1598
23.290000,955,1598
23.295000,762,1601
23.300000,822,1600
23.305000,984,1602
23.310000,872,1601
23.314999,774,1601
23.320001,974,1601
23.325000,933,1601
23.329999,750,1605
23.334999,879,1606
23.340000,954,1604
23.345000,780,1602
23.349999,824,1604
23.354999,985,1606
23.359999,874,1604
23.364999,773,1606
23.369999,970,1605
23.375000,928,1606
23.380000,772,1608
23.384999,879,1605
23.390000,959,1604
23.395000,765,1606
23.400000,802,1608
23.405000,996,1603
23.410001,880,1606
23.415000,774,1605
23.419999,971,1602
23.424999,939,1603
23.429999,756,1603
23.435000,855,1604
23.440000,966,1601
23.445000,775,1601
23.450000,804,1602
23.454999,970,1602
23.460000,887,1604
23.465000,787,1603
23.470001,958,1606
23.475000,922,1605
23.480000,765,1599
23.484999,875,1604
23.490000,961,1605
23.495000,767,1605
23.499999,805,1609
23.504999,988,1601
23.510000,878,1609
23.515000,781,1610
23.520001,953,1614
23.524999,937,1614
23.529999,752,1617
23.535001,878,1615
23.540000,955,1617
23.544999,788,1620
23.549999,804,1625
23.555000,990,1619
23.560000,887,1621
23.564999,782,1620
23.570001,965,1623
23.575000,948,1619
23.580000,765,1619
23.585000,859,1618
23.590001,957,1612
23.595001,785,1618
23.599999,813,1613
23.605000,993,1614
23.610000,885,1611
23.615000,799,1611
23.620000,956,1613
23.625000,931,1599
23.630000,761,1609
23.634999,872,1610
23.640001,964,1609
23.645000,774,1609
23.650000,825,1608
23.654999,984,1609
23.660000,896,1611
23.665000,780,1613
23.670000,952,1613
23.675000,943,1612
23.680001,755,1613
23.685000,854,1615
23.690000,967,1613
23.695001,769,1613
23.699999,827,1614
23.705000,979,1615
23.710001,899,1615
23.715000,781,1616
23.720000,965,1615
23.724999,937,1608
23.730001,764,1616
23.735001,869,1610
23.740000,960,1614
23.745000,773,1615
23.749999,819,1612
23.754999,974,1614
23.760000,895,1610
23.765001,778,1610
23.770000,954,1610
23.774999,949,1610
23.779999,773,1601
23.785000,865,1604
23.790001,955,1601
23.795000,794,1602
23.800000,814,1601
23.805000,973,1600
23.810000,874,1602
23.815000,795,1599
23.819999,962,1595
23.824999,944,1597
23.830000,752,1598
23.835001,870,1595
23.840001,969,1596
23.844999,776,1597
23.849999,802,1592
23.855001,984,1596
23.860001,880,1594
23.864999,780,1594
23.869999,970,1591
23.875000,932,1594
23.880000,773,1589
23.884999,857,1590
23.890001,948,1596
23.894999,792,1593
23.900001,808,1592
23.905001,979,1593
23.910001,885,1587
23.915000,794,1594
23.920000,952,1597
23.925000,940,1588
23.930000,754,1598
23.935001,868,1593
23.940001,966,1596
23.944999,768,1601
23.949999,816,1598
23.955001,979,1595
23.960000,885,1597
23.965000,772,1600
23.970000,972,1593
23.974999,936,1595
23.980000,749,1596
23.985000,851,1596
23.990000,960,1594
23.994999,773,1594
24.000000,813,1593
24.005001,994,1589
24.010000,880,1594
24.015001,787,1592
24.020000,961,1588
24.025000,932,1590
24.030000,762,1590
24.035001,853,1594
24.040000,953,1597
24.045000,795,1593
24.050001,807,1598
24.055000,974,1593
24.060000,899,1601
24.065000,778,1600
24.070000,963,1600
24.074999,931,1599
24.080000,764,1602
24.085000,856,1596
24.090000,950,1604
24.095000,799,1600
24.100000,819,1597
24.105000,972,1603
24.110001,895,1600
24.114999,771,1602
24.119999,946,1602
24.125000,939,1599
24.129999,749,1600
24.135000,862,1601
24.140000,968,1600
24.145000,776,1603
24.150001,820,1601
24.155000,976,1603
24.159999,893,1601
24.164999,788,1603
24.170000,947,1601
24.175000,926,1604
24.179999,761,1602
24.185000,850,1594
24.189999,977,1602
24.195001,777,1605
24.200000,817,1601
24.205000,976,1606
24.209999,900,1603
24.215001,776,1603
24.219999,957,1605
24.225000,931,1602
24.230000,773,1603
24.235001,837,1605
24.240000,972,1606
24.244999,780,1608
24.250000,818,1607
24.255000,977,1606
24.260000,905,1600
24.265000,790,1608
24.270000,957,1609
24.275001,924,1612
24.280000,770,1611
24.285000,843,1613
24.290001,977,1613
24.295000,785,1613
24.300001,801,1615
24.305000,995,1616
24.310000,904,1615
24.314999,772,1615
24.320001,966,1611
24.325001,941,1612
24.329999,752,1613
24.334999,849,1612
24.340000,962,1610
24.345000,787,1610
24.349999,802,1611
24.355000,992,1610
24.360000,892,1613
24.365000,791,1609
24.370001,946,1610
24.374999,927,1611
24.379999,766,1602
24.385001,855,1610
24.390000,959,1613
24.395000,779,1616
24.400000,813,1608
24.405000,994,1613
24.410001,915,1612
24.415000,780,1611
24.419999,956,1612
24.424999,937,1614
24.429999,749,1619
24.435001,851,1614
24.440000,961,1614
24.445000,799,1609
24.450000,817,1611
24.454999,981,1615
24.459999,899,1612
24.465000,787,1611
24.470000,946,1614
24.474999,952,1610
24.480000,753,1611
24.485000,837,1611
24.490000,974,1607
24.495000,785,1613
24.500000,824,1606
24.505001,988,1607
24.510000,901,1610
24.515000,785,1608
24.519999,948,1601
24.525000,935,1611
24.530001,751,1613
24.534999,847,1608
24.539999,960,1615
24.545000,798,1613
24.550000,801,1617
24.555000,988,1612
24.560000,902,1614
24.565000,787,1606
24.570000,954,1612
24.575000,927,1612
24.579999,764,1612
24.585000,831,1613
24.589999,975,1611
24.595000,791,1607
24.599999,805,1613
24.605001,990,1614
24.610000,914,1612
24.615000,771,1612
24.620000,954,1618
24.625000,928,1621
24.630000,763,1618
24.634999,837,1622
24.640000,959,1623
24.644999,801,1625
24.650000,803,1627
24.655000,995,1621
24.660001,906,1623
24.665000,784,1617
24.670000,961,1623
24.675000,952,1621
24.679999,762,1622
24.685000,835,1620
24.689999,962,1622
24.695001,807,1619
24.700000,804,1617
24.705001,990,1620
24.709999,918,1614
24.715000,781,1621
24.720000,941,1618
24.724999,949,1619
24.730000,766,1619
24.734999,828,1621
24.740001,976,1619
24.745000,795,1618
24.750000,820,1619
24.755000,980,1619
24.759999,921,1617
24.765000,775,1619
24.770000,933,1620
24.775000,939,1615
24.780000,753,1621
24.785001,838,1619
24.790000,969,1621
24.794999,803,1612
24.799999,815,1621
24.804999,992,1617
24.810000,906,1617
24.814999,783,1618
24.820000,940,1617
24.825000,930,1618
24.829999,770,1617
24.835000,841,1613
24.840000,974,1616
24.844999,801,1616
24.849999,821,1616
24.855000,985,1609
24.859999,921,1614
24.865001,767,1616
24.870000,951,1613
24.875000,936,1613
24.880000,767,1607
24.884999,830,1615
24.890001,970,1611
24.895000,793,1615
24.900000,812,1612
24.904999,980,1612
24.910000,925,1607
24.915000,778,1614
24.920000,943,1612
24.925001,932,1613
24.930000,771,1610
24.934999,830,1610
24.939999,965,1610
24.945000,792,1608
24.950000,816,1606
24.955000,981,1608
24.960000,906,1606
24.965000,778,1602
24.970001,930,1601
24.974999,942,1602
24.980000,751,1601
24.985000,814,1603
24.990001,972,1599
24.995000,791,1600
24.999999,817,1602
25.004999,993,1601
25.010000,923,1602
25.015000,766,1601
25.019999,922,1605
25.025001,933,1596
25.030000,763,1598
25.035000,815,1609
25.040000,983,1603
25.045000,811,1603
25.050001,802,1604
25.055000,970,1605
25.060000,923,1605
25.065000,766,1602
25.070000,950,1603
25.074999,941,1604
25.079999,748,1602
25.085000,816,1602
25.089999,979,1601
25.095000,797,1603
25.099999,792,1604
25.105000,990,1601
25.110000,913,1601
25.115000,777,1598
25.120000,936,1598
25.125000,931,1600
25.130000,747,1603
25.135000,829,1595
25.140000,972,1599
25.144999,799,1604
25.150001,797,1602
25.155000,995,1601
25.160001,915,1602
25.165000,761,1607
25.170000,944,1604
25.175000,934,1604
25.179999,749,1605
25.185001,813,1605
25.190000,977,1602
25.195001,795,1605
25.200000,806,1601
25.205000,979,1601
25.210000,929,1600
25.215000,763,1601
25.220000,946,1598
25.225000,930,1605
25.230000,763,1599
25.234999,822,1600
25.240001,957,1604
25.245000,818,1605
25.250000,807,1603
25.255000,972,1605
25.260000,917,1604
25.265000,785,1604
25.270000,929,1605
25.275001,928,1606
25.280000,768,1609
25.285001,811,1609
25.290000,971,1610
25.294999,819,1609
25.299999,801,1609
25.305000,987,1607
25.310001,927,1609
25.315000,762,1614
25.320000,940,1612
25.324999,937,1613
25.330000,749,1615
25.335000,809,1617
25.339999,981,1611
25.345000,811,1616
25.350000,793,1619
25.355000,989,1617
25.360000,929,1619
25.365000,765,1619
25.370000,938,1617
25.374999,934,1619
25.379999,769,1619
25.384999,821,1620
25.390000,963,1621
25.395000,805,1622
25.400001,815,1617
25.405001,988,1620
25.409999,915,1620
25.414999,776,1620
25.420000,924,1619
25.425000,950,1619
25.429999,772,1618
25.435000,825,1613
25.440000,968,1614
25.445001,802,1614
25.450000,813,1611
25.454999,973,1615
25.459999,933,1609
25.465000,770,1606
25.470000,924,1605
25.475000,955,1605
25.480000,753,1604
25.485000,835,1600
25.489999,968,1600
25.495000,800,1604
25.499999,810,1598
25.504999,974,1602
25.510000,929,1596
25.515000,780,1597
25.519999,923,1596
25.525000,952,1593
25.530000,754,1594
25.535001,831,1592
25.540000,968,1591
25.545001,803,1589
25.550000,814,1585
25.554999,976,1583
25.560000,929,1582
25.564999,763,1583
25.570000,936,1582
25.574999,931,1580
25.580001,762,1576
25.585000,814,1575
25.590000,984,1575
25.594999,809,1573
25.600000,788,1576
25.605000,991,1571
25.609999,915,1572
25.615001,777,1574
25.620001,912,1577
25.625000,948,1574
25.630001,760,1576
25.635000,811,1576
25.640000,981,1575
25.644999,808,1582
25.650000,788,1585
25.655000,979,1581
25.660001,919,1584
25.664999,773,1579
25.670000,925,1582
25.674999,934,1583
25.680000,747,1587
25.685000,831,1587
25.690000,973,1586
25.695000,813,1589
25.700000,797,1587
25.705000,969,1592
25.710000,929,1590
25.715000,764,1594
25.719999,931,1591
25.725000,934,1594
25.730001,764,1594
25.735001,811,1598
25.739999,959,1600
25.744999,815,1600
25.750000,816,1601
25.754999,985,1601
25.760000,915,1604
25.765001,782,1602
25.770000,917,1606
25.775000,928,1609
25.780000,760,1605
25.785001,827,1607
25.790000,970,1612
25.794999,807,1610
25.799999,803,1609
25.805000,969,1612
25.810000,923,1611
25.815001,762,1615
25.820000,931,1608
25.825000,934,1614
25.829999,769,1615
25.834999,818,1614
25.840000,962,1619
25.845001,825,1617
25.850001,795,1618
25.855000,994,1617
25.859999,927,1615
25.865001,782,1613
25.870000,924,1614
25.874999,934,1616
25.880000,766,1614
25.884999,817,1617
25.890000,980,1610
25.894999,830,1613
25.900000,790,1614
25.905000,985,1613
25.910000,915,1614
25.914999,778,1612
25.920000,917,1612
25.925000,948,1603
25.929999,755,1611
25.935000,838,1610
25.939999,985,1605
25.945000,817,1608
25.949999,813,1609
25.955000,974,1607
25.960000,927,1607
25.965000,765,1608
25.970000,930,1598
25.975000,959,1605
25.979999,762,1603
25.985000,811,1608
25.990001,982,1609
25.995000,818,1608
26.000000,816,1607
26.005001,981,1608
26.010000,933,1611
26.015000,773,1609
26.019999,914,1616
26.025000,945,1612
26.030000,774,1614
26.035001,814,1619
26.040000,981,1624
26.044999,822,1619
26.049999,815,1621
26.054999,980,1618
26.060000,916,1622
26.065000,778,1620
26.070001,913,1621
26.075000,956,1620
26.080000,757,1617
26.085000,824,1617
26.089999,984,1616
26.095000,821,1616
26.099999,810,1617
26.105000,972,1618
26.109999,940,1614
26.115001,773,1613
26.120000,918,1614
26.124999,942,1614
26.130000,769,1615
26.135000,814,1614
26.140001,985,1614
26.144999,832,1614
26.150000,811,1618
26.155000,976,1620
26.160000,941,1619
26.165000,770,1621
26.169999,924,1621
26.174999,936,1623
26.180000,767,1622
26.185001,815,1620
26.190001,968,1622
26.195000,833,1622
26.200000,813,1620
26.204999,990,1620
26.209999,918,1623
26.215000,784,1620
26.220000,923,1621
26.225000,954,1614
26.230000,757,1620
26.234999,830,1619
26.240000,982,1620
26.245000,821,1621
26.249999,792,1622
26.254999,995,1620
26.260000,926,1621
26.265000,762,1618
26.270000,920,1621
26.275000,943,1624
26.280001,753,1621
26.284999,836,1619
26.289999,975,1619
26.295000,819,1623
26.300001,811,1615
26.304999,976,1621
26.310000,921,1620
26.315000,765,1616
26.319999,922,1616
26.325000,945,1613
26.329999,771,1613
26.335000,824,1611
26.339999,967,1614
26.345000,836,1607
26.350000,797,1609
26.355000,986,1601
26.359999,930,1607
26.364999,762,1609
26.369999,923,1605
26.375000,940,1606
26.380000,776,1600
26.385000,822,1608
26.390001,965,1608
26.395000,831,1605
26.400000,803,1598
26.404999,987,1607
26.410000,922,1609
26.415000,781,1607
26.419999,916,1606
26.424999,943,1610
26.430000,757,1608
26.435000,820,1613
26.440000,965,1612
26.445001,841,1610
26.450000,793,1613
26.455000,979,1610
26.460000,928,1601
26.465000,782,1609
26.469999,927,1607
26.474999,942,1612
26.480000,767,1612
26.485000,810,1611
26.490001,982,1611
26.495001,828,1604
26.500000,803,1608
26.505000,974,1610
26.509999,937,1609
26.515000,773,1609
26.520000,902,1613
26.525000,959,1609
26.529999,758,1610
26.535000,817,1608
26.540000,984,1602
26.545001,841,1609
26.550000,792,1610
26.555001,986,1611
26.560000,930,1607
26.565000,784,1606
26.570000,914,1609
26.574999,947,1609
26.580001,752,1608
26.585000,825,1608
26.589999,975,1608
26.595000,826,1609
26.600000,797,1606
26.604999,992,1604
26.609999,925,1603
26.615000,764,1601
26.619999,920,1601
26.625000,955,1595
26.630001,760,1601
26.635000,817,1596
26.640000,985,1600
26.644999,840,1594
26.650000,800,1599
26.654999,974,1600
26.660001,940,1600
26.664999,762,1601
26.670001,923,1600
26.675000,946,1596
26.680000,760,1595
26.685000,817,1599
26.690000,970,1597
26.695001,847,1598
26.700000,798,1595
26.705000,994,1595
26.710000,925,1595
26.714999,760,1596
26.720000,918,1594
26.724999,946,1597
26.730000,775,1593
26.734999,814,1596
26.740001,987,1595
26.745000,828,1595
26.749999,804,1597
26.754999,984,1597
26.760000,918,1601
26.765000,774,1599
26.770001,901,1602
26.775000,953,1604
26.779999,755,1605
26.785000,831,1603
26.790000,982,1604
26.794999,829,1607
26.800000,803,1606
26.805000,978,1606
26.810000,924,1609
26.815000,778,1605
26.820001,917,1610
26.825001,944,1607
26.829999,755,1610
26.834999,827,1610
26.840001,970,1611
26.845000,845,1608
26.849999,799,1609
26.855000,982,1603
26.860000,940,1604
26.865000,765,1609
26.870000,901,1612
26.874999,959,1609
26.880000,767,1610
26.885000,835,1610
26.889999,982,1614
26.894999,834,1606
26.900001,803,1613
26.905001,972,1615
26.909999,939,1616
26.915000,781,1616
26.919999,912,1616
26.924999,942,1620
26.929999,774,1616
26.935000,817,1617
26.940000,970,1618
26.945000,832,1621
26.950000,815,1614
26.954999,979,1618
26.959999,924,1614
26.965000,764,1617
26.970001,917,1618
26.975000,944,1616
26.980000,763,1607
26.984999,823,1615
26.990000,977,1614
26.994999,837,1611
27.000000,800,1615
27.005000,972,1616
27.009999,919,1618
27.015001,764,1619
27.020000,916,1614
27.025000,948,1617
27.030001,758,1617
27.034999,814,1616
27.039999,991,1615
27.045001,850,1612
27.050001,796,1614
27.054999,972,1616
27.060000,939,1613
27.064999,770,1613
27.070001,896,1612
27.075001,958,1611
27.079999,754,1611
27.084999,830,1605
27.090001,979,1609
27.095000,836,1601
27.100001,802,1605
27.104999,970,1603
27.109999,940,1601
27.115000,758,1602
27.119999,910,1602
27.125001,952,1600
27.130000,752,1603
27.134999,824,1600
27.140001,971,1600
27.145000,831,1602
27.150000,804,1601
27.155000,974,1598
27.160000,935,1596
27.165000,765,1597
27.170000,889,1599
27.175000,962,1597
27.179999,753,1599
27.185000,817,1595
27.189999,974,1588
27.195000,843,1596
27.199999,791,1594
27.205000,967,1598
27.210000,943,1592
27.214999,768,1594
27.220000,899,1594
27.224999,961,1592
27.230000,773,1593
27.234999,815,1594
27.240000,972,1596
27.244999,833,1597
27.249999,787,1598
27.254999,987,1596
27.260000,928,1598
27.265000,771,1598
27.269999,891,1602
27.275001,961,1601
27.280000,765,1599
27.285000,807,1604
27.290000,973,1604
27.294999,846,1603
27.300000,789,1606
27.305000,989,1603
27.310001,932,1601
27.315001,764,1602
27.320000,892,1607
27.324999,962,1605
27.330000,774,1605
27.335000,827,1608
27.339999,983,1610
27.345001,842,1611
27.350001,787,1612
27.355000,988,1613
27.359999,929,1610
27.365001,758,1615
27.370000,911,1612
27.374999,952,1612
27.379999,764,1614
27.385000,826,1611
27.390000,986,1618
27.394999,842,1615
27.400001,812,1616
27.405001,985,1616
27.409999,935,1618
27.414999,765,1618
27.420000,891,1615
27.425000,943,1620
27.429999,774,1618
27.435001,824,1616
27.440000,978,1620
27.445001,863,1619
27.450000,799,1620
27.454999,979,1622
27.459999,931,1625
27.465001,765,1622
27.470000,890,1626
27.474999,964,1621
27.480001,774,1622
27.485001,811,1627
27.490000,982,1621
27.495000,867,1618
27.499999,805,1619
27.504999,973,1621
27.510000,938,1618
27.515000,769,1615
27.519999,896,1617
27.525000,945,1616
27.530000,778,1613
27.535001,829,1613
27.540000,982,1613
27.544999,837,1616
27.549999,793,1612
27.554999,970,1611
27.560001,944,1609
27.565000,770,1609
27.570000,894,1608
27.574999,944,1611
27.580000,774,1606
27.585001,820,1608
27.589999,973,1610
27.595000,842,1608
27.600000,798,1608
27.605000,968,1603
27.610000,932,1604
27.615000,761,1605
27.620001,891,1603
27.624999,942,1606
27.630000,759,1604
27.635000,827,1601
27.640000,973,1606
27.644999,841,1602
27.650001,800,1600
27.655000,969,1601
27.660001,943,1601
27.665001,768,1598
27.670000,894,1601
27.675000,949,1598
27.680000,760,1598
27.685001,809,1600
27.690000,969,1598
27.695001,851,1597
27.700000,807,1592
27.704999,972,1596
27.709999,937,1594
27.715001,762,1595
27.720000,905,1596
27.725001,946,1596
27.729999,758,1598
27.735000,825,1592
27.740000,976,1598
27.744999,847,1600
27.750000,783,1601
27.755000,977,1602
27.760000,937,1604
27.765000,755,1605
27.769999,894,1599
27.775000,947,1608
27.780001,778,1608
27.784999,815,1609
27.789999,969,1613
27.795000,858,1612
27.800000,797,1606
27.805000,972,1619
27.810000,918,1618
27.815000,765,1615
27.820000,882,1615
27.824999,959,1621
27.830001,760,1620
27.835000,811,1622
27.840000,995,1621
27.845000,858,1621
27.849999,793,1621
27.855000,981,1615
27.859999,934,1622
27.865001,765,1619
27.870001,904,1620
27.875001,956,1620
27.880000,765,1622
27.884999,826,1620
27.889999,974,1623
27.894999,870,1621
27.900000,787,1625
27.904999,987,1621
27.910000,925,1623
27.915000,771,1624
27.919999,898,1620
27.925000,961,1626
27.930000,770,1624
27.935000,816,1618
27.939999,980,1623
27.945000,849,1624
27.950000,794,1623
27.954999,967,1626
27.959999,938,1625
27.965000,760,1627
27.970000,897,1627
27.974999,947,1632
27.980000,772,1626
27.985000,828,1626
27.990000,990,1632
27.995000,864,1634
27.999999,796,1633
28.004999,968,1638
28.010000,942,1636
28.015000,760,1634
28.020000,902,1635
28.025000,962,1635
28.029999,766,1640
28.035000,834,1637
28.040000,987,1638
28.045001,860,1637
28.050000,788,1639
28.055000,984,1638
28.060000,936,1635
28.065000,766,1643
28.070000,907,1635
28.074999,962,1636
28.080000,764,1636
28.085000,829,1634
28.090000,983,1635
28.094999,876,1632
28.099999,800,1633
28.104999,973,1633
28.110000,946,1630
28.115000,764,1632
28.119999,878,1633
28.125000,967,1630
28.129999,779,1630
28.135000,818,1632
28.140000,981,1631
28.145000,859,1632
28.150000,808,1625
28.155000,982,1628
28.160000,936,1627
28.165001,755,1629
28.170001,885,1627
28.175001,955,1623
28.179999,782,1621
28.185000,827,1620
28.190000,983,1619
28.195001,854,1619
28.200000,805,1614
28.205000,973,1611
28.209999,929,1608
28.215000,770,1603
28.220000,883,1603
28.224999,953,1601
28.229999,764,1600
28.234999,822,1592
28.240001,992,1597
28.244999,857,1596
28.250000,795,1592
28.255000,969,1592
28.259999,937,1585
28.265001,769,1586
28.269999,880,1586
28.275000,945,1584
28.280001,770,1582
28.285000,804,1584
28.290000,990,1582
28.295000,859,1580
28.300001,777,1583
28.305000,982,1582
28.310000,928,1578
28.315000,772,1578
28.320000,880,1579
28.324999,946,1582
28.330000,757,1583
28.335001,803,1581
28.340000,994,1578
28.345001,863,1579
28.350000,801,1579
28.355000,958,1581
28.359999,916,1584
28.365000,759,1582
28.370000,873,1581
28.374999,944,1585
28.379999,778,1585
28.385000,805,1581
28.390001,982,1584
28.394999,863,1580
28.400000,791,1585
28.404999,963,1586
28.410001,939,1585
28.415000,758,1587
28.420001,868,1585
28.425001,963,1587
28.430000,760,1593
28.435000,813,1587
28.440000,995,1585
28.445000,871,1588
28.449999,778,1591
28.455000,974,1589
28.460000,927,1590
28.464999,761,1591
28.470001,891,1589
28.474999,957,1593
28.480000,768,1594
28.485000,803,1597
28.490001,989,1595
28.495001,865,1599
28.500000,782,1599
28.505000,986,1598
28.510001,933,1603
28.515000,751,1605
28.520000,886,1605
28.525000,956,1608
28.530000,788,1610
28.534999,812,1609
28.539999,974,1610
28.545001,875,1609
28.550001,782,1613
28.554999,962,1615
28.560000,948,1612
28.565001,762,1613
28.570000,883,1609
28.575000,957,1616
28.580000,766,1615
28.585000,817,1613
28.590000,983,1614
28.595000,864,1619
28.600000,797,1613
28.605000,962,1619
28.610000,942,1606
28.615000,774,1619
28.619999,874,1617
28.625001,957,1610
28.630000,786,1618
28.635000,816,1620
28.640000,991,1617
28.645000,878,1619
28.650000,784,1622
28.654999,981,1616
28.660000,933,1622
28.665000,755,1621
28.669999,882,1614
28.674999,958,1620
28.679999,769,1622
28.685000,811,1620
28.690000,999,1618
28.695000,873,1620
28.699999,793,1614
28.705000,976,1616
28.710000,933,1619
28.715000,752,1620
28.720001,874,1617
28.724999,951,1616
28.730000,782,1616
28.735000,810,1615
28.740000,997,1613
28.745000,873,1615
28.750000,790,1615
28.755001,963,1609
28.760000,934,1614
28.765000,756,1615
28.770000,877,1614
28.775000,955,1617
28.779999,765,1615
28.785000,828,1613
28.790001,977,1612
28.794999,880,1614
28.800000,788,1609
28.804999,961,1608
28.810001,944,1608
28.814999,761,1607
28.820000,860,1606
28.824999,956,1607
28.830000,765,1603
28.835000,825,1600
28.840000,978,1601
28.845000,879,1601
28.849999,783,1600
28.855000,969,1592
28.859999,937,1598
28.865000,762,1597
28.869999,879,1598
28.875000,952,1597
28.880000,776,1594
28.885001,817,1594
28.890000,984,1595
28.895000,877,1598
28.900000,779,1595
28.905001,973,1597
28.909999,928,1595
28.914999,753,1598
28.920000,879,1597
28.925001,961,1595
28.930000,765,1601
28.935001,819,1590
28.940000,977,1597
28.945000,867,1597
28.950000,794,1595
28.954999,969,1597
28.959999,926,1596
28.965001,754,1595
28.970000,873,1591
28.975000,968,1594
28.980000,772,1597
28.985000,811,1587
28.990001,983,1596
28.994999,872,1591
29.000000,797,1596
29.005000,958,1599
29.010000,920,1601
29.015001,767,1599
29.019999,857,1601
29.025000,953,1603
29.030000,767,1604
29.035001,817,1600
29.040001,974,1605
29.045001,885,1602
29.050000,778,1606
29.055000,978,1598
29.060000,937,1601
29.065000,750,1606
29.070000,878,1602
29.075000,966,1602
29.080000,774,1603
29.085000,808,1601
29.089999,973,1607
29.095001,890,1601
29.100000,789,1601
29.105001,964,1598
29.109999,926,1600
29.115000,747,1603
29.119999,864,1591
29.125000,966,1600
29.130000,764,1604
29.134999,821,1603
29.140001,984,1603
29.145000,873,1606
29.150001,774,1608
29.154999,953,1612
29.160000,947,1611
29.165001,761,1612
29.170000,860,1613
29.175000,952,1618
29.179999,768,1619
29.185000,813,1616
29.190000,979,1621
29.195001,889,1613
29.200000,784,1620
29.205000,959,1620
29.210000,924,1627
29.214999,771,1622
29.220001,863,1624
29.225001,954,1625
29.230000,769,1629
29.234999,825,1630
29.240001,983,1625
29.245000,885,1623
29.249999,793,1628
29.254999,959,1632
29.260000,949,1627
29.265000,756,1631
29.270000,867,1623
29.275001,974,1629
29.280001,779,1630
29.285000,805,1634
29.290001,973,1634
29.295000,890,1632
29.300000,781,1633
29.305000,976,1634
29.310000,943,1632
29.314999,760,1634
29.320000,857,1634
29.324999,950,1636
29.330000,783,1635
29.335000,807,1638
29.340000,991,1634
29.345000,882,1633
29.350000,778,1632
29.355000,952,1634
29.359999,945,1633
29.365001,756,1632
29.370001,851,1637
29.374999,975,1633
29.380000,772,1633
29.384999,826,1629
29.390001,997,1630
29.394999,886,1633
29.400001,781,1630
29.405000,954,1634
29.410000,947,1631
29.415001,759,1629
29.419999,850,1630
29.424999,957,1626
29.429999,792,1627
29.435001,810,1627
29.440000,976,1625
29.445000,879,1628
29.450001,793,1621
29.455001,959,1619
29.460000,929,1622
29.464999,768,1615
29.470001,874,1611
29.475000,961,1613
29.480000,777,1614
29.484999,803,1613
29.490001,995,1612
29.495000,889,1611
29.500000,779,1611
29.505001,959,1603
29.509999,942,1609
29.515000,760,1611
29.520000,848,1611
29.525001,956,1609
29.530000,773,1611
29.535000,820,1607
29.540000,986,1612
29.545000,878,1613
29.550001,787,1613
29.555000,958,1610
29.560000,928,1610
29.564999,767,1608
29.570000,849,1608
29.575000,966,1606
29.580000,773,1607
29.585000,815,1606
29.589999,973,1605
29.595000,888,1605
29.600001,776,1604
29.605000,957,1594
29.610000,929,1602
29.615000,771,1600
29.620001,864,1603
29.625000,970,1599
29.630001,784,1600
29.635000,808,1601
29.640000,974,1603
29.644999,902,1603
29.650000,776,1606
29.655001,958,1596
29.659999,943,1606
29.664999,758,1604
29.670000,869,1600
29.675000,971,1609
29.680000,787,1606
29.684999,811,1606
29.689999,975,1608
29.695001,899,1608
29.700000,778,1610
29.705000,947,1614
29.710000,939,1611
29.715000,757,1613
29.720001,850,1614
29.725000,960,1612
29.730001,793,1616
29.735000,806,1614
29.740001,972,1618
29.745000,910,1613
29.750000,779,1618
29.755000,948,1618
29.759999,927,1620
29.765001,770,1620
29.770000,848,1620
29.775000,953,1622
29.780001,784,1613
29.785000,823,1617
29.790001,991,1616
29.795000,896,1616
29.800000,779,1610
29.805000,969,1611
29.810000,930,1613
29.815000,761,1613
29.820001,857,1612
29.825000,962,1609
29.830000,782,1612
29.835000,798,1612
29.839999,987,1611
29.845000,888,1606
29.849999,785,1609
29.855000,949,1609
29.860000,927,1611
29.865000,746,1611
29.869999,852,1609
29.875000,958,1610
29.880001,800,1609
29.884999,796,1617
29.890000,991,1612
29.895000,892,1610
29.900000,769,1611
29.905000,953,1610
29.910001,931,1608
29.915000,748,1614
29.920000,847,1612
29.925001,955,1611
29.929999,791,1611
29.935000,809,1611
29.940000,972,1614
29.945000,905,1613
29.950000,776,1608
29.955000,942,1613
29.960001,939,1608
29.965000,746,1613
29.970000,858,1610
29.974999,963,1610
29.980000,779,1611
29.984999,799,1613
29.990000,994,1610
29.995001,904,1612
29.999999,779,1612
30.004999,939,1614
30.010000,943,1610
30.015000,758,1611
30.019999,838,1612
30.025001,969,1607
30.030000,787,1608
30.035000,799,1610
30.040000,973,1607
30.045000,903,1599
30.050000,771,1601
30.054999,956,1604
30.060001,930,1606
30.065000,750,1602
30.070001,843,1604
30.075000,958,1603
30.079999,790,1598
30.084999,819,1604
30.090000,977,1606
30.095000,889,1609
30.099999,788,1611
30.105000,947,1611
30.110000,927,1615
30.115000,758,1613
30.120000,836,1614
30.125000,954,1617
30.130000,803,1615
30.134999,815,1615
30.140000,987,1616
30.144999,899,1618
30.150000,769,1620
30.155000,960,1612
30.160000,938,1617
30.165000,751,1619
30.169999,834,1618
30.175000,976,1617
30.179999,790,1619
30.185000,812,1611
30.189999,986,1616
30.195000,901,1612
30.200000,763,1620
30.204999,947,1606
30.210000,945,1610
30.214999,754,1612
30.220000,829,1606
30.225000,967,1606
30.230000,780,1610
30.234999,820,1605
30.240000,982,1603
30.245000,900,1602
30.249999,769,1605
30.255000,960,1603
30.259999,929,1603
30.265000,744,1602
30.270000,849,1602
30.275001,970,1603
30.280000,786,1602
30.285001,793,1605
30.289999,989,1607
30.295000,898,1600
30.300001,770,1605
30.304999,936,1604
30.310000,950,1598
30.315000,762,1590
30.320000,844,1597
30.325001,961,1596
30.330000,780,1597
30.335000,816,1593
30.339999,980,1594
30.345000,897,1590
30.350000,764,1589
30.355000,956,1586
30.359999,932,1586
30.365001,753,1582
30.370000,841,1574
30.375000,969,1581
30.380001,791,1577
30.385000,800,1578
30.390000,970,1577
30.394999,922,1572
30.400000,778,1576
30.405000,933,1573
30.410001,928,1572
30.414999,743,1573
30.420001,843,1570
30.425000,967,1570
30.430000,790,1568
30.435000,798,1569
30.440001,970,1569
30.445000,898,1572
30.449999,779,1569
30.455001,937,1567
30.460001,924,1569
30.464999,741,1570
30.470001,846,1565
30.475000,965,1570
30.480000,790,1570
30.485000,792,1571
30.490000,983,1566
30.494999,911,1568
30.500000,767,1571
30.505001,933,1568
30.509999,926,1573
30.515001,761,1571
30.520000,826,1569
30.525000,954,1572
30.530000,798,1573
30.535000,792,1574
30.540000,985,1573
30.545000,909,1573
30.550000,764,1576
30.555000,936,1578
30.560000,943,1578
30.565001,751,1579
30.570000,842,1581
30.574999,966,1582
30.580001,785,1583
30.585000,807,1585
30.590000,966,1588
30.595000,909,1579
30.600000,777,1590
30.605000,934,1589
30.610000,946,1594
30.615000,756,1594
30.620000,817,1599
30.625000,979,1597
30.630000,792,1600
30.634999,811,1599
30.640000,990,1602
30.645000,909,1605
30.650000,764,1608
30.655000,948,1609
30.660000,940,1611
30.665000,744,1618
30.670000,834,1612
30.675001,958,1617
30.680000,807,1616
30.685001,802,1618
30.690000,989,1619
30.695000,909,1623
30.699999,786,1625
30.705000,937,1622
30.710001,945,1627
30.714999,762,1627
30.720000,834,1622
30.725000,966,1627
30.730000,797,1622
30.734999,801,1631
30.740000,977,1627
30.745000,918,1631
30.749999,778,1630
30.754999,942,1626
30.760000,943,1634
30.765000,755,1634
30.770000,837,1634
30.775000,968,1634
30.780000,797,1638
30.785000,819,1632
30.789999,981,1637
30.795000,912,1631
30.800000,776,1634
30.804999,929,1634
30.810001,949,1637
30.815000,758,1634
30.820000,818,1636
30.824999,974,1632
30.830000,818,1637
30.835001,807,1632
30.839999,997,1629
30.845000,926,1632
30.850000,762,1633
30.855000,947,1630
30.860000,951,1631
30.865000,755,1629
30.870000,814,1632
30.874999,982,1630
30.879999,802,1625
30.884999,798,1632
30.890001,973,1631
30.895000,922,1632
30.900001,767,1633
30.905000,943,1631
30.910000,941,1629
30.915001,760,1629
30.919999,816,1630
30.925000,977,1630
30.929999,802,1628
30.935000,815,1624
30.939999,972,1629
30.945001,924,1620
30.950000,780,1616
30.954999,930,1619
30.959999,947,1617
30.965000,763,1615
30.970001,819,1613
30.975000,959,1615
30.980001,816,1611
30.985000,799,1611
30.990001,988,1610
30.995000,916,1606
30.999999,779,1604
31.004999,938,1601
31.010001,943,1606
31.015000,752,1601
31.020000,811,1602
31.025001,979,1600
31.030000,808,1599
31.035000,795,1601
31.040000,988,1595
31.045000,918,1598
31.050000,762,1596
31.054999,946,1592
31.060000,946,1595
31.065000,746,1595
31.070000,831,1594
31.074999,958,1592
31.080000,818,1589
31.085001,801,1589
31.090001,970,1590
31.095000,928,1585
31.100001,767,1587
31.105000,920,1588
31.109999,933,1585
31.115001,747,1585
31.120000,831,1585
31.124999,968,1586
31.130000,801,1585
31.135000,812,1587
31.140000,972,1586
31.145000,928,1581
31.150001,770,1587
31.155000,933,1585
31.159999,944,1590
31.164999,751,1591
31.170000,809,1596
31.175000,973,1590
31.180000,805,1591
31.185000,799,1595
31.190000,974,1592
31.195000,929,1584
31.199999,771,1594
31.205000,923,1596
31.210000,928,1595
31.214999,765,1594
31.220001,811,1596
31.225000,967,1590
31.230000,816,1590
31.235001,811,1597
31.240001,975,1598
31.245000,934,1596
31.249999,767,1600
31.254999,915,1605
31.260000,943,1603
31.265000,751,1604
31.269999,813,1610
31.275001,963,1606
31.280000,815,1612
31.285001,814,1610
31.290000,985,1613
31.295000,918,1614
31.300000,764,1617
31.305000,942,1614
31.310001,935,1617
31.315000,751,1615
31.320000,831,1617
31.325000,965,1616
31.329999,829,1615
31.334999,809,1615
31.340001,979,1611
31.345000,933,1619
31.350001,770,1618
31.355000,922,1618
31.359999,948,1618
31.365001,753,1622
31.370000,838,1622
31.375000,969,1622
31.380001,826,1628
31.384999,804,1626
31.390000,981,1628
31.394999,939,1630
31.400000,775,1631
31.405000,917,1634
31.410000,949,1632
31.415000,757,1632
31.420000,815,1635
31.425000,990,1634
31.430000,812,1631
31.435000,799,1634
31.439999,994,1632
31.445000,923,1631
31.450000,783,1632
31.455000,917,1634
31.460001,948,1632
31.465000,753,1632
31.470000,832,1629
31.474999,972,1633
31.480001,811,1635
31.484999,812,1629
31.490001,981,1630
31.495001,940,1631
31.500000,775,1632
31.505000,920,1634
31.510000,961,1631
31.515000,774,1635
31.520000,818,1637
31.524999,989,1631
31.530000,818,1631
31.535000,801,1630
31.540000,998,1630
31.544999,929,1628
31.550000,766,1628
31.554999,940,1629
31.560000,943,1627
31.565000,756,1625
31.570000,817,1628
31.575000,967,1625
31.580000,812,1625
31.585000,824,1622
31.590000,991,1622
31.595000,922,1623
31.600000,780,1621
31.605000,921,1621
31.609999,950,1617
31.615000,753,1619
31.619999,831,1616
31.625000,964,1620
31.630000,828,1614
31.635000,810,1613
31.640000,985,1612
31.645000,932,1612
31.650001,778,1610
31.655000,919,1608
31.660001,930,1611
31.665001,770,1605
31.670000,829,1607
31.675000,967,1604
31.679999,810,1608
31.685000,810,1605
31.690001,980,1601
31.695000,923,1602
31.699999,756,1607
31.705000,922,1600
31.710000,935,1600
31.714999,763,1600
31.720000,806,1600
31.724999,976,1592
31.730001,819,1597
31.734999,796,1593
31.740001,966,1601
31.745000,930,1595
31.750001,761,1596
31.755000,907,1597
31.759999,951,1595
31.765001,756,1594
31.770000,811,1594
31.775001,978,1590
31.780001,811,1594
31.785000,806,1591
31.790000,975,1591
31.795000,912,1592
31.800000,781,1585
31.805000,920,1586
31.810000,929,1585
31.815000,759,1579
31.820001,809,1584
31.825001,985,1580
31.829999,818,1578
31.834999,809,1576
31.840000,966,1581
31.845000,936,1575
31.849999,762,1575
31.855000,910,1574
31.859999,936,1574
31.865001,748,1575
31.870000,824,1576
31.875000,961,1580
31.880000,826,1575
31.884999,804,1580
31.890001,977,1581
31.895000,916,1580
31.900000,765,1580
31.905001,912,1581
31.909999,948,1583
31.915000,759,1584
31.919999,815,1585
31.924999,981,1581
31.930000,825,1588
31.935001,791,1587
31.940000,971,1583
31.945000,928,1586
31.950001,764,1589
31.955000,907,1588
31.960000,954,1590
31.965000,759,1587
31.970000,812,1589
31.974999,968,1589
31.980001,813,1591
31.985000,808,1592
31.990000,975,1592
31.995000,934,1593
31.999999,767,1599
32.004999,911,1595
32.010000,956,1594
32.015000,756,1598
32.020000,811,1598
32.025000,967,1600
32.029999,831,1596
32.035001,802,1601
32.040000,971,1602
32.045000,914,1604
32.050000,774,1603
32.055000,916,1603
32.060000,943,1605
32.065001,753,1610
32.069999,814,1611
32.075000,973,1607
32.079999,836,1611
32.084999,798,1613
32.090001,972,1619
32.095000,934,1615
32.100000,769,1617
32.105000,914,1621
32.110000,938,1620
32.115000,775,1621
32.120000,825,1622
32.124999,969,1626
32.129999,821,1628
32.135001,808,1628
32.140000,980,1625
32.144999,932,1620
32.150000,780,1623
32.155001,922,1628
32.160000,939,1627
32.165000,752,1628
32.169999,822,1627
32.174999,992,1626
32.179999,830,1627
32.185000,798,1629
32.189999,993,1627
32.195001,929,1624
32.200000,776,1624
32.205000,910,1625
32.210000,940,1620
32.215000,772,1620
32.220000,832,1624
32.225000,970,1626
32.230000,837,1622
32.234999,794,1623
32.240001,991,1620
32.245000,922,1623
32.250000,757,1621
32.255000,916,1619
32.259999,941,1620
32.265000,757,1619
32.269999,813,1618
32.275001,990,1618
32.279999,839,1617
32.285000,801,1614
32.290001,971,1616
32.295000,933,1612
32.300000,772,1611
32.305000,905,1613
32.310000,955,1609
32.314999,752,1611
32.320001,830,1606
32.325000,969,1605
32.330000,836,1597
32.335001,805,1594
32.340000,976,1601
32.345001,919,1601
32.349999,772,1602
32.355001,901,1601
32.360000,942,1596
32.365000,762,1601
32.370000,811,1597
32.375000,981,1598
32.380001,826,1600
32.385000,810,1601
32.390001,973,1599
32.394999,916,1597
32.400000,778,1602
32.405000,905,1602
32.410000,945,1595
32.415000,759,1604
32.419999,830,1600
32.425000,969,1599
32.429999,825,1601
32.435000,791,1599
32.440000,981,1600
32.445000,919,1601
32.449999,782,1596
32.454999,915,1600
32.459999,942,1599
32.464999,754,1597
32.470000,827,1596
32.474999,974,1597
32.480001,818,1597
32.485000,798,1595
32.490000,966,1601
32.495000,931,1589
32.500000,766,1598
32.505000,899,1603
32.510000,951,1595
32.515000,763,1601
32.520001,810,1600
32.525000,984,1598
32.530000,843,1600
32.535001,802,1604
32.540000,967,1604
32.545000,934,1600
32.550000,757,1604
32.555000,918,1606
32.560000,938,1604
32.564999,767,1603
32.570000,814,1607
32.575000,964,1611
32.580000,835,1611
32.585000,810,1606
32.590000,970,1613
32.595001,933,1609
32.599999,761,1612
32.605000,922,1612
32.610000,941,1615
32.615000,775,1610
32.619999,812,1615
32.625001,985,1615
32.630001,826,1619
32.635000,789,1616
32.640000,970,1618
32.644999,931,1615
32.650000,764,1615
32.655001,900,1622
32.659999,963,1618
32.664999,759,1617
32.670001,811,1619
32.675000,965,1620
32.679999,848,1619
32.685001,794,1618
32.690000,986,1613
32.695000,930,1618
32.699999,779,1618
32.705000,896,1624
32.710000,962,1617
32.714999,762,1616
32.720000,811,1622
32.724999,991,1617
32.730000,832,1620
32.734999,807,1617
32.740000,973,1620
32.745000,937,1620
32.749999,770,1625
32.754999,904,1620
32.760000,935,1623
32.765000,766,1621
32.769999,808,1622
32.775000,987,1623
32.780000,828,1625
32.785000,800,1625
32.790000,974,1625
32.795000,918,1627
32.800000,777,1626
32.804999,905,1623
32.810001,944,1627
32.815000,777,1624
32.820001,814,1626
32.825000,968,1627
32.830000,851,1626
32.835000,807,1625
32.840000,977,1625
32.845000,924,1625
32.850000,769,1625
32.855000,896,1627
32.860000,957,1622
32.865001,759,1624
32.870000,812,1618
32.875000,983,1620
32.880000,831,1622
32.884999,795,1617
32.890000,985,1620
32.895000,919,1620
32.900000,776,1617
32.905000,915,1616
32.910000,954,1617
32.915000,756,1618
32.920000,806,1617
32.925000,976,1615
32.930001,845,1614
32.935000,798,1614
32.940000,967,1616
32.945000,940,1614
32.950000,765,1613
32.955001,899,1613
32.960001,943,1614
32.965000,775,1616
32.970000,817,1616
32.975001,967,1620
32.980000,835,1613
32.985000,804,1616
32.990001,972,1615
32.995001,941,1614
33.000000,761,1616
33.005000,908,1610
33.010000,944,1616
33.015000,766,1610
33.019999,817,1607
33.024999,977,1614
33.029999,837,1613
33.035000,786,1613
33.040000,989,1610
33.045000,928,1608
33.050000,773,1607
33.055000,906,1606
33.060000,954,1607
33.064999,764,1603
33.070000,804,1610
33.074999,983,1605
33.080001,836,1601
33.085000,786,1602
33.090000,985,1601
33.095000,925,1597
33.100000,753,1599
33.105001,908,1597
33.110000,949,1601
33.115000,770,1595
33.120000,811,1599
33.124999,975,1596
33.129999,837,1595
33.135000,808,1596
33.140000,969,1596
33.144999,914,1603
33.150001,768,1594
33.154999,894,1597
33.160000,962,1600
33.165001,756,1596
33.169999,821,1594
33.175000,975,1594
33.179999,832,1598
33.185000,807,1598
33.189999,970,1601
33.195001,942,1596
33.200000,762,1599
33.204999,891,1600
33.209999,936,1597
33.215000,770,1596
33.220001,815,1596
33.225000,966,1600
33.230001,853,1600
33.235001,791,1598
33.239999,966,1601
33.244999,943,1597
33.250000,770,1600
33.255000,887,1605
33.259999,954,1606
33.265000,764,1598
33.270001,821,1608
33.275000,979,1611
33.280000,842,1612
33.285001,796,1605
33.290001,984,1614
33.294999,928,1615
33.299999,778,1613
33.304999,899,1615
33.310000,940,1622
33.315000,755,1623
33.320000,827,1617
33.324999,982,1616
33.330000,835,1624
33.335001,786,1621
33.340000,985,1619
33.345001,933,1617
33.349999,761,1620
33.354999,912,1616
33.359999,954,1619
33.365001,761,1621
33.370000,831,1616
33.375000,984,1618
33.380000,843,1619
33.385000,792,1622
33.390000,984,1620
33.395000,940,1619
33.400001,766,1621
33.405000,892,1619
33.410000,942,1621
33.415001,778,1621
33.420000,817,1624
33.425000,971,1622
33.430000,859,1620
33.435000,799,1621
33.440000,972,1622
33.445000,922,1620
33.450000,777,1620
33.454999,901,1619
33.460000,949,1620
33.464999,754,1621
33.470000,822,1618
33.474999,980,1614
33.480001,840,1621
33.485001,786,1613
33.489999,984,1608
33.494999,935,1617
33.499999,761,1616
33.505000,884,1618
33.509999,961,1616
33.515001,762,1614
33.519999,828,1614
33.525001,978,1615
33.530001,841,1618
33.534999,804,1610
33.540000,981,1611
33.545000,925,1611
33.549999,772,1606
33.554999,900,1610
33.559999,948,1611
33.565000,767,1608
33.570001,816,1609
33.575000,971,1609
33.580000,863,1606
33.585000,784,1610
33.590000,991,1603
33.595000,925,1603
33.600000,756,1604
33.605001,902,1600
33.610000,945,1603
33.615000,773,1598
33.619999,821,1598
33.625000,983,1598
33.630000,841,1597
33.635000,783,1594
33.640001,985,1589
33.645000,939,1591
33.650000,758,1590
33.655000,897,1587
33.660000,954,1585
33.665001,758,1584
33.670000,810,1586
33.675000,991,1578
33.679999,850,1577
33.685000,782,1581
33.690001,980,1577
33.694999,925,1576
33.699999,770,1571
33.705000,894,1572
33.710000,949,1572
33.715000,757,1572
33.720001,801,1571
33.725000,987,1570
33.730001,846,1574
33.734999,788,1565
33.740000,972,1574
33.745000,920,1573
33.749999,772,1574
33.755000,877,1577
33.760000,956,1581
33.765000,760,1580
33.769999,810,1582
33.775000,970,1582
33.779999,844,1586
33.785000,778,1590
33.790000,980,1590
33.794999,927,1590
33.800000,755,1587
33.804999,885,1592
33.810000,946,1594
33.815000,759,1589
33.820000,813,1588
33.824999,981,1593
33.830000,841,1599
33.835000,799,1595
33.840000,965,1600
33.845000,920,1600
33.850001,776,1596
33.855000,890,1594
33.860000,962,1602
33.865000,758,1602
33.869999,802,1606
33.875000,985,1606
33.880001,845,1606
33.884999,804,1607
33.890000,973,1606
33.895000,918,1611
33.900000,749,1614
33.904999,892,1612
33.910000,954,1611
33.915000,766,1614
33.920000,810,1614
33.925000,971,1615
33.930000,865,1610
33.935000,796,1617
33.940000,967,1619
33.945000,920,1618
33.949999,769,1617
33.955001,880,1622
33.960001,966,1618
33.965000,766,1618
33.970000,806,1622
33.974999,989,1622
33.980000,859,1623
33.984999,792,1625
33.990001,970,1621
33.995000,928,1624
34.000000,772,1625
34.005001,882,1631
34.010000,969,1626
34.015000,775,1625
34.020000,809,1626
34.025001,984,1625
34.030001,852,1626
34.035000,805,1626
34.040001,974,1624
34.045000,926,1626
34.050000,778,1622
34.055001,891,1622
34.060001,955,1622
34.065000,772,1621
34.070001,807,1624
34.075000,992,1618
34.080000,868,1620
34.085000,789,1621
34.090000,981,1614
34.094999,932,1616
34.099999,764,1616
34.105000,887,1612
34.109999,955,1612
34.115001,768,1613
34.119999,809,1615
34.125001,991,1608
34.130001,864,1613
34.134999,786,1613
34.140001,970,1616
34.145000,925,1614
34.150000,777,1611
34.154999,889,1611
34.160000,948,1614
34.165000,778,1610
34.170000,824,1611
34.175000,977,1610
34.180000,874,1611
34.184999,787,1611
34.189999,961,1612
34.194999,941,1607
34.199999,766,1607
34.205001,877,1609
34.210000,957,1599
34.215000,784,1606
34.220000,819,1601
34.225000,979,1605
34.230000,855,1608
34.235001,795,1600
34.240000,981,1600
34.245000,928,1602
34.249999,754,1602
34.255000,891,1601
34.260000,959,1606
34.265000,756,1603
34.269999,823,1603
34.275000,984,1604
34.280000,849,1608
34.285000,794,1605
34.290000,965,1603
34.295000,921,1606
34.300000,767,1605
34.305000,865,1604
34.310000,958,1604
34.315000,774,1602
34.320000,810,1602
34.325000,978,1600
34.330000,866,1597
34.335001,775,1601
34.340001,972,1594
34.345000,925,1594
34.350000,757,1587
34.355000,889,1591
34.360000,953,1596
34.365000,780,1591
34.370000,806,1593
34.375000,970,1595
34.380001,870,1596
34.384999,791,1595
34.390000,960,1597
34.394999,925,1596
34.400000,764,1596
34.405000,875,1590
34.410000,959,1595
34.415000,766,1597
34.420000,798,1600
34.425001,984,1595
34.430000,856,1598
34.435001,797,1597
34.440001,966,1595
34.445000,921,1599
34.450001,769,1593
34.454999,880,1600
34.460000,956,1600
34.464999,759,1601
34.470000,825,1600
34.474999,981,1595
34.480000,866,1601
34.485000,783,1601
34.490000,982,1600
34.495000,936,1605
34.500000,759,1604
34.505000,864,1609
34.510000,969,1603
34.515000,769,1607
34.519999,816,1603
34.525000,980,1606
34.530000,862,1608
34.535001,799,1603
34.540000,957,1608
34.545000,937,1609
34.550000,750,1609
34.554999,863,1613
34.560000,960,1607
34.565000,771,1613
34.570000,809,1612
34.575000,983,1603
34.579999,878,1613
34.584999,789,1616
34.590001,970,1618
34.595000,926,1619
34.600000,759,1620
34.605001,884,1618
34.610001,956,1622
34.614999,765,1626
34.620000,831,1622
34.624999,994,1623
34.629999,869,1623
34.635001,778,1630
34.640000,976,1627
34.644999,936,1626
34.650000,758,1626
34.654999,864,1628
34.660000,966,1625
34.665000,777,1624
34.669999,814,1628
34.675000,973,1629
34.679999,875,1626
34.685000,784,1629
34.689999,984,1623
34.695000,934,1626
34.699999,755,1626
34.705000,864,1625
34.710000,948,1628
34.715000,782,1621
34.720000,825,1624
34.724999,986,1621
34.730000,866,1623
34.735000,800,1620
34.740000,977,1620
34.745000,929,1621
34.750000,756,1624
34.755000,878,1616
34.760000,973,1619
34.765000,768,1621
34.770000,805,1624
34.775001,993,1620
34.780000,873,1620
34.785001,781,1622
34.790000,977,1618
34.794999,943,1621
34.799999,759,1620
34.805000,861,1622
34.810000,964,1618
34.815000,767,1620
34.820001,804,1621
34.825001,994,1617
34.830000,868,1620
34.835000,800,1618
34.840000,970,1616
34.845001,924,1618
34.850000,766,1613
34.855001,861,1616
34.860001,973,1611
34.864999,778,1613
34.869999,805,1615
34.875000,991,1609
34.879999,880,1611
34.885000,784,1614
34.890000,960,1613
34.894999,927,1610
34.899999,762,1614
34.905000,859,1616
34.910000,970,1608
34.915000,775,1611
34.919999,809,1611
34.924999,988,1611
34.930000,871,1612
34.935000,794,1609
34.940000,975,1609
34.945000,932,1609
34.950000,748,1607
34.954999,858,1611
34.959999,961,1606
34.965000,764,1610
34.970000,804,1610
34.974999,990,1607
34.980000,883,1605
34.984999,781,1603
34.990000,957,1607
34.995000,926,1602
34.999999,764,1600
35.004999,867,1599
35.010000,957,1600
35.015000,767,1600
35.019999,823,1596
35.025000,980,1596
35.029999,866,1600
35.035000,794,1597
35.039999,955,1598
35.045000,923,1590
35.050001,770,1598
35.055000,863,1596
35.060000,949,1600
35.064999,763,1599
35.070000,818,1595
35.075000,972,1600
35.079999,888,1596
35.084999,786,1598
35.090000,954,1592
35.095000,933,1601
35.100000,755,1599
35.105000,849,1600
35.110000,962,1598
35.115001,771,1599
35.120000,819,1596
35.125000,986,1600
35.130001,865,1605
35.134999,784,1597
35.140001,968,1592
35.144999,930,1603
35.150000,756,1606
35.155000,856,1604
35.160000,949,1607
35.165000,770,1607
35.169999,820,1608
35.174999,973,1610
35.180000,892,1612
35.185000,785,1608
35.189999,950,1613
35.195000,943,1610
35.200000,755,1610
35.205000,848,1609
35.210000,972,1609
35.214999,775,1607
35.220001,801,1610
35.225000,988,1607
35.230001,879,1610
35.235000,780,1600
35.240001,967,1607
35.245000,926,1609
35.249999,766,1609
35.255000,858,1605
35.259999,951,1607
35.265000,784,1606
35.269999,809,1609
35.275000,969,1612
35.279999,870,1607
35.285001,789,1609
35.290001,959,1607
35.295000,925,1608
35.300001,765,1603
35.305000,861,1604
35.310000,959,1605
35.315000,774,1604
35.320001,817,1600
35.325001,986,1598
35.330000,877,1601
35.335000,788,1596
35.340000,954,1596
35.345000,941,1594
35.350000,751,1595
35.355000,854,1592
35.360000,957,1592
35.365000,776,1591
35.369999,799,1596
35.375001,986,1588
35.380000,885,1592
35.385000,772,1596
35.389999,966,1591
35.395000,923,1596
35.400000,749,1596
35.404999,865,1588
35.410001,970,1591
35.415000,777,1595
35.419999,802,1595
35.425000,975,1598
35.429999,901,1592
35.435000,781,1596
35.440000,953,1594
35.445001,921,1598
35.450000,764,1598
35.454999,846,1597
35.459999,976,1592
35.465000,784,1589
35.470000,816,1592
35.474999,971,1595
35.479999,875,1596
35.484999,791,1595
35.490001,953,1595
35.495001,942,1599
35.500000,749,1597
35.505001,845,1597
35.509999,970,1602
35.515000,788,1601
35.520000,810,1601
35.525000,969,1605
35.530001,897,1604
35.535001,784,1603
35.540000,953,1605
35.545001,921,1612
35.550001,764,1603
35.555000,845,1607
35.560001,966,1606
35.565001,790,1603
35.570000,821,1601
35.574999,979,1604
35.580000,881,1605
35.585000,767,1607
35.589999,967,1602
35.595001,934,1602
35.600001,749,1603
35.605001,858,1598
35.610001,961,1602
35.615000,786,1597
35.620000,816,1604
35.624999,982,1603
35.629999,876,1611
35.635000,785,1600
35.640001,953,1606
35.644999,923,1608
35.649999,770,1606
35.654999,851,1608
35.660000,953,1611
35.665000,788,1604
35.670000,811,1612
35.675000,975,1612
35.680000,900,1611
35.685000,779,1610
35.690000,949,1610
35.695001,939,1608
35.700001,758,1607
35.705000,838,1609
35.710000,959,1607
35.714999,793,1606
35.720001,801,1608
35.725000,970,1607
35.730001,905,1604
35.735001,784,1606
35.740000,948,1604
35.745000,939,1602
35.750000,759,1602
35.755000,840,1607
35.760000,951,1606
35.765000,793,1603
35.770000,803,1608
35.775000,989,1606
35.779999,885,1608
35.785000,792,1606
35.790000,942,1609
35.794999,947,1606
35.800000,754,1603
35.804999,838,1607
35.810001,965,1606
35.815000,778,1601
35.820000,821,1605
35.825001,976,1604
35.830000,901,1601
35.834999,767,1605
35.840000,946,1601
35.845000,948,1602
35.849999,752,1605
35.855000,856,1597
35.859999,962,1601
35.864999,790,1602
35.870000,812,1602
35.875000,970,1605
35.880000,882,1606
35.884999,767,1603
35.890000,963,1600
35.895000,939,1602
35.900000,756,1606
35.905000,842,1605
35.910000,961,1597
35.915001,783,1605
35.919999,797,1610
35.925000,996,1604
35.929999,892,1606
35.935000,770,1603
35.939999,968,1599
35.945001,938,1601
35.950001,745,1602
35.955001,839,1600
35.960000,975,1597
35.965000,783,1601
35.970000,799,1599
35.974999,970,1603
35.980000,907,1600
35.985000,783,1598
35.990001,943,1604
35.995000,940,1602
36.000000,752,1604
36.005001,850,1605
36.010000,962,1605
36.015001,798,1606
36.020000,805,1606
36.025001,971,1614
36.030000,907,1607
36.035000,779,1608
36.040000,945,1608
36.045000,924,1615
36.049999,771,1611
36.054999,846,1610
36.060000,963,1611
36.065000,804,1606
36.070001,803,1610
36.075000,973,1606
36.080000,908,1606
36.085001,772,1607
36.090000,939,1608
36.095001,947,1602
36.099999,752,1598
36.105001,842,1604
36.110000,951,1602
36.115000,791,1601
36.120000,805,1605
36.125000,969,1604
36.130000,911,1603
36.135000,779,1603
36.140000,944,1605
36.145000,929,1601
36.150000,766,1605
36.155001,838,1602
36.160001,952,1606
36.165000,798,1602
36.169999,802,1605
36.174999,969,1606
36.179999,901,1603
36.185001,784,1605
36.190000,944,1605
36.195000,925,1605
36.200000,771,1599
36.204999,846,1598
36.210000,958,1600
36.215000,786,1600
36.220000,803,1595
36.225000,985,1601
36.230000,897,1602
36.235000,771,1599
36.240001,962,1598
36.245001,925,1603
36.250000,758,1601
36.255000,832,1600
36.260000,971,1603
36.265000,786,1603
36.270001,821,1601
36.275000,981,1603
36.279999,894,1604
36.285000,787,1604
36.290000,944,1601
36.295000,942,1593
36.300000,752,1602
36.305000,831,1604
36.310000,979,1601
36.315000,797,1601
36.320001,797,1604
36.325000,988,1601
36.330000,900,1601
36.335000,769,1605
36.339999,955,1602
36.345000,926,1609
36.349999,762,1606
36.355001,831,1607
36.360000,978,1607
36.365000,798,1609
36.369999,804,1610
36.375000,974,1614
36.380001,908,1612
36.385000,770,1619
36.390000,962,1615
36.394999,941,1617
36.400001,749,1621
36.405001,848,1621
36.410000,959,1622
36.415000,789,1624
36.419999,826,1622
36.424999,980,1627
36.429999,919,1623
36.435000,781,1626
36.440000,948,1624
36.445001,932,1626
36.450001,763,1626
36.455000,848,1621
36.460000,978,1624
36.465000,809,1627
36.470001,811,1625
36.475001,992,1622
36.479999,913,1627
36.484999,772,1630
36.490000,954,1628
36.494999,935,1633
36.500001,766,1630
36.505001,832,1630
36.509999,983,1631
36.515001,801,1633
36.520000,806,1632
36.525000,993,1629
36.530000,907,1633
36.535001,786,1633
36.540000,943,1633
36.544999,947,1631
36.549999,762,1631
36.555000,825,1637
36.560000,978,1630
36.565000,801,1629
36.570001,802,1628
36.575000,988,1624
36.579999,924,1624
36.584999,782,1622
36.590000,935,1619
36.595000,937,1618
36.600000,767,1617
36.605000,827,1617
36.609999,974,1614
36.615001,794,1612
36.620001,810,1604
36.625000,976,1608
36.630000,923,1605
36.635000,772,1604
36.640000,948,1603
36.645000,930,1604
36.650000,749,1600
36.654999,840,1604
36.660000,964,1602
36.665000,797,1594
36.669999,808,1602
36.675000,998,1596
36.680000,918,1598
36.685000,775,1598
36.690000,937,1588
36.695001,933,1601
36.700000,758,1592
36.705000,834,1598
36.710000,960,1599
36.715000,798,1598
36.720000,813,1595
36.724999,980,1597
36.730001,901,1595
36.735000,781,1596
36.740000,945,1598
36.745001,933,1594
36.750000,764,1595
36.754999,825,1597
36.760001,955,1595
36.765000,799,1593
36.770001,800,1592
36.775000,972,1595
36.779999,921,1593
36.785000,777,1592
36.790000,931,1594
36.794999,942,1592
36.799999,762,1589
36.805000,834,1591
36.810000,961,1589
36.815000,790,1592
36.820001,794,1594
36.825001,972,1594
36.829999,921,1594
36.835000,767,1596
36.839999,937,1590
36.845000,941,1588
36.849999,761,1595
36.855001,825,1597
36.860000,957,1594
36.864999,790,1599
36.869999,819,1597
36.875000,978,1597
36.880000,903,1599
36.885001,776,1598
36.890000,942,1597
36.895000,938,1598
36.900000,748,1603
36.905000,833,1601
36.910000,964,1600
36.915000,790,1601
36.920000,813,1601
36.925001,974,1603
36.929999,920,1601
36.935000,769,1603
36.939999,948,1605
36.945000,931,1602
36.949999,768,1602
36.955000,826,1605
36.960000,975,1599
36.964999,798,1606
36.970000,795,1612
36.975000,983,1611
36.980000,909,1612
36.985000,784,1612
36.990000,936,1616
36.994999,932,1619
37.000000,764,1613
37.005001,837,1620
37.009999,971,1621
37.015001,795,1628
37.020000,801,1624
37.025001,993,1626
37.030000,915,1629
37.035000,778,1618
37.040001,939,1628
37.044999,932,1628
37.049999,772,1631
37.055000,828,1627
37.060001,978,1619
37.065001,813,1625
37.069999,812,1626
37.074999,982,1625
37.080000,912,1622
37.085000,787,1621
37.090000,937,1617
37.095000,933,1619
37.100000,749,1617
37.105000,832,1614
37.110000,966,1616
37.115001,795,1621
37.119999,801,1611
37.125001,993,1611
37.130001,911,1613
37.135000,788,1611
37.140001,938,1612
37.144999,939,1609
37.150000,763,1608
37.154999,830,1610
37.160001,965,1610
37.165000,797,1609
37.170000,796,1608
37.174999,991,1607
37.179999,922,1607
37.185001,769,1607
37.190000,944,1599
37.195000,940,1603
37.200001,748,1606
37.205000,817,1606
37.210001,969,1603
37.215000,805,1603
37.220000,821,1605
37.225000,979,1602
37.230000,913,1606
37.234999,783,1605
37.240000,931,1603
37.245000,932,1602
37.249999,767,1601
37.254999,826,1603
37.260000,973,1601
37.265000,796,1603
37.269999,812,1601
37.275000,974,1602
37.280000,929,1598
37.285001,764,1599
37.290001,945,1595
37.294999,933,1597
37.299999,751,1595
37.304999,835,1592
37.310000,966,1596
37.314999,801,1596
37.320000,816,1596
37.324999,986,1594
37.330001,910,1598
37.335000,763,1597
37.339999,927,1597
37.345000,950,1595
37.350001,755,1596
37.354999,813,1598
37.360000,984,1590
37.365000,811,1595
37.370000,795,1595
37.375000,972,1600
37.380000,931,1597
37.385000,767,1598
37.390000,944,1598
37.394999,936,1601
37.400001,760,1592
37.405001,828,1598
37.410001,972,1600
37.415000,797,1603
37.419999,816,1602
37.424999,973,1604
37.430000,933,1606
37.435000,780,1602
37.439999,928,1602
37.444999,952,1604
37.449999,751,1609
37.455000,810,1604
37.460001,974,1602
37.464999,806,1602
37.470000,798,1604
37.474999,994,1602
37.480000,919,1602
37.485000,771,1603
37.490000,940,1603
37.495000,938,1606
37.500000,756,1605
37.505000,821,1607
37.510000,964,1608
37.515000,825,1605
37.520000,810,1610
37.525000,983,1608
37.530000,922,1607
37.535000,769,1609
37.540000,928,1603
37.545000,940,1608
37.550000,753,1609
37.555001,835,1609
37.560001,980,1608
37.565000,804,1608
37.570000,802,1610
37.574999,979,1606
37.580000,913,1607
37.585001,769,1599
37.590000,939,1599
37.595000,952,1606
37.599999,760,1604
37.605000,821,1605
37.609999,963,1608
37.615001,818,1593
37.620001,814,1605
37.625000,980,1606
37.630000,923,1609
37.635000,766,1615
37.640000,943,1612
37.645001,930,1615
37.650000,760,1604
37.654999,837,1615
37.660001,976,1621
37.665000,806,1621
37.670000,813,1616
37.675000,981,1621
37.679999,917,1623
37.685001,782,1625
37.690001,932,1624
37.695000,954,1623
37.700000,772,1626
37.704999,821,1628
37.710000,967,1629
37.714999,825,1624
37.720000,809,1627
37.724999,995,1626
37.730000,930,1624
37.734999,771,1626
37.740000,926,1628
37.745000,953,1626
37.749999,762,1626
37.754999,822,1626
37.760000,971,1623
37.765000,816,1626
37.770000,804,1627
37.775000,981,1627
37.780000,937,1622
37.785000,780,1626
37.790000,927,1626
37.794999,953,1625
37.799999,758,1629
37.804999,835,1620
37.810000,990,1625
37.815000,817,1626
37.820000,806,1626
37.825000,979,1627
37.829999,921,1626
37.834999,786,1625
37.840001,930,1625
37.845000,954,1621
37.850001,770,1621
37.855000,823,1620
37.859999,964,1623
37.865000,823,1619
37.869999,806,1616
37.875000,975,1619
37.879999,929,1615
37.885000,767,1616
37.890000,942,1614
37.895000,949,1615
37.900000,755,1618
37.905000,816,1617
37.910000,984,1617
37.915000,816,1618
37.919999,799,1617
37.925000,996,1616
37.929999,921,1618
37.934999,760,1621
37.940000,916,1621
37.945000,956,1617
37.949999,756,1621
37.955000,815,1618
37.960000,986,1617
37.964999,813,1619
37.970000,796,1620
37.975000,973,1621
37.980000,928,1613
37.985000,773,1619
37.990000,918,1619
37.994999,947,1612
38.000001,753,1621
38.005000,810,1624
38.010000,981,1623
38.015000,816,1621
38.020000,803,1623
38.025001,972,1625
38.030000,934,1624
38.035001,766,1628
38.040000,914,1628
38.044999,943,1625
38.049999,749,1625
38.054999,833,1625
38.060000,976,1624
38.064999,817,1626
38.070001,802,1625
38.075001,993,1624
38.079999,921,1623
38.084999,763,1624
38.090001,926,1627
38.095000,935,1625
38.100000,768,1614
38.105001,830,1621
38.110000,963,1625
38.115000,829,1625
38.120000,817,1624
38.125000,972,1627
38.130000,938,1627
38.134999,769,1623
38.140000,934,1622
38.144999,947,1625
38.150000,756,1623
38.155000,830,1619
38.160000,977,1622
38.165001,814,1624
38.170000,795,1625
38.175000,989,1621
38.180000,924,1619
38.185000,764,1619
38.190000,936,1617
38.195000,953,1613
38.199999,759,1614
38.205000,832,1611
38.210000,979,1611
38.214999,813,1610
38.220001,817,1608
38.224999,987,1611
38.230000,930,1609
38.234999,768,1609
38.239999,920,1607
38.244999,935,1610
38.250000,763,1607
38.255000,822,1607
38.260000,973,1607
38.265000,817,1609
38.269999,805,1609
38.275000,980,1608
38.280000,916,1610
38.285000,777,1609
38.290000,919,1610
38.294999,931,1611
38.299999,765,1609
38.305000,817,1608
38.310000,969,1609
38.314999,830,1610
38.320000,804,1606
38.325000,989,1605
38.330000,929,1606
38.335000,770,1605
38.340000,912,1609
38.345000,948,1608
38.350000,754,1604
38.355000,831,1607
38.360000,970,1607
38.364999,809,1607
38.369999,806,1608
38.375000,976,1606
38.380000,920,1604
38.384999,779,1605
38.390000,922,1604
38.394999,938,1601
38.400000,750,1601
38.404999,832,1598
38.410001,958,1603
38.415001,817,1588
38.419999,811,1599
38.425000,973,1599
38.430000,914,1599
38.435000,781,1599
38.439999,921,1599
38.445000,935,1599
38.450000,766,1597
38.454999,815,1600
38.459999,979,1597
38.465001,829,1600
38.470000,791,1601
38.475000,986,1598
38.480000,916,1601
38.484999,777,1600
38.490000,920,1599
38.495000,934,1603
38.499999,748,1602
38.504999,827,1600
38.510000,971,1597
38.514999,808,1604
38.519999,799,1600
38.525000,968,1605
38.529999,914,1603
38.535000,777,1599
38.540001,922,1596
38.544999,937,1600
38.549999,770,1597
38.555000,820,1595
38.560000,973,1596
38.564999,806,1597
38.570000,803,1598
38.575000,977,1600
38.580000,915,1602
38.585000,759,1598
38.590000,925,1600
38.595001,944,1599
38.600000,755,1601
38.605000,808,1605
38.610000,974,1602
38.615000,817,1603
38.620000,803,1597
38.624999,976,1600
38.629999,915,1603
38.635000,767,1606
38.640000,915,1600
38.645000,938,1599
38.650000,765,1590
38.655001,824,1599
38.659999,964,1598
38.665000,826,1592
38.669999,806,1599
38.675000,977,1594
38.679999,913,1596
38.685001,773,1592
38.690001,908,1599
38.694999,929,1599
38.699999,770,1592
38.705000,810,1594
38.709999,980,1593
38.715000,812,1593
38.720000,804,1594
38.725000,979,1592
38.730000,913,1595
38.735000,755,1595
38.740000,933,1594
38.745000,947,1595
38.750000,749,1598
38.755000,829,1596
38.760001,971,1597
38.765001,812,1599
38.770001,814,1597
38.775000,982,1601
38.779999,922,1602
38.785000,765,1603
38.790001,904,1606
38.794999,950,1609
38.799999,755,1612
38.804999,826,1603
38.810000,975,1612
38.814999,813,1614
38.820001,806,1616
38.825000,974,1618
38.830000,936,1617
38.835000,761,1618
38.840000,929,1617
38.845001,937,1625
38.850000,767,1617
38.855000,824,1620
38.860000,966,1624
38.865000,827,1623
38.870001,795,1625
38.875000,975,1625
38.880000,938,1625
38.884999,773,1628
38.890000,907,1627
38.895000,949,1625
38.900000,750,1627
38.905000,830,1624
38.910000,966,1626
38.915001,828,1626
38.919999,799,1619
38.925000,983,1623
38.929999,921,1624
38.935001,767,1622
38.940001,910,1624
38.944999,959,1620
38.949999,762,1621
38.955000,816,1618
38.960000,982,1619
38.964999,833,1618
38.970001,790,1624
38.974999,985,1618
38.980001,925,1619
38.985000,763,1619
38.990001,925,1609
38.995000,954,1619
39.000000,760,1615
39.005000,815,1616
39.010000,985,1616
39.015000,824,1619
39.020000,796,1614
39.025000,974,1616
39.029999,917,1616
39.035001,767,1615
39.040000,926,1604
39.045000,950,1612
39.050000,763,1611
39.054999,818,1613
39.060000,986,1613
39.065000,829,1611
39.070000,796,1610
39.074999,970,1614
39.080000,934,1610
39.085000,768,1608
39.089999,910,1611
39.095000,933,1612
39.099999,752,1612
39.105000,828,1607
39.109999,974,1609
39.115000,821,1610
39.120001,794,1608
39.125000,970,1609
39.130000,938,1606
39.135000,768,1608
39.140000,911,1606
39.145000,937,1606
39.150000,752,1605
39.155000,825,1603
39.160000,979,1603
39.165000,822,1602
39.170000,791,1606
39.175001,981,1603
39.180000,920,1600
39.185001,779,1604
39.190001,913,1603
39.195000,937,1602
39.199999,766,1603
39.205000,817,1602
39.210000,972,1600
39.215000,819,1598
39.219999,802,1601
39.225000,978,1600
39.230000,920,1601
39.234999,758,1603
39.240001,906,1600
39.245000,952,1593
39.250000,771,1598
39.255000,816,1599
39.259999,967,1601
39.265000,817,1601
39.270000,806,1601
39.275000,980,1601
39.280001,926,1602
39.284999,764,1605
39.290000,907,1606
39.294999,955,1605
39.300000,762,1608
39.305000,820,1608
39.310000,972,1606
39.315000,838,1602
39.319999,800,1608
39.324999,970,1612
39.330000,931,1609
39.335000,766,1609
39.339999,928,1606
39.345000,941,1609
39.349999,754,1610
39.355001,826,1606
39.360001,967,1610
39.365000,840,1606
39.370000,798,1605
39.375000,969,1607
39.380000,931,1601
39.384999,758,1607
39.390000,913,1604
39.395000,944,1604
39.399999,769,1604
39.404999,820,1606
39.410000,982,1604
39.415000,836,1601
39.420000,790,1606
39.425000,987,1603
39.429999,929,1602
39.435000,761,1603
39.439999,917,1594
39.445001,941,1608
39.450000,767,1603
39.455000,807,1606
39.460001,982,1601
39.465000,822,1601
39.470001,808,1598
39.475000,980,1601
39.480000,929,1599
39.484999,761,1602
39.490000,919,1598
39.495001,952,1599
39.499999,755,1600
39.505000,828,1604
39.509999,972,1602
39.515000,822,1607
39.519999,809,1600
39.525000,978,1606
39.530000,921,1610
39.534999,778,1610
39.540000,901,1614
39.544999,959,1608
39.549999,764,1613
39.555000,821,1613
39.560000,972,1618
39.565000,829,1619
39.570000,794,1614
39.574999,997,1611
39.580000,927,1617
39.585000,779,1616
39.590000,908,1608
39.595000,941,1617
39.599999,768,1614
39.605000,805,1617
39.610000,982,1611
39.615001,829,1614
39.620001,788,1612
39.624999,967,1617
39.629999,931,1615
39.635000,763,1613
39.640000,917,1608
39.645000,950,1615
39.649999,755,1618
39.655000,831,1617
39.660000,971,1615
39.664999,845,1617
39.670000,800,1614
39.675000,977,1615
39.680000,920,1617
39.685000,760,1618
39.690000,925,1612
39.695000,946,1610
39.699999,763,1614
39.705001,817,1608
39.710000,975,1612
39.714999,826,1613
39.720000,811,1611
39.725001,988,1610
39.730000,920,1614
39.734999,773,1612
39.739999,913,1610
39.745000,939,1612
39.750000,752,1612
39.755000,806,1617
39.759999,971,1605
39.765000,846,1609
39.769999,797,1608
39.775000,977,1611
39.779999,917,1606
39.784999,781,1607
39.789999,918,1604
39.795001,942,1606
39.799999,751,1609
39.804999,805,1610
39.810000,982,1605
39.815000,845,1605
39.820000,799,1604
39.825000,972,1607
39.830000,916,1608
39.835000,777,1604
39.839999,908,1604
39.845000,946,1607
39.850000,750,1608
39.855000,832,1603
39.859999,971,1604
39.865000,843,1605
39.869999,793,1603
39.875000,976,1604
39.880000,936,1604
39.885000,763,1603
39.890000,898,1603
39.894999,947,1604
39.900001,757,1603
39.904999,825,1603
39.910000,981,1602
39.915000,832,1601
39.920001,802,1599
39.925000,984,1603
39.930001,922,1604
39.935000,755,1604
39.939999,915,1604
39.945001,949,1601
39.950001,752,1602
39.955000,817,1595
39.959999,985,1601
39.965000,833,1603
39.970000,796,1594
39.975000,988,1600
39.980001,929,1602
39.985000,760,1602
39.990001,897,1602
39.995000,938,1599
40.000000,766,1595
40.005001,816,1599
40.009999,968,1601
40.015001,823,1603
40.020001,810,1597
40.024999,982,1601
40.030000,925,1599
40.035000,769,1606
40.040000,899,1600
40.044999,935,1600
40.049999,769,1600
40.054999,814,1602
40.060000,969,1601
40.065000,843,1600
40.070001,797,1602
40.075000,975,1601
40.079999,915,1602
40.084999,773,1596
40.090000,904,1600
40.095001,951,1601
40.099999,753,1598
40.105001,830,1594
40.110000,987,1596
40.115000,829,1597
40.119999,796,1588
40.125000,975,1595
40.130000,918,1594
40.135001,766,1589
40.140000,913,1595
40.145000,950,1596
40.150000,763,1596
40.155000,810,1597
40.160000,962,1598
40.164999,846,1595
40.170000,799,1597
40.175001,969,1596
40.179999,930,1595
40.185000,767,1597
40.190000,897,1598
40.195000,935,1599
40.199999,751,1594
40.205000,820,1597
40.210000,966,1599
40.214999,843,1595
40.220001,802,1595
40.224999,970,1597
40.230000,925,1591
40.234999,771,1594
40.240001,892,1598
40.245000,935,1596
40.250000,763,1590
40.255000,812,1600
40.260000,968,1599
40.265001,822,1603
40.269999,804,1604
40.275001,971,1608
40.280000,927,1606
40.285001,760,1611
40.290000,887,1613
40.294999,936,1611
40.300000,769,1612
40.305000,816,1613
40.310000,975,1613
40.315000,835,1614
40.320000,801,1611
40.324999,985,1608
40.330001,922,1612
40.335001,759,1613
40.340000,893,1610
40.345000,939,1612
40.349999,756,1606
40.355000,818,1609
40.359999,972,1607
40.365000,832,1610
40.370000,809,1606
40.374999,968,1610
40.380000,916,1612
40.384999,772,1610
40.390000,896,1605
40.394999,937,1610
40.400000,761,1611
40.404999,826,1609
40.410000,969,1610
40.415001,846,1603
40.420000,795,1605
40.425000,965,1608
40.430000,934,1608
40.435000,758,1605
40.440000,913,1600
40.445000,943,1602
40.449999,757,1604
40.455000,803,1604
40.460000,987,1603
40.465000,838,1600
40.470001,790,1602
40.475000,967,1605
40.480000,915,1607
40.485000,772,1601
40.490001,896,1600
40.495001,954,1601
40.499999,761,1603
40.505000,806,1604
40.509999,981,1602
40.515001,830,1606
40.520000,800,1604
40.525000,968,1602
40.530000,930,1598
40.535001,776,1604
40.540000,897,1605
40.545000,952,1610
40.550000,753,1608
40.554999,827,1608
40.560000,969,1606
40.565000,853,1608
40.570001,787,1606
40.575000,970,1599
40.580001,931,1609
40.585001,766,1607
40.590000,888,1609
40.595000,955,1604
40.599999,760,1606
40.605000,814,1597
40.610000,988,1605
40.615001,838,1606
40.620000,786,1608
40.625000,985,1608
40.630000,929,1612
40.635000,770,1609
40.640000,907,1608
40.645000,947,1614
40.650000,752,1616
40.655000,830,1612
40.660001,989,1615
40.665000,845,1617
40.669999,782,1620
40.675000,985,1622
40.680000,919,1623
40.685001,772,1617
40.690001,894,1620
40.695000,962,1617
40.700000,771,1623
40.704999,821,1623
40.709999,971,1623
40.715000,855,1621
40.720000,793,1620
40.724999,982,1616
40.730000,929,1622
40.735000,760,1622
40.740001,886,1621
40.745000,944,1619
40.749999,762,1619
40.754999,818,1616
40.760000,990,1618
40.765000,841,1618
40.770000,799,1618
40.775000,967,1621
40.779999,931,1619
40.785001,754,1620
40.790000,907,1619
40.795000,952,1618
40.800000,771,1614
40.804999,815,1616
40.810001,967,1618
40.815000,839,1618
40.819999,808,1613
40.824999,973,1613
40.830001,943,1613
40.835000,756,1613
40.840000,907,1611
40.845000,940,1613
40.849999,754,1615
40.855001,814,1603
40.860001,980,1616
40.865000,836,1614
40.869999,799,1609
40.875000,971,1612
40.879999,920,1610
40.885000,775,1609
40.890001,893,1609
40.895001,965,1606
40.899999,763,1607
40.904999,807,1606
40.910000,986,1606
40.915000,843,1607
40.920001,788,1602
40.925001,965,1609
40.930000,931,1606
40.935000,762,1603
40.940000,892,1605
40.945001,947,1604
40.950000,760,1605
40.954999,825,1597
40.959999,984,1603
40.965001,836,1605
40.970000,783,1607
40.975000,977,1595
40.980001,934,1602
40.985001,756,1603
40.989999,910,1601
40.994999,952,1602
41.000001,758,1600
41.005001,828,1600
41.010000,979,1600
41.015001,843,1600
41.020001,788,1602
41.025000,980,1602
41.029999,919,1604
41.035000,776,1599
41.039999,894,1600
41.045000,943,1598
41.050001,752,1606
41.055000,827,1600
41.060001,975,1596
41.065001,841,1603
41.070000,800,1594
41.074999,978,1602
41.080001,934,1598
41.085001,764,1602
41.089999,883,1608
41.095001,966,1600
41.100000,765,1606
41.105000,813,1605
41.109999,985,1604
41.115000,851,1610
41.119999,787,1611
41.125000,981,1611
41.130000,928,1609
41.134999,762,1610
41.140001,906,1609
41.145001,960,1610
41.150000,761,1611
41.154999,805,1615
41.160000,987,1605
41.165000,848,1609
41.170001,784,1612
41.175000,984,1605
41.180000,933,1610
41.185001,752,1607
41.190000,900,1609
41.195001,952,1607
41.200000,754,1609
41.204999,821,1609
41.210000,977,1608
41.214999,847,1609
41.220001,803,1605
41.225000,986,1609
41.230001,927,1606
41.235001,753,1610
41.240000,900,1610
41.245000,950,1606
41.249999,758,1613
41.254999,832,1609
41.260000,978,1611
41.265000,866,1612
41.269999,795,1616
41.275000,965,1620
41.279999,937,1620
41.285000,757,1618
41.290001,903,1619
41.294999,948,1622
41.299999,766,1621
41.304999,812,1624
41.310001,995,1621
41.315000,858,1620
41.320000,791,1624
41.325000,977,1611
41.329999,934,1619
41.334999,764,1619
41.340000,887,1619
41.345000,964,1617
41.349999,771,1617
41.355001,808,1619
41.360000,993,1615
41.365000,856,1618
41.369999,790,1617
41.375001,969,1615
41.380000,928,1618
41.385000,765,1610
41.390000,900,1619
41.395000,957,1616
41.400000,760,1620
41.405000,815,1618
41.410001,981,1619
41.415000,849,1619
41.419999,811,1616
41.424999,981,1620
41.430000,926,1617
41.435000,759,1617
41.440000,881,1620
41.445001,963,1611
41.450001,763,1616
41.454999,826,1611
41.460000,990,1616
41.464999,850,1615
41.470000,801,1612
41.474999,983,1613
41.480000,935,1613
41.485000,758,1615
41.490001,901,1616
41.495000,959,1615
41.499999,757,1614
41.504999,828,1614
41.510000,981,1614
41.515001,855,1615
41.520000,801,1616
41.525000,977,1615
41.530000,926,1618
41.535000,772,1615
41.540001,892,1618
41.545000,954,1614
41.550000,768,1615
41.554999,810,1616
41.560000,975,1615
41.564999,870,1613
41.570000,790,1612
41.574999,968,1610
41.580000,924,1612
41.585000,774,1611
41.589999,889,1608
41.595000,944,1608
41.600001,774,1609
41.605000,809,1610
41.609999,971,1611
41.615001,870,1607
41.620001,785,1609
41.625000,967,1601
41.630000,942,1602
41.634999,768,1605
41.640000,881,1604
41.644999,944,1608
41.650001,776,1604
41.655000,812,1603
41.660000,997,1600
41.665000,858,1602
41.669999,791,1604
41.674999,969,1603
41.680000,919,1603
41.685000,771,1600
41.689999,882,1604
41.695000,946,1604
41.700000,779,1601
41.704999,812,1602
41.709999,974,1601
41.715000,865,1602
41.720000,787,1603
41.725000,961,1605
41.730001,939,1598
41.735000,765,1602
41.740000,885,1601
41.745000,947,1606
41.749999,774,1603
41.754999,822,1603
41.760000,972,1602
41.765000,866,1600
41.769999,791,1603
41.775001,961,1606
41.780000,919,1605
41.785000,768,1602
41.790000,877,1605
41.794999,968,1601
41.800000,774,1602
41.804999,805,1605
41.810000,989,1600
41.815000,859,1601
41.820001,790,1602
41.825000,965,1601
41.829999,942,1602
41.834999,764,1600
41.840000,876,1604
41.845000,964,1600
41.850000,771,1602
41.855001,806,1600
41.860000,968,1602
41.865000,868,1601
41.869999,784,1602
41.875001,984,1598
41.880000,919,1603
41.885000,769,1599
41.889999,889,1601
41.895000,952,1600
41.900000,758,1602
41.905000,805,1603
41.910000,977,1594
41.915000,861,1601
41.920000,782,1601
41.925001,962,1601
41.929999,941,1601
41.935000,752,1599
41.940000,877,1598
41.945001,951,1599
41.950000,762,1596
41.955000,822,1597
41.960001,974,1595
41.964999,865,1594
41.970000,788,1593
41.975001,964,1593
41.979999,935,1587
41.985000,752,1587
41.990000,890,1586
41.994999,945,1591
42.000000,776,1593
42.005000,812,1598
42.009999,967,1597
42.015001,863,1595
42.019999,783,1596
42.025000,960,1598
42.029999,925,1597
42.035001,768,1598
42.040001,877,1597
42.045000,947,1599
42.050000,760,1599
42.054999,828,1595
42.060001,986,1599
42.065000,856,1597
42.069999,777,1595
42.075000,974,1599
42.079999,922,1599
42.084999,751,1599
42.090001,891,1596
42.095000,953,1596
42.099999,759,1597
42.105001,816,1592
42.110001,988,1597
42.115000,865,1598
42.120000,794,1599
42.125000,960,1601
42.130000,916,1601
42.134999,766,1603
42.140001,877,1605
42.144999,950,1603
42.150001,761,1604
42.155000,826,1607
42.160001,977,1610
42.165000,851,1613
42.170000,796,1611
42.175001,962,1612
42.180000,919,1611
42.185000,774,1609
42.189999,875,1613
42.195000,947,1614
42.200000,777,1606
42.205000,824,1610
42.210001,980,1609
42.214999,858,1611
42.220001,779,1612
42.225000,956,1612
42.230000,936,1607
42.235000,757,1609
42.240001,869,1609
42.245000,964,1606
42.250000,763,1605
42.255000,822,1600
42.260000,978,1611
42.265001,850,1606
42.269999,789,1605
42.275000,965,1606
42.280000,922,1609
42.285000,766,1610
42.289999,867,1612
42.295001,969,1607
42.300000,777,1610
42.305000,812,1610
42.310000,973,1613
42.315000,881,1612
42.320001,786,1613
42.325000,961,1620
42.330000,942,1614
42.335000,775,1619
42.340000,877,1618
42.345001,947,1618
42.350001,783,1620
42.354999,820,1617
42.359999,978,1619
42.365000,872,1621
42.369999,788,1618
42.375000,983,1617
42.380000,922,1620
42.384999,769,1619
42.390000,871,1620
42.395000,973,1615
42.400001,775,1615
42.404999,813,1618
42.410001,976,1617
42.415000,877,1618
42.419999,786,1615
42.424999,962,1615
42.430000,944,1614
42.435000,756,1613
42.440000,886,1611
42.445001,955,1610
42.450000,790,1609
42.455000,816,1609
42.460000,980,1612
42.465000,875,1605
42.470000,788,1609
42.475000,959,1614
42.480001,924,1612
42.485000,769,1613
42.490001,892,1612
42.495000,957,1613
42.500000,784,1615
42.505000,811,1613
42.510000,982,1610
42.515000,875,1617
42.519999,784,1618
42.525000,986,1615
42.529999,938,1620
42.535001,757,1619
42.540000,883,1615
42.545000,950,1621
42.550000,787,1620
42.554999,811,1621
42.560000,971,1620
42.564999,874,1612
42.570000,791,1616
42.575000,964,1616
42.579999,945,1616
42.585000,758,1614
42.590000,865,1612
42.595001,965,1613
42.599999,770,1611
42.605000,807,1610
42.610000,985,1609
42.615000,871,1597
42.620000,795,1608
42.624999,964,1608
42.630000,945,1604
42.635000,757,1607
42.640000,881,1608
42.644999,956,1605
42.650000,764,1608
42.655000,828,1604
42.660000,987,1606
42.665000,863,1606
42.669999,788,1604
42.675000,978,1608
42.679999,933,1604
42.685000,759,1606
42.690001,862,1609
42.695000,961,1611
42.700000,779,1607
42.704999,802,1611
42.710000,985,1610
42.715000,873,1608
42.720001,783,1609
42.725000,978,1609
42.730000,923,1612
42.734999,773,1610
42.740000,875,1611
42.745000,963,1611
42.750000,779,1608
42.755000,805,1609
42.760000,977,1610
42.765000,867,1599
42.770000,801,1606
42.775001,962,1604
42.780000,944,1606
42.784999,762,1604
42.789999,881,1603
42.795000,954,1604
42.800000,764,1601
42.805000,801,1604
42.810000,986,1598
42.815000,873,1601
42.820000,779,1603
42.825000,983,1599
42.830000,925,1605
42.835000,749,1602
42.839999,886,1603
42.845000,968,1603
42.849999,779,1599
42.855000,825,1600
42.860000,977,1599
42.865000,858,1606
42.870000,785,1602
42.874999,976,1599
42.879999,934,1605
42.885001,756,1596
42.890001,884,1605
42.895000,965,1606
42.900000,773,1605
42.905000,818,1602
42.910000,973,1609
42.915001,872,1604
42.920000,777,1611
42.925001,977,1607
42.930001,940,1611
42.935000,761,1613
42.939999,863,1613
42.945000,971,1613
42.949999,767,1613
42.955000,801,1619
42.960000,989,1612
42.964999,870,1615
42.970000,798,1619
42.974999,959,1615
42.979999,929,1613
42.984999,760,1611
42.990001,884,1614
42.995000,957,1617
43.000000,767,1618
43.004999,826,1615
43.010000,987,1617
43.015000,867,1615
43.020001,775,1620
43.024999,973,1620
43.029999,935,1619
43.035000,751,1622
43.040000,877,1618
43.044999,964,1622
43.049999,767,1622
43.055000,821,1622
43.060000,991,1623
43.064999,868,1621
43.070000,796,1626
43.075000,963,1625
43.080000,926,1621
43.084999,770,1624
43.090000,864,1630
43.095000,958,1626
43.099999,787,1622
43.105000,808,1625
43.110000,1000,1621
43.115001,876,1624
43.119999,779,1623
43.125000,974,1621
43.130000,929,1622
43.135000,773,1622
43.140000,868,1619
43.145000,951,1621
43.150000,788,1617
43.155000,814,1613
43.160000,973,1616
43.165000,879,1613
43.169999,777,1616
43.174999,957,1614
43.179999,949,1611
43.185000,766,1610
43.189999,871,1609
43.195001,948,1612
43.200000,766,1610
43.204999,826,1602
43.210000,983,1606
43.214999,870,1606
43.220001,799,1603
43.225000,970,1605
43.230000,924,1606
43.235001,747,1608
43.239999,872,1606
43.244999,962,1605
43.250000,764,1607
43.255000,824,1612
43.260001,983,1609
43.265001,865,1612
43.270000,793,1612
43.275001,965,1611
43.280000,927,1612
43.285000,773,1612
43.290000,866,1611
43.295001,972,1613
43.300001,761,1611
43.304999,803,1612
43.310000,984,1613
43.314999,866,1616
43.320000,783,1610
43.325000,973,1602
43.329999,933,1609
43.334999,754,1608
43.340000,875,1610
43.345000,958,1602
43.350000,770,1604
43.355000,822,1604
43.359999,973,1602
43.365000,890,1606
43.370000,788,1604
43.374999,954,1609
43.380000,926,1599
43.384999,753,1606
43.390001,856,1607
43.395000,968,1608
43.400000,766,1611
43.405000,823,1608
43.410000,980,1611
43.415001,866,1614
43.420000,784,1609
43.425000,956,1610
43.429999,933,1610
43.435000,749,1612
43.439999,857,1610
43.445001,972,1606
43.450000,777,1611
43.454999,826,1609
43.459999,985,1611
43.465001,870,1613
43.469999,778,1610
43.474999,977,1609
43.480000,930,1611
43.485000,753,1606
43.490000,876,1614
43.495000,955,1609
43.499999,768,1612
43.504999,820,1612
43.510000,980,1608
43.515000,865,1611
43.520000,791,1608
43.525001,955,1611
43.530000,947,1602
43.535001,756,1607
43.540000,853,1609
43.545000,950,1603
43.550000,787,1603
43.555000,809,1598
43.560000,970,1605
43.565000,885,1589
43.570000,790,1594
43.575001,952,1597
43.580000,938,1592
43.585001,757,1594
43.589999,859,1592
43.595000,947,1593
43.599999,781,1594
43.605000,805,1588
43.609999,969,1591
43.615000,886,1587
43.619999,778,1589
43.625000,949,1589
43.630001,931,1587
43.635000,750,1586
43.640000,852,1586
43.644999,945,1589
43.650000,780,1579
43.655000,804,1584
43.660001,970,1589
43.665000,888,1585
43.669999,784,1584
43.675000,956,1586
43.680000,917,1587
43.685000,760,1582
43.690000,856,1584
43.694999,970,1583
43.699999,767,1585
43.705000,805,1575
43.709999,983,1584
43.715000,873,1586
43.720001,786,1584
43.725000,955,1586
43.730001,938,1581
43.735000,753,1588
43.740000,849,1593
43.744999,960,1590
43.750001,767,1591
43.755001,815,1592
43.760001,980,1593
43.764999,872,1594
43.769999,788,1596
43.775001,960,1599
43.780000,924,1600
43.784999,749,1603
43.790000,867,1600
43.795000,952,1604
43.800001,791,1602
43.805000,815,1606
43.810000,977,1605
43.814999,873,1606
43.819999,777,1609
43.825000,952,1613
43.829999,949,1606
43.835000,763,1609
43.840000,854,1608
43.845000,973,1607
43.850000,786,1606
43.855000,806,1607
43.859999,972,1612
43.865001,887,1607
43.870000,774,1609
43.875000,971,1608
43.880000,931,1608
43.885000,771,1607
43.890000,858,1611
43.895000,950,1612
43.900000,786,1610
43.904999,802,1611
43.910000,993,1611
43.915000,883,1609
43.919999,774,1612
43.924999,974,1612
43.929999,933,1611
43.935000,747,1615
43.940000,859,1610
43.945000,951,1614
43.950000,791,1603
43.955000,805,1607
43.960001,992,1611
43.965001,893,1612
43.970000,784,1611
43.974999,953,1612
43.980000,940,1611
43.984999,749,1617
43.990000,865,1612
43.995001,954,1612
44.000001,791,1612
44.005000,806,1613
44.009999,989,1613
44.015000,878,1614
44.020001,787,1612
44.024999,956,1615
44.029999,950,1612
44.035000,763,1613
44.040000,853,1613
44.045000,972,1610
44.050001,783,1614
44.055000,811,1615
44.060001,997,1612
44.065000,892,1611
44.070000,773,1616
44.074999,951,1615
44.080000,944,1612
44.084999,759,1612
44.090000,861,1612
44.095000,953,1613
44.100000,791,1609
44.105000,822,1613
44.109999,978,1612
44.115001,881,1609
44.120000,797,1614
44.124999,957,1615
44.129999,927,1618
44.135001,773,1613
44.140000,857,1620
44.145000,956,1621
44.150000,779,1624
44.155000,825,1619
44.160000,985,1620
44.165000,883,1620
44.170000,794,1621
44.175000,958,1619
44.179999,946,1619
44.185000,769,1615
44.190001,860,1615
44.195000,956,1615
44.199999,796,1614
44.205001,815,1615
44.210000,981,1613
44.214999,897,1610
44.220000,787,1610
44.225000,949,1610
44.230000,944,1606
44.235000,752,1609
44.240001,864,1606
44.245000,955,1610
44.249999,774,1605
44.254999,805,1606
44.260001,991,1603
44.265001,892,1605
44.269999,777,1607
44.275000,974,1605
44.279999,935,1609
44.285000,750,1613
44.290000,862,1607
44.295000,972,1609
44.300000,782,1607
44.305000,810,1606
44.310001,971,1607
44.314999,896,1603
44.320000,792,1602
44.325000,963,1599
44.329999,931,1603
44.335000,772,1598
44.340000,859,1604
44.345001,956,1601
44.350001,769,1603
44.354999,820,1601
44.359999,985,1602
44.365001,881,1602
44.370000,790,1607
44.375000,951,1606
44.380001,930,1604
44.385000,763,1610
44.390000,845,1612
44.395000,954,1613
44.400001,796,1612
44.405001,813,1615
44.409999,973,1619
44.415000,890,1617
44.420000,791,1613
44.425000,968,1618
44.430000,936,1622
44.435000,753,1625
44.440000,849,1621
44.445000,976,1622
44.450000,785,1624
44.454999,817,1622
44.460000,1002,1621
44.464999,892,1625
44.470001,781,1626
44.475000,952,1630
44.479999,931,1632
44.484999,776,1629
44.490001,852,1635
44.495000,972,1633
44.500000,788,1633
44.505000,809,1635
44.509999,991,1630
44.515001,911,1637
44.520000,788,1641
44.525000,958,1646
44.529999,930,1648
44.535000,766,1646
44.540000,853,1647
44.544999,974,1647
44.549999,785,1648
44.554999,826,1646
44.560001,1000,1648
44.564999,890,1649
44.570000,785,1641
44.574999,964,1645
44.580000,935,1645
44.585000,779,1642
44.589999,851,1647
44.595000,979,1641
44.600000,785,1640
44.605001,825,1640
44.610000,985,1635
44.615000,890,1635
44.619999,776,1636
44.625001,974,1631
44.629999,939,1629
44.635000,764,1629
44.640001,846,1633
44.645001,977,1630
44.650000,797,1629
44.654999,818,1628
44.660000,984,1627
44.665000,891,1626
44.670000,800,1624
44.675001,969,1622
44.679999,941,1622
44.685000,757,1617
44.689999,861,1619
44.695000,979,1618
44.700000,786,1613
44.705000,824,1612
44.710000,978,1616
44.715001,885,1615
44.720000,793,1611
44.725000,950,1613
44.730000,950,1610
44.734999,766,1607
44.740001,860,1609
44.745000,968,1605
44.749999,779,1609
44.754999,824,1606
44.759999,984,1602
44.765000,889,1605
44.769999,786,1603
44.775000,951,1603
44.779999,928,1605
44.785001,774,1604
44.790000,844,1604
44.795000,976,1601
44.800000,783,1606
44.804999,802,1609
44.810000,999,1600
44.815000,896,1604
44.820001,785,1606
44.825000,946,1606
44.830000,926,1606
44.835000,761,1604
44.839999,866,1606
44.845000,958,1606
44.850000,786,1601
44.855000,804,1610
44.859999,1000,1603
44.865001,896,1608
44.870000,789,1604
44.874999,961,1605
44.879999,941,1605
44.885000,757,1606
44.890000,859,1603
44.895000,963,1604
44.900000,779,1605
44.905000,799,1606
44.910000,989,1596
44.915001,892,1601
44.920000,769,1607
44.925000,969,1600
44.929999,943,1600
44.934999,751,1600
44.939999,857,1598
44.945001,964,1596
44.950000,774,1601
44.954999,821,1594
44.960000,977,1594
44.964999,904,1592
44.970000,769,1593
44.975000,954,1590
44.980000,945,1588
44.985000,757,1590
44.990000,841,1582
44.995000,961,1590
45.000000,791,1589
45.005001,803,1589
45.010000,973,1592
45.015000,905,1588
45.020000,774,1585
45.024999,940,1589
45.029999,925,1588
45.035000,768,1585
45.040001,840,1585
45.045000,950,1588
45.050000,775,1586
45.055000,814,1585
45.060001,973,1585
45.065000,891,1584
45.070000,787,1584
45.074999,937,1587
45.080000,937,1582
45.085000,749,1582
45.090000,852,1585
45.095000,952,1585
45.099999,787,1586
45.105001,799,1587
45.109999,990,1585
45.115000,889,1587
45.120001,776,1580
45.125000,960,1589
45.130001,940,1593
45.134999,756,1594
45.140000,830,1598
45.144999,973,1597
45.150000,781,1600
45.155000,814,1597
45.160000,984,1601
45.165001,888,1606
45.170000,788,1601
45.175000,946,1607
45.180000,947,1603
45.185000,751,1606
45.190001,857,1607
45.194999,962,1611
45.199999,780,1612
45.205001,798,1609
45.210000,990,1609
45.215000,899,1607
45.220000,792,1608
45.225000,953,1606
45.230000,925,1607
45.235000,765,1607
45.240001,832,1617
45.245000,966,1605
45.250001,787,1596
45.255000,811,1605
45.259999,971,1609
45.265000,912,1606
45.269999,771,1602
45.275001,965,1600
45.280001,932,1602
45.284999,751,1605
45.289999,850,1604
45.295000,961,1602
45.300000,781,1602
45.305000,815,1600
45.310001,981,1603
45.315000,909,1606
45.320000,771,1604
45.325000,953,1601
45.329999,930,1606
45.334999,770,1599
45.340000,846,1602
45.345001,952,1604
45.350000,790,1601
45.355000,816,1596
45.360000,991,1596
45.365000,894,1601
45.370001,768,1598
45.375000,945,1600
45.379999,940,1598
45.385000,764,1597
45.390001,833,1602
45.394999,972,1600
45.400000,782,1600
45.404999,811,1598
45.410001,974,1603
45.415000,895,1603
45.420000,785,1602
45.425001,940,1606
45.429999,927,1603
45.435000,755,1606
45.439999,849,1602
45.444999,964,1605
45.449999,799,1600
45.455001,816,1606
45.460001,988,1607
45.465000,900,1606
45.470001,765,1607
45.474999,950,1604
45.480001,926,1607
45.485000,746,1606
45.490000,843,1608
45.495001,964,1610
45.500000,800,1605
45.505001,811,1607
45.509999,982,1600
45.515001,901,1609
45.520000,786,1608
45.525000,947,1606
45.529999,925,1612
45.535000,769,1610
45.540000,835,1612
45.545000,964,1611
45.550000,789,1604
45.555000,820,1610
45.560000,986,1614
45.565000,898,1612
45.570001,786,1611
45.575000,945,1611
45.579999,948,1615
45.584999,752,1616
45.590000,829,1612
45.595000,980,1614
45.599999,787,1617
45.605001,799,1618
45.610000,990,1616
45.615000,901,1614
45.620000,787,1617
45.625000,941,1615
45.630001,931,1613
45.634999,770,1611
45.640000,835,1612
45.645000,957,1616
45.650000,801,1613
45.655000,800,1615
45.660000,997,1612
45.665000,903,1614
45.670000,791,1607
45.675001,939,1611
45.680000,941,1613
45.685000,752,1613
45.690000,829,1607
45.695001,976,1610
45.700000,793,1606
45.704999,798,1607
45.709999,994,1607
45.715000,905,1606
45.720000,781,1602
45.725000,947,1604
45.730000,926,1609
45.735000,766,1606
45.740000,843,1599
45.744999,976,1604
45.750001,788,1606
45.755000,819,1608
45.760000,978,1608
45.765000,901,1608
45.769999,784,1608
45.775001,946,1608
45.780001,939,1605
45.784999,746,1608
45.789999,838,1606
45.795001,959,1608
45.800001,800,1606
45.805000,805,1603
45.810001,994,1605
45.815000,902,1606
45.820000,780,1605
45.824999,958,1603
45.830000,933,1602
45.835000,748,1605
45.840001,843,1602
45.845000,958,1605
45.850000,807,1602
45.855000,808,1604
45.859999,972,1606
45.865001,904,1605
45.870001,791,1604
45.874999,950,1605
45.879999,932,1607
45.885000,771,1608
45.890000,821,1615
45.895000,980,1611
45.900001,803,1609
45.905000,806,1613
45.910000,973,1615
45.915001,913,1613
45.920001,765,1616
45.925001,936,1617
45.930000,939,1617
45.935000,752,1618
45.939999,836,1615
45.945001,969,1613
45.950000,793,1615
45.954999,819,1614
45.959999,1000,1608
45.965000,908,1610
45.970000,782,1610
45.975000,932,1611
45.980000,946,1610
45.984999,749,1609
45.990001,846,1606
45.995000,960,1603
45.999999,813,1606
46.005000,812,1607
46.009999,981,1607
46.015000,921,1608
46.019999,773,1606
46.025000,935,1610
46.030000,945,1610
46.035000,769,1610
46.040000,828,1614
46.045000,956,1615
46.050000,808,1616
46.055000,805,1617
46.060001,993,1618
46.065000,911,1621
46.070000,769,1622
46.074999,957,1618
46.079999,939,1619
46.084999,756,1622
46.090000,846,1621
46.095001,962,1622
46.100001,811,1620
46.104999,802,1621
46.109999,992,1619
46.115000,913,1622
46.120000,772,1623
46.125000,960,1617
46.130000,929,1621
46.135000,769,1620
46.140000,833,1619
46.145000,979,1620
46.150000,799,1620
46.155001,799,1622
46.160000,993,1620
46.165001,928,1620
46.170000,776,1621
46.174999,953,1615
46.179999,941,1623
46.185001,753,1613
46.190001,835,1622
46.194999,965,1621
46.199999,810,1618
46.204999,808,1618
46.210000,998,1619
46.214999,909,1619
46.220001,785,1611
46.225000,936,1618
46.230001,943,1610
46.235001,770,1612
46.240000,829,1610
46.244999,979,1611
46.250001,804,1606
46.255000,798,1610
46.259999,985,1605
46.265000,911,1603
46.269999,770,1604
46.275001,947,1600
46.280001,936,1601
46.284999,774,1596
46.290000,827,1597
46.294999,984,1596
46.299999,808,1595
46.304999,802,1597
46.310000,976,1595
46.314999,931,1593
46.320001,773,1594
46.325000,932,1594
46.330000,932,1597
46.335000,766,1594
46.339999,828,1590
46.345000,977,1592
46.350000,800,1592
46.355000,820,1587
46.360001,977,1594
46.365000,925,1592
46.370000,762,1593
46.374999,941,1594
46.379999,930,1594
46.385000,747,1597
46.390000,833,1594
46.395000,974,1595
46.400001,798,1597
46.405000,796,1600
46.410000,990,1597
46.415001,910,1600
46.420001,785,1599
46.425000,931,1605
46.430000,952,1602
46.435001,757,1605
46.440000,821,1606
46.445000,960,1610
46.449999,809,1609
46.455000,796,1613
46.459999,999,1609
46.465000,914,1612
46.470000,786,1615
46.474999,936,1617
46.480000,947,1616
46.485000,749,1616
46.490001,840,1615
46.495000,980,1618
46.499999,798,1622
46.505000,798,1622
46.509999,989,1626
46.515001,913,1625
46.519999,787,1625
46.525001,935,1626
46.530000,945,1621
46.535000,767,1617
46.540001,829,1624
46.545000,964,1628
46.550000,810,1624
46.555000,798,1622
46.560000,986,1622
46.564999,915,1624
46.570001,785,1618
46.575000,932,1621
46.579999,950,1611
46.584999,761,1616
46.590000,830,1614
46.595001,978,1614
46.599999,819,1618
46.605001,801,1615
46.609999,990,1614
46.615000,912,1615
46.619999,776,1613
46.625000,926,1612
46.630000,948,1611
46.635000,749,1614
46.640001,832,1611
46.645000,978,1609
46.650001,805,1609
46.655000,821,1607
46.660000,979,1609
46.665000,912,1613
46.669999,787,1606
46.675000,927,1609
46.679999,947,1607
46.685000,761,1607
46.689999,817,1608
46.695000,960,1608
46.700000,819,1604
46.705000,803,1601
46.710001,990,1600
46.715000,921,1600
46.720001,762,1599
46.725000,929,1597
46.730000,947,1598
46.734999,746,1602
46.740000,829,1595
46.745000,974,1593
46.750000,806,1593
46.755000,795,1597
46.760000,993,1597
46.765001,916,1594
46.770001,765,1592
46.775000,938,1598
46.780000,932,1597
46.785000,749,1594
46.790000,834,1597
46.795000,971,1598
46.800000,811,1600
46.805000,803,1587
46.810000,985,1596
46.814999,918,1598
46.820000,778,1593
46.825000,932,1599
46.830000,932,1593
46.835000,761,1588
46.839999,833,1593
46.845000,977,1589
46.849999,798,1597
46.855000,818,1591
46.860000,977,1595
46.865000,915,1590
46.870000,758,1594
46.875000,941,1586
46.880000,938,1589
46.884999,743,1593
46.890000,820,1591
46.895000,964,1590
46.900001,808,1593
46.905001,799,1595
46.910000,994,1590
46.915000,927,1592
46.920000,759,1593
46.925001,936,1590
46.930001,934,1592
46.935001,753,1584
46.940000,828,1588
46.945000,959,1596
46.950001,817,1596
46.954999,810,1594
46.959999,977,1595
46.965001,928,1590
46.970001,772,1597
46.975000,919,1599
46.979999,944,1596
46.984999,765,1598
46.990000,816,1597
46.995000,980,1596
47.000000,804,1596
47.005000,810,1594
47.010000,993,1596
47.015000,917,1593
47.020000,760,1596
47.025000,934,1594
47.029999,937,1594
47.035000,752,1591
47.040000,810,1595
47.044999,975,1592
47.050000,808,1595
47.055000,813,1592
47.060001,979,1592
47.064999,912,1597
47.070000,781,1591
47.075000,921,1594
47.079999,946,1586
47.084999,761,1585
47.090000,821,1594
47.095000,968,1588
47.100000,821,1594
47.105000,797,1594
47.110000,970,1594
47.115000,930,1597
47.119999,758,1596
47.124999,938,1595
47.129999,934,1599
47.135000,747,1600
47.140000,830,1599
47.145000,963,1599
47.150000,801,1604
47.154999,815,1601
47.160000,983,1604
47.165000,931,1601
47.169999,765,1603
47.175000,939,1599
47.180000,943,1603
47.185000,751,1607
47.190000,816,1603
47.195000,971,1607
47.200000,806,1610
47.204999,817,1603
47.209999,982,1606
47.215000,926,1603
47.219999,768,1603
47.225000,928,1603
47.230000,940,1602
47.235000,753,1605
47.240000,833,1606
47.245001,969,1605
47.249999,808,1605
47.254999,811,1605
47.260001,976,1606
47.265001,932,1605
47.269999,764,1610
47.275000,926,1606
47.280000,957,1605
47.285000,749,1611
47.290000,820,1612
47.294999,984,1612
47.300000,822,1613
47.304999,806,1612
47.310000,974,1613
47.315000,932,1610
47.320000,769,1614
47.325000,937,1613
47.330000,941,1613
47.335000,761,1603
47.339999,822,1607
47.345001,981,1611
47.350000,819,1611
47.355000,796,1614
47.360000,991,1618
47.365001,921,1615
47.370001,779,1616
47.374999,920,1618
47.379999,958,1616
47.385000,760,1620
47.390000,813,1620
47.394999,980,1618
47.400001,816,1622
47.405000,805,1617
47.410000,1000,1619
47.415001,928,1616
47.420000,762,1622
47.425000,930,1615
47.430001,940,1614
47.435000,765,1617
47.440000,813,1620
47.445001,976,1616
47.450000,812,1621
47.454999,813,1617
47.459999,978,1614
47.465000,934,1614
47.470000,766,1615
47.474999,933,1614
47.480001,937,1616
47.485000,764,1613
47.490000,815,1616
47.495000,983,1616
47.500000,818,1617
47.505001,795,1620
47.510000,985,1618
47.515000,942,1617
47.520000,774,1622
47.525000,929,1620
47.529999,952,1623
47.535001,754,1629
47.540000,814,1622
47.544999,974,1628
47.549999,832,1629
47.554999,794,1632
47.560001,996,1625
47.565000,921,1628
47.570000,784,1622
47.574999,918,1625
47.580001,946,1628
47.585000,752,1627
47.589999,830,1624
47.595000,967,1624
47.600000,831,1624
47.605001,795,1625
47.610000,993,1619
47.614999,923,1621
47.619999,780,1622
47.625001,918,1622
47.630000,933,1624
47.634999,764,1621
47.640001,810,1624
47.644999,980,1620
47.650000,817,1624
47.654999,792,1622
47.660000,979,1620
47.665001,916,1626
47.670000,780,1617
47.675000,920,1616
47.679999,959,1614
47.685000,753,1614
47.690000,830,1615
47.695000,965,1619
47.699999,825,1616
47.705000,801,1617
47.710000,987,1611
47.715001,926,1616
47.720000,765,1615
47.725000,929,1615
47.730000,937,1615
47.734999,770,1614
47.740001,820,1616
47.745000,989,1611
47.750000,821,1611
47.755001,808,1608
47.760000,985,1611
47.765000,921,1611
47.770000,767,1604
47.775000,907,1613
47.779999,948,1611
47.785000,758,1607
47.790000,825,1612
47.795000,968,1614
47.800000,815,1615
47.805000,812,1609
47.810000,978,1611
47.814999,938,1609
47.820000,767,1609
47.825000,911,1610
47.830000,945,1608
47.835000,749,1612
47.840000,829,1611
47.845000,987,1608
47.850000,827,1610
47.855000,797,1613
47.860000,973,1609
47.865000,935,1612
47.870000,766,1611
47.875000,929,1612
47.880000,936,1610
47.884999,770,1608
47.890000,814,1611
47.894999,978,1602
47.900001,820,1604
47.905000,805,1606
47.910000,969,1605
47.915000,929,1601
47.920000,762,1602
47.925000,926,1600
47.929999,937,1601
47.935001,762,1593
47.940000,808,1599
47.945001,979,1596
47.950000,831,1599
47.954999,796,1597
47.960000,968,1596
47.965000,932,1594
47.970000,761,1594
47.975000,921,1585
47.980000,947,1592
47.984999,755,1593
47.990000,806,1593
47.995000,963,1595
47.999999,831,1594
48.004999,804,1587
48.010001,980,1593
48.015000,920,1596
48.019999,780,1593
48.025000,908,1596
48.030000,934,1596
48.035000,773,1594
48.040001,814,1598
48.044999,963,1600
48.049999,837,1600
48.054999,801,1599
48.060001,972,1604
48.065000,915,1606
48.070000,758,1605
48.075000,917,1604
48.079999,939,1606
48.085000,768,1594
48.089999,821,1602
48.095000,963,1604
48.100000,842,1601
48.105000,804,1600
48.110000,965,1602
48.115001,940,1598
48.120000,767,1601
48.124999,904,1603
48.129999,958,1602
48.135001,756,1600
48.140000,811,1604
48.144999,975,1605
48.150001,816,1610
48.155000,803,1604
48.160000,970,1611
48.165000,923,1610
48.170000,759,1611
48.175000,924,1610
48.179999,945,1611
48.185000,771,1610
48.190000,812,1611
48.195000,963,1616
48.200000,842,1614
48.204999,803,1612
48.209999,978,1611
48.215000,917,1616
48.220000,777,1611
48.225000,922,1614
48.230001,936,1617
48.235000,765,1618
48.240001,828,1609
48.245001,979,1617
48.250001,821,1618
48.255000,803,1619
48.260000,971,1621
48.265000,928,1620
48.269999,762,1621
48.275001,911,1621
48.280000,958,1619
48.285001,757,1620
48.290000,810,1621
48.294999,992,1617
48.300000,831,1619
48.305000,793,1618
48.310000,991,1617
48.314999,924,1619
48.320000,760,1617
48.325000,900,1616
48.330000,943,1616
48.335000,771,1614
48.339999,808,1615
48.345000,983,1611
48.350000,832,1610
48.355000,792,1610
48.360000,971,1609
48.365000,919,1611
48.370000,771,1609
48.374999,902,1611
48.380000,953,1607
48.384999,768,1608
48.390000,820,1607
48.395000,968,1610
48.400000,840,1604
48.404999,798,1608
48.410000,966,1606
48.415001,929,1609
48.420001,779,1608
48.424999,905,1604
48.429999,936,1606
48.435001,772,1602
48.440000,820,1602
48.445000,967,1602
48.449999,821,1602
48.455000,805,1598
48.460000,965,1600
48.465000,928,1597
48.470001,761,1597
48.475000,914,1599
48.480000,946,1597
48.485000,753,1592
48.490001,828,1594
48.495000,971,1599
48.500000,822,1598
48.505000,786,1595
48.510000,981,1596
48.515000,920,1590
48.520000,762,1598
48.525001,920,1597
48.530000,933,1601
48.535001,771,1597
48.540000,812,1597
48.544999,987,1595
48.550000,827,1601
48.554999,785,1601
48.560000,977,1599
48.564999,918,1602
48.570001,771,1598
48.575001,895,1608
48.579999,952,1601
48.584999,756,1602
48.589999,829,1602
48.595000,965,1604
48.600000,841,1603
48.605001,792,1606
48.610001,984,1597
48.615000,924,1607
48.619999,758,1609
48.625001,910,1608
48.630000,936,1607
48.635000,760,1608
48.640000,812,1606
48.644999,969,1610
48.650000,843,1608
48.654999,794,1611
48.660000,969,1613
48.665000,939,1610
48.670000,763,1612
48.675001,897,1613
48.680000,945,1610
48.685001,756,1616
48.690001,819,1611
48.695000,965,1618
48.700000,834,1613
48.704999,797,1609
48.710000,989,1613
48.715000,935,1609
48.720000,756,1610
48.725000,918,1609
48.730001,941,1613
48.735001,774,1609
48.740000,820,1612
48.745000,990,1608
48.749999,834,1614
48.754999,793,1612
48.760000,988,1611
48.765000,933,1609
48.770001,757,1618
48.775000,915,1615
48.780000,947,1614
48.785001,770,1613
48.790000,827,1614
48.794999,973,1619
48.800000,830,1616
48.805000,810,1617
48.810000,972,1618
48.814999,926,1608
48.820000,772,1614
48.824999,899,1616
48.830000,954,1610
48.835000,755,1611
48.840000,831,1608
48.844999,973,1612
48.849999,840,1609
48.855000,789,1609
48.860000,964,1610
48.865000,938,1609
48.869999,762,1605
48.874999,893,1613
48.879999,959,1610
48.885000,756,1612
48.890000,826,1612
48.895000,976,1613
48.900000,832,1608
48.904999,797,1610
48.910000,979,1615
48.915000,921,1616
48.919999,774,1618
48.925000,911,1617
48.929999,949,1616
48.935000,750,1620
48.940000,820,1616
48.945000,975,1617
48.950000,831,1616
48.954999,789,1617
48.960000,985,1605
48.964999,932,1611
48.970000,781,1610
48.975000,899,1611
48.980001,945,1609
48.985000,768,1604
48.990001,823,1606
48.995000,969,1611
49.000000,849,1602
49.005001,800,1607
49.009999,969,1605
49.015000,937,1607
49.019999,761,1606
49.024999,902,1598
49.029999,945,1606
49.035000,777,1603
49.040001,811,1603
49.045000,983,1603
49.050000,844,1602
49.055000,802,1603
49.060000,969,1599
49.065001,937,1598
49.069999,764,1598
49.074999,907,1596
49.080001,951,1600
49.085000,751,1598
49.090000,825,1596
49.095000,976,1597
49.100000,829,1595
49.105000,803,1593
49.110000,968,1595
49.114999,936,1595
49.119999,764,1596
49.125000,890,1598
49.130000,956,1596
49.135000,758,1601
49.140000,820,1597
49.145001,977,1591
49.149999,838,1600
49.155000,807,1599
49.160001,971,1598
49.165000,940,1600
49.170000,763,1598
49.175000,888,1600
49.179999,950,1598
49.185000,761,1593
49.190000,832,1596
49.195000,987,1594
49.200000,841,1596
49.205000,806,1591
49.210000,970,1595
49.215000,935,1592
49.220001,765,1589
49.225000,890,1589
49.230000,951,1585
49.234999,768,1585
49.240000,803,1592
49.245000,986,1589
49.250001,830,1588
49.255000,804,1591
49.259999,967,1590
49.265000,937,1592
49.270001,758,1593
49.275000,889,1598
49.279999,960,1596
49.284999,756,1599
49.290000,825,1591
49.295000,984,1599
49.300000,840,1599
49.304999,787,1600
49.309999,992,1599
49.315000,928,1602
49.320001,768,1601
49.325000,905,1593
49.329999,954,1598
49.335000,757,1601
49.340000,832,1598
49.345001,983,1600
49.349999,837,1600
49.355000,803,1605
49.359999,966,1602
49.365000,936,1600
49.370000,755,1602
49.374999,904,1601
49.379999,948,1603
49.385000,755,1607
49.390000,828,1608
49.394999,981,1609
49.400000,834,1610
49.404999,805,1609
49.410000,980,1607
49.415000,934,1604
49.419999,776,1611
49.424999,893,1613
49.429999,951,1602
49.435000,773,1609
49.440001,813,1611
49.445000,986,1612
49.449999,840,1616
49.455000,787,1614
49.460000,986,1611
49.465000,923,1614
49.470000,779,1613
49.474999,895,1615
49.480000,965,1618
49.484999,768,1615
49.490001,808,1620
49.495000,989,1617
49.500000,843,1621
49.505000,803,1620
49.510000,979,1623
49.515000,937,1626
49.519999,755,1627
49.525000,892,1626
49.530001,955,1622
49.534999,767,1630
49.539999,812,1632
49.545000,992,1627
49.550000,851,1629
49.554999,805,1625
49.560000,989,1627
49.565000,925,1629
49.569999,778,1627
49.574999,895,1628
49.580001,952,1631
49.585001,770,1620
49.590000,822,1623
49.595000,978,1625
49.599999,843,1626
49.605000,802,1626
49.610000,969,1628
49.615000,939,1629
49.619999,756,1629
49.625001,892,1625
49.630000,963,1632
49.634999,759,1633
49.640000,837,1627
49.644999,975,1635
49.650000,847,1628
49.655000,796,1635
49.660000,993,1633
49.665001,929,1632
49.670000,761,1635
49.675001,905,1632
49.680000,955,1630
49.685001,773,1622
49.690000,820,1630
49.695000,984,1629
49.700000,852,1631
49.705000,810,1625
49.710000,989,1625
49.714999,923,1624
49.720001,774,1624
49.725001,891,1625
49.730001,951,1622
49.735000,779,1621
49.740000,815,1622
49.744999,995,1616
49.750000,857,1616
49.755001,788,1618
49.760000,965,1616
49.765000,938,1613
49.770000,756,1615
49.775000,909,1607
49.780000,960,1612
49.785000,755,1613
49.790000,822,1611
49.794999,977,1608
49.800000,841,1610
49.804999,787,1609
49.810000,985,1606
49.815000,925,1606
49.820000,762,1607
49.824999,882,1603
49.830001,958,1604
49.834999,760,1604
49.840001,825,1601
49.845000,994,1600
49.850000,849,1601
49.855001,784,1602
49.860001,982,1605
49.865000,926,1603
49.870000,751,1604
49.874999,897,1604
49.880000,942,1602
49.885000,779,1599
49.890000,809,1600
49.895000,992,1600
49.900001,844,1598
49.904999,798,1598
49.910000,969,1601
49.915000,939,1597
49.919999,753,1595
49.924999,890,1594
49.929999,945,1596
49.935001,778,1594
49.940000,805,1596
49.945000,986,1592
49.949999,847,1591
49.955001,779,1595
49.960001,978,1590
49.964999,922,1590
49.970000,758,1590
49.975000,879,1592
49.980000,962,1589
49.985001,759,1594
49.989999,820,1594
49.994999,966,1595
50.000000,850,1594
50.005001,787,1593
50.010000,986,1594
50.015000,934,1589
50.019999,761,1594
50.025000,884,1596
50.030001,939,1598
50.035000,773,1596
50.040000,806,1600
50.045000,991,1595
50.050000,849,1599
50.054999,803,1598
50.060000,970,1600
50.065000,916,1601
50.070000,774,1599
50.075000,879,1603
50.080000,960,1602
50.085000,761,1601
50.090000,802,1602
50.095000,980,1601
50.099999,847,1600
50.105001,805,1601
50.110001,985,1604
50.115000,922,1602
50.120000,769,1601
50.125000,886,1604
50.130001,947,1597
50.135000,764,1606
50.140000,825,1604
50.144999,977,1606
50.150000,846,1611
50.155000,781,1610
50.160001,976,1609
50.165000,939,1609
50.170000,761,1615
50.175000,898,1611
50.180000,965,1608
50.185000,767,1613
50.190000,828,1612
50.195000,969,1612
50.199999,863,1612
50.205000,782,1613
50.210000,970,1609
50.215000,942,1609
50.220001,759,1606
50.225000,902,1604
50.230000,945,1607
50.234999,779,1603
50.240000,816,1605
50.245000,969,1607
50.250000,863,1615
50.255000,783,1611
50.260000,978,1613
50.265000,923,1613
50.269999,772,1609
50.275000,878,1613
50.279999,956,1611
50.285000,766,1612
50.290001,828,1613
50.295000,988,1611
50.300000,849,1617
50.304999,797,1615
50.310000,969,1611
50.315000,939,1608
50.320001,762,1608
50.325001,900,1605
50.330000,952,1608
50.335000,761,1607
50.340001,805,1608
50.345000,981,1597
50.349999,860,1605
50.355000,780,1606
50.359999,973,1603
50.365000,926,1603
50.369999,778,1604
50.375000,883,1607
50.380000,966,1603
50.385000,764,1605
50.390000,824,1604
50.394999,978,1602
50.400001,851,1599
50.405001,793,1606
50.409999,973,1603
50.414999,924,1605
50.420000,764,1605
50.425000,880,1605
50.430000,970,1604
50.435000,763,1604
50.439999,823,1603
50.445001,974,1605
50.450000,871,1604
50.455000,783,1609
50.460000,986,1600
50.464999,939,1602
50.470000,759,1608
50.475000,896,1605
50.480000,945,1610
50.484999,777,1609
50.490000,808,1605
50.494999,984,1615
50.500000,859,1609
50.505000,801,1611
50.509999,979,1608
50.515000,929,1612
50.519999,778,1614
50.525000,898,1609
50.530000,950,1612
50.535001,782,1607
50.540000,805,1614
50.545000,982,1609
50.550000,875,1606
50.554999,778,1610
50.560000,981,1610
50.564999,930,1604
50.570001,770,1604
50.575000,876,1608
50.580000,964,1601
50.585000,780,1602
50.589999,807,1603
50.595000,986,1601
50.600000,855,1596
50.605000,802,1600
50.610000,964,1600
50.615000,945,1597
50.620001,754,1597
50.624999,886,1593
50.630000,956,1596
50.635000,765,1598
50.640000,826,1598
50.644999,975,1599
50.650000,867,1600
50.655000,781,1596
50.660000,980,1596
50.665000,924,1599
50.670000,774,1596
50.675000,877,1596
50.680000,952,1601
50.685000,767,1590
50.690000,819,1599
50.695000,974,1598
50.699999,864,1602
50.705000,799,1600
50.710001,965,1604
50.714999,944,1603
50.720001,760,1599
50.724999,888,1602
50.730000,951,1603
50.734999,759,1605
50.740000,821,1603
50.745000,971,1608
50.750000,857,1609
50.755000,792,1606
50.760000,974,1600
50.765000,941,1610
50.770000,754,1609
50.775001,875,1611
50.780000,947,1610
50.785000,782,1611
50.790001,818,1611
50.795000,975,1611
50.800000,875,1605
50.804999,788,1612
50.809999,960,1615
50.815000,933,1613
50.820000,756,1615
50.824999,886,1614
50.830001,956,1614
50.835001,766,1614
50.840000,823,1617
50.845000,973,1620
50.850000,876,1617
50.855001,779,1619
50.860000,979,1617
50.865000,933,1622
50.869999,760,1615
50.875001,882,1620
50.880000,953,1624
50.885000,782,1615
50.890001,813,1623
50.895001,980,1625
50.899999,878,1621
50.904999,793,1625
50.910000,984,1627
50.915000,938,1626
50.920000,758,1627
50.925000,871,1624
50.930000,960,1626
50.935000,781,1628
50.939999,807,1625
50.945000,972,1626
50.949999,876,1625
50.955000,787,1627
50.960000,982,1624
50.965001,929,1624
50.970001,768,1625
50.974999,865,1628
50.980000,963,1624
50.985000,765,1625
50.990001,825,1626
50.995001,973,1624
50.999999,881,1625
51.005000,786,1627
51.010000,978,1625
51.015000,932,1625
51.020000,772,1629
51.025001,881,1631
51.030000,956,1624
51.035000,784,1633
51.040000,820,1634
51.045000,982,1634
51.050000,863,1637
51.054999,796,1633
51.060000,966,1636
51.064999,940,1632
51.070001,772,1631
51.075000,869,1630
51.080001,952,1631
51.085001,765,1627
51.090000,827,1626
51.095001,983,1625
51.099999,888,1621
51.105000,786,1621
51.109999,964,1620
51.115001,927,1618
51.120000,771,1619
51.124999,870,1611
51.129999,960,1612
51.135000,782,1613
51.140000,819,1613
51.145000,975,1613
51.150001,885,1612
51.155000,777,1616
51.160000,975,1611
51.165000,924,1610
51.169999,762,1611
51.174999,885,1609
51.180000,953,1610
51.185001,786,1608
51.190000,812,1606
51.195000,978,1610
51.200001,874,1602
51.205001,779,1612
51.209999,970,1607
51.215000,934,1612
51.220001,753,1611
51.225001,878,1610
51.230000,951,1610
51.234999,787,1611
51.240001,809,1610
51.245000,972,1612
51.249999,886,1608
51.254999,788,1607
51.260001,957,1610
51.265000,936,1610
51.270000,746,1609
51.275000,874,1607
51.280001,952,1607
51.284999,788,1605
51.289999,806,1604
51.295000,991,1602
51.300000,873,1605
51.304999,778,1606
51.310000,978,1601
51.315000,925,1601
51.320000,767,1601
51.324999,868,1600
51.330000,946,1596
51.334999,780,1597
51.340001,817,1596
51.345001,980,1597
51.350000,865,1601
51.355000,789,1598
51.360000,965,1593
51.365000,933,1598
51.370000,753,1600
51.375001,878,1599
51.380000,953,1600
51.385000,782,1602
51.390000,827,1599
51.394999,976,1604
51.400001,864,1606
51.405001,794,1607
51.410000,955,1608
51.415001,945,1606
51.420001,756,1606
51.425000,855,1610
51.430001,971,1606
51.435001,762,1613
51.440000,822,1608
51.445000,978,1608
51.450000,885,1606
51.455000,780,1613
51.460000,969,1610
51.465000,930,1612
51.469999,750,1613
51.475000,855,1610
51.480001,967,1612
51.485000,771,1614
51.490001,805,1616
51.495000,970,1619
51.499999,887,1615
51.505000,785,1615
51.509999,963,1618
51.515000,923,1618
51.519999,769,1618
51.525000,871,1621
51.530000,959,1620
51.535000,771,1623
51.540000,803,1627
51.544999,972,1626
51.549999,882,1628
51.554999,780,1620
51.560000,971,1628
51.565000,932,1630
51.570000,753,1629
51.574999,866,1619
51.580001,978,1629
51.585000,777,1628
51.589999,819,1626
51.595001,989,1628
51.600001,887,1630
51.605000,776,1630
51.610000,973,1626
51.615000,938,1626
51.620000,753,1629
51.625000,868,1627
51.630000,968,1626
51.634999,772,1630
51.640000,803,1626
51.645000,974,1627
51.650000,894,1623
51.655000,782,1623
51.660000,970,1618
51.665000,937,1623
51.669999,758,1622
51.675000,854,1622
51.679999,973,1621
51.685001,784,1616
51.689999,804,1617
51.695000,988,1617
51.700000,881,1616
51.704999,773,1611
51.709999,966,1608
51.715001,929,1607
51.719999,771,1608
51.725000,855,1603
51.730001,952,1605
51.734999,791,1601
51.740000,803,1598
51.745001,986,1596
51.750000,879,1596
51.755000,789,1595
51.760000,950,1596
51.765001,924,1590
51.770000,769,1591
51.775000,853,1592
51.780000,948,1593
51.785001,780,1588
51.790001,799,1588
51.794999,981,1582
51.800000,876,1587
51.804999,786,1582
51.810000,945,1583
51.814999,937,1580
51.820000,754,1579
51.824999,847,1577
51.830000,968,1577
51.835000,779,1575
51.840000,812,1570
51.845001,981,1574
51.850000,873,1573
51.855000,786,1572
51.860000,944,1576
51.865000,941,1573
51.870000,750,1570
51.874999,848,1576
51.879999,946,1579
51.885000,784,1575
51.890000,804,1567
51.894999,991,1580
51.900000,883,1580
51.905000,770,1583
51.910000,961,1583
51.915000,923,1585
51.919999,764,1587
51.924999,844,1591
51.929999,975,1587
51.935001,785,1593
51.940000,804,1592
51.944999,993,1593
51.950000,881,1597
51.955000,793,1596
51.960000,958,1598
51.964999,930,1602
51.970001,752,1603
51.974999,861,1603
51.980000,963,1605
51.985001,789,1608
51.990000,813,1607
51.995000,971,1612
51.999999,895,1609
52.005000,768,1612
52.010000,964,1609
52.015000,936,1610
52.019999,773,1612
52.025000,851,1616
52.030001,953,1619
52.034999,775,1617
52.039999,820,1615
52.045000,978,1616
52.050000,891,1618
52.055001,774,1620
52.060000,975,1613
52.064999,947,1620
52.070001,766,1614
52.075000,856,1620
52.079999,954,1622
52.084999,801,1618
52.090001,809,1620
52.095001,992,1620
52.100000,898,1624
52.105000,771,1626
52.109999,959,1622
52.115000,931,1623
52.119999,751,1626
52.125001,860,1622
52.130000,967,1625
52.135000,782,1624
52.140001,819,1621
52.145000,981,1627
52.150000,908,1622
52.155000,784,1624
52.160000,946,1621
52.165000,945,1620
52.170001,767,1615
52.174999,862,1619
52.179999,978,1619
52.185001,790,1618
52.190000,803,1616
52.195000,996,1619
52.200000,907,1614
52.204999,787,1616
52.209999,950,1609
52.215000,930,1614
52.220000,773,1612
52.225000,851,1612
52.230000,955,1612
52.234999,778,1613
52.240001,819,1610
52.245000,987,1609
52.249999,915,1608
52.255000,781,1612
52.259999,957,1614
52.265000,948,1613
52.269999,753,1614
52.275000,856,1613
52.280000,960,1612
52.285000,777,1613
52.290000,813,1615
52.295000,971,1619
52.300000,889,1618
52.305000,777,1620
52.310000,964,1618
52.314999,936,1615
52.320000,750,1615
52.324999,840,1620
52.330000,971,1614
52.335000,778,1614
52.340000,817,1616
52.345001,998,1612
52.350001,894,1609
52.354999,776,1611
52.359999,940,1612
52.365001,934,1612
52.370000,752,1611
52.375001,848,1609
52.380000,978,1611
52.385000,789,1611
52.390000,822,1608
52.394999,982,1612
52.400000,890,1616
52.404999,789,1611
52.410001,945,1610
52.415000,936,1600
52.419999,767,1609
52.425000,835,1611
52.430000,954,1609
52.435000,794,1608
52.440000,820,1606
52.445000,979,1607
52.449999,895,1607
52.455000,785,1604
52.460000,945,1604
52.464999,940,1599
52.470000,760,1602
52.475000,831,1606
52.480000,978,1603
52.484999,789,1602
52.490000,807,1604
52.495000,996,1600
52.499999,902,1600
52.505000,767,1606
52.510000,959,1599
52.515001,938,1599
52.519999,746,1600
52.525001,853,1599
52.530000,969,1600
52.535000,778,1603
52.540001,815,1602
52.545000,970,1602
52.550000,914,1600
52.555000,769,1601
52.560000,952,1601
52.565001,931,1601
52.569999,750,1600
52.574999,848,1601
52.580001,951,1601
52.585000,799,1596
52.590000,796,1600
52.595001,983,1597
52.600000,902,1594
52.605000,782,1593
52.609999,942,1595
52.615001,943,1605
52.620000,759,1599
52.624999,832,1597
52.630000,977,1596
52.635000,792,1602
52.640001,798,1603
52.645000,989,1602
52.650000,912,1605
52.655000,768,1605
52.660000,952,1604
52.665000,940,1607
52.669999,753,1608
52.675000,844,1606
52.679999,964,1611
52.685000,793,1609
52.689999,796,1607
52.695000,995,1609
52.700000,904,1609
52.705000,789,1610
52.710000,945,1610
52.715000,927,1610
52.720000,765,1603
52.725001,837,1609
52.730000,957,1611
52.735000,800,1611
52.740000,799,1610
52.745000,987,1610
52.749999,899,1613
52.754999,782,1612
52.760000,943,1610
52.765000,928,1613
52.769999,767,1611
52.775001,836,1612
52.780000,962,1613
52.785000,794,1613
52.790000,799,1616
52.794999,975,1615
52.800000,928,1611
52.805000,782,1615
52.810000,943,1615
52.814999,929,1617
52.820001,768,1613
52.825001,836,1614
52.830000,973,1616
52.835000,790,1619
52.839999,813,1616
52.845001,971,1617
52.850000,917,1616
52.854999,774,1615
52.860000,956,1610
52.865001,933,1615
52.870001,767,1609
52.874999,828,1612
52.879999,956,1616
52.885000,809,1608
52.890000,803,1609
52.895000,982,1605
52.900001,900,1607
52.905000,784,1606
52.910001,941,1603
52.914999,926,1603
52.920000,765,1603
52.925000,824,1603
52.930000,979,1601
52.935001,801,1599
52.940000,804,1598
52.945000,976,1601
52.950000,923,1599
52.954999,771,1600
52.959999,929,1599
52.965000,947,1598
52.970001,757,1597
52.975000,822,1600
52.980000,973,1600
52.984999,789,1602
52.990001,803,1594
52.995001,986,1599
53.000001,905,1603
53.005001,790,1601
53.009999,938,1600
53.015000,927,1605
53.019999,760,1603
53.025000,821,1605
53.030000,976,1600
53.035000,797,1606
53.040000,822,1601
53.045000,993,1602
53.050000,912,1604
53.055000,770,1604
53.060000,928,1606
53.065000,938,1597
53.070001,761,1603
53.075001,817,1607
53.079999,980,1607
53.085000,789,1609
53.089999,811,1608
53.095001,976,1611
53.099999,929,1611
53.105001,778,1612
53.110000,930,1612
53.115001,949,1613
53.120001,749,1615
53.125001,845,1614
53.130000,964,1614
53.134999,810,1609
53.140001,811,1616
53.145001,979,1619
53.150001,932,1614
53.155001,771,1615
53.160000,949,1615
53.165000,938,1615
53.170000,767,1618
53.175000,825,1617
53.180000,981,1615
53.185000,803,1615
53.190000,795,1615
53.195000,990,1613
53.199999,912,1617
53.205000,772,1603
53.210000,940,1610
53.215000,952,1611
53.220000,755,1614
53.224999,819,1611
53.230000,977,1609
53.235000,796,1607
53.240000,802,1606
53.245000,982,1615
53.250000,909,1613
53.254999,773,1609
53.260001,929,1613
53.265000,950,1610
53.270000,760,1612
53.275000,818,1610
53.280000,972,1611
53.285000,806,1610
53.290000,816,1608
53.294999,985,1611
53.300000,918,1603
53.305000,784,1610
53.310000,936,1605
53.314999,941,1606
53.320000,747,1610
53.325000,835,1607
53.329999,963,1608
53.334999,817,1608
53.340001,805,1606
53.344999,972,1609
53.350000,934,1605
53.355000,776,1606
53.359999,929,1608
53.365000,955,1605
53.370000,760,1608
53.375000,820,1606
53.380001,982,1605
53.385000,804,1606
53.390001,797,1609
53.395000,974,1606
53.400000,924,1607
53.405000,765,1611
53.410000,935,1606
53.415000,931,1607
53.419999,773,1601
53.424999,829,1606
53.429999,978,1600
53.435000,804,1606
53.440000,811,1604
53.445000,970,1606
53.449999,925,1601
53.455000,767,1604
53.460000,942,1601
53.465000,931,1601
53.470001,769,1602
53.475000,821,1603
53.480001,979,1604
53.485001,796,1606
53.490000,799,1604
53.495000,975,1605
53.499999,925,1604
53.505000,766,1607
53.510000,930,1606
53.515001,951,1609
53.520001,758,1606
53.525000,819,1604
53.530000,974,1608
53.535000,809,1604
53.540000,802,1607
53.544999,994,1605
53.549999,921,1604
53.555000,784,1607
53.560000,940,1601
53.565000,931,1604
53.570000,753,1608
53.575000,840,1597
53.580000,969,1599
53.584999,801,1600
53.590001,815,1598
53.595000,984,1599
53.599999,931,1597
53.604999,766,1600
53.609999,942,1598
53.615000,940,1593
53.619999,748,1599
53.625000,829,1597
53.630000,966,1599
53.635000,801,1598
53.640000,818,1599
53.645000,978,1599
53.650000,926,1597
53.654999,763,1603
53.660000,944,1599
53.665000,934,1600
53.669999,762,1594
53.674999,824,1599
53.679999,964,1602
53.685000,805,1600
53.689999,812,1600
53.695000,979,1599
53.700000,925,1592
53.704999,761,1603
53.709999,934,1598
53.715000,938,1598
53.720000,764,1591
53.725000,818,1600
53.730000,962,1604
53.735000,818,1599
53.740000,796,1605
53.744999,990,1601
53.750001,923,1601
53.755000,771,1593
53.760001,937,1603
53.765000,929,1603
53.770000,764,1603
53.775001,815,1601
53.780000,960,1603
53.785000,820,1599
53.790000,800,1597
53.795000,973,1599
53.800000,936,1596
53.804999,771,1594
53.810000,928,1587
53.814999,941,1593
53.820000,744,1592
53.824999,825,1592
53.830000,969,1593
53.835000,799,1594
53.839999,813,1588
53.845000,972,1591
53.850000,930,1587
53.855000,761,1593
53.860000,942,1586
53.864999,929,1589
53.870000,766,1586
53.874999,826,1586
53.879999,963,1589
53.885001,808,1580
53.890000,805,1588
53.894999,966,1591
53.899999,931,1588
53.905000,763,1588
53.910000,937,1590
53.915000,938,1590
53.919999,744,1593
53.924999,829,1589
53.929999,965,1590
53.935001,797,1594
53.940000,805,1593
53.945000,971,1592
53.949999,926,1591
53.955000,772,1593
53.960000,916,1594
53.964999,939,1592
53.970000,746,1595
53.975000,826,1594
53.980000,965,1593
53.985000,825,1590
53.990000,794,1596
53.995000,990,1588
54.000000,921,1596
54.005000,776,1595
54.009999,920,1596
54.015001,947,1600
54.020000,744,1600
54.025001,827,1595
54.030001,970,1599
54.034999,811,1598
54.040000,793,1602
54.044999,992,1602
54.050000,920,1602
54.055000,758,1607
54.060000,933,1604
54.064999,935,1604
54.070000,767,1605
54.074999,820,1605
54.080001,960,1605
54.085000,815,1609
54.090000,815,1611
54.095000,976,1609
54.099999,921,1602
54.104999,779,1614
54.109999,918,1617
54.115000,931,1616
54.119999,763,1617
54.125000,820,1616
54.130001,965,1620
54.134999,824,1620
54.140000,807,1620
54.144999,980,1621
54.150001,916,1623
54.155000,783,1622
54.160000,928,1624
54.165001,952,1622
54.169999,771,1624
54.174999,829,1622
54.179999,970,1626
54.185000,818,1619
54.189999,809,1624
54.195001,978,1625
54.200000,917,1624
54.204999,782,1628
54.209999,930,1626
54.215000,954,1621
54.220000,765,1624
54.225000,830,1628
54.230000,971,1623
54.235000,822,1628
54.240000,798,1629
54.245000,1001,1626
54.250000,923,1630
54.255000,767,1632
54.260000,944,1626
54.265001,957,1629
54.270000,761,1627
54.275001,836,1627
54.280000,977,1628
54.285000,816,1628
54.290000,797,1630
54.295001,998,1626
54.300000,930,1625
54.304999,769,1626
54.310000,940,1624
54.314999,941,1625
54.320001,773,1624
54.325001,822,1623
54.330000,978,1617
54.335000,822,1624
54.340000,800,1624
54.345000,974,1625
54.349999,941,1618
54.355000,771,1621
54.359999,921,1622
54.364999,953,1620
54.369999,772,1622
54.375001,820,1625
54.380000,989,1622
54.384999,818,1620
54.390000,798,1621
54.394999,986,1623
54.400001,928,1619
54.404999,771,1620
54.410000,929,1618
54.415001,948,1620
54.420000,755,1621
54.425001,834,1618
54.429999,973,1618
54.435001,812,1617
54.440001,814,1619
54.445000,980,1617
54.449999,935,1613
54.455001,777,1613
54.460000,915,1613
54.465000,952,1604
54.470001,764,1611
54.475000,819,1610
54.480001,966,1610
54.485000,831,1607
54.489999,796,1607
54.494999,994,1604
54.500000,922,1607
54.505000,775,1602
54.510000,917,1603
54.515001,956,1599
54.519999,755,1599
54.525001,830,1599
54.530000,969,1599
54.535001,826,1593
54.539999,800,1595
54.545000,986,1588
54.549999,916,1597
54.555000,760,1596
54.560001,910,1590
54.564999,946,1588
54.570000,748,1596
54.575000,817,1594
54.579999,981,1592
54.584999,827,1595
54.590000,797,1594
54.595001,970,1594
54.600001,937,1591
54.605000,764,1595
54.610000,926,1594
54.615000,941,1595
54.619999,750,1597
54.625000,827,1588
54.630001,967,1595
54.634999,812,1596
54.640000,807,1591
54.645000,974,1593
54.650000,916,1594
54.654999,761,1592
54.660000,922,1584
54.665000,956,1593
54.670000,760,1591
54.675000,810,1592
54.679999,976,1592
54.685000,817,1594
54.689999,809,1595
54.694999,979,1593
54.699999,931,1592
54.705000,766,1595
54.710000,908,1598
54.715000,948,1595
54.720000,752,1596
54.725000,820,1589
54.730000,977,1598
54.734999,817,1600
54.740000,788,1599
54.744999,985,1599
54.750001,918,1604
54.754999,777,1604
54.760000,916,1603
54.764999,943,1599
54.769999,772,1608
54.775000,824,1609
54.779999,969,1613
54.785000,831,1609
54.790000,809,1613
54.794999,969,1619
54.799999,938,1617
54.804999,778,1618
54.810000,912,1619
54.815000,960,1617
54.820001,762,1619
54.824999,813,1625
54.830000,985,1622
54.835000,824,1624
54.839999,799,1624
54.845000,997,1623
54.850000,924,1626
54.855000,781,1623
54.859999,933,1625
54.865001,949,1628
54.870000,752,1628
54.875001,825,1627
54.880000,970,1633
54.885000,844,1629
54.890000,803,1628
54.894999,989,1628
54.900000,933,1631
54.905000,770,1631
54.910001,910,1633
54.915000,956,1631
54.920000,765,1632
54.924999,815,1632
54.930000,969,1632
54.935000,823,1632
54.940000,813,1626
54.944999,975,1628
54.950000,921,1624
54.955000,785,1625
54.960000,920,1621
54.965000,941,1620
54.970001,775,1620
54.974999,824,1618
54.980001,968,1619
54.985000,838,1615
54.990000,804,1616
54.994999,974,1615
54.999999,926,1611
55.005000,768,1610
55.010000,910,1613
55.015001,958,1609
55.020000,763,1608
55.025001,817,1611
55.029999,974,1601
55.035000,830,1611
55.040000,813,1603
55.044999,982,1605
55.050000,915,1598
55.055000,767,1603
55.060000,909,1604
55.064999,939,1603
55.070000,769,1598
55.075000,812,1600
55.079999,964,1603
55.084999,835,1601
55.090000,802,1596
55.095000,970,1595
55.100000,932,1595
55.105000,765,1595
55.109999,923,1590
55.115000,938,1594
55.119999,752,1593
55.125000,803,1593
55.130000,978,1587
55.135001,830,1592
55.140000,793,1592
55.144999,985,1595
55.150001,915,1595
55.155000,772,1594
55.160000,904,1595
55.164999,954,1592
55.170001,758,1593
55.175000,803,1593
55.180001,983,1593
55.185000,828,1592
55.190000,787,1592
55.194999,986,1593
55.199999,922,1592
55.205001,765,1594
55.210000,910,1589
55.215001,933,1595
55.220001,768,1590
55.225000,818,1590
55.230000,963,1593
55.235000,830,1591
55.239999,798,1586
55.245000,982,1592
55.250000,921,1593
55.255000,761,1592
55.260000,920,1590
55.265000,941,1594
55.270000,765,1597
55.274999,810,1592
55.279999,965,1597
55.285000,828,1589
55.290000,796,1596
55.295000,970,1593
55.300000,924,1596
55.305000,765,1595
55.310000,895,1601
55.315000,934,1599
55.320001,764,1598
55.325001,811,1594
55.329999,984,1596
55.334999,830,1596
55.340001,790,1597
55.345001,966,1601
55.350000,933,1596
55.355001,765,1597
55.360001,897,1600
55.365000,953,1593
55.369999,754,1600
55.374999,820,1588
55.380000,972,1597
55.385000,838,1596
55.390001,792,1600
55.395000,965,1598
55.400001,915,1596
55.405001,771,1598
55.410000,902,1600
55.415000,952,1597
55.420000,761,1599
55.425000,802,1597
55.430000,981,1600
55.435000,826,1601
55.439999,808,1601
55.445000,976,1606
55.450000,917,1604
55.455000,754,1604
55.460000,912,1605
55.464999,939,1612
55.470001,771,1609
55.475000,818,1605
55.480001,966,1610
55.485000,837,1614
55.489999,786,1614
55.494999,987,1614
55.500000,919,1617
55.505000,759,1616
55.510000,921,1615
55.515001,942,1616
55.520000,753,1620
55.525001,822,1611
55.530001,969,1625
55.534999,841,1614
55.539999,793,1619
55.545000,984,1615
55.550001,923,1623
55.555000,758,1621
55.560001,920,1617
55.565000,938,1620
55.570001,763,1616
55.575000,823,1619
55.580001,968,1621
55.585000,833,1614
55.589999,797,1622
55.595001,968,1623
55.600000,931,1624
55.605000,758,1624
55.609999,917,1622
55.615000,947,1625
55.620001,752,1624
55.625000,819,1622
55.630000,973,1626
55.635000,828,1627
55.640001,805,1625
55.645000,970,1627
55.650000,936,1627
55.654999,765,1626
55.660000,901,1626
55.665001,951,1622
55.670000,754,1628
55.675000,814,1618
55.679999,986,1622
55.685000,829,1625
55.690000,806,1620
55.695000,967,1621
55.699999,932,1618
55.705001,776,1617
55.710000,894,1618
55.715000,948,1615
55.720000,762,1610
55.725000,824,1615
55.730001,978,1615
55.735000,831,1617
55.740000,806,1616
55.745000,983,1616
55.750000,926,1617
55.755001,762,1619
55.760001,918,1620
55.765000,943,1620
55.769999,778,1620
55.775000,813,1624
55.779999,982,1621
55.785000,830,1624
55.790001,809,1621
55.795001,971,1625
55.800000,924,1624
55.805000,776,1624
55.810000,905,1623
55.814999,949,1616
55.820000,769,1622
55.825000,816,1622
55.829999,975,1627
55.835000,852,1624
55.840000,792,1627
55.845000,995,1621
55.850000,930,1622
55.855000,756,1627
55.860000,896,1629
55.865000,957,1625
55.869999,763,1628
55.875001,814,1630
55.880000,993,1628
55.884999,845,1629
55.890000,792,1631
55.894999,990,1629
55.900000,933,1628
55.905000,763,1628
55.910000,912,1625
55.915000,961,1626
55.920000,763,1627
55.925001,809,1631
55.930000,992,1627
55.935000,843,1622
55.940001,809,1624
55.944999,978,1619
55.950000,935,1620
55.955000,773,1623
55.960000,890,1621
55.964999,963,1622
55.970000,764,1620
55.974999,810,1622
55.980000,993,1616
55.985000,840,1617
55.990000,785,1621
55.994999,984,1617
55.999999,921,1619
56.005000,774,1615
56.010000,901,1616
56.015000,951,1616
56.020000,756,1619
56.025000,821,1612
56.030000,971,1613
56.035000,847,1615
56.039999,791,1616
56.045000,985,1613
56.049999,938,1610
56.055000,768,1614
56.060000,893,1610
56.065000,964,1608
56.070000,766,1607
56.075000,815,1608
56.080000,970,1609
56.085001,837,1606
56.089999,808,1606
56.095000,978,1601
56.100000,932,1602
56.105000,758,1606
56.109999,903,1601
56.115001,963,1603
56.120000,761,1603
56.125000,820,1599
56.130000,994,1598
56.134999,845,1602
56.140001,784,1604
56.145000,991,1600
56.150000,921,1601
56.154999,780,1599
56.160000,904,1598
56.165000,941,1599
56.170000,778,1598
56.175000,811,1598
56.179999,967,1605
56.184999,852,1600
56.189999,795,1599
56.195000,965,1601
56.200000,927,1600
56.204999,762,1602
56.210000,909,1600
56.215000,949,1600
56.220001,753,1603
56.225000,829,1600
56.230001,974,1598
56.235000,837,1599
56.240000,803,1598
56.244999,978,1596
56.250001,920,1600
56.255000,767,1592
56.259999,907,1598
56.265000,940,1599
56.270000,773,1598
56.275000,813,1599
56.280000,986,1593
56.285001,852,1599
56.290001,785,1602
56.295000,988,1600
56.300000,937,1600
56.304999,753,1602
56.310000,906,1597
56.315000,949,1602
56.320000,754,1600
56.325000,815,1599
56.329999,973,1599
56.335000,859,1598
56.340000,787,1600
56.345000,981,1600
56.350000,921,1600
56.355001,769,1604
56.360000,896,1601
56.365001,941,1606
56.370001,773,1602
56.375001,820,1610
56.380000,979,1611
56.385001,844,1611
56.390001,785,1606
56.394999,989,1610
56.400000,923,1615
56.404999,771,1613
56.410000,901,1613
56.414999,946,1614
56.420000,762,1614
56.425000,815,1606
56.430000,987,1611
56.435000,848,1615
56.440001,788,1613
56.444999,967,1613
56.450000,942,1610
56.455000,772,1609
56.460000,899,1607
56.464999,952,1608
56.470000,757,1609
56.475000,822,1605
56.480001,972,1605
56.485000,864,1605
56.490000,783,1606
56.494999,986,1602
56.500000,922,1603
56.505000,753,1604
56.510000,880,1604
56.515001,957,1603
56.520000,765,1602
56.525000,807,1599
56.530000,993,1597
56.535001,839,1601
56.540000,798,1599
56.544999,976,1601
56.550000,920,1603
56.555000,775,1601
56.560001,886,1602
56.565000,949,1597
56.570000,762,1600
56.575000,807,1601
56.579999,968,1604
56.584999,863,1599
56.589999,795,1601
56.595001,965,1603
56.599999,918,1603
56.605000,771,1604
56.609999,888,1601
56.615000,944,1606
56.620000,773,1600
56.624999,809,1604
56.629999,969,1603
56.635001,854,1602
56.640000,786,1604
56.645001,984,1600
56.649999,931,1603
56.654999,758,1602
56.660000,900,1602
56.665001,946,1603
56.669999,774,1599
56.674999,812,1598
56.679999,986,1594
56.685000,851,1597
56.689999,781,1597
56.695001,981,1597
56.700000,934,1596
56.705001,756,1598
56.710001,878,1599
56.715000,962,1594
56.720000,762,1594
56.725000,811,1597
56.730000,986,1594
56.735000,853,1598
56.740001,783,1596
56.745000,986,1598
56.750000,926,1598
56.755001,761,1598
56.760000,883,1601
56.765000,965,1602
56.769999,761,1601
56.775000,820,1597
56.779999,984,1602
56.785000,858,1603
56.790000,783,1607
56.795000,981,1602
56.800000,941,1606
56.805000,764,1606
56.810001,885,1608
56.814999,946,1611
56.820000,762,1605
56.824999,815,1610
56.830001,976,1608
56.835000,863,1606
56.840001,800,1608
56.845000,972,1608
56.850001,924,1608
56.855000,772,1606
56.859999,891,1607
56.865000,949,1602
56.870000,760,1606
56.874999,831,1609
56.880000,981,1605
56.884999,864,1609
56.890000,781,1610
56.895000,985,1608
56.900001,924,1608
56.905000,772,1608
56.910001,875,1614
56.915000,947,1610
56.920000,786,1604
56.925000,817,1608
56.930000,972,1614
56.935000,851,1610
56.939999,791,1610
56.945000,982,1604
56.949999,943,1604
56.955000,763,1604
56.960001,881,1603
56.964999,956,1603
56.970000,760,1607
56.975000,828,1600
56.980000,977,1599
56.985000,850,1600
56.990000,795,1598
56.995000,967,1597
56.999999,925,1598
57.004999,776,1597
57.010000,874,1595
57.015000,961,1595
57.020000,761,1597
57.025000,819,1591
57.030000,975,1596
57.035001,863,1589
57.040000,792,1595
57.044999,969,1596
57.049999,920,1597
57.054999,774,1598
57.059999,879,1599
57.064999,951,1599
57.070000,782,1599
57.075000,811,1603
57.080000,971,1600
57.085000,853,1604
57.090000,799,1604
57.095000,974,1601
57.099999,919,1604
57.105001,772,1603
57.110000,877,1603
57.115000,953,1604
57.120000,764,1605
57.124999,824,1603
57.129999,975,1604
57.135000,880,1599
57.140000,791,1603
57.145000,959,1606
57.150001,947,1598
57.155000,766,1602
57.160000,879,1605
57.165000,954,1603
57.170001,774,1606
57.175001,803,1609
57.180000,991,1606
57.185001,870,1603
57.190000,784,1607
57.195000,976,1608
57.200000,931,1610
57.205000,751,1610
57.210000,867,1610
57.214999,968,1611
57.220000,770,1610
57.225000,807,1613
57.230001,993,1606
57.235000,872,1612
57.240000,803,1608
57.245000,970,1612
57.250000,931,1613
57.255000,772,1612
57.259999,867,1615
57.265000,949,1613
57.270000,782,1606
57.275000,824,1612
57.280000,990,1612
57.285000,862,1611
57.290000,782,1612
57.295000,982,1612
57.299999,924,1615
57.305000,766,1613
57.310000,880,1610
57.315000,954,1611
57.320000,769,1612
57.324999,829,1612
57.330001,978,1612
57.335001,860,1619
57.339999,793,1614
57.345001,968,1612
57.350001,932,1619
57.354999,772,1616
57.360000,885,1616
57.365001,964,1619
57.370001,784,1613
57.375000,814,1619
57.380000,975,1620
57.384999,878,1617
57.390000,784,1616
57.395000,966,1616
57.400001,924,1615
57.405001,772,1614
57.410000,882,1615
57.415001,949,1613
57.420001,783,1611
57.425000,811,1611
57.430001,992,1604
57.435000,866,1612
57.439999,780,1609
57.445000,977,1607
57.449999,941,1609
57.455000,754,1606
57.459999,881,1608
57.465000,966,1608
57.470000,766,1608
57.475000,820,1601
57.480000,986,1609
57.484999,868,1610
57.490000,776,1613
57.495000,980,1615
57.499999,928,1612
57.504999,750,1612
57.510000,878,1602
57.515000,964,1610
57.519999,764,1613
57.525000,828,1605
57.529999,990,1603
57.535001,874,1609
57.540000,781,1611
57.544999,955,1610
57.550000,937,1608
57.555000,756,1609
57.560001,860,1610
57.565000,964,1610
57.570001,768,1611
57.575000,822,1612
57.579999,978,1611
57.585000,887,1610
57.589999,787,1610
57.595001,974,1606
57.600000,938,1604
57.605001,769,1614
57.610001,873,1615
57.615000,952,1615
57.619999,776,1608
57.625000,815,1614
57.630000,972,1616
57.635000,890,1612
57.640000,797,1615
57.645001,958,1614
57.649999,923,1615
57.654999,749,1613
57.660001,870,1613
57.665001,955,1605
57.669999,781,1609
57.674999,826,1612
57.679999,986,1616
57.685000,873,1614
57.689999,793,1608
57.695001,973,1621
57.700000,930,1619
57.705000,763,1620
57.710000,857,1625
57.715000,972,1620
57.720000,765,1623
57.724999,829,1616
57.730000,980,1624
57.735000,885,1623
57.740001,781,1626
57.744999,970,1628
57.750000,942,1622
57.755000,763,1627
57.759999,885,1625
57.765000,970,1629
57.770000,774,1627
57.775000,803,1631
57.780000,988,1631
57.785000,872,1633
57.789999,779,1635
57.795000,975,1627
57.800000,944,1630
57.804999,755,1633
57.810000,860,1633
57.815000,966,1629
57.820000,775,1629
57.824999,807,1631
57.830000,995,1627
57.835001,877,1628
57.840001,781,1631
57.845000,975,1628
57.850000,930,1626
57.855001,777,1623
57.860001,872,1620
57.865000,955,1622
57.869999,788,1620
57.875000,819,1617
57.880000,987,1618
57.884999,873,1619
57.890000,799,1614
57.895001,971,1616
57.899999,941,1613
57.904999,759,1615
57.910000,874,1610
57.915001,975,1610
57.920000,774,1614
57.925000,814,1610
57.930001,997,1607
57.934999,885,1613
57.939999,778,1613
57.945000,972,1612
57.950000,940,1609
57.954999,752,1613
57.959999,875,1611
57.965000,955,1616
57.970000,767,1614
57.974999,822,1611
57.980000,985,1614
57.985001,876,1611
57.990001,775,1611
57.995001,979,1606
58.000000,935,1607
58.005000,761,1610
58.010001,863,1608
58.015001,959,1607
58.020001,767,1606
58.025000,815,1610
58.030000,973,1609
58.035000,891,1607
58.040001,786,1605
58.045000,957,1607
58.050000,941,1602
58.055000,750,1609
58.060000,878,1606
58.064999,952,1606
58.070000,767,1608
58.075001,816,1607
58.080000,972,1610
58.085000,888,1611
58.090000,777,1612
58.095000,977,1609
58.100000,929,1612
58.105001,761,1602
58.110000,867,1609
58.115001,952,1611
58.120000,788,1606
58.124999,814,1610
58.130000,976,1609
58.134999,899,1608
58.140001,782,1611
58.145000,959,1609
58.150001,943,1604
58.155000,755,1611
58.160000,873,1608
58.165000,957,1610
58.170000,788,1609
58.175001,802,1611
58.180000,985,1608
58.185000,881,1612
58.190000,793,1611
58.195000,964,1609
58.199999,928,1612
58.205000,774,1608
58.210000,870,1608
58.215000,958,1610
58.220000,775,1608
58.225000,821,1606
58.230001,973,1608
58.235000,890,1602
58.240000,787,1605
58.245000,960,1603
58.250000,938,1598
58.255000,751,1604
58.260000,862,1602
58.265000,954,1603
58.270000,772,1601
58.275001,823,1599
58.280000,974,1603
58.285001,894,1598
58.290000,776,1599
58.294999,947,1601
58.299999,944,1597
58.305000,766,1598
58.310000,855,1599
58.314999,952,1602
58.320000,774,1598
58.325000,825,1598
58.329999,985,1596
58.335000,879,1600
58.340000,788,1595
58.345000,947,1596
58.350000,938,1595
58.355000,748,1597
58.359999,866,1594
58.365000,954,1594
58.370000,773,1589
58.374999,811,1593
58.379999,974,1593
58.385001,897,1584
58.390000,787,1587
58.395000,963,1587
58.400001,926,1590
58.405000,755,1580
58.410000,849,1588
58.415000,968,1589
58.420000,787,1587
58.425000,806,1589
58.429999,990,1589
58.435000,881,1587
58.440000,771,1591
58.445001,968,1588
58.450001,924,1595
58.455001,764,1595
58.460001,844,1596
58.465000,966,1598
58.470001,778,1599
58.475001,807,1595
58.480000,989,1596
58.484999,898,1597
58.490001,781,1601
58.495000,968,1598
58.499999,927,1603
58.504999,770,1601
58.510000,851,1603
58.515000,963,1594
58.519999,786,1602
58.525000,809,1601
58.529999,979,1602
58.535000,888,1595
58.540000,787,1600
58.545000,950,1603
58.550000,926,1603
58.554999,770,1600
58.560000,852,1600
58.565000,955,1599
58.570000,799,1596
58.575001,807,1599
58.580000,974,1598
58.585000,905,1597
58.589999,779,1597
58.595000,962,1590
58.599999,938,1592
58.605000,753,1595
58.610001,859,1588
58.615000,973,1592
58.620000,776,1595
58.625000,797,1594
58.630001,982,1595
58.634999,882,1599
58.640001,794,1598
58.645001,957,1601
58.649999,923,1603
58.655000,766,1602
58.660000,844,1606
58.664999,971,1603
58.670000,779,1607
58.675000,820,1606
58.680000,984,1605
58.684999,882,1608
58.690000,776,1604
58.695000,948,1606
58.699999,936,1604
58.705000,750,1607
58.710000,856,1593
58.715000,975,1604
58.720000,789,1599
58.725000,807,1600
58.730000,974,1600
58.735001,900,1600
58.740000,781,1600
58.744999,943,1600
58.750001,947,1601
58.755000,754,1601
58.760000,848,1591
58.765000,965,1600
58.770001,774,1606
58.774999,815,1600
58.779999,972,1607
58.785001,903,1604
58.790000,770,1607
58.795000,956,1608
58.800000,924,1607
58.805000,765,1608
58.810000,856,1609
58.815000,968,1612
58.820001,783,1605
58.825001,810,1613
58.829999,978,1613
58.834999,892,1613
58.840000,769,1617
58.845000,960,1616
58.850000,927,1623
58.855000,765,1615
58.859999,838,1619
58.865001,971,1616
58.870000,787,1619
58.875000,821,1621
58.880000,985,1618
58.885000,892,1619
58.889999,769,1621
58.895000,948,1619
58.900001,926,1621
58.905000,765,1620
58.910000,840,1620
58.914999,976,1621
58.920000,789,1624
58.925000,799,1626
58.929999,985,1622
58.935000,912,1619
58.939999,779,1621
58.945000,949,1621
58.950000,930,1622
58.954999,771,1620
58.959999,843,1624
58.965001,954,1624
58.970001,794,1622
58.975001,801,1621
58.979999,990,1620
58.984999,901,1618
58.990000,773,1620
58.994999,941,1616
59.000001,943,1619
59.005000,753,1618
59.010000,856,1619
59.015000,962,1621
59.020001,780,1624
59.025000,813,1620
59.030000,973,1625
59.035000,916,1617
59.040000,785,1623
59.044999,949,1623
59.050000,929,1626
59.054999,772,1622
59.060000,840,1626
59.065000,975,1624
59.070001,788,1622
59.075000,825,1618
59.080000,989,1622
59.085000,899,1621
59.090000,789,1620
59.094999,957,1619
59.099999,930,1619
59.105001,773,1617
59.110001,845,1616
59.114999,961,1616
59.120000,800,1618
59.125000,817,1614
59.130001,973,1619
59.135000,910,1614
59.140000,772,1614
59.145000,965,1612
59.150001,935,1614
59.155000,750,1614
59.160000,856,1611
59.165000,964,1612
59.170000,782,1616
59.175000,807,1612
59.180001,978,1608
59.185000,908,1609
59.189999,769,1610
59.195000,950,1608
59.199999,953,1610
59.205001,756,1607
59.210000,851,1610
59.214999,969,1608
59.220001,806,1605
59.225000,812,1606
59.230000,976,1608
59.235000,916,1604
59.240001,776,1604
59.245000,958,1596
59.249999,940,1599
59.254999,750,1601
59.260001,852,1602
59.265000,963,1598
59.270000,794,1598
59.275001,818,1595
59.280001,973,1600
59.285000,903,1594
59.290000,788,1594
59.295000,941,1590
59.299999,926,1591
59.304999,767,1590
59.310000,846,1590
59.314999,973,1588
59.320000,793,1590
59.325000,797,1593
59.329999,987,1588
59.335000,906,1593
59.339999,764,1589
59.345000,960,1587
59.350000,931,1592
59.355001,761,1587
59.360000,834,1590
59.365001,958,1593
59.370000,800,1593
59.374999,813,1595
59.379999,983,1594
59.385000,903,1596
59.390000,789,1594
59.395000,934,1602
59.400000,934,1600
59.405000,769,1601
59.410000,838,1598
59.415000,957,1605
59.420000,802,1601
59.425000,804,1602
59.430000,988,1598
59.435000,924,1599
59.439999,770,1600
59.445000,950,1601
59.450000,936,1593
59.455000,767,1599
59.460001,832,1598
59.465000,960,1603
59.470000,805,1600
59.474999,798,1604
59.480000,986,1600
59.484999,902,1601
59.489999,788,1599
59.495000,941,1603
59.500000,926,1602
59.504999,762,1603
59.510000,842,1598
59.515000,969,1602
59.520001,786,1608
59.525000,820,1605
59.529999,979,1607
59.535000,924,1606
59.540000,777,1608
59.545000,939,1603
59.550000,948,1610
59.555000,767,1613
59.560001,828,1613
59.565001,961,1612
59.569999,807,1613
59.574999,806,1614
59.580000,977,1618
59.585001,917,1613
59.590001,785,1619
59.595000,941,1616
59.599999,931,1618
59.605000,771,1617
59.610000,833,1609
59.615001,972,1618
59.620000,797,1618
59.625000,826,1617
59.630001,982,1618
59.635000,929,1620
59.640001,788,1621
59.645000,938,1620
59.650000,948,1621
59.655001,753,1624
59.660000,819,1622
59.665000,969,1623
59.670000,811,1620
59.675000,799,1620
59.680000,988,1621
59.685000,904,1624
59.689999,779,1619
59.694999,936,1621
59.700000,939,1618
59.704999,764,1618
59.709999,823,1621
59.715000,983,1618
59.720001,792,1620
59.725000,812,1618
59.730000,993,1615
59.735000,913,1617
59.740000,770,1617
59.745000,946,1617
59.750000,944,1616
59.755000,754,1617
59.759999,818,1616
59.765001,958,1616
59.770000,818,1612
59.775000,805,1613
59.779999,986,1611
59.785000,921,1609
59.790000,774,1615
59.795000,926,1613
59.800001,939,1610
59.805000,745,1610
59.810000,831,1607
59.815000,964,1607
59.820000,808,1601
59.825000,808,1605
59.829999,976,1604
59.834999,922,1600
59.840001,767,1604
59.845000,944,1600
59.850000,929,1599
59.855000,744,1605
59.859999,827,1595
59.865000,963,1595
59.869999,808,1596
59.875001,798,1595
59.880000,988,1594
59.884999,915,1594
59.890000,785,1588
59.895000,930,1589
59.900000,944,1588
59.905000,746,1588
59.910000,829,1583
59.915000,957,1582
59.919999,811,1583
59.924999,794,1583
59.929999,991,1581
59.935001,907,1584
59.940000,770,1581
59.945000,927,1581
59.949999,922,1589
59.955000,761,1580
59.960000,814,1581
59.964999,971,1573
59.970000,804,1580
59.974999,794,1584
59.980001,984,1579
59.985001,916,1582
59.990000,764,1583
59.994999,945,1581
60.000000,929,1584
60.005000,742,1585
60.010000,827,1581
60.015000,971,1584
60.020001,796,1586
60.025000,809,1588
60.030000,968,1590
60.035000,921,1587
60.040000,767,1590
60.045000,944,1589
60.050001,928,1593
60.055000,760,1591
60.060000,817,1593
60.064999,982,1588
60.070001,806,1595
60.075000,806,1596
60.080000,992,1594
60.085000,913,1600
60.090000,774,1597
60.095001,926,1600
60.100000,927,1605
60.105000,767,1601
60.110000,816,1604
60.115001,975,1601
60.120000,813,1600
60.125000,807,1602
60.130000,980,1597
60.135001,913,1606
60.140000,761,1606
60.145000,948,1605
60.150000,937,1604
60.155000,763,1599
60.160000,820,1605
60.165001,980,1606
60.170000,802,1607
60.175000,814,1605
60.179999,969,1609
60.185001,926,1604
60.190000,763,1605
60.195001,933,1606
60.200000,932,1608
60.205001,763,1605
60.210000,828,1606
60.214999,959,1605
60.220001,806,1604
60.225000,817,1604
60.230000,984,1604
60.235000,929,1598
60.240000,770,1610
60.245000,926,1599
60.250000,943,1604
60.255001,753,1608
60.260000,815,1608
60.265000,983,1609
60.270001,813,1609
60.275000,798,1611
60.280000,974,1611
60.285001,934,1613
60.290000,769,1612
60.294999,941,1608
60.299999,950,1613
60.304999,753,1611
60.310001,814,1613
60.315000,966,1610
60.320000,822,1614
60.324999,808,1613
60.330000,974,1612
60.334999,912,1613
60.340001,778,1611
60.345000,927,1612
60.350000,951,1609
60.355000,755,1609
60.360000,814,1610
60.365000,981,1611
60.369999,813,1608
60.374999,796,1610
60.380000,996,1604
60.385000,937,1605
60.390000,772,1607
60.394999,926,1602
60.400000,944,1608
60.404999,748,1608
60.410000,829,1610
60.415000,976,1609
60.420001,807,1614
60.425001,814,1612
60.430001,978,1614
60.435001,930,1608
60.440000,767,1615
60.445000,934,1612
60.450001,940,1617
60.455000,753,1618
60.460000,813,1621
60.465000,980,1620
60.470001,814,1622
60.475000,800,1620
60.480000,979,1616
60.485001,937,1620
60.490000,763,1623
60.494999,943,1622
60.500001,941,1620
60.505000,749,1623
60.510001,833,1621
60.515000,965,1623
60.519999,806,1624
60.525000,817,1622
60.530000,979,1618
60.535000,935,1620
60.540000,767,1622
60.545000,936,1620
60.550001,932,1623
60.555000,764,1622
60.559999,818,1622
60.564999,981,1617
60.570001,811,1623
60.575001,815,1620
60.579999,980,1624
60.585000,934,1624
60.589999,765,1622
60.595000,936,1622
60.600000,946,1623
60.605000,750,1625
60.609999,834,1622
60.615000,963,1626
60.620000,828,1625
60.625000,803,1622
60.630000,974,1626
60.635000,933,1622
60.639999,766,1621
60.644999,940,1625
60.650001,937,1622
60.655000,768,1621
60.660000,817,1623
60.665000,979,1622
60.669999,817,1623
60.675000,793,1622
60.680000,993,1619
60.685000,929,1618
60.690000,764,1622
60.695000,929,1613
60.700000,940,1622
60.704999,749,1620
60.709999,831,1618
60.715000,976,1618
60.720000,824,1618
60.725000,797,1619
60.730000,970,1621
60.735000,932,1620
60.740001,760,1618
60.745000,925,1617
60.750001,932,1618
60.755000,767,1617
60.760000,821,1616
60.765000,982,1618
60.770000,817,1620
60.775000,811,1618
60.780000,985,1617
60.785000,926,1618
60.790000,761,1620
60.794999,915,1622
60.800000,951,1616
60.804999,755,1619
60.810000,835,1620
60.814999,967,1624
60.820001,828,1617
60.825000,799,1619
60.830000,974,1620
60.835000,931,1616
60.840000,767,1616
60.845000,932,1613
60.849999,951,1614
60.854999,759,1613
60.860000,812,1616
60.865000,986,1611
60.869999,817,1611
60.875000,795,1611
60.880001,980,1611
60.885000,941,1597
60.890000,769,1607
60.895000,918,1607
60.900000,956,1603
60.905000,756,1605
60.910000,812,1602
60.915000,960,1603
60.920000,829,1602
60.925000,794,1595
60.930000,986,1596
60.935001,925,1593
60.940000,760,1598
60.945000,909,1596
60.950000,948,1594
60.954999,754,1594
60.960000,825,1594
60.964999,959,1596
60.970001,824,1593
60.974999,803,1594
60.980000,968,1595
60.984999,932,1591
60.990000,764,1596
60.994999,921,1587
61.000001,936,1595
61.005000,743,1595
61.010000,818,1593
61.015000,962,1596
61.020000,810,1594
61.025000,806,1595
61.029999,966,1601
61.035000,923,1599
61.040000,779,1597
61.044999,909,1603
61.049999,951,1603
61.055000,755,1604
61.060001,829,1606
61.065000,966,1612
61.069999,811,1607
61.075000,800,1609
61.079999,985,1604
61.085000,919,1612
61.090000,777,1612
61.095000,911,1614
61.100001,955,1614
61.104999,751,1617
61.110000,809,1619
61.115000,981,1619
61.120000,831,1619
61.124999,803,1619
61.130000,973,1624
61.134999,923,1616
61.139999,777,1622
61.145000,911,1624
61.150000,955,1621
61.155000,751,1627
61.159999,828,1625
61.164999,972,1625
61.170000,842,1620
61.175001,798,1626
61.180000,997,1622
61.185000,926,1623
61.189999,762,1622
61.195000,927,1622
61.200000,948,1622
61.204999,751,1620
61.209999,819,1618
61.215000,965,1620
61.220001,834,1619
61.224999,799,1618
61.230000,973,1615
61.234999,927,1619
61.240000,765,1618
61.245000,921,1617
61.250000,934,1618
61.255001,765,1614
61.259999,812,1618
61.265000,977,1616
61.270000,825,1608
61.275000,797,1613
61.279999,992,1613
61.285000,922,1617
61.290000,757,1621
61.295000,918,1616
61.300000,949,1614
61.305000,754,1616
61.310000,835,1612
61.315000,977,1615
61.320000,822,1614
61.324999,807,1614
61.330000,978,1614
61.335000,940,1612
61.340001,762,1615
61.345000,910,1606
61.349999,947,1613
61.355000,750,1616
61.360000,818,1612
61.365000,981,1612
61.370000,820,1614
61.375000,802,1611
61.380000,979,1602
61.385000,935,1613
61.390000,756,1614
61.395000,922,1611
61.400000,947,1611
61.405001,762,1609
61.410000,819,1609
61.415000,968,1612
61.419999,843,1610
61.424999,798,1607
61.429999,971,1606
61.435000,928,1606
61.440000,776,1606
61.445000,904,1606
61.450000,933,1607
61.455000,762,1604
61.460000,808,1604
61.464999,975,1603
61.470001,817,1600
61.474999,801,1601
61.480001,991,1600
61.485001,925,1598
61.490001,763,1599
61.495000,909,1599
61.499999,957,1600
61.504999,763,1599
61.510000,809,1601
61.514999,983,1599
61.519999,825,1599
61.525000,803,1601
61.529999,984,1597
61.535000,925,1601
61.540001,756,1601
61.545001,926,1595
61.550001,941,1601
61.555000,758,1594
61.560001,826,1599
61.565000,969,1598
61.570000,822,1596
61.575000,802,1597
61.580000,969,1598
61.585000,939,1597
61.590000,764,1597
61.595000,899,1597
61.600000,953,1600
61.605000,748,1601
61.610000,828,1595
61.615001,973,1595
61.620000,822,1597
61.625000,788,1599
61.630000,979,1601
61.635000,926,1595
61.639999,760,1595
61.645000,922,1596
61.650000,939,1597
61.654999,769,1595
61.660001,815,1599
61.665000,979,1598
61.669999,825,1598
61.675000,805,1596
61.679999,974,1594
61.685001,913,1597
61.690000,777,1592
61.695000,917,1592
61.699999,936,1595
61.705000,767,1592
61.710001,804,1591
61.714999,973,1592
61.720000,835,1590
61.725000,804,1590
61.730000,978,1588
61.735000,915,1588
61.740000,776,1587
61.744999,904,1587
61.750000,953,1588
61.755000,758,1591
61.760001,806,1592
61.764999,978,1591
61.769999,845,1590
61.775000,801,1592
61.779999,976,1587
61.785000,929,1596
61.790000,756,1598
61.795000,921,1598
61.800000,938,1599
61.805000,769,1595
61.810001,834,1598
61.814999,969,1600
61.820001,840,1601
61.825000,788,1602
61.830000,987,1598
61.835001,930,1604
61.840001,764,1606
61.845000,898,1605
61.850000,959,1608
61.855000,768,1605
61.859999,810,1611
61.865000,982,1615
61.869999,843,1614
61.875001,790,1615
61.880001,989,1618
61.884999,923,1622
61.890000,772,1614
61.895000,898,1621
61.900000,953,1624
61.904999,752,1626
61.910000,831,1622
61.915001,986,1622
61.920000,835,1625
61.925000,784,1626
61.930000,978,1625
61.935000,923,1624
61.940000,775,1622
61.945000,917,1621
61.950000,945,1625
61.954999,778,1622
61.960000,812,1622
61.964999,988,1623
61.970000,825,1626
61.975000,799,1623
61.980000,968,1619
61.985000,928,1620
61.989999,762,1620
61.994999,894,1618
62.000001,949,1619
62.005000,758,1617
62.009999,822,1618
62.015000,970,1618
62.020000,850,1615
62.025000,803,1615
62.030000,966,1614
62.035000,936,1615
62.040000,757,1615
62.045000,916,1613
62.050000,960,1612
62.054999,766,1611
62.060000,808,1614
62.064999,982,1604
62.070000,830,1613
62.075000,802,1608
62.080000,980,1608
62.085000,928,1608
62.090001,757,1611
62.095001,913,1606
62.100000,935,1611
62.105000,768,1608
62.109999,814,1607
62.115000,964,1609
62.120000,843,1607
62.124999,789,1606
62.129999,966,1611
62.135000,933,1611
62.140001,758,1607
62.145001,898,1611
62.150000,939,1609
62.155000,769,1606
62.160000,812,1606
62.165000,982,1604
62.170000,831,1610
62.175000,801,1604
62.180000,969,1604
62.185001,933,1606
62.189999,759,1605
62.195001,889,1605
62.200000,952,1606
62.205000,758,1606
62.210000,804,1609
62.215000,982,1605
62.220001,833,1607
62.225000,803,1604
62.230000,977,1604
62.234999,938,1601
62.240000,752,1605
62.245000,897,1603
62.249999,938,1606
62.254999,774,1602
62.260000,809,1604
62.265000,987,1599
62.270000,837,1603
62.275001,802,1600
62.280000,967,1603
62.285000,934,1600
62.290000,766,1601
62.294999,892,1600
62.299999,959,1597
62.305000,757,1602
62.310000,828,1599
62.314999,971,1598
62.320000,852,1597
62.325000,792,1602
62.329999,969,1601
62.334999,940,1597
62.340001,770,1599
62.345001,902,1599
62.349999,945,1599
62.355000,773,1604
62.360000,811,1605
62.365000,965,1606
62.370000,853,1603
62.375000,794,1605
62.380000,966,1606
62.384999,936,1605
62.390000,758,1610
62.395000,886,1612
62.400000,957,1608
62.405000,763,1610
62.410000,807,1612
62.415000,985,1611
62.419999,842,1610
62.424999,810,1608
62.430000,976,1610
62.435000,919,1612
62.440000,754,1609
62.445001,889,1608
62.449999,954,1605
62.455000,755,1611
62.460000,829,1608
62.465000,978,1605
62.470001,858,1603
62.475000,789,1604
62.480001,969,1608
62.485000,938,1605
62.490000,752,1606
62.495000,901,1606
62.500000,961,1605
62.504999,766,1607
62.510000,812,1608
62.515000,987,1604
62.519999,851,1605
62.525000,790,1608
62.530000,964,1611
62.535000,935,1610
62.540000,764,1609
62.545000,891,1612
62.550000,942,1616
62.555000,777,1613
62.560001,816,1613
62.565000,971,1617
62.570000,858,1616
62.575000,801,1618
62.579999,971,1619
62.584999,942,1620
62.590000,764,1620
62.594999,885,1626
62.599999,961,1622
62.605000,763,1623
62.609999,832,1619
62.615001,980,1621
62.619999,844,1624
62.625001,798,1615
62.630001,981,1623
62.635000,927,1619
62.640001,753,1617
62.645000,909,1615
62.650001,944,1619
62.655001,770,1618
62.660000,820,1617
62.665000,972,1619
62.670001,858,1620
62.675000,788,1621
62.680001,987,1620
62.685000,928,1623
62.690000,757,1622
62.695000,884,1626
62.700001,953,1624
62.705001,767,1616
62.710000,821,1622
62.715000,978,1622
62.720000,842,1622
62.725000,788,1621
62.730001,993,1622
62.735001,933,1620
62.740000,755,1623
62.745000,902,1620
62.749999,947,1620
62.754999,776,1618
62.760000,816,1619
62.765001,992,1617
62.769999,857,1617
62.775001,784,1619
62.780000,980,1618
62.785000,918,1616
62.790000,765,1615
62.794999,888,1612
62.799999,947,1614
62.804999,778,1613
62.810000,805,1612
62.814999,989,1611
62.820000,848,1614
62.825000,790,1613
62.830000,990,1612
62.835001,924,1614
62.839999,772,1611
62.845001,880,1611
62.850000,962,1608
62.855000,768,1612
62.860000,807,1609
62.865000,989,1610
62.870000,843,1610
62.874999,796,1612
62.880000,966,1614
62.884999,936,1612
62.890001,760,1613
62.894999,900,1606
62.900000,957,1615
62.904999,758,1618
62.910000,828,1613
62.915000,977,1615
62.920000,847,1617
62.925001,800,1614
62.930001,969,1618
62.935000,922,1620
62.939999,778,1617
62.945000,882,1618
62.950000,961,1615
62.955000,765,1615
62.960001,816,1607
62.965000,982,1612
62.970000,854,1611
62.975000,786,1613
62.980000,966,1611
62.985000,934,1608
62.990001,757,1609
62.995000,897,1606
63.000000,942,1607
63.005001,769,1606
63.009999,807,1608
63.015001,994,1604
63.020000,850,1604
63.025000,796,1605
63.030000,979,1604
63.035000,922,1605
63.040001,767,1601
63.045000,875,1607
63.050000,952,1605
63.055000,766,1598
63.060000,816,1608
63.065000,965,1605
63.070000,857,1607
63.075000,785,1605
63.080000,980,1605
63.085001,917,1607
63.089999,767,1603
63.095001,874,1606
63.100001,963,1603
63.104999,759,1606
63.109999,821,1601
63.115001,971,1598
63.120000,866,1602
63.125000,786,1597
63.130001,958,1601
63.135000,932,1598
63.140000,750,1600
63.144999,877,1598
63.150000,953,1596
63.155000,757,1598
63.160000,824,1595
63.165000,966,1598
63.169999,857,1596
63.175000,794,1588
63.179999,964,1595
63.185001,922,1590
63.190000,764,1593
63.195000,877,1594
63.200000,956,1590
63.204999,757,1593
63.209999,820,1588
63.215000,969,1592
63.219999,863,1592
63.224999,786,1592
63.230000,964,1591
63.234999,930,1586
63.240000,761,1592
63.245000,876,1595
63.249999,960,1591
63.255000,773,1596
63.260000,819,1598
63.265000,976,1596
63.269999,849,1602
63.274999,794,1591
63.279999,971,1601
63.285000,923,1601
63.290000,759,1600
63.294999,882,1605
63.299999,942,1609
63.304999,775,1606
63.310001,814,1606
63.315000,978,1607
63.319999,860,1612
63.325000,781,1611
63.329999,965,1608
63.335000,945,1609
63.340000,765,1605
63.345000,874,1609
63.350001,962,1598
63.355000,768,1608
63.360000,808,1605
63.365000,994,1604
63.369999,862,1607
63.375000,782,1608
63.380000,983,1606
63.384999,931,1604
63.390000,751,1609
63.394999,898,1608
63.400001,965,1605
63.404999,761,1609
63.410000,830,1604
63.415000,973,1609
63.420000,856,1609
63.425000,799,1608
63.430000,968,1610
63.435000,925,1612
63.440000,771,1610
63.445000,884,1611
63.450000,944,1612
63.455000,773,1612
63.460000,811,1614
63.465001,991,1611
63.470001,860,1611
63.475000,801,1608
63.480001,958,1612
63.485001,938,1611
63.489999,753,1608
63.495000,891,1610
63.499999,953,1608
63.504999,770,1605
63.510000,816,1598
63.515000,983,1606
63.519999,858,1605
63.525000,802,1603
63.530000,967,1603
63.535000,939,1601
63.540000,764,1602
63.545000,882,1600
63.550001,949,1600
63.555000,778,1601
63.560000,815,1599
63.565000,989,1598
63.570000,869,1600
63.574999,776,1599
63.580001,975,1595
63.584999,929,1597
63.590001,752,1598
63.595001,892,1592
63.600000,947,1597
63.605000,758,1601
63.609999,816,1596
63.615000,983,1597
63.620000,859,1601
63.625000,801,1599
63.630000,961,1602
63.635000,944,1602
63.640000,756,1601
63.644999,889,1602
63.650001,962,1601
63.655000,778,1602
63.660000,806,1603
63.665000,994,1603
63.669999,863,1602
63.674999,779,1606
63.680000,981,1600
63.685000,926,1601
63.690000,765,1596
63.695000,873,1603
63.699999,950,1606
63.705000,780,1601
63.710000,808,1602
63.714999,993,1605
63.720000,858,1609
63.725000,792,1603
63.729999,962,1611
63.734999,939,1604
63.740001,762,1604
63.745000,866,1608
63.749999,966,1604
63.755000,770,1606
63.759999,806,1606
63.765001,990,1602
63.770000,869,1608
63.775000,777,1609
63.779999,973,1611
63.785000,925,1609
63.790000,762,1601
63.795000,882,1606
63.800000,961,1607
63.804999,771,1609
63.810000,806,1611
63.815000,995,1604
63.820001,871,1610
63.825000,776,1612
63.830000,960,1613
63.835000,938,1606
63.840000,770,1613
63.845001,867,1612
63.850000,962,1605
63.855000,777,1610
63.860000,803,1615
63.865000,993,1614
63.869999,875,1613
63.875000,785,1614
63.880001,962,1615
63.885000,922,1618
63.890001,770,1616
63.895001,864,1616
63.899999,949,1617
63.904999,767,1616
63.910000,820,1618
63.915001,988,1616
63.920000,868,1615
63.925000,778,1613
63.930000,975,1619
63.935000,928,1619
63.940000,767,1617
63.945000,873,1619
63.949999,947,1625
63.955000,778,1621
63.960000,812,1624
63.965000,973,1627
63.969999,868,1626
63.974999,778,1628
63.980001,986,1624
63.985000,932,1627
63.990001,753,1630
63.995001,889,1627
64.000001,960,1630
64.005001,771,1632
64.010000,806,1630
64.015000,987,1621
64.019999,883,1629
64.025001,788,1629
64.030001,962,1629
64.034999,933,1630
64.040000,757,1630
64.044999,867,1627
64.049999,978,1626
64.055000,780,1628
64.060000,811,1631
64.065000,1000,1627
64.070001,874,1624
64.075000,794,1618
64.080000,962,1626
64.085000,923,1625
64.090000,763,1619
64.094999,866,1619
64.099999,949,1621
64.105000,766,1619
64.110000,829,1616
64.115000,989,1617
64.120000,868,1615
64.125000,795,1614
64.130000,960,1613
64.135000,925,1612
64.140000,768,1612
64.145001,862,1612
64.149999,950,1611
64.155000,774,1608
64.160000,806,1611
64.165001,992,1608
64.169999,877,1610
64.175000,780,1608
64.179999,959,1608
64.185001,940,1611
64.190001,768,1604
64.195000,864,1607
64.199999,949,1610
64.205000,780,1611
64.210000,801,1610
64.214999,984,1608
64.220000,868,1610
64.225000,797,1610
64.230000,959,1607
64.234999,922,1612
64.240001,749,1608
64.245000,873,1606
64.250000,952,1607
64.255000,785,1603
64.260000,812,1604
64.265001,970,1610
64.270000,872,1603
64.275001,790,1602
64.280000,956,1604
64.285000,937,1602
64.290000,750,1602
64.294999,858,1609
64.299999,966,1600
64.304999,780,1603
64.310000,807,1602
64.314999,974,1606
64.320000,894,1602
64.324999,782,1602
64.330000,975,1601
64.335001,936,1601
64.339999,754,1603
64.345001,856,1608
64.350001,969,1603
64.355000,767,1605
64.360000,823,1602
64.365000,978,1605
64.370000,867,1606
64.374999,790,1605
64.379999,957,1605
64.385001,924,1603
64.390000,762,1597
64.395000,867,1600
64.400000,949,1601
64.405000,783,1598
64.410000,819,1599
64.415001,988,1597
64.420000,884,1597
64.425000,782,1595
64.430000,950,1596
64.435000,940,1596
64.440000,752,1597
64.445000,852,1597
64.449999,960,1588
64.455001,780,1592
64.460001,803,1597
64.465000,992,1593
64.470000,875,1596
64.475000,771,1600
64.480001,964,1594
64.485000,927,1595
64.489999,749,1596
64.495000,869,1597
64.500000,959,1595
64.505000,779,1597
64.509999,803,1598
64.515000,993,1594
64.520000,883,1596
64.525000,770,1596
64.530000,952,1592
64.535000,940,1596
64.540000,747,1598
64.545000,865,1597
64.550000,956,1597
64.555000,765,1601
64.560000,817,1597
64.565000,969,1601
64.570001,882,1604
64.575000,772,1603
64.580000,961,1602
64.585000,922,1608
64.590000,759,1608
64.595000,856,1606
64.599999,953,1612
64.605000,793,1608
64.610000,805,1613
64.615000,976,1614
64.619999,882,1616
64.625000,795,1615
64.630000,960,1621
64.635000,931,1621
64.640000,771,1625
64.645000,851,1628
64.650001,951,1628
64.655000,775,1627
64.660000,806,1624
64.665000,991,1630
64.670000,879,1632
64.675001,794,1628
64.680000,966,1630
64.685000,933,1630
64.690000,771,1634
64.695000,848,1633
64.700000,967,1632
64.705000,777,1637
64.710001,806,1635
64.715000,991,1634
64.720000,885,1631
64.724999,792,1625
64.730000,962,1629
64.735000,940,1629
64.740000,752,1628
64.744999,850,1627
64.750001,977,1622
64.755001,776,1624
64.759999,820,1617
64.765000,975,1622
64.770001,901,1617
64.775000,779,1617
64.780000,967,1613
64.785000,933,1613
64.790000,773,1610
64.795000,858,1607
64.800000,957,1608
64.805000,789,1601
64.810000,816,1604
64.814999,982,1605
64.820000,880,1601
64.825000,788,1602
64.830000,952,1603
64.835001,950,1595
64.839999,760,1602
64.845001,849,1598
64.849999,960,1597
64.855001,777,1598
64.860000,803,1599
64.865000,992,1597
64.869999,894,1593
64.875001,775,1594
64.880000,949,1596
64.884999,946,1592
64.890000,761,1592
64.895000,853,1589
64.900000,956,1593
64.905000,784,1591
64.910000,802,1591
64.914999,997,1589
64.920000,887,1588
64.925000,789,1588
64.930000,949,1589
64.935000,942,1586
64.940000,764,1585
64.945000,850,1588
64.949999,974,1585
64.955000,785,1587
64.960000,802,1589
64.964999,971,1589
64.970000,894,1587
64.974999,777,1587
64.980000,948,1588
64.985000,946,1586
64.990000,760,1587
64.995000,846,1586
64.999999,950,1587
65.004999,773,1588
65.010000,825,1584
65.014999,988,1584
65.019999,883,1589
65.025000,769,1586
65.030001,963,1585
65.034999,933,1585
65.039999,758,1584
65.045000,849,1585
65.050000,958,1584
65.054999,794,1589
65.060000,803,1587
65.064999,974,1590
65.070000,911,1587
65.075001,783,1587
65.080000,957,1589
65.085000,928,1589
65.090000,756,1594
65.095001,846,1593
65.099999,975,1592
65.104999,780,1592
65.109999,815,1592
65.115001,989,1591
65.120001,884,1596
65.125000,794,1594
65.130000,947,1596
65.134999,937,1589
65.140000,755,1596
65.144999,858,1598
65.150000,955,1598
65.154999,802,1595
65.160000,814,1601
65.165001,973,1604
65.170000,905,1601
65.175000,783,1606
65.180000,961,1602
65.185001,937,1608
65.190000,755,1608
65.195001,857,1608
65.200000,964,1609
65.205000,784,1607
65.209999,815,1612
65.215001,982,1616
65.220000,905,1609
65.224999,784,1615
65.230000,945,1618
65.234999,945,1617
65.240001,765,1617
65.245000,845,1619
65.249999,959,1622
65.254999,801,1621
65.260001,812,1620
65.265000,978,1624
65.270000,905,1622
65.275000,777,1624
65.280000,964,1619
65.285000,941,1626
65.290000,770,1623
65.294999,847,1628
65.299999,983,1625
65.304999,789,1626
65.310000,820,1626
65.315001,979,1629
65.320000,907,1630
65.325000,795,1627
65.330000,943,1631
65.335001,952,1628
65.339999,757,1626
65.345001,851,1626
65.350000,957,1630
65.355000,798,1628
65.359999,819,1621
65.365000,988,1626
65.370000,911,1625
65.374999,788,1625
65.379999,949,1622
65.385001,949,1619
65.390001,752,1627
65.394999,836,1626
65.399999,978,1624
65.404999,792,1624
65.410000,803,1625
65.415000,1000,1627
65.420001,900,1622
65.425000,790,1622
65.429999,948,1621
65.435000,940,1616
65.440001,765,1620
65.444999,835,1621
65.450000,979,1620
65.454999,799,1618
65.459999,808,1620
65.465001,982,1618
65.470000,899,1619
65.475000,795,1614
65.480000,952,1613
65.484999,933,1613
65.490000,767,1613
65.494999,847,1612
