t,x,y
2203.350006,761,1003
2203.355007,587,1003
2203.360007,665,995
2203.365006,776,1003
2203.370006,640,994
2203.375006,650,1000
2203.380007,787,1004
2203.385007,752,998
2203.390006,619,1001
2203.395006,752,1002
2203.400006,746,1002
2203.405006,603,1000
2203.410006,646,1005
2203.415007,789,1002
2203.420006,649,999
2203.425005,632,1004
2203.430006,798,993
2203.435006,746,1002
2203.440006,617,999
2203.445005,751,1002
2203.450006,746,1002
2203.455006,607,1000
2203.460006,649,1003
2203.465006,796,996
2203.470005,648,1000
2203.475006,637,1001
2203.480006,788,1003
2203.485005,730,1003
2203.490007,623,1003
2203.495006,749,998
2203.500006,748,1003
2203.505006,587,1003
2203.510006,670,1002
2203.515005,781,1004
2203.520007,636,1001
2203.525006,649,1001
2203.530006,797,1004
2203.535005,750,999
2203.540006,625,1001
2203.545006,751,1001
2203.550006,751,1003
2203.555005,611,1001
2203.560006,659,1002
2203.565007,780,1002
2203.570007,659,999
2203.575007,644,1001
2203.580005,795,1001
2203.585005,733,1001
2203.590005,621,1000
2203.595007,751,1002
2203.600005,747,1003
2203.605005,591,1004
2203.610005,672,1001
2203.615007,795,1002
2203.620006,651,1001
2203.625006,650,1002
2203.630007,792,1001
2203.635007,747,997
2203.640005,621,1002
2203.645006,755,1000
2203.650006,754,1001
2203.655007,586,1005
2203.660005,667,999
2203.665006,788,1005
2203.670006,641,1003
2203.675006,632,1003
2203.680005,788,1002
2203.685006,751,1000
2203.690006,610,1001
2203.695006,744,1003
2203.700006,749,1002
2203.705006,602,1000
2203.710006,668,1002
2203.715005,785,1001
2203.720007,637,1004
2203.725006,635,1002
2203.730006,796,1000
2203.735007,731,1002
2203.740006,623,1004
2203.745005,747,1003
2203.750006,749,1003
2203.755007,593,997
2203.760005,669,999
2203.765007,779,1002
2203.770006,657,998
2203.775006,644,1003
2203.780006,789,1005
2203.785006,732,1005
2203.790006,613,1001
2203.795006,750,1002
2203.800005,754,996
2203.805007,609,1001
2203.810005,658,1001
2203.815005,777,1002
2203.820005,653,1001
2203.825006,638,1003
2203.830006,787,1002
2203.835007,744,1003
2203.840006,610,1002
2203.845006,768,1000
2203.850006,764,1000
2203.855006,595,1004
2203.860006,650,1003
2203.865005,799,998
2203.870006,642,1003
2203.875006,635,1003
2203.880006,787,1006
2203.885006,741,1001
2203.890006,602,1004
2203.895007,769,998
2203.900006,761,1001
2203.905005,598,1003
2203.910006,654,1001
2203.915006,780,1003
2203.920006,635,1003
2203.925005,633,1003
2203.930006,808,1002
2203.935006,739,1000
2203.940006,603,1005
2203.945005,745,1003
2203.950007,746,999
2203.955005,601,1003
2203.960006,656,1000
2203.965006,777,1002
2203.970005,644,1002
2203.975006,633,1002
2203.980006,801,1002
2203.985005,734,1001
2203.990006,624,1002
2203.995006,752,1004
2204.000006,747,1002
2204.005006,601,1002
2204.010006,651,1003
2204.015005,794,1001
2204.020006,635,1001
2204.025006,660,998
2204.030006,806,1001
2204.035006,734,1003
2204.040006,605,1001
2204.045006,750,1001
2204.050005,746,1002
2204.055006,603,1001
2204.060007,656,1002
2204.065006,775,1003
2204.070005,648,1001
2204.075007,646,998
2204.080006,801,1002
2204.085007,734,1002
2204.090006,609,998
2204.095006,763,1000
2204.100006,755,1003
2204.105005,590,1002
2204.110006,671,1003
2204.115006,780,1003
2204.120006,647,1000
2204.125006,648,1003
2204.130007,795,1003
2204.135006,728,1004
2204.140006,606,1006
2204.145006,750,1005
2204.150006,764,1001
2204.155005,607,999
2204.160007,657,1000
2204.165005,774,1000
2204.170006,653,996
2204.175005,654,997
2204.180006,797,1003
2204.185006,724,1004
2204.190007,620,999
2204.195006,757,1003
2204.200005,750,1001
2204.205006,594,1002
2204.210007,666,997
2204.215006,779,1002
2204.220006,636,1000
2204.225006,633,1001
2204.230007,787,1003
2204.235006,750,1000
2204.240006,624,1001
2204.245005,756,1000
2204.250006,746,1004
2204.255007,604,1000
2204.260006,651,1004
2204.265006,776,1004
2204.270006,649,999
2204.275007,640,1004
2204.280006,804,1002
2204.285005,728,1002
2204.290007,625,1002
2204.295006,765,999
2204.300005,748,1001
2204.305006,588,1002
2204.310005,675,1001
2204.315006,786,1003
2204.320005,650,999
2204.325006,635,1001
2204.330006,804,1001
2204.335007,737,994
2204.340007,611,1003
2204.345006,750,1002
2204.350007,765,1004
2204.355006,592,1001
2204.360006,676,1001
2204.365005,784,1002
2204.370006,630,1001
2204.375006,655,1002
2204.380006,806,1001
2204.385007,731,1003
2204.390006,607,1004
2204.395006,774,1000
2204.400007,751,1000
2204.405006,601,1002
2204.410007,656,1002
2204.415007,790,1000
2204.420006,639,1002
2204.425007,630,1004
2204.430006,798,1002
2204.435006,733,1000
2204.440006,625,996
2204.445006,765,1003
2204.450006,748,1001
2204.455006,603,1002
2204.460006,663,1003
2204.465005,776,999
2204.470006,652,1001
2204.475006,646,1004
2204.480006,792,1002
2204.485005,742,1001
2204.490007,619,1002
2204.495005,761,1002
2204.500006,760,995
2204.505006,606,999
2204.510005,655,1003
2204.515006,794,1002
2204.520006,640,1000
2204.525006,634,1004
2204.530006,803,1002
2204.535005,738,1000
2204.540007,623,1001
2204.545006,750,1003
2204.550006,764,1002
2204.555005,603,1000
2204.560006,667,1001
2204.565006,781,1002
2204.570007,633,1002
2204.575006,652,996
2204.580006,807,1000
2204.585006,743,1003
2204.590006,616,1003
2204.595006,760,1003
2204.600006,755,1001
2204.605006,594,1002
2204.610006,657,1001
2204.615005,792,1000
2204.620006,642,1000
2204.625007,644,1003
2204.630005,804,996
2204.635005,735,1003
2204.640006,606,1003
2204.645007,761,993
2204.650006,758,1002
2204.655006,590,1001
2204.660006,659,1002
2204.665006,777,998
2204.670006,644,1000
2204.675005,640,1001
2204.680006,812,1001
2204.685006,729,1003
2204.690006,631,997
2204.695006,750,1004
2204.700006,746,1004
2204.705006,606,1001
2204.710006,674,1003
2204.715006,773,1003
2204.720005,625,1004
2204.725006,652,1003
2204.730006,790,1002
2204.735005,741,999
2204.740007,607,1003
2204.745006,761,1002
2204.750005,752,1002
2204.755005,610,1000
2204.760005,657,999
2204.765006,783,1002
2204.770007,631,1002
2204.775006,635,1005
2204.780006,806,1002
2204.785005,731,1004
2204.790006,612,990
2204.795006,774,1000
2204.800005,749,1003
2204.805006,605,1001
2204.810007,672,1001
2204.815007,783,1003
2204.820005,630,1004
2204.825007,635,1003
2204.830005,803,1001
2204.835006,725,1002
2204.840005,630,997
2204.845006,761,1001
2204.850006,755,998
2204.855006,596,1002
2204.860006,658,1001
2204.865005,772,1003
2204.870006,640,1000
2204.875006,651,1003
2204.880007,799,1001
2204.885007,725,1004
2204.890006,631,1000
2204.895006,757,1004
2204.900006,765,1001
2204.905005,588,1003
2204.910006,677,1001
2204.915006,783,1001
2204.920006,639,1002
2204.925007,653,1001
2204.930006,807,997
2204.935007,732,1004
2204.940006,608,1005
2204.945006,772,1000
2204.950006,765,1000
2204.955007,593,1002
2204.960006,661,1005
2204.965005,799,998
2204.970007,636,1003
2204.975007,636,1003
2204.980006,808,1003
2204.985007,732,1003
2204.990006,612,1001
2204.995006,753,1002
2205.000006,759,1003
2205.005006,587,1005
2205.010005,658,1001
2205.015006,789,994
2205.020007,627,997
2205.025007,634,1001
2205.030006,811,1000
2205.035007,735,1003
2205.040006,605,1002
2205.045007,775,1000
2205.050007,764,1001
2205.055006,609,1002
2205.060007,670,1003
2205.065006,776,1001
2205.070006,637,996
2205.075005,652,1003
2205.080006,789,1000
2205.085006,737,997
2205.090006,611,1003
2205.095006,753,1003
2205.100006,756,1002
2205.105006,589,1004
2205.110007,662,1002
2205.115006,790,1001
2205.120007,622,1004
2205.125006,655,1000
2205.130005,809,1003
2205.135006,725,1001
2205.140005,628,1001
2205.145006,761,1003
2205.150007,745,1004
2205.155006,605,1003
2205.160006,670,1004
2205.165006,772,1003
2205.170006,639,1000
2205.175006,645,1004
2205.180005,804,995
2205.185006,730,1002
2205.190006,611,1002
2205.195005,775,1000
2205.200007,753,1003
2205.205006,596,1004
2205.210006,684,1001
2205.215006,787,1001
2205.220005,623,1003
2205.225007,632,1004
2205.230006,800,1002
2205.235005,717,1004
2205.240006,622,1002
2205.245006,753,1001
2205.250007,760,1003
2205.255006,603,1001
2205.260006,662,1003
2205.265005,790,1001
2205.270006,621,1004
2205.275007,636,1003
2205.280006,804,1001
2205.285006,714,1004
2205.290006,623,1000
2205.295006,757,1001
2205.300006,745,998
2205.305006,600,1003
2205.310005,658,1005
2205.315005,786,998
2205.320006,632,997
2205.325005,645,1003
2205.330007,794,1003
2205.335006,718,1002
2205.340005,610,1003
2205.345006,767,994
2205.350006,764,996
2205.355006,594,1003
2205.360006,672,1002
2205.365005,767,1001
2205.370007,632,994
2205.375005,646,1003
2205.380006,783,1000
2205.385006,734,999
2205.390005,618,1002
2205.395006,753,1000
2205.400006,759,1001
2205.405005,591,1002
2205.410006,682,1000
2205.415006,781,1002
2205.420007,617,1004
2205.425007,649,1002
2205.430005,786,1002
2205.435006,719,997
2205.440007,628,1001
2205.445006,763,1005
2205.450005,753,998
2205.455007,592,1001
2205.460006,659,1003
2205.465006,792,1000
2205.470005,621,1000
2205.475007,633,1004
2205.480006,800,1000
2205.485007,723,1002
2205.490007,632,996
2205.495005,773,1002
2205.500007,751,1003
2205.505007,588,1000
2205.510006,668,993
2205.515005,792,997
2205.520006,629,1001
2205.525006,641,1002
2205.530005,802,994
2205.535006,725,994
2205.540006,623,1001
2205.545007,764,1000
2205.550007,746,1002
2205.555006,590,1001
2205.560007,664,1000
2205.565006,771,1002
2205.570006,635,1001
2205.575005,640,1002
2205.580007,794,1001
2205.585006,714,1002
2205.590006,611,1003
2205.595005,772,992
2205.600007,762,1001
2205.605006,595,1001
2205.610005,685,998
2205.615007,779,1000
2205.620005,624,1002
2205.625006,633,1001
2205.630006,799,998
2205.635005,722,1002
2205.640006,607,1002
2205.645007,772,999
2205.650006,748,1001
2205.655005,600,1002
2205.660006,675,1002
2205.665006,769,1003
2205.670006,634,1000
2205.675006,633,1002
2205.680005,801,1002
2205.685007,713,1002
2205.690006,611,996
2205.695006,767,1003
2205.700006,745,998
2205.705006,597,1003
2205.710006,665,1001
2205.715005,785,1001
2205.720006,617,1001
2205.725005,635,1003
2205.730005,802,1000
2205.735006,723,1002
2205.740006,615,1003
2205.745006,765,1003
2205.750007,740,1003
2205.755007,607,1001
2205.760006,673,1002
2205.765006,778,1001
2205.770006,615,1001
2205.775007,650,999
2205.780006,801,1004
2205.785005,718,1002
2205.790006,602,1006
2205.795006,765,1001
2205.800005,746,1000
2205.805006,585,1004
2205.810006,682,1000
2205.815006,778,1001
2205.820005,614,1003
2205.825006,639,997
2205.830006,785,1003
2205.835006,712,1002
2205.840005,626,1000
2205.845006,754,1005
2205.850007,763,1003
2205.855006,587,1005
2205.860006,682,1003
2205.865005,768,1002
2205.870006,632,1001
2205.875006,637,1004
2205.880007,784,1004
2205.885006,727,1000
2205.890006,607,1002
2205.895006,775,1002
2205.900006,743,1004
2205.905005,591,1004
2205.910007,668,1003
2205.915007,768,1002
2205.920006,623,1003
2205.925006,633,1003
2205.930005,794,997
2205.935006,720,1002
2205.940006,608,1004
2205.945005,779,999
2205.950006,747,1003
2205.955006,584,1004
2205.960007,685,1004
2205.965006,774,1003
2205.970006,612,1003
2205.975007,657,1002
2205.980006,805,998
2205.985006,718,1001
2205.990006,606,1003
2205.995005,773,996
2206.000006,752,1001
2206.005006,590,1001
2206.010007,663,1003
2206.015005,781,1002
2206.020006,625,994
2206.025006,646,998
2206.030006,790,1001
2206.035006,709,1003
2206.040006,611,1002
2206.045005,777,1000
2206.050005,749,1003
2206.055006,584,1001
2206.060006,684,1000
2206.065006,791,995
2206.070005,627,1000
2206.075006,639,1002
2206.080006,788,1001
2206.085006,707,1004
2206.090006,622,1002
2206.095006,760,1002
2206.100006,757,1002
2206.105007,592,1004
2206.110006,694,997
2206.115006,774,1002
2206.120005,613,1000
2206.125006,655,999
2206.130006,807,1000
2206.135006,722,1002
2206.140006,611,1004
2206.145006,779,995
2206.150006,753,1001
2206.155005,585,1003
2206.160006,683,1001
2206.165006,773,1001
2206.170006,635,1001
2206.175006,647,1000
2206.180005,811,992
2206.185006,722,998
2206.190006,619,999
2206.195005,765,1001
2206.200006,760,1001
2206.205007,591,1001
2206.210007,691,1001
2206.215006,774,1000
2206.220005,637,998
2206.225006,651,998
2206.230005,788,1002
2206.235005,731,997
2206.240006,614,1001
2206.245006,765,1002
2206.250006,762,995
2206.255007,606,1000
2206.260006,676,1000
2206.265005,769,1001
2206.270007,632,998
2206.275007,646,999
2206.280006,791,1000
2206.285006,707,1001
2206.290006,631,999
2206.295005,770,1002
2206.300006,742,1003
2206.305005,609,999
2206.310006,690,1000
2206.315006,781,999
2206.320006,611,1000
2206.325005,647,993
2206.330006,802,1000
2206.335007,710,1002
2206.340006,609,1002
2206.345005,763,1003
2206.350007,744,1003
2206.355006,596,996
2206.360006,691,1000
2206.365005,774,1000
2206.370007,628,1002
2206.375006,644,1003
2206.380007,797,994
2206.385005,727,1000
2206.390006,622,1004
2206.395006,782,1001
2206.400006,749,1001
2206.405006,588,1001
2206.410005,692,998
2206.415006,778,1002
2206.420006,624,1002
2206.425006,633,1003
2206.430006,795,1002
2206.435006,708,1002
2206.440006,612,1004
2206.445005,765,1004
2206.450006,749,1005
2206.455006,592,1004
2206.460006,696,999
2206.465006,782,1001
2206.470005,618,1003
2206.475006,653,1001
2206.480006,785,1006
2206.485006,729,1001
2206.490006,627,1002
2206.495006,774,999
2206.500005,747,1001
2206.505005,599,1001
2206.510006,681,1003
2206.515005,791,1003
2206.520006,621,1001
2206.525006,642,1002
2206.530006,808,1001
2206.535005,717,995
2206.540007,621,1002
2206.545007,782,1000
2206.550006,758,1000
2206.555006,595,1003
2206.560007,694,1001
2206.565006,767,1003
2206.570006,624,992
2206.575006,654,1000
2206.580007,787,1004
2206.585006,703,1002
2206.590006,622,995
2206.595005,780,1004
2206.600006,740,1006
2206.605006,612,1001
2206.610005,686,1004
2206.615006,772,1002
2206.620006,624,1003
2206.625006,642,1002
2206.630006,809,1001
2206.635006,710,1004
2206.640005,616,1004
2206.645006,770,999
2206.650006,762,1002
2206.655006,601,1002
2206.660006,684,1001
2206.665005,768,1004
2206.670006,610,1001
2206.675005,659,1001
2206.680006,789,1003
2206.685007,702,1003
2206.690006,633,1001
2206.695005,778,1002
2206.700006,742,1005
2206.705006,598,1002
2206.710006,701,1000
2206.715006,786,1001
2206.720005,610,1003
2206.725006,654,998
2206.730006,793,1003
2206.735006,723,1000
2206.740005,619,998
2206.745007,769,1003
2206.750006,765,995
2206.755007,598,1003
2206.760007,680,992
2206.765006,779,1003
2206.770006,608,1003
2206.775006,640,998
2206.780006,804,1001
2206.785006,710,1000
2206.790006,611,1004
2206.795006,763,1002
2206.800006,764,995
2206.805006,599,1001
2206.810006,676,1002
2206.815007,788,999
2206.820007,620,1000
2206.825007,639,1000
2206.830006,801,1001
2206.835006,705,998
2206.840006,635,997
2206.845005,775,1002
2206.850006,741,1001
2206.855006,601,994
2206.860006,685,998
2206.865005,761,1001
2206.870007,624,1000
2206.875005,642,997
2206.880006,786,1002
2206.885006,717,999
2206.890006,620,998
2206.895006,764,1002
2206.900007,737,1002
2206.905006,585,1003
2206.910006,691,1001
2206.915007,773,1002
2206.920005,606,997
2206.925006,640,998
2206.930006,797,1002
2206.935006,704,998
2206.940007,609,1000
2206.945006,778,1000
2206.950005,738,1004
2206.955006,610,995
2206.960007,694,1001
2206.965006,764,1003
2206.970006,618,1000
2206.975007,639,1001
2206.980006,801,1000
2206.985006,698,1002
2206.990006,625,994
2206.995005,778,995
2207.000006,743,1000
2207.005006,584,1001
2207.010006,673,999
2207.015005,771,999
2207.020006,607,1003
2207.025006,640,996
2207.030006,799,1000
2207.035005,703,1002
2207.040007,629,998
2207.045006,771,1000
2207.050005,738,1002
2207.055007,603,1002
2207.060006,680,1004
2207.065006,780,996
2207.070006,611,1000
2207.075007,633,1001
2207.080005,797,1002
2207.085005,699,1001
2207.090005,631,1001
2207.095006,774,1001
2207.100006,740,1002
2207.105006,604,1001
2207.110005,684,1003
2207.115006,787,999
2207.120006,614,1002
2207.125005,636,1001
2207.130006,806,998
2207.135006,701,1000
2207.140005,630,1001
2207.145007,765,1003
2207.150007,751,1002
2207.155006,595,1002
2207.160006,676,1002
2207.165006,761,1003
2207.170007,610,1003
2207.175007,646,996
2207.180007,793,1001
2207.185007,694,1002
2207.190006,611,1003
2207.195005,767,1002
2207.200006,739,1004
2207.205006,603,1002
2207.210006,683,1003
2207.215006,784,1000
2207.220005,609,1002
2207.225007,634,1004
2207.230005,799,1002
2207.235005,707,1003
2207.240006,607,1004
2207.245005,774,1002
2207.250006,748,993
2207.255007,608,996
2207.260006,678,1003
2207.265005,778,998
2207.270006,622,1002
2207.275007,643,1002
2207.280006,783,1002
2207.285005,713,1000
2207.290006,622,1001
2207.295006,781,1001
2207.300006,747,1003
2207.305005,593,1001
2207.310006,676,1001
2207.315006,782,1002
2207.320005,604,1002
2207.325006,653,1001
2207.330007,788,1002
2207.335006,713,998
2207.340005,622,1000
2207.345007,773,1001
2207.350007,737,998
2207.355006,603,1002
2207.360005,690,1001
2207.365006,764,1002
2207.370006,597,1004
2207.375007,650,993
2207.380006,790,1001
2207.385006,697,1002
2207.390006,611,1002
2207.395006,782,1000
2207.400007,736,1004
2207.405007,606,1000
2207.410006,688,1001
2207.415006,762,1002
2207.420006,621,1001
2207.425006,643,999
2207.430006,794,995
2207.435006,698,1003
2207.440007,618,1003
2207.445006,772,1003
2207.450006,739,1003
2207.455006,598,1004
2207.460006,689,1003
2207.465005,787,1000
2207.470007,610,1002
2207.475005,656,997
2207.480005,794,1002
2207.485006,711,996
2207.490005,621,1000
2207.495006,768,1003
2207.500006,755,1002
2207.505007,598,1002
2207.510007,687,1004
2207.515005,763,1001
2207.520007,622,1000
2207.525006,644,1000
2207.530006,797,999
2207.535005,712,994
2207.540006,614,1003
2207.545006,767,1003
2207.550005,734,1000
2207.555007,606,1001
2207.560006,691,999
2207.565006,762,1003
2207.570005,602,1001
2207.575005,657,1002
2207.580006,791,1002
2207.585007,699,1002
2207.590006,612,1004
2207.595006,788,997
2207.600006,750,999
2207.605007,591,1003
2207.610006,700,1001
2207.615007,762,1001
2207.620005,618,1001
2207.625007,643,1004
2207.630006,793,1002
2207.635006,707,993
2207.640005,619,1002
2207.645005,789,996
2207.650005,752,1001
2207.655005,600,1001
2207.660007,686,1002
2207.665005,782,1000
2207.670005,605,1002
2207.675006,648,1003
2207.680005,789,1001
2207.685007,695,1003
2207.690007,631,998
2207.695007,785,1000
2207.700005,738,1002
2207.705006,604,1000
2207.710007,707,995
2207.715006,776,1001
2207.720007,608,1000
2207.725006,657,1000
2207.730007,799,1001
2207.735006,692,1000
2207.740005,613,999
2207.745006,769,1002
2207.750006,756,999
2207.755006,596,1002
2207.760005,690,1001
2207.765007,781,1000
2207.770006,613,1000
2207.775006,634,1003
2207.780006,795,998
2207.785006,687,1002
2207.790006,613,1001
2207.795007,791,998
2207.800006,753,998
2207.805006,591,1002
2207.810007,706,996
2207.815007,768,1001
2207.820006,605,1001
2207.825006,637,1002
2207.830005,784,1001
2207.835006,701,1000
2207.840005,611,1003
2207.845007,790,993
2207.850005,747,1000
2207.855005,591,1002
2207.860005,703,1000
2207.865007,771,1002
2207.870006,600,1002
2207.875006,658,999
2207.880005,793,998
2207.885005,689,1002
2207.890007,634,1000
2207.895005,779,999
2207.900006,749,999
2207.905006,602,1001
2207.910005,691,999
2207.915006,761,1003
2207.920006,611,1000
2207.925006,644,1001
2207.930005,786,998
2207.935005,694,1002
2207.940005,619,1000
2207.945006,791,1001
2207.950006,753,1002
2207.955007,586,1004
2207.960006,704,1002
2207.965005,766,1003
2207.970006,621,1000
2207.975006,642,1003
2207.980006,799,998
2207.985005,700,998
2207.990006,616,1002
2207.995005,786,1001
2208.000006,739,1000
2208.005007,611,997
2208.010006,700,1001
2208.015007,759,1002
2208.020005,601,1002
2208.025006,638,1003
2208.030005,806,997
2208.035006,700,1001
2208.040007,625,996
2208.045006,787,1000
2208.050005,741,1002
2208.055007,605,994
2208.060006,694,1003
2208.065006,763,1003
2208.070005,619,998
2208.075006,647,1004
2208.080006,783,1004
2208.085006,695,995
2208.090005,628,1001
2208.095007,781,999
2208.100006,745,1003
2208.105006,591,1001
2208.110005,709,998
2208.115006,766,1001
2208.120005,598,1004
2208.125006,659,999
2208.130006,786,1002
2208.135005,707,1000
2208.140006,619,1000
2208.145007,770,1003
2208.150007,755,1002
2208.155006,590,1003
2208.160006,703,1001
2208.165007,765,1003
2208.170007,599,1002
2208.175006,653,1001
2208.180005,789,1002
2208.185006,700,1003
2208.190007,622,1002
2208.195007,780,1003
2208.200005,730,1005
2208.205006,605,1001
2208.210006,699,1002
2208.215006,762,1002
2208.220005,594,1003
2208.225006,652,1003
2208.230006,779,1002
2208.235005,697,997
2208.240006,631,999
2208.245005,778,1002
2208.250006,734,1003
2208.255006,584,1002
2208.260005,701,999
2208.265006,757,1001
2208.270006,613,1003
2208.275007,650,999
2208.280005,785,1001
2208.285007,697,995
2208.290007,611,1004
2208.295006,794,999
2208.300006,755,999
2208.305005,602,1002
2208.310006,696,1001
2208.315007,764,1004
2208.320006,611,999
2208.325006,648,1002
2208.330006,786,1002
2208.335007,702,999
2208.340006,622,999
2208.345006,770,1003
2208.350006,748,994
2208.355006,596,1003
2208.360005,691,1000
2208.365006,778,998
2208.370005,590,1003
2208.375006,645,1002
2208.380005,777,1002
2208.385005,692,1001
2208.390007,616,1003
2208.395007,769,1003
2208.400006,750,1001
2208.405006,595,1003
2208.410005,690,1004
2208.415005,778,1000
2208.420006,596,1001
2208.425005,654,996
2208.430006,795,998
2208.435007,689,999
2208.440006,627,997
2208.445007,784,1001
2208.450005,737,1001
2208.455006,584,1003
2208.460006,712,998
2208.465005,767,999
2208.470007,594,1001
2208.475005,638,1001
2208.480005,798,998
2208.485005,693,1001
2208.490007,625,1001
2208.495006,777,1001
2208.500005,739,1002
2208.505006,588,1003
2208.510005,710,1000
2208.515006,767,1002
2208.520006,597,1001
2208.525007,635,1003
2208.530007,792,1001
2208.535005,677,1002
2208.540006,631,1000
2208.545007,786,1002
2208.550007,735,1004
2208.555005,611,997
2208.560005,699,1002
2208.565005,781,998
2208.570006,605,1002
2208.575006,636,1003
2208.580005,802,1000
2208.585005,688,999
2208.590006,622,1003
2208.595006,774,1003
2208.600006,758,998
2208.605006,595,1000
2208.610006,694,1003
2208.615005,774,994
2208.620006,616,1002
2208.625006,644,1001
2208.630006,781,1002
2208.635005,690,1003
2208.640006,616,1000
2208.645006,789,996
2208.650006,753,1001
2208.655006,597,1001
2208.660005,696,1001
2208.665007,757,1002
2208.670007,621,1000
2208.675007,652,1002
2208.680006,786,1003
2208.685006,680,1000
2208.690007,633,1002
2208.695007,773,1004
2208.700006,754,1002
2208.705007,597,997
2208.710006,701,1002
2208.715006,780,999
2208.720006,598,1003
2208.725006,655,1001
2208.730006,782,1003
2208.735005,692,1003
2208.740007,632,1002
2208.745006,783,1002
2208.750007,746,1001
2208.755006,588,1002
2208.760005,719,998
2208.765007,767,1002
2208.770006,597,1003
2208.775006,635,1004
2208.780005,801,1000
2208.785006,681,1003
2208.790006,621,1003
2208.795007,774,1002
2208.800005,755,1002
2208.805007,608,1002
2208.810005,716,1000
2208.815005,773,999
2208.820005,597,1001
2208.825006,644,997
2208.830007,795,1002
2208.835005,678,1000
2208.840006,633,996
2208.845005,786,1002
2208.850006,740,999
2208.855007,597,1002
2208.860007,701,1003
2208.865006,760,1003
2208.870006,618,1001
2208.875007,648,1002
2208.880006,797,995
2208.885007,692,1001
2208.890006,631,1001
2208.895006,776,1002
2208.900006,751,998
2208.905005,603,1002
2208.910006,702,1000
2208.915007,779,995
2208.920007,598,1003
2208.925007,662,996
2208.930006,797,1001
2208.935007,674,1001
2208.940006,617,1002
2208.945006,773,1001
2208.950006,754,998
2208.955006,607,1000
2208.960006,702,995
2208.965005,772,1001
2208.970007,593,1003
2208.975006,648,1002
2208.980006,782,1003
2208.985005,687,996
2208.990007,630,1001
2208.995005,782,1001
2209.000005,736,1000
2209.005005,589,1003
2209.010006,703,999
2209.015005,770,1002
2209.020007,595,1000
2209.025006,650,995
2209.030005,800,997
2209.035007,665,1000
2209.040006,628,1000
2209.045007,781,1003
2209.050006,735,1001
2209.055005,613,996
2209.060006,707,1002
2209.065006,763,1001
2209.070005,609,995
2209.075007,659,1000
2209.080006,789,999
2209.085006,688,1001
2209.090005,630,1001
2209.095005,779,1000
2209.100006,737,1003
2209.105007,607,1001
2209.110006,706,1003
2209.115005,780,1001
2209.120007,603,1002
2209.125005,645,1000
2209.130005,784,1003
2209.135006,678,996
2209.140005,642,999
2209.145006,791,1001
2209.150005,746,1001
2209.155005,601,1000
2209.160007,713,1002
2209.165005,762,1002
2209.170006,619,1001
2209.175005,653,1001
2209.180007,787,1001
2209.185006,694,1001
2209.190007,637,1000
2209.195006,783,1004
2209.200005,762,1000
2209.205006,601,1003
2209.210007,726,999
2209.215006,769,1001
2209.220007,616,1001
2209.225006,646,1001
2209.230006,803,1000
2209.235006,679,1002
2209.240006,644,1002
2209.245006,791,1002
2209.250006,761,998
2209.255005,615,999
2209.260005,714,998
2209.265006,777,997
2209.270006,610,994
2209.275006,642,1005
2209.280006,805,1002
2209.285005,682,1002
2209.290006,626,998
2209.295006,781,1000
2209.300006,756,1001
2209.305006,607,1002
2209.310006,722,1001
2209.315006,762,1002
2209.320005,599,1000
2209.325006,645,1001
2209.330007,803,1000
2209.335006,678,1002
2209.340006,638,1000
2209.345005,784,996
2209.350006,754,1000
2209.355006,593,1003
2209.360006,726,1003
2209.365005,772,998
2209.370007,602,1002
2209.375006,643,1001
2209.380006,799,994
2209.385006,667,999
2209.390005,633,1001
2209.395006,779,1001
2209.400005,757,1001
2209.405005,605,1001
2209.410006,706,1001
2209.415007,770,1000
2209.420006,603,1002
2209.425005,668,998
2209.430007,794,1001
2209.435005,668,1000
2209.440005,640,1001
2209.445005,785,1002
2209.450006,739,1003
2209.455006,593,1001
2209.460006,727,997
2209.465005,765,1001
2209.470007,598,1003
2209.475005,654,993
2209.480005,800,1000
2209.485006,672,1003
2209.490005,629,1001
2209.495006,801,999
2209.500006,744,1000
2209.505005,612,994
2209.510006,723,999
2209.515006,763,1003
2209.520007,609,1002
2209.525007,656,1002
2209.530006,785,1002
2209.535006,692,998
2209.540006,630,1000
2209.545007,785,1000
2209.550006,752,996
2209.555006,605,1001
2209.560005,715,1002
2209.565005,780,1000
2209.570005,606,1000
2209.575006,645,1004
2209.580006,806,1000
2209.585007,675,1003
2209.590006,623,1003
2209.595007,798,994
2209.600005,750,998
2209.605006,616,997
2209.610006,714,1003
2209.615005,774,1002
2209.620006,598,1003
2209.625006,656,994
2209.630007,797,993
2209.635006,673,1001
2209.640005,626,1000
2209.645006,779,1004
2209.650006,751,1001
2209.655007,598,1000
2209.660007,709,1004
2209.665006,772,1002
2209.670007,604,1000
2209.675007,653,1001
2209.680005,792,1002
2209.685006,671,1003
2209.690006,619,1000
2209.695005,802,1001
2209.700005,738,1004
2209.705006,597,1002
2209.710006,713,1003
2209.715005,778,1002
2209.720006,600,1000
2209.725006,661,996
2209.730006,796,1001
2209.735006,673,993
2209.740005,623,1004
2209.745007,808,1001
2209.750006,747,1003
2209.755006,617,1003
2209.760005,723,1002
2209.765007,759,1003
2209.770005,610,1001
2209.775005,660,1001
2209.780005,800,1000
2209.785006,668,1003
2209.790007,645,997
2209.795006,795,1002
2209.800006,751,1002
2209.805005,599,1003
2209.810006,731,1000
2209.815006,769,1002
2209.820006,594,1003
2209.825005,659,997
2209.830006,799,1000
2209.835005,673,1001
2209.840005,621,1005
2209.845006,801,1001
2209.850006,745,999
2209.855006,600,1002
2209.860006,714,1000
2209.865005,776,996
2209.870006,607,1002
2209.875006,651,1002
2209.880007,781,1002
2209.885007,663,1003
2209.890005,646,999
2209.895006,803,1002
2209.900006,745,1001
2209.905005,606,994
2209.910006,721,1003
2209.915006,774,993
2209.920006,599,1000
2209.925005,646,1003
2209.930006,807,998
2209.935007,680,1000
2209.940007,625,1003
2209.945006,805,1001
2209.950005,742,1003
2209.955006,594,1004
2209.960006,737,1000
2209.965006,763,1004
2209.970005,611,1003
2209.975006,643,1003
2209.980006,780,1002
2209.985006,680,1002
2209.990006,630,1002
2209.995006,803,993
2210.000006,748,1000
2210.005006,592,1004
2210.010005,731,1001
2210.015006,768,1000
2210.020006,602,1001
2210.025006,642,1003
2210.030005,789,999
2210.035006,674,1000
2210.040006,634,1000
2210.045007,785,1001
2210.050006,754,1001
2210.055006,600,1001
2210.060007,714,1001
2210.065006,761,1002
2210.070005,590,1003
2210.075007,650,1000
2210.080006,785,1003
2210.085006,683,997
2210.090006,635,1002
2210.095006,786,1003
2210.100006,738,1002
2210.105005,614,1000
2210.110005,729,1000
2210.115006,756,1001
2210.120005,606,997
2210.125007,645,1003
2210.130007,801,996
2210.135006,668,1002
2210.140005,628,1002
2210.145007,779,1003
2210.150007,752,1001
2210.155007,604,1002
2210.160005,711,1002
2210.165006,768,998
2210.170006,598,998
2210.175006,642,1001
2210.180006,785,995
2210.185006,672,1001
2210.190007,631,1000
2210.195006,785,1002
2210.200006,729,1001
2210.205006,598,1001
2210.210006,712,1003
2210.215006,749,1002
2210.220006,611,999
2210.225007,650,1000
2210.230006,774,1001
2210.235006,671,1000
2210.240005,626,995
2210.245007,776,1002
2210.250005,750,998
2210.255006,598,1001
2210.260005,717,1001
2210.265007,750,1002
2210.270007,598,1001
2210.275006,647,1002
2210.280005,803,997
2210.285006,666,1001
2210.290006,624,1002
2210.295007,794,1000
2210.300006,745,1002
2210.305006,598,1003
2210.310006,730,1001
2210.315006,762,998
2210.320005,592,1003
2210.325006,658,1001
2210.330006,785,1002
2210.335007,682,993
2210.340006,629,1000
2210.345005,783,1002
2210.350007,750,995
2210.355006,598,1000
2210.360006,718,1003
2210.365005,770,1001
2210.370006,596,1001
2210.375006,663,1001
2210.380006,791,1002
2210.385005,669,1001
2210.390007,624,1004
2210.395006,798,1001
2210.400007,742,1003
2210.405007,600,1001
2210.410006,746,1000
2210.415006,769,1000
2210.420006,596,1000
2210.425006,657,1004
2210.430005,789,1000
2210.435006,659,1001
2210.440005,644,1000
2210.445005,797,1000
2210.450006,735,1003
2210.455006,613,1000
2210.460007,731,1002
2210.465006,756,1001
2210.470005,613,1001
2210.475006,658,1000
2210.480006,780,1003
2210.485006,678,999
2210.490006,633,1001
2210.495005,805,1001
2210.500006,749,1001
2210.505006,606,996
2210.510005,737,1000
2210.515005,754,1001
2210.520005,608,1001
2210.525006,652,1000
2210.530005,781,1001
2210.535007,656,1003
2210.540006,642,1001
2210.545006,793,1001
2210.550005,742,1003
2210.555006,601,1003
2210.560006,725,1000
2210.565007,771,996
2210.570005,603,1000
2210.575006,644,1003
2210.580006,800,1000
2210.585006,657,1001
2210.590005,634,993
2210.595006,782,1004
2210.600006,753,1000
2210.605006,608,1001
2210.610005,731,994
2210.615005,774,1001
2210.620007,590,1003
2210.625006,643,1004
2210.630006,799,1003
2210.635005,659,1001
2210.640006,627,1002
2210.645007,780,1003
2210.650006,744,1002
2210.655006,599,1002
2210.660005,725,996
2210.665006,771,1001
2210.670006,590,1001
2210.675005,665,1001
2210.680006,786,1002
2210.685006,651,1003
2210.690005,633,999
2210.695006,783,1002
2210.700006,748,998
2210.705006,616,1000
2210.710006,729,1000
2210.715005,756,1003
2210.720007,593,1002
2210.725005,641,1003
2210.730005,799,996
2210.735005,656,1000
2210.740006,635,993
2210.745006,790,1002
2210.750006,744,1002
2210.755006,601,1000
2210.760006,724,1000
2210.765005,750,1001
2210.770006,610,998
2210.775006,652,1002
2210.780005,783,1002
2210.785006,649,1002
2210.790006,637,1002
2210.795006,795,1002
2210.800005,736,1003
2210.805005,614,999
2210.810006,727,1001
2210.815007,750,1001
2210.820005,603,1000
2210.825006,642,1002
2210.830006,798,1000
2210.835006,663,1001
2210.840005,628,1003
2210.845006,783,1003
2210.850006,746,1003
2210.855007,608,1000
2210.860006,733,1001
2210.865006,753,1001
2210.870005,603,1002
2210.875007,651,1002
2210.880006,800,1001
2210.885006,656,1002
2210.890006,627,1003
2210.895006,784,1003
2210.900007,748,1001
2210.905006,600,1003
2210.910006,726,1004
2210.915006,773,1001
2210.920007,591,1003
2210.925007,656,1003
2210.930006,783,1003
2210.935006,651,1001
2210.940007,642,1000
2210.945007,792,1001
2210.950005,744,994
2210.955006,610,1000
2210.960007,725,1002
2210.965006,767,1000
2210.970007,594,1000
2210.975006,669,1001
2210.980006,788,1001
2210.985006,673,995
2210.990005,643,1002
2210.995005,786,1000
2211.000006,733,1001
2211.005007,617,996
2211.010006,737,1002
2211.015006,749,1002
2211.020006,600,1002
2211.025006,644,1004
2211.030006,788,1000
2211.035005,664,998
2211.040006,639,1002
2211.045005,788,1001
2211.050005,754,1002
2211.055007,608,999
2211.060006,732,1000
2211.065005,762,1003
2211.070005,608,998
2211.075006,652,1001
2211.080007,779,1001
2211.085005,669,1002
2211.090005,634,1001
2211.095006,796,994
2211.100006,749,1003
2211.105006,610,1000
2211.110006,735,1000
2211.115006,774,999
2211.120005,603,1003
2211.125006,650,1003
2211.130007,802,1000
2211.135006,659,1000
2211.140006,632,1002
2211.145006,798,993
2211.150006,751,1002
2211.155006,607,1002
2211.160005,732,1003
2211.165005,773,996
2211.170005,600,1001
2211.175006,648,1004
2211.180006,797,1003
2211.185006,649,1003
2211.190006,625,1001
2211.195006,782,1005
2211.200005,752,1001
2211.205007,609,1000
2211.210006,733,1002
2211.215005,768,1000
2211.220006,595,1001
2211.225006,646,1003
2211.230006,774,1002
2211.235006,663,1002
2211.240006,628,1003
2211.245005,780,1004
2211.250006,746,998
2211.255006,596,1003
2211.260007,744,1002
2211.265005,747,1001
2211.270007,606,999
2211.275007,651,1001
2211.280006,775,1003
2211.285006,663,998
2211.290006,634,1003
2211.295007,781,1002
2211.300006,737,1001
2211.305006,611,1001
2211.310007,729,1000
2211.315006,767,994
2211.320005,598,1001
2211.325006,648,1001
2211.330006,784,1002
2211.335006,644,1003
2211.340007,640,997
2211.345005,795,995
2211.350007,746,1002
2211.355007,600,1001
2211.360005,724,1002
2211.365006,747,1001
2211.370006,601,1002
2211.375006,649,1000
2211.380006,775,1002
2211.385006,652,1002
2211.390005,631,1003
2211.395007,782,1002
2211.400007,728,1004
2211.405007,607,1002
2211.410005,727,1004
2211.415006,765,997
2211.420006,600,1001
2211.425006,645,1001
2211.430006,789,1001
2211.435006,643,1001
2211.440006,622,1003
2211.445005,795,1002
2211.450006,736,1003
2211.455006,598,1003
2211.460005,753,999
2211.465005,760,1000
2211.470007,608,1001
2211.475007,650,1002
2211.480006,782,1003
2211.485006,643,1003
2211.490006,627,1003
2211.495005,783,1003
2211.500006,742,1001
2211.505006,610,1002
2211.510007,732,1003
2211.515005,746,1004
2211.520006,600,1001
2211.525005,649,1002
2211.530005,793,993
2211.535006,643,1003
2211.540006,646,1000
2211.545006,782,1001
2211.550007,727,1001
2211.555005,613,1001
2211.560006,747,999
2211.565006,763,1001
2211.570006,594,1002
2211.575005,648,1002
2211.580006,776,1003
2211.585006,641,1004
2211.590006,649,999
2211.595006,794,1002
2211.600007,732,1004
2211.605006,598,1003
2211.610006,751,1001
2211.615006,751,1000
2211.620005,584,1002
2211.625006,659,1001
2211.630007,776,1003
2211.635006,635,1003
2211.640005,636,1002
2211.645007,788,1003
2211.650006,753,1001
2211.655005,616,1000
2211.660007,743,1002
2211.665006,754,994
2211.670006,600,1001
2211.675006,647,1003
2211.680005,778,1001
2211.685006,637,1000
2211.690007,648,1002
2211.695006,790,1002
2211.700005,751,996
2211.705006,603,1001
2211.710007,739,998
2211.715006,768,999
2211.720006,598,998
2211.725007,656,994
2211.730006,789,999
2211.735006,634,1003
2211.740006,625,1002
2211.745005,800,998
2211.750006,731,1002
2211.755007,617,1000
2211.760006,749,999
2211.765005,753,998
2211.770006,594,997
2211.775006,665,998
2211.780005,780,998
2211.785006,657,996
2211.790006,639,1000
2211.795006,797,994
2211.800006,743,999
2211.805006,603,996
2211.810006,734,997
2211.815006,763,1000
2211.820005,592,999
2211.825007,645,1000
2211.830006,789,999
2211.835007,650,996
2211.840006,636,996
2211.845006,782,1002
2211.850007,744,997
2211.855006,603,1001
2211.860006,734,1002
2211.865005,763,998
2211.870006,594,996
2211.875006,644,1001
2211.880005,784,997
2211.885006,644,1002
2211.890006,645,994
2211.895006,787,1000
2211.900006,730,1000
2211.905006,608,1001
2211.910006,753,1002
2211.915007,752,1002
2211.920005,585,1002
2211.925006,662,1002
2211.930006,779,1000
2211.935006,639,1001
2211.940006,651,999
2211.945005,793,1002
2211.950006,729,1004
2211.955006,598,1005
2211.960007,736,1001
2211.965006,765,1002
2211.970006,590,1003
2211.975006,649,998
2211.980006,792,995
2211.985006,644,1001
2211.990006,636,1003
2211.995005,788,1001
2212.000006,729,1005
2212.005006,620,1000
2212.010006,748,1002
2212.015006,749,1004
2212.020006,589,1004
2212.025006,648,1002
2212.030006,794,1000
2212.035006,649,1002
2212.040006,630,1003
2212.045007,802,1000
2212.050007,729,1003
2212.055006,625,998
2212.060005,741,1002
2212.065005,759,994
2212.070005,602,1002
2212.075006,659,1000
2212.080006,771,1003
2212.085006,650,1003
2212.090006,630,1003
2212.095006,806,1003
2212.100007,748,1001
2212.105006,616,1000
2212.110005,743,1001
2212.115006,752,1002
2212.120005,600,999
2212.125007,655,1001
2212.130006,777,1001
2212.135007,649,1000
2212.140005,644,1002
2212.145006,788,1003
2212.150007,735,1000
2212.155006,598,1004
2212.160006,750,995
2212.165006,758,1002
2212.170006,591,1004
2212.175006,674,998
2212.180006,792,1002
2212.185006,637,1004
2212.190005,650,997
2212.195005,801,1000
2212.200006,739,998
2212.205006,602,1002
2212.210007,746,999
2212.215007,756,1000
2212.220006,604,997
2212.225005,660,1002
2212.230005,774,1001
2212.235005,648,1001
2212.240007,633,1002
2212.245006,784,1005
2212.250007,753,1000
2212.255006,615,1002
2212.260005,748,1000
2212.265006,760,995
2212.270006,599,1001
2212.275006,655,1003
2212.280006,799,997
2212.285005,644,1000
2212.290006,638,1000
2212.295005,792,1001
2212.300006,733,1001
2212.305005,629,997
2212.310006,756,995
2212.315006,747,1001
2212.320006,612,998
2212.325006,651,998
2212.330006,785,989
2212.335006,655,996
2212.340005,646,996
2212.345007,791,998
2212.350006,752,994
2212.355006,612,995
2212.360006,743,997
2212.365005,771,995
2212.370006,604,994
2212.375006,657,998
2212.380006,800,991
2212.385005,644,996
2212.390006,640,995
2212.395006,788,998
2212.400006,741,996
2212.405006,609,995
2212.410005,771,990
2212.415006,760,994
2212.420006,589,998
2212.425006,667,995
2212.430006,785,993
2212.435007,635,997
2212.440007,640,993
2212.445006,810,993
2212.450005,735,995
2212.455007,628,995
2212.460007,753,995
2212.465006,757,994
2212.470006,605,992
2212.475006,658,997
2212.480006,781,994
2212.485005,647,992
2212.490007,641,996
2212.495005,789,997
2212.500007,753,994
2212.505007,618,993
2212.510005,753,994
2212.515005,760,993
2212.520006,590,998
2212.525006,676,994
2212.530005,781,998
2212.535007,654,993
2212.540005,658,993
2212.545006,801,995
2212.550006,734,998
2212.555005,609,996
2212.560006,758,997
2212.565007,748,998
2212.570007,607,993
2212.575006,668,995
2212.580007,797,997
2212.585007,642,1000
2212.590006,637,996
2212.595006,782,1000
2212.600007,736,1000
2212.605005,598,1000
2212.610006,757,999
2212.615005,746,995
2212.620006,607,997
2212.625007,663,1001
2212.630006,772,1002
2212.635005,622,1000
2212.640007,648,999
2212.645006,785,1000
2212.650007,725,1002
2212.655006,604,1001
2212.660006,750,1001
2212.665007,741,1005
2212.670006,584,1001
2212.675006,663,1000
2212.680006,781,1001
2212.685007,628,1002
2212.690006,627,1000
2212.695006,802,1001
2212.700006,735,1001
2212.705007,599,1002
2212.710006,763,1002
2212.715007,744,1003
2212.720006,585,1004
2212.725006,671,999
2212.730006,784,1003
2212.735006,646,1002
2212.740005,643,1003
2212.745006,782,1003
2212.750007,733,1003
2212.755006,603,1001
2212.760006,752,1002
2212.765005,740,1004
2212.770006,603,1000
2212.775006,662,999
2212.780005,778,997
2212.785007,625,1004
2212.790006,634,1003
2212.795006,782,1001
2212.800006,737,1002
2212.805006,611,1003
2212.810006,755,1000
2212.815007,747,999
2212.820006,583,1004
2212.825005,651,1002
2212.830006,782,1001
2212.835007,625,1001
2212.840006,632,999
2212.845006,803,1003
2212.850006,736,1001
2212.855007,609,1004
2212.860006,763,996
2212.865006,751,1001
2212.870005,585,1002
2212.875007,665,995
2212.880006,767,1004
2212.885005,639,1000
2212.890006,633,1002
2212.895006,794,993
2212.900006,737,1001
2212.905006,602,1002
2212.910006,764,1002
2212.915006,752,1003
2212.920006,589,1002
2212.925006,669,997
2212.930005,776,1003
2212.935006,619,1001
2212.940007,643,1001
2212.945006,790,1003
2212.950005,724,1001
2212.955006,625,1000
2212.960006,750,1002
2212.965006,766,998
2212.970005,591,1001
2212.975007,658,1003
2212.980006,767,1003
2212.985005,638,1001
2212.990006,646,1002
2212.995006,794,1002
2213.000006,722,1003
2213.005005,603,1003
2213.010005,772,1001
2213.015007,751,1001
2213.020007,587,1002
2213.025006,659,1002
2213.030005,795,998
2213.035007,627,1001
2213.040006,635,1003
2213.045007,785,1001
2213.050007,735,1002
2213.055005,609,1000
2213.060006,749,1003
2213.065007,760,1001
2213.070007,589,1001
2213.075006,675,1000
2213.080006,777,999
2213.085007,637,1001
2213.090007,636,1000
2213.095007,781,1002
2213.100005,726,1001
2213.105006,600,1002
2213.110005,768,1001
2213.115007,749,1001
2213.120005,583,1001
2213.125006,669,1001
2213.130006,781,998
2213.135006,622,999
2213.140005,650,998
2213.145006,794,998
2213.150007,720,1002
2213.155006,623,999
2213.160006,755,1001
2213.165006,746,1001
2213.170007,609,995
2213.175006,660,998
2213.180005,793,995
2213.185006,636,998
2213.190005,648,996
2213.195005,794,1000
2213.200006,717,999
2213.205007,620,996
2213.210006,771,997
2213.215005,747,1002
2213.220006,595,997
2213.225006,660,1001
2213.230006,783,998
2213.235005,624,1000
2213.240006,634,1001
2213.245006,783,1004
2213.250007,737,999
2213.255006,616,1000
2213.260005,760,1000
2213.265006,757,996
2213.270007,592,998
2213.275006,681,998
2213.280006,779,997
2213.285005,615,1002
2213.290007,630,1001
2213.295006,796,992
2213.300006,733,1002
2213.305005,615,1000
2213.310006,756,1000
2213.315005,763,997
2213.320005,601,1000
2213.325006,665,1000
2213.330005,769,1000
2213.335006,636,998
2213.340005,652,997
2213.345006,789,998
2213.350006,711,1001
2213.355007,621,1001
2213.360007,764,1000
2213.365006,742,1001
2213.370005,607,1001
2213.375007,664,1000
2213.380006,777,995
2213.385006,611,1001
2213.390005,653,1000
2213.395006,793,998
2213.400006,709,1001
2213.405006,608,1003
2213.410005,776,1000
2213.415006,751,1000
2213.420007,587,1002
2213.425006,682,1001
2213.430005,783,999
2213.435006,614,1002
2213.440006,648,998
2213.445005,794,998
2213.450006,715,1001
2213.455006,623,996
2213.460006,761,999
2213.465006,748,1001
2213.470006,593,995
2213.475006,673,1002
2213.480007,776,1000
2213.485006,618,1001
2213.490006,656,1000
2213.495005,794,1002
2213.500006,720,1000
2213.505006,605,1002
2213.510006,772,1000
2213.515005,740,1001
2213.520006,596,1002
2213.525007,669,1003
2213.530007,784,995
2213.535007,630,998
2213.540005,643,1002
2213.545005,787,1002
2213.550005,715,1003
2213.555006,610,1002
2213.560006,757,1000
2213.565006,765,1000
2213.570005,593,999
2213.575006,666,1002
2213.580006,787,1001
2213.585007,617,1000
2213.590006,632,1001
2213.595005,785,1005
2213.600006,710,1003
2213.605006,630,999
2213.610005,770,1001
2213.615007,744,1003
2213.620006,586,1004
2213.625006,663,1003
2213.630007,783,1000
2213.635006,618,1002
2213.640006,635,999
2213.645006,794,1001
2213.650007,706,1003
2213.655006,624,996
2213.660006,758,1001
2213.665007,738,1003
2213.670006,600,1002
2213.675006,668,1003
2213.680005,765,1004
2213.685006,616,1002
2213.690006,654,998
2213.695005,799,1003
2213.700006,714,1002
2213.705006,627,1002
2213.710006,768,1004
2213.715005,748,1000
2213.720006,608,1001
2213.725006,674,1003
2213.730006,786,998
2213.735005,631,995
2213.740007,650,1001
2213.745006,789,1002
2213.750006,707,1004
2213.755006,632,1000
2213.760006,777,1001
2213.765006,753,1004
2213.770007,594,1002
2213.775005,690,994
2213.780005,781,1001
2213.785007,615,1004
2213.790005,641,1003
2213.795005,799,1002
2213.800005,710,998
2213.805007,631,993
2213.810006,785,1000
2213.815006,752,1002
2213.820006,593,1003
2213.825005,677,1001
2213.830006,787,999
2213.835006,620,1002
2213.840006,638,1002
2213.845006,805,1001
2213.850006,710,1000
2213.855006,628,998
2213.860006,787,998
2213.865006,757,1000
2213.870005,590,1003
2213.875006,671,1002
2213.880006,780,1000
2213.885006,618,1002
2213.890006,634,1004
2213.895007,803,998
2213.900007,709,999
2213.905006,630,999
2213.910007,773,998
2213.915005,747,1000
2213.920005,593,996
2213.925005,695,1000
2213.930006,772,1000
2213.935006,615,998
2213.940006,643,1000
2213.945006,801,1001
2213.950005,714,999
2213.955006,618,1000
2213.960007,775,1001
2213.965007,741,1002
2213.970007,600,999
2213.975006,679,999
2213.980007,786,996
2213.985006,619,998
2213.990005,642,998
2213.995007,810,994
2214.000006,721,999
2214.005006,619,999
2214.010006,769,998
2214.015006,744,1002
2214.020007,594,1000
2214.025005,690,996
2214.030006,773,998
2214.035005,625,993
2214.040006,649,998
2214.045006,790,1002
2214.050005,704,998
2214.055006,632,1001
2214.060006,772,1000
2214.065007,741,1000
2214.070006,612,998
2214.075005,685,997
2214.080007,779,994
2214.085007,618,1001
2214.090006,636,1005
2214.095006,803,999
2214.100007,708,1001
2214.105007,610,1002
2214.110006,789,999
2214.115006,752,998
2214.120005,590,1003
2214.125006,693,995
2214.130005,787,1000
2214.135005,622,999
2214.140005,659,999
2214.145006,793,999
2214.150006,702,1001
2214.155006,614,1002
2214.160005,790,998
2214.165006,752,1002
2214.170007,591,1003
2214.175007,704,999
2214.180007,785,1000
2214.185006,621,1001
2214.190006,648,999
2214.195005,787,1001
2214.200006,716,999
2214.205007,619,1000
2214.210006,784,1000
2214.215005,749,1001
2214.220006,587,1002
2214.225005,685,1002
2214.230006,772,996
2214.235005,624,1001
2214.240006,644,1001
2214.245005,803,998
2214.250006,705,1003
2214.255006,633,1001
2214.260005,770,1003
2214.265007,760,997
2214.270006,601,1001
2214.275007,692,1003
2214.280007,770,1003
2214.285006,609,1003
2214.290006,636,1000
2214.295007,808,1001
2214.300006,706,1003
2214.305006,627,996
2214.310007,784,999
2214.315006,753,1002
2214.320006,590,1001
2214.325005,679,1004
2214.330006,787,1001
2214.335006,615,1000
2214.340005,638,1004
2214.345006,806,1000
2214.350007,703,1003
2214.355006,611,1001
2214.360005,792,997
2214.365007,746,1003
2214.370006,587,1002
2214.375006,703,1002
2214.380006,774,1003
2214.385006,603,1002
2214.390006,651,1001
2214.395006,787,1002
2214.400006,719,1002
2214.405006,616,1002
2214.410005,790,996
2214.415006,757,1004
2214.420007,587,1003
2214.425007,708,1000
2214.430006,772,995
2214.435006,612,1000
2214.440007,641,1005
2214.445006,809,1002
2214.450006,710,1002
2214.455007,626,1001
2214.460006,777,1002
2214.465006,739,1003
2214.470005,609,1001
2214.475006,700,1001
2214.480007,780,1001
2214.485005,615,1003
2214.490006,642,1002
2214.495007,789,1001
2214.500006,697,1005
2214.505006,643,997
2214.510005,783,1002
2214.515006,747,1003
2214.520006,610,993
2214.525006,704,1000
2214.530006,769,995
2214.535006,611,994
2214.540006,652,1002
2214.545006,788,1005
2214.550006,693,1004
2214.555005,627,999
2214.560006,786,1001
2214.565005,755,1001
2214.570005,595,999
2214.575006,689,1003
2214.580005,764,1003
2214.585006,621,1001
2214.590005,657,999
2214.595006,794,1001
2214.600006,705,1001
2214.605005,622,1002
2214.610005,795,1002
2214.615007,747,1002
2214.620005,597,1000
2214.625007,710,1000
2214.630006,779,998
2214.635005,610,1001
2214.640006,646,1000
2214.645006,789,1002
2214.650006,706,1001
2214.655005,620,1002
2214.660007,794,994
2214.665006,749,1001
2214.670006,614,1001
2214.675006,696,1000
2214.680006,772,999
2214.685006,622,995
2214.690007,655,1001
2214.695007,796,1002
2214.700005,710,996
2214.705006,630,1001
2214.710006,793,1001
2214.715007,746,1001
2214.720005,593,1002
2214.725006,705,995
2214.730006,776,1000
2214.735005,605,1002
2214.740006,638,1002
2214.745006,806,999
2214.750007,697,1002
2214.755007,616,1001
2214.760006,791,1000
2214.765006,758,1001
2214.770006,599,999
2214.775006,701,1000
2214.780005,762,1000
2214.785007,619,1001
2214.790007,646,1001
2214.795007,791,1003
2214.800007,714,1001
2214.805007,621,1001
2214.810006,792,1001
2214.815006,748,998
2214.820006,597,1001
2214.825005,690,1003
2214.830006,763,1004
2214.835006,620,1001
2214.840005,645,1001
2214.845006,786,1000
2214.850007,708,998
2214.855006,624,999
2214.860007,779,1002
2214.865006,741,1002
2214.870005,596,1003
2214.875007,691,1002
2214.880006,764,1002
2214.885006,606,1002
2214.890006,658,997
2214.895006,802,1001
2214.900006,694,1001
2214.905006,614,1003
2214.910006,776,1001
2214.915007,763,1001
2214.920007,599,1001
2214.925005,716,996
2214.930006,770,1000
2214.935006,602,1002
2214.940006,664,999
2214.945005,794,1002
2214.950006,698,996
2214.955007,635,1000
2214.960005,782,999
2214.965005,743,1000
2214.970006,610,1000
2214.975007,698,1003
2214.980006,764,1003
2214.985005,601,1001
2214.990006,656,1003
2214.995005,794,1001
2215.000006,686,1003
2215.005006,636,1003
2215.010006,796,1001
2215.015006,746,1001
2215.020007,612,1001
2215.025006,697,1002
2215.030006,762,1004
2215.035006,618,1001
2215.040007,649,1004
2215.045006,791,997
2215.050007,703,995
2215.055007,620,1001
2215.060006,796,995
2215.065006,741,1001
2215.070006,596,1000
2215.075005,717,998
2215.080006,769,999
2215.085006,616,996
2215.090005,641,1003
2215.095007,809,997
2215.100006,693,1003
2215.105006,617,1002
2215.110006,774,1001
2215.115006,763,998
2215.120006,606,1001
2215.125006,693,1002
2215.130006,762,1000
2215.135005,610,1003
2215.140006,640,1004
2215.145006,803,1002
2215.150006,690,1002
2215.155005,619,1002
2215.160006,801,999
2215.165006,750,1002
2215.170006,600,1001
2215.175005,696,1005
2215.180006,780,1001
2215.185006,609,1001
2215.190007,649,998
2215.195006,805,997
2215.200005,703,1000
2215.205005,625,1000
2215.210005,782,1001
2215.215005,739,1002
2215.220006,614,1000
2215.225007,717,1001
2215.230007,768,1001
2215.235007,611,993
2215.240006,655,1002
2215.245005,792,1001
2215.250006,686,1002
2215.255006,636,1002
2215.260005,795,1001
2215.265006,746,1001
2215.270005,591,1002
2215.275006,720,1001
2215.280006,770,1000
2215.285006,599,1005
2215.290006,657,1002
2215.295006,793,1002
2215.300006,692,994
2215.305006,636,1002
2215.310007,785,1002
2215.315006,740,1000
2215.320006,616,998
2215.325005,708,1001
2215.330006,771,999
2215.335007,598,1001
2215.340007,665,1003
2215.345006,797,1001
2215.350006,696,1000
2215.355006,630,1000
2215.360005,780,1003
2215.365006,757,995
2215.370006,618,998
2215.375006,715,1001
2215.380006,763,1003
2215.385005,614,1001
2215.390006,649,1001
2215.395006,799,993
2215.400006,700,1001
2215.405005,626,1003
2215.410006,783,1001
2215.415006,744,1000
2215.420006,616,1001
2215.425007,708,1002
2215.430005,759,1003
2215.435006,616,991
2215.440007,650,1000
2215.445006,787,1002
2215.450005,688,1001
2215.455007,622,1001
2215.460007,793,993
2215.465007,745,1001
2215.470005,595,1001
2215.475007,719,1002
2215.480005,770,1001
2215.485005,623,997
2215.490005,659,1001
2215.495006,793,1000
2215.500006,698,997
2215.505006,641,1000
2215.510005,787,1002
2215.515007,741,1000
2215.520006,613,996
2215.525006,724,1000
2215.530006,772,1000
2215.535006,608,1000
2215.540006,652,1001
2215.545006,789,1000
2215.550006,679,1002
2215.555005,641,1000
2215.560006,785,1002
2215.565006,765,997
2215.570005,610,1000
2215.575006,712,1001
2215.580006,765,1003
2215.585006,616,995
2215.590005,651,1000
2215.595006,784,1001
2215.600006,688,992
2215.605006,638,1001
2215.610006,786,1001
2215.615005,745,999
2215.620006,590,1001
2215.625007,709,1001
2215.630006,777,1000
2215.635007,607,997
2215.640007,643,1001
2215.645006,778,1004
2215.650006,687,995
2215.655007,623,1001
2215.660005,771,1001
2215.665006,743,1001
2215.670006,589,1003
2215.675006,701,1002
2215.680005,773,1000
2215.685007,604,999
2215.690005,644,1002
2215.695005,778,1003
2215.700006,670,1004
2215.705007,630,1002
2215.710006,783,1000
2215.715006,740,999
2215.720005,605,999
2215.725006,710,999
2215.730007,757,1003
2215.735007,607,999
2215.740005,652,999
2215.745006,790,1002
2215.750006,670,1001
2215.755007,633,999
2215.760006,774,1004
2215.765005,738,996
2215.770007,598,1002
2215.775006,701,1002
2215.780005,774,1000
2215.785006,602,1001
2215.790006,635,1002
2215.795007,798,997
2215.800007,683,998
2215.805006,615,1002
2215.810005,788,1000
2215.815006,736,1003
2215.820005,607,1000
2215.825007,707,1003
2215.830006,780,999
2215.835007,604,1002
2215.840006,646,1002
2215.845005,804,999
2215.850007,686,1001
2215.855006,621,1001
2215.860007,778,998
2215.865007,739,1001
2215.870005,599,995
2215.875006,714,1000
2215.880006,762,998
2215.885005,591,1003
2215.890006,640,999
2215.895006,791,1001
2215.900007,673,1002
2215.905006,638,998
2215.910006,794,1002
2215.915006,739,1000
2215.920007,594,1000
2215.925006,721,1000
2215.930006,761,1001
2215.935007,608,994
2215.940006,640,998
2215.945006,786,1000
2215.950005,676,1000
2215.955006,617,1002
2215.960006,794,1000
2215.965007,742,1003
2215.970006,590,1001
2215.975007,721,1002
2215.980006,764,1003
2215.985005,598,1000
2215.990007,655,1001
2215.995006,788,1002
2216.000006,674,1001
2216.005007,629,1002
2216.010006,780,1002
2216.015006,749,995
2216.020006,599,1001
2216.025007,704,1004
2216.030005,769,1000
2216.035007,600,1002
2216.040005,638,1004
2216.045006,795,1002
2216.050005,664,999
2216.055006,633,1001
2216.060006,779,999
2216.065006,749,1000
2216.070005,592,1001
2216.075006,725,999
2216.080006,769,999
2216.085006,592,1002
2216.090006,656,1002
2216.095006,780,1002
2216.100006,687,1000
2216.105006,626,999
2216.110006,801,1000
2216.115006,734,1005
2216.120005,590,1003
2216.125006,717,992
2216.130007,773,998
2216.135007,608,1001
2216.140006,650,1002
2216.145006,781,1001
2216.150007,669,1001
2216.155006,635,997
2216.160005,792,997
2216.165005,732,998
2216.170006,609,999
2216.175006,715,1000
2216.180005,757,1003
2216.185006,604,993
2216.190006,651,1001
2216.195005,782,1002
2216.200006,685,1001
2216.205006,632,1000
2216.210006,774,1004
2216.215006,746,996
2216.220005,590,1001
2216.225006,716,1001
2216.230006,755,1002
2216.235006,594,1003
2216.240006,661,996
2216.245005,792,999
2216.250006,660,1001
2216.255007,636,1000
2216.260006,784,1000
2216.265006,731,1002
2216.270005,599,1001
2216.275005,710,1003
2216.280006,753,1002
2216.285006,605,1002
2216.290006,640,1002
2216.295006,793,1001
2216.300006,674,1001
2216.305005,627,1001
2216.310007,777,1003
2216.315006,757,997
2216.320006,600,1002
2216.325005,718,1001
2216.330007,752,1005
2216.335006,601,1001
2216.340006,661,998
2216.345005,794,1001
2216.350006,664,1002
2216.355007,624,996
2216.360006,787,1000
2216.365006,732,1001
2216.370005,609,1000
2216.375007,714,1000
2216.380007,773,1000
2216.385007,591,1000
2216.390005,644,995
2216.395006,792,1002
2216.400006,663,1002
2216.405005,617,1000
2216.410006,795,1002
2216.415007,735,1002
2216.420006,606,996
2216.425005,718,1000
2216.430006,762,1001
2216.435005,586,1001
2216.440005,652,1002
2216.445006,787,995
2216.450006,674,1001
2216.455006,623,1001
2216.460006,796,1001
2216.465006,736,1001
2216.470006,610,998
2216.475006,719,1001
2216.480007,753,1002
2216.485006,604,1000
2216.490006,646,1001
2216.495005,775,1001
2216.500006,679,1001
2216.505007,638,997
2216.510007,784,1001
2216.515006,728,999
2216.520006,608,1000
2216.525007,713,1003
2216.530006,761,1003
2216.535005,585,1003
2216.540006,657,1000
2216.545006,788,1001
2216.550005,679,999
2216.555006,627,1001
2216.560006,793,996
2216.565006,742,1001
2216.570006,594,1001
2216.575005,731,1001
2216.580006,760,1001
2216.585005,595,1000
2216.590006,641,1001
2216.595006,797,996
2216.600007,667,1001
2216.605006,633,993
2216.610005,793,1000
2216.615006,751,999
2216.620005,605,1001
2216.625005,717,1000
2216.630005,778,998
2216.635005,606,1001
2216.640007,647,1000
2216.645005,803,1001
2216.650006,675,1000
2216.655005,628,1002
2216.660007,800,1002
2216.665005,738,1002
2216.670006,616,997
2216.675005,733,1001
2216.680006,759,1001
2216.685005,616,1000
2216.690005,663,1001
2216.695005,790,1000
2216.700007,666,997
2216.705006,642,1000
2216.710007,791,999
2216.715007,735,1001
2216.720006,613,1001
2216.725006,721,1002
2216.730006,767,1002
2216.735006,610,996
2216.740006,657,1000
2216.745005,785,1001
2216.750006,664,998
2216.755007,633,1001
2216.760006,806,1000
2216.765005,747,1003
2216.770006,603,1000
2216.775006,741,1002
2216.780007,760,1003
2216.785005,613,1000
2216.790006,660,1002
2216.795007,787,996
2216.800007,682,1000
2216.805005,628,1001
2216.810006,788,997
2216.815006,756,1002
2216.820005,605,999
2216.825006,744,996
2216.830006,766,1002
2216.835006,595,1003
2216.840006,664,1003
2216.845006,796,992
2216.850007,657,1002
2216.855006,626,1003
2216.860006,805,1002
2216.865005,744,1000
2216.870007,603,1000
2216.875007,725,996
2216.880007,771,1000
2216.885007,596,1001
2216.890005,665,1001
2216.895006,780,1002
2216.900007,669,1000
2216.905006,629,1004
2216.910005,798,1002
2216.915006,738,1003
2216.920006,599,1004
2216.925005,727,1005
2216.930006,778,1001
2216.935006,602,1000
2216.940006,666,996
2216.945005,795,1003
2216.950006,661,1002
2216.955006,647,1000
2216.960006,800,999
2216.965006,732,1003
2216.970006,605,1002
2216.975006,720,1001
2216.980005,770,1000
2216.985005,595,1003
2216.990006,664,999
2216.995005,802,1000
2217.000007,660,1000
2217.005007,640,996
2217.010007,799,1001
2217.015006,734,1004
2217.020007,595,1000
2217.025007,733,1002
2217.030006,767,1003
2217.035005,597,1002
2217.040006,652,1003
2217.045006,805,999
2217.050006,660,1002
2217.055007,643,997
2217.060006,790,1001
2217.065007,736,1002
2217.070006,598,1004
2217.075005,739,1001
2217.080006,755,1004
2217.085006,590,1004
2217.090006,666,1000
2217.095006,789,1001
2217.100007,661,1001
2217.105006,637,1000
2217.110006,786,1003
2217.115006,745,993
2217.120005,607,1001
2217.125007,728,1003
2217.130006,754,1001
2217.135006,606,994
2217.140005,663,999
2217.145006,791,1000
2217.150007,665,1002
2217.155006,631,1002
2217.160006,801,1000
2217.165007,749,1002
2217.170006,612,1001
2217.175005,735,1002
2217.180007,756,1003
2217.185005,591,1003
2217.190005,662,994
2217.195006,776,1002
2217.200005,650,1002
2217.205006,649,999
2217.210006,801,1001
2217.215005,735,1001
2217.220007,598,1001
2217.225006,734,1001
2217.230006,753,1002
2217.235005,610,999
2217.240006,652,1001
2217.245005,780,1001
2217.250007,674,1000
2217.255007,639,1000
2217.260006,784,1002
2217.265006,756,998
2217.270007,607,1001
2217.275006,730,1002
2217.280006,759,1001
2217.285006,587,1002
2217.290006,664,999
2217.295006,783,999
2217.300005,648,1001
2217.305006,633,1001
2217.310006,804,1000
2217.315007,740,1002
2217.320007,596,1001
2217.325005,738,1000
2217.330006,761,999
2217.335006,588,1002
2217.340006,662,996
2217.345005,797,1001
2217.350006,659,1002
2217.355006,630,1002
2217.360006,783,1001
2217.365006,757,1001
2217.370006,609,1001
2217.375006,727,1001
2217.380006,769,998
2217.385005,602,998
2217.390006,655,1001
2217.395005,781,998
2217.400005,667,996
2217.405006,637,1000
2217.410005,787,1001
2217.415006,732,1002
2217.420006,622,998
2217.425006,737,1000
2217.430005,751,1004
2217.435007,595,997
2217.440005,658,1002
2217.445006,785,1001
2217.450006,667,998
2217.455007,642,999
2217.460006,786,1002
2217.465005,731,1002
2217.470007,614,1000
2217.475006,732,1003
2217.480007,756,1000
2217.485007,604,992
2217.490005,658,1001
2217.495006,791,1001
2217.500006,655,998
2217.505006,632,1002
2217.510006,781,1002
2217.515005,742,1002
2217.520006,596,1000
2217.525006,739,997
2217.530005,761,1000
2217.535006,588,1001
2217.540006,637,1004
2217.545006,788,1002
2217.550005,666,1001
2217.555006,640,1002
2217.560006,793,1003
2217.565006,740,993
2217.570005,609,993
2217.575006,724,1000
2217.580006,764,999
2217.585006,599,1002
2217.590005,645,999
2217.595007,802,1000
2217.600005,662,1001
2217.605005,630,1002
2217.610005,799,1001
2217.615007,748,1002
2217.620006,620,998
2217.625006,737,1001
2217.630006,751,1001
2217.635006,610,1000
2217.640005,646,1002
2217.645006,779,1002
2217.650007,667,1001
2217.655007,635,1002
2217.660006,805,996
2217.665006,746,1000
2217.670006,599,1002
2217.675006,751,1000
2217.680005,761,1000
2217.685007,594,1001
2217.690007,659,994
2217.695005,785,1002
2217.700007,648,1003
2217.705005,632,1002
2217.710005,809,1001
2217.715005,741,1002
2217.720006,607,1005
2217.725006,737,1002
2217.730006,756,1001
2217.735005,618,1001
2217.740006,664,998
2217.745006,797,1002
2217.750006,643,1001
2217.755006,648,996
2217.760006,805,1002
2217.765006,741,1000
2217.770006,600,1002
2217.775007,751,996
2217.780006,769,1001
2217.785006,601,1003
2217.790006,657,1001
2217.795006,786,1001
2217.800005,658,998
2217.805006,646,1001
2217.810007,803,1000
2217.815006,741,1001
2217.820006,605,1004
2217.825006,746,993
2217.830006,767,1001
2217.835007,601,1002
2217.840006,656,1001
2217.845006,787,1001
2217.850007,654,1003
2217.855005,651,996
2217.860006,802,1001
2217.865006,744,1002
2217.870005,620,998
2217.875007,745,1003
2217.880007,770,1001
2217.885006,597,1002
2217.890006,667,997
2217.895006,799,1002
2217.900006,660,1001
2217.905005,637,1002
2217.910006,800,994
2217.915006,759,996
2217.920006,607,1002
2217.925006,751,993
2217.930007,756,1002
2217.935006,608,1000
2217.940006,660,1000
2217.945006,778,1001
2217.950005,665,1001
2217.955006,640,1001
2217.960006,784,1004
2217.965005,731,1003
2217.970006,619,996
2217.975007,743,1002
2217.980005,771,999
2217.985005,600,1000
2217.990006,650,1000
2217.995005,797,999
2218.000006,648,1002
2218.005006,649,1001
2218.010005,799,1001
2218.015006,747,999
2218.020006,601,1003
2218.025006,755,1001
2218.030005,767,1000
2218.035007,593,1001
2218.040005,647,1000
2218.045005,788,1001
2218.050005,641,1001
2218.055007,646,994
2218.060005,797,1002
2218.065005,730,1002
2218.070005,616,1001
2218.075006,739,1002
2218.080006,749,1003
2218.085006,589,1001
2218.090006,664,1000
2218.095005,786,1001
2218.100006,645,1001
2218.105006,630,1002
2218.110006,807,1000
2218.115006,742,1001
2218.120005,601,1003
2218.125005,736,1002
2218.130005,769,1002
2218.135006,596,1001
2218.140005,658,1001
2218.145006,782,1000
2218.150007,666,998
2218.155006,637,1002
2218.160005,809,1000
2218.165006,746,1001
2218.170007,607,999
2218.175007,737,1004
2218.180006,748,1003
2218.185006,609,1000
2218.190007,657,1003
2218.195006,776,1001
2218.200005,655,1002
2218.205007,641,1002
2218.210006,791,1002
2218.215006,757,1000
2218.220005,623,1001
2218.225007,755,1002
2218.230007,752,1001
2218.235006,616,996
2218.240006,651,1001
2218.245005,791,998
2218.250007,651,1001
2218.255006,649,994
2218.260005,805,1001
2218.265007,733,1005
2218.270005,623,1000
2218.275005,754,1002
2218.280005,767,1000
2218.285007,600,999
2218.290006,648,1001
2218.295007,777,1001
2218.300007,660,998
2218.305006,648,1000
2218.310006,791,1002
2218.315006,734,1002
2218.320005,627,1002
2218.325006,755,1002
2218.330006,755,1002
2218.335007,608,996
2218.340006,662,999
2218.345006,785,1003
2218.350006,666,1000
2218.355005,656,999
2218.360005,806,1002
2218.365006,743,1000
2218.370006,614,1003
2218.375006,750,1000
2218.380005,774,997
2218.385005,605,1000
2218.390006,652,1004
2218.395007,798,1002
2218.400006,649,1002
2218.405005,635,1003
2218.410006,803,993
2218.415006,744,1002
2218.420006,603,1001
2218.425006,760,995
2218.430005,754,1000
2218.435006,610,1000
2218.440006,662,1002
2218.445006,777,1003
2218.450005,657,1001
2218.455006,642,999
2218.460006,794,1002
2218.465005,732,999
2218.470006,625,1001
2218.475007,746,1000
2218.480006,763,994
2218.485005,592,1005
2218.490007,674,999
2218.495007,785,1000
2218.500005,662,1001
2218.505005,657,1001
2218.510006,807,993
2218.515005,752,1001
2218.520006,623,1002
2218.525006,746,1000
2218.530005,760,1001
2218.535006,596,1001
2218.540007,658,1001
2218.545006,779,1000
2218.550006,661,999
2218.555006,644,1002
2218.560006,790,1002
2218.565007,750,1002
2218.570007,618,1001
2218.575006,743,1004
2218.580006,753,1002
2218.585007,611,1002
2218.590006,668,1000
2218.595005,790,1000
2218.600006,636,1004
2218.605006,636,1003
2218.610006,809,1000
2218.615005,738,1000
2218.620007,626,1001
2218.625006,751,996
2218.630006,748,1002
2218.635005,611,1001
2218.640007,659,1001
2218.645005,786,1002
2218.650005,645,993
2218.655006,649,1001
2218.660005,792,1003
2218.665006,731,1002
2218.670006,624,1000
2218.675007,766,997
2218.680006,765,1001
2218.685006,593,1000
2218.690007,652,1000
2218.695006,778,1003
2218.700006,658,996
2218.705007,638,1002
2218.710006,805,1001
2218.715005,733,1003
2218.720006,603,1003
2218.725006,757,1001
2218.730006,754,1002
2218.735005,600,1000
2218.740007,650,1002
2218.745005,776,1001
2218.750006,648,1000
2218.755006,641,1000
2218.760005,802,1000
2218.765006,730,1000
2218.770006,618,998
2218.775006,762,998
2218.780006,751,1001
2218.785005,588,1004
2218.790007,650,1003
2218.795007,791,1002
2218.800006,635,1003
2218.805006,635,1003
2218.810006,787,1003
2218.815006,754,998
2218.820005,621,999
2218.825007,755,998
2218.830005,747,1003
2218.835005,608,1002
2218.840005,660,1002
2218.845007,777,1001
2218.850007,647,1001
2218.855007,647,1002
2218.860007,796,999
2218.865006,728,1002
2218.870006,616,1001
2218.875007,753,1002
2218.880007,751,1003
2218.885006,607,1001
2218.890005,651,1001
2218.895006,794,998
2218.900006,642,1001
2218.905006,631,1001
2218.910006,805,998
2218.915006,740,1000
2218.920006,609,1000
2218.925005,744,1001
2218.930006,745,1002
2218.935006,587,1004
2218.940007,666,997
2218.945006,793,998
2218.950005,638,998
2218.955006,628,998
2218.960007,800,998
2218.965006,729,1002
2218.970006,609,1000
2218.975006,741,1003
2218.980006,762,1001
2218.985005,595,1001
2218.990006,653,1002
2218.995006,788,995
2219.000006,636,1002
2219.005006,655,996
2219.010006,791,1002
2219.015005,732,997
2219.020007,620,995
2219.025006,766,1000
2219.030005,754,1001
2219.035007,591,1003
2219.040005,651,1000
2219.045005,798,998
2219.050005,638,1001
2219.055006,653,997
2219.060007,801,1001
2219.065005,742,1000
2219.070006,604,1005
2219.075006,769,1000
2219.080007,755,1001
2219.085007,592,1003
2219.090005,654,1003
2219.095007,801,995
2219.100005,641,1000
2219.105005,638,1001
2219.110005,789,1001
2219.115006,751,999
2219.120005,624,1001
2219.125007,759,1002
2219.130007,760,999
2219.135006,596,1001
2219.140006,665,1002
2219.145006,782,1003
2219.150005,632,1000
2219.155005,656,1000
2219.160007,802,1001
2219.165006,730,1004
2219.170006,625,996
2219.175006,768,1002
2219.180006,763,999
2219.185006,597,1002
2219.190007,677,994
2219.195006,794,999
2219.200005,637,998
2219.205006,642,1001
2219.210006,791,1000
2219.215006,736,1000
2219.220006,606,1002
2219.225006,764,1001
2219.230006,762,996
2219.235005,599,1002
2219.240005,661,1002
2219.245006,796,1000
2219.250006,643,1001
2219.255006,653,999
2219.260006,795,1001
2219.265005,751,999
2219.270007,618,1002
2219.275007,762,1001
2219.280007,752,1002
2219.285006,593,1002
2219.290006,681,998
2219.295006,781,1001
2219.300005,632,1002
2219.305006,642,1002
2219.310006,814,1001
2219.315006,742,1001
2219.320005,616,1004
2219.325006,760,1002
2219.330006,769,1001
2219.335006,603,998
2219.340005,665,1003
2219.345007,803,996
2219.350005,631,1000
2219.355005,656,999
2219.360005,789,1002
2219.365006,744,1001
2219.370005,618,1003
2219.375006,778,1000
2219.380007,749,1003
2219.385006,597,1000
2219.390006,659,1001
2219.395006,792,1001
2219.400006,637,1001
2219.405005,660,999
2219.410006,802,1001
2219.415006,728,1000
2219.420006,628,993
2219.425007,780,996
2219.430006,763,1000
2219.435006,597,1002
2219.440007,678,1000
2219.445006,786,999
2219.450005,631,1001
2219.455006,654,997
2219.460006,803,1001
2219.465005,726,998
2219.470007,624,993
2219.475006,770,998
2219.480007,752,1000
2219.485006,596,1000
2219.490006,658,1000
2219.495006,800,996
2219.500007,646,994
2219.505007,644,999
2219.510006,796,1003
2219.515005,740,998
2219.520007,623,1000
2219.525006,763,1001
2219.530006,768,997
2219.535006,608,1000
2219.540007,665,1001
2219.545006,795,1000
2219.550005,634,998
2219.555006,636,1003
2219.560007,814,996
2219.565006,736,999
2219.570005,616,1000
2219.575007,756,1002
2219.580006,748,1003
2219.585006,592,1004
2219.590006,675,1002
2219.595005,786,1000
2219.600007,638,1000
2219.605007,650,999
2219.610006,789,1003
2219.615005,742,997
2219.620007,619,1002
2219.625007,756,1003
2219.630007,767,999
2219.635006,598,1003
2219.640005,665,997
2219.645006,775,1002
2219.650006,641,999
2219.655005,642,1002
2219.660006,793,1002
2219.665006,724,1000
2219.670006,625,1000
2219.675007,761,1002
2219.680005,746,1001
2219.685006,604,1002
2219.690007,668,1000
2219.695006,784,1000
2219.700006,629,1001
2219.705006,640,1000
2219.710006,813,1000
2219.715006,738,999
2219.720006,617,1002
2219.725006,757,1001
2219.730007,752,1001
2219.735006,614,998
2219.740007,674,1001
2219.745006,776,1003
2219.750007,623,1004
2219.755006,656,1001
2219.760006,799,1002
2219.765006,722,1003
2219.770006,631,1001
2219.775007,765,1001
2219.780006,764,997
2219.785006,615,998
2219.790006,673,1002
2219.795007,780,1002
2219.800006,619,1002
2219.805005,642,1001
2219.810006,793,1001
2219.815006,744,997
2219.820005,616,999
2219.825006,762,1003
2219.830005,749,1000
2219.835005,604,1000
2219.840005,661,1001
2219.845007,795,997
2219.850005,629,999
2219.855005,638,1001
2219.860005,808,998
2219.865006,725,1003
2219.870005,617,1003
2219.875007,757,1003
2219.880007,744,1003
2219.885006,588,1001
2219.890006,688,999
2219.895006,781,1001
2219.900006,614,1001
2219.905005,649,1000
2219.910006,794,1002
2219.915007,721,1000
2219.920006,606,1000
2219.925006,759,1003
2219.930006,759,1002
2219.935006,595,1002
2219.940007,681,995
2219.945006,790,1002
2219.950005,633,1000
2219.955006,636,1001
2219.960006,790,1003
2219.965007,727,994
2219.970005,624,1000
2219.975006,765,1000
2219.980007,742,1002
2219.985005,602,994
2219.990006,682,1002
2219.995007,776,999
2220.000006,618,1004
2220.005007,657,997
2220.010006,794,1001
2220.015005,713,1001
2220.020006,609,1001
2220.025007,778,999
2220.030005,749,1003
2220.035006,589,1000
2220.040006,681,993
2220.045007,772,996
2220.050006,627,1001
2220.055006,641,1000
2220.060007,805,1001
2220.065007,720,1000
2220.070006,607,1000
2220.075005,780,999
2220.080006,742,1002
2220.085005,605,996
2220.090005,674,1000
2220.095006,775,1001
2220.100006,615,1001
2220.105007,631,1002
2220.110006,808,994
2220.115005,726,1001
2220.120006,607,1002
2220.125006,777,1000
2220.130006,751,1001
2220.135006,583,1002
2220.140005,684,999
2220.145005,777,999
2220.150006,621,999
2220.155005,635,1001
2220.160005,801,994
2220.165006,724,1000
2220.170006,613,1000
2220.175005,773,995
2220.180005,749,999
2220.185006,600,995
2220.190006,662,999
2220.195006,764,1002
2220.200005,625,992
2220.205006,643,1002
2220.210006,791,1001
2220.215006,722,992
2220.220005,610,1002
2220.225007,776,995
2220.230006,749,1002
2220.235005,583,1000
2220.240006,681,995
2220.245006,776,999
2220.250006,606,1002
2220.255007,634,996
2220.260006,795,998
2220.265005,709,1001
2220.270007,620,1002
2220.275005,770,1000
2220.280006,761,993
2220.285006,606,1001
2220.290007,686,1001
2220.295006,775,1003
2220.300006,616,1002
2220.305005,662,1000
2220.310007,796,1002
2220.315006,710,1004
2220.320006,631,1001
2220.325006,769,1002
2220.330006,742,1002
2220.335007,608,1002
2220.340006,676,1001
2220.345005,788,1000
2220.350006,622,1002
2220.355005,642,1002
2220.360005,788,1003
2220.365006,726,999
2220.370006,614,1002
2220.375006,786,1001
2220.380005,754,1001
2220.385006,600,1001
2220.390006,676,1001
2220.395006,781,1001
2220.400006,627,1001
2220.405006,645,1000
2220.410006,811,1000
2220.415006,716,1001
2220.420005,616,997
2220.425006,787,997
2220.430006,749,1002
2220.435006,589,1001
2220.440006,685,1001
2220.445006,772,1001
2220.450006,632,1001
2220.455006,648,1002
2220.460006,795,1001
2220.465006,730,995
2220.470006,617,999
2220.475006,762,1002
2220.480006,763,1002
2220.485005,598,999
2220.490006,681,993
2220.495005,785,1001
2220.500006,611,1001
2220.505006,639,1000
2220.510006,806,1001
2220.515005,714,1002
2220.520007,616,997
2220.525006,766,1003
2220.530006,764,1001
2220.535007,602,1002
2220.540006,684,1001
2220.545005,790,1000
2220.550006,612,1005
2220.555005,662,998
2220.560007,799,1002
2220.565007,716,1002
2220.570006,613,1001
2220.575006,787,1000
2220.580006,748,1000
2220.585007,590,1003
2220.590006,691,1003
2220.595006,773,997
2220.600007,625,1000
2220.605006,656,994
2220.610006,796,1000
2220.615005,709,998
2220.620006,611,1000
2220.625006,777,1001
2220.630005,750,1001
2220.635006,591,1001
2220.640006,694,1001
2220.645006,788,1001
2220.650006,608,1005
2220.655006,656,1000
2220.660005,795,1001
2220.665007,717,994
2220.670007,634,1001
2220.675006,774,1001
2220.680005,747,997
2220.685006,615,1000
2220.690007,686,1002
2220.695006,789,1000
2220.700005,617,1000
2220.705006,640,1003
2220.710005,791,1002
2220.715005,724,1000
2220.720007,621,1001
2220.725007,771,1000
2220.730006,762,998
2220.735006,602,1002
2220.740006,705,997
2220.745005,777,1001
2220.750005,635,1000
2220.755006,654,1001
2220.760006,792,1002
2220.765005,712,995
2220.770007,621,1001
2220.775006,770,1004
2220.780005,761,1001
2220.785007,598,1001
2220.790006,701,998
2220.795007,791,1001
2220.800006,616,1002
2220.805006,659,1000
2220.810007,805,1000
2220.815007,706,1002
2220.820007,637,1000
2220.825005,782,1001
2220.830006,752,1002
2220.835007,609,999
2220.840007,693,1001
2220.845005,769,1002
2220.850006,629,994
2220.855006,660,1003
2220.860006,797,1003
2220.865006,724,1000
2220.870005,623,1003
2220.875006,770,1003
2220.880007,762,1001
2220.885007,604,997
2220.890006,683,1002
2220.895007,788,1002
2220.900006,614,1003
2220.905006,661,1002
2220.910006,796,1002
2220.915007,699,1003
2220.920006,635,1001
2220.925005,779,1000
2220.930005,742,1004
2220.935007,591,1005
2220.940006,691,1001
2220.945006,772,1000
2220.950005,607,1005
2220.955006,658,997
2220.960007,797,1001
2220.965006,699,1002
2220.970006,627,1000
2220.975006,768,1002
2220.980006,758,1002
2220.985006,596,1002
2220.990005,701,997
2220.995006,780,1001
2221.000006,605,1002
2221.005006,656,1001
2221.010006,797,1000
2221.015006,699,1000
2221.020007,634,1001
2221.025005,792,998
2221.030005,747,1003
2221.035006,591,1003
2221.040006,709,994
2221.045006,785,1002
2221.050006,612,1001
2221.055005,639,1002
2221.060007,806,1000
2221.065006,708,1001
2221.070006,623,1002
2221.075006,789,1001
2221.080006,743,1002
2221.085006,604,1001
2221.090006,685,1003
2221.095006,785,1002
2221.100005,612,1002
2221.105005,641,1003
2221.110005,813,999
2221.115006,710,1000
2221.120006,618,1000
2221.125007,785,1001
2221.130006,745,1003
2221.135006,616,998
2221.140006,694,1002
2221.145007,793,995
2221.150006,625,1003
2221.155005,653,1000
2221.160007,788,1003
2221.165007,714,999
2221.170007,621,1001
2221.175006,773,1002
2221.180005,755,1003
2221.185006,598,1001
2221.190006,712,1001
2221.195006,771,1001
2221.200005,606,1003
2221.205006,652,999
2221.210005,793,1001
2221.215005,720,1000
2221.220007,618,999
2221.225007,791,1002
2221.230007,759,999
2221.235007,604,999
2221.240006,689,1001
2221.245005,788,1000
2221.250007,612,1000
2221.255006,666,996
2221.260005,796,1000
2221.265007,701,1001
2221.270006,640,998
2221.275006,782,1002
2221.280005,756,1003
2221.285006,599,1003
2221.290006,689,1001
2221.295005,794,997
2221.300006,612,1001
2221.305006,643,1004
2221.310006,793,1001
2221.315006,710,1003
2221.320006,636,996
2221.325005,781,1003
2221.330006,746,1003
2221.335006,614,1000
2221.340005,696,999
2221.345007,787,1002
2221.350005,611,1003
2221.355005,659,1003
2221.360005,800,1001
2221.365007,697,1002
2221.370005,625,1001
2221.375005,780,1002
2221.380005,742,1002
2221.385005,607,1001
2221.390006,699,1003
2221.395007,769,1002
2221.400006,632,996
2221.405006,648,1001
2221.410005,810,999
2221.415006,700,1001
2221.420006,637,1001
2221.425005,776,1002
2221.430006,756,1000
2221.435006,605,1000
2221.440006,700,1002
2221.445005,770,1001
2221.450007,626,1002
2221.455007,657,1002
2221.460006,799,1001
2221.465006,695,1004
2221.470006,639,1003
2221.475006,791,1001
2221.480006,755,1000
2221.485006,603,1001
2221.490006,709,1002
2221.495006,767,1004
2221.500007,628,998
2221.505006,657,1000
2221.510006,786,1001
2221.515006,704,1002
2221.520006,625,1001
2221.525006,781,1002
2221.530006,766,998
2221.535006,596,1003
2221.540006,715,1001
2221.545006,770,1001
2221.550006,607,1004
2221.555006,645,1002
2221.560006,806,1002
2221.565006,693,1001
2221.570005,641,999
2221.575007,779,1005
2221.580005,757,1001
2221.585005,606,1000
2221.590006,698,1001
2221.595006,780,994
2221.600006,613,1001
2221.605006,645,1002
2221.610005,787,999
2221.615006,713,1000
2221.620006,629,998
2221.625006,780,1002
2221.630006,761,1000
2221.635006,602,999
2221.640005,696,1000
2221.645006,769,1002
2221.650006,623,995
2221.655006,660,1002
2221.660005,798,993
2221.665006,710,1001
2221.670007,627,1002
2221.675006,779,1000
2221.680005,761,1001
2221.685005,603,1002
2221.690006,697,1001
2221.695005,791,997
2221.700006,609,1004
2221.705006,662,1000
2221.710006,794,999
2221.715006,691,1001
2221.720006,615,999
2221.725006,802,996
2221.730006,747,998
2221.735005,594,1002
2221.740005,720,996
2221.745006,776,999
2221.750006,607,1000
2221.755006,649,1002
2221.760005,807,1001
2221.765006,701,998
2221.770006,623,1001
2221.775007,798,1001
2221.780007,751,1000
2221.785006,597,1000
2221.790005,699,1002
2221.795006,784,997
2221.800005,620,1001
2221.805005,650,1002
2221.810006,791,1002
2221.815007,713,997
2221.820006,632,999
2221.825006,782,1000
2221.830006,762,1000
2221.835007,603,1000
2221.840007,714,1001
2221.845005,773,1001
2221.850007,619,995
2221.855005,655,999
2221.860006,799,994
2221.865005,698,1000
2221.870006,626,1001
2221.875006,797,1002
2221.880006,757,999
2221.885005,598,1002
2221.890007,718,1002
2221.895005,775,999
2221.900006,606,1002
2221.905006,643,1002
2221.910005,805,999
2221.915005,691,1002
2221.920006,642,1000
2221.925006,789,998
2221.930005,750,999
2221.935006,596,1001
2221.940007,711,1001
2221.945005,765,1004
2221.950006,626,1001
2221.955006,653,1002
2221.960007,806,995
2221.965006,698,1000
2221.970006,621,1002
2221.975006,801,997
2221.980006,748,1001
2221.985006,594,1003
2221.990005,698,1001
2221.995006,780,1003
2222.000007,607,1001
2222.005006,641,1003
2222.010005,783,999
2222.015006,699,1000
2222.020006,624,999
2222.025005,783,1000
2222.030005,745,1002
2222.035007,591,1001
2222.040006,722,995
2222.045006,770,1001
2222.050005,598,1002
2222.055006,660,995
2222.060007,800,1001
2222.065006,690,1002
2222.070006,622,1001
2222.075006,785,996
2222.080006,749,993
2222.085007,610,1000
2222.090006,698,1001
2222.095005,781,999
2222.100006,613,1001
2222.105006,645,1002
2222.110006,786,1001
2222.115006,698,1001
2222.120006,627,1003
2222.125007,783,1002
2222.130005,762,996
2222.135006,593,1001
2222.140005,713,999
2222.145007,778,1001
2222.150006,604,1002
2222.155005,661,999
2222.160006,792,999
2222.165006,680,1004
2222.170006,637,1000
2222.175005,777,1003
2222.180006,754,1000
2222.185006,600,1001
2222.190007,703,1001
2222.195006,786,1000
2222.200006,612,1000
2222.205007,658,1000
2222.210005,792,1001
2222.215005,703,999
2222.220006,636,1001
2222.225007,785,1003
2222.230006,749,1001
2222.235006,601,1002
2222.240005,699,1001
2222.245006,784,998
2222.250007,604,1003
2222.255006,646,1001
2222.260006,809,999
2222.265006,691,999
2222.270007,620,1003
2222.275006,776,1003
2222.280005,738,1002
2222.285006,602,1002
2222.290007,706,1000
2222.295007,766,996
2222.300006,612,1001
2222.305006,643,1003
2222.310007,799,1001
2222.315005,696,997
2222.320005,627,1000
2222.325006,774,1006
2222.330006,756,997
2222.335006,600,1001
2222.340006,716,994
2222.345005,774,1001
2222.350007,597,1003
2222.355006,659,1000
2222.360005,793,999
2222.365007,695,996
2222.370006,638,1000
2222.375007,786,1001
2222.380007,754,994
2222.385006,604,1001
2222.390006,705,1004
2222.395006,780,999
2222.400006,609,1002
2222.405005,645,1002
2222.410007,784,1002
2222.415006,697,997
2222.420006,630,1000
2222.425005,783,1001
2222.430006,758,1001
2222.435007,598,1002
2222.440007,702,1002
2222.445006,775,1000
2222.450005,600,1002
2222.455006,649,1003
2222.460006,805,1000
2222.465006,684,1002
2222.470005,638,998
2222.475006,785,999
2222.480007,746,1002
2222.485005,599,995
2222.490006,711,1001
2222.495006,757,1001
2222.500006,598,1003
2222.505006,668,996
2222.510005,798,1001
2222.515006,674,1001
2222.520006,634,1001
2222.525007,803,998
2222.530006,751,1000
2222.535005,609,995
2222.540006,717,999
2222.545006,762,1000
2222.550006,620,1000
2222.555005,658,1000
2222.560006,794,1001
2222.565006,673,1001
2222.570006,639,1001
2222.575007,780,1003
2222.580006,759,998
2222.585007,600,999
2222.590006,709,1000
2222.595007,759,1002
2222.600006,613,1000
2222.605006,646,1002
2222.610005,806,999
2222.615005,679,1002
2222.620006,635,1001
2222.625006,779,1002
2222.630006,736,1002
2222.635006,613,998
2222.640006,719,1000
2222.645006,760,1002
2222.650006,619,1001
2222.655005,657,1000
2222.660007,788,1002
2222.665005,673,1003
2222.670005,645,998
2222.675006,788,1003
2222.680005,737,1003
2222.685007,613,1002
2222.690006,707,1003
2222.695006,761,1001
2222.700006,615,1002
2222.705006,648,1001
2222.710006,799,994
2222.715005,682,1000
2222.720007,621,1003
2222.725005,799,1002
2222.730005,748,1000
2222.735005,592,1002
2222.740007,724,999
2222.745006,765,1001
2222.750006,596,1004
2222.755006,643,1001
2222.760007,795,999
2222.765006,674,1000
2222.770006,639,997
2222.775005,789,1000
2222.780006,761,997
2222.785005,603,998
2222.790006,713,1001
2222.795006,775,994
2222.800006,601,1000
2222.805006,664,1001
2222.810006,783,1003
2222.815007,687,1000
2222.820007,624,1002
2222.825006,782,1002
2222.830006,756,1001
2222.835007,607,1001
2222.840007,709,1001
2222.845006,773,1002
2222.850006,598,1003
2222.855007,666,998
2222.860007,781,1003
2222.865006,685,1002
2222.870005,622,1002
2222.875006,803,998
2222.880006,745,1001
2222.885007,599,1002
2222.890006,712,998
2222.895006,778,995
2222.900006,607,1000
2222.905006,646,1003
2222.910005,798,998
2222.915006,680,999
2222.920006,625,1002
2222.925005,791,993
2222.930006,754,999
2222.935006,595,1003
2222.940007,724,997
2222.945007,761,1000
2222.950006,592,1003
2222.955006,655,1000
2222.960006,781,1002
2222.965006,687,993
2222.970005,633,999
2222.975006,783,1002
2222.980006,735,1003
2222.985006,616,999
2222.990005,718,1001
2222.995006,762,1000
2223.000007,614,998
2223.005007,651,1000
2223.010007,797,1002
2223.015006,671,1002
2223.020006,625,994
2223.025006,790,1000
2223.030006,737,1004
2223.035005,606,995
2223.040006,731,1000
2223.045007,771,1000
2223.050006,592,1004
2223.055006,665,1001
2223.060006,802,999
2223.065006,666,1003
2223.070007,629,1002
2223.075006,808,998
2223.080006,745,1001
2223.085006,593,1001
2223.090007,726,999
2223.095005,756,1003
2223.100006,594,1002
2223.105006,656,1001
2223.110006,786,1003
2223.115005,668,1001
2223.120006,642,1002
2223.125006,788,1001
2223.130006,739,1002
2223.135005,611,997
2223.140006,727,1000
2223.145007,757,1003
2223.150006,612,1001
2223.155006,650,1002
2223.160005,808,998
2223.165006,684,998
2223.170006,629,1001
2223.175006,802,994
2223.180005,745,1003
2223.185006,621,999
2223.190006,719,1002
2223.195005,778,999
2223.200006,603,1002
2223.205006,646,1001
2223.210006,787,998
2223.215006,689,1000
2223.220005,635,1001
2223.225007,789,1002
2223.230005,735,1003
2223.235005,612,1001
2223.240006,715,1004
2223.245005,776,1002
2223.250007,612,1000
2223.255006,652,1002
2223.260005,784,1002
2223.265006,682,1002
2223.270005,624,1002
2223.275006,803,1001
2223.280006,750,995
2223.285005,615,999
2223.290006,719,1002
2223.295006,772,997
2223.300005,604,1001
2223.305006,651,1001
2223.310006,781,1003
2223.315006,675,1003
2223.320006,644,1001
2223.325005,795,1002
2223.330007,758,1001
2223.335006,602,1002
2223.340005,733,999
2223.345006,768,1001
2223.350006,601,998
2223.355006,646,1002
2223.360006,798,1002
2223.365005,692,997
2223.370006,644,1002
2223.375006,793,999
2223.380006,739,1001
2223.385005,600,1003
2223.390006,738,1000
2223.395006,765,1002
2223.400006,599,1000
2223.405005,650,1004
2223.410007,807,1001
2223.415005,667,1004
2223.420005,626,1003
2223.425005,805,1002
2223.430006,749,1003
2223.435006,609,1001
2223.440006,726,1001
2223.445005,762,1003
2223.450006,606,1002
2223.455006,655,1003
2223.460006,785,1002
2223.465006,685,1001
2223.470006,632,1004
2223.475006,813,994
2223.480006,749,1001
2223.485006,605,999
2223.490005,719,1002
2223.495007,781,1000
2223.500007,604,1000
2223.505006,666,995
2223.510006,789,1001
2223.515005,670,1001
2223.520006,628,1002
2223.525006,808,1001
2223.530005,744,1000
2223.535006,610,1002
2223.540005,720,1002
2223.545005,761,1003
2223.550005,608,993
2223.555007,664,1002
2223.560007,785,1001
2223.565005,681,1000
2223.570005,625,1001
2223.575006,804,1000
2223.580006,745,1001
2223.585007,602,1002
2223.590006,739,997
2223.595006,772,1000
2223.600007,603,1000
2223.605006,650,1002
2223.610006,805,1000
2223.615006,672,1001
2223.620006,627,1004
2223.625006,798,1000
2223.630007,754,1001
2223.635007,607,1001
2223.640006,719,1001
2223.645006,778,1000
2223.650006,607,998
2223.655005,649,1004
2223.660006,803,1000
2223.665007,662,1002
2223.670006,649,1001
2223.675006,797,1000
2223.680006,744,1000
2223.685006,605,1001
2223.690007,724,1001
2223.695005,769,1002
2223.700005,602,1002
2223.705006,658,995
2223.710006,796,1003
2223.715005,673,1002
2223.720007,629,1004
2223.725006,810,1001
2223.730007,756,995
2223.735006,619,1001
2223.740005,726,1002
2223.745006,777,1001
2223.750006,593,1002
2223.755007,659,1000
2223.760007,788,1002
2223.765007,680,998
2223.770006,640,1001
2223.775006,798,1001
2223.780006,740,1004
2223.785005,602,1004
2223.790006,738,1002
2223.795006,770,993
2223.800005,603,995
2223.805006,664,1001
2223.810006,784,1004
2223.815007,675,1000
2223.820006,632,1003
2223.825006,789,1003
2223.830006,757,1002
2223.835006,607,1003
2223.840005,729,1001
2223.845006,762,1002
2223.850006,603,1000
2223.855006,671,1000
2223.860006,804,1000
2223.865006,664,1002
2223.870006,633,998
2223.875007,803,1001
2223.880007,747,1004
2223.885006,603,1001
2223.890006,740,998
2223.895006,769,1001
2223.900006,600,1000
2223.905005,648,1004
2223.910006,803,1000
2223.915006,671,1002
2223.920007,629,1003
2223.925006,805,1000
2223.930007,740,1001
2223.935005,601,1003
2223.940005,735,1003
2223.945005,760,1005
2223.950006,623,996
2223.955006,666,1000
2223.960007,792,1001
2223.965006,660,1004
2223.970006,630,1003
2223.975006,808,999
2223.980006,753,1002
2223.985006,620,1000
2223.990006,741,1002
2223.995005,764,1002
2224.000007,599,999
2224.005007,660,1001
2224.010006,795,1000
2224.015006,667,1001
2224.020007,628,1003
2224.025006,799,1002
2224.030005,741,1002
2224.035007,620,1001
2224.040006,728,1003
2224.045006,760,1003
2224.050007,588,1003
2224.055005,658,1001
2224.060007,781,1001
2224.065006,674,1000
2224.070005,634,1001
2224.075006,787,999
2224.080006,751,993
2224.085006,618,1001
2224.090005,728,1000
2224.095006,769,997
2224.100007,608,1000
2224.105006,650,1001
2224.110006,782,1003
2224.115005,652,1002
2224.120007,644,996
2224.125005,807,995
2224.130005,731,1004
2224.135005,618,998
2224.140006,728,1002
2224.145006,765,995
2224.150005,605,1002
2224.155005,647,1002
2224.160006,801,1002
2224.165006,662,1001
2224.170006,630,1001
2224.175006,788,1002
2224.180006,759,997
2224.185006,610,1001
2224.190006,729,999
2224.195007,749,1002
2224.200006,612,999
2224.205006,655,1002
2224.210007,780,1003
2224.215006,670,1002
2224.220006,631,1001
2224.225007,799,996
2224.230006,751,1000
2224.235005,600,1001
2224.240007,722,1001
2224.245006,770,1002
2224.250006,594,1001
2224.255006,642,1001
2224.260006,800,1000
2224.265006,662,1002
2224.270007,624,1002
2224.275006,806,1000
2224.280006,740,999
2224.285005,593,1001
2224.290006,742,1000
2224.295006,759,1002
2224.300006,593,1000
2224.305005,647,1003
2224.310006,783,1002
2224.315006,676,998
2224.320005,635,1002
2224.325006,782,1004
2224.330006,738,1001
2224.335006,620,998
2224.340005,736,1004
2224.345006,758,994
2224.350006,604,1003
2224.355006,649,1000
2224.360005,777,1002
2224.365006,668,1001
2224.370005,630,1002
2224.375007,790,1003
2224.380007,756,1000
2224.385006,602,1003
2224.390006,744,998
2224.395007,766,1000
2224.400007,596,1001
2224.405007,645,1003
2224.410006,794,1002
2224.415007,662,1003
2224.420006,635,1001
2224.425005,784,1002
2224.430006,756,1000
2224.435006,617,999
2224.440007,731,1000
2224.445007,773,996
2224.450007,596,1002
2224.455006,645,1005
2224.460006,796,1002
2224.465007,654,1003
2224.470006,642,999
2224.475006,794,1000
2224.480006,729,1001
2224.485005,616,1001
2224.490006,745,1001
2224.495006,760,1003
2224.500006,597,999
2224.505006,651,1000
2224.510005,797,996
2224.515006,672,1001
2224.520006,636,1001
2224.525006,787,1005
2224.530005,739,999
2224.535006,614,998
2224.540006,747,999
2224.545007,766,1000
2224.550006,591,1000
2224.555005,648,1001
2224.560007,802,1001
2224.565006,656,1001
2224.570005,645,1002
2224.575006,803,998
2224.580006,747,1000
2224.585006,605,1001
2224.590005,725,1004
2224.595006,768,997
2224.600005,597,1001
2224.605006,645,1000
2224.610005,782,999
2224.615006,667,1000
2224.620006,635,1002
2224.625007,808,997
2224.630006,742,1000
2224.635006,607,1001
2224.640007,731,1002
2224.645005,751,1003
2224.650005,613,998
2224.655005,660,1000
2224.660006,782,997
2224.665006,665,998
2224.670006,640,1002
2224.675006,786,1003
2224.680005,749,1000
2224.685006,612,1001
2224.690006,734,996
2224.695006,752,1000
2224.700006,594,1002
2224.705005,652,997
2224.710006,796,993
2224.715006,661,1002
2224.720006,632,1001
2224.725006,803,1000
2224.730005,737,1001
2224.735005,597,1001
2224.740006,747,996
2224.745006,765,1001
2224.750006,592,1003
2224.755006,667,1001
2224.760005,779,1000
2224.765006,669,1000
2224.770006,643,1000
2224.775007,788,1003
2224.780006,748,995
2224.785006,603,1001
2224.790007,752,1001
2224.795006,757,999
2224.800005,592,1000
2224.805007,663,997
2224.810006,778,1003
2224.815006,667,1000
2224.820006,634,1001
2224.825006,784,1002
2224.830006,753,1001
2224.835006,605,999
2224.840006,752,1000
2224.845006,764,1001
2224.850006,598,1001
2224.855007,644,1001
2224.860006,798,1000
2224.865005,652,1001
2224.870006,646,1002
2224.875006,786,1000
2224.880007,736,999
2224.885006,614,996
2224.890006,749,1002
2224.895006,751,1002
2224.900006,589,1003
2224.905006,646,1000
2224.910006,796,1002
2224.915007,649,1003
2224.920006,646,995
2224.925006,790,999
2224.930006,733,1005
2224.935007,608,1002
2224.940006,737,1000
2224.945006,772,1002
2224.950005,600,1003
2224.955006,654,1001
2224.960007,775,1001
2224.965006,656,1002
2224.970006,632,1002
2224.975007,790,1001
2224.980006,731,1002
2224.985005,617,996
2224.990006,747,1000
2224.995005,755,1000
2225.000006,589,1004
2225.005005,648,1004
2225.010006,794,1001
2225.015005,656,1001
2225.020007,630,1006
2225.025007,788,999
2225.030006,748,1000
2225.035006,603,1002
2225.040007,753,995
2225.045006,761,999
2225.050006,596,1000
2225.055006,648,1003
2225.060006,801,999
2225.065006,655,1001
2225.070006,637,1002
2225.075006,785,1001
2225.080007,746,1000
2225.085006,605,1002
2225.090005,752,997
2225.095006,767,1002
2225.100007,591,1002
2225.105006,664,1001
2225.110006,778,1005
2225.115006,665,1000
2225.120006,633,1003
2225.125007,803,993
2225.130006,737,1003
2225.135006,614,1001
2225.140007,738,1002
2225.145006,747,1002
2225.150006,603,1001
2225.155006,648,1001
2225.160006,781,998
2225.165007,651,1001
2225.170006,637,1000
2225.175005,807,998
2225.180006,742,1000
2225.185006,604,1001
2225.190006,750,993
2225.195005,769,998
2225.200006,596,1002
2225.205006,651,1000
2225.210006,795,1000
2225.215005,644,1000
2225.220007,645,1002
2225.225005,792,1001
2225.230005,730,1004
2225.235005,625,997
2225.240007,738,1002
2225.245005,751,997
2225.250007,610,1001
2225.255007,656,1000
2225.260007,782,1002
2225.265006,660,1002
2225.270006,633,1000
2225.275007,809,996
2225.280007,744,1001
2225.285006,602,1004
2225.290006,753,1001
2225.295007,756,1003
2225.300006,588,1005
2225.305005,668,1002
2225.310006,782,1004
2225.315006,658,997
2225.320006,649,999
2225.325005,795,1001
2225.330007,733,1002
2225.335006,619,1001
2225.340006,743,1002
2225.345006,750,1002
2225.350007,609,999
2225.355006,656,1001
2225.360005,792,994
2225.365006,652,995
2225.370006,638,1002
2225.375006,787,1000
2225.380006,754,1000
2225.385006,611,1002
2225.390006,749,1002
2225.395007,750,1001
2225.400006,612,996
2225.405006,656,1003
2225.410005,776,1001
2225.415007,648,993
2225.420007,637,1002
2225.425005,784,1001
2225.430007,749,1003
2225.435005,617,1001
2225.440005,738,1002
2225.445005,751,1000
2225.450006,602,995
2225.455006,643,1000
2225.460007,786,1001
2225.465007,644,1003
2225.470006,638,997
2225.475006,795,1003
2225.480006,736,1001
2225.485005,602,998
2225.490006,741,1003
2225.495006,759,1004
2225.500006,592,1003
2225.505006,657,1002
2225.510006,779,1003
2225.515005,656,1000
2225.520006,635,1002
2225.525007,787,1004
2225.530005,731,1005
2225.535006,624,1001
2225.540006,739,1002
2225.545005,747,1003
2225.550006,606,996
2225.555006,670,1001
2225.560006,788,1002
2225.565005,638,1001
2225.570005,650,1001
2225.575006,791,1000
2225.580006,732,1002
2225.585006,619,1001
2225.590006,738,1004
2225.595005,765,1001
2225.600006,594,1003
2225.605006,673,999
2225.610005,796,1001
2225.615006,644,1000
2225.620006,643,994
2225.625006,806,1001
2225.630006,742,1000
2225.635006,612,1003
2225.640005,743,1001
2225.645006,760,994
2225.650006,596,1001
2225.655005,653,1002
2225.660006,780,995
2225.665006,651,1001
2225.670006,632,1003
2225.675005,803,994
2225.680006,751,1001
2225.685006,610,1001
2225.690006,739,1003
2225.695006,766,995
2225.700006,602,1003
2225.705007,654,1002
2225.710006,792,994
2225.715005,651,1001
2225.720006,637,1003
2225.725006,806,999
2225.730006,747,1000
2225.735006,609,1002
2225.740005,757,1000
2225.745007,746,1002
2225.750006,603,1002
2225.755007,654,1002
2225.760007,782,1002
2225.765006,644,1001
2225.770006,636,1001
2225.775007,804,1000
2225.780006,732,1003
2225.785006,601,1002
2225.790006,757,997
2225.795007,760,1002
2225.800007,591,1001
2225.805006,670,999
2225.810005,782,998
2225.815005,639,1000
2225.820006,630,1002
2225.825006,808,999
2225.830007,743,1000
2225.835006,610,999
2225.840006,744,995
2225.845006,752,1000
2225.850007,589,1002
2225.855007,667,998
2225.860005,773,1003
2225.865006,654,1000
2225.870006,632,1002
2225.875005,790,1000
2225.880005,729,999
2225.885006,601,1001
2225.890005,757,1001
2225.895006,753,1001
2225.900005,584,1003
2225.905006,667,1001
2225.910005,782,1001
2225.915006,634,1002
2225.920005,626,1004
2225.925006,802,999
2225.930006,738,1000
2225.935007,601,1002
2225.940007,755,997
2225.945007,762,1002
2225.950007,592,998
2225.955005,650,1002
2225.960006,771,1002
2225.965006,649,1001
2225.970005,635,1001
2225.975006,782,1004
2225.980006,740,1000
2225.985005,605,1001
2225.990006,741,1002
2225.995005,745,1004
2226.000005,604,1001
2226.005005,653,1001
2226.010005,777,1001
2226.015006,656,998
2226.020006,645,1001
2226.025006,800,1001
2226.030005,736,996
2226.035007,621,1000
2226.040006,747,1001
2226.045006,755,999
2226.050006,594,1001
2226.055005,661,993
2226.060006,789,1000
2226.065006,637,1000
2226.070005,649,1000
2226.075006,803,995
2226.080006,751,1000
2226.085006,608,999
2226.090005,757,996
2226.095006,766,1000
2226.100006,605,1002
2226.105007,656,1001
2226.110007,774,1005
2226.115006,650,999
2226.120006,640,1000
2226.125007,790,1001
2226.130006,729,1002
2226.135006,621,1000
2226.140006,757,1003
2226.145007,751,1002
2226.150006,608,998
2226.155006,656,1002
2226.160005,775,1003
2226.165005,653,998
2226.170005,643,1002
2226.175005,786,1001
2226.180006,747,1000
2226.185006,612,1001
2226.190006,740,1001
2226.195005,765,1002
2226.200006,593,1001
2226.205006,649,1004
2226.210006,787,1004
2226.215006,633,1001
2226.220007,648,1002
2226.225006,796,1002
2226.230007,735,1002
2226.235007,609,1003
2226.240005,743,1004
2226.245007,762,1000
2226.250006,601,1001
2226.255006,654,1003
2226.260006,775,1003
2226.265007,648,1000
2226.270006,646,1001
2226.275006,790,998
2226.280006,749,1001
2226.285006,600,1000
2226.290006,765,1002
2226.295006,754,1000
2226.300007,593,1003
2226.305005,657,996
2226.310006,791,1002
2226.315006,644,1002
2226.320006,635,1004
2226.325005,806,993
2226.330006,744,1000
2226.335006,615,1002
2226.340007,745,1003
2226.345005,762,1002
2226.350006,593,1001
2226.355006,667,998
2226.360005,791,996
2226.365006,638,1002
2226.370005,629,1004
2226.375006,804,1000
2226.380007,732,1002
2226.385006,621,998
2226.390007,751,1001
2226.395006,745,1002
2226.400007,602,996
2226.405007,655,1004
2226.410007,780,996
2226.415005,640,1002
2226.420005,636,1002
2226.425005,805,1002
2226.430007,731,1003
2226.435006,627,1000
2226.440007,756,999
2226.445007,757,1001
2226.450005,590,1004
2226.455007,671,1000
2226.460007,774,1001
2226.465007,641,1001
2226.470006,635,1001
2226.475006,794,993
2226.480006,746,1001
2226.485006,609,1001
2226.490005,771,995
2226.495006,758,1000
2226.500006,591,1002
2226.505006,673,996
2226.510006,785,1001
2226.515006,636,997
2226.520007,637,1000
2226.525005,783,1002
2226.530005,736,1002
2226.535006,627,999
2226.540006,764,1001
2226.545005,762,1001
2226.550006,593,998
2226.555006,650,1003
2226.560007,777,996
2226.565006,648,999
2226.570006,642,1002
2226.575005,793,1003
2226.580006,728,1001
2226.585006,624,1000
2226.590006,748,1002
2226.595005,746,1002
2226.600006,604,1000
2226.605006,653,1004
2226.610005,791,995
2226.615006,635,1001
2226.620006,635,1001
2226.625005,808,996
2226.630005,731,1003
2226.635005,603,1000
2226.640007,758,1000
2226.645006,763,997
2226.650006,597,999
2226.655005,668,1000
2226.660005,782,999
2226.665006,644,996
2226.670006,647,1003
2226.675005,795,1000
2226.680005,750,995
2226.685006,617,1000
2226.690006,746,1002
2226.695006,768,1001
2226.700005,591,1004
2226.705006,670,1000
2226.710006,776,1003
2226.715005,648,999
2226.720006,647,1000
2226.725005,798,1001
2226.730006,731,1002
2226.735005,624,1001
2226.740006,753,1001
2226.745006,747,1004
2226.750007,591,1002
2226.755007,673,1002
2226.760007,786,1001
2226.765006,629,1001
2226.770007,653,1002
2226.775007,792,995
2226.780007,737,1002
2226.785005,607,1001
2226.790007,773,1001
2226.795006,749,999
2226.800005,588,1001
2226.805006,674,1002
2226.810006,789,1001
2226.815007,634,1001
2226.820006,635,1003
2226.825006,811,1002
2226.830005,728,1001
2226.835006,605,1003
2226.840005,764,1001
2226.845006,749,1002
2226.850006,604,997
2226.855006,663,1001
2226.860005,782,1001
2226.865007,630,1001
2226.870005,632,1003
2226.875007,790,1002
2226.880007,725,1004
2226.885006,627,1000
2226.890005,759,1001
2226.895006,742,1003
2226.900007,602,994
2226.905006,668,995
2226.910006,777,1000
2226.915007,625,1002
2226.920006,645,1002
2226.925005,795,1000
2226.930006,721,1001
2226.935007,625,998
2226.940006,755,999
2226.945005,750,1001
2226.950006,589,1003
2226.955006,671,1001
2226.960005,777,1004
2226.965005,644,998
2226.970006,646,1001
2226.975007,797,1002
2226.980006,734,1001
2226.985005,614,998
2226.990006,750,1005
2226.995006,768,1001
2227.000007,598,1001
2227.005006,656,1003
2227.010006,794,999
2227.015005,633,1001
2227.020006,633,1000
2227.025005,788,1000
2227.030005,748,998
2227.035006,618,1000
2227.040006,760,1001
2227.045007,754,992
2227.050005,605,998
2227.055006,665,999
2227.060006,782,1001
2227.065007,631,1000
2227.070006,640,1000
2227.075005,791,996
2227.080006,742,1000
2227.085006,611,1002
2227.090005,749,1003
2227.095005,745,1001
2227.100007,608,1002
2227.105007,660,1002
2227.110006,790,998
2227.115006,630,1001
2227.120005,644,995
2227.125006,787,1000
2227.130007,735,1000
2227.135006,604,1003
2227.140005,771,1002
2227.145006,755,1002
2227.150006,586,1004
2227.155005,671,999
2227.160006,783,1003
2227.165007,633,1000
2227.170007,634,1005
2227.175006,810,1000
2227.180006,730,1000
2227.185007,610,1003
2227.190006,754,996
2227.195006,759,1002
2227.200006,604,1001
2227.205007,666,1000
2227.210006,771,1002
2227.215005,626,997
2227.220007,654,1001
2227.225006,794,1001
2227.230006,736,995
2227.235005,615,1001
2227.240006,753,1001
2227.245006,766,1001
2227.250006,594,1001
2227.255007,654,1001
2227.260006,790,1002
2227.265007,633,1002
2227.270005,642,1000
2227.275005,789,1002
2227.280005,736,994
2227.285007,623,1002
2227.290006,752,1003
2227.295006,765,1001
2227.300006,596,1002
2227.305005,659,1003
2227.310006,781,1002
2227.315006,622,1003
2227.320005,654,1002
2227.325006,793,1002
2227.330006,736,996
2227.335006,623,1001
2227.340006,754,1004
2227.345006,760,998
2227.350006,606,1002
2227.355006,665,1000
2227.360006,775,999
2227.365005,643,1002
2227.370006,639,1001
2227.375007,805,1003
2227.380007,723,1001
2227.385007,609,997
2227.390005,773,1001
2227.395006,750,1000
2227.400007,604,996
2227.405006,678,1002
2227.410006,777,1000
2227.415007,622,1001
2227.420007,655,1001
2227.425006,791,1002
2227.430006,734,998
2227.435006,622,1003
2227.440006,760,1000
2227.445005,740,1003
2227.450006,606,1001
2227.455007,666,1001
2227.460006,774,1002
2227.465006,635,1001
2227.470005,635,1003
2227.475006,805,996
2227.480007,733,997
2227.485007,625,1001
2227.490007,752,999
2227.495005,760,1001
2227.500006,598,1001
2227.505007,681,999
2227.510005,780,1000
2227.515007,635,1000
2227.520007,643,1000
2227.525007,785,1003
2227.530006,738,993
2227.535006,618,1002
2227.540007,756,1003
2227.545006,745,1000
2227.550006,611,998
2227.555005,678,1000
2227.560007,784,998
2227.565006,621,1002
2227.570006,637,1004
2227.575005,808,999
2227.580006,740,1000
2227.585007,627,1001
2227.590007,769,998
2227.595005,757,1000
2227.600007,592,996
2227.605006,682,1002
2227.610005,780,1001
2227.615006,622,1003
2227.620006,642,1000
2227.625006,810,996
2227.630006,730,1001
2227.635005,615,1002
2227.640006,762,1001
2227.645006,761,1001
2227.650007,596,1001
2227.655006,670,1001
2227.660006,771,1004
2227.665006,639,1002
2227.670007,646,1002
2227.675006,786,1004
2227.680006,714,1001
2227.685006,630,999
2227.690006,774,1002
2227.695006,748,1003
2227.700005,593,1003
2227.705007,666,1003
2227.710007,775,998
2227.715007,635,1001
2227.720006,640,1003
2227.725007,786,1004
2227.730007,728,1001
2227.735006,608,1002
2227.740005,777,1001
2227.745005,754,1001
2227.750007,598,1000
2227.755006,665,1003
2227.760005,787,997
2227.765006,632,1001
2227.770006,654,1001
2227.775006,795,1003
2227.780006,716,1003
2227.785007,632,998
2227.790005,771,1001
2227.795005,758,1000
2227.800006,596,1002
2227.805006,666,1005
2227.810006,794,998
2227.815006,628,1002
2227.820005,653,999
2227.825007,798,1002
2227.830005,715,1005
2227.835006,626,1001
2227.840006,778,1001
2227.845006,749,1002
2227.850006,610,1002
2227.855006,682,1001
2227.860005,790,1001
2227.865006,625,1002
2227.870006,634,1004
2227.875007,800,1000
2227.880006,723,1002
2227.885005,608,1003
2227.890007,776,1002
2227.895006,759,1001
2227.900007,586,1004
2227.905006,681,1003
2227.910005,771,1003
2227.915006,633,1003
2227.920006,635,1001
2227.925006,803,998
2227.930006,726,1000
2227.935007,614,1003
2227.940007,767,1001
2227.945006,745,1002
2227.950006,589,1000
2227.955007,682,1000
2227.960007,771,1001
2227.965007,616,998
2227.970006,655,1003
2227.975006,785,1003
2227.980006,729,1002
2227.985006,611,1001
2227.990006,780,997
2227.995005,760,1001
2228.000007,598,1002
2228.005007,665,1002
2228.010006,789,1000
2228.015006,620,1003
2228.020006,633,1003
2228.025006,801,1002
2228.030005,725,1002
2228.035007,607,1003
2228.040005,770,1002
2228.045005,740,1003
2228.050005,585,1001
2228.055006,676,1003
2228.060006,767,1005
2228.065007,631,1002
2228.070006,646,995
2228.075006,794,1002
2228.080006,710,1002
2228.085006,623,994
2228.090005,765,1001
2228.095006,766,998
2228.100006,601,1002
2228.105006,674,1000
2228.110006,768,1003
2228.115006,637,998
2228.120005,647,1001
2228.125006,784,1002
2228.130006,723,1002
2228.135005,603,1002
2228.140007,776,1003
2228.145006,739,1002
2228.150006,607,1001
2228.155006,671,1003
2228.160005,769,1003
2228.165006,625,1000
2228.170006,635,1003
2228.175007,800,998
2228.180006,721,998
2228.185006,613,1001
2228.190006,780,1000
2228.195006,747,1002
2228.200006,600,993
2228.205007,684,1002
2228.210006,769,1002
2228.215006,617,997
2228.220006,651,1002
2228.225005,789,1001
2228.230005,731,1001
2228.235005,617,997
2228.240006,765,1002
2228.245005,737,1004
2228.250007,602,1001
2228.255006,672,1003
2228.260005,765,1003
2228.265007,625,1002
2228.270005,634,1003
2228.275006,805,1002
2228.280006,710,1002
2228.285006,631,996
2228.290007,778,1000
2228.295006,745,1003
2228.300005,584,1004
2228.305005,683,1002
2228.310007,769,1002
2228.315007,614,1003
2228.320006,633,1004
2228.325005,785,1002
2228.330006,724,1001
2228.335006,629,998
2228.340005,767,1002
2228.345006,743,1001
2228.350006,603,1001
2228.355006,672,1002
2228.360005,770,1001
2228.365006,629,998
2228.370005,649,1001
2228.375006,789,1003
2228.380006,723,1002
2228.385006,619,1001
2228.390005,762,1000
2228.395006,740,1003
2228.400006,608,1001
2228.405005,671,1002
2228.410006,776,993
2228.415007,633,1001
2228.420007,646,1001
2228.425006,784,1002
2228.430005,719,992
2228.435006,625,1001
2228.440006,760,1003
2228.445006,756,996
2228.450006,602,1001
2228.455007,676,1002
2228.460007,772,1002
2228.465007,631,1000
2228.470006,645,1000
2228.475006,783,1002
2228.480005,723,1000
2228.485006,613,1001
2228.490005,759,1002
2228.495006,761,1002
2228.500006,598,1001
2228.505007,680,993
2228.510007,784,1000
2228.515006,622,1002
2228.520006,643,1002
2228.525006,809,997
2228.530006,717,1002
2228.535005,610,1003
2228.540007,780,1003
2228.545006,750,1001
2228.550005,592,998
2228.555006,674,1001
2228.560006,790,1001
2228.565007,616,1001
2228.570006,651,1002
2228.575005,793,1001
2228.580006,719,995
2228.585007,625,1002
2228.590007,762,1004
2228.595005,756,1001
2228.600006,593,1001
2228.605006,695,998
2228.610006,776,1003
2228.615005,617,1003
2228.620006,654,998
2228.625007,794,1002
2228.630006,721,999
2228.635006,623,1002
2228.640006,766,1000
2228.645006,745,1003
2228.650006,592,1001
2228.655005,700,1002
2228.660006,783,999
2228.665006,618,1001
2228.670006,659,1000
2228.675006,798,1002
2228.680006,715,1003
2228.685006,625,1003
2228.690006,767,1000
2228.695005,743,1003
2228.700005,616,994
2228.705007,685,1002
2228.710006,770,1004
2228.715006,612,1004
2228.720006,657,1003
2228.725006,796,1002
2228.730006,709,1003
2228.735006,632,1003
2228.740006,771,1001
2228.745006,760,998
2228.750006,600,1002
2228.755006,677,1002
2228.760005,785,998
2228.765006,629,1000
2228.770005,651,1002
2228.775005,789,1001
2228.780006,718,996
2228.785006,628,1002
2228.790007,767,1003
2228.795007,761,998
2228.800006,591,1003
2228.805005,674,1002
2228.810006,784,1000
2228.815007,626,1003
2228.820007,638,1001
2228.825006,788,1002
2228.830006,720,1002
2228.835006,609,1003
2228.840006,781,1003
2228.845006,746,1000
2228.850007,610,999
2228.855007,681,1001
2228.860007,771,995
2228.865007,632,997
2228.870005,644,997
2228.875006,791,1001
2228.880007,707,1002
2228.885006,632,1002
2228.890007,774,1000
2228.895006,743,1002
2228.900007,589,1000
2228.905006,699,1001
2228.910005,782,1002
2228.915007,612,1002
2228.920006,658,999
2228.925006,807,1002
2228.930006,713,1002
2228.935006,632,1000
2228.940006,769,1002
2228.945005,742,1001
2228.950007,595,993
2228.955006,697,1002
2228.960007,784,1003
2228.965006,618,1001
2228.970005,662,996
2228.975006,796,1002
2228.980007,699,1005
2228.985005,624,999
2228.990007,770,1000
2228.995006,765,998
2229.000006,597,999
2229.005006,685,1000
2229.010007,770,1000
2229.015005,628,1002
2229.020006,638,1001
2229.025006,809,999
2229.030005,706,1002
2229.035006,615,1000
2229.040006,791,997
2229.045006,744,1003
2229.050005,587,1003
2229.055005,687,1002
2229.060006,768,1002
2229.065006,627,1003
2229.070006,638,1001
2229.075006,810,999
2229.080006,714,1002
2229.085006,610,1003
2229.090006,789,1001
2229.095006,749,1001
2229.100007,612,999
2229.105006,680,1002
2229.110006,780,1002
2229.115005,610,1003
2229.120006,643,1002
2229.125005,809,1001
2229.130006,707,1002
2229.135006,617,1002
2229.140006,767,1000
2229.145007,756,1000
2229.150007,593,1002
2229.155007,701,1001
2229.160006,771,1004
2229.165007,609,1003
2229.170007,658,1002
2229.175007,798,1000
2229.180006,704,1002
2229.185005,627,1000
2229.190005,780,1001
2229.195005,747,1000
2229.200006,593,1000
2229.205006,682,1002
2229.210006,790,997
2229.215006,620,1002
2229.220005,641,1002
2229.225006,786,1005
2229.230006,718,1001
2229.235005,615,1002
2229.240006,785,994
2229.245005,752,1001
2229.250006,596,1001
2229.255006,682,1002
2229.260005,772,998
2229.265006,608,1001
2229.270006,652,1000
2229.275006,786,1004
2229.280006,717,1001
2229.285005,614,1002
2229.290006,791,999
2229.295006,740,1003
2229.300006,604,1000
2229.305005,683,1000
2229.310007,786,1001
2229.315007,616,1001
2229.320006,644,1002
2229.325005,805,995
2229.330006,707,1003
2229.335007,622,1003
2229.340006,793,1002
2229.345007,748,1002
2229.350007,590,1003
2229.355005,706,998
2229.360006,778,1003
2229.365006,611,1000
2229.370006,661,1002
2229.375007,790,1004
2229.380007,722,999
2229.385007,619,1000
2229.390006,768,1004
2229.395007,755,1001
2229.400007,599,994
2229.405006,701,1001
2229.410005,767,1003
2229.415007,626,1001
2229.420007,650,1003
2229.425006,789,1003
2229.430006,715,1003
2229.435006,620,1003
2229.440006,788,1002
2229.445006,744,1005
2229.450005,609,1002
2229.455007,689,1001
2229.460007,770,1001
2229.465006,604,999
2229.470005,646,1002
2229.475006,790,999
2229.480006,721,998
2229.485006,611,1006
2229.490005,768,1002
2229.495007,742,1002
2229.500005,601,1001
2229.505006,690,1002
2229.510006,780,994
2229.515005,624,999
2229.520006,645,1003
2229.525007,788,1003
2229.530006,697,999
2229.535005,637,999
2229.540006,784,1001
2229.545006,746,1000
2229.550006,588,1003
2229.555006,700,1001
2229.560007,773,1001
2229.565006,611,1001
2229.570006,642,1000
2229.575006,807,1000
2229.580006,715,1001
2229.585006,615,1002
2229.590005,770,1003
2229.595007,764,998
2229.600005,607,1002
2229.605005,690,1002
2229.610006,781,1000
2229.615005,624,1001
2229.620006,651,1001
2229.625007,796,1002
2229.630007,691,1004
2229.635005,616,1003
2229.640007,770,1002
2229.645006,756,1004
2229.650006,595,1004
2229.655006,684,1004
2229.660006,786,1002
2229.665006,615,1000
2229.670006,641,1002
2229.675006,790,1003
2229.680007,718,997
2229.685006,619,1001
2229.690006,776,1001
2229.695006,742,1004
2229.700006,609,1002
2229.705006,692,1003
2229.710005,782,1002
2229.715006,613,1002
2229.720005,646,1002
2229.725006,787,1005
2229.730007,714,1000
2229.735006,634,1002
2229.740005,783,1001
2229.745007,744,1001
2229.750006,592,1003
2229.755007,702,1001
2229.760007,767,1001
2229.765005,606,1001
2229.770007,657,1000
2229.775007,800,1001
2229.780007,707,1002
2229.785006,616,1003
2229.790006,780,995
2229.795007,758,1001
2229.800007,594,1002
2229.805006,703,1000
2229.810006,771,1001
2229.815006,603,1001
2229.820005,662,998
2229.825006,793,1003
2229.830007,696,1003
2229.835005,635,999
2229.840006,775,1001
2229.845005,760,1001
2229.850006,599,1001
2229.855006,683,1003
2229.860005,777,1001
2229.865006,606,1003
2229.870005,636,1001
2229.875006,796,1002
2229.880006,691,997
2229.885007,625,1002
2229.890007,770,1004
2229.895006,760,1000
2229.900006,597,1001
2229.905006,686,1001
2229.910005,783,1000
2229.915006,612,1002
2229.920006,642,1003
2229.925006,782,998
2229.930005,713,997
2229.935007,630,1001
2229.940006,792,998
2229.945005,746,1003
2229.950006,587,1003
2229.955007,701,1002
2229.960006,768,1001
2229.965006,624,998
2229.970006,656,1000
2229.975007,792,1001
2229.980006,688,1004
2229.985006,627,1000
2229.990005,775,1002
2229.995007,738,1003
2230.000005,606,1001
2230.005006,694,1002
2230.010005,771,1001
2230.015006,607,1004
2230.020006,642,999
2230.025006,802,998
2230.030005,702,999
2230.035007,615,1001
2230.040005,794,998
2230.045006,751,1000
2230.050006,600,1002
2230.055005,704,994
2230.060006,781,998
2230.065006,620,1001
2230.070006,646,1003
2230.075005,794,1002
2230.080007,692,1004
2230.085007,636,999
2230.090006,778,1001
2230.095005,763,999
2230.100006,606,1001
2230.105006,693,1002
2230.110006,764,1003
2230.115005,625,1001
2230.120007,656,999
2230.125005,796,1001
2230.130006,695,1003
2230.135006,638,1003
2230.140006,778,1003
2230.145007,761,994
2230.150007,600,1001
2230.155006,689,1002
2230.160007,782,999
2230.165006,610,1001
2230.170007,638,1004
2230.175005,806,1003
2230.180006,691,1002
2230.185006,633,1000
2230.190007,779,1001
2230.195006,764,1000
2230.200007,600,1003
2230.205006,710,1002
2230.210006,766,1002
2230.215006,603,1003
2230.220005,642,1003
2230.225006,784,1004
2230.230007,712,1001
2230.235007,621,1003
2230.240006,776,1005
2230.245006,745,997
2230.250005,608,1000
2230.255005,691,1001
2230.260005,786,996
2230.265007,608,1002
2230.270005,640,1001
2230.275006,809,997
2230.280005,701,1003
2230.285006,622,1001
2230.290005,771,1000
2230.295005,760,1001
2230.300005,594,1001
2230.305007,689,1001
2230.310007,781,1002
2230.315006,619,998
2230.320007,651,1003
2230.325006,787,1002
2230.330006,712,1000
2230.335005,622,1004
2230.340005,776,1002
2230.345006,740,1005
2230.350006,614,999
2230.355006,703,1003
2230.360006,772,1004
2230.365005,605,1003
2230.370005,646,1001
2230.375007,805,1000
2230.380006,697,1001
2230.385005,624,1003
2230.390006,793,1002
2230.395007,745,1002
2230.400007,590,1003
2230.405006,701,1003
2230.410005,770,1002
2230.415006,619,993
2230.420006,652,1000
2230.425006,792,1002
2230.430006,693,1004
2230.435006,643,1001
2230.440007,784,1003
2230.445007,767,997
2230.450007,601,1002
2230.455005,694,1005
2230.460005,781,1003
2230.465006,604,1003
2230.470006,661,1000
2230.475007,799,1003
2230.480006,698,1002
2230.485006,628,1002
2230.490006,778,1002
2230.495005,758,1002
2230.500005,598,1001
2230.505005,713,993
2230.510006,779,999
2230.515005,612,1004
2230.520007,647,1001
2230.525006,806,996
2230.530006,706,1002
2230.535005,620,1003
2230.540007,797,1002
2230.545006,754,1002
2230.550006,594,1004
2230.555005,698,1003
2230.560006,767,1004
2230.565006,625,1002
2230.570005,654,1002
2230.575007,793,1003
2230.580006,710,1001
2230.585007,629,1001
2230.590006,786,1002
2230.595005,739,1000
2230.600007,617,999
2230.605006,711,1001
2230.610007,772,1000
2230.615007,619,995
2230.620006,652,1000
2230.625006,805,997
2230.630006,706,1001
2230.635006,627,1001
2230.640005,800,999
2230.645006,749,1003
2230.650007,594,1005
2230.655006,712,1003
2230.660006,769,1003
2230.665006,604,1003
2230.670007,670,1000
2230.675006,792,1001
2230.680006,708,1002
2230.685006,624,1001
2230.690006,801,1002
2230.695006,754,999
2230.700005,596,1003
2230.705006,696,1002
2230.710005,785,1003
2230.715005,613,1000
2230.720006,647,1003
2230.725006,807,994
2230.730006,694,1001
2230.735006,624,1001
2230.740006,783,1002
2230.745006,765,1000
2230.750007,613,1002
2230.755006,710,1002
2230.760006,776,995
2230.765005,616,1002
2230.770006,643,1004
2230.775007,789,1003
2230.780006,702,1000
2230.785006,620,1002
2230.790006,798,1003
2230.795007,749,1002
2230.800006,615,1000
2230.805006,711,1003
2230.810006,767,1001
2230.815006,622,1001
2230.820005,656,1001
2230.825006,789,1001
2230.830006,708,1000
2230.835006,625,1003
2230.840005,781,1002
2230.845007,762,1001
2230.850006,603,1001
2230.855007,696,1005
2230.860006,776,1001
2230.865006,609,999
2230.870006,643,1003
2230.875007,806,1002
2230.880006,696,1003
2230.885006,624,1000
2230.890005,793,1000
2230.895007,751,1000
2230.900006,596,1001
2230.905006,714,1001
2230.910005,766,1003
2230.915007,619,1001
2230.920006,654,1001
2230.925006,792,1002
2230.930005,710,994
2230.935006,629,1001
2230.940006,783,996
2230.945006,756,1000
2230.950006,597,1003
2230.955006,717,1001
2230.960007,768,1001
2230.965006,621,998
2230.970005,660,1001
2230.975007,793,1002
2230.980006,705,999
2230.985006,629,1002
2230.990005,775,1001
2230.995007,738,1002
2231.000005,610,1000
2231.005006,702,1003
2231.010006,786,998
2231.015005,605,1001
2231.020006,649,1000
2231.025006,808,995
2231.030006,690,999
2231.035005,640,999
2231.040006,786,1002
2231.045007,739,1004
2231.050005,607,993
2231.055006,694,1003
2231.060006,761,1003
2231.065006,598,1003
2231.070005,661,1001
2231.075007,789,1004
2231.080006,701,996
2231.085006,624,998
2231.090005,794,995
2231.095006,755,999
2231.100006,602,1001
2231.105006,713,998
2231.110006,771,998
2231.115005,602,1002
2231.120006,657,995
2231.125007,793,1001
2231.130006,688,1000
2231.135005,640,999
2231.140007,782,1000
2231.145005,740,1002
2231.150005,607,995
2231.155006,709,1000
2231.160005,765,997
2231.165005,612,999
2231.170005,656,1000
2231.175006,792,999
2231.180005,702,996
2231.185006,636,999
2231.190006,785,1000
2231.195006,737,1004
2231.200005,592,1000
2231.205007,715,998
2231.210007,773,1001
2231.215006,603,1001
2231.220005,642,1002
2231.225007,808,1000
2231.230007,685,1001
2231.235006,640,998
2231.240005,793,1002
2231.245006,746,1001
2231.250006,593,1000
2231.255006,714,999
2231.260006,767,1003
2231.265005,597,1001
2231.270006,659,1000
2231.275006,786,1003
2231.280005,696,993
2231.285007,629,1002
2231.290005,778,1002
2231.295005,753,1001
2231.300005,590,1005
2231.305006,715,1000
2231.310006,784,997
2231.315007,605,1003
2231.320007,642,998
2231.325006,802,1002
2231.330006,681,998
2231.335006,640,998
2231.340005,786,1000
2231.345006,746,1001
2231.350007,596,1003
2231.355005,715,997
2231.360005,784,998
2231.365007,602,1004
2231.370006,643,1001
2231.375006,807,999
2231.380006,701,999
2231.385005,634,1002
2231.390005,779,1000
2231.395007,745,997
2231.400006,592,1000
2231.405006,718,998
2231.410006,779,1001
2231.415007,616,1000
2231.420006,646,1003
2231.425006,804,999
2231.430005,688,1003
2231.435006,642,1002
2231.440006,790,1002
2231.445006,742,996
2231.450005,607,1002
2231.455006,709,1001
2231.460006,770,1001
2231.465006,599,1001
2231.470006,660,1001
2231.475006,788,1001
2231.480007,696,1002
2231.485005,617,1002
2231.490007,795,1002
2231.495006,749,1003
2231.500007,616,1000
2231.505006,710,1003
2231.510005,761,1003
2231.515006,614,1001
2231.520007,647,1003
2231.525006,804,1001
2231.530006,686,1003
2231.535005,620,1001
2231.540007,781,1005
2231.545007,762,1000
2231.550006,604,1002
2231.555007,703,1003
2231.560006,779,1000
2231.565006,609,1001
2231.570005,644,1002
2231.575005,802,997
2231.580006,694,1003
2231.585006,624,1002
2231.590006,795,997
2231.595006,744,1002
2231.600006,618,996
2231.605007,706,1003
2231.610007,765,995
2231.615006,601,1003
2231.620005,659,1001
2231.625006,794,1001
2231.630006,680,1001
2231.635005,635,1002
2231.640006,776,1003
2231.645006,752,995
2231.650007,607,1003
2231.655007,704,1001
2231.660005,776,999
2231.665006,616,998
2231.670006,648,1002
2231.675005,804,1002
2231.680006,686,997
2231.685007,643,1000
2231.690006,791,998
2231.695005,741,998
2231.700006,594,1002
2231.705007,723,1001
2231.710006,769,999
2231.715005,602,1002
2231.720006,647,996
2231.725007,806,1000
2231.730006,681,1003
2231.735006,642,1000
2231.740005,782,1000
2231.745007,753,1003
2231.750005,597,1002
2231.755006,701,1004
2231.760005,784,998
2231.765005,616,1001
2231.770007,646,1003
2231.775006,803,999
2231.780006,684,1000
2231.785005,620,1000
2231.790006,776,1003
2231.795006,763,997
2231.800005,609,1001
2231.805006,702,1002
2231.810006,773,995
2231.815005,604,1002
2231.820006,658,996
2231.825005,798,1000
2231.830007,686,1002
2231.835007,628,1002
2231.840007,776,1004
2231.845006,760,998
2231.850006,611,1000
2231.855005,714,998
2231.860006,781,998
2231.865005,601,1001
2231.870006,644,1001
2231.875005,792,1001
2231.880005,676,1003
2231.885005,632,1000
2231.890006,781,1001
2231.895006,736,1005
2231.900006,608,1002
2231.905006,714,1002
2231.910006,760,1001
2231.915006,612,999
2231.920006,656,1002
2231.925005,789,1003
2231.930006,676,1004
2231.935006,643,999
2231.940006,786,1000
2231.945005,744,994
2231.950006,617,997
2231.955007,706,1003
2231.960007,760,1001
2231.965006,618,999
2231.970005,657,999
2231.975006,800,1000
2231.980007,692,996
2231.985006,631,1002
2231.990005,774,1000
2231.995006,756,1001
2232.000006,610,1000
2232.005007,703,1003
2232.010006,777,1000
2232.015006,605,1000
2232.020006,643,1005
2232.025007,803,1006
2232.030006,687,1003
2232.035005,634,999
2232.040007,788,1001
2232.045006,739,1001
2232.050006,595,1001
2232.055006,725,1002
2232.060006,767,999
2232.065007,598,1003
2232.070006,666,997
2232.075005,796,1002
2232.080006,684,1003
2232.085007,619,1004
2232.090007,801,1001
2232.095005,748,1002
2232.100006,601,1002
2232.105007,709,995
2232.110006,776,999
2232.115006,594,1002
2232.120005,657,998
2232.125006,793,999
2232.130006,675,996
2232.135006,640,1002
2232.140005,789,1000
2232.145006,738,1003
2232.150006,607,999
2232.155006,707,1001
2232.160006,777,999
2232.165006,601,1001
2232.170006,667,997
2232.175006,792,999
2232.180005,673,1004
2232.185006,642,998
2232.190007,781,1002
2232.195006,748,993
2232.200006,606,1000
2232.205006,713,1000
2232.210007,758,1004
2232.215006,597,1003
2232.220005,662,994
2232.225006,786,1003
2232.230006,689,1001
2232.235005,622,1001
2232.240006,789,993
2232.245006,746,1000
2232.250007,595,1003
2232.255007,719,993
2232.260007,768,1003
2232.265006,617,998
2232.270006,648,1002
2232.275005,784,1000
2232.280005,689,1002
2232.285006,621,1001
2232.290006,794,998
2232.295005,743,1001
2232.300005,591,1001
2232.305006,723,998
2232.310006,775,1001
2232.315007,595,1001
2232.320006,661,1000
2232.325006,786,1002
2232.330006,695,1001
2232.335007,632,1001
2232.340006,785,1002
2232.345006,737,1002
2232.350005,593,1000
2232.355005,727,1000
2232.360005,772,1001
2232.365006,595,1004
2232.370006,661,998
2232.375006,781,1002
2232.380006,685,1001
2232.385005,645,996
2232.390006,790,1001
2232.395006,733,1003
2232.400007,612,1002
2232.405006,703,1002
2232.410007,777,1000
2232.415005,604,1002
2232.420005,640,1004
2232.425006,798,999
2232.430005,674,1002
2232.435006,636,1001
2232.440006,788,1001
2232.445007,757,998
2232.450005,610,1003
2232.455006,713,1000
2232.460007,784,998
2232.465006,605,1002
2232.470005,665,1000
2232.475007,797,1001
2232.480006,687,1001
2232.485006,629,1001
2232.490005,807,997
2232.495006,748,1002
2232.500006,608,995
2232.505006,718,1003
2232.510006,764,1001
2232.515006,602,1001
2232.520006,669,999
2232.525006,802,1003
2232.530005,685,1002
2232.535006,630,1000
2232.540006,782,1004
2232.545006,763,1000
2232.550006,610,1000
2232.555006,719,1003
2232.560006,768,996
2232.565006,619,992
2232.570006,658,1001
2232.575006,794,1003
2232.580006,694,995
2232.585006,646,1000
2232.590005,801,1000
2232.595006,746,1001
2232.600007,601,1005
2232.605006,732,1002
2232.610005,767,999
2232.615006,602,1001
2232.620006,670,1001
2232.625006,792,1002
2232.630007,693,1002
2232.635006,626,1001
2232.640006,806,1001
2232.645006,750,1002
2232.650006,614,994
2232.655006,725,1002
2232.660006,768,1002
2232.665006,618,998
2232.670007,662,1003
2232.675006,791,1000
2232.680006,695,1000
2232.685006,625,1004
2232.690006,798,999
2232.695006,742,1003
2232.700005,622,1000
2232.705006,721,999
2232.710006,769,1002
2232.715006,621,998
2232.720005,657,1001
2232.725007,788,1003
2232.730006,694,1001
2232.735005,623,1001
2232.740006,806,997
2232.745006,751,999
2232.750006,611,999
2232.755006,717,1002
2232.760005,758,1003
2232.765006,621,1000
2232.770007,657,1002
2232.775006,792,995
2232.780006,690,1001
2232.785006,635,1002
2232.790006,790,1001
2232.795005,756,999
2232.800005,618,999
2232.805005,716,1002
2232.810007,778,1002
2232.815006,602,1004
2232.820006,670,1000
2232.825005,794,1000
2232.830007,680,1001
2232.835005,628,1002
2232.840005,785,1001
2232.845007,741,1002
2232.850006,622,1001
2232.855006,718,999
2232.860006,763,1003
2232.865005,612,1003
2232.870006,649,999
2232.875007,802,1001
2232.880006,683,1002
2232.885007,648,997
2232.890006,799,1001
2232.895005,738,1003
2232.900006,620,1000
2232.905005,721,1000
2232.910007,768,1002
2232.915005,615,997
2232.920005,664,1001
2232.925005,785,1002
2232.930006,693,1000
2232.935007,632,1002
2232.940005,784,1002
2232.945005,760,1001
2232.950007,609,1001
2232.955006,713,1001
2232.960006,781,1001
2232.965006,600,1003
2232.970005,664,993
2232.975006,796,1000
2232.980006,672,1002
2232.985005,641,1001
2232.990006,787,1004
2232.995006,742,1003
2233.000006,598,1001
2233.005006,726,1003
2233.010005,778,1002
2233.015006,603,1001
2233.020007,668,1001
2233.025007,795,1003
2233.030007,673,1003
2233.035006,641,998
2233.040006,794,1001
2233.045007,741,1004
2233.050005,606,995
2233.055006,724,1000
2233.060006,767,1000
2233.065007,619,998
2233.070007,652,1002
2233.075006,810,1000
2233.080007,682,1002
2233.085005,639,1001
2233.090006,801,1002
2233.095006,747,1004
2233.100006,621,1000
2233.105007,720,1002
2233.110006,765,1001
2233.115006,615,1002
2233.120005,655,1001
2233.125006,788,1003
2233.130006,685,1000
2233.135006,650,1000
2233.140006,798,1001
2233.145006,742,1004
2233.150007,622,1000
2233.155007,726,1003
2233.160006,768,1002
2233.165007,604,1002
2233.170005,647,1003
2233.175006,808,999
2233.180005,678,1002
2233.185006,624,1001
2233.190006,801,1002
2233.195005,754,1002
2233.200006,605,1001
2233.205007,733,1001
2233.210007,772,1001
2233.215007,603,1002
2233.220005,651,1004
2233.225006,806,1001
2233.230007,679,1002
2233.235006,634,995
2233.240006,801,1000
2233.245005,742,1003
2233.250006,615,1004
2233.255006,713,1003
2233.260005,787,994
2233.265006,611,1001
2233.270006,650,1002
2233.275006,803,1000
2233.280007,680,1000
2233.285006,641,990
2233.290006,796,1001
2233.295006,744,1003
2233.300006,601,1002
2233.305006,735,1001
2233.310006,770,1003
2233.315006,600,999
2233.320006,671,998
2233.325005,799,1000
2233.330005,679,1001
2233.335005,645,1003
2233.340006,798,1001
2233.345006,749,1002
2233.350007,603,1001
2233.355006,716,1003
2233.360006,781,998
2233.365006,621,1001
2233.370007,655,1001
2233.375006,792,1002
2233.380006,673,1002
2233.385005,629,1003
2233.390006,811,995
2233.395007,752,1003
2233.400006,614,998
2233.405005,730,1000
2233.410006,767,1002
2233.415006,601,998
2233.420006,664,1001
2233.425005,794,998
2233.430006,696,999
2233.435006,640,1001
2233.440006,795,1001
2233.445005,744,1003
2233.450006,604,997
2233.455006,725,1002
2233.460006,765,1001
2233.465006,597,1004
2233.470006,665,1000
2233.475007,789,1004
2233.480006,693,1000
2233.485005,633,1001
2233.490006,804,1001
2233.495006,754,1002
2233.500005,599,1003
2233.505006,736,1000
2233.510005,772,999
2233.515007,601,1001
2233.520005,669,1000
2233.525006,794,1000
2233.530006,671,1003
2233.535006,648,1001
2233.540006,802,1001
2233.545006,748,1001
2233.550006,598,1001
2233.555005,731,1001
2233.560007,765,1001
2233.565006,612,997
2233.570005,665,1002
2233.575006,787,999
2233.580007,686,993
2233.585006,636,999
2233.590006,792,1004
2233.595005,744,1000
2233.600007,620,1000
2233.605006,722,1001
2233.610006,785,1000
2233.615005,600,1002
2233.620007,644,1001
2233.625007,806,1001
2233.630007,673,1003
2233.635007,646,1001
2233.640006,792,1001
2233.645007,739,1003
2233.650006,624,999
2233.655007,734,1000
2233.660005,767,1000
2233.665006,615,1003
2233.670006,656,1003
2233.675005,792,1002
2233.680007,672,1001
2233.685006,650,1000
2233.690007,796,1000
2233.695007,740,1002
2233.700005,616,1000
2233.705007,726,1003
2233.710006,784,1002
2233.715006,601,1002
2233.720005,671,1001
2233.725006,792,1002
2233.730006,676,1003
2233.735005,651,1000
2233.740006,799,1000
2233.745005,742,1002
2233.750007,614,1000
2233.755007,730,1001
2233.760007,762,1003
2233.765005,610,999
2233.770007,649,1001
2233.775007,807,1001
2233.780006,687,1000
2233.785005,628,1001
2233.790007,793,993
2233.795006,760,1002
2233.800007,602,1000
2233.805005,740,999
2233.810006,772,1002
2233.815007,598,1004
2233.820007,669,1002
2233.825006,804,1000
2233.830006,669,1001
2233.835006,623,1002
2233.840007,794,999
2233.845006,760,1000
2233.850006,596,1000
2233.855006,728,1000
2233.860006,758,1002
2233.865005,617,1001
2233.870005,664,1000
2233.875006,793,999
2233.880006,669,1002
2233.885006,645,997
2233.890006,793,1000
2233.895007,739,1002
2233.900006,620,999
2233.905005,724,1002
2233.910007,761,1001
2233.915007,615,1002
2233.920006,653,1000
2233.925006,790,1001
2233.930005,678,993
2233.935006,638,1000
2233.940006,785,1003
2233.945005,764,996
2233.950007,604,1004
2233.955007,723,1000
2233.960006,772,995
2233.965006,617,998
2233.970006,651,1003
2233.975007,805,1001
2233.980006,675,1000
2233.985006,634,1002
2233.990005,787,1002
2233.995006,757,1000
2234.000005,606,998
2234.005005,721,996
2234.010005,762,1003
2234.015007,620,1001
2234.020006,658,1001
2234.025006,812,996
2234.030006,671,1003
2234.035005,629,1002
2234.040006,805,996
2234.045006,752,1002
2234.050005,598,1003
2234.055006,729,1000
2234.060006,766,1002
2234.065006,617,1000
2234.070005,653,1002
2234.075006,806,1001
2234.080007,674,1000
2234.085007,633,1003
2234.090006,807,1001
2234.095007,747,1000
2234.100006,621,1000
2234.105006,729,1000
2234.110006,776,1001
2234.115006,603,1001
2234.120006,666,995
2234.125006,790,1003
2234.130007,679,993
2234.135006,649,998
2234.140007,799,1002
2234.145007,745,1003
2234.150007,597,1003
2234.155006,717,1002
2234.160006,778,995
2234.165006,612,997
2234.170006,666,1001
2234.175005,788,1001
2234.180006,685,995
2234.185006,637,1001
2234.190006,794,1003
2234.195006,742,1006
2234.200006,601,1004
2234.205007,721,1003
2234.210007,787,998
2234.215006,608,1000
2234.220006,658,1003
2234.225005,786,1002
2234.230006,684,1002
2234.235006,638,998
2234.240005,799,1003
2234.245006,745,1002
2234.250006,601,1003
2234.255007,733,1000
2234.260006,766,1000
2234.265005,613,1001
2234.270007,656,1000
2234.275006,802,999
2234.280005,675,1001
2234.285006,624,999
2234.290006,795,998
2234.295006,744,993
2234.300006,605,1002
2234.305006,716,999
2234.310007,777,998
2234.315005,596,1002
2234.320005,637,1001
2234.325005,793,1002
2234.330007,666,1002
2234.335007,642,1000
2234.340006,787,1001
2234.345006,735,1003
2234.350006,608,1001
2234.355006,720,1003
2234.360006,770,997
2234.365005,597,1000
2234.370006,641,1003
2234.375007,798,997
2234.380006,675,1000
2234.385006,629,1000
2234.390006,799,997
2234.395006,755,1001
2234.400006,603,1002
2234.405006,730,994
2234.410006,766,1001
2234.415007,611,997
2234.420006,669,1000
2234.425005,792,1003
2234.430006,673,1000
2234.435006,629,1002
2234.440005,812,998
2234.445005,750,998
2234.450006,604,1002
2234.455006,725,1001
2234.460007,760,1003
2234.465006,617,998
2234.470006,663,1000
2234.475006,792,1004
2234.480006,667,1001
2234.485005,650,997
2234.490006,794,1000
2234.495005,743,1004
2234.500006,600,1001
2234.505006,734,1002
2234.510006,760,1003
2234.515006,595,1003
2234.520006,666,999
2234.525006,794,1002
2234.530005,665,1004
2234.535006,646,1000
2234.540007,799,1000
2234.545006,745,1001
2234.550005,625,996
2234.555007,729,1004
2234.560006,758,1004
2234.565006,612,1002
2234.570006,659,1000
2234.575006,787,1002
2234.580006,687,996
2234.585006,639,1002
2234.590005,792,1000
2234.595006,762,1000
2234.600006,611,1002
2234.605007,721,997
2234.610006,771,1001
2234.615005,598,997
2234.620007,657,1002
2234.625005,798,999
2234.630006,669,1002
2234.635005,624,1001
2234.640006,796,1000
2234.645006,754,996
2234.650006,612,1003
2234.655006,720,1004
2234.660006,760,1001
2234.665007,614,995
2234.670006,664,993
2234.675006,806,996
2234.680005,676,1000
2234.685006,632,1002
2234.690006,810,1002
2234.695005,748,1002
2234.700007,606,1003
2234.705005,738,997
2234.710005,779,1000
2234.715005,598,1001
2234.720007,651,1004
2234.725006,810,999
2234.730006,674,1003
2234.735006,629,1004
2234.740005,808,1001
2234.745007,753,1003
2234.750007,603,1000
2234.755007,740,1001
2234.760006,765,1002
2234.765006,599,999
2234.770006,668,999
2234.775006,788,1001
2234.780005,684,996
2234.785006,632,1000
2234.790007,789,1002
2234.795007,752,1000
2234.800006,606,1004
2234.805006,724,1002
2234.810005,775,997
2234.815006,606,1002
2234.820005,652,1002
2234.825006,800,1002
2234.830006,666,1002
2234.835006,651,998
2234.840006,796,1000
2234.845006,735,1001
2234.850007,618,1001
2234.855007,724,1000
2234.860007,781,999
2234.865006,610,1000
2234.870006,656,1001
2234.875006,800,996
2234.880007,684,998
2234.885006,633,1001
2234.890006,785,1001
2234.895006,753,1001
2234.900006,600,1003
2234.905006,740,1001
2234.910006,764,1002
2234.915007,621,996
2234.920006,656,1001
2234.925006,806,1002
2234.930006,669,1000
2234.935007,645,994
2234.940006,809,1000
2234.945005,750,1002
2234.950006,600,1004
2234.955005,734,1002
2234.960005,760,1002
2234.965006,612,994
2234.970006,659,1002
2234.975007,784,1002
2234.980006,688,996
2234.985005,646,999
2234.990006,791,1001
2234.995006,758,1001
2235.000006,602,999
2235.005007,736,997
2235.010006,770,1002
2235.015005,596,1003
2235.020007,667,993
2235.025007,795,1001
2235.030006,663,1003
2235.035006,643,999
2235.040006,793,1000
2235.045006,760,999
2235.050006,612,998
2235.055006,720,1005
2235.060006,778,1000
2235.065007,601,1002
2235.070007,665,1001
2235.075006,788,999
2235.080007,678,996
2235.085006,645,1002
2235.090006,790,999
2235.095005,739,1002
2235.100006,602,1003
2235.105006,744,1000
2235.110005,765,1000
2235.115007,594,1001
2235.120006,667,996
2235.125006,795,1001
2235.130006,672,1002
2235.135006,637,999
2235.140006,790,999
2235.145006,737,999
2235.150007,619,1000
2235.155006,724,1003
2235.160006,777,1000
2235.165006,604,1001
2235.170006,646,1001
2235.175005,802,1002
2235.180006,670,1002
2235.185006,627,1003
2235.190007,799,1002
2235.195006,738,1003
2235.200005,615,993
2235.205007,730,1002
2235.210006,765,1002
2235.215005,596,1003
2235.220007,662,1002
2235.225006,786,1001
2235.230006,678,998
2235.235005,646,1000
2235.240006,785,1004
2235.245006,758,997
2235.250006,600,1002
2235.255006,738,1002
2235.260007,765,1001
2235.265005,610,998
2235.270006,664,1000
2235.275006,785,1000
2235.280005,677,993
2235.285007,637,1002
2235.290007,784,1003
2235.295006,755,1000
2235.300006,603,1000
2235.305005,738,996
2235.310006,761,1001
2235.315006,600,993
2235.320005,658,1001
2235.325007,785,1002
2235.330006,677,1000
2235.335006,633,1000
2235.340006,801,998
2235.345006,755,1000
2235.350006,602,1002
2235.355005,718,1004
2235.360006,770,1000
2235.365005,598,1001
2235.370007,665,1000
2235.375005,784,1002
2235.380005,659,1004
2235.385005,640,1004
2235.390006,782,1002
2235.395007,736,1001
2235.400006,617,1001
2235.405005,730,998
2235.410006,757,1002
2235.415006,610,1002
2235.420007,649,1003
2235.425006,798,996
2235.430006,674,1001
2235.435007,636,1002
2235.440007,782,1004
2235.445007,752,996
2235.450006,613,1002
2235.455006,722,1001
2235.460006,757,1002
2235.465005,612,1002
2235.470006,658,1001
2235.475006,782,999
2235.480006,675,1000
2235.485005,625,1003
2235.490006,802,1000
2235.495006,746,1003
2235.500007,608,1000
2235.505006,719,1002
2235.510005,768,1002
2235.515006,593,1003
2235.520006,658,1001
2235.525006,788,998
2235.530005,675,999
2235.535006,628,1003
2235.540006,805,1000
2235.545006,747,1001
2235.550005,597,1004
2235.555006,744,996
2235.560007,767,1002
2235.565006,612,1001
2235.570005,647,1001
2235.575006,801,998
2235.580006,669,1001
2235.585007,628,1001
2235.590007,782,1002
2235.595005,732,1002
2235.600006,610,1001
2235.605006,732,1001
2235.610006,762,1001
2235.615006,595,1001
2235.620005,646,1002
2235.625007,799,1000
2235.630006,668,1001
2235.635006,644,997
2235.640005,789,1001
2235.645007,733,1002
2235.650007,611,1001
2235.655007,722,1003
2235.660007,776,999
2235.665005,611,1000
2235.670005,656,1000
2235.675006,787,994
2235.680006,671,1001
2235.685006,633,1000
2235.690006,800,993
2235.695005,742,1004
2235.700006,597,1001
2235.705006,733,1002
2235.710006,756,1001
2235.715005,608,993
2235.720006,658,998
2235.725007,781,1003
2235.730006,673,999
2235.735007,635,1002
2235.740007,786,1003
2235.745007,750,1001
2235.750005,599,1002
2235.755006,741,1002
2235.760005,758,1000
2235.765006,609,999
2235.770006,651,1004
2235.775006,779,1002
2235.780006,673,1003
2235.785005,624,999
2235.790006,802,994
2235.795006,741,1000
2235.800006,619,999
2235.805005,726,1003
2235.810007,776,995
2235.815006,607,1001
2235.820006,647,1004
2235.825006,797,995
2235.830006,675,1001
2235.835006,625,1001
2235.840006,800,1000
2235.845005,737,1001
2235.850006,612,994
2235.855007,744,995
2235.860006,766,1002
2235.865006,596,1001
2235.870005,663,998
2235.875006,787,1001
2235.880006,659,1001
2235.885005,636,994
2235.890006,802,1002
2235.895007,747,1000
2235.900005,598,1003
2235.905006,741,999
2235.910006,760,1003
2235.915007,618,997
2235.920006,656,1002
2235.925005,778,1003
2235.930006,672,997
2235.935007,636,1002
2235.940007,786,1001
2235.945006,756,997
2235.950005,597,1001
2235.955006,735,999
2235.960006,761,1002
2235.965005,605,996
2235.970006,660,994
2235.975007,776,1002
2235.980005,674,999
2235.985006,635,1002
2235.990006,784,1002
2235.995006,751,1002
2236.000006,602,1003
2236.005006,744,997
2236.010005,763,1001
2236.015007,599,1002
2236.020005,642,1001
2236.025006,798,1000
2236.030006,661,1001
2236.035005,648,996
2236.040006,792,1001
2236.045006,733,1002
2236.050006,607,1001
2236.055006,723,1004
2236.060006,770,1000
2236.065006,609,1000
2236.070005,652,1002
2236.075006,779,1003
2236.080006,677,999
2236.085006,641,999
2236.090005,801,1001
2236.095006,733,1004
2236.100005,597,1002
2236.105005,739,994
2236.110005,767,1002
2236.115007,590,1004
2236.120007,666,1001
2236.125005,785,1000
2236.130005,664,1001
2236.135005,635,1002
2236.140006,788,1002
2236.145006,732,1004
2236.150006,612,1003
2236.155005,726,997
2236.160007,763,1000
2236.165005,592,1003
2236.170006,665,995
2236.175005,801,1001
2236.180006,665,999
2236.185005,630,1002
2236.190006,787,1003
2236.195005,754,1000
2236.200006,606,1001
2236.205006,720,1002
2236.210006,766,1002
2236.215005,596,1000
2236.220007,661,994
2236.225005,797,1001
2236.230005,652,1004
2236.235006,642,1001
2236.240005,789,1004
2236.245007,756,1000
2236.250006,603,999
2236.255006,731,1001
2236.260005,753,1002
2236.265006,606,1001
2236.270006,653,1003
2236.275006,782,1002
2236.280006,656,1003
2236.285005,650,1000
2236.290006,805,1001
2236.295007,742,1002
2236.300006,607,1001
2236.305005,727,1003
2236.310007,757,1003
2236.315006,610,998
2236.320006,651,1002
2236.325005,800,1002
2236.330006,656,1003
2236.335006,646,1002
2236.340005,800,1002
2236.345006,736,1003
2236.350006,618,999
2236.355006,737,999
2236.360005,758,1000
2236.365007,608,996
2236.370007,657,1001
2236.375005,784,1001
2236.380005,675,998
2236.385005,640,1001
2236.390007,792,999
2236.395005,736,999
2236.400006,618,1001
2236.405005,729,1002
2236.410007,759,1000
2236.415005,607,1001
2236.420006,651,1001
2236.425006,798,1002
2236.430006,660,1003
2236.435006,628,1003
2236.440006,806,1000
2236.445006,738,1003
2236.450006,618,1001
2236.455006,735,1000
2236.460006,754,1000
2236.465006,603,1002
2236.470006,650,1000
2236.475006,792,991
2236.480007,671,1001
2236.485006,627,1003
2236.490005,786,1002
2236.495006,753,1000
2236.500005,598,1002
2236.505006,733,999
2236.510005,768,999
2236.515006,588,1000
2236.520006,661,999
2236.525006,786,1002
2236.530006,654,1004
2236.535006,647,1000
2236.540007,785,1001
2236.545005,733,1003
2236.550006,600,1002
2236.555006,749,999
2236.560006,763,1000
2236.565007,593,1002
2236.570006,646,1002
2236.575006,797,1002
2236.580007,666,1000
2236.585006,628,1003
2236.590006,805,1001
2236.595005,745,1000
2236.600006,607,1003
2236.605007,734,1001
2236.610006,771,994
2236.615006,600,1001
2236.620005,652,1002
2236.625007,796,997
2236.630007,663,1002
2236.635006,641,997
2236.640007,790,1002
2236.645006,730,1003
2236.650007,617,999
2236.655007,729,1003
2236.660006,753,1003
2236.665007,612,998
2236.670007,658,1002
2236.675006,780,1002
2236.680006,663,1002
2236.685006,631,1002
2236.690006,784,1001
2236.695007,756,999
2236.700006,611,1002
2236.705007,728,1001
2236.710005,773,1000
2236.715005,597,1002
2236.720006,647,1002
2236.725006,780,1003
2236.730006,659,1002
2236.735006,642,1004
2236.740006,784,1005
2236.745006,757,1000
2236.750007,603,1002
2236.755006,733,1002
2236.760006,753,1003
2236.765006,607,998
2236.770006,652,1001
2236.775007,785,1003
2236.780007,654,1003
2236.785006,640,1003
2236.790006,789,1001
2236.795007,739,1000
2236.800006,598,1002
2236.805006,744,1002
2236.810007,757,1000
2236.815007,603,994
2236.820007,664,1002
2236.825005,780,1002
2236.830007,668,1003
2236.835006,634,1001
2236.840006,781,1000
2236.845006,750,1002
2236.850006,600,999
2236.855006,745,998
2236.860005,755,1002
2236.865007,594,1000
2236.870006,662,1000
2236.875006,782,1002
2236.880006,673,999
2236.885006,645,998
2236.890006,785,1000
2236.895006,751,1002
2236.900006,603,1004
2236.905006,723,1005
2236.910006,769,1000
2236.915005,602,1001
2236.920006,650,1000
2236.925005,777,1001
2236.930007,670,1000
2236.935005,646,1000
2236.940005,791,1000
2236.945006,741,1000
2236.950005,605,999
2236.955007,725,1000
2236.960006,753,997
2236.965005,609,1001
2236.970006,645,1003
2236.975006,799,999
2236.980007,660,1000
2236.985006,647,998
2236.990005,793,1003
2236.995006,747,994
2237.000006,598,1001
2237.005006,737,1002
2237.010005,752,1005
2237.015006,608,996
2237.020006,652,998
2237.025006,781,1001
2237.030005,664,1001
2237.035007,631,1002
2237.040006,784,1001
2237.045006,747,1000
2237.050006,595,1001
2237.055006,741,1001
2237.060006,757,1000
2237.065006,596,999
2237.070006,664,1001
2237.075005,790,1002
2237.080006,652,1004
2237.085006,644,996
2237.090005,798,996
2237.095006,740,1001
2237.100007,597,1001
2237.105006,739,1001
2237.110005,763,1001
2237.115006,593,1001
2237.120006,647,1001
2237.125007,799,998
2237.130007,655,1003
2237.135006,636,1001
2237.140007,801,999
2237.145005,738,1002
2237.150005,616,998
2237.155005,736,1002
2237.160006,758,1001
2237.165006,606,996
2237.170006,662,999
2237.175006,783,1001
2237.180005,648,1000
2237.185007,650,996
2237.190006,788,1001
2237.195006,737,1001
2237.200005,616,996
2237.205006,736,1001
2237.210006,757,1001
2237.215005,594,1003
2237.220006,661,995
2237.225006,790,1001
2237.230006,652,999
2237.235006,637,1003
2237.240005,805,1002
2237.245007,741,1003
2237.250006,599,1002
2237.255006,747,998
2237.260005,772,999
2237.265006,603,999
2237.270006,650,1003
2237.275006,784,1001
2237.280005,675,1000
2237.285006,650,1001
2237.290006,798,998
2237.295006,737,999
2237.300006,624,1000
2237.305006,737,1004
2237.310006,756,1002
2237.315007,611,1000
2237.320006,661,1002
2237.325005,783,1003
2237.330006,663,999
2237.335006,632,1002
2237.340005,805,998
2237.345005,751,1001
2237.350006,607,1001
2237.355006,731,1003
2237.360006,773,997
2237.365006,605,1000
2237.370005,651,1004
2237.375006,783,1001
2237.380006,663,993
2237.385006,638,1002
2237.390006,788,1001
2237.395006,753,1003
2237.400006,600,1003
2237.405005,744,997
2237.410007,771,1002
2237.415006,601,1001
2237.420006,670,997
2237.425005,780,1003
2237.430006,665,1000
2237.435006,645,1000
2237.440007,795,1001
2237.445006,743,1003
2237.450006,606,1000
2237.455006,730,1002
2237.460007,771,998
2237.465005,603,1002
2237.470007,649,1005
2237.475006,803,1001
2237.480006,660,1002
2237.485006,635,1002
2237.490005,807,1000
2237.495006,737,1001
2237.500007,599,1003
2237.505006,746,998
2237.510005,767,1001
2237.515007,589,1003
2237.520007,662,1003
2237.525006,784,1003
2237.530006,671,1001
2237.535006,636,1003
2237.540005,784,1001
2237.545006,740,998
2237.550005,612,1000
2237.555006,731,1002
2237.560006,754,1002
2237.565006,596,998
2237.570005,666,1002
2237.575007,794,1003
2237.580005,649,1005
2237.585005,647,1003
2237.590005,790,1000
2237.595007,753,998
2237.600006,612,1002
2237.605007,739,1002
2237.610006,756,1002
2237.615005,606,1001
2237.620006,652,1003
2237.625006,780,1003
2237.630006,666,1002
2237.635007,656,995
2237.640006,802,1001
2237.645006,741,1003
2237.650006,618,1000
2237.655006,750,1000
2237.660005,767,1002
2237.665006,602,1002
2237.670007,651,1003
2237.675007,779,1002
2237.680006,669,1002
2237.685007,640,1002
2237.690007,792,1004
2237.695007,738,997
2237.700006,614,1000
2237.705006,728,1001
2237.710005,775,1001
2237.715006,605,1000
2237.720005,649,1003
2237.725006,793,1001
2237.730007,650,1002
2237.735006,645,999
2237.740006,793,1000
2237.745006,751,998
2237.750006,612,1002
2237.755005,729,1001
2237.760005,770,1001
2237.765005,594,1002
2237.770006,656,1002
2237.775006,779,1003
2237.780006,669,1001
2237.785005,638,995
2237.790007,801,1001
2237.795006,734,1003
2237.800005,605,1002
2237.805006,753,1001
2237.810006,757,1003
2237.815006,611,998
2237.820006,646,1004
2237.825005,776,1001
2237.830006,668,1003
2237.835007,631,1002
2237.840006,807,1000
2237.845006,749,1000
2237.850006,607,1001
2237.855006,731,1003
2237.860006,774,997
2237.865005,596,1001
2237.870006,641,1003
2237.875006,795,1001
2237.880006,651,1002
2237.885005,632,1003
2237.890007,784,1001
2237.895006,748,1003
2237.900006,598,1001
2237.905005,747,1000
2237.910006,757,1002
2237.915006,606,998
2237.920007,667,1000
2237.925007,789,1002
2237.930005,646,1002
2237.935006,644,1000
2237.940006,795,1001
2237.945005,741,1002
2237.950007,604,1002
2237.955006,728,1003
2237.960006,775,1002
2237.965007,601,1001
2237.970005,653,1002
2237.975006,803,1000
2237.980006,659,1001
2237.985005,632,1003
2237.990006,807,1002
2237.995005,744,1001
2238.000007,609,1003
2238.005006,751,996
2238.010005,767,1001
2238.015006,601,1003
2238.020006,650,1003
2238.025006,804,1000
2238.030006,664,1001
2238.035006,640,995
2238.040007,804,1002
2238.045006,742,1002
2238.050005,605,1003
2238.055006,750,1002
2238.060006,762,1002
2238.065006,593,1004
2238.070006,664,1002
2238.075005,793,1001
2238.080006,653,1003
2238.085006,655,996
2238.090006,805,1002
2238.095006,749,1003
2238.100006,602,1000
2238.105006,749,993
2238.110007,765,1003
2238.115006,603,1001
2238.120006,667,994
2238.125007,794,1000
2238.130006,665,1002
2238.135005,634,1003
2238.140006,806,1001
2238.145007,743,1003
2238.150006,621,1000
2238.155005,741,1000
2238.160006,763,1001
2238.165006,594,1004
2238.170006,662,1002
2238.175006,798,1001
2238.180005,661,1002
2238.185006,649,995
2238.190005,801,1003
2238.195005,741,1005
2238.200006,606,1003
2238.205006,752,1002
2238.210005,762,1000
2238.215005,600,1001
2238.220006,664,995
2238.225006,795,1001
2238.230006,660,1001
2238.235005,640,1003
2238.240006,790,1003
2238.245005,753,1001
2238.250007,608,1003
2238.255006,735,1003
2238.260006,780,998
2238.265006,609,1000
2238.270007,654,994
2238.275006,801,1001
2238.280006,657,1000
2238.285006,633,1001
2238.290006,803,999
2238.295007,746,1001
2238.300007,601,999
2238.305005,746,998
2238.310006,752,1001
2238.315006,612,1001
2238.320005,656,1003
2238.325006,785,1002
2238.330006,674,997
2238.335007,635,1002
2238.340006,812,994
2238.345005,742,1002
2238.350006,626,996
2238.355006,739,1002
2238.360006,776,996
2238.365006,605,1000
2238.370005,653,998
2238.375006,797,997
2238.380006,653,1005
2238.385006,630,1002
2238.390005,805,999
2238.395006,746,1001
2238.400006,607,1002
2238.405005,736,1000
2238.410006,774,999
2238.415006,600,1000
2238.420006,665,1001
2238.425006,788,998
2238.430006,651,1005
2238.435006,648,1000
2238.440006,792,1003
2238.445005,737,1003
2238.450006,620,1000
2238.455006,740,1000
2238.460006,773,1000
2238.465005,596,1002
2238.470006,668,998
2238.475007,792,1001
2238.480006,653,1001
2238.485006,628,1001
2238.490006,813,999
2238.495005,754,1000
2238.500006,604,1002
2238.505007,755,1000
2238.510006,768,1000
2238.515006,598,1000
2238.520007,650,1003
2238.525005,794,1003
2238.530005,656,998
2238.535007,627,1004
2238.540007,804,1001
2238.545006,746,1002
2238.550006,602,1002
2238.555005,747,1000
2238.560006,754,1002
2238.565007,609,1001
2238.570007,657,1001
2238.575006,783,1003
2238.580007,668,996
2238.585006,641,1000
2238.590006,789,1002
2238.595006,750,996
2238.600006,608,1000
2238.605006,733,1003
2238.610006,754,1000
2238.615005,593,1004
2238.620007,669,1001
2238.625006,801,1002
2238.630006,664,994
2238.635007,638,996
2238.640006,808,1002
2238.645007,741,1001
2238.650007,602,1002
2238.655007,757,997
2238.660005,751,1001
2238.665007,611,1002
2238.670007,660,1002
2238.675006,779,1002
2238.680005,665,994
2238.685007,642,997
2238.690007,793,1004
2238.695006,733,1003
2238.700006,623,1002
2238.705006,755,999
2238.710006,769,998
2238.715005,607,1002
2238.720007,656,1003
2238.725007,797,999
2238.730006,648,1002
2238.735006,645,1000
2238.740005,786,1003
2238.745006,751,1002
2238.750006,611,1000
2238.755006,731,1005
2238.760005,770,1001
2238.765006,594,1002
2238.770006,669,999
2238.775005,787,1000
2238.780006,653,1004
2238.785005,634,1003
2238.790006,807,1001
2238.795006,749,1001
2238.800006,607,1001
2238.805006,736,1002
2238.810007,777,999
2238.815007,608,1001
2238.820007,653,1004
2238.825007,799,1002
2238.830006,656,1000
2238.835006,634,1002
2238.840006,795,1002
2238.845006,761,1001
2238.850005,612,1002
2238.855005,742,999
2238.860006,779,999
2238.865005,602,1002
2238.870006,671,1001
2238.875006,786,1002
2238.880006,650,1001
2238.885006,644,1002
2238.890006,791,1003
2238.895006,753,1000
2238.900006,610,1005
2238.905005,751,1002
2238.910006,761,1003
2238.915007,611,1001
2238.920006,654,1001
2238.925007,797,993
2238.930006,661,1001
2238.935006,630,1000
2238.940007,809,1001
2238.945006,742,1000
2238.950005,601,1003
2238.955006,742,1000
2238.960006,756,1002
2238.965006,615,1000
2238.970005,658,1003
2238.975006,803,999
2238.980007,653,1002
2238.985006,630,1004
2238.990007,798,1000
2238.995005,736,1004
2239.000006,630,997
2239.005005,747,1001
2239.010005,759,1001
2239.015006,606,1001
2239.020005,652,1002
2239.025005,797,1000
2239.030005,649,1002
2239.035006,646,1001
2239.040006,791,1004
2239.045006,754,999
2239.050005,619,993
2239.055006,751,1002
2239.060006,758,1001
2239.065006,612,997
2239.070005,658,999
2239.075006,796,999
2239.080006,667,1000
2239.085007,635,1002
2239.090006,789,1003
2239.095006,755,998
2239.100007,616,997
2239.105007,746,992
2239.110006,774,999
2239.115006,609,997
2239.120006,670,1002
2239.125007,786,1002
2239.130006,652,1001
2239.135006,652,999
2239.140005,805,999
2239.145006,738,1001
2239.150005,626,999
2239.155006,760,997
2239.160006,768,1000
2239.165007,601,999
2239.170006,673,997
2239.175006,798,999
2239.180005,648,1004
2239.185006,640,993
2239.190006,806,1001
2239.195006,737,1000
2239.200005,626,998
2239.205006,742,998
2239.210007,753,1002
2239.215006,607,1000
2239.220006,649,1002
2239.225006,805,995
2239.230006,656,1000
2239.235005,629,1001
2239.240006,809,998
2239.245006,741,1000
2239.250007,601,1003
2239.255007,735,1001
2239.260006,776,999
2239.265005,603,1001
2239.270006,649,1003
2239.275006,795,1000
2239.280005,660,1000
2239.285006,635,1000
2239.290007,811,996
2239.295006,741,1000
2239.300006,610,998
2239.305005,736,1001
2239.310006,758,1001
2239.315006,596,1002
2239.320005,663,1000
2239.325006,781,1003
2239.330006,662,998
2239.335007,628,1003
2239.340006,805,996
2239.345005,746,1002
2239.350006,601,1001
2239.355006,749,1002
2239.360005,757,1003
2239.365007,593,1002
2239.370007,664,1001
2239.375005,784,1001
2239.380005,664,999
2239.385006,636,1003
2239.390006,787,1003
2239.395006,757,1002
2239.400006,612,1002
2239.405005,736,1004
2239.410007,771,1002
2239.415006,610,996
2239.420006,669,1004
2239.425006,788,1001
2239.430006,657,1002
2239.435007,644,1003
2239.440007,792,1003
2239.445006,736,1003
2239.450007,623,994
2239.455006,748,1001
2239.460006,761,1005
2239.465007,599,1002
2239.470005,675,1000
2239.475006,787,1001
2239.480007,665,996
2239.485006,649,1003
2239.490006,792,1002
2239.495007,754,998
2239.500007,621,1001
2239.505006,741,1002
2239.510005,778,993
2239.515006,601,1001
2239.520006,655,1004
2239.525007,800,1000
2239.530006,651,1004
2239.535005,651,997
2239.540006,791,1004
2239.545007,736,1004
2239.550006,623,1003
2239.555005,739,1002
2239.560007,762,997
2239.565006,614,1000
2239.570006,660,1002
2239.575006,782,1003
2239.580006,672,1001
2239.585006,646,1002
2239.590006,799,1003
2239.595006,734,1003
2239.600006,626,997
2239.605007,753,1004
2239.610007,756,1004
2239.615006,612,1002
2239.620005,657,1001
2239.625007,798,995
2239.630007,662,1002
2239.635006,645,1003
2239.640006,792,1001
2239.645006,752,1001
2239.650006,609,1002
2239.655006,733,1004
2239.660006,767,1002
2239.665006,598,1002
2239.670007,653,1005
2239.675006,782,1003
2239.680006,662,1001
2239.685007,641,1000
2239.690006,809,999
2239.695006,744,1001
2239.700005,623,999
2239.705006,738,1000
2239.710006,751,1002
2239.715005,590,1001
2239.720006,668,1000
2239.725006,783,1002
2239.730005,664,997
2239.735005,638,999
2239.740006,784,1002
2239.745005,748,994
2239.750006,607,1001
2239.755006,738,1001
2239.760006,772,998
2239.765006,603,1002
2239.770006,647,1001
2239.775006,795,996
2239.780006,652,1000
2239.785005,630,1002
2239.790006,809,1000
2239.795006,739,1001
2239.800006,605,1001
2239.805006,753,1002
2239.810007,755,1002
2239.815006,599,1002
2239.820006,654,1001
2239.825005,805,999
2239.830006,651,1002
2239.835007,629,1004
2239.840006,798,1002
2239.845005,737,1001
2239.850006,619,992
2239.855007,746,1002
2239.860006,755,1001
2239.865006,607,1001
2239.870006,648,1002
2239.875006,794,1001
2239.880006,659,1000
2239.885007,630,1002
2239.890006,800,1001
2239.895007,735,1002
2239.900006,623,995
2239.905006,751,1001
2239.910005,762,1001
2239.915006,601,1001
2239.920006,656,1000
2239.925006,802,998
2239.930005,656,1001
2239.935006,635,1003
2239.940006,811,998
2239.945006,743,1004
2239.950006,607,1002
2239.955005,760,1000
2239.960005,765,999
2239.965006,596,1000
2239.970006,670,998
2239.975007,783,999
2239.980005,665,1001
2239.985005,641,1002
2239.990007,805,993
2239.995007,734,1002
2240.000006,623,1000
2240.005006,745,1001
2240.010007,760,1001
2240.015006,603,995
2240.020007,669,1002
2240.025007,782,1004
2240.030006,648,1003
2240.035006,656,1000
2240.040007,802,999
2240.045006,735,1003
2240.050006,613,1001
2240.055005,738,1001
2240.060007,779,998
2240.065006,607,1002
2240.070006,650,1004
2240.075005,777,1003
2240.080007,667,1001
2240.085006,641,1002
2240.090007,786,1004
2240.095006,736,1004
2240.100006,623,1002
2240.105007,739,1003
2240.110006,768,992
2240.115007,591,1001
2240.120006,676,998
2240.125005,790,1002
2240.130006,651,1001
2240.135005,650,998
2240.140006,805,993
2240.145006,741,1001
2240.150006,605,1003
2240.155006,736,1002
2240.160005,767,1002
2240.165006,590,1003
2240.170006,664,1001
2240.175006,797,999
2240.180005,657,1002
2240.185007,637,1004
2240.190007,789,1002
2240.195006,755,1002
2240.200006,616,1000
2240.205007,744,1001
2240.210007,758,1003
2240.215007,616,1001
2240.220005,657,1003
2240.225006,781,1002
2240.230006,668,1002
2240.235005,648,1000
2240.240007,791,1001
2240.245006,740,1002
2240.250006,602,1002
2240.255006,737,1003
2240.260006,773,1000
2240.265005,604,1002
2240.270006,655,1002
2240.275006,784,1000
2240.280005,666,1000
2240.285007,633,1002
2240.290005,785,1003
2240.295005,734,1001
2240.300005,604,1005
2240.305006,761,998
2240.310007,761,1002
2240.315007,608,998
2240.320006,652,1002
2240.325006,783,1002
2240.330006,651,994
2240.335007,641,1001
2240.340005,790,1003
2240.345006,749,1000
2240.350006,622,1001
2240.355007,740,1000
2240.360006,773,999
2240.365005,602,1002
2240.370007,647,1005
2240.375006,794,1002
2240.380006,644,1001
2240.385005,633,999
2240.390006,807,998
2240.395006,735,1002
2240.400006,614,1002
2240.405005,747,1001
2240.410006,751,1003
2240.415006,609,1001
2240.420007,656,1000
2240.425006,777,1004
2240.430005,657,1002
2240.435006,632,1002
2240.440005,789,1003
2240.445005,754,1000
2240.450006,602,1004
2240.455006,734,1003
2240.460006,769,1000
2240.465005,598,999
2240.470006,644,1000
2240.475006,783,1004
2240.480006,646,995
2240.485006,648,1000
2240.490005,796,1000
2240.495007,733,1002
2240.500005,607,1001
2240.505006,754,994
2240.510006,758,1001
2240.515005,587,1001
2240.520006,661,1004
2240.525006,782,1001
2240.530006,665,996
2240.535005,638,1002
2240.540007,800,993
2240.545006,741,998
2240.550006,600,1002
2240.555006,754,999
2240.560007,760,1002
2240.565007,587,1003
2240.570006,670,999
2240.575006,781,1002
2240.580006,656,995
2240.585007,637,1001
2240.590007,784,1000
2240.595007,751,1001
2240.600006,612,1001
2240.605007,739,991
2240.610006,761,1004
2240.615005,588,1004
2240.620006,663,996
2240.625006,791,1001
2240.630006,649,1000
2240.635005,646,997
2240.640006,787,1000
2240.645006,745,1001
2240.650006,600,1005
2240.655005,760,995
2240.660007,759,1003
2240.665006,592,1001
2240.670007,668,999
2240.675006,788,1000
2240.680006,639,1003
2240.685006,638,1002
2240.690006,788,1003
2240.695006,743,1003
2240.700005,613,1001
2240.705006,758,1000
2240.710007,762,1001
2240.715007,606,1000
2240.720007,662,1001
2240.725006,796,997
2240.730006,657,1002
2240.735006,632,1004
2240.740005,797,1000
2240.745007,736,1002
2240.750005,622,1001
2240.755006,745,1001
2240.760005,754,1002
2240.765006,592,1005
2240.770007,675,996
2240.775007,782,1003
2240.780006,642,1004
2240.785005,632,1000
2240.790007,806,997
2240.795005,749,1001
2240.800005,612,1002
2240.805006,741,1001
2240.810006,771,999
2240.815006,600,1001
2240.820006,671,996
2240.825006,776,1005
2240.830006,663,1001
2240.835006,637,999
2240.840006,792,997
2240.845006,744,1001
2240.850006,601,1003
2240.855006,760,999
2240.860006,760,1001
2240.865005,596,1001
2240.870006,653,1002
2240.875006,779,1004
2240.880005,665,999
2240.885005,637,1001
2240.890006,798,995
2240.895007,745,1000
2240.900007,602,1002
2240.905006,752,1001
2240.910006,750,1003
2240.915007,598,1003
2240.920006,651,1004
2240.925006,780,1004
2240.930006,661,1004
2240.935006,632,1003
2240.940007,805,1002
2240.945006,736,1004
2240.950006,624,1002
2240.955006,749,1001
2240.960006,754,1003
2240.965005,607,998
2240.970006,668,1001
2240.975007,783,1002
2240.980006,663,997
2240.985006,641,1003
2240.990005,798,999
2240.995007,753,995
2241.000006,621,1003
2241.005006,752,1001
2241.010006,753,1004
2241.015005,611,1002
2241.020006,650,1004
2241.025006,783,997
2241.030006,651,1001
2241.035005,638,1003
2241.040006,791,995
2241.045006,742,1001
2241.050006,597,1003
2241.055006,748,1004
2241.060006,753,1003
2241.065006,589,1004
2241.070005,670,1001
2241.075006,784,1002
2241.080006,662,997
2241.085007,640,1002
2241.090007,788,1000
2241.095006,735,1005
2241.100006,617,1003
2241.105006,742,1004
2241.110005,753,1002
2241.115006,591,1003
2241.120005,671,1002
2241.125007,787,1003
2241.130007,665,1001
2241.135006,642,1003
2241.140005,786,1005
2241.145006,748,1002
2241.150005,607,1003
2241.155005,758,1003
2241.160006,755,1002
2241.165006,592,1004
2241.170007,671,1001
2241.175006,793,1001
2241.180006,650,1003
2241.185007,632,1001
2241.190006,801,1000
2241.195005,741,1003
2241.200007,603,1001
2241.205007,748,1001
2241.210006,751,1004
2241.215006,612,1002
2241.220006,656,1002
2241.225006,798,1002
2241.230006,648,1004
2241.235005,654,1000
2241.240006,793,1004
2241.245006,755,1001
2241.250006,605,1003
2241.255006,748,994
2241.260005,763,1002
2241.265006,592,1001
2241.270006,672,998
2241.275006,788,1000
2241.280006,658,998
2241.285005,646,1002
2241.290007,793,1002
2241.295006,736,1002
2241.300006,604,1003
2241.305007,762,1001
2241.310005,759,1001
2241.315005,591,1004
2241.320005,662,1000
2241.325007,776,1004
2241.330005,653,1003
2241.335006,630,1004
2241.340005,805,998
2241.345007,745,1002
2241.350006,612,994
2241.355006,748,1002
2241.360006,751,1002
2241.365006,609,999
2241.370005,661,1001
2241.375006,783,1003
2241.380006,644,1002
2241.385005,649,1002
2241.390006,790,1003
2241.395006,753,995
2241.400006,616,1001
2241.405007,743,1002
2241.410005,773,1002
2241.415006,602,1003
2241.420005,653,1002
2241.425005,800,997
2241.430006,658,1002
2241.435006,634,1000
2241.440007,804,993
2241.445007,745,993
2241.450005,612,998
2241.455006,737,1002
2241.460005,762,1001
2241.465005,592,1001
2241.470007,649,1001
2241.475005,796,998
2241.480005,645,1003
2241.485006,652,998
2241.490005,803,1000
2241.495006,736,1000
2241.500006,608,1001
2241.505006,742,998
2241.510006,764,1001
2241.515005,593,1002
2241.520006,668,996
2241.525005,786,1001
2241.530005,650,996
2241.535006,637,1001
2241.540006,790,1002
2241.545006,750,1002
2241.550005,611,1003
2241.555006,736,1005
2241.560006,761,1002
2241.565007,594,1002
2241.570007,647,1001
2241.575006,791,995
2241.580007,653,1002
2241.585007,635,1004
2241.590006,803,995
2241.595006,740,1003
2241.600006,619,1003
2241.605006,744,1003
2241.610006,763,998
2241.615006,598,1001
2241.620005,665,1000
2241.625006,791,1002
2241.630006,639,1002
2241.635006,652,1000
2241.640006,795,1003
2241.645007,742,1001
2241.650007,614,995
2241.655006,760,1001
2241.660006,752,1003
2241.665007,589,1005
2241.670007,670,1001
2241.675006,798,1001
2241.680005,644,1003
2241.685006,643,1001
2241.690006,785,1000
2241.695005,748,1003
2241.700006,608,1002
2241.705006,754,997
2241.710006,756,1000
2241.715005,586,1002
2241.720006,668,1002
2241.725006,781,1004
2241.730006,652,995
2241.735006,651,1001
2241.740006,800,1001
2241.745007,730,1002
2241.750006,597,1002
2241.755006,745,1001
2241.760005,747,1004
2241.765006,591,1000
2241.770007,653,1004
2241.775006,783,1001
2241.780005,639,1003
2241.785005,649,1002
2241.790006,795,1002
2241.795006,755,997
2241.800007,608,1003
2241.805005,737,1004
2241.810006,767,1002
2241.815006,592,1002
2241.820005,669,997
2241.825007,791,1001
2241.830005,638,1004
2241.835005,651,1001
2241.840006,790,1004
2241.845005,736,1001
2241.850006,626,1000
2241.855006,743,1003
2241.860005,751,1001
2241.865007,589,1002
2241.870006,669,1002
2241.875006,789,1002
2241.880006,658,1003
2241.885006,641,1002
2241.890005,787,1002
2241.895006,749,1001
2241.900006,612,1002
2241.905005,748,1000
2241.910007,753,1001
2241.915005,611,1000
2241.920006,663,1003
2241.925005,775,1001
2241.930007,656,1003
2241.935007,642,1001
2241.940007,787,1002
2241.945006,755,1001
2241.950006,611,1002
2241.955006,751,1001
2241.960005,751,1005
2241.965006,606,996
2241.970005,653,1001
2241.975006,801,997
2241.980006,650,1001
2241.985006,646,1002
2241.990005,789,1004
2241.995006,750,1001
2242.000006,608,1001
2242.005006,764,1000
2242.010006,762,1002
2242.015005,591,1003
2242.020006,672,1001
2242.025006,788,999
2242.030005,640,1002
2242.035007,656,1002
2242.040006,789,1004
2242.045006,750,1002
2242.050006,612,1002
2242.055005,750,1002
2242.060006,770,1000
2242.065006,598,1002
2242.070006,671,1001
2242.075006,780,1001
2242.080006,660,1001
2242.085006,639,1002
2242.090006,791,1003
2242.095006,753,996
2242.100006,617,1003
2242.105006,742,1004
2242.110006,769,1002
2242.115006,596,1002
2242.120007,650,1002
2242.125007,795,999
2242.130006,642,1000
2242.135006,657,1000
2242.140006,797,1001
2242.145007,758,998
2242.150006,612,999
2242.155005,747,1002
2242.160006,775,1002
2242.165006,609,994
2242.170006,651,1000
2242.175005,790,1001
2242.180006,649,1001
2242.185006,643,1002
2242.190006,806,999
2242.195005,743,1002
2242.200006,623,1001
2242.205007,741,1003
2242.210007,769,1000
2242.215006,601,1004
2242.220005,655,1004
2242.225006,797,1000
2242.230006,650,998
2242.235005,638,1000
2242.240006,788,999
2242.245006,749,1001
2242.250006,610,1001
2242.255006,742,1003
2242.260006,770,997
2242.265005,595,1003
2242.270007,671,1002
2242.275007,789,1002
2242.280007,645,1004
2242.285006,641,995
2242.290007,804,1001
2242.295005,732,1003
2242.300005,626,1002
2242.305006,745,1003
2242.310006,773,999
2242.315006,602,1002
2242.320005,660,1000
2242.325006,782,1001
2242.330007,661,1002
2242.335007,654,1001
2242.340007,797,1004
2242.345007,738,1003
2242.350005,621,994
2242.355006,755,1002
2242.360006,753,1002
2242.365006,613,1002
2242.370006,661,1002
2242.375006,779,1003
2242.380007,639,1004
2242.385006,650,1003
2242.390006,788,1002
2242.395006,750,996
2242.400006,623,1002
2242.405005,758,1000
2242.410007,755,1004
2242.415005,590,1002
2242.420005,651,1005
2242.425005,796,1004
2242.430007,644,1003
2242.435005,655,1002
2242.440005,796,1003
2242.445006,752,1000
2242.450005,615,1001
2242.455007,762,1002
2242.460006,755,997
2242.465006,610,1000
2242.470005,653,1003
2242.475006,801,1001
2242.480006,647,1003
2242.485006,660,995
2242.490005,801,1001
2242.495006,751,995
2242.500006,618,1002
2242.505006,746,1001
2242.510006,775,998
2242.515005,600,1002
2242.520007,652,1004
2242.525006,797,1001
2242.530006,649,1002
2242.535006,638,1003
2242.540006,807,1002
2242.545006,740,1003
2242.550007,620,1001
2242.555005,756,997
2242.560006,762,1003
2242.565007,594,1003
2242.570006,654,1003
2242.575006,792,999
2242.580006,648,1003
2242.585006,632,1003
2242.590006,787,1005
2242.595005,739,998
2242.600006,621,1002
2242.605006,751,1004
2242.610006,750,1003
2242.615006,610,1002
2242.620005,656,1004
2242.625006,798,999
2242.630006,645,997
2242.635006,652,997
2242.640006,799,1005
2242.645006,738,1001
2242.650006,621,1001
2242.655006,744,1004
2242.660005,767,1002
2242.665007,595,1005
2242.670007,669,1004
2242.675006,786,1003
2242.680005,646,1004
2242.685007,636,1002
2242.690006,815,1000
2242.695005,752,1001
2242.700006,613,1001
2242.705006,769,996
2242.710006,761,1002
2242.715006,610,997
2242.720006,664,1001
2242.725006,781,1002
2242.730007,638,1003
2242.735006,653,999
2242.740006,809,999
2242.745005,743,1000
2242.750007,621,994
2242.755007,757,998
2242.760006,753,998
2242.765005,600,996
2242.770007,650,1000
2242.775006,802,994
2242.780006,646,999
2242.785006,634,997
2242.790007,806,994
2242.795007,739,996
2242.800006,631,989
2242.805007,754,994
2242.810006,752,993
2242.815006,610,988
2242.820006,676,985
2242.825005,791,991
2242.830006,650,991
2242.835007,639,992
2242.840006,788,989
2242.845006,739,992
2242.850006,618,982
2242.855006,762,989
2242.860006,757,988
2242.865006,590,991
2242.870006,673,990
2242.875006,784,990
2242.880006,665,984
2242.885005,646,990
2242.890006,788,991
2242.895006,742,988
2242.900006,609,991
2242.905006,760,981
2242.910005,770,988
2242.915007,596,989
2242.920006,648,991
2242.925006,792,985
2242.930006,653,987
2242.935007,633,991
2242.940006,808,986
2242.945006,741,990
2242.950006,604,988
2242.955006,758,991
2242.960007,756,993
2242.965005,613,988
2242.970006,666,989
2242.975006,780,994
2242.980006,642,993
2242.985006,649,994
2242.990005,790,993
2242.995007,753,992
2243.000007,617,996
2243.005006,745,998
2243.010005,768,994
2243.015007,595,994
2243.020006,656,992
2243.025006,800,997
2243.030005,649,997
2243.035006,643,997
2243.040006,792,1001
2243.045005,753,999
2243.050005,605,1002
2243.055006,762,1000
2243.060005,767,998
2243.065006,603,1001
2243.070006,664,1002
2243.075006,798,1002
2243.080006,649,1001
2243.085006,641,995
2243.090006,800,996
2243.095006,748,1003
2243.100005,619,994
2243.105005,760,1003
2243.110006,757,1003
2243.115005,594,1001
2243.120007,674,1002
2243.125006,783,1004
2243.130005,647,1003
2243.135006,654,1002
2243.140005,789,1004
2243.145006,754,1003
2243.150005,610,1003
2243.155005,760,997
2243.160007,767,1002
2243.165006,603,1001
2243.170006,651,1005
2243.175005,794,1000
2243.180007,641,1002
2243.185006,657,1001
2243.190005,797,1004
2243.195006,731,1003
2243.200005,622,996
2243.205006,760,1002
2243.210006,759,1004
2243.215005,594,1004
2243.220006,668,994
2243.225006,795,1002
2243.230006,643,1003
2243.235006,650,995
2243.240005,799,1001
2243.245006,749,1001
2243.250006,615,1002
2243.255006,759,999
2243.260006,768,998
2243.265006,605,1001
2243.270006,660,1003
2243.275006,781,1002
2243.280006,664,1002
2243.285006,637,1004
2243.290007,809,1003
2243.295006,739,1003
2243.300005,622,999
2243.305006,762,1002
2243.310006,759,1001
2243.315006,588,1002
2243.320005,660,1002
2243.325006,778,1005
2243.330007,656,1001
2243.335007,640,1004
2243.340007,811,1003
2243.345007,740,1001
2243.350005,619,1000
2243.355005,750,1004
2243.360005,753,1002
2243.365006,612,1002
2243.370005,663,1003
2243.375006,778,1006
2243.380006,653,1003
2243.385005,654,998
2243.390007,798,1002
2243.395005,735,1003
2243.400006,608,1003
2243.405005,761,1003
2243.410006,750,1003
2243.415006,609,994
2243.420006,670,1001
2243.425005,783,1004
2243.430006,649,998
2243.435005,640,1003
2243.440005,785,1001
2243.445005,753,999
2243.450006,616,996
2243.455007,749,1003
2243.460006,748,1001
2243.465005,609,996
2243.470006,653,1002
2243.475006,792,1002
2243.480006,632,1002
2243.485006,651,1000
2243.490006,797,998
2243.495006,727,1003
2243.500007,623,1001
2243.505006,748,1003
2243.510005,748,1004
2243.515006,604,998
2243.520006,648,1002
2243.525005,779,996
2243.530005,650,1001
2243.535006,634,1001
2243.540006,802,997
2243.545006,739,1002
2243.550007,605,998
2243.555006,738,1000
2243.560007,768,1000
2243.565006,599,1001
2243.570005,647,1002
2243.575006,789,998
2243.580007,641,1001
2243.585006,645,995
2243.590006,798,997
2243.595005,731,1001
2243.600006,596,1003
2243.605007,736,1001
2243.610006,755,1000
2243.615006,591,993
2243.620006,660,998
2243.625006,775,1000
2243.630006,649,1001
2243.635006,633,1000
2243.640005,780,1004
2243.645007,745,997
2243.650006,608,993
2243.655006,750,999
2243.660006,745,1002
2243.665006,604,998
2243.670006,648,1002
2243.675005,794,999
2243.680006,634,1000
2243.685006,630,995
2243.690006,797,1001
2243.695005,726,1002
2243.700006,614,998
2243.705006,744,1000
2243.710006,767,997
2243.715006,590,1001
2243.720006,663,994
2243.725007,782,1005
2243.730007,630,1003
2243.735006,648,1006
2243.740006,789,1003
2243.745006,748,999
2243.750006,610,1000
2243.755006,737,1003
2243.760006,760,1002
2243.765005,591,1000
2243.770006,643,1002
2243.775006,785,1000
2243.780005,628,1001
2243.785006,648,997
2243.790007,798,1003
2243.795006,732,1002
2243.800006,618,1002
2243.805006,744,1002
2243.810006,763,1002
2243.815006,585,1005
2243.820006,667,1000
2243.825006,792,1000
2243.830006,633,1003
2243.835006,628,1000
2243.840006,790,1003
2243.845006,736,1003
2243.850007,602,1003
2243.855006,757,1001
2243.860007,756,1002
2243.865006,607,999
2243.870006,649,1003
2243.875006,777,992
2243.880006,637,1002
2243.885006,629,1001
2243.890007,804,1000
2243.895005,742,996
2243.900005,597,1003
2243.905005,746,1001
2243.910006,746,1004
2243.915006,605,999
2243.920006,648,1003
2243.925005,774,1002
2243.930007,634,1002
2243.935006,654,995
2243.940006,793,1000
2243.945006,732,1001
2243.950005,598,1004
2243.955006,760,1002
2243.960006,752,1000
2243.965006,586,1002
2243.970007,643,1003
2243.975006,792,1001
2243.980006,636,1001
2243.985005,634,996
2243.990007,789,1002
2243.995006,749,1001
2244.000006,609,1002
2244.005006,738,1004
2244.010006,762,1000
2244.015006,591,1002
2244.020006,647,1004
2244.025007,792,1003
2244.030007,632,1003
2244.035006,651,1001
2244.040006,793,1004
2244.045007,742,995
2244.050006,621,1001
2244.055005,757,1002
2244.060006,755,1003
2244.065006,591,1003
2244.070005,647,1005
2244.075006,773,1003
2244.080006,651,1002
2244.085007,640,1002
2244.090007,783,1005
2244.095005,742,999
2244.100007,600,1004
2244.105006,764,998
2244.110006,751,1003
2244.115006,590,1004
2244.120006,644,1002
2244.125006,788,995
2244.130006,633,1003
2244.135005,628,1002
2244.140007,800,998
2244.145006,727,1003
2244.150007,615,997
2244.155006,758,1002
2244.160005,749,1002
2244.165006,590,1001
2244.170006,646,1002
2244.175005,773,1003
2244.180006,644,1003
2244.185006,629,1001
2244.190006,781,1003
2244.195005,749,1001
2244.200006,602,1002
2244.205007,761,1003
2244.210007,746,1002
2244.215006,602,1000
2244.220005,652,1003
2244.225007,768,1005
2244.230006,648,1001
2244.235005,629,1004
2244.240007,796,1001
2244.245006,730,1004
2244.250007,622,1000
2244.255006,757,998
2244.260005,746,1002
2244.265006,593,1005
2244.270006,677,998
2244.275006,780,1003
2244.280006,654,1000
2244.285006,634,1005
2244.290006,812,1000
2244.295006,738,1003
2244.300006,612,1004
2244.305006,754,1003
2244.310006,766,1001
2244.315006,598,999
2244.320006,655,1003
2244.325005,775,1003
2244.330006,638,1001
2244.335006,660,996
2244.340006,798,1002
2244.345005,735,999
2244.350006,620,1002
2244.355006,751,1002
2244.360006,755,1001
2244.365006,589,1004
2244.370005,667,1002
2244.375005,783,1000
2244.380005,638,1002
2244.385006,653,997
2244.390005,799,1001
2244.395006,738,1001
2244.400006,606,1001
2244.405006,767,1000
2244.410005,753,1000
2244.415006,612,998
2244.420007,653,1001
2244.425006,790,995
2244.430006,652,1002
2244.435007,645,1002
2244.440006,792,1004
2244.445006,731,1003
2244.450005,626,1002
2244.455006,759,1001
2244.460005,752,1001
2244.465005,594,998
2244.470006,664,1001
2244.475006,778,1002
2244.480006,631,1003
2244.485005,637,999
2244.490006,804,996
2244.495005,744,1000
2244.500006,605,1005
2244.505007,761,999
2244.510006,761,1001
2244.515006,596,1002
2244.520007,653,1003
2244.525006,774,1002
2244.530005,650,1002
2244.535006,651,1000
2244.540006,792,1003
2244.545006,754,995
2244.550005,613,1001
2244.555006,752,1002
2244.560006,748,1000
2244.565006,591,999
2244.570006,649,1002
2244.575006,791,1003
2244.580006,638,1001
2244.585006,652,1000
2244.590006,792,1001
2244.595006,743,999
2244.600006,614,1001
2244.605006,746,1003
2244.610006,760,997
2244.615005,607,995
2244.620006,649,1003
2244.625006,775,1001
2244.630006,630,1005
2244.635005,652,1002
2244.640006,790,1002
2244.645006,728,1005
2244.650006,619,1004
2244.655007,745,1004
2244.660005,757,1001
2244.665007,587,1001
2244.670006,668,1003
2244.675005,782,1003
2244.680007,628,1003
2244.685006,642,997
2244.690006,800,1003
2244.695006,733,1003
2244.700006,617,1003
2244.705007,752,1002
2244.710006,753,1004
2244.715006,591,1005
2244.720006,648,1004
2244.725006,788,1003
2244.730007,632,1002
2244.735006,634,1006
2244.740007,810,1001
2244.745006,730,1003
2244.750006,622,1003
2244.755006,743,1005
2244.760005,754,1002
2244.765006,591,1003
2244.770006,670,997
2244.775006,771,1004
2244.780006,646,1005
2244.785006,641,1002
2244.790007,783,1003
2244.795006,740,1002
2244.800006,605,1002
2244.805005,740,1004
2244.810005,744,1004
2244.815006,605,1002
2244.820005,654,1001
2244.825006,796,998
2244.830006,640,1001
2244.835006,633,1003
2244.840006,806,1002
2244.845006,736,1003
2244.850007,606,996
2244.855006,765,998
2244.860006,752,1003
2244.865005,599,996
2244.870006,657,1003
2244.875006,777,1003
2244.880006,627,1003
2244.885006,631,1003
2244.890006,800,1002
2244.895007,735,1002
2244.900006,600,1003
2244.905006,765,1002
2244.910006,750,1003
2244.915006,585,1004
2244.920006,668,1000
2244.925006,778,1000
2244.930006,628,1003
2244.935005,651,1000
2244.940006,792,1000
2244.945005,723,1002
2244.950006,612,1003
2244.955006,741,1003
2244.960006,763,1001
2244.965005,586,1000
2244.970006,666,1001
2244.975006,775,1003
2244.980006,625,1003
2244.985005,645,1002
2244.990006,789,1002
2244.995006,749,1001
2245.000006,607,1000
2245.005006,745,1002
2245.010006,766,1000
2245.015005,594,1002
2245.020007,654,1001
2245.025006,779,1001
2245.030006,650,1001
2245.035006,637,1002
2245.040006,783,1000
2245.045007,741,1002
2245.050006,606,1000
2245.055006,743,1003
2245.060007,764,1000
2245.065006,595,1003
2245.070006,658,991
2245.075006,787,1002
2245.080006,629,1000
2245.085006,653,1001
2245.090006,788,1001
2245.095005,746,1001
2245.100006,604,1002
2245.105007,762,1000
2245.110005,749,1002
2245.115006,607,1000
2245.120005,650,1001
2245.125006,790,1001
2245.130007,636,1002
2245.135006,634,1002
2245.140005,782,1004
2245.145007,740,1000
2245.150006,603,1003
2245.155005,763,1000
2245.160005,744,1002
2245.165006,596,1001
2245.170007,651,1000
2245.175007,772,1000
2245.180006,644,994
2245.185006,641,1001
2245.190006,786,999
2245.195006,743,995
2245.200006,613,999
2245.205006,743,1000
2245.210007,763,1002
2245.215006,589,1001
2245.220006,664,995
2245.225006,789,1001
2245.230006,635,1001
2245.235006,636,1002
2245.240005,788,1001
2245.245005,748,1002
2245.250006,609,1000
2245.255006,766,1001
2245.260006,748,1002
2245.265006,590,997
2245.270006,658,1000
2245.275006,778,1001
2245.280006,632,1002
2245.285006,632,1004
2245.290006,807,1001
2245.295006,734,1001
2245.300005,604,1003
2245.305006,757,994
2245.310006,753,1001
2245.315006,590,1003
2245.320005,647,1004
2245.325007,796,1002
2245.330005,628,1002
2245.335006,649,1000
2245.340005,785,1002
2245.345006,727,1000
2245.350006,622,999
2245.355006,762,994
2245.360005,767,998
2245.365006,601,1002
2245.370006,659,1000
2245.375006,771,1007
2245.380005,636,1002
2245.385006,640,1002
2245.390006,787,1000
2245.395006,744,1002
2245.400007,613,1001
2245.405007,745,1004
2245.410005,746,1006
2245.415006,608,1002
2245.420006,650,1002
2245.425006,789,1000
2245.430005,631,1002
2245.435006,650,1001
2245.440007,791,1000
2245.445006,743,998
2245.450006,615,994
2245.455007,760,1004
2245.460006,744,1001
2245.465006,608,999
2245.470005,658,1000
2245.475006,770,1007
2245.480006,644,1002
2245.485006,640,1001
2245.490005,785,1003
2245.495006,736,1000
2245.500005,624,997
2245.505005,751,1001
2245.510006,742,1004
2245.515005,606,1002
2245.520006,655,1002
2245.525006,771,1004
2245.530006,651,1000
2245.535006,638,1000
2245.540006,804,1003
2245.545006,732,1003
2245.550006,622,1002
2245.555005,742,1003
2245.560006,760,1000
2245.565006,588,1001
2245.570006,665,1002
2245.575006,781,1001
2245.580006,630,999
2245.585006,630,1003
2245.590006,810,1000
2245.595007,744,1001
2245.600005,607,1002
2245.605005,742,1004
2245.610005,757,1000
2245.615007,590,1003
2245.620007,674,998
2245.625005,784,1001
2245.630005,627,1002
2245.635005,655,996
2245.640006,788,1003
2245.645006,748,998
2245.650006,620,1000
2245.655006,751,1001
2245.660005,747,1003
2245.665006,601,995
2245.670006,656,1000
2245.675006,785,994
2245.680005,643,999
2245.685006,634,1001
2245.690006,806,997
2245.695006,736,1001
2245.700006,605,999
2245.705007,742,1000
2245.710007,758,1000
2245.715006,585,1000
2245.720006,670,998
2245.725006,777,1000
2245.730006,649,1000
2245.735006,641,999
2245.740005,787,997
2245.745006,746,999
2245.750006,606,999
2245.755006,758,1000
2245.760005,749,999
2245.765006,607,995
2245.770006,654,997
2245.775006,775,997
2245.780005,628,999
2245.785006,653,999
2245.790007,787,998
2245.795006,729,1001
2245.800006,604,998
2245.805005,769,998
2245.810006,753,1001
2245.815006,588,1000
2245.820006,665,999
2245.825006,779,999
2245.830006,632,1001
2245.835007,652,1001
2245.840006,795,998
2245.845005,742,993
2245.850006,611,999
2245.855006,745,1001
2245.860006,762,998
2245.865006,594,1001
2245.870005,670,996
2245.875005,782,1000
2245.880005,634,996
2245.885005,652,1001
2245.890006,787,998
2245.895006,731,997
2245.900007,601,1002
2245.905007,763,999
2245.910005,749,996
2245.915007,601,1002
2245.920006,652,1000
2245.925005,789,1001
2245.930006,636,1002
2245.935006,628,1001
2245.940006,783,1003
2245.945005,738,1002
2245.950006,608,1003
2245.955006,760,999
2245.960006,746,1003
2245.965006,609,994
2245.970006,655,1002
2245.975007,776,1000
2245.980007,639,1002
2245.985005,643,1000
2245.990006,787,1002
2245.995006,747,1000
2246.000007,617,1002
2246.005006,752,1001
2246.010005,744,1003
2246.015006,606,998
2246.020006,652,1001
2246.025006,771,1003
2246.030005,640,1001
2246.035006,630,1003
2246.040006,798,1002
2246.045007,743,1001
2246.050006,612,1001
2246.055005,747,1000
2246.060007,766,1000
2246.065007,588,1001
2246.070006,666,1001
2246.075006,781,1000
2246.080006,645,993
2246.085007,637,1002
2246.090007,794,995
2246.095006,739,1002
2246.100006,619,998
2246.105007,757,1002
2246.110006,747,999
2246.115006,603,998
2246.120006,660,1000
2246.125006,774,1005
2246.130006,645,997
2246.135005,648,1004
2246.140006,790,1004
2246.145006,748,998
2246.150006,613,1002
2246.155006,742,1003
2246.160006,742,1001
2246.165006,596,1001
2246.170006,658,994
2246.175006,780,1002
2246.180005,625,1003
2246.185006,645,1000
2246.190006,787,1002
2246.195007,746,1000
2246.200007,601,1003
2246.205007,738,1004
2246.210007,747,997
2246.215007,606,1001
2246.220005,657,999
2246.225006,781,1001
2246.230007,625,1004
2246.235007,647,1000
2246.240006,795,1001
2246.245006,725,1004
2246.250006,623,996
2246.255006,754,1000
2246.260005,753,1001
2246.265007,603,993
2246.270006,659,1002
2246.275006,779,1002
2246.280006,630,1000
2246.285005,644,993
2246.290007,793,1001
2246.295006,745,999
2246.300006,612,1000
2246.305007,742,1003
2246.310006,758,1000
2246.315006,596,1001
2246.320007,671,997
2246.325006,781,1001
2246.330007,649,999
2246.335007,639,1002
2246.340006,785,1002
2246.345006,742,993
2246.350007,622,1001
2246.355006,750,1002
2246.360005,762,1001
2246.365006,597,1001
2246.370006,656,1002
2246.375007,780,1000
2246.380006,650,999
2246.385006,650,1000
2246.390006,796,1000
2246.395006,732,1001
2246.400006,607,1002
2246.405005,745,1003
2246.410006,742,1003
2246.415006,597,993
2246.420006,664,1002
2246.425006,774,999
2246.430006,651,998
2246.435007,635,1002
2246.440006,785,1004
2246.445005,747,1001
2246.450007,602,1002
2246.455007,754,993
2246.460006,762,1001
2246.465005,599,999
2246.470006,651,999
2246.475007,777,996
2246.480006,649,1002
2246.485005,635,1003
2246.490006,787,1000
2246.495006,752,997
2246.500006,613,1002
2246.505006,750,999
2246.510005,745,1003
2246.515006,585,1001
2246.520007,658,1003
2246.525006,777,1002
2246.530007,631,1002
2246.535007,651,996
2246.540006,801,1001
2246.545006,729,1002
2246.550005,621,1000
2246.555006,751,1001
2246.560006,745,1004
2246.565006,606,1001
2246.570006,651,1003
2246.575006,795,998
2246.580006,625,1001
2246.585007,651,1001
2246.590006,793,1002
2246.595006,725,1003
2246.600006,605,1001
2246.605007,766,997
2246.610006,749,1000
2246.615006,585,1004
2246.620005,662,1002
2246.625007,779,1002
2246.630006,629,1000
2246.635006,650,1003
2246.640005,787,1003
2246.645007,752,999
2246.650007,608,1001
2246.655005,765,997
2246.660006,741,1002
2246.665007,599,999
2246.670006,658,1000
2246.675005,778,1002
2246.680006,637,995
2246.685006,649,999
2246.690007,787,1001
2246.695006,737,1000
2246.700006,601,1000
2246.705007,755,993
2246.710006,764,1000
2246.715005,593,1001
2246.720007,662,993
2246.725005,783,1001
2246.730006,629,1001
2246.735005,654,1000
2246.740007,794,1000
2246.745005,732,1000
2246.750006,607,993
2246.755006,753,1001
2246.760005,751,1002
2246.765006,589,1000
2246.770006,671,1001
2246.775006,780,1002
2246.780006,653,995
2246.785005,642,1000
2246.790007,788,1002
2246.795005,750,998
2246.800005,610,1000
2246.805006,765,1001
2246.810006,748,997
2246.815006,604,999
2246.820005,648,1001
2246.825007,787,1000
2246.830006,635,1001
2246.835006,634,1002
2246.840006,805,1000
2246.845006,733,1002
2246.850006,603,998
2246.855006,759,1002
2246.860005,750,997
2246.865007,606,1000
2246.870005,658,1003
2246.875006,774,1001
2246.880007,651,1002
2246.885006,640,1000
2246.890006,808,997
2246.895007,747,1000
2246.900006,608,1001
2246.905007,765,1001
2246.910006,749,1003
2246.915006,589,1001
2246.920006,677,998
2246.925007,787,1002
2246.930006,633,1001
2246.935007,650,1003
2246.940007,795,1003
2246.945006,735,1001
2246.950005,626,1000
2246.955006,760,1001
2246.960006,748,1003
2246.965006,607,1001
2246.970005,664,1001
2246.975006,775,1005
2246.980007,644,1002
2246.985007,656,1001
2246.990006,793,1002
2246.995005,750,1002
2247.000006,608,1004
2247.005006,761,994
2247.010006,753,1001
2247.015006,609,1001
2247.020006,656,1002
2247.025006,792,1002
2247.030006,642,1001
2247.035006,639,1002
2247.040007,805,1001
2247.045007,739,1000
2247.050006,625,1003
2247.055006,757,1002
2247.060005,747,1002
2247.065006,613,1001
2247.070006,654,1004
2247.075005,792,1002
2247.080006,634,1003
2247.085006,637,1001
2247.090006,806,999
2247.095006,731,1003
2247.100007,622,1002
2247.105006,748,1001
2247.110006,769,1002
2247.115006,590,1004
2247.120006,671,1000
2247.125006,779,1000
2247.130006,652,998
2247.135006,642,1002
2247.140005,787,1002
2247.145006,741,1001
2247.150006,608,1004
2247.155005,766,1000
2247.160006,758,1004
2247.165006,593,1001
2247.170006,652,1003
2247.175005,793,998
2247.180006,642,1001
2247.185006,659,997
2247.190006,801,999
2247.195005,731,1003
2247.200007,623,1001
2247.205007,747,1004
2247.210006,746,1003
2247.215006,602,1001
2247.220006,653,1001
2247.225006,797,998
2247.230006,645,1001
2247.235006,631,1003
2247.240005,806,990
2247.245006,740,1001
2247.250006,611,999
2247.255007,747,1001
2247.260005,746,1001
2247.265006,591,1000
2247.270005,645,1002
2247.275005,785,1001
2247.280005,634,1003
2247.285006,633,1000
2247.290006,805,1002
2247.295007,738,1001
2247.300006,605,1000
2247.305006,744,1001
2247.310005,744,1003
2247.315006,603,1001
2247.320006,661,1001
2247.325005,772,1001
2247.330006,648,1000
2247.335007,632,1001
2247.340006,784,1002
2247.345006,738,1001
2247.350006,602,1002
2247.355006,757,1002
2247.360006,754,1000
2247.365005,586,1001
2247.370005,667,999
2247.375006,773,1004
2247.380006,645,998
2247.385005,635,1000
2247.390005,783,1002
2247.395006,751,994
2247.400007,611,1003
2247.405006,744,1000
2247.410006,748,998
2247.415006,600,1002
2247.420005,648,1002
2247.425005,780,993
2247.430007,647,1001
2247.435006,632,1001
2247.440006,809,996
2247.445006,734,1000
2247.450006,602,1000
2247.455007,756,1000
2247.460007,751,1002
2247.465006,604,997
2247.470006,659,1002
2247.475007,776,1003
2247.480006,652,1000
2247.485005,632,1001
2247.490006,803,1002
2247.495006,732,1001
2247.500007,622,1001
2247.505007,744,999
2247.510006,762,1001
2247.515005,593,1001
2247.520006,668,1001
2247.525006,782,1004
2247.530006,628,1003
2247.535005,639,999
2247.540006,800,996
2247.545006,738,1002
2247.550005,601,1001
2247.555006,755,1002
2247.560006,750,1003
2247.565006,610,1000
2247.570005,650,1003
2247.575006,789,1002
2247.580006,637,1003
2247.585006,629,1004
2247.590006,802,1001
2247.595006,734,1002
2247.600006,602,1001
2247.605007,760,1002
2247.610005,747,1003
2247.615006,586,1003
2247.620005,674,994
2247.625006,792,1001
2247.630007,632,1002
2247.635006,653,999
2247.640006,784,1003
2247.645006,741,1000
2247.650006,600,1003
2247.655006,753,1002
2247.660005,765,1002
2247.665006,595,1003
2247.670006,663,994
2247.675005,783,999
2247.680006,631,1003
2247.685007,646,999
2247.690005,798,1002
2247.695005,729,1003
2247.700006,621,999
2247.705007,747,1002
2247.710006,741,1004
2247.715005,609,998
2247.720006,654,1000
2247.725006,779,1001
2247.730006,628,1004
2247.735006,644,1002
2247.740005,788,1001
2247.745007,742,1002
2247.750006,612,1000
2247.755006,745,1001
2247.760006,765,1000
2247.765006,601,1001
2247.770006,650,1004
2247.775006,794,1001
2247.780006,640,1003
2247.785006,629,1004
2247.790006,800,1000
2247.795006,739,1001
2247.800005,598,1001
2247.805006,738,1002
2247.810007,754,1002
2247.815006,586,1002
2247.820005,649,1000
2247.825006,773,1000
2247.830006,645,1003
2247.835006,639,1001
2247.840005,801,1001
2247.845006,731,1001
2247.850007,620,1001
2247.855005,753,999
2247.860006,746,1005
2247.865005,592,1000
2247.870007,672,1000
2247.875005,777,1002
2247.880006,652,997
2247.885006,652,1001
2247.890005,794,1003
2247.895007,728,1002
2247.900007,616,1001
2247.905007,749,1001
2247.910006,749,1000
2247.915007,607,1002
2247.920007,658,1001
2247.925006,781,1001
2247.930006,638,1003
2247.935006,656,1002
2247.940006,797,1000
2247.945005,750,996
2247.950006,622,1002
2247.955006,742,1003
2247.960006,761,1002
2247.965005,592,1003
2247.970006,674,1000
2247.975007,783,1002
2247.980006,656,1000
2247.985006,642,1002
2247.990005,790,1000
2247.995006,752,1001
2248.000006,611,1002
2248.005005,744,1000
2248.010005,757,1002
2248.015006,610,1000
2248.020006,653,1002
2248.025006,775,1003
2248.030006,649,999
2248.035006,644,1003
2248.040006,788,1003
2248.045006,745,999
2248.050005,606,1002
2248.055007,759,1001
2248.060005,757,1001
2248.065005,609,997
2248.070005,666,1002
2248.075006,778,1003
2248.080006,637,1003
2248.085007,641,994
2248.090007,810,1002
2248.095006,729,1003
2248.100006,619,1000
2248.105007,750,1002
2248.110006,753,999
2248.115005,598,1002
2248.120006,655,1001
2248.125007,777,1001
2248.130007,653,1001
2248.135006,632,1004
2248.140006,807,1001
2248.145006,732,1001
2248.150006,619,997
2248.155006,752,1001
2248.160005,747,1004
2248.165006,603,1002
2248.170005,651,1004
2248.175005,793,1003
2248.180006,632,1005
2248.185007,650,998
2248.190006,797,1002
2248.195005,741,993
2248.200006,617,1002
2248.205006,753,999
2248.210007,756,1002
2248.215007,590,1003
2248.220006,673,1001
2248.225007,793,1003
2248.230006,652,1000
2248.235007,642,1000
2248.240006,788,1001
2248.245006,748,1002
2248.250006,611,1002
2248.255006,747,1001
2248.260005,769,1000
2248.265006,599,1000
2248.270006,655,1002
2248.275006,793,1001
2248.280006,650,1001
2248.285006,634,1002
2248.290006,805,999
2248.295006,731,1004
2248.300005,626,1000
2248.305006,757,1003
2248.310006,747,1004
2248.315006,591,999
2248.320006,662,1002
2248.325005,782,1002
2248.330007,653,1001
2248.335007,651,1001
2248.340007,792,1003
2248.345006,750,1001
2248.350006,611,1002
2248.355007,759,1000
2248.360007,757,1002
2248.365006,607,999
2248.370005,657,998
2248.375006,792,993
2248.380006,650,1002
2248.385006,637,1002
2248.390005,787,1002
2248.395007,750,1001
2248.400006,606,1003
2248.405006,758,1000
2248.410005,745,1004
2248.415006,601,1001
2248.420006,651,1001
2248.425006,795,997
2248.430006,638,1000
2248.435006,650,996
2248.440006,802,1000
2248.445005,731,1003
2248.450006,604,1002
2248.455006,758,1002
2248.460006,754,997
2248.465006,595,999
2248.470006,661,992
2248.475006,790,1003
2248.480005,635,1002
2248.485005,648,1002
2248.490006,791,1002
2248.495007,735,998
2248.500005,619,999
2248.505005,743,1002
2248.510006,769,1002
2248.515005,601,1001
2248.520006,651,1002
2248.525006,793,1002
2248.530007,653,1001
2248.535005,644,1002
2248.540006,798,1002
2248.545006,753,999
2248.550006,609,1000
2248.555005,745,1000
2248.560006,752,1003
2248.565006,606,999
2248.570006,657,1001
2248.575005,784,996
2248.580006,658,1000
2248.585006,649,1000
2248.590006,791,1001
2248.595006,732,999
2248.600006,616,1001
2248.605006,744,1002
2248.610006,747,1001
2248.615005,600,1000
2248.620006,665,1001
2248.625006,792,995
2248.630007,646,1000
2248.635006,646,1001
2248.640005,804,1001
2248.645007,733,1001
2248.650006,604,1003
2248.655006,749,998
2248.660005,759,1002
2248.665006,611,1000
2248.670007,659,1003
2248.675007,779,1004
2248.680006,637,1004
2248.685006,656,1001
2248.690006,803,1004
2248.695005,738,1002
2248.700006,619,994
2248.705006,759,1001
2248.710007,747,1002
2248.715007,602,1001
2248.720005,662,994
2248.725006,792,997
2248.730006,650,1002
2248.735007,631,1002
2248.740006,798,1001
2248.745006,741,1003
2248.750007,604,1003
2248.755006,754,993
2248.760005,766,1000
2248.765007,597,1001
2248.770006,649,1004
2248.775006,796,998
2248.780005,652,998
2248.785007,637,1001
2248.790005,787,1004
2248.795006,742,995
2248.800005,611,1001
2248.805007,748,1003
2248.810005,748,1003
2248.815005,601,997
2248.820006,660,1001
2248.825005,779,1001
2248.830007,631,1004
2248.835006,645,1003
2248.840006,787,1003
2248.845005,739,993
2248.850006,624,997
2248.855006,754,1001
2248.860005,752,1003
2248.865007,585,1005
2248.870006,666,1002
2248.875006,774,1000
2248.880006,648,1002
2248.885006,652,1000
2248.890006,799,1001
2248.895006,732,1002
2248.900007,622,997
2248.905007,745,1003
2248.910006,747,1002
2248.915006,587,1002
2248.920006,667,999
2248.925006,780,1000
2248.930005,639,1001
2248.935006,654,996
2248.940006,794,1000
2248.945006,727,1002
2248.950005,620,1001
2248.955007,738,1003
2248.960007,765,1003
2248.965006,596,1000
2248.970006,649,1001
2248.975007,792,1000
2248.980005,636,1001
2248.985005,629,1001
2248.990006,801,999
2248.995005,737,1000
2249.000006,600,1000
2249.005006,750,1003
2249.010005,769,999
2249.015006,599,999
2249.020007,650,1000
2249.025005,793,997
2249.030005,640,1001
2249.035006,647,996
2249.040006,795,1000
2249.045006,734,1001
2249.050005,620,997
2249.055007,748,1001
2249.060006,750,1000
2249.065007,591,995
2249.070006,666,1001
2249.075005,780,1001
2249.080007,659,995
2249.085006,640,1000
2249.090005,790,1001
2249.095006,739,993
2249.100006,616,1001
2249.105006,748,1001
2249.110007,746,1002
2249.115007,605,1000
2249.120005,647,1002
2249.125006,795,1000
2249.130006,641,1002
2249.135006,648,1002
2249.140005,793,1001
2249.145007,730,1001
2249.150006,603,1003
2249.155005,752,1002
2249.160006,749,998
2249.165007,604,1001
2249.170007,651,1003
2249.175006,792,998
2249.180006,659,999
2249.185007,655,998
2249.190006,792,999
2249.195006,736,1002
2249.200005,622,999
2249.205006,746,1001
2249.210006,768,998
2249.215005,595,1003
2249.220006,663,999
2249.225006,782,1000
2249.230007,651,996
2249.235006,629,1001
2249.240006,799,993
2249.245005,749,1000
2249.250006,605,1000
2249.255006,740,1001
2249.260005,768,996
2249.265007,594,1002
2249.270006,652,1002
2249.275006,778,1001
2249.280005,657,999
2249.285007,628,1005
2249.290005,802,997
2249.295005,739,1001
2249.300005,598,1001
2249.305006,733,1004
2249.310006,762,1002
2249.315007,593,1000
2249.320007,661,995
2249.325006,790,1002
2249.330006,636,1002
2249.335006,644,1001
2249.340006,797,1001
2249.345006,729,1002
2249.350006,620,1001
2249.355006,739,1002
2249.360006,746,1002
2249.365006,603,1002
2249.370006,651,1003
2249.375007,770,1002
2249.380006,657,1000
2249.385006,634,1001
2249.390005,782,1003
2249.395007,737,1003
2249.400006,603,1002
2249.405006,760,1001
2249.410006,746,1004
2249.415006,604,1001
2249.420006,649,1003
2249.425005,793,998
2249.430006,660,999
2249.435006,626,1002
2249.440006,794,1001
2249.445005,726,1005
2249.450006,616,993
2249.455006,745,1001
2249.460007,748,1001
2249.465007,606,1000
2249.470005,651,1002
2249.475007,791,995
2249.480006,645,999
2249.485005,627,1001
2249.490006,799,1000
2249.495005,734,1001
2249.500005,601,1003
2249.505006,736,1002
2249.510006,763,1001
2249.515005,593,1002
2249.520006,670,996
2249.525007,782,1000
2249.530007,638,1003
2249.535005,632,998
2249.540007,797,1002
2249.545006,730,1003
2249.550006,617,1000
2249.555006,741,999
2249.560007,768,1000
2249.565007,599,1002
2249.570006,654,1000
2249.575007,775,1003
2249.580005,655,999
2249.585005,637,1001
2249.590005,787,1000
2249.595007,750,1001
2249.600006,610,1001
2249.605007,739,999
2249.610005,750,1002
2249.615006,602,994
2249.620005,658,1000
2249.625006,788,1003
2249.630006,644,999
2249.635007,653,996
2249.640005,799,992
2249.645006,742,997
2249.650006,602,1001
2249.655006,741,1000
2249.660005,761,999
2249.665007,589,1001
2249.670006,647,1001
2249.675005,795,999
2249.680006,652,997
2249.685006,635,1001
2249.690006,792,998
2249.695006,730,1002
2249.700005,616,1000
2249.705006,741,999
2249.710006,745,997
2249.715006,600,1001
2249.720005,650,1000
2249.725006,791,1001
2249.730006,647,1000
2249.735006,627,1000
2249.740006,798,1002
2249.745006,730,996
2249.750006,612,1000
2249.755006,736,1003
2249.760005,746,1004
2249.765007,599,1001
2249.770005,646,1001
2249.775005,792,1000
2249.780006,645,999
2249.785006,644,996
2249.790007,792,1001
2249.795006,736,1000
2249.800005,594,1002
2249.805005,742,1002
2249.810006,746,1002
2249.815006,597,1002
2249.820007,667,997
2249.825005,788,1002
2249.830007,641,1002
2249.835007,646,1002
2249.840006,784,1002
2249.845006,746,999
2249.850006,608,1002
2249.855006,741,1002
2249.860005,747,1002
2249.865006,604,1000
2249.870005,645,1005
2249.875006,790,1002
2249.880007,655,995
2249.885007,635,1001
2249.890006,783,1001
2249.895006,744,1003
2249.900007,610,1003
2249.905006,733,1002
2249.910007,768,998
2249.915006,593,1002
2249.920007,652,1002
2249.925006,776,1000
2249.930005,657,1002
2249.935006,633,1001
2249.940006,783,1003
2249.945006,748,1002
2249.950005,602,1000
2249.955006,749,1003
2249.960006,751,1000
2249.965005,601,996
2249.970006,659,1002
2249.975006,788,1000
2249.980006,641,1004
2249.985005,642,1000
2249.990006,798,1002
2249.995006,733,1002
2250.000006,608,1004
2250.005006,740,995
2250.010006,758,1001
2250.015006,584,1001
2250.020006,659,1001
2250.025006,785,998
2250.030005,639,1001
2250.035007,649,1004
2250.040006,795,1000
2250.045006,736,1001
2250.050006,617,1002
2250.055006,732,1001
2250.060006,762,997
2250.065007,606,996
2250.070007,661,1004
2250.075006,782,1003
2250.080006,635,1001
2250.085006,646,1001
2250.090005,782,1003
2250.095006,733,1003
2250.100006,615,1000
2250.105006,747,999
2250.110005,763,1001
2250.115007,601,1003
2250.120006,656,1002
2250.125007,783,1002
2250.130006,649,1003
2250.135005,635,1002
2250.140005,783,1002
2250.145006,754,998
2250.150007,614,1000
2250.155007,745,1000
2250.160006,767,1000
2250.165006,587,1003
2250.170005,642,1002
2250.175005,794,1000
2250.180006,648,1002
2250.185006,643,995
2250.190007,787,1004
2250.195005,732,1003
2250.200007,622,998
2250.205005,741,999
2250.210005,749,1003
2250.215005,609,1002
2250.220006,650,1002
2250.225007,798,998
2250.230007,653,999
2250.235007,633,1002
2250.240006,783,1003
2250.245005,744,1000
2250.250006,606,999
2250.255006,737,1000
2250.260005,750,1002
2250.265006,584,1000
2250.270006,653,1003
2250.275005,783,1001
2250.280005,639,1003
2250.285006,646,1001
2250.290007,788,1001
2250.295007,729,1003
2250.300007,615,996
2250.305007,740,999
2250.310006,745,1003
2250.315006,610,998
2250.320005,655,1001
2250.325007,778,996
2250.330006,651,1001
2250.335006,624,1003
2250.340007,800,997
2250.345006,735,1000
2250.350006,599,1001
2250.355006,751,997
2250.360006,767,1001
2250.365005,597,1001
2250.370006,663,1000
2250.375006,780,1000
2250.380007,660,1000
2250.385007,642,1000
2250.390005,789,1000
2250.395005,730,1001
2250.400005,613,999
2250.405006,735,1000
2250.410005,752,1001
2250.415006,614,1000
2250.420006,655,1000
2250.425005,788,999
2250.430007,657,999
2250.435005,638,1000
2250.440006,808,995
2250.445006,740,1002
2250.450006,627,998
2250.455006,741,1000
2250.460006,771,994
2250.465006,602,998
2250.470006,656,996
2250.475006,787,998
2250.480006,649,1001
2250.485005,645,998
2250.490006,785,1004
2250.495005,742,999
2250.500006,601,1000
2250.505006,747,1000
2250.510006,769,996
2250.515005,603,999
2250.520006,651,1001
2250.525006,795,999
2250.530006,650,1001
2250.535005,656,997
2250.540007,789,1000
2250.545007,753,996
2250.550006,609,1000
2250.555005,731,1001
2250.560006,765,1000
2250.565006,596,1001
2250.570006,666,998
2250.575005,788,1000
2250.580006,645,1003
2250.585006,645,1002
2250.590006,792,1000
2250.595006,754,994
2250.600006,606,1002
2250.605007,752,997
2250.610006,763,1000
2250.615006,594,1001
2250.620006,645,1000
2250.625007,789,1002
2250.630006,656,1004
2250.635006,633,997
2250.640006,810,999
2250.645006,745,1000
2250.650006,604,1004
2250.655005,733,1004
2250.660006,769,999
2250.665007,598,1003
2250.670006,668,998
2250.675006,797,1001
2250.680006,656,1003
2250.685006,644,1003
2250.690006,790,1002
2250.695006,733,1003
2250.700005,617,997
2250.705006,743,1002
2250.710006,752,1003
2250.715006,607,1002
2250.720005,671,998
2250.725006,783,1000
2250.730007,668,1001
2250.735006,639,1002
2250.740006,794,1003
2250.745005,734,1001
2250.750006,624,1001
2250.755006,745,1001
2250.760006,770,998
2250.765006,604,1003
2250.770006,660,1001
2250.775006,780,1002
2250.780006,673,1001
2250.785006,642,1002
2250.790006,788,1003
2250.795006,746,1001
2250.800005,606,1003
2250.805006,738,1002
2250.810007,776,998
2250.815006,596,1002
2250.820005,667,998
2250.825007,798,1002
2250.830006,657,1002
2250.835006,633,1004
2250.840005,798,1001
2250.845007,735,1004
2250.850006,625,1002
2250.855005,737,1003
2250.860006,770,994
2250.865005,608,1003
2250.870006,656,1002
2250.875006,782,1002
2250.880007,659,996
2250.885007,640,1003
2250.890005,787,1003
2250.895006,756,999
2250.900005,616,993
2250.905005,743,1002
2250.910006,772,995
2250.915007,609,1000
2250.920007,651,1001
2250.925006,780,1002
2250.930005,668,999
2250.935006,633,999
2250.940007,785,1003
2250.945005,734,1001
2250.950007,624,999
2250.955005,745,1001
2250.960006,756,1001
2250.965006,611,1000
2250.970005,659,1000
2250.975006,786,1002
2250.980006,655,1001
2250.985006,653,997
2250.990006,800,1002
2250.995006,740,1001
2251.000006,598,1002
2251.005006,745,997
2251.010005,759,1002
2251.015006,591,1003
2251.020007,670,999
2251.025006,783,1003
2251.030005,654,1001
2251.035006,646,1003
2251.040006,801,1001
2251.045007,733,1003
2251.050006,611,1002
2251.055005,739,1001
2251.060006,753,1002
2251.065005,585,1003
2251.070005,667,1000
2251.075006,782,1001
2251.080005,663,1000
2251.085005,626,1003
2251.090005,794,1002
2251.095006,740,993
2251.100006,614,1001
2251.105006,725,1002
2251.110005,774,998
2251.115007,599,1003
2251.120006,643,1005
2251.125005,797,1001
2251.130005,658,1003
2251.135006,629,1002
2251.140005,805,1000
2251.145006,733,1000
2251.150006,618,1000
2251.155006,735,1000
2251.160006,760,993
2251.165006,591,1000
2251.170006,666,998
2251.175006,793,998
2251.180006,643,1004
2251.185007,646,1001
2251.190006,789,1001
2251.195006,737,1003
2251.200005,602,1003
2251.205006,738,994
2251.210006,762,1001
2251.215006,592,1000
2251.220005,646,1002
2251.225007,801,998
2251.230006,659,1001
2251.235006,622,998
2251.240005,787,1000
2251.245006,730,1002
2251.250007,609,1000
2251.255005,733,1000
2251.260006,752,1002
2251.265006,606,1000
2251.270006,649,999
2251.275007,794,995
2251.280007,656,1000
2251.285005,624,1002
2251.290006,796,1000
2251.295005,730,1000
2251.300006,613,1001
2251.305005,733,1001
2251.310007,754,1003
2251.315007,609,1000
2251.320007,656,998
2251.325005,782,999
2251.330006,647,1004
2251.335006,622,1002
2251.340005,802,999
2251.345006,741,1001
2251.350006,594,997
2251.355007,739,998
2251.360007,757,1001
2251.365007,605,998
2251.370005,663,1000
2251.375006,781,1002
2251.380006,669,1002
2251.385005,629,1004
2251.390007,803,999
2251.395007,739,1003
2251.400006,618,1001
2251.405005,731,1000
2251.410007,750,1004
2251.415005,596,999
2251.420005,656,999
2251.425005,803,998
2251.430006,656,1001
2251.435006,625,1005
2251.440006,802,1001
2251.445006,736,1003
2251.450006,597,1001
2251.455006,739,1000
2251.460005,757,1001
2251.465005,592,999
2251.470006,650,1001
2251.475007,798,997
2251.480007,655,1003
2251.485006,628,997
2251.490005,787,1003
2251.495006,731,1002
2251.500006,610,1001
2251.505006,730,1000
2251.510006,772,1000
2251.515006,609,1002
2251.520007,654,1002
2251.525006,794,1002
2251.530006,646,1005
2251.535005,636,1002
2251.540007,785,1002
2251.545006,748,998
2251.550006,597,1003
2251.555006,717,1003
2251.560007,755,1001
2251.565006,593,995
2251.570006,665,996
2251.575005,785,1001
2251.580007,650,1004
2251.585006,644,1000
2251.590006,792,1001
2251.595005,733,1002
2251.600006,619,995
2251.605006,738,1001
2251.610006,747,1002
2251.615005,606,1001
2251.620007,651,1002
2251.625007,773,1003
2251.630006,665,999
2251.635005,628,1002
2251.640007,784,1001
2251.645006,749,1001
2251.650006,593,1003
2251.655005,720,1004
2251.660006,765,1002
2251.665006,586,1003
2251.670007,659,1003
2251.675006,780,997
2251.680005,662,1002
2251.685007,641,995
2251.690007,793,1002
2251.695006,728,1002
2251.700005,618,997
2251.705006,739,1001
2251.710006,762,1001
2251.715007,588,1003
2251.720007,663,1001
2251.725005,789,1001
2251.730005,653,1003
2251.735006,645,1002
2251.740006,799,1003
2251.745006,734,1000
2251.750007,613,996
2251.755006,736,995
2251.760006,760,1002
2251.765006,586,1006
2251.770006,662,996
2251.775006,789,1002
2251.780005,656,1001
2251.785006,630,994
2251.790006,796,1000
2251.795006,739,1003
2251.800006,596,1002
2251.805006,719,1002
2251.810007,769,999
2251.815006,589,1001
2251.820005,662,1001
2251.825007,786,1003
2251.830007,664,995
2251.835006,638,1002
2251.840006,792,1001
2251.845005,729,1002
2251.850006,619,996
2251.855006,722,1003
2251.860006,771,1001
2251.865006,591,1001
2251.870005,664,1000
2251.875006,790,1000
2251.880006,663,1000
2251.885006,623,1000
2251.890006,798,1002
2251.895007,745,1001
2251.900006,601,998
2251.905006,720,1002
2251.910006,771,1000
2251.915006,602,1000
2251.920005,661,994
2251.925005,787,998
2251.930006,654,1000
2251.935007,640,1002
2251.940007,782,999
2251.945006,746,999
2251.950006,601,1001
2251.955006,740,1000
2251.960006,760,998
2251.965005,592,1000
2251.970006,644,1003
2251.975006,778,1003
2251.980006,671,1000
2251.985005,633,1000
2251.990006,798,994
2251.995006,741,1001
2252.000006,598,1001
2252.005006,717,1000
2252.010005,764,1001
2252.015006,592,1000
2252.020005,646,1002
2252.025005,799,999
2252.030005,666,1001
2252.035006,646,996
2252.040007,790,1001
2252.045007,748,998
2252.050006,611,1001
2252.055006,720,1001
2252.060006,770,996
2252.065006,606,1000
2252.070005,659,997
2252.075006,792,998
2252.080006,661,1001
2252.085006,622,1003
2252.090006,802,1000
2252.095006,739,999
2252.100006,594,1001
2252.105006,735,1001
2252.110006,757,1000
2252.115005,594,1003
2252.120007,658,1002
2252.125005,783,1001
2252.130005,657,999
2252.135006,623,1001
2252.140006,799,1000
2252.145006,744,1001
2252.150006,610,995
2252.155005,727,1001
2252.160006,757,1001
2252.165006,607,1000
2252.170007,642,1004
2252.175006,794,1001
2252.180005,662,1002
2252.185006,640,1000
2252.190006,792,1002
2252.195006,732,1002
2252.200005,592,1002
2252.205006,733,1001
2252.210006,754,1000
2252.215006,588,1004
2252.220006,663,1000
2252.225006,792,1001
2252.230007,660,1000
2252.235007,622,1006
2252.240006,798,1002
2252.245006,740,999
2252.250006,609,1001
2252.255006,733,1001
2252.260007,758,1001
2252.265005,593,1003
2252.270005,668,997
2252.275005,792,1002
2252.280005,665,1000
2252.285006,623,1004
2252.290005,804,998
2252.295006,742,1004
2252.300005,594,1003
2252.305006,735,998
2252.310006,769,1000
2252.315006,606,999
2252.320006,651,1002
2252.325006,778,1004
2252.330006,655,1004
2252.335006,640,995
2252.340006,798,1001
2252.345006,740,1001
2252.350007,598,996
2252.355007,735,1000
2252.360006,760,1003
2252.365006,594,1001
2252.370007,664,1001
2252.375006,783,1001
2252.380006,655,1005
2252.385006,638,1002
2252.390005,786,999
2252.395006,730,999
2252.400006,611,1001
2252.405006,714,1002
2252.410006,775,1001
2252.415006,597,1003
2252.420006,642,1002
2252.425006,796,996
2252.430005,670,1002
2252.435006,629,1001
2252.440006,795,997
2252.445005,738,1002
2252.450006,616,1001
2252.455006,722,1000
2252.460006,752,1003
2252.465006,609,1000
2252.470005,644,1002
2252.475007,796,999
2252.480006,661,1001
2252.485006,644,998
2252.490005,794,1001
2252.495006,737,999
2252.500006,597,1003
2252.505006,729,999
2252.510007,751,1002
2252.515005,606,999
2252.520007,645,1004
2252.525007,794,1002
2252.530006,666,1002
2252.535005,621,1001
2252.540006,796,1001
2252.545006,739,1001
2252.550005,599,1002
2252.555007,717,996
2252.560005,776,1000
2252.565006,605,1000
2252.570006,644,1001
2252.575005,795,1002
2252.580007,671,998
2252.585006,623,1003
2252.590005,798,997
2252.595006,743,1000
2252.600006,611,1000
2252.605006,724,1002
2252.610006,754,1003
2252.615005,589,1003
2252.620006,656,999
2252.625006,791,1000
2252.630006,656,1004
2252.635007,636,1001
2252.640006,797,998
2252.645006,744,1001
2252.650007,600,999
2252.655006,711,1004
2252.660005,755,1004
2252.665007,616,1000
2252.670006,651,1002
2252.675006,797,993
2252.680005,670,1002
2252.685006,624,1002
2252.690005,787,996
2252.695005,748,1000
2252.700006,594,1003
2252.705006,712,1003
2252.710006,766,999
2252.715006,598,1002
2252.720005,663,1001
2252.725006,783,1002
2252.730006,683,997
2252.735006,637,999
2252.740006,788,999
2252.745005,745,1001
2252.750007,594,1000
2252.755006,729,1001
2252.760006,764,1000
2252.765005,594,997
2252.770007,655,1001
2252.775006,793,1001
2252.780006,664,1003
2252.785005,633,1003
2252.790007,781,1002
2252.795006,754,1002
2252.800005,599,1003
2252.805007,719,1002
2252.810005,780,998
2252.815005,602,1000
2252.820006,644,1003
2252.825005,797,996
2252.830006,678,999
2252.835007,627,1002
2252.840006,778,1003
2252.845006,752,1001
2252.850006,598,1003
2252.855005,709,1002
2252.860006,771,1002
2252.865006,594,1001
2252.870006,662,994
2252.875007,797,1000
2252.880006,670,1000
2252.885005,643,1000
2252.890007,788,1001
2252.895005,732,1003
2252.900005,614,1000
2252.905006,722,1001
2252.910006,756,1001
2252.915006,606,1000
2252.920006,649,1001
2252.925005,781,1001
2252.930007,680,993
2252.935005,624,1005
2252.940005,780,1003
2252.945005,755,1000
2252.950006,603,1002
2252.955006,722,1001
2252.960006,755,1003
2252.965005,607,997
2252.970006,657,1000
2252.975006,777,1006
2252.980005,682,1001
2252.985005,625,1004
2252.990006,781,1001
2252.995006,753,1002
2253.000007,601,1001
2253.005007,726,996
2253.010006,773,999
2253.015005,599,999
2253.020007,650,994
2253.025006,793,1001
2253.030006,671,1002
2253.035005,623,1002
2253.040006,778,1002
2253.045006,754,1000
2253.050005,594,1001
2253.055006,710,1003
2253.060005,773,999
2253.065005,598,1003
2253.070006,644,1003
2253.075005,784,1002
2253.080006,683,999
2253.085007,626,1002
2253.090006,783,995
2253.095006,745,1004
2253.100006,608,1003
2253.105006,711,1003
2253.110005,755,1002
2253.115006,610,997
2253.120005,657,1000
2253.125007,781,1002
2253.130007,675,1000
2253.135005,625,1004
2253.140006,797,992
2253.145006,742,1002
2253.150006,595,1001
2253.155006,715,1001
2253.160005,760,1001
2253.165006,609,1001
2253.170007,660,999
2253.175006,800,1001
2253.180006,672,1002
2253.185006,641,1000
2253.190007,785,1002
2253.195006,749,997
2253.200005,601,1001
2253.205006,716,994
2253.210007,770,1002
2253.215006,598,1002
2253.220005,660,999
2253.225006,788,1000
2253.230006,665,1003
2253.235005,634,1002
2253.240006,784,1001
2253.245005,746,994
2253.250007,606,1000
2253.255006,711,1001
2253.260005,753,1004
2253.265006,599,992
2253.270007,658,1000
2253.275007,794,1001
2253.280006,670,1000
2253.285005,616,1003
2253.290006,798,1001
2253.295006,739,1000
2253.300006,614,999
2253.305005,709,1001
2253.310007,757,1000
2253.315007,604,1005
2253.320006,646,1000
2253.325005,793,994
2253.330007,680,1001
2253.335005,623,1003
2253.340005,795,998
2253.345006,737,1000
2253.350007,602,1003
2253.355006,724,998
2253.360006,759,1003
2253.365006,608,1002
2253.370005,637,1004
2253.375006,795,1000
2253.380007,666,1002
2253.385006,636,1001
2253.390005,779,1001
2253.395007,749,1003
2253.400006,592,1001
2253.405005,715,1001
2253.410006,759,1000
2253.415006,607,993
2253.420006,653,1001
2253.425005,788,1000
2253.430007,668,1000
2253.435005,636,1000
2253.440006,786,1002
2253.445005,740,1002
2253.450006,595,1000
2253.455006,711,1002
2253.460007,771,995
2253.465006,602,1000
2253.470006,638,1001
2253.475006,799,1001
2253.480006,672,1003
2253.485006,638,1000
2253.490006,788,1000
2253.495005,735,1001
2253.500006,612,1001
2253.505005,709,1001
2253.510005,758,1002
2253.515006,615,997
2253.520006,647,1001
2253.525007,781,1002
2253.530006,687,998
2253.535006,642,996
2253.540006,781,1001
2253.545006,747,993
2253.550005,605,1000
2253.555006,701,1000
2253.560006,767,1001
2253.565007,595,1003
2253.570006,659,997
2253.575006,784,1003
2253.580007,688,1001
2253.585007,631,1000
2253.590006,785,1000
2253.595006,732,1001
2253.600007,603,1001
2253.605006,702,1003
2253.610006,772,1001
2253.615005,593,1003
2253.620006,657,998
2253.625006,788,1002
2253.630006,672,1001
2253.635007,635,996
2253.640006,794,1002
2253.645006,736,1002
2253.650007,611,1002
2253.655006,704,1000
2253.660005,761,997
2253.665007,606,1001
2253.670005,641,1002
2253.675005,806,994
2253.680006,681,999
2253.685006,620,1002
2253.690006,777,1002
2253.695006,751,1000
2253.700005,594,1000
2253.705006,717,1002
2253.710006,761,1002
2253.715006,612,1000
2253.720005,644,1001
2253.725006,794,1001
2253.730006,673,1003
2253.735006,639,998
2253.740006,788,1000
2253.745006,742,1000
2253.750006,589,1002
2253.755006,715,1001
2253.760006,756,1001
2253.765006,613,1002
2253.770007,644,1003
2253.775006,802,998
2253.780005,685,1000
2253.785007,628,1001
2253.790005,776,1001
2253.795006,762,995
2253.800005,600,999
2253.805006,702,1001
2253.810005,772,1000
2253.815005,598,1003
2253.820005,654,999
2253.825007,786,1002
2253.830005,696,1001
2253.835005,630,1002
2253.840006,784,993
2253.845006,749,1001
2253.850006,596,1001
2253.855006,704,999
2253.860006,757,1002
2253.865006,612,1001
2253.870005,663,996
2253.875006,788,1002
2253.880006,679,1004
2253.885006,620,1002
2253.890005,790,998
2253.895007,754,1002
2253.900006,594,1002
2253.905006,700,999
2253.910006,779,998
2253.915006,601,1004
2253.920006,663,1002
2253.925006,797,1001
2253.930005,677,997
2253.935006,637,1001
2253.940006,778,1000
2253.945005,753,1001
2253.950006,590,1002
2253.955007,698,1002
2253.960007,756,1003
2253.965006,612,1002
2253.970006,642,1004
2253.975006,801,1002
2253.980006,685,1002
2253.985005,631,996
2253.990006,778,1002
2253.995005,736,1002
2254.000007,589,1002
2254.005006,712,1003
2254.010006,760,1004
2254.015005,612,1002
2254.020007,642,1003
2254.025006,784,1002
2254.030006,699,1003
2254.035006,625,998
2254.040006,773,1001
2254.045006,755,1002
2254.050005,601,1000
2254.055007,696,1003
2254.060006,777,998
2254.065006,604,1000
2254.070006,637,1002
2254.075005,791,1002
2254.080007,697,1000
2254.085006,627,999
2254.090006,776,1002
2254.095005,757,998
2254.100006,592,1000
2254.105007,713,1002
2254.110006,760,999
2254.115005,596,1002
2254.120006,660,998
2254.125006,788,1001
2254.130006,682,1001
2254.135005,633,998
2254.140006,792,998
2254.145007,739,1001
2254.150005,590,1004
2254.155005,713,999
2254.160006,776,1002
2254.165006,602,1001
2254.170007,650,994
2254.175006,794,998
2254.180006,688,1002
2254.185007,631,996
2254.190007,783,1001
2254.195006,743,1001
2254.200006,611,1002
2254.205006,708,1002
2254.210006,765,1002
2254.215005,599,1003
2254.220006,641,1003
2254.225007,799,1000
2254.230006,700,996
2254.235005,625,1001
2254.240006,775,1004
2254.245005,751,1001
2254.250007,593,1001
2254.255006,715,1000
2254.260006,768,998
2254.265005,597,1003
2254.270006,647,999
2254.275006,790,1003
2254.280005,691,999
2254.285006,621,995
2254.290005,785,1001
2254.295006,736,1003
2254.300005,612,996
2254.305006,695,1002
2254.310006,779,1000
2254.315006,607,1001
2254.320006,648,999
2254.325005,779,1002
2254.330007,694,1000
2254.335006,628,995
2254.340005,784,1002
2254.345007,737,1001
2254.350006,605,1001
2254.355006,694,1001
2254.360007,779,1002
2254.365006,604,1001
2254.370006,639,1000
2254.375006,800,1001
2254.380006,687,1002
2254.385006,630,1000
2254.390005,773,1002
2254.395006,750,998
2254.400006,589,1004
2254.405006,706,1002
2254.410005,771,1001
2254.415006,601,996
2254.420006,653,999
2254.425005,782,1003
2254.430006,683,1001
2254.435006,635,1000
2254.440006,784,1004
2254.445006,745,1000
2254.450006,590,1000
2254.455007,712,1000
2254.460006,767,1002
2254.465006,597,1003
2254.470005,662,1000
2254.475007,789,1003
2254.480006,709,1000
2254.485006,623,1000
2254.490006,790,996
2254.495005,749,1002
2254.500006,593,1003
2254.505006,704,995
2254.510005,774,1002
2254.515006,602,1004
2254.520006,636,1003
2254.525006,803,1000
2254.530005,694,1003
2254.535005,617,1001
2254.540006,788,1002
2254.545006,736,1003
2254.550006,610,1002
2254.555005,700,1003
2254.560007,764,1001
2254.565007,621,1002
2254.570006,649,1000
2254.575006,785,998
2254.580006,705,1000
2254.585006,613,1004
2254.590006,797,997
2254.595006,753,1003
2254.600006,587,1002
2254.605006,708,1001
2254.610005,759,1001
2254.615007,615,1002
2254.620005,636,1004
2254.625007,788,1004
2254.630006,685,997
2254.635006,627,1003
2254.640005,769,1003
2254.645006,749,1001
2254.650007,593,1001
2254.655005,704,1002
2254.660007,770,1002
2254.665006,601,1004
2254.670007,662,996
2254.675007,785,1002
2254.680005,708,1000
2254.685006,625,1002
2254.690006,779,1002
2254.695006,742,1004
2254.700005,606,1002
2254.705006,698,1002
2254.710007,763,1003
2254.715006,614,997
2254.720005,663,998
2254.725007,793,1003
2254.730006,698,1002
2254.735005,635,1003
2254.740006,773,1003
2254.745007,758,1002
2254.750005,595,1001
2254.755005,709,1002
2254.760005,764,1001
2254.765006,619,1000
2254.770006,643,1002
2254.775006,796,994
2254.780005,702,1002
2254.785006,629,1001
2254.790007,775,1003
2254.795006,762,998
2254.800006,605,1002
2254.805005,693,1003
2254.810006,781,1001
2254.815006,617,1002
2254.820006,649,1002
2254.825005,804,1003
2254.830006,709,995
2254.835005,627,1001
2254.840005,773,1003
2254.845006,765,997
2254.850007,601,1003
2254.855005,687,1002
2254.860005,786,999
2254.865006,609,1002
2254.870005,662,1000
2254.875006,796,1003
2254.880006,709,1002
2254.885006,625,1001
2254.890005,775,1003
2254.895007,743,1003
2254.900006,596,1001
2254.905005,694,997
2254.910007,778,1003
2254.915005,608,1004
2254.920006,662,1000
2254.925005,794,1002
2254.930006,715,1000
2254.935006,617,1005
2254.940007,797,995
2254.945006,751,999
2254.950006,595,1003
2254.955006,699,1001
2254.960007,778,1001
2254.965006,612,1005
2254.970006,638,1002
2254.975006,797,1002
2254.980006,698,1002
2254.985005,636,1001
2254.990006,785,1000
2254.995007,749,1002
2255.000005,589,1004
2255.005005,703,1000
2255.010005,767,1002
2255.015007,623,1002
2255.020005,646,1003
2255.025006,793,997
2255.030006,717,1002
2255.035006,615,1002
2255.040007,786,1002
2255.045007,744,1004
2255.050007,616,1000
2255.055005,696,1000
2255.060006,772,1002
2255.065006,609,999
2255.070006,653,1001
2255.075005,790,1001
2255.080006,714,1000
2255.085007,614,1004
2255.090007,788,1001
2255.095005,744,1003
2255.100006,617,995
2255.105005,688,1002
2255.110005,770,1001
2255.115006,609,1001
2255.120007,656,1000
2255.125006,789,999
2255.130007,717,1000
2255.135006,617,1003
2255.140006,790,1003
2255.145006,755,1001
2255.150005,607,1002
2255.155005,688,1003
2255.160006,792,998
2255.165007,616,1002
2255.170006,665,997
2255.175006,791,1002
2255.180005,720,1003
2255.185006,626,1003
2255.190006,774,1001
2255.195005,763,1000
2255.200007,605,1000
2255.205006,685,1002
2255.210007,767,999
2255.215005,626,1000
2255.220006,648,998
2255.225006,804,995
2255.230007,710,1002
2255.235006,622,1002
2255.240005,768,1004
2255.245006,759,994
2255.250006,597,1003
2255.255005,680,998
2255.260005,786,1002
2255.265006,612,1002
2255.270006,660,1001
2255.275006,797,1000
2255.280007,702,1000
2255.285006,633,999
2255.290006,781,1000
2255.295006,748,1000
2255.300006,601,993
2255.305005,688,1000
2255.310006,787,1002
2255.315007,608,1001
2255.320006,662,1000
2255.325005,798,1001
2255.330006,700,1004
2255.335006,633,1001
2255.340006,774,1002
2255.345006,765,999
2255.350007,601,1000
2255.355006,697,1002
2255.360006,765,1005
2255.365005,620,1002
2255.370006,641,1003
2255.375007,810,1000
2255.380007,709,1000
2255.385007,613,1004
2255.390006,768,1002
2255.395006,767,998
2255.400007,600,1003
2255.405006,700,1001
2255.410005,787,999
2255.415006,622,1000
2255.420006,647,1002
2255.425005,803,1000
2255.430006,713,994
2255.435006,626,1000
2255.440006,769,1002
2255.445005,742,1001
2255.450006,610,999
2255.455006,680,1003
2255.460006,784,993
2255.465005,618,1001
2255.470007,644,999
2255.475006,809,1000
2255.480007,720,998
2255.485006,630,1001
2255.490005,771,1001
2255.495006,741,1004
2255.500006,607,1001
2255.505006,689,999
2255.510007,771,1001
2255.515005,624,1001
2255.520006,642,1002
2255.525006,789,999
2255.530005,730,998
2255.535007,615,1002
2255.540006,787,1002
2255.545007,742,1003
2255.550006,608,1000
2255.555007,688,999
2255.560006,770,1003
2255.565006,610,1000
2255.570005,662,997
2255.575006,800,1002
2255.580006,715,1002
2255.585006,619,1001
2255.590005,763,1004
2255.595006,765,1000
2255.600006,597,1000
2255.605007,675,1001
2255.610007,768,1001
2255.615005,634,1000
2255.620007,653,1002
2255.625007,800,1001
2255.630006,710,1000
2255.635005,629,1001
2255.640007,781,1000
2255.645006,740,1003
2255.650006,611,998
2255.655006,681,1000
2255.660007,777,1000
2255.665005,627,1000
2255.670005,637,1000
2255.675005,802,1000
2255.680006,710,1001
2255.685006,613,997
2255.690007,779,1000
2255.695006,744,1002
2255.700005,606,1002
2255.705006,688,1001
2255.710006,778,1002
2255.715005,639,995
2255.720006,641,1001
2255.725006,806,1002
2255.730006,716,1002
2255.735006,615,1004
2255.740006,771,1003
2255.745006,744,1003
2255.750007,606,1002
2255.755007,678,1002
2255.760006,782,1001
2255.765006,624,1000
2255.770006,640,1003
2255.775006,809,1002
2255.780006,724,1000
2255.785005,623,1001
2255.790006,773,1000
2255.795006,746,1001
2255.800006,590,1003
2255.805005,680,999
2255.810007,770,1003
2255.815006,639,998
2255.820005,659,1001
2255.825006,795,1001
2255.830006,710,1002
2255.835005,633,999
2255.840006,781,1002
2255.845005,743,1004
2255.850007,590,1001
2255.855006,691,1001
2255.860006,793,1000
2255.865005,629,996
2255.870007,658,999
2255.875006,806,999
2255.880007,715,1002
2255.885006,610,1000
2255.890005,781,1000
2255.895006,748,1001
2255.900006,595,1003
2255.905006,692,1001
2255.910005,782,1003
2255.915007,621,1002
2255.920007,660,1000
2255.925006,799,1002
2255.930005,715,1000
2255.935006,608,1001
2255.940006,781,1001
2255.945006,747,1002
2255.950006,591,1002
2255.955006,688,1001
2255.960007,777,1003
2255.965006,617,1001
2255.970006,652,994
2255.975006,811,998
2255.980007,721,1001
2255.985006,608,998
2255.990005,780,1000
2255.995005,747,1000
2256.000006,589,1003
2256.005007,667,1002
2256.010007,792,998
2256.015007,634,998
2256.020005,642,1002
2256.025005,801,995
2256.030005,718,1002
2256.035006,615,1001
2256.040007,779,1000
2256.045005,750,1001
2256.050005,593,1000
2256.055006,664,1001
2256.060006,784,1001
2256.065007,618,1001
2256.070006,634,1005
2256.075006,802,1001
2256.080006,724,1000
2256.085006,607,1004
2256.090005,774,997
2256.095006,739,1005
2256.100006,602,1001
2256.105007,670,1002
2256.110006,776,1001
2256.115006,616,1003
2256.120006,645,1002
2256.125007,792,1002
2256.130007,712,1005
2256.135006,626,997
2256.140006,776,1002
2256.145006,759,1002
2256.150006,593,1002
2256.155005,682,1001
2256.160006,780,1001
2256.165006,622,1001
2256.170006,638,1002
2256.175005,789,1001
2256.180007,732,1001
2256.185007,616,1004
2256.190006,766,1000
2256.195006,763,1003
2256.200006,593,1002
2256.205007,691,1000
2256.210006,782,1002
2256.215005,627,1001
2256.220006,640,1002
2256.225006,811,1001
2256.230006,726,1002
2256.235006,613,1003
2256.240005,770,995
2256.245007,765,1002
2256.250006,610,1002
2256.255006,684,999
2256.260006,788,1000
2256.265005,633,1001
2256.270007,639,1001
2256.275006,788,1002
2256.280005,731,995
2256.285006,609,998
2256.290006,781,1000
2256.295006,751,1001
2256.300005,589,1003
2256.305005,679,1000
2256.310007,777,1001
2256.315007,617,1005
2256.320006,661,999
2256.325006,796,1003
2256.330006,718,998
2256.335005,621,1001
2256.340006,756,1002
2256.345006,757,999
2256.350007,589,1003
2256.355006,676,996
2256.360005,772,1003
2256.365006,636,1003
2256.370005,638,1003
2256.375007,802,1001
2256.380006,735,1001
2256.385006,613,1003
2256.390006,756,1002
2256.395006,771,997
2256.400007,607,1001
2256.405006,673,1000
2256.410006,778,1001
2256.415007,641,1003
2256.420006,645,1002
2256.425006,791,1002
2256.430006,742,998
2256.435005,624,1002
2256.440006,761,1003
2256.445005,745,1002
2256.450007,602,1003
2256.455006,664,1002
2256.460006,774,1002
2256.465005,642,1002
2256.470007,643,1003
2256.475006,787,1002
2256.480007,727,1002
2256.485006,632,1001
2256.490005,771,999
2256.495007,758,1003
2256.500005,588,1001
2256.505005,673,1002
2256.510006,781,1002
2256.515006,624,1005
2256.520007,639,1003
2256.525006,796,1003
2256.530005,744,998
2256.535006,617,1001
2256.540007,756,1002
2256.545006,750,1002
2256.550007,614,997
2256.555005,673,1001
2256.560006,779,1002
2256.565006,629,1001
2256.570006,637,1003
2256.575006,803,1001
2256.580007,724,1004
2256.585006,629,996
2256.590006,762,1002
2256.595005,747,1002
2256.600006,591,1002
2256.605006,666,994
2256.610006,790,1001
2256.615006,632,1003
2256.620005,653,998
2256.625006,805,1000
2256.630006,722,1002
2256.635006,624,1001
2256.640005,761,1000
2256.645006,745,1002
2256.650006,609,998
2256.655006,671,999
2256.660007,784,1002
2256.665005,632,1001
2256.670005,640,1000
2256.675005,784,1003
2256.680007,719,1002
2256.685006,621,1002
2256.690006,760,1001
2256.695006,746,1003
2256.700006,602,1001
2256.705007,673,1000
2256.710005,776,997
2256.715005,629,997
2256.720006,649,1001
2256.725005,788,1004
2256.730005,744,1002
2256.735006,617,1001
2256.740005,756,997
2256.745006,769,1002
2256.750007,596,1001
2256.755006,657,1004
2256.760006,789,1000
2256.765005,628,1002
2256.770006,660,998
2256.775006,797,1002
2256.780007,722,1004
2256.785005,620,1003
2256.790007,765,1002
2256.795007,755,1000
2256.800007,589,1002
2256.805005,677,1000
2256.810007,779,1001
2256.815007,627,1003
2256.820007,659,999
2256.825006,799,1003
2256.830006,736,1001
2256.835006,607,1001
2256.840006,771,1000
2256.845005,757,1002
2256.850006,605,1000
2256.855006,670,1002
2256.860005,782,1003
2256.865007,634,996
2256.870007,658,1002
2256.875005,811,996
2256.880006,738,1001
2256.885006,613,999
2256.890005,770,1000
2256.895007,746,1004
2256.900005,603,1000
2256.905005,658,1000
2256.910007,793,1002
2256.915005,634,1001
2256.920006,640,1003
2256.925006,797,996
2256.930006,739,1003
2256.935006,603,1002
2256.940006,763,1003
2256.945006,748,1002
2256.950005,609,1000
2256.955007,670,1002
2256.960006,787,1000
2256.965006,631,1003
2256.970005,643,998
2256.975007,796,997
2256.980006,744,1001
2256.985005,621,1000
2256.990006,751,1001
2256.995005,760,1001
2257.000006,601,1000
2257.005006,659,1001
2257.010006,777,999
2257.015006,647,1000
2257.020006,636,1002
2257.025006,790,999
2257.030005,750,1000
2257.035006,622,999
2257.040006,766,1000
2257.045006,760,1000
2257.050006,596,1001
2257.055006,654,1004
2257.060006,798,1002
2257.065006,639,1003
2257.070006,640,1003
2257.075005,792,1004
2257.080006,747,1002
2257.085006,611,1003
2257.090005,775,1000
2257.095007,774,997
2257.100006,596,1001
2257.105007,675,1000
2257.110007,792,1000
2257.115006,638,1003
2257.120006,649,1001
2257.125007,793,1001
2257.130006,754,999
2257.135005,621,1000
2257.140007,757,1001
2257.145006,764,1001
2257.150007,596,1004
2257.155006,654,1003
2257.160005,790,1002
2257.165006,637,1003
2257.170005,633,1002
2257.175005,809,1002
2257.180007,743,1000
2257.185006,605,1002
2257.190006,765,1002
2257.195006,765,1001
2257.200006,602,1003
2257.205006,667,1000
2257.210006,781,1002
2257.215006,652,1000
2257.220006,653,999
2257.225006,794,1001
2257.230006,727,1005
2257.235007,606,1002
2257.240007,761,1002
2257.245006,757,1001
2257.250007,590,1004
2257.255006,656,1000
2257.260006,796,1001
2257.265006,645,1002
2257.270006,638,1003
2257.275007,812,998
2257.280006,747,1002
2257.285006,615,1000
2257.290006,750,1002
2257.295006,749,999
2257.300005,595,998
2257.305006,668,1003
2257.310006,793,1002
2257.315006,640,1001
2257.320005,653,995
2257.325005,811,998
2257.330006,736,1000
2257.335006,620,1002
2257.340005,750,1000
2257.345006,748,1004
2257.350006,611,1001
2257.355005,654,1003
2257.360006,799,1000
2257.365005,659,999
2257.370006,644,1002
2257.375006,791,1002
2257.380006,745,1003
2257.385005,606,1002
2257.390007,746,1003
2257.395006,768,998
2257.400005,604,1001
2257.405005,662,1004
2257.410006,780,1002
2257.415006,637,1003
2257.420006,652,1001
2257.425006,797,1003
2257.430006,739,1004
2257.435006,611,999
2257.440006,742,1003
2257.445005,766,1002
2257.450007,602,1003
2257.455006,650,1003
2257.460006,798,1001
2257.465005,643,1000
2257.470006,645,994
2257.475007,804,1004
2257.480007,742,1003
2257.485006,608,1003
2257.490005,745,1002
2257.495006,771,1004
2257.500006,596,1002
2257.505006,671,996
2257.510006,800,1000
2257.515005,662,999
2257.520006,657,998
2257.525006,799,1001
2257.530005,744,1001
2257.535006,610,1001
2257.540006,751,1000
2257.545006,755,1001
2257.550006,590,1004
2257.555005,672,1000
2257.560006,790,1001
2257.565006,649,999
2257.570005,655,1000
2257.575006,799,1002
2257.580006,736,1001
2257.585006,604,1001
2257.590006,757,1000
2257.595006,761,1002
2257.600006,591,1004
2257.605006,669,1001
2257.610005,778,1003
2257.615006,656,993
2257.620006,642,996
2257.625005,799,1001
2257.630005,737,1001
2257.635005,604,1003
2257.640006,749,1000
2257.645007,773,998
2257.650006,604,1002
2257.655005,649,1003
2257.660006,794,1002
2257.665006,645,1003
2257.670005,656,998
2257.675006,801,1002
2257.680005,733,1002
2257.685007,600,1003
2257.690007,748,1003
2257.695005,764,1002
2257.700006,591,1001
2257.705007,660,1000
2257.710006,784,1001
2257.715006,639,1002
2257.720006,632,1004
2257.725007,809,1001
2257.730006,748,1000
2257.735006,613,1002
2257.740006,744,1001
2257.745005,754,1003
2257.750006,605,997
2257.755007,672,998
2257.760007,781,1003
2257.765006,660,998
2257.770007,643,1000
2257.775006,788,1001
2257.780005,745,1002
2257.785007,614,1002
2257.790005,735,1003
2257.795005,751,1003
2257.800005,607,1000
2257.805007,660,1002
2257.810005,788,1000
2257.815005,642,1004
2257.820006,648,1001
2257.825005,797,1001
2257.830007,733,1004
2257.835006,614,1000
2257.840005,742,1003
2257.845006,757,1003
2257.850007,592,1002
2257.855007,668,1002
2257.860006,785,1003
2257.865005,657,1002
2257.870006,633,1002
2257.875006,809,1001
2257.880006,733,1002
2257.885006,627,998
2257.890005,740,1003
2257.895007,751,1005
2257.900005,615,997
2257.905005,660,999
2257.910007,780,1002
2257.915006,667,1000
2257.920007,635,1002
2257.925007,790,1002
2257.930005,755,1001
2257.935006,608,1003
2257.940007,743,1000
2257.945006,770,1000
2257.950006,594,1002
2257.955007,660,1001
2257.960005,799,998
2257.965005,654,1001
2257.970007,650,1001
2257.975007,790,1001
2257.980007,750,999
2257.985007,613,999
2257.990007,750,997
2257.995006,767,1000
2258.000006,604,1002
2258.005006,657,1003
2258.010006,788,993
2258.015005,655,1001
2258.020006,631,1003
2258.025006,798,998
2258.030006,745,997
2258.035005,608,996
2258.040006,747,1001
2258.045007,753,1004
2258.050005,590,1002
2258.055006,662,1001
2258.060007,779,1002
2258.065007,666,1000
2258.070006,635,1000
2258.075006,790,999
2258.080006,757,994
2258.085006,617,998
2258.090006,737,1001
2258.095006,745,1003
2258.100006,595,1003
2258.105006,646,1000
2258.110006,774,1002
2258.115005,658,1001
2258.120005,627,1003
2258.125007,803,1001
2258.130006,736,1002
2258.135005,616,1000
2258.140006,740,1004
2258.145006,753,1002
2258.150006,591,1000
2258.155006,661,991
2258.160007,787,1000
2258.165006,662,998
2258.170007,630,1002
2258.175007,785,1002
2258.180005,750,1002
2258.185006,602,1001
2258.190007,749,999
2258.195007,758,1001
2258.200007,588,1003
2258.205006,662,1001
2258.210006,777,1004
2258.215005,662,1003
2258.220007,631,1001
2258.225005,803,1002
2258.230005,741,1002
2258.235005,615,1001
2258.240006,731,1004
2258.245006,773,1000
2258.250007,598,1003
2258.255007,668,1003
2258.260006,786,1000
2258.265005,664,996
2258.270006,631,1002
2258.275006,804,1003
2258.280006,747,1001
2258.285005,610,1002
2258.290006,733,1002
2258.295007,770,1002
2258.300006,591,1005
2258.305005,662,1001
2258.310006,784,1004
2258.315007,665,995
2258.320006,648,1002
2258.325005,790,1002
2258.330007,753,1002
2258.335006,609,1001
2258.340005,732,1002
2258.345006,753,1004
2258.350006,601,1003
2258.355007,673,1000
2258.360006,788,1002
2258.365005,655,1002
2258.370006,653,1000
2258.375006,790,1003
2258.380006,738,1002
2258.385005,617,996
2258.390006,749,1001
2258.395007,760,1001
2258.400006,594,999
2258.405005,665,995
2258.410007,789,1001
2258.415006,651,1002
2258.420006,647,1000
2258.425005,793,1000
2258.430007,746,1000
2258.435005,614,1001
2258.440006,729,1002
2258.445005,750,1004
2258.450006,605,1001
2258.455006,673,997
2258.460007,801,1001
2258.465006,670,1001
2258.470005,629,1003
2258.475006,787,1002
2258.480006,755,995
2258.485006,613,1002
2258.490005,749,1000
2258.495006,769,1000
2258.500006,607,1001
2258.505005,658,999
2258.510005,788,1002
2258.515006,659,1000
2258.520006,653,997
2258.525007,795,1002
2258.530006,739,1002
2258.535005,602,1002
2258.540006,744,998
2258.545006,757,1003
2258.550005,611,995
2258.555005,674,996
2258.560006,791,1002
2258.565006,655,998
2258.570005,638,994
2258.575006,794,1003
2258.580006,748,1000
2258.585006,598,1001
2258.590005,740,993
2258.595007,767,1001
2258.600005,606,1001
2258.605005,645,1001
2258.610005,778,1001
2258.615006,670,999
2258.620006,628,1002
2258.625007,785,1000
2258.630007,746,1002
2258.635006,600,1002
2258.640006,721,1002
2258.645006,762,1002
2258.650006,595,1002
2258.655005,645,1002
2258.660006,795,1000
2258.665006,664,1001
2258.670006,642,998
2258.675006,790,1003
2258.680005,747,999
2258.685006,597,1001
2258.690007,723,1001
2258.695005,773,997
2258.700006,600,1001
2258.705007,648,1002
2258.710006,796,998
2258.715005,658,1000
2258.720006,626,1003
2258.725006,784,1002
2258.730006,737,1000
2258.735006,611,992
2258.740005,729,1001
2258.745007,760,1002
2258.750006,595,1004
2258.755007,666,999
2258.760006,783,1001
2258.765005,657,1001
2258.770006,649,998
2258.775007,789,1000
2258.780006,736,1000
2258.785006,613,1002
2258.790007,723,1003
2258.795006,771,995
2258.800006,608,992
2258.805006,653,1002
2258.810006,776,1000
2258.815006,673,1002
2258.820006,631,1001
2258.825005,782,1002
2258.830007,750,996
2258.835006,617,1000
2258.840007,724,1003
2258.845005,752,1002
2258.850006,611,998
2258.855006,652,1001
2258.860006,784,1004
2258.865006,676,1000
2258.870005,635,1003
2258.875006,782,1002
2258.880006,730,1004
2258.885006,610,1002
2258.890005,722,1003
2258.895007,774,1000
2258.900006,604,997
2258.905006,644,1002
2258.910006,797,1002
2258.915007,668,1001
2258.920005,624,1005
2258.925005,803,1001
2258.930006,747,1002
2258.935006,604,1000
2258.940006,724,1001
2258.945007,772,1000
2258.950006,596,1000
2258.955006,642,1003
2258.960007,797,1002
2258.965007,660,1005
2258.970007,637,1000
2258.975005,783,1002
2258.980005,754,999
2258.985006,607,1002
2258.990006,724,1002
2258.995006,760,1003
2259.000007,596,1002
2259.005006,644,997
2259.010005,794,994
2259.015007,671,1000
2259.020006,628,1003
2259.025007,782,1003
2259.030007,722,1003
2259.035005,628,1000
2259.040006,736,1001
2259.045005,746,1001
2259.050006,603,1002
2259.055006,675,1000
2259.060006,774,1000
2259.065006,668,1001
2259.070005,635,1003
2259.075007,793,1002
2259.080005,738,1001
2259.085005,613,999
2259.090006,730,1001
2259.095006,746,1001
2259.100006,603,1003
2259.105007,671,1001
2259.110006,770,999
2259.115005,661,1002
2259.120007,637,1002
2259.125006,770,1002
2259.130007,738,1003
2259.135006,611,1002
2259.140005,725,994
2259.145006,753,1002
2259.150005,606,1001
2259.155005,649,1004
2259.160006,783,1000
2259.165006,659,1000
2259.170007,639,1003
2259.175006,783,1002
2259.180007,740,1002
2259.185006,621,1003
2259.190006,726,1000
2259.195005,739,998
2259.200006,610,1001
2259.205006,655,1003
2259.210006,762,1001
2259.215006,672,1001
2259.220005,642,1003
2259.225007,770,1002
2259.230006,742,1001
2259.235006,616,1002
2259.240005,722,1002
2259.245007,750,999
2259.250007,607,1001
2259.255005,671,999
2259.260005,779,1000
2259.265006,675,1001
2259.270006,632,1003
2259.275005,789,1000
2259.280005,737,1001
2259.285006,616,994
2259.290007,729,1001
2259.295006,744,1003
2259.300005,621,993
2259.305006,661,1000
2259.310006,768,1000
2259.315007,667,1002
2259.320006,651,999
2259.325005,785,998
2259.330007,735,998
2259.335007,612,1002
2259.340006,732,1001
2259.345005,749,1002
2259.350006,629,997
2259.355006,663,999
2259.360006,767,1001
2259.365006,684,1000
2259.370006,642,998
2259.375006,785,1000
2259.380006,734,1001
2259.385006,629,1000
2259.390005,716,1001
2259.395006,768,997
2259.400007,616,998
2259.405007,659,1001
2259.410005,769,1002
2259.415006,672,999
2259.420006,661,997
2259.425006,792,998
2259.430006,735,1002
2259.435006,610,1001
2259.440007,735,1001
2259.445006,750,1000
2259.450005,604,1003
2259.455007,669,995
2259.460006,781,998
2259.465006,675,1001
2259.470005,659,997
2259.475007,781,1002
2259.480005,727,1001
2259.485005,632,998
2259.490006,723,1000
2259.495006,753,1000
2259.500007,624,997
2259.505007,665,1001
2259.510006,771,1002
2259.515006,685,995
2259.520006,643,1002
2259.525006,769,1003
2259.530005,728,1002
2259.535006,626,1002
2259.540006,721,1001
2259.545006,761,1001
2259.550006,603,1002
2259.555005,665,1001
2259.560006,782,1000
2259.565007,682,1002
2259.570007,642,1001
2259.575005,792,1000
2259.580007,739,1001
2259.585007,623,1000
2259.590006,712,1003
2259.595006,766,1001
2259.600007,617,1002
2259.605006,659,1003
2259.610006,770,1003
2259.615005,694,996
2259.620006,652,1002
2259.625007,776,1003
2259.630007,733,1002
2259.635007,628,1001
2259.640006,711,1003
2259.645006,744,1000
2259.650006,628,1003
2259.655005,669,1002
2259.660007,767,1003
2259.665006,679,995
2259.670006,643,1003
2259.675007,769,1003
2259.680006,745,996
2259.685007,625,998
2259.690007,721,995
2259.695006,758,999
2259.700005,612,1002
2259.705006,649,999
2259.710005,786,1002
2259.715006,670,1002
2259.720005,633,1003
2259.725007,767,1003
2259.730006,743,1002
2259.735006,614,1000
2259.740005,706,1002
2259.745007,761,1000
2259.750007,617,1002
2259.755006,660,1001
2259.760007,790,997
2259.765006,673,1001
2259.770006,631,1002
2259.775005,790,998
2259.780006,737,1003
2259.785005,616,1003
2259.790005,702,1002
2259.795005,760,1002
2259.800005,612,1002
2259.805006,651,1001
2259.810006,789,1001
2259.815006,677,1002
2259.820006,633,1005
2259.825005,766,1003
2259.830006,744,1003
2259.835006,620,996
2259.840006,719,1002
2259.845006,754,1002
2259.850006,607,1001
2259.855005,648,1004
2259.860005,766,1003
2259.865006,686,1000
2259.870005,630,1004
2259.875006,783,1002
2259.880007,729,1005
2259.885007,619,1002
2259.890006,711,1000
2259.895006,752,1001
2259.900006,607,1003
2259.905005,669,1001
2259.910006,769,1003
2259.915006,691,993
2259.920007,646,1003
2259.925007,772,1002
2259.930005,734,1002
2259.935006,633,1000
2259.940006,711,1000
2259.945005,748,1001
2259.950006,623,996
2259.955006,664,1000
2259.960006,786,999
2259.965006,676,1001
2259.970005,653,1003
2259.975006,774,998
2259.980006,741,998
2259.985005,619,1000
2259.990006,707,1001
2259.995007,770,998
2260.000006,616,1002
2260.005006,646,1000
2260.010006,790,999
2260.015006,696,1000
2260.020006,637,1000
2260.025006,787,1000
2260.030007,738,1001
2260.035005,607,999
2260.040006,723,1000
2260.045007,759,998
2260.050007,618,1001
2260.055005,649,1000
2260.060005,782,1000
2260.065006,683,1000
2260.070006,655,993
2260.075005,779,1001
2260.080007,739,1001
2260.085006,624,992
2260.090006,726,997
2260.095005,760,1002
2260.100007,613,1002
2260.105006,665,999
2260.110006,776,1000
2260.115006,686,991
2260.120006,644,992
2260.125006,781,997
2260.130007,739,1001
2260.135006,611,999
2260.140005,711,998
2260.145006,756,1000
2260.150005,612,1001
2260.155006,658,993
2260.160006,790,997
2260.165007,697,998
2260.170007,628,999
2260.175006,762,1004
2260.180006,753,1000
2260.185006,622,1000
2260.190006,702,1000
2260.195005,769,993
2260.200006,609,1003
2260.205006,644,1000
2260.210006,790,1000
2260.215006,685,999
2260.220005,630,1002
2260.225006,784,1001
2260.230006,731,1001
2260.235005,623,997
2260.240007,705,1001
2260.245006,754,1001
2260.250006,608,1003
2260.255006,664,1000
2260.260005,774,1004
2260.265007,702,1001
2260.270006,640,1002
2260.275006,767,1001
2260.280007,742,1003
2260.285007,626,1003
2260.290005,699,1003
2260.295005,762,994
2260.300005,620,1002
2260.305006,656,1001
2260.310006,773,1002
2260.315006,701,1003
2260.320006,637,1002
2260.325006,767,1003
2260.330007,733,1003
2260.335007,608,1005
2260.340006,714,1001
2260.345005,748,1002
2260.350006,625,998
2260.355007,666,998
2260.360006,774,1001
2260.365006,685,998
2260.370005,626,1004
2260.375006,773,1002
2260.380006,738,1002
2260.385005,606,1002
2260.390006,709,1002
2260.395007,755,1001
2260.400006,610,1001
2260.405007,666,1000
2260.410005,776,1003
2260.415006,678,1002
2260.420006,636,1004
2260.425006,776,996
2260.430006,739,1000
2260.435006,610,1001
2260.440007,694,1005
2260.445007,761,995
2260.450006,629,998
2260.455007,655,1003
2260.460006,787,1000
2260.465006,692,1000
2260.470005,637,996
2260.475006,777,1001
2260.480007,736,1002
2260.485007,621,1001
2260.490006,705,1002
2260.495006,747,1000
2260.500007,624,1003
2260.505006,645,1003
2260.510005,795,997
2260.515006,689,1002
2260.520007,629,1004
2260.525006,774,995
2260.530007,747,1001
2260.535006,607,1005
2260.540006,718,1002
2260.545006,764,1000
2260.550005,630,997
2260.555006,664,1002
2260.560007,771,1002
2260.565006,701,994
2260.570005,644,999
2260.575006,772,1000
2260.580006,736,1004
2260.585005,625,996
2260.590005,709,1000
2260.595007,760,1001
2260.600006,612,1003
2260.605006,670,1000
2260.610005,776,1002
2260.615006,684,1003
2260.620006,647,1000
2260.625007,777,1000
2260.630006,737,1001
2260.635006,608,1002
2260.640005,717,1001
2260.645006,768,1000
2260.650007,621,1000
2260.655006,661,993
2260.660006,794,998
2260.665007,693,1002
2260.670006,626,1003
2260.675005,777,999
2260.680007,735,1004
2260.685006,609,1004
2260.690007,711,1001
2260.695007,760,1000
2260.700006,635,1000
2260.705006,651,1002
2260.710006,772,1002
2260.715006,689,998
2260.720005,628,1003
2260.725007,781,1000
2260.730007,736,1001
2260.735006,627,1000
2260.740006,695,1000
2260.745005,765,1001
2260.750006,620,1002
2260.755007,650,1001
2260.760007,793,998
2260.765006,697,1002
2260.770006,634,1002
2260.775006,782,995
2260.780006,754,1001
2260.785006,612,1002
2260.790007,694,998
2260.795007,770,999
2260.800006,624,999
2260.805005,650,1002
2260.810006,794,998
2260.815007,695,1001
2260.820006,648,995
2260.825006,777,1002
2260.830006,743,1001
2260.835007,611,998
2260.840006,714,999
2260.845005,762,1003
2260.850007,620,1000
2260.855006,671,995
2260.860007,772,999
2260.865006,692,1003
2260.870005,652,999
2260.875006,767,1000
2260.880006,735,1003
2260.885006,624,1001
2260.890006,694,1001
2260.895007,752,1001
2260.900007,639,998
2260.905005,653,1002
2260.910006,789,998
2260.915006,707,999
2260.920007,634,1001
2260.925007,784,997
2260.930006,746,999
2260.935006,607,1003
2260.940006,706,1001
2260.945006,757,1003
2260.950006,635,999
2260.955006,661,998
2260.960006,784,1001
2260.965006,694,1004
2260.970005,646,996
2260.975007,774,999
2260.980006,752,998
2260.985006,613,1001
2260.990005,709,1002
2260.995006,759,1002
2261.000006,631,995
2261.005006,649,1001
2261.010005,790,998
2261.015007,704,1001
2261.020005,630,1000
2261.025005,778,999
2261.030005,747,1001
2261.035006,608,1002
2261.040006,704,993
2261.045006,756,1001
2261.050006,635,1000
2261.055006,651,1003
2261.060006,770,999
2261.065006,711,1001
2261.070006,637,1001
2261.075005,784,997
2261.080006,749,1001
2261.085007,607,1005
2261.090007,699,1000
2261.095006,763,1000
2261.100006,623,1001
2261.105006,644,1005
2261.110006,786,1000
2261.115006,692,1005
2261.120006,641,993
2261.125006,777,1001
2261.130006,743,1002
2261.135006,632,996
2261.140006,705,1002
2261.145006,764,1001
2261.150006,618,1004
2261.155005,663,996
2261.160007,786,1003
2261.165006,698,1004
2261.170006,640,995
2261.175006,774,997
2261.180006,741,1002
2261.185007,612,999
2261.190006,709,1000
2261.195006,757,1002
2261.200005,617,1002
2261.205007,663,1001
2261.210006,777,1003
2261.215006,696,1003
2261.220006,629,1003
2261.225007,760,1003
2261.230007,749,1003
2261.235007,615,1002
2261.240006,707,999
2261.245006,762,1002
2261.250007,621,1002
2261.255006,661,1001
2261.260006,776,1004
2261.265005,713,1003
2261.270006,628,1003
2261.275006,779,1002
2261.280006,750,1002
2261.285006,611,1002
2261.290007,688,1003
2261.295006,773,1000
2261.300006,631,1003
2261.305006,659,1003
2261.310005,773,1001
2261.315006,715,1002
2261.320006,627,1004
2261.325005,767,1002
2261.330007,738,1002
2261.335007,630,1001
2261.340007,688,1004
2261.345007,753,1005
2261.350006,634,1003
2261.355006,648,1004
2261.360005,791,998
2261.365006,712,1001
2261.370005,632,1003
2261.375006,771,1002
2261.380006,740,1002
2261.385006,604,1003
2261.390005,707,999
2261.395006,753,1004
2261.400006,638,1001
2261.405006,665,1002
2261.410005,776,1003
2261.415007,695,1004
2261.420007,644,998
2261.425006,762,1002
2261.430006,739,1001
2261.435007,631,996
2261.440006,696,1002
2261.445005,757,1001
2261.450006,622,1001
2261.455006,662,1001
2261.460006,772,1004
2261.465006,706,995
2261.470005,643,1001
2261.475007,767,999
2261.480007,732,1010
2261.485006,626,1002
2261.490005,689,1001
2261.495005,770,993
2261.500006,624,1003
2261.505007,659,1001
2261.510006,777,1003
2261.515006,698,1000
2261.520006,629,1001
2261.525005,753,1003
2261.530005,748,999
2261.535006,608,1004
2261.540006,695,1001
2261.545006,753,1002
2261.550005,640,1000
2261.555007,656,1003
2261.560006,775,1003
2261.565007,700,1003
2261.570007,646,1000
2261.575006,775,998
2261.580006,742,1002
2261.585006,601,1002
2261.590005,684,1001
2261.595006,752,999
2261.600007,635,1001
2261.605007,638,1005
2261.610005,785,1000
2261.615007,706,1000
2261.620005,627,1001
2261.625006,759,1003
2261.630005,755,997
2261.635006,612,1001
2261.640006,672,1004
2261.645006,749,1003
2261.650007,632,1000
2261.655006,648,1004
2261.660006,771,1001
2261.665006,721,1002
2261.670006,624,1002
2261.675007,757,994
2261.680006,755,998
2261.685006,612,1001
2261.690006,682,1003
2261.695006,756,1002
2261.700005,619,1003
2261.705006,649,1003
2261.710007,767,1004
2261.715006,717,1002
2261.720005,632,1002
2261.725006,756,1003
2261.730005,733,1001
2261.735006,620,995
2261.740005,681,1003
2261.745006,774,996
2261.750007,637,1002
2261.755007,637,1002
2261.760007,783,999
2261.765006,715,1000
2261.770005,622,1005
2261.775005,773,998
2261.780006,742,1001
2261.785005,609,1002
2261.790006,694,1003
2261.795007,757,1003
2261.800007,645,1002
2261.805006,650,1001
2261.810006,770,1000
2261.815006,726,998
2261.820005,629,1000
2261.825006,768,1001
2261.830006,736,1004
2261.835007,617,1002
2261.840006,671,1003
2261.845006,764,1001
2261.850005,624,1001
2261.855006,638,1002
2261.860005,780,1003
2261.865005,701,1002
2261.870007,623,1003
2261.875006,766,1003
2261.880007,734,1002
2261.885006,615,1002
2261.890005,678,1003
2261.895006,750,1005
2261.900007,636,1001
2261.905007,641,1002
2261.910005,785,1003
2261.915006,710,1002
2261.920006,648,996
2261.925006,758,1002
2261.930006,742,1002
2261.935006,624,1001
2261.940007,681,1002
2261.945006,756,1004
2261.950006,624,1003
2261.955006,654,1000
2261.960006,769,1001
2261.965007,724,1001
2261.970005,628,1000
2261.975006,752,1006
2261.980007,751,1003
2261.985006,609,1001
2261.990005,682,996
2261.995006,771,1004
2262.000007,630,1004
2262.005007,661,1001
2262.010005,772,1000
2262.015006,719,1000
2262.020006,633,1002
2262.025007,755,1002
2262.030006,736,1003
2262.035005,602,1002
2262.040006,671,1004
2262.045006,771,1001
2262.050007,625,1005
2262.055006,665,1000
2262.060006,787,1001
2262.065006,709,1003
2262.070006,619,999
2262.075005,749,1003
2262.080006,732,1002
2262.085005,618,1002
2262.090005,685,996
2262.095006,771,1002
2262.100006,632,1003
2262.105006,638,1000
2262.110005,788,1000
2262.115007,713,1003
2262.120006,617,1002
2262.125007,759,1000
2262.130006,737,1002
2262.135006,621,1001
2262.140005,673,1001
2262.145006,773,999
2262.150007,632,992
2262.155006,654,1000
2262.160005,766,1002
2262.165007,722,994
2262.170006,633,1002
2262.175006,747,1001
2262.180005,756,1000
2262.185006,613,999
2262.190006,670,1003
2262.195006,774,1000
2262.200006,637,1000
2262.205007,663,996
2262.210007,769,1002
2262.215007,709,1000
2262.220006,641,998
2262.225007,752,1002
2262.230006,737,1001
2262.235007,623,997
2262.240006,666,1001
2262.245006,769,1002
2262.250006,620,1004
2262.255006,656,1002
2262.260005,767,1001
2262.265007,721,997
2262.270007,630,1002
2262.275005,742,1001
2262.280005,729,1002
2262.285006,615,1001
2262.290006,664,1003
2262.295006,766,993
2262.300006,642,1000
2262.305007,635,1002
2262.310006,786,1000
2262.315006,717,998
2262.320006,616,1001
2262.325005,752,1001
2262.330006,732,1002
2262.335006,621,994
2262.340005,673,1003
2262.345007,773,998
2262.350007,648,1002
2262.355006,652,1001
2262.360006,767,1002
2262.365006,712,1001
2262.370005,632,1001
2262.375006,747,1002
2262.380006,735,1002
2262.385005,619,1001
2262.390006,690,995
2262.395006,762,1001
2262.400006,641,1001
2262.405005,644,1002
2262.410006,792,1001
2262.415006,718,1002
2262.420007,634,1001
2262.425006,749,999
2262.430006,737,1005
2262.435006,629,1001
2262.440007,676,1002
2262.445007,756,1003
2262.450006,648,1003
2262.455005,657,1000
2262.460006,777,1001
2262.465005,733,996
2262.470006,639,1000
2262.475005,747,1003
2262.480005,758,1000
2262.485005,612,1004
2262.490006,660,1005
2262.495006,778,1000
2262.500006,642,1002
2262.505006,646,1003
2262.510006,773,1004
2262.515005,718,1002
2262.520006,634,1001
2262.525006,746,1004
2262.530006,755,996
2262.535005,617,1003
2262.540006,662,1002
2262.545006,782,996
2262.550006,646,1001
2262.555006,642,1005
2262.560007,783,1002
2262.565006,716,1001
2262.570005,632,1002
2262.575006,746,1005
2262.580005,736,1003
2262.585006,619,992
2262.590005,666,1002
2262.595006,779,998
2262.600007,637,1001
2262.605006,643,995
2262.610006,786,1002
2262.615005,727,997
2262.620006,618,1004
2262.625007,736,1004
2262.630006,751,1000
2262.635006,617,1001
2262.640006,656,1004
2262.645006,778,999
2262.650006,639,1002
2262.655006,662,997
2262.660005,785,1002
2262.665007,723,1003
2262.670007,615,1003
2262.675006,751,1002
2262.680007,738,1002
2262.685006,601,1005
2262.690007,679,1001
2262.695006,757,1001
2262.700006,653,1001
2262.705006,645,1000
2262.710006,783,1002
2262.715006,723,1002
2262.720006,619,1001
2262.725006,758,999
2262.730006,742,1003
2262.735005,611,995
2262.740007,671,1003
2262.745006,756,1004
2262.750006,655,1000
2262.755005,648,1001
2262.760006,761,1007
2262.765005,731,999
2262.770007,616,1004
2262.775006,755,996
2262.780005,758,993
2262.785006,612,1002
2262.790006,653,1005
2262.795006,778,1000
2262.800007,643,1002
2262.805005,652,995
2262.810006,777,999
2262.815005,722,1001
2262.820005,616,1003
2262.825006,754,1002
2262.830006,747,1001
2262.835006,621,1002
2262.840005,659,1002
2262.845006,757,1002
2262.850006,660,1001
2262.855006,649,1001
2262.860006,773,1003
2262.865006,741,1002
2262.870006,638,1002
2262.875006,754,1000
2262.880006,755,1000
2262.885006,609,1002
2262.890005,675,1000
2262.895006,758,1003
2262.900005,653,1003
2262.905006,640,1002
2262.910005,790,1001
2262.915007,734,1003
2262.920006,624,1001
2262.925006,760,1001
2262.930007,744,1001
2262.935005,622,997
2262.940006,665,1002
2262.945005,762,1000
2262.950007,651,1002
2262.955007,640,1005
2262.960007,794,1002
2262.965006,726,1003
2262.970005,639,1001
2262.975006,753,1002
2262.980006,745,1004
2262.985006,607,1003
2262.990006,673,1003
2262.995005,766,1002
2263.000006,642,1004
2263.005007,660,1002
2263.010006,772,1003
2263.015005,742,996
2263.020006,641,997
2263.025006,739,1001
2263.030006,743,1005
2263.035005,619,999
2263.040006,667,1002
2263.045007,758,1003
2263.050006,661,999
2263.055006,645,1002
2263.060007,788,1001
2263.065007,731,1002
2263.070006,633,994
2263.075007,744,1003
2263.080005,741,1001
2263.085005,606,1003
2263.090006,671,1002
2263.095005,763,1004
2263.100006,665,1001
2263.105006,653,1001
2263.110005,770,1004
2263.115006,747,1001
2263.120006,622,1003
2263.125006,756,1001
2263.130006,744,1002
2263.135005,621,1002
2263.140007,655,1004
2263.145005,763,998
2263.150006,657,1003
2263.155005,650,998
2263.160005,790,1002
2263.165006,727,1005
2263.170006,638,1002
2263.175005,739,1002
2263.180006,764,998
2263.185007,628,1000
2263.190006,663,1000
2263.195006,770,1001
2263.200006,651,1003
2263.205006,654,1002
2263.210006,784,1002
2263.215006,744,998
2263.220006,631,1003
2263.225006,747,1001
2263.230006,751,1001
2263.235006,607,1004
2263.240006,671,1001
2263.245006,778,999
2263.250006,660,1002
2263.255006,643,1002
2263.260007,781,995
2263.265005,747,996
2263.270006,632,1001
2263.275006,735,1001
2263.280005,761,999
2263.285007,611,1002
2263.290007,667,999
2263.295005,778,997
2263.300006,655,1003
2263.305005,649,1000
2263.310006,781,994
2263.315006,748,995
2263.320006,624,1001
2263.325006,733,1003
2263.330006,753,1001
2263.335006,608,1001
2263.340005,670,1002
2263.345005,767,1002
2263.350006,649,1002
