t,x,y
5823.480007,852,797
5823.485007,856,757
5823.490007,819,721
5823.495006,834,682
5823.500006,828,648
5823.505007,789,607
5823.510006,796,569
5823.515007,836,523
5823.520007,814,488
5823.525005,799,450
5823.530006,828,404
5823.535005,807,365
5823.540006,770,324
5823.545006,786,279
5823.550007,786,235
5823.555005,762,187
5823.560007,765,145
5823.565006,779,99
5823.570006,758,43
5823.575005,739,10
5823.580005,765,11
5823.585005,757,9
5823.590005,715,11
5823.595006,731,11
5823.600005,760,10
5823.605006,710,12
5823.610006,713,11
5823.615005,764,11
5823.620006,720,12
5823.625005,728,9
5823.630006,756,14
5823.635006,740,9
5823.640007,714,9
5823.645006,737,12
5823.650006,750,9
5823.655006,712,11
5823.660005,715,13
5823.665006,742,12
5823.670007,716,13
5823.675006,704,12
5823.680006,754,9
5823.685006,745,11
5823.690006,717,10
5823.695005,723,11
5823.700006,733,11
5823.705006,719,9
5823.710006,713,10
5823.715007,744,1
5823.720006,730,10
5823.725007,709,15
5823.730006,744,10
5823.735006,736,10
5823.740006,706,11
5823.745006,720,11
5823.750006,746,9
5823.755007,705,8
5823.760007,715,13
5823.765005,744,12
5823.770006,727,2
5823.775006,718,9
5823.780006,737,12
5823.785006,725,12
5823.790007,709,4
5823.795005,726,11
5823.800005,730,12
5823.805007,710,11
5823.810006,707,10
5823.815005,741,14
5823.820007,724,12
5823.825006,706,11
5823.830006,755,5
5823.835007,735,13
5823.840006,705,10
5823.845006,742,6
5823.850006,745,32
5823.855005,701,82
5823.860007,733,129
5823.865006,755,182
5823.870007,732,230
5823.875006,750,273
5823.880006,778,309
5823.885006,777,370
5823.890007,741,418
5823.895006,778,466
5823.900005,785,513
5823.905006,753,560
5823.910006,767,608
5823.915006,815,650
5823.920007,806,694
5823.925006,787,744
5823.930005,828,787
5823.935006,824,832
5823.940006,794,872
5823.945006,803,914
5823.950006,849,951
5823.955006,817,991
5823.960007,816,1032
5823.965007,840,1072
5823.970006,848,1102
5823.975006,825,1136
5823.980005,869,1168
5823.985006,857,1199
5823.990006,830,1227
5823.995006,846,1253
5824.000006,886,1276
5824.005006,861,1302
5824.010006,864,1328
5824.015006,887,1355
5824.020006,863,1379
5824.025006,866,1400
5824.030005,904,1423
5824.035006,888,1445
5824.040006,857,1471
5824.045006,881,1488
5824.050006,921,1512
5824.055006,895,1531
5824.060006,883,1557
5824.065005,913,1573
5824.070007,911,1598
5824.075006,884,1631
5824.080006,938,1648
5824.085006,933,1669
5824.090007,907,1699
5824.095005,933,1722
5824.100005,931,1749
5824.105006,900,1775
5824.110006,908,1796
5824.115005,959,1821
5824.120005,939,1841
5824.125005,911,1864
5824.130005,966,1882
5824.135005,961,1902
5824.140006,929,1917
5824.145006,944,1936
5824.150006,955,1951
5824.155006,929,1952
5824.160006,958,1966
5824.165006,984,1975
5824.170006,965,1977
5824.175007,942,1978
5824.180005,980,1978
5824.185006,963,1977
5824.190005,923,1972
5824.195006,943,1963
5824.200005,966,1940
5824.205006,926,1937
5824.210007,948,1917
5824.215006,966,1901
5824.220006,946,1882
5824.225005,936,1855
5824.230006,967,1833
5824.235006,959,1805
5824.240006,904,1776
5824.245005,926,1742
5824.250005,936,1705
5824.255005,922,1661
5824.260005,917,1625
5824.265006,927,1583
5824.270006,896,1540
5824.275006,875,1482
5824.280006,918,1437
5824.285006,905,1383
5824.290006,864,1336
5824.295006,873,1277
5824.300006,878,1224
5824.305006,836,1166
5824.310007,854,1109
5824.315006,869,1045
5824.320006,837,985
5824.325005,830,924
5824.330006,851,865
5824.335006,829,804
5824.340006,787,741
5824.345005,798,683
5824.350006,824,621
5824.355006,775,561
5824.360006,766,502
5824.365005,805,434
5824.370006,765,387
5824.375006,767,331
5824.380006,777,281
5824.385007,755,231
5824.390006,721,179
5824.395006,732,133
5824.400006,749,86
5824.405005,712,45
5824.410006,731,5
5824.415007,739,0
5824.420006,721,10
5824.425006,698,11
5824.430007,741,7
5824.435005,726,10
5824.440006,687,9
5824.445006,706,11
5824.450005,730,1
5824.455006,698,10
5824.460006,694,10
5824.465006,718,10
5824.470006,699,11
5824.475005,676,12
5824.480007,730,9
5824.485007,717,10
5824.490006,685,10
5824.495005,698,11
5824.500006,708,9
5824.505007,674,11
5824.510005,682,12
5824.515006,715,12
5824.520005,694,11
5824.525006,676,9
5824.530007,706,6
5824.535006,722,9
5824.540006,688,12
5824.545007,690,10
5824.550007,706,14
5824.555007,696,5
5824.560006,693,11
5824.565005,717,12
5824.570007,692,9
5824.575006,689,3
5824.580006,717,9
5824.585006,707,13
5824.590006,671,12
5824.595006,682,9
5824.600005,723,9
5824.605006,681,9
5824.610006,686,9
5824.615005,707,9
5824.620006,684,10
5824.625006,689,8
5824.630007,714,10
5824.635005,704,26
5824.640007,672,50
5824.645006,701,64
5824.650006,727,109
5824.655005,698,146
5824.660006,691,176
5824.665006,735,198
5824.670006,729,244
5824.675007,716,281
5824.680006,743,321
5824.685005,747,364
5824.690005,705,408
5824.695007,725,450
5824.700007,765,499
5824.705006,739,540
5824.710007,741,587
5824.715006,765,636
5824.720006,772,683
5824.725006,748,735
5824.730005,777,784
5824.735007,783,834
5824.740007,759,880
5824.745006,790,932
5824.750007,810,978
5824.755005,779,1032
5824.760005,777,1084
5824.765006,813,1125
5824.770006,819,1171
5824.775005,787,1220
5824.780006,842,1261
5824.785006,833,1299
5824.790006,799,1343
5824.795007,832,1378
5824.800005,840,1423
5824.805007,822,1452
5824.810006,830,1481
5824.815006,855,1518
5824.820005,862,1542
5824.825006,831,1572
5824.830006,878,1594
5824.835006,873,1611
5824.840007,844,1638
5824.845007,854,1658
5824.850006,877,1678
5824.855006,840,1695
5824.860005,859,1700
5824.865005,885,1722
5824.870006,862,1736
5824.875007,868,1744
5824.880006,874,1759
5824.885006,883,1768
5824.890006,854,1773
5824.895005,861,1785
5824.900006,881,1793
5824.905005,848,1801
5824.910005,857,1806
5824.915005,893,1808
5824.920005,873,1818
5824.925006,870,1809
5824.930006,897,1821
5824.935006,889,1824
5824.940005,848,1830
5824.945006,861,1829
5824.950005,884,1829
5824.955006,866,1823
5824.960006,861,1826
5824.965006,898,1823
5824.970006,884,1824
5824.975005,853,1821
5824.980006,874,1819
5824.985005,886,1810
5824.990005,849,1804
5824.995006,873,1799
5825.000006,886,1794
5825.005006,842,1785
5825.010007,842,1772
5825.015006,869,1772
5825.020006,878,1759
5825.025005,838,1750
5825.030006,862,1742
5825.035005,867,1726
5825.040006,829,1716
5825.045006,859,1701
5825.050007,868,1687
5825.055006,840,1671
5825.060005,830,1656
5825.065006,870,1637
5825.070005,851,1617
5825.075006,820,1603
5825.080006,864,1583
5825.085006,865,1562
5825.090006,813,1546
5825.095006,820,1524
5825.100005,859,1505
5825.105007,822,1487
5825.110007,816,1468
5825.115006,853,1449
5825.120006,818,1436
5825.125007,814,1415
5825.130006,842,1398
5825.135007,828,1383
5825.140005,793,1370
5825.145006,822,1349
5825.150005,845,1334
5825.155006,797,1321
5825.160005,794,1312
5825.165005,843,1289
5825.170005,818,1275
5825.175005,801,1261
5825.180007,815,1249
5825.185005,836,1232
5825.190006,792,1216
5825.195006,791,1207
5825.200005,833,1188
5825.205005,789,1178
5825.210005,782,1171
5825.215005,830,1139
5825.220006,796,1130
5825.225006,798,1120
5825.230005,812,1112
5825.235006,824,1096
5825.240005,789,1082
5825.245006,789,1078
5825.250006,820,1063
5825.255006,778,1058
5825.260006,770,1053
5825.265006,817,1044
5825.270006,786,1043
5825.275005,782,1034
5825.280006,793,1027
5825.285006,814,1025
5825.290006,764,1025
5825.295006,776,1024
5825.300006,822,1017
5825.305007,785,1016
5825.310006,767,1021
5825.315006,818,1017
5825.320006,797,1016
5825.325005,781,1015
5825.330006,800,1017
5825.335006,791,1022
5825.340006,775,1021
5825.345006,780,1023
5825.350006,799,1025
5825.355006,782,1026
5825.360006,777,1031
5825.365006,817,1033
5825.370005,789,1038
5825.375005,788,1038
5825.380006,798,1045
5825.385006,810,1045
5825.390006,761,1048
5825.395005,794,1050
5825.400006,810,1056
5825.405006,771,1054
5825.410005,797,1058
5825.415005,807,1065
5825.420005,811,1068
5825.425005,767,1072
5825.430007,815,1071
5825.435006,813,1074
5825.440005,779,1079
5825.445006,779,1082
5825.450005,813,1084
5825.455006,788,1085
5825.460007,774,1085
5825.465006,825,1085
5825.470006,811,1080
5825.475005,780,1080
5825.480006,812,1081
5825.485007,809,1078
5825.490006,775,1076
5825.495006,778,1077
5825.500007,820,1073
5825.505005,783,1069
5825.510006,780,1057
5825.515007,819,1067
5825.520007,802,1064
5825.525006,778,1060
5825.530005,796,1057
5825.535006,791,1056
5825.540007,782,1044
5825.545005,772,1046
5825.550005,798,1041
5825.555007,767,1039
5825.560006,782,1030
5825.565005,808,1030
5825.570006,785,1032
5825.575007,777,1028
5825.580006,805,1029
5825.585007,791,1034
5825.590006,769,1036
5825.595007,780,1041
5825.600005,796,1046
5825.605006,779,1057
5825.610006,776,1070
5825.615006,800,1085
5825.620006,782,1103
5825.625007,775,1116
5825.630007,800,1136
5825.635005,803,1159
5825.640007,767,1182
5825.645005,773,1213
5825.650006,813,1237
5825.655007,782,1265
5825.660007,779,1294
5825.665006,838,1323
5825.670005,820,1356
5825.675005,780,1394
5825.680007,828,1422
5825.685006,820,1458
5825.690006,812,1485
5825.695005,806,1520
5825.700006,862,1548
5825.705006,833,1572
5825.710006,826,1604
5825.715006,868,1626
5825.720006,845,1647
5825.725006,820,1666
5825.730006,874,1684
5825.735005,869,1701
5825.740005,830,1718
5825.745006,850,1733
5825.750007,885,1739
5825.755005,861,1757
5825.760005,848,1771
5825.765006,897,1778
5825.770006,881,1790
5825.775005,866,1805
5825.780006,885,1817
5825.785006,880,1837
5825.790007,866,1848
5825.795005,874,1865
5825.800005,905,1877
5825.805006,869,1895
5825.810005,872,1917
5825.815006,932,1934
5825.820005,916,1956
5825.825005,890,1976
5825.830006,917,1999
5825.835005,915,2027
5825.840006,906,2048
5825.845005,909,2080
5825.850006,928,2103
5825.855006,914,2133
5825.860005,919,2163
5825.865006,951,2189
5825.870005,934,2220
5825.875006,926,2243
5825.880006,954,2279
5825.885005,946,2316
5825.890007,943,2336
5825.895007,941,2369
5825.900006,983,2398
5825.905005,945,2430
5825.910006,945,2466
5825.915005,1004,2490
5825.920006,984,2523
5825.925006,972,2553
5825.930007,1001,2582
5825.935005,1007,2615
5825.940007,977,2642
5825.945007,984,2670
5825.950006,1029,2699
5825.955006,986,2732
5825.960007,1014,2751
5825.965006,1034,2781
5825.970006,1027,2807
5825.975007,999,2832
5825.980006,1032,2856
5825.985006,1060,2876
5825.990006,1011,2900
5825.995006,1043,2914
5826.000006,1067,2939
5826.005006,1037,2955
5826.010007,1039,2974
5826.015006,1063,2992
5826.020005,1077,3001
5826.025006,1049,3023
5826.030006,1065,3039
5826.035006,1085,3048
5826.040006,1044,3061
5826.045007,1068,3072
5826.050005,1099,3081
5826.055007,1073,3088
5826.060006,1065,3100
5826.065005,1100,3105
5826.070006,1088,3113
5826.075006,1070,3112
5826.080007,1107,3113
5826.085005,1104,3112
5826.090006,1066,3108
5826.095006,1096,3102
5826.100006,1102,3090
5826.105005,1095,3079
5826.110006,1069,3060
5826.115006,1125,3035
5826.120005,1098,3009
5826.125005,1072,2979
5826.130005,1086,2947
5826.135005,1084,2915
5826.140007,1060,2866
5826.145007,1066,2818
5826.150006,1082,2775
5826.155007,1049,2723
5826.160006,1034,2663
5826.165006,1079,2606
5826.170006,1051,2539
5826.175006,1026,2482
5826.180006,1043,2411
5826.185005,1027,2345
5826.190007,976,2276
5826.195007,990,2202
5826.200006,1000,2129
5826.205007,979,2052
5826.210007,958,1975
5826.215006,965,1907
5826.220007,970,1819
5826.225005,914,1744
5826.230006,925,1667
5826.235006,932,1588
5826.240006,880,1508
5826.245005,877,1433
5826.250006,913,1351
5826.255006,868,1275
5826.260007,845,1207
5826.265006,873,1134
5826.270005,849,1061
5826.275006,819,987
5826.280006,840,921
5826.285006,821,854
5826.290007,788,787
5826.295007,782,721
5826.300005,801,648
5826.305005,785,593
5826.310006,759,535
5826.315006,795,474
5826.320005,758,417
5826.325005,736,353
5826.330006,747,305
5826.335006,760,258
5826.340006,723,202
5826.345007,719,155
5826.350006,742,108
5826.355005,700,66
5826.360007,707,26
5826.365007,717,12
5826.370007,704,10
5826.375006,673,6
5826.380005,711,9
5826.385006,700,9
5826.390006,685,9
5826.395005,675,11
5826.400006,719,10
5826.405006,687,9
5826.410006,676,7
5826.415006,695,5
5826.420006,694,9
5826.425006,683,10
5826.430007,693,12
5826.435006,700,8
5826.440006,660,9
5826.445006,682,9
5826.450006,697,12
5826.455006,689,9
5826.460006,666,9
5826.465005,713,10
5826.470006,692,9
5826.475006,674,0
5826.480006,696,9
5826.485006,709,6
5826.490006,663,11
5826.495006,687,7
5826.500007,696,7
5826.505005,684,10
5826.510005,679,10
5826.515006,694,11
5826.520006,699,11
5826.525005,657,9
5826.530006,691,10
5826.535006,688,4
5826.540006,668,10
5826.545006,666,14
5826.550007,704,9
5826.555007,663,10
5826.560005,675,8
5826.565007,709,10
5826.570006,684,11
5826.575006,651,10
5826.580007,692,11
5826.585007,684,8
5826.590005,649,26
5826.595007,676,59
5826.600007,697,97
5826.605006,686,133
5826.610006,680,171
5826.615005,710,221
5826.620005,716,257
5826.625005,703,297
5826.630005,722,346
5826.635005,725,385
5826.640006,709,422
5826.645006,722,477
5826.650006,761,525
5826.655006,723,578
5826.660005,734,620
5826.665005,769,678
5826.670005,753,732
5826.675005,745,775
5826.680007,781,822
5826.685005,769,877
5826.690006,760,921
5826.695005,761,974
5826.700005,789,1019
5826.705005,782,1065
5826.710005,774,1112
5826.715005,827,1148
5826.720007,808,1194
5826.725007,773,1234
5826.730007,823,1269
5826.735007,822,1307
5826.740006,799,1342
5826.745006,802,1373
5826.750007,849,1405
5826.755005,815,1433
5826.760005,802,1465
5826.765007,853,1481
5826.770005,842,1513
5826.775006,806,1536
5826.780005,846,1561
5826.785006,849,1567
5826.790005,819,1602
5826.795005,826,1623
5826.800006,861,1639
5826.805006,856,1647
5826.810006,837,1670
5826.815006,867,1681
5826.820005,864,1688
5826.825006,844,1704
5826.830007,868,1715
5826.835006,858,1719
5826.840007,839,1732
5826.845006,847,1737
5826.850005,872,1745
5826.855006,857,1752
5826.860005,839,1755
5826.865005,866,1760
5826.870005,877,1755
5826.875005,840,1766
5826.880006,853,1772
5826.885006,884,1770
5826.890007,826,1775
5826.895007,851,1775
5826.900006,890,1770
5826.905006,855,1778
5826.910005,830,1781
5826.915005,879,1781
5826.920005,869,1781
5826.925005,828,1788
5826.930007,877,1781
5826.935006,874,1774
5826.940005,840,1785
5826.945006,840,1789
5826.950005,884,1782
5826.955005,850,1785
5826.960005,852,1780
5826.965005,872,1779
5826.970007,857,1775
5826.975006,833,1764
5826.980006,845,1768
5826.985005,849,1763
5826.990005,826,1756
5826.995005,847,1749
5827.000005,869,1740
5827.005005,833,1737
5827.010005,832,1733
5827.015006,853,1724
5827.020005,839,1723
5827.025006,837,1706
5827.030005,838,1708
5827.035005,858,1691
5827.040006,813,1696
5827.045007,812,1686
5827.050006,866,1673
5827.055006,832,1670
5827.060006,813,1662
5827.065006,846,1652
5827.070005,826,1647
5827.075005,816,1635
5827.080006,818,1631
5827.085006,848,1619
5827.090006,798,1614
5827.095006,798,1602
5827.100006,828,1597
5827.105005,817,1589
5827.110006,795,1577
5827.115005,821,1578
5827.120006,822,1574
5827.125006,805,1571
5827.130006,805,1573
5827.135006,829,1569
5827.140006,781,1572
5827.145007,809,1570
5827.150006,824,1571
5827.155005,801,1572
5827.160006,801,1571
5827.165006,815,1580
5827.170006,825,1585
5827.175006,797,1587
5827.180006,824,1595
5827.185006,827,1602
5827.190006,784,1614
5827.195006,812,1615
5827.200006,832,1616
5827.205006,810,1635
5827.210006,802,1646
5827.215006,831,1659
5827.220006,836,1661
5827.225006,802,1675
5827.230005,815,1684
5827.235006,825,1696
5827.240006,804,1705
5827.245005,808,1713
5827.250006,831,1727
5827.255006,831,1731
5827.260006,820,1748
5827.265007,843,1756
5827.270005,843,1766
5827.275006,813,1781
5827.280005,826,1796
5827.285005,857,1808
5827.290005,812,1821
5827.295005,838,1837
5827.300006,860,1852
5827.305007,827,1870
5827.310005,835,1883
5827.315006,857,1901
5827.320005,865,1914
5827.325006,826,1936
5827.330006,841,1951
5827.335007,876,1968
5827.340005,828,1986
5827.345006,835,2006
5827.350006,889,2019
5827.355005,849,2040
5827.360006,859,2059
5827.365006,878,2074
5827.370006,880,2090
5827.375007,848,2109
5827.380007,868,2129
5827.385005,877,2146
5827.390007,851,2162
5827.395005,856,2182
5827.400006,890,2202
5827.405006,889,2211
5827.410006,865,2227
5827.415006,894,2248
5827.420007,908,2260
5827.425005,860,2277
5827.430006,885,2293
5827.435005,915,2305
5827.440007,874,2323
5827.445005,884,2325
5827.450006,919,2350
5827.455006,884,2366
5827.460006,902,2376
5827.465007,919,2388
5827.470006,911,2400
5827.475006,876,2415
5827.480005,925,2423
5827.485006,915,2437
5827.490006,904,2444
5827.495005,907,2454
5827.500006,930,2465
5827.505007,909,2475
5827.510006,908,2474
5827.515006,940,2492
5827.520006,924,2505
5827.525006,907,2509
5827.530005,933,2519
5827.535005,923,2533
5827.540006,910,2531
5827.545006,916,2543
5827.550007,934,2562
5827.555006,925,2562
5827.560006,909,2570
5827.565005,955,2575
5827.570006,938,2581
5827.575006,922,2585
5827.580007,924,2592
5827.585005,948,2589
5827.590006,929,2601
5827.595007,927,2603
5827.600005,951,2607
5827.605007,932,2611
5827.610005,921,2613
5827.615005,948,2622
5827.620005,963,2619
5827.625006,933,2620
5827.630007,931,2628
5827.635007,963,2625
5827.640006,916,2628
5827.645005,946,2624
5827.650007,960,2629
5827.655006,950,2625
5827.660006,918,2633
5827.665006,960,2630
5827.670007,940,2633
5827.675006,921,2630
5827.680006,947,2630
5827.685005,951,2629
5827.690006,936,2631
5827.695007,932,2628
5827.700005,958,2629
5827.705006,951,2628
5827.710007,929,2627
5827.715006,963,2624
5827.720007,951,2623
5827.725006,934,2622
5827.730005,940,2620
5827.735005,943,2625
5827.740005,932,2616
5827.745006,924,2613
5827.750007,969,2610
5827.755005,938,2606
5827.760006,915,2610
5827.765006,961,2604
5827.770005,949,2597
5827.775006,924,2597
5827.780006,949,2593
5827.785006,956,2590
5827.790007,920,2586
5827.795007,919,2588
5827.800006,965,2585
5827.805006,930,2583
5827.810006,914,2582
5827.815006,964,2575
5827.820005,953,2571
5827.825005,908,2574
5827.830006,936,2567
5827.835006,941,2568
5827.840006,911,2564
5827.845006,939,2553
5827.850005,958,2552
5827.855006,922,2555
5827.860005,925,2541
5827.865005,964,2540
5827.870005,949,2538
5827.875006,902,2534
5827.880006,938,2530
5827.885007,945,2526
5827.890005,901,2524
5827.895006,926,2520
5827.900005,942,2520
5827.905006,944,2515
5827.910005,902,2517
5827.915005,955,2513
5827.920006,932,2513
5827.925006,910,2508
5827.930005,933,2508
5827.935007,946,2505
5827.940006,915,2509
5827.945005,902,2510
5827.950006,952,2504
5827.955006,933,2507
5827.960007,912,2498
5827.965006,936,2506
5827.970006,923,2510
5827.975006,912,2501
5827.980007,924,2507
5827.985007,927,2507
5827.990007,909,2504
5827.995006,909,2505
5828.000006,933,2505
5828.005006,922,2508
5828.010006,926,2504
5828.015007,938,2507
5828.020005,922,2511
5828.025006,912,2509
5828.030006,929,2504
5828.035005,939,2514
5828.040005,898,2516
5828.045005,920,2521
5828.050006,930,2527
5828.055007,922,2524
5828.060006,905,2521
5828.065006,939,2533
5828.070005,932,2537
5828.075006,897,2546
5828.080006,917,2552
5828.085007,932,2560
5828.090005,922,2561
5828.095007,915,2568
5828.100005,953,2574
5828.105006,929,2580
5828.110007,904,2587
5828.115006,954,2592
5828.120006,944,2597
5828.125005,900,2603
5828.130005,942,2605
5828.135005,933,2615
5828.140007,921,2617
5828.145005,908,2619
5828.150006,952,2625
5828.155005,924,2628
5828.160005,926,2627
5828.165005,956,2628
5828.170005,931,2633
5828.175005,920,2624
5828.180006,939,2636
5828.185005,939,2633
5828.190006,926,2633
5828.195005,925,2631
5828.200005,943,2634
5828.205005,941,2626
5828.210005,903,2634
5828.215006,952,2626
5828.220006,933,2625
5828.225005,906,2626
5828.230006,938,2619
5828.235005,942,2616
5828.240005,903,2618
5828.245005,911,2609
5828.250006,951,2608
5828.255006,919,2610
5828.260007,919,2605
5828.265006,952,2600
5828.270005,953,2597
5828.275007,895,2601
5828.280007,922,2590
5828.285007,937,2588
5828.290007,903,2587
5828.295005,912,2577
5828.300006,951,2576
5828.305007,919,2574
5828.310006,922,2566
5828.315005,940,2561
5828.320006,931,2557
5828.325006,894,2555
5828.330007,929,2547
5828.335006,932,2542
5828.340007,914,2539
5828.345005,903,2535
5828.350006,931,2531
5828.355005,935,2522
5828.360006,902,2518
5828.365005,924,2517
5828.370005,935,2511
5828.375005,890,2502
5828.380005,922,2495
5828.385005,922,2495
5828.390006,899,2480
5828.395005,913,2475
5828.400006,924,2471
5828.405005,922,2448
5828.410006,902,2452
5828.415005,928,2444
5828.420005,934,2438
5828.425005,884,2433
5828.430006,902,2424
5828.435006,933,2413
5828.440005,900,2409
5828.445006,896,2401
5828.450006,918,2395
5828.455007,896,2381
5828.460005,898,2372
5828.465005,914,2367
5828.470007,901,2360
5828.475006,888,2349
5828.480006,901,2336
5828.485005,906,2329
5828.490006,890,2320
5828.495005,883,2308
5828.500005,907,2300
5828.505005,904,2288
5828.510005,863,2279
5828.515005,914,2260
5828.520006,893,2251
5828.525006,855,2244
5828.530005,884,2227
5828.535006,913,2218
5828.540006,863,2203
5828.545006,859,2194
5828.550005,900,2179
5828.555007,877,2165
5828.560005,870,2151
5828.565006,897,2143
5828.570005,877,2134
5828.575006,870,2121
5828.580007,869,2109
5828.585005,894,2098
5828.590005,861,2093
5828.595006,849,2082
5828.600005,892,2065
5828.605007,865,2062
5828.610005,861,2050
5828.615005,871,2044
5828.620006,886,2028
5828.625005,840,2016
5828.630005,848,2014
5828.635005,887,2000
5828.640007,838,1993
5828.645006,855,1977
5828.650005,885,1964
5828.655007,858,1957
5828.660007,836,1941
5828.665007,884,1937
5828.670005,864,1929
5828.675005,846,1913
5828.680006,844,1909
5828.685005,864,1884
5828.690006,841,1883
5828.695005,852,1872
5828.700005,872,1865
5828.705005,841,1856
5828.710006,844,1835
5828.715006,866,1827
5828.720006,847,1819
5828.725005,819,1805
5828.730006,849,1790
5828.735007,855,1783
5828.740006,816,1773
5828.745006,837,1752
5828.750006,870,1749
5828.755006,838,1741
5828.760006,825,1728
5828.765006,853,1718
5828.770007,838,1711
5828.775006,831,1696
5828.780005,828,1693
5828.785005,859,1680
5828.790005,833,1664
5828.795005,829,1660
5828.800005,852,1649
5828.805006,828,1644
5828.810005,811,1636
5828.815006,857,1621
5828.820005,833,1619
5828.825006,823,1606
5828.830006,841,1603
5828.835005,844,1595
5828.840006,820,1579
5828.845006,829,1581
5828.850005,843,1577
5828.855006,834,1567
5828.860006,821,1557
5828.865006,851,1550
5828.870006,839,1548
5828.875006,819,1539
5828.880006,821,1536
5828.885006,860,1524
5828.890006,813,1517
5828.895005,811,1515
5828.900006,850,1505
5828.905006,828,1500
5828.910005,827,1495
5828.915006,856,1488
5828.920007,830,1487
5828.925005,815,1480
5828.930007,819,1477
5828.935006,859,1471
5828.940006,816,1465
5828.945005,822,1464
5828.950006,844,1461
5828.955006,821,1455
5828.960007,805,1455
5828.965005,859,1449
5828.970006,838,1448
5828.975006,799,1448
5828.980005,832,1440
5828.985006,838,1443
5828.990007,820,1436
5828.995006,810,1436
5829.000006,866,1429
5829.005006,847,1432
5829.010007,805,1430
5829.015006,837,1430
5829.020006,856,1425
5829.025006,814,1427
5829.030006,819,1423
5829.035005,850,1420
5829.040005,811,1420
5829.045005,835,1417
5829.050006,857,1417
5829.055006,832,1415
5829.060005,806,1419
5829.065006,851,1416
5829.070006,838,1415
5829.075005,831,1413
5829.080005,829,1417
5829.085005,854,1415
5829.090005,810,1420
5829.095007,841,1416
5829.100005,861,1421
5829.105006,831,1423
5829.110006,829,1421
5829.115005,841,1424
5829.120005,856,1423
5829.125005,809,1428
5829.130005,829,1427
5829.135006,861,1431
5829.140007,829,1431
5829.145006,837,1435
5829.150005,850,1434
5829.155006,849,1435
5829.160005,833,1436
5829.165005,845,1439
5829.170006,859,1429
5829.175006,831,1437
5829.180006,828,1441
5829.185006,847,1440
5829.190006,838,1438
5829.195005,835,1438
5829.200005,867,1438
5829.205005,844,1440
5829.210006,829,1439
5829.215006,852,1437
5829.220006,865,1438
5829.225006,819,1435
5829.230005,845,1435
5829.235006,850,1437
5829.240006,834,1436
5829.245006,821,1437
5829.250006,852,1437
5829.255007,837,1435
5829.260006,831,1436
5829.265007,861,1430
5829.270007,848,1435
5829.275006,809,1436
5829.280007,846,1433
5829.285006,849,1431
5829.290007,832,1430
5829.295005,820,1434
5829.300005,864,1428
5829.305006,847,1427
5829.310006,824,1428
5829.315005,858,1429
5829.320006,843,1429
5829.325005,829,1426
5829.330005,830,1424
5829.335005,852,1427
5829.340006,840,1420
5829.345007,829,1421
5829.350006,845,1418
5829.355006,852,1420
5829.360006,823,1416
5829.365005,840,1416
5829.370005,862,1413
5829.375005,819,1410
5829.380005,828,1411
5829.385005,861,1405
5829.390006,817,1407
5829.395007,816,1397
5829.400006,873,1402
5829.405007,856,1398
5829.410006,811,1403
5829.415006,856,1399
5829.420006,836,1400
5829.425006,814,1398
5829.430006,822,1392
5829.435006,860,1392
5829.440005,813,1389
5829.445006,821,1391
5829.450005,863,1387
5829.455005,837,1388
5829.460006,816,1386
5829.465006,845,1386
5829.470006,846,1386
5829.475005,812,1382
5829.480005,826,1381
5829.485006,864,1382
5829.490006,822,1380
5829.495005,811,1382
5829.500006,865,1379
5829.505006,830,1382
5829.510007,821,1372
5829.515005,846,1374
5829.520006,834,1377
5829.525005,811,1373
5829.530007,817,1373
5829.535007,860,1366
5829.540006,825,1366
5829.545006,816,1364
5829.550006,840,1363
5829.555006,832,1362
5829.560006,810,1361
5829.565005,845,1362
5829.570006,836,1356
5829.575006,824,1358
5829.580007,836,1357
5829.585005,839,1361
5829.590006,831,1357
5829.595006,826,1357
5829.600006,839,1360
5829.605005,826,1361
5829.610006,824,1355
5829.615005,847,1358
5829.620006,833,1366
5829.625006,800,1363
5829.630006,813,1354
5829.635007,857,1356
5829.640005,810,1360
5829.645006,826,1360
5829.650005,848,1358
5829.655006,849,1354
5829.660007,819,1358
5829.665006,830,1354
5829.670006,856,1348
5829.675007,799,1355
5829.680006,816,1352
5829.685006,857,1352
5829.690005,815,1353
5829.695006,814,1350
5829.700007,864,1351
5829.705006,842,1352
5829.710006,822,1350
5829.715007,850,1353
5829.720005,846,1352
5829.725007,804,1356
5829.730005,822,1355
5829.735006,854,1355
5829.740006,822,1357
5829.745006,808,1363
5829.750007,846,1363
5829.755005,832,1368
5829.760006,821,1370
5829.765007,836,1361
5829.770005,848,1374
5829.775006,821,1368
5829.780005,819,1382
5829.785005,864,1375
5829.790006,830,1381
5829.795007,819,1389
5829.800005,846,1391
5829.805006,832,1398
5829.810005,831,1392
5829.815006,842,1400
5829.820006,859,1402
5829.825005,810,1403
5829.830005,841,1402
5829.835006,859,1405
5829.840007,817,1411
5829.845006,818,1410
5829.850005,872,1409
5829.855007,838,1415
5829.860006,830,1411
5829.865006,859,1411
5829.870005,841,1413
5829.875005,826,1413
5829.880005,828,1409
5829.885005,869,1410
5829.890006,834,1409
5829.895006,821,1411
5829.900006,870,1409
5829.905005,853,1410
5829.910005,824,1410
5829.915006,849,1409
5829.920007,846,1411
5829.925005,835,1409
5829.930006,837,1404
5829.935007,858,1413
5829.940006,838,1400
5829.945006,829,1411
5829.950005,857,1409
5829.955005,845,1410
5829.960005,837,1413
5829.965006,852,1411
5829.970006,846,1418
5829.975006,821,1404
5829.980005,841,1414
5829.985007,866,1412
5829.990006,827,1414
5829.995006,844,1408
5830.000006,863,1414
5830.005006,842,1417
5830.010006,826,1405
5830.015007,860,1411
5830.020005,861,1398
5830.025006,829,1412
5830.030006,831,1410
5830.035006,856,1410
5830.040006,820,1414
5830.045005,839,1405
5830.050006,860,1407
5830.055007,840,1408
5830.060006,839,1401
5830.065005,852,1405
5830.070006,849,1403
5830.075006,813,1403
5830.080006,839,1401
5830.085006,861,1400
5830.090006,824,1400
5830.095007,824,1399
5830.100006,853,1401
5830.105006,859,1396
5830.110006,820,1397
5830.115006,858,1395
5830.120005,844,1397
5830.125006,826,1395
5830.130006,825,1387
5830.135007,856,1394
5830.140005,841,1392
5830.145007,818,1394
5830.150007,859,1397
5830.155007,836,1397
5830.160007,830,1390
5830.165005,843,1393
5830.170005,859,1387
5830.175005,818,1393
5830.180006,843,1385
5830.185005,854,1392
5830.190007,819,1389
5830.195006,829,1386
5830.200006,851,1385
5830.205006,836,1387
5830.210007,816,1386
5830.215006,850,1385
5830.220006,860,1381
5830.225005,833,1380
5830.230006,837,1384
5830.235007,859,1385
5830.240006,820,1386
5830.245006,825,1390
5830.250007,847,1390
5830.255005,853,1388
5830.260006,816,1389
5830.265007,854,1390
5830.270006,864,1388
5830.275006,809,1392
5830.280005,831,1391
5830.285005,845,1391
5830.290005,833,1395
5830.295006,836,1395
5830.300006,848,1397
5830.305006,855,1396
5830.310005,815,1398
5830.315007,855,1397
5830.320006,851,1387
5830.325006,820,1399
5830.330006,830,1404
5830.335007,848,1407
5830.340007,845,1403
5830.345006,823,1407
5830.350006,871,1411
5830.355005,859,1412
5830.360006,817,1414
5830.365007,860,1416
5830.370007,851,1414
5830.375006,820,1416
5830.380006,831,1420
5830.385007,849,1423
5830.390007,846,1420
5830.395007,839,1422
5830.400007,867,1424
5830.405007,852,1427
5830.410007,813,1428
5830.415006,843,1425
5830.420006,861,1427
5830.425006,824,1432
5830.430007,823,1431
5830.435005,872,1430
5830.440006,829,1435
5830.445006,843,1435
5830.450006,861,1436
5830.455007,850,1439
5830.460006,823,1442
5830.465006,861,1431
5830.470006,870,1444
5830.475005,825,1448
5830.480007,832,1450
5830.485007,869,1453
5830.490007,831,1454
5830.495007,825,1456
5830.500006,873,1455
5830.505006,862,1457
5830.510006,830,1461
5830.515007,847,1462
5830.520005,850,1465
5830.525006,830,1464
5830.530006,843,1466
5830.535006,860,1465
5830.540006,832,1467
5830.545007,844,1465
5830.550006,874,1458
5830.555006,849,1467
5830.560006,819,1470
5830.565005,870,1469
5830.570006,870,1472
5830.575005,839,1473
5830.580005,836,1473
5830.585005,858,1475
5830.590006,834,1477
5830.595006,842,1477
5830.600005,860,1482
5830.605007,868,1478
5830.610006,833,1478
5830.615006,847,1480
5830.620006,850,1484
5830.625006,836,1480
5830.630006,827,1481
5830.635006,878,1477
5830.640007,837,1478
5830.645005,825,1483
5830.650007,856,1479
5830.655005,867,1474
5830.660006,843,1473
5830.665007,849,1475
5830.670006,863,1475
5830.675007,825,1474
5830.680007,835,1474
5830.685005,855,1473
5830.690007,853,1467
5830.695006,828,1472
5830.700007,856,1475
5830.705006,861,1470
5830.710007,830,1470
5830.715005,848,1470
5830.720006,869,1471
5830.725007,821,1469
5830.730006,853,1466
5830.735006,878,1465
5830.740005,842,1470
5830.745005,835,1468
5830.750005,856,1467
5830.755006,862,1468
5830.760006,833,1466
5830.765006,856,1468
5830.770005,863,1469
5830.775007,823,1466
5830.780007,840,1468
5830.785005,855,1467
5830.790005,852,1466
5830.795006,825,1466
5830.800006,878,1461
5830.805006,861,1461
5830.810005,834,1461
5830.815007,857,1459
5830.820007,848,1456
5830.825006,830,1446
5830.830005,835,1456
5830.835006,874,1447
5830.840007,832,1448
5830.845006,820,1444
5830.850005,861,1441
5830.855006,850,1442
5830.860005,837,1434
5830.865005,849,1432
5830.870005,864,1432
5830.875006,821,1429
5830.880006,824,1428
5830.885007,846,1428
5830.890007,845,1417
5830.895006,825,1419
5830.900005,845,1420
5830.905006,847,1413
5830.910007,809,1410
5830.915006,846,1405
5830.920005,847,1400
5830.925006,807,1402
5830.930006,835,1382
5830.935006,863,1390
5830.940005,822,1389
5830.945007,823,1385
5830.950006,850,1382
5830.955006,858,1378
5830.960007,818,1378
5830.965005,826,1379
5830.970007,854,1372
5830.975006,813,1369
5830.980006,828,1366
5830.985006,840,1365
5830.990005,828,1362
5830.995005,816,1356
5831.000005,838,1359
5831.005006,842,1353
5831.010006,822,1356
5831.015007,826,1354
5831.020006,849,1342
5831.025006,803,1350
5831.030005,820,1344
5831.035005,846,1344
5831.040006,814,1344
5831.045006,829,1339
5831.050006,850,1337
5831.055006,834,1336
5831.060005,804,1333
5831.065006,847,1327
5831.070005,846,1329
5831.075006,799,1329
5831.080007,804,1325
5831.085007,837,1328
5831.090006,828,1321
5831.095006,816,1319
5831.100006,840,1319
5831.105006,828,1308
5831.110005,796,1318
5831.115006,842,1312
5831.120006,834,1306
5831.125007,813,1312
5831.130007,811,1312
5831.135005,836,1309
5831.140006,827,1307
5831.145006,807,1309
5831.150005,832,1309
5831.155005,845,1305
5831.160006,793,1310
5831.165007,836,1309
5831.170005,832,1308
5831.175006,797,1306
5831.180006,818,1313
5831.185007,836,1319
5831.190006,821,1319
5831.195005,796,1329
5831.200006,843,1332
5831.205006,825,1336
5831.210006,809,1346
5831.215006,826,1342
5831.220006,847,1360
5831.225006,799,1371
5831.230005,819,1369
5831.235006,833,1393
5831.240007,825,1404
5831.245006,813,1414
5831.250007,837,1431
5831.255005,841,1444
5831.260006,807,1455
5831.265006,838,1473
5831.270005,839,1486
5831.275006,806,1498
5831.280005,833,1515
5831.285005,860,1531
5831.290006,822,1547
5831.295006,826,1556
5831.300007,856,1572
5831.305006,864,1580
5831.310005,815,1593
5831.315006,842,1603
5831.320006,863,1616
5831.325006,837,1625
5831.330007,845,1630
5831.335005,865,1638
5831.340006,841,1646
5831.345007,833,1643
5831.350006,877,1649
5831.355005,871,1660
5831.360007,825,1663
5831.365006,869,1664
5831.370006,865,1665
5831.375007,830,1665
5831.380006,844,1665
5831.385006,871,1664
5831.390007,850,1658
5831.395006,843,1661
5831.400006,868,1654
5831.405005,860,1652
5831.410006,829,1651
5831.415006,865,1644
5831.420007,875,1645
5831.425007,839,1641
5831.430006,839,1642
5831.435005,863,1630
5831.440007,850,1632
5831.445007,831,1634
5831.450007,881,1630
5831.455007,859,1627
5831.460006,821,1632
5831.465007,866,1628
5831.470006,860,1628
5831.475006,838,1630
5831.480006,836,1627
5831.485006,860,1633
5831.490006,845,1633
5831.495005,832,1635
5831.500005,861,1640
5831.505006,862,1641
5831.510007,836,1644
5831.515006,860,1651
5831.520006,878,1652
5831.525005,839,1658
5831.530007,843,1662
5831.535006,873,1666
5831.540006,862,1672
5831.545007,850,1671
5831.550007,873,1675
5831.555006,880,1682
5831.560006,848,1682
5831.565006,858,1689
5831.570005,877,1692
5831.575005,839,1695
5831.580005,843,1697
5831.585006,872,1703
5831.590006,873,1704
5831.595006,859,1703
5831.600005,874,1711
5831.605007,889,1712
5831.610006,856,1710
5831.615005,862,1716
5831.620005,879,1707
5831.625006,855,1708
5831.630006,861,1716
5831.635007,882,1718
5831.640005,871,1717
5831.645007,856,1718
5831.650006,880,1721
5831.655005,894,1719
5831.660006,848,1722
5831.665006,881,1721
5831.670006,887,1717
5831.675007,866,1728
5831.680005,853,1731
5831.685006,902,1731
5831.690005,871,1737
5831.695006,868,1731
5831.700006,905,1738
5831.705006,896,1743
5831.710007,853,1745
5831.715006,877,1748
5831.720006,882,1750
5831.725005,867,1756
5831.730006,867,1758
5831.735005,889,1767
5831.740005,892,1761
5831.745005,871,1765
5831.750006,897,1768
5831.755006,902,1771
5831.760006,855,1775
5831.765006,892,1775
5831.770006,888,1780
5831.775005,853,1784
5831.780007,875,1782
5831.785006,894,1782
5831.790006,875,1787
5831.795007,879,1786
5831.800005,899,1789
5831.805006,889,1780
5831.810006,875,1791
5831.815006,880,1793
5831.820006,894,1793
5831.825006,861,1795
5831.830006,883,1794
5831.835006,905,1793
5831.840006,872,1795
5831.845006,862,1797
5831.850006,910,1793
5831.855005,897,1795
5831.860007,872,1797
5831.865006,886,1795
5831.870006,893,1800
5831.875007,862,1800
5831.880007,868,1800
5831.885005,905,1797
5831.890007,874,1804
5831.895006,881,1804
5831.900005,917,1803
5831.905007,907,1803
5831.910007,877,1804
5831.915007,891,1809
5831.920007,894,1810
5831.925006,872,1805
5831.930006,864,1810
5831.935006,910,1800
5831.940006,881,1809
5831.945005,863,1810
5831.950005,892,1809
5831.955005,900,1810
5831.960005,858,1812
5831.965006,876,1804
5831.970006,913,1808
5831.975006,859,1807
5831.980005,869,1804
5831.985006,899,1807
5831.990006,873,1808
5831.995007,870,1806
5832.000006,895,1810
5832.005007,906,1806
5832.010007,861,1804
5832.015006,884,1804
5832.020006,892,1808
5832.025005,859,1805
5832.030007,869,1803
5832.035007,894,1804
5832.040007,892,1792
5832.045005,870,1801
5832.050005,894,1802
5832.055007,880,1804
5832.060006,877,1795
5832.065005,890,1797
5832.070006,900,1794
5832.075006,854,1798
5832.080007,880,1792
5832.085006,894,1793
5832.090006,883,1791
5832.095007,863,1790
5832.100007,908,1789
5832.105005,888,1790
5832.110006,848,1792
5832.115006,887,1786
5832.120005,894,1786
5832.125005,858,1786
5832.130006,859,1790
5832.135007,891,1790
5832.140005,886,1788
5832.145007,871,1785
5832.150006,905,1786
5832.155006,887,1784
5832.160006,853,1785
5832.165006,872,1782
5832.170006,887,1782
5832.175006,863,1779
5832.180006,865,1776
5832.185005,889,1777
5832.190006,873,1772
5832.195007,873,1768
5832.200007,891,1764
5832.205006,886,1761
5832.210005,862,1758
5832.215005,879,1752
5832.220007,893,1751
5832.225006,850,1749
5832.230005,854,1750
5832.235007,900,1739
5832.240007,881,1741
5832.245006,848,1741
5832.250006,894,1738
5832.255006,886,1736
5832.260006,850,1738
5832.265005,862,1736
5832.270006,885,1733
5832.275006,846,1732
5832.280005,866,1733
5832.285005,894,1734
5832.290006,863,1733
5832.295006,847,1732
5832.300006,883,1733
5832.305006,873,1731
5832.310005,860,1734
5832.315006,871,1731
5832.320006,881,1729
5832.325005,845,1731
5832.330005,872,1732
5832.335005,887,1733
5832.340005,866,1734
5832.345006,863,1732
5832.350006,881,1728
5832.355005,890,1738
5832.360007,844,1742
5832.365007,883,1740
5832.370007,890,1746
5832.375006,848,1748
5832.380006,849,1753
5832.385006,906,1755
5832.390006,871,1757
5832.395005,849,1763
5832.400006,900,1764
5832.405006,872,1773
5832.410005,863,1770
5832.415006,869,1769
5832.420006,895,1775
5832.425006,853,1771
5832.430007,876,1773
5832.435006,902,1777
5832.440006,874,1777
5832.445006,850,1774
5832.450006,882,1776
5832.455006,877,1775
5832.460006,861,1775
5832.465005,864,1778
5832.470006,891,1775
5832.475007,854,1779
5832.480007,876,1776
5832.485006,897,1776
5832.490005,876,1777
5832.495005,872,1779
5832.500006,899,1779
5832.505007,885,1779
5832.510005,848,1783
5832.515007,879,1783
5832.520007,903,1781
5832.525006,864,1789
5832.530007,851,1786
5832.535007,901,1787
5832.540006,879,1791
5832.545006,855,1786
5832.550006,893,1789
5832.555007,880,1791
5832.560006,843,1793
5832.565006,879,1783
5832.570005,897,1791
5832.575006,856,1790
5832.580006,872,1793
5832.585006,896,1792
5832.590007,869,1789
5832.595006,849,1792
5832.600005,898,1789
5832.605007,886,1791
5832.610006,856,1792
5832.615006,868,1791
5832.620005,881,1793
5832.625005,870,1789
5832.630006,868,1788
5832.635006,906,1785
5832.640006,880,1783
5832.645005,846,1793
5832.650006,903,1789
5832.655006,881,1784
5832.660006,857,1792
5832.665007,872,1793
5832.670006,880,1795
5832.675006,865,1787
5832.680005,856,1793
5832.685006,888,1791
5832.690007,869,1787
5832.695007,869,1790
5832.700007,896,1789
5832.705006,892,1789
5832.710007,850,1787
5832.715006,863,1783
5832.720006,901,1782
5832.725007,875,1783
5832.730006,874,1783
5832.735006,897,1781
5832.740006,871,1781
5832.745005,850,1782
5832.750005,884,1777
5832.755005,881,1777
5832.760006,865,1773
5832.765007,868,1769
5832.770007,893,1765
5832.775006,858,1766
5832.780007,854,1761
5832.785006,902,1750
5832.790005,866,1759
5832.795005,851,1751
5832.800006,898,1751
5832.805006,879,1746
5832.810005,867,1741
5832.815006,870,1737
5832.820007,890,1736
5832.825006,853,1737
5832.830005,848,1736
5832.835005,882,1730
5832.840005,870,1726
5832.845007,871,1717
5832.850005,889,1718
5832.855006,885,1716
5832.860006,849,1713
5832.865006,855,1712
5832.870005,898,1709
5832.875006,865,1703
5832.880006,853,1704
5832.885006,882,1704
5832.890007,877,1697
5832.895005,853,1697
5832.900006,885,1698
5832.905006,874,1696
5832.910006,836,1698
5832.915007,861,1695
5832.920006,876,1693
5832.925006,857,1689
5832.930007,852,1688
5832.935006,897,1683
5832.940005,870,1684
5832.945007,844,1680
5832.950006,868,1684
5832.955006,888,1674
5832.960006,844,1674
5832.965007,858,1678
5832.970006,888,1670
5832.975006,848,1667
5832.980006,853,1668
5832.985006,881,1667
5832.990006,868,1663
5832.995005,834,1666
5833.000005,862,1664
5833.005006,882,1656
5833.010006,841,1658
5833.015007,854,1660
5833.020006,877,1656
5833.025005,845,1660
5833.030007,853,1658
5833.035006,877,1659
5833.040006,850,1657
5833.045007,844,1658
5833.050006,859,1661
5833.055006,883,1656
5833.060006,830,1657
5833.065006,843,1652
5833.070005,868,1659
5833.075005,841,1659
5833.080005,852,1659
5833.085006,874,1660
5833.090006,860,1659
5833.095007,837,1662
5833.100006,863,1663
5833.105005,858,1663
5833.110007,837,1652
5833.115006,857,1659
5833.120005,883,1662
5833.125006,830,1661
5833.130006,857,1658
5833.135006,880,1657
5833.140006,860,1658
5833.145005,835,1657
5833.150006,861,1655
5833.155005,876,1653
5833.160005,825,1658
5833.165005,857,1651
5833.170005,877,1654
5833.175005,839,1651
5833.180006,842,1653
5833.185006,863,1658
5833.190005,866,1650
5833.195007,825,1657
5833.200006,858,1659
5833.205006,877,1655
5833.210006,822,1654
5833.215006,856,1657
5833.220006,879,1659
5833.225005,846,1663
5833.230006,842,1662
5833.235006,880,1664
5833.240005,859,1667
5833.245005,840,1666
5833.250005,861,1672
5833.255006,860,1674
5833.260007,834,1673
5833.265006,847,1676
5833.270006,864,1681
5833.275005,834,1683
5833.280006,840,1682
5833.285006,871,1682
5833.290006,863,1680
5833.295006,851,1682
5833.300006,881,1685
5833.305006,883,1681
5833.310006,832,1688
5833.315006,840,1688
5833.320006,874,1674
5833.325005,841,1689
5833.330006,848,1678
5833.335006,890,1688
5833.340006,864,1688
5833.345007,841,1688
5833.350006,867,1689
5833.355005,868,1693
5833.360006,830,1690
5833.365006,863,1689
5833.370005,874,1692
5833.375005,844,1693
5833.380006,849,1689
5833.385006,879,1690
5833.390006,858,1693
5833.395006,840,1691
5833.400005,876,1690
5833.405006,870,1690
5833.410005,846,1688
5833.415005,851,1690
5833.420005,877,1688
5833.425005,844,1686
5833.430006,844,1685
5833.435005,880,1681
5833.440007,876,1687
5833.445007,842,1685
5833.450006,870,1682
5833.455006,868,1682
5833.460006,841,1683
5833.465007,845,1682
5833.470005,889,1680
5833.475005,851,1678
5833.480006,840,1683
5833.485006,889,1680
5833.490005,861,1682
5833.495006,836,1679
5833.500006,862,1686
5833.505006,879,1684
5833.510006,836,1679
5833.515007,841,1681
5833.520007,868,1678
5833.525007,863,1677
5833.530006,846,1678
5833.535005,867,1680
5833.540006,874,1677
5833.545006,846,1676
5833.550006,869,1680
5833.555006,861,1681
5833.560005,849,1679
5833.565006,848,1667
5833.570006,880,1675
5833.575006,842,1678
5833.580006,837,1681
5833.585006,874,1675
5833.590006,878,1670
5833.595006,834,1678
5833.600005,866,1680
5833.605006,867,1676
5833.610005,836,1676
5833.615006,844,1676
5833.620006,884,1677
5833.625006,856,1675
5833.630006,844,1679
5833.635006,883,1678
5833.640006,865,1679
5833.645006,836,1676
5833.650005,885,1675
5833.655006,877,1675
5833.660005,830,1675
5833.665005,852,1674
5833.670005,870,1675
5833.675005,845,1670
5833.680007,840,1675
5833.685006,896,1668
5833.690006,863,1670
5833.695006,830,1671
5833.700005,880,1668
5833.705005,873,1667
5833.710005,831,1667
5833.715005,845,1664
5833.720006,871,1667
5833.725007,840,1667
5833.730006,856,1664
5833.735005,875,1666
5833.740005,854,1670
5833.745006,839,1665
5833.750006,864,1662
5833.755006,880,1664
5833.760006,846,1661
5833.765005,863,1661
5833.770007,877,1664
5833.775007,845,1661
5833.780007,851,1654
5833.785006,880,1658
5833.790006,861,1659
5833.795006,830,1657
5833.800007,882,1653
5833.805005,863,1654
5833.810005,832,1653
5833.815006,838,1651
5833.820005,883,1642
5833.825006,856,1637
5833.830007,835,1643
5833.835006,888,1635
5833.840006,873,1634
5833.845006,839,1631
5833.850005,872,1631
5833.855007,862,1632
5833.860006,826,1627
5833.865006,832,1626
5833.870005,876,1626
5833.875006,839,1623
5833.880006,851,1621
5833.885006,861,1622
5833.890007,864,1621
5833.895005,829,1618
5833.900006,875,1620
5833.905006,860,1614
5833.910005,819,1618
5833.915006,852,1618
5833.920006,873,1613
5833.925006,833,1613
5833.930006,827,1614
5833.935006,878,1606
5833.940005,851,1610
5833.945006,843,1606
5833.950006,853,1607
5833.955006,862,1604
5833.960007,838,1593
5833.965005,841,1598
5833.970006,861,1596
5833.975006,835,1594
5833.980005,828,1596
5833.985006,881,1596
5833.990006,860,1592
5833.995006,831,1594
5834.000006,856,1588
5834.005007,876,1584
5834.010006,838,1583
5834.015006,831,1588
5834.020006,866,1589
5834.025005,835,1585
5834.030007,823,1591
5834.035007,881,1589
5834.040007,857,1589
5834.045005,832,1590
5834.050005,853,1589
5834.055006,870,1585
5834.060006,831,1594
5834.065005,833,1598
5834.070006,863,1600
5834.075005,831,1603
5834.080005,828,1607
5834.085006,880,1605
5834.090006,855,1605
5834.095006,840,1606
5834.100005,866,1609
5834.105007,859,1608
5834.110006,824,1615
5834.115007,849,1610
5834.120006,863,1616
5834.125007,846,1617
5834.130005,832,1620
5834.135005,884,1619
5834.140006,862,1621
5834.145005,829,1629
5834.150005,858,1627
5834.155006,877,1626
5834.160007,829,1630
5834.165006,836,1634
5834.170006,883,1635
5834.175006,840,1638
5834.180006,833,1639
5834.185006,884,1638
5834.190006,853,1641
5834.195006,840,1645
5834.200005,854,1650
5834.205005,875,1648
5834.210006,835,1653
5834.215007,842,1654
5834.220007,876,1657
5834.225006,852,1650
5834.230005,836,1661
5834.235006,878,1661
5834.240006,854,1669
5834.245006,846,1669
5834.250006,868,1670
5834.255007,865,1670
5834.260005,850,1672
5834.265007,843,1672
5834.270006,866,1677
5834.275005,856,1675
5834.280006,838,1680
5834.285006,877,1681
5834.290006,864,1675
5834.295007,834,1681
5834.300005,860,1685
5834.305007,865,1681
5834.310006,840,1682
5834.315006,842,1685
5834.320005,876,1684
5834.325006,858,1683
5834.330007,839,1687
5834.335005,887,1688
5834.340005,858,1691
5834.345006,837,1691
5834.350006,879,1682
5834.355006,882,1690
5834.360007,832,1689
5834.365006,858,1690
5834.370006,879,1692
5834.375006,859,1688
5834.380005,854,1691
5834.385005,882,1691
5834.390007,860,1696
5834.395006,845,1696
5834.400006,863,1692
5834.405006,880,1692
5834.410006,847,1691
5834.415007,855,1686
5834.420005,875,1689
5834.425006,837,1691
5834.430007,856,1685
5834.435005,875,1690
5834.440007,874,1679
5834.445007,833,1686
5834.450007,880,1680
5834.455006,859,1687
5834.460006,846,1678
5834.465005,849,1682
5834.470006,871,1682
5834.475007,841,1682
5834.480007,840,1681
5834.485007,871,1681
5834.490007,878,1677
5834.495007,837,1680
5834.500006,859,1679
5834.505007,858,1681
5834.510005,844,1676
5834.515007,843,1677
5834.520006,880,1664
5834.525006,856,1671
5834.530005,830,1672
5834.535005,878,1665
5834.540005,863,1660
5834.545005,825,1661
5834.550005,867,1655
5834.555006,866,1645
5834.560006,829,1650
5834.565005,837,1648
5834.570006,860,1651
5834.575005,846,1644
5834.580006,854,1641
5834.585006,876,1636
5834.590007,853,1638
5834.595006,841,1631
5834.600005,855,1633
5834.605006,874,1629
5834.610006,825,1627
5834.615005,849,1612
5834.620005,862,1625
5834.625005,831,1625
5834.630005,835,1610
5834.635006,867,1617
5834.640006,869,1614
5834.645005,824,1613
5834.650007,870,1610
5834.655006,859,1607
5834.660005,834,1607
5834.665005,842,1603
5834.670005,863,1604
5834.675006,828,1603
5834.680006,830,1602
5834.685006,875,1593
5834.690006,858,1602
5834.695005,821,1604
5834.700005,861,1600
5834.705005,875,1596
5834.710005,830,1600
5834.715005,830,1601
5834.720006,876,1602
5834.725005,829,1605
5834.730006,838,1596
5834.735005,872,1603
5834.740005,850,1602
5834.745005,838,1604
5834.750005,848,1609
5834.755005,849,1606
5834.760006,841,1605
5834.765007,836,1608
5834.770006,857,1608
5834.775006,841,1604
5834.780006,834,1596
5834.785005,872,1603
5834.790005,850,1604
5834.795005,827,1608
5834.800005,846,1609
5834.805006,875,1602
5834.810005,820,1602
5834.815006,849,1601
5834.820006,870,1601
5834.825005,843,1600
5834.830006,837,1602
5834.835007,861,1603
5834.840005,847,1601
5834.845007,827,1600
5834.850007,867,1598
5834.855005,852,1602
5834.860007,842,1598
5834.865007,838,1602
5834.870006,864,1605
5834.875006,829,1609
5834.880006,844,1606
5834.885006,860,1611
5834.890006,861,1609
5834.895005,829,1600
5834.900006,851,1611
5834.905006,847,1614
5834.910006,836,1611
5834.915006,826,1616
5834.920006,873,1615
5834.925007,833,1617
5834.930006,845,1615
5834.935005,867,1617
5834.940006,851,1620
5834.945007,821,1620
5834.950005,862,1615
5834.955006,873,1629
5834.960007,826,1623
5834.965007,841,1620
5834.970005,866,1626
5834.975007,837,1626
5834.980006,825,1630
5834.985005,872,1629
5834.990005,849,1636
5834.995005,821,1641
5835.000005,872,1631
5835.005006,864,1636
5835.010006,828,1636
5835.015006,832,1639
5835.020005,861,1634
5835.025007,837,1637
5835.030006,833,1636
5835.035006,882,1631
5835.040007,869,1632
5835.045007,827,1631
5835.050006,849,1634
5835.055006,856,1636
5835.060006,828,1634
5835.065005,835,1635
5835.070006,877,1635
5835.075005,838,1637
5835.080006,847,1634
5835.085006,869,1635
5835.090006,854,1637
5835.095006,837,1635
5835.100006,856,1635
5835.105005,856,1640
5835.110006,845,1637
5835.115005,841,1640
5835.120006,866,1638
5835.125005,856,1635
5835.130006,843,1639
5835.135006,869,1640
5835.140006,853,1642
5835.145005,827,1642
5835.150005,850,1643
5835.155006,878,1640
5835.160006,821,1646
5835.165006,854,1638
5835.170006,861,1635
5835.175006,848,1633
5835.180006,828,1636
5835.185005,874,1632
5835.190006,863,1632
5835.195006,829,1628
5835.200006,868,1627
5835.205006,865,1625
5835.210007,845,1622
5835.215007,835,1624
5835.220006,857,1626
5835.225006,836,1628
5835.230005,829,1623
5835.235006,860,1624
5835.240005,866,1621
5835.245006,838,1616
5835.250007,864,1620
5835.255006,863,1621
5835.260007,822,1622
5835.265006,848,1615
5835.270005,866,1620
5835.275006,850,1620
5835.280006,836,1618
5835.285006,870,1617
5835.290006,854,1621
5835.295006,817,1621
5835.300006,864,1617
5835.305007,853,1619
5835.310007,840,1611
5835.315006,850,1614
5835.320007,874,1617
5835.325007,834,1619
5835.330005,825,1619
5835.335006,879,1614
5835.340007,860,1615
5835.345006,818,1616
5835.350005,842,1618
5835.355007,871,1614
5835.360006,818,1613
5835.365005,849,1611
5835.370006,868,1611
5835.375006,833,1614
5835.380006,836,1613
5835.385007,860,1612
5835.390005,854,1611
5835.395007,816,1612
5835.400007,858,1606
5835.405007,857,1608
5835.410005,818,1610
5835.415005,850,1602
5835.420006,863,1602
5835.425006,832,1602
5835.430005,847,1598
5835.435006,873,1591
5835.440005,860,1594
5835.445006,824,1597
5835.450006,838,1597
5835.455006,868,1588
5835.460006,816,1600
5835.465005,843,1595
5835.470006,869,1597
5835.475006,841,1597
5835.480005,830,1597
5835.485007,859,1601
5835.490005,855,1598
5835.495005,820,1603
5835.500005,863,1603
5835.505005,860,1601
5835.510006,843,1602
5835.515005,833,1606
5835.520006,859,1604
5835.525006,834,1608
5835.530006,831,1601
5835.535005,870,1605
5835.540006,852,1599
5835.545007,841,1608
5835.550006,859,1611
5835.555007,856,1609
5835.560005,837,1610
5835.565005,849,1615
5835.570007,868,1614
5835.575006,833,1615
5835.580007,845,1616
5835.585005,872,1612
5835.590005,858,1615
5835.595006,837,1612
5835.600005,846,1624
5835.605006,856,1620
5835.610007,845,1618
5835.615006,841,1622
5835.620007,878,1618
5835.625006,855,1627
5835.630007,835,1626
5835.635007,879,1627
5835.640006,854,1630
5835.645005,838,1629
5835.650006,851,1632
5835.655005,859,1635
5835.660006,828,1631
5835.665007,858,1628
5835.670006,876,1630
5835.675006,849,1632
5835.680007,823,1632
5835.685005,882,1627
5835.690007,869,1628
5835.695006,827,1629
5835.700007,861,1628
5835.705007,858,1625
5835.710005,821,1629
5835.715005,846,1624
5835.720006,862,1615
5835.725006,853,1621
5835.730006,823,1624
5835.735006,867,1621
5835.740006,861,1619
5835.745005,823,1620
5835.750006,860,1620
5835.755007,856,1620
5835.760005,842,1618
5835.765006,838,1622
5835.770006,877,1618
5835.775006,837,1618
5835.780006,824,1623
5835.785007,872,1618
5835.790007,862,1618
5835.795006,822,1622
5835.800006,843,1621
5835.805006,854,1620
5835.810006,846,1615
5835.815005,825,1621
5835.820007,861,1613
5835.825005,851,1615
5835.830005,834,1620
5835.835005,878,1618
5835.840005,864,1618
5835.845007,825,1605
5835.850006,864,1615
5835.855006,869,1617
5835.860006,830,1617
5835.865006,845,1616
5835.870006,866,1616
5835.875007,854,1611
5835.880006,822,1621
5835.885006,865,1606
5835.890006,859,1617
5835.895005,819,1618
5835.900006,859,1610
5835.905006,868,1618
5835.910006,820,1619
5835.915007,848,1619
5835.920006,870,1610
5835.925006,848,1614
5835.930006,831,1613
5835.935005,864,1615
5835.940006,851,1615
5835.945005,842,1612
5835.950005,842,1614
5835.955006,873,1617
5835.960006,834,1613
5835.965006,835,1614
5835.970006,881,1614
5835.975006,849,1616
5835.980005,830,1617
5835.985005,877,1614
5835.990005,849,1615
5835.995005,841,1614
5836.000005,847,1615
5836.005005,877,1609
5836.010006,837,1611
5836.015007,833,1611
5836.020006,875,1610
5836.025006,845,1612
5836.030006,845,1607
5836.035005,862,1613
5836.040006,870,1605
5836.045007,822,1607
5836.050007,848,1595
5836.055005,870,1604
5836.060006,825,1602
5836.065006,846,1597
5836.070006,873,1599
5836.075005,841,1599
5836.080006,826,1598
5836.085006,872,1595
5836.090006,868,1592
5836.095006,830,1592
5836.100005,844,1592
5836.105007,853,1594
5836.110007,827,1592
5836.115006,835,1592
5836.120005,863,1594
5836.125006,842,1589
5836.130006,835,1589
5836.135007,864,1593
5836.140005,852,1592
5836.145006,845,1586
5836.150005,853,1588
5836.155006,853,1592
5836.160005,832,1589
5836.165006,829,1593
5836.170007,866,1590
5836.175007,838,1592
5836.180005,841,1590
5836.185006,860,1592
5836.190006,864,1587
5836.195005,843,1589
5836.200005,849,1590
5836.205006,855,1593
5836.210007,843,1594
5836.215006,828,1596
5836.220007,876,1584
5836.225005,852,1591
5836.230006,825,1594
5836.235007,873,1581
5836.240006,871,1591
5836.245005,833,1593
5836.250005,840,1599
5836.255006,856,1600
5836.260006,836,1598
5836.265006,834,1596
5836.270006,860,1598
5836.275006,860,1595
5836.280006,847,1594
5836.285006,867,1598
5836.290006,855,1600
5836.295006,840,1601
5836.300006,838,1603
5836.305006,855,1604
5836.310006,821,1605
5836.315006,846,1603
5836.320005,877,1598
5836.325005,841,1603
5836.330005,844,1601
5836.335005,857,1603
5836.340006,850,1602
5836.345006,840,1602
5836.350007,842,1600
5836.355007,852,1595
5836.360005,823,1600
5836.365006,835,1595
5836.370005,861,1594
5836.375006,839,1596
5836.380007,844,1590
5836.385007,864,1595
5836.390005,854,1594
5836.395007,825,1584
5836.400007,862,1590
5836.405006,874,1589
5836.410007,836,1591
5836.415007,837,1591
5836.420005,858,1597
5836.425005,851,1594
5836.430006,827,1597
5836.435006,870,1594
5836.440007,869,1597
5836.445006,825,1601
5836.450005,854,1604
5836.455005,860,1607
5836.460006,821,1612
5836.465007,849,1609
5836.470006,869,1609
5836.475006,842,1614
5836.480006,826,1616
5836.485005,879,1612
5836.490006,864,1618
5836.495005,828,1621
5836.500006,842,1622
5836.505006,875,1620
5836.510007,826,1628
5836.515006,842,1624
5836.520005,868,1625
5836.525007,841,1631
5836.530006,847,1630
5836.535005,868,1633
5836.540005,852,1637
5836.545006,845,1634
5836.550006,853,1636
5836.555006,879,1637
5836.560005,825,1638
5836.565006,849,1638
5836.570006,865,1643
5836.575005,861,1640
5836.580005,839,1647
5836.585006,867,1645
5836.590007,856,1648
5836.595006,847,1644
5836.600006,857,1644
5836.605007,860,1648
5836.610007,835,1640
5836.615007,854,1647
5836.620007,874,1648
5836.625005,844,1646
5836.630006,844,1646
5836.635007,867,1646
5836.640006,858,1644
5836.645006,823,1642
5836.650006,840,1636
5836.655005,876,1640
5836.660005,831,1638
5836.665005,831,1637
5836.670006,880,1635
5836.675006,850,1634
5836.680007,827,1631
5836.685006,878,1633
5836.690006,851,1634
5836.695005,821,1633
5836.700005,868,1629
5836.705006,873,1628
5836.710007,824,1637
5836.715005,848,1632
5836.720007,874,1626
5836.725006,847,1632
5836.730006,830,1630
5836.735005,859,1631
5836.740005,850,1635
5836.745005,822,1633
5836.750006,851,1635
5836.755006,875,1632
5836.760006,835,1628
5836.765005,834,1630
5836.770006,867,1630
5836.775006,862,1627
5836.780006,828,1627
5836.785006,864,1627
5836.790006,850,1629
5836.795006,829,1616
5836.800005,861,1624
5836.805007,863,1624
5836.810006,825,1630
5836.815006,848,1615
5836.820005,872,1627
5836.825006,850,1612
5836.830006,837,1626
5836.835006,860,1628
5836.840007,849,1631
5836.845006,827,1617
5836.850006,858,1631
5836.855005,861,1626
5836.860007,827,1629
5836.865007,851,1627
5836.870006,864,1628
5836.875006,864,1625
5836.880006,842,1628
5836.885006,862,1627
5836.890007,850,1626
5836.895007,819,1625
5836.900006,847,1614
5836.905005,874,1621
5836.910005,832,1622
5836.915006,829,1622
5836.920006,878,1619
5836.925007,843,1617
5836.930005,852,1611
5836.935007,870,1616
5836.940007,862,1618
5836.945006,823,1618
5836.950006,852,1616
5836.955006,859,1620
5836.960006,845,1614
5836.965006,838,1615
5836.970006,875,1612
5836.975005,858,1610
5836.980007,832,1614
5836.985005,853,1616
5836.990005,867,1612
5836.995005,838,1612
5837.000006,851,1617
5837.005006,856,1618
5837.010006,834,1613
5837.015006,829,1617
5837.020005,876,1615
5837.025006,847,1614
5837.030005,824,1618
5837.035006,858,1619
5837.040007,869,1613
5837.045006,820,1617
5837.050006,848,1617
5837.055005,876,1614
5837.060006,828,1615
5837.065006,846,1609
5837.070005,877,1612
5837.075005,846,1617
5837.080005,841,1612
5837.085006,858,1617
5837.090006,870,1610
5837.095006,825,1614
5837.100006,854,1611
5837.105005,857,1602
5837.110006,843,1614
5837.115005,842,1611
5837.120005,858,1614
5837.125006,861,1611
5837.130007,830,1609
5837.135005,875,1610
5837.140006,855,1610
5837.145005,835,1607
5837.150007,850,1607
5837.155007,859,1613
5837.160006,841,1607
5837.165006,829,1612
5837.170006,879,1609
5837.175007,850,1608
5837.180005,819,1614
5837.185005,871,1610
5837.190006,864,1605
5837.195006,837,1612
5837.200005,838,1614
5837.205005,855,1613
5837.210005,843,1615
5837.215006,835,1616
5837.220007,857,1620
5837.225006,859,1613
5837.230005,831,1616
5837.235006,868,1618
5837.240005,853,1619
5837.245005,833,1618
5837.250005,842,1618
5837.255005,860,1609
5837.260005,833,1619
5837.265006,828,1623
5837.270005,879,1615
5837.275007,846,1618
5837.280006,825,1617
5837.285007,873,1618
5837.290006,869,1610
5837.295006,830,1615
5837.300005,837,1615
5837.305006,875,1612
5837.310006,836,1604
5837.315006,843,1610
5837.320006,860,1598
5837.325005,850,1604
5837.330006,847,1603
5837.335007,854,1608
5837.340007,853,1605
5837.345005,840,1606
5837.350006,852,1606
5837.355006,859,1610
5837.360006,838,1612
5837.365005,829,1608
5837.370006,867,1608
5837.375006,862,1605
5837.380006,818,1615
5837.385006,866,1601
5837.390007,860,1605
5837.395005,819,1607
5837.400006,835,1603
5837.405006,866,1603
5837.410005,834,1591
5837.415006,837,1599
5837.420007,856,1600
5837.425007,859,1594
5837.430005,823,1595
5837.435005,874,1595
5837.440007,869,1594
5837.445006,820,1593
5837.450007,852,1590
5837.455006,867,1592
5837.460006,836,1591
5837.465006,842,1590
5837.470007,858,1591
5837.475005,857,1589
5837.480006,828,1589
5837.485005,869,1587
5837.490005,852,1598
5837.495005,835,1589
5837.500006,839,1593
5837.505006,850,1588
5837.510006,825,1598
5837.515006,841,1591
5837.520005,856,1597
5837.525006,867,1590
5837.530005,836,1590
5837.535006,854,1601
5837.540006,854,1594
5837.545007,834,1592
5837.550007,836,1591
5837.555006,865,1578
5837.560005,840,1591
5837.565006,826,1594
5837.570005,873,1594
5837.575006,848,1604
5837.580007,838,1593
5837.585006,863,1592
5837.590005,859,1592
5837.595006,816,1592
5837.600006,854,1593
5837.605005,866,1594
5837.610006,820,1600
5837.615006,838,1596
5837.620005,856,1599
5837.625006,859,1594
5837.630007,824,1598
5837.635006,873,1595
5837.640006,853,1597
5837.645005,824,1597
5837.650007,857,1595
5837.655006,854,1599
5837.660006,833,1587
5837.665007,840,1597
5837.670006,859,1596
5837.675006,851,1596
5837.680007,829,1597
5837.685005,871,1586
5837.690007,860,1595
5837.695007,820,1595
5837.700007,851,1597
5837.705006,852,1598
5837.710007,830,1596
5837.715006,838,1595
5837.720005,865,1593
5837.725006,865,1595
5837.730006,838,1596
5837.735005,856,1595
5837.740005,865,1597
5837.745005,826,1595
5837.750006,850,1586
5837.755006,856,1600
5837.760006,842,1597
5837.765006,840,1603
5837.770007,858,1602
5837.775006,859,1601
5837.780006,827,1604
5837.785006,869,1597
5837.790006,862,1603
5837.795007,829,1606
5837.800006,835,1610
5837.805006,873,1605
5837.810005,844,1608
5837.815006,846,1609
5837.820005,859,1617
5837.825005,849,1618
5837.830005,839,1616
5837.835005,854,1621
5837.840005,869,1619
5837.845007,823,1623
5837.850006,849,1621
5837.855006,880,1623
5837.860005,841,1622
5837.865005,834,1622
5837.870006,874,1625
5837.875006,849,1627
5837.880006,843,1621
5837.885006,867,1614
5837.890007,858,1621
5837.895007,840,1617
5837.900006,857,1620
5837.905005,860,1622
5837.910006,847,1621
5837.915006,836,1617
5837.920007,865,1625
5837.925006,864,1617
5837.930007,829,1616
5837.935005,869,1615
5837.940007,854,1615
5837.945007,824,1616
5837.950006,857,1607
5837.955006,876,1612
5837.960005,831,1616
5837.965005,848,1613
5837.970006,875,1611
5837.975006,859,1611
5837.980005,834,1612
5837.985006,856,1612
5837.990006,871,1610
5837.995005,824,1612
5838.000005,837,1615
5838.005006,880,1605
5838.010005,826,1611
5838.015006,851,1611
5838.020006,859,1614
5838.025005,856,1612
5838.030006,833,1611
5838.035005,876,1609
5838.040005,856,1612
5838.045006,845,1610
5838.050006,846,1611
5838.055007,875,1610
5838.060007,840,1615
5838.065006,831,1616
5838.070005,883,1619
5838.075006,860,1617
5838.080006,825,1625
5838.085006,872,1620
5838.090005,868,1626
5838.095006,822,1626
5838.100006,858,1628
5838.105005,872,1630
5838.110006,847,1623
5838.115006,846,1629
5838.120005,864,1630
5838.125006,855,1633
5838.130006,828,1635
5838.135006,870,1637
5838.140007,860,1637
5838.145005,842,1635
5838.150007,843,1635
5838.155006,878,1633
5838.160005,845,1635
5838.165006,844,1633
5838.170007,867,1626
5838.175006,863,1633
5838.180007,848,1633
5838.185005,871,1641
5838.190006,858,1635
5838.195006,822,1629
5838.200005,850,1622
5838.205005,871,1631
5838.210005,833,1631
5838.215006,850,1617
5838.220007,872,1629
5838.225005,850,1626
5838.230006,843,1626
5838.235005,865,1624
5838.240005,864,1622
5838.245005,835,1624
5838.250005,852,1618
5838.255006,868,1620
5838.260006,844,1620
5838.265007,834,1621
5838.270007,860,1621
5838.275007,865,1618
5838.280006,830,1615
5838.285006,879,1615
5838.290006,870,1616
5838.295006,824,1617
5838.300006,860,1611
5838.305006,877,1616
5838.310005,837,1617
5838.315006,837,1616
5838.320005,861,1619
5838.325005,873,1611
5838.330005,842,1616
5838.335005,861,1614
5838.340005,853,1617
5838.345007,825,1615
5838.350006,847,1614
5838.355005,869,1612
5838.360007,837,1612
5838.365007,844,1610
5838.370006,872,1612
5838.375007,855,1610
5838.380006,832,1610
5838.385007,866,1598
5838.390007,875,1608
5838.395006,837,1606
5838.400006,849,1604
5838.405006,858,1604
5838.410005,853,1604
5838.415005,844,1599
5838.420006,866,1600
5838.425007,857,1599
5838.430006,844,1592
5838.435005,866,1597
5838.440007,864,1593
5838.445006,828,1588
5838.450006,856,1589
5838.455006,875,1587
5838.460006,829,1590
5838.465007,836,1587
5838.470006,864,1588
5838.475006,865,1582
5838.480006,821,1588
5838.485005,870,1584
5838.490005,862,1579
5838.495006,822,1585
5838.500007,829,1578
5838.505006,877,1579
5838.510006,837,1579
5838.515007,831,1578
5838.520006,858,1581
5838.525005,851,1575
5838.530006,845,1577
5838.535006,863,1578
5838.540007,853,1581
5838.545006,822,1584
5838.550006,840,1581
5838.555006,869,1585
5838.560005,830,1584
5838.565006,850,1586
5838.570006,875,1587
5838.575006,849,1589
5838.580007,824,1591
5838.585006,876,1587
5838.590007,864,1589
5838.595005,836,1590
5838.600006,834,1595
5838.605006,853,1594
5838.610006,835,1597
5838.615006,834,1596
5838.620006,857,1597
5838.625006,872,1596
5838.630006,837,1597
5838.635006,853,1599
5838.640007,847,1602
5838.645005,831,1596
5838.650006,831,1601
5838.655006,874,1600
5838.660005,830,1601
5838.665006,829,1605
5838.670006,879,1602
5838.675006,850,1605
5838.680006,826,1609
5838.685005,869,1604
5838.690006,866,1610
5838.695006,844,1605
5838.700007,845,1608
5838.705006,857,1612
5838.710006,848,1612
5838.715006,841,1610
5838.720005,865,1612
5838.725007,868,1608
5838.730007,836,1609
5838.735006,874,1611
5838.740006,850,1606
5838.745005,820,1612
5838.750005,837,1612
5838.755005,874,1602
5838.760006,845,1609
5838.765007,827,1609
5838.770006,866,1608
5838.775006,853,1606
5838.780006,846,1611
5838.785006,859,1610
5838.790007,856,1610
5838.795007,848,1609
5838.800006,839,1610
5838.805006,879,1610
5838.810006,831,1616
5838.815006,849,1613
5838.820005,866,1612
5838.825005,855,1616
5838.830006,824,1619
5838.835007,874,1619
5838.840006,864,1622
5838.845007,824,1621
5838.850007,847,1617
5838.855006,878,1621
5838.860005,830,1627
5838.865005,848,1621
5838.870006,874,1627
5838.875006,853,1629
5838.880007,827,1626
5838.885006,859,1623
5838.890007,879,1625
5838.895006,841,1622
5838.900005,846,1619
5838.905007,871,1623
5838.910006,833,1624
5838.915006,853,1618
5838.920007,869,1622
5838.925006,855,1614
5838.930006,850,1618
5838.935005,865,1618
5838.940007,864,1619
5838.945006,821,1623
5838.950006,857,1618
5838.955006,878,1620
5838.960007,838,1619
5838.965005,828,1621
5838.970006,872,1627
5838.975005,855,1623
5838.980006,850,1620
5838.985006,868,1621
5838.990006,865,1620
5838.995005,827,1613
5839.000006,849,1618
5839.005007,861,1620
5839.010006,833,1617
5839.015006,854,1618
5839.020006,861,1618
5839.025005,857,1611
5839.030006,837,1616
5839.035005,858,1614
5839.040005,856,1614
5839.045005,824,1612
5839.050006,852,1610
5839.055006,865,1609
5839.060005,835,1613
5839.065007,848,1603
5839.070006,883,1606
5839.075006,870,1605
5839.080006,831,1605
5839.085007,854,1603
5839.090006,871,1602
5839.095007,829,1604
5839.100006,836,1597
5839.105005,859,1603
5839.110007,856,1602
5839.115007,830,1605
5839.120007,879,1603
5839.125005,867,1597
5839.130005,830,1608
5839.135006,857,1607
5839.140007,857,1602
5839.145006,840,1610
5839.150005,845,1610
5839.155005,868,1609
5839.160005,834,1613
5839.165005,846,1603
5839.170005,881,1612
5839.175005,870,1610
5839.180006,827,1611
5839.185006,854,1605
5839.190006,868,1609
5839.195006,824,1611
5839.200006,832,1611
5839.205007,880,1610
5839.210006,834,1616
5839.215006,851,1610
5839.220006,871,1604
5839.225005,864,1607
5839.230006,846,1606
5839.235005,858,1606
5839.240005,854,1605
5839.245005,821,1605
5839.250006,832,1610
5839.255005,880,1607
5839.260006,836,1608
5839.265007,852,1606
5839.270006,885,1608
5839.275005,854,1608
5839.280007,828,1609
5839.285007,867,1599
5839.290006,865,1611
5839.295005,823,1614
5839.300006,834,1614
5839.305007,884,1611
5839.310006,849,1612
5839.315006,847,1611
5839.320005,877,1613
5839.325005,864,1613
5839.330005,828,1615
5839.335006,866,1613
5839.340007,851,1614
5839.345006,820,1614
5839.350006,855,1610
5839.355006,875,1612
5839.360006,841,1614
5839.365005,845,1613
5839.370005,857,1614
5839.375006,873,1610
5839.380007,838,1616
5839.385006,858,1615
5839.390007,859,1613
5839.395006,818,1613
5839.400005,846,1612
5839.405006,858,1614
5839.410005,855,1610
5839.415005,845,1611
5839.420006,879,1611
5839.425007,862,1610
5839.430005,831,1608
5839.435006,852,1609
5839.440006,865,1611
5839.445005,825,1608
5839.450005,840,1608
5839.455005,861,1610
5839.460006,834,1610
5839.465006,836,1597
5839.470007,885,1603
5839.475006,864,1603
5839.480006,835,1599
5839.485005,862,1598
5839.490005,855,1598
5839.495005,819,1597
5839.500005,851,1592
5839.505006,858,1591
5839.510007,836,1587
5839.515005,830,1586
5839.520007,857,1586
5839.525006,849,1585
5839.530005,825,1581
5839.535006,863,1573
5839.540006,849,1583
5839.545006,834,1575
5839.550006,837,1579
5839.555006,855,1578
5839.560005,852,1579
5839.565006,834,1579
5839.570005,858,1579
5839.575005,852,1584
5839.580005,834,1582
5839.585006,863,1587
5839.590006,854,1586
5839.595006,819,1588
5839.600006,849,1588
5839.605005,865,1589
5839.610006,835,1588
5839.615005,846,1592
5839.620005,861,1593
5839.625005,867,1592
5839.630005,837,1595
5839.635005,847,1600
5839.640007,853,1597
5839.645006,835,1591
5839.650005,840,1599
5839.655006,861,1599
5839.660006,838,1596
5839.665006,849,1600
5839.670007,878,1607
5839.675005,861,1606
5839.680006,830,1608
5839.685006,853,1610
5839.690005,851,1612
5839.695006,822,1613
5839.700005,835,1618
5839.705005,863,1619
5839.710006,860,1615
5839.715007,828,1629
5839.720006,863,1626
5839.725006,872,1632
5839.730005,844,1633
5839.735006,866,1631
5839.740005,872,1640
5839.745006,829,1647
5839.750007,836,1646
5839.755006,865,1651
5839.760006,845,1651
5839.765006,836,1656
5839.770005,864,1660
5839.775005,873,1659
5839.780006,847,1660
5839.785005,875,1658
5839.790005,860,1664
5839.795005,825,1664
5839.800005,847,1663
5839.805007,864,1665
5839.810006,863,1659
5839.815006,845,1660
5839.820006,877,1662
5839.825005,867,1659
5839.830006,832,1658
5839.835006,859,1648
5839.840006,859,1664
5839.845006,832,1646
5839.850005,838,1658
5839.855006,865,1656
5839.860007,842,1651
5839.865007,855,1648
5839.870007,882,1650
5839.875007,858,1646
5839.880007,827,1644
5839.885005,861,1639
5839.890007,878,1637
5839.895006,824,1641
5839.900005,853,1633
5839.905006,876,1632
5839.910006,849,1622
5839.915007,840,1627
5839.920007,872,1620
5839.925006,857,1626
5839.930006,838,1618
5839.935005,868,1621
5839.940007,860,1619
5839.945007,818,1621
5839.950005,832,1616
5839.955006,873,1616
5839.960006,843,1613
5839.965005,837,1613
5839.970006,871,1614
5839.975007,849,1622
5839.980007,843,1608
5839.985007,856,1613
5839.990007,855,1615
5839.995007,838,1613
5840.000007,852,1613
5840.005005,862,1612
5840.010005,849,1611
5840.015007,841,1612
5840.020007,867,1615
5840.025006,850,1611
5840.030006,828,1613
5840.035006,847,1612
5840.040006,874,1615
5840.045007,827,1610
5840.050005,847,1607
5840.055007,868,1608
5840.060005,837,1611
5840.065007,842,1609
5840.070007,869,1610
5840.075007,850,1608
5840.080007,821,1612
5840.085005,843,1609
5840.090005,866,1595
5840.095006,843,1605
5840.100006,834,1608
5840.105005,874,1605
5840.110007,840,1607
5840.115006,826,1602
5840.120006,866,1605
5840.125007,857,1607
5840.130005,836,1606
5840.135006,852,1610
5840.140007,869,1609
5840.145006,828,1611
5840.150005,831,1610
5840.155006,862,1605
5840.160005,844,1610
5840.165005,825,1613
5840.170005,877,1612
5840.175005,862,1613
5840.180006,825,1613
5840.185005,863,1610
5840.190005,871,1612
5840.195006,833,1612
5840.200006,838,1613
5840.205006,859,1611
5840.210007,850,1610
5840.215006,831,1609
5840.220006,859,1610
5840.225005,851,1603
5840.230007,837,1609
5840.235006,861,1609
5840.240006,865,1609
5840.245005,825,1611
5840.250006,847,1608
5840.255007,870,1608
5840.260005,837,1612
5840.265006,847,1610
5840.270006,872,1610
5840.275005,849,1614
5840.280006,842,1612
5840.285005,858,1617
5840.290006,860,1613
5840.295007,824,1612
5840.300007,851,1612
5840.305005,869,1614
5840.310006,844,1615
5840.315006,839,1614
5840.320005,864,1618
5840.325005,849,1618
5840.330006,842,1615
5840.335007,856,1619
5840.340005,860,1618
5840.345006,825,1621
5840.350006,838,1619
5840.355005,860,1624
5840.360006,841,1620
5840.365005,831,1621
5840.370005,868,1619
5840.375006,858,1620
5840.380007,843,1605
5840.385005,848,1618
5840.390007,854,1612
5840.395006,841,1613
5840.400005,851,1612
5840.405007,868,1608
5840.410005,836,1610
5840.415005,826,1609
5840.420006,881,1601
5840.425006,865,1603
5840.430007,835,1603
5840.435006,859,1600
5840.440006,860,1599
5840.445005,816,1601
5840.450005,848,1595
5840.455006,869,1596
5840.460007,844,1592
5840.465005,834,1592
5840.470006,864,1594
5840.475007,853,1594
5840.480007,835,1592
5840.485007,861,1589
5840.490006,857,1594
5840.495005,818,1596
5840.500006,846,1592
5840.505006,865,1592
5840.510007,847,1585
5840.515005,842,1590
5840.520007,862,1592
5840.525006,870,1588
5840.530007,818,1590
5840.535007,840,1593
5840.540006,869,1592
5840.545007,837,1590
5840.550006,835,1587
5840.555006,856,1590
5840.560006,837,1588
5840.565006,824,1593
5840.570006,878,1590
5840.575006,854,1593
5840.580006,824,1591
5840.585007,844,1595
5840.590005,853,1593
5840.595006,828,1588
5840.600005,846,1595
5840.605007,866,1598
5840.610006,836,1597
5840.615006,837,1589
5840.620006,868,1597
5840.625007,867,1592
5840.630005,831,1598
5840.635006,852,1599
5840.640007,872,1593
5840.645006,833,1600
5840.650005,826,1602
5840.655006,875,1594
5840.660006,841,1598
5840.665006,847,1599
5840.670006,874,1601
5840.675006,857,1600
5840.680007,822,1600
5840.685006,866,1595
5840.690005,867,1601
5840.695007,816,1604
5840.700006,848,1599
5840.705006,860,1602
5840.710007,852,1603
5840.715007,838,1601
5840.720006,865,1602
5840.725005,866,1606
5840.730006,827,1605
5840.735005,844,1608
5840.740006,873,1605
5840.745005,823,1609
5840.750005,835,1608
5840.755006,865,1607
5840.760006,836,1609
5840.765006,827,1610
5840.770005,873,1605
5840.775006,847,1611
5840.780005,835,1609
5840.785005,864,1606
5840.790006,875,1608
5840.795007,829,1611
5840.800006,830,1609
5840.805005,861,1609
5840.810006,836,1612
5840.815005,847,1608
5840.820006,870,1611
5840.825006,852,1611
5840.830006,845,1609
5840.835006,852,1611
5840.840006,856,1616
5840.845006,840,1616
5840.850005,850,1616
5840.855006,867,1621
5840.860006,842,1624
5840.865006,846,1621
5840.870006,874,1624
5840.875007,860,1626
5840.880006,839,1624
5840.885006,864,1626
5840.890006,865,1624
5840.895007,823,1628
5840.900006,848,1626
5840.905006,876,1622
5840.910006,832,1628
5840.915007,834,1626
5840.920006,862,1625
5840.925006,869,1620
5840.930006,842,1623
5840.935006,860,1623
5840.940006,850,1626
5840.945006,841,1620
5840.950005,836,1620
5840.955005,857,1621
5840.960005,854,1616
5840.965006,841,1610
5840.970007,874,1617
5840.975005,850,1617
5840.980006,830,1617
5840.985006,852,1617
5840.990006,858,1617
5840.995006,820,1620
5841.000005,847,1611
5841.005006,858,1618
5841.010007,856,1610
5841.015005,844,1615
5841.020006,867,1612
5841.025005,856,1613
5841.030006,836,1615
5841.035005,852,1611
5841.040005,874,1612
5841.045005,841,1612
5841.050006,831,1616
5841.055007,882,1609
5841.060005,843,1614
5841.065006,826,1616
5841.070005,880,1610
5841.075006,870,1601
5841.080006,825,1613
5841.085007,868,1607
5841.090007,862,1608
5841.095005,824,1612
5841.100006,831,1613
5841.105006,865,1612
5841.110005,861,1610
5841.115006,846,1611
5841.120005,865,1610
5841.125005,873,1611
5841.130005,825,1607
5841.135006,860,1608
5841.140006,865,1610
5841.145006,840,1609
5841.150006,833,1612
5841.155005,859,1612
5841.160006,851,1611
5841.165006,839,1610
5841.170007,865,1610
5841.175005,867,1604
5841.180007,838,1606
5841.185006,854,1608
5841.190005,863,1610
5841.195006,837,1608
5841.200006,840,1609
5841.205006,860,1610
5841.210006,836,1610
5841.215006,846,1610
5841.220007,879,1609
5841.225006,869,1607
5841.230006,835,1607
5841.235005,857,1610
5841.240005,861,1611
5841.245006,821,1611
5841.250007,832,1612
5841.255006,868,1609
5841.260007,844,1612
5841.265006,848,1611
5841.270005,875,1610
5841.275007,860,1609
5841.280006,827,1612
5841.285006,847,1612
5841.290006,854,1616
5841.295006,827,1611
5841.300006,831,1613
5841.305006,885,1613
5841.310006,857,1609
5841.315005,838,1610
5841.320006,876,1611
5841.325005,848,1614
5841.330006,839,1613
5841.335006,856,1612
5841.340006,861,1616
5841.345007,823,1613
5841.350007,831,1612
5841.355006,880,1610
5841.360005,848,1613
5841.365006,827,1608
5841.370006,873,1612
5841.375006,867,1615
5841.380006,824,1613
5841.385006,842,1615
5841.390007,870,1612
5841.395007,829,1601
5841.400006,846,1612
5841.405005,862,1615
5841.410005,848,1616
5841.415005,831,1613
5841.420005,861,1613
5841.425006,863,1612
5841.430006,829,1607
5841.435005,852,1607
5841.440007,854,1612
5841.445006,844,1604
5841.450006,833,1604
5841.455007,875,1602
5841.460005,844,1606
5841.465005,829,1600
5841.470006,867,1592
5841.475006,863,1599
5841.480005,836,1587
5841.485005,849,1595
5841.490005,860,1597
5841.495005,824,1597
5841.500006,831,1598
5841.505006,860,1598
5841.510006,858,1597
5841.515006,829,1600
5841.520006,873,1599
5841.525006,868,1598
5841.530005,835,1598
5841.535005,846,1601
5841.540006,851,1603
5841.545007,840,1599
5841.550005,842,1597
5841.555006,880,1594
5841.560005,853,1595
5841.565006,846,1593
5841.570006,871,1592
5841.575005,849,1593
5841.580005,816,1590
5841.585005,858,1587
5841.590006,871,1588
5841.595006,824,1588
5841.600005,832,1586
5841.605006,873,1588
5841.610006,846,1589
5841.615006,827,1588
5841.620005,874,1587
5841.625006,866,1594
5841.630007,822,1597
5841.635006,852,1602
5841.640006,856,1604
5841.645006,843,1605
5841.650005,827,1611
5841.655006,877,1612
5841.660007,850,1613
5841.665007,829,1613
5841.670006,874,1613
5841.675007,860,1609
5841.680005,837,1612
5841.685006,856,1612
5841.690005,865,1608
5841.695006,837,1607
5841.700005,835,1608
5841.705005,860,1605
5841.710005,863,1598
5841.715006,833,1605
5841.720007,870,1600
5841.725006,866,1598
5841.730005,832,1602
5841.735006,851,1604
5841.740005,858,1608
5841.745005,819,1613
5841.750005,843,1611
5841.755006,859,1618
5841.760007,858,1616
5841.765006,835,1623
5841.770005,861,1630
5841.775006,871,1630
5841.780006,834,1633
5841.785005,847,1641
5841.790005,859,1634
5841.795006,835,1645
5841.800006,838,1645
5841.805006,873,1646
5841.810006,850,1648
5841.815005,837,1647
5841.820005,861,1651
5841.825005,871,1648
5841.830006,832,1650
5841.835007,846,1653
5841.840006,857,1652
5841.845007,851,1645
5841.850006,850,1648
5841.855005,879,1650
5841.860007,842,1652
5841.865007,835,1648
5841.870005,858,1645
5841.875005,872,1647
5841.880005,840,1649
5841.885005,867,1647
5841.890006,866,1645
5841.895005,830,1645
5841.900006,839,1629
5841.905007,881,1644
5841.910006,857,1641
5841.915006,843,1639
5841.920006,882,1638
5841.925006,871,1636
5841.930007,832,1636
5841.935005,838,1636
5841.940006,872,1632
5841.945005,837,1636
5841.950005,830,1633
5841.955005,861,1634
5841.960005,845,1630
5841.965006,833,1627
5841.970006,866,1627
5841.975005,866,1624
5841.980007,837,1621
5841.985006,850,1621
5841.990006,857,1620
5841.995006,833,1620
5842.000005,843,1616
5842.005006,868,1616
5842.010006,840,1618
5842.015006,841,1608
5842.020006,864,1612
5842.025005,860,1610
5842.030007,824,1614
5842.035007,858,1603
5842.040006,874,1608
5842.045006,832,1605
5842.050007,835,1605
5842.055006,867,1604
5842.060006,839,1604
5842.065005,841,1599
5842.070005,867,1597
5842.075006,857,1598
5842.080007,845,1596
5842.085006,856,1592
5842.090007,878,1593
5842.095005,841,1591
5842.100007,832,1595
5842.105006,882,1591
5842.110007,858,1594
5842.115007,836,1595
5842.120006,882,1594
5842.125006,858,1598
5842.130007,819,1602
5842.135005,843,1596
5842.140006,865,1603
5842.145005,833,1604
5842.150006,837,1603
5842.155006,865,1605
5842.160005,847,1603
5842.165005,827,1605
5842.170005,882,1600
5842.175005,870,1598
5842.180006,826,1596
5842.185005,844,1594
5842.190007,874,1594
5842.195006,833,1589
5842.200007,842,1577
5842.205007,872,1583
5842.210006,844,1579
5842.215006,836,1571
5842.220007,864,1576
5842.225006,855,1576
5842.230006,842,1570
5842.235005,846,1572
5842.240005,857,1574
5842.245006,843,1576
5842.250006,835,1574
5842.255006,879,1576
5842.260006,855,1580
5842.265006,821,1587
5842.270005,854,1589
5842.275006,870,1589
5842.280005,840,1593
5842.285005,859,1593
5842.290005,870,1596
5842.295006,830,1596
5842.300006,836,1591
5842.305005,865,1602
5842.310006,851,1601
5842.315006,827,1603
5842.320006,874,1601
5842.325006,861,1603
5842.330006,826,1602
5842.335007,837,1605
5842.340006,853,1602
5842.345006,832,1592
5842.350006,828,1604
5842.355006,880,1606
5842.360005,858,1607
5842.365005,827,1609
5842.370005,858,1607
5842.375005,848,1617
5842.380006,822,1614
5842.385006,850,1614
5842.390006,876,1613
5842.395006,841,1615
5842.400006,840,1613
5842.405005,869,1615
5842.410005,849,1620
5842.415005,827,1618
5842.420006,868,1617
5842.425006,860,1616
5842.430006,842,1616
5842.435006,864,1613
5842.440005,868,1614
5842.445006,832,1614
5842.450005,835,1615
5842.455005,868,1615
5842.460005,859,1611
5842.465005,838,1611
5842.470006,860,1616
5842.475006,877,1611
5842.480005,844,1614
5842.485006,850,1614
5842.490005,861,1617
5842.495005,849,1616
5842.500005,844,1616
5842.505005,875,1619
5842.510005,858,1617
5842.515006,829,1623
5842.520006,881,1619
5842.525006,871,1622
5842.530006,831,1624
5842.535005,842,1624
5842.540005,877,1624
5842.545005,838,1622
5842.550005,833,1623
5842.555007,865,1621
5842.560005,870,1616
5842.565006,847,1615
5842.570005,876,1614
5842.575006,866,1614
5842.580006,833,1611
5842.585005,849,1609
5842.590006,878,1609
5842.595006,829,1610
5842.600005,832,1614
5842.605007,885,1611
5842.610006,860,1614
5842.615006,837,1614
5842.620006,864,1620
5842.625006,879,1619
5842.630006,834,1622
5842.635006,854,1626
5842.640007,858,1627
5842.645006,846,1629
5842.650006,844,1631
5842.655006,882,1629
5842.660006,857,1632
5842.665006,830,1635
5842.670006,862,1639
5842.675006,878,1633
5842.680006,822,1635
5842.685006,862,1629
5842.690006,870,1624
5842.695005,842,1621
5842.700005,841,1621
5842.705005,871,1617
5842.710005,844,1615
5842.715006,841,1611
5842.720005,865,1610
5842.725007,856,1611
5842.730005,832,1609
5842.735006,851,1606
5842.740005,868,1609
5842.745006,850,1608
5842.750007,851,1609
5842.755006,866,1613
5842.760006,844,1615
5842.765007,837,1614
5842.770006,856,1615
5842.775005,873,1619
5842.780006,832,1617
5842.785005,845,1616
5842.790006,878,1615
5842.795007,824,1621
5842.800005,847,1616
5842.805006,877,1614
5842.810005,846,1615
5842.815006,846,1612
5842.820007,870,1610
5842.825007,853,1609
5842.830006,842,1606
5842.835006,858,1606
5842.840007,861,1605
5842.845005,823,1604
5842.850006,842,1602
5842.855005,865,1604
5842.860007,861,1601
5842.865006,826,1605
5842.870005,872,1604
5842.875005,872,1603
5842.880005,842,1604
5842.885005,847,1608
5842.890005,877,1611
5842.895006,832,1612
5842.900005,836,1610
5842.905006,882,1612
5842.910007,853,1615
5842.915006,836,1612
5842.920007,859,1616
5842.925006,873,1610
5842.930006,828,1610
5842.935007,834,1612
5842.940007,875,1610
5842.945006,828,1607
5842.950005,833,1606
5842.955005,864,1603
5842.960006,846,1602
5842.965007,829,1602
5842.970007,860,1602
5842.975005,875,1597
5842.980007,842,1599
5842.985005,850,1600
5842.990005,865,1603
5842.995006,834,1606
5843.000006,838,1607
5843.005006,882,1609
5843.010006,861,1611
5843.015007,837,1616
5843.020006,871,1615
5843.025005,864,1620
5843.030006,844,1618
5843.035005,847,1624
5843.040005,860,1629
5843.045005,833,1625
5843.050005,827,1628
5843.055006,883,1625
5843.060006,863,1624
5843.065005,820,1629
5843.070007,871,1625
5843.075006,859,1626
5843.080006,822,1625
5843.085006,838,1624
5843.090007,854,1623
5843.095006,823,1627
5843.100005,853,1620
5843.105007,881,1616
5843.110007,859,1616
5843.115007,828,1615
5843.120005,866,1614
5843.125005,858,1612
5843.130005,820,1612
5843.135005,850,1609
5843.140006,859,1610
5843.145006,844,1604
5843.150005,845,1606
5843.155006,873,1601
5843.160005,848,1603
5843.165005,832,1599
5843.170006,869,1598
5843.175005,860,1597
5843.180006,826,1595
5843.185005,837,1594
5843.190007,859,1593
5843.195007,827,1595
5843.200007,850,1589
5843.205006,874,1587
5843.210007,860,1586
5843.215006,829,1588
5843.220006,856,1590
5843.225006,852,1592
5843.230006,843,1589
5843.235006,854,1588
5843.240006,873,1587
5843.245005,846,1584
5843.250005,842,1585
5843.255005,863,1589
5843.260006,857,1578
5843.265006,819,1577
5843.270005,867,1581
5843.275006,870,1579
5843.280006,831,1578
5843.285005,851,1576
5843.290005,868,1575
5843.295005,837,1572
5843.300005,844,1573
5843.305006,866,1572
5843.310007,847,1569
5843.315007,827,1567
5843.320006,856,1563
5843.325006,856,1561
5843.330006,830,1562
5843.335007,843,1563
5843.340005,856,1563
5843.345005,829,1562
5843.350007,827,1567
5843.355005,882,1564
5843.360007,851,1566
5843.365006,824,1570
5843.370005,872,1570
5843.375006,859,1576
5843.380006,819,1584
5843.385007,841,1582
5843.390005,876,1587
5843.395006,843,1592
5843.400005,836,1591
5843.405006,861,1597
5843.410005,856,1599
5843.415006,835,1598
5843.420007,857,1602
5843.425005,852,1605
5843.430007,838,1603
5843.435006,854,1601
5843.440005,869,1601
5843.445006,824,1602
5843.450005,849,1601
5843.455006,868,1601
5843.460007,849,1601
5843.465007,824,1593
5843.470006,874,1601
5843.475005,866,1602
5843.480007,827,1602
5843.485006,839,1607
5843.490005,860,1613
5843.495006,850,1613
5843.500007,841,1618
5843.505006,865,1622
5843.510006,874,1623
5843.515006,841,1633
5843.520007,864,1633
5843.525006,854,1640
5843.530005,846,1639
5843.535005,846,1646
5843.540005,868,1650
5843.545006,836,1651
5843.550006,848,1650
5843.555006,877,1652
5843.560007,862,1654
5843.565006,836,1652
5843.570007,872,1653
5843.575006,867,1655
5843.580006,832,1651
5843.585006,851,1646
5843.590006,875,1649
5843.595007,838,1650
5843.600006,834,1651
5843.605005,885,1646
5843.610006,866,1644
5843.615006,835,1647
5843.620006,859,1646
5843.625005,860,1647
5843.630006,840,1644
5843.635006,848,1642
5843.640006,873,1645
5843.645006,837,1645
5843.650006,832,1644
5843.655006,880,1643
5843.660006,851,1648
5843.665007,828,1645
5843.670006,882,1638
5843.675007,863,1643
5843.680006,825,1643
5843.685006,854,1641
5843.690006,873,1643
5843.695006,856,1637
5843.700005,850,1640
5843.705005,879,1638
5843.710005,860,1637
5843.715006,827,1639
5843.720007,858,1637
5843.725007,861,1637
5843.730006,849,1634
5843.735005,855,1629
5843.740005,878,1635
5843.745005,840,1632
5843.750005,853,1629
5843.755006,875,1630
5843.760007,857,1630
5843.765006,825,1631
5843.770005,858,1629
5843.775007,876,1628
5843.780006,833,1625
5843.785006,844,1626
5843.790007,864,1624
5843.795007,837,1624
5843.800005,857,1621
5843.805007,884,1619
5843.810005,865,1618
5843.815006,832,1616
5843.820006,876,1616
5843.825006,862,1614
5843.830007,845,1610
5843.835006,852,1609
5843.840005,871,1608
5843.845006,833,1606
5843.850005,829,1612
5843.855006,881,1607
5843.860005,863,1609
5843.865006,825,1608
5843.870005,879,1602
5843.875006,866,1606
5843.880006,824,1610
5843.885005,833,1611
5843.890007,878,1610
5843.895006,840,1612
5843.900005,834,1611
5843.905007,862,1613
5843.910007,871,1609
5843.915006,834,1610
5843.920007,874,1605
5843.925007,858,1606
5843.930006,844,1598
5843.935005,836,1597
5843.940007,860,1596
5843.945006,848,1589
5843.950005,838,1587
5843.955005,866,1584
5843.960005,868,1576
5843.965005,835,1581
5843.970007,853,1581
5843.975005,852,1581
5843.980007,838,1576
5843.985007,835,1580
5843.990005,864,1582
5843.995005,843,1582
5844.000005,834,1582
5844.005006,874,1583
5844.010007,865,1588
5844.015006,843,1587
5844.020006,863,1595
5844.025005,851,1597
5844.030006,813,1600
5844.035006,847,1601
5844.040006,867,1601
5844.045007,829,1606
5844.050006,829,1605
5844.055006,875,1606
5844.060006,842,1610
5844.065005,819,1610
5844.070007,869,1608
5844.075006,866,1608
5844.080007,833,1608
5844.085005,836,1606
5844.090005,858,1608
5844.095007,848,1605
5844.100005,837,1604
5844.105006,869,1604
5844.110006,850,1608
5844.115005,826,1608
5844.120005,854,1609
5844.125005,850,1609
5844.130006,835,1609
5844.135006,845,1613
5844.140006,868,1616
5844.145005,827,1613
5844.150005,843,1616
5844.155006,863,1616
5844.160006,846,1619
5844.165005,841,1615
5844.170005,863,1616
5844.175005,858,1616
5844.180006,820,1618
5844.185007,834,1614
5844.190006,880,1615
5844.195005,841,1613
5844.200006,837,1612
5844.205006,874,1611
5844.210006,860,1612
5844.215006,834,1603
5844.220007,869,1610
5844.225006,854,1612
5844.230005,826,1599
5844.235007,846,1608
5844.240007,872,1607
5844.245005,840,1606
5844.250006,830,1608
5844.255007,865,1606
5844.260005,844,1610
5844.265006,843,1605
5844.270006,860,1605
5844.275005,851,1607
5844.280006,816,1611
5844.285005,830,1609
5844.290005,874,1605
5844.295006,839,1604
5844.300007,840,1602
5844.305005,871,1600
5844.310006,854,1600
5844.315006,827,1600
5844.320005,853,1600
5844.325005,851,1598
5844.330005,826,1597
5844.335005,839,1594
5844.340005,871,1594
5844.345007,842,1592
5844.350005,833,1597
5844.355005,864,1595
5844.360006,853,1596
5844.365005,824,1602
5844.370005,869,1599
5844.375005,860,1602
5844.380006,826,1606
5844.385007,833,1609
5844.390006,861,1613
5844.395005,832,1607
5844.400006,829,1613
5844.405006,880,1603
5844.410006,872,1610
5844.415007,840,1611
5844.420006,858,1611
5844.425007,858,1612
5844.430006,827,1606
5844.435007,838,1604
5844.440006,866,1602
5844.445006,847,1599
5844.450005,842,1597
5844.455005,862,1594
5844.460005,849,1598
5844.465006,843,1590
5844.470007,864,1587
5844.475005,855,1590
5844.480006,822,1589
5844.485006,852,1592
5844.490006,875,1590
5844.495006,836,1593
5844.500006,831,1596
5844.505006,857,1601
5844.510006,858,1593
5844.515006,822,1607
5844.520006,872,1605
5844.525006,869,1607
5844.530006,835,1609
5844.535006,845,1605
5844.540006,868,1614
5844.545005,829,1614
5844.550005,828,1616
5844.555007,856,1618
5844.560006,847,1619
5844.565005,829,1608
5844.570006,863,1615
5844.575005,849,1617
5844.580005,836,1611
5844.585006,840,1613
5844.590006,875,1613
5844.595006,833,1607
5844.600005,847,1611
5844.605006,869,1614
5844.610007,849,1612
5844.615006,825,1611
5844.620005,850,1612
5844.625005,872,1610
5844.630005,836,1611
5844.635006,830,1611
5844.640005,872,1610
5844.645007,835,1609
5844.650006,842,1594
5844.655005,877,1607
5844.660005,853,1609
5844.665005,821,1612
5844.670005,851,1607
5844.675006,858,1606
5844.680007,822,1609
5844.685006,834,1606
5844.690006,863,1607
5844.695006,831,1610
5844.700006,825,1605
5844.705006,859,1609
5844.710005,871,1604
5844.715006,840,1604
5844.720007,860,1604
5844.725006,852,1604
5844.730005,822,1602
5844.735007,854,1601
5844.740006,874,1603
5844.745006,836,1602
5844.750006,833,1602
5844.755007,853,1603
5844.760005,853,1603
5844.765006,826,1603
5844.770005,870,1601
5844.775006,868,1602
5844.780006,824,1604
5844.785006,835,1602
5844.790006,861,1604
5844.795007,828,1605
5844.800006,846,1601
5844.805006,878,1600
5844.810007,861,1603
5844.815006,823,1605
5844.820005,851,1604
5844.825006,849,1603
5844.830006,831,1602
5844.835005,847,1602
5844.840005,865,1601
5844.845006,830,1605
5844.850005,843,1605
5844.855006,867,1601
5844.860005,850,1602
5844.865006,819,1606
5844.870006,871,1603
5844.875006,867,1603
5844.880007,834,1606
5844.885007,839,1606
5844.890006,854,1611
5844.895005,846,1597
5844.900006,836,1608
5844.905005,864,1609
5844.910005,855,1610
5844.915005,823,1615
5844.920005,869,1610
5844.925005,860,1610
5844.930007,820,1617
5844.935006,854,1611
5844.940005,869,1613
5844.945006,832,1616
5844.950006,843,1614
5844.955006,865,1613
5844.960007,864,1603
5844.965005,833,1613
5844.970006,861,1612
5844.975005,862,1610
5844.980007,823,1616
5844.985007,833,1612
5844.990007,867,1610
5844.995007,831,1613
5845.000006,843,1600
5845.005007,879,1608
5845.010005,864,1609
5845.015006,834,1607
5845.020007,854,1607
5845.025007,847,1610
5845.030007,826,1605
5845.035006,834,1609
5845.040006,858,1609
5845.045006,832,1605
5845.050006,850,1601
5845.055006,868,1600
5845.060006,850,1601
5845.065006,822,1599
5845.070006,847,1600
5845.075006,867,1593
5845.080006,820,1596
5845.085006,842,1590
5845.090006,862,1593
5845.095007,831,1592
5845.100005,847,1591
5845.105007,884,1591
5845.110007,865,1592
5845.115006,837,1592
5845.120006,864,1597
5845.125007,861,1599
5845.130006,818,1604
5845.135006,833,1606
5845.140006,865,1595
5845.145006,831,1607
5845.150006,848,1607
5845.155005,859,1614
5845.160005,857,1612
5845.165005,844,1611
5845.170005,857,1609
5845.175005,863,1608
5845.180006,835,1605
5845.185006,830,1608
5845.190006,883,1601
5845.195005,829,1607
5845.200005,838,1602
5845.205006,864,1597
5845.210006,865,1595
5845.215006,830,1595
5845.220006,844,1600
5845.225006,860,1595
5845.230006,842,1594
5845.235006,847,1597
5845.240005,852,1607
5845.245005,846,1601
5845.250005,843,1607
5845.255005,865,1611
5845.260005,869,1610
5845.265007,827,1616
5845.270007,853,1619
5845.275005,848,1628
5845.280007,827,1614
5845.285007,845,1628
5845.290007,866,1628
5845.295007,847,1631
5845.300006,848,1628
5845.305007,875,1630
5845.310005,866,1628
5845.315007,829,1630
5845.320006,847,1629
5845.325005,866,1626
5845.330006,830,1627
5845.335006,829,1627
5845.340005,879,1624
5845.345007,835,1625
5845.350007,827,1625
5845.355006,871,1624
5845.360005,859,1623
5845.365005,820,1626
5845.370005,864,1622
5845.375005,873,1622
5845.380006,833,1623
5845.385007,829,1626
5845.390006,872,1619
5845.395006,852,1621
5845.400005,831,1623
5845.405006,858,1622
5845.410006,865,1614
5845.415006,833,1620
5845.420006,857,1617
5845.425006,862,1617
5845.430006,838,1618
5845.435006,842,1614
5845.440005,866,1612
5845.445006,839,1611
5845.450005,830,1611
5845.455006,857,1611
5845.460007,867,1607
5845.465006,837,1600
5845.470006,866,1597
5845.475006,869,1595
5845.480006,820,1594
5845.485006,839,1583
5845.490006,862,1579
5845.495006,836,1584
5845.500006,824,1582
5845.505006,880,1580
5845.510006,860,1580
5845.515007,825,1579
5845.520006,849,1579
5845.525006,869,1575
5845.530005,835,1574
5845.535006,845,1572
5845.540006,872,1576
5845.545006,848,1573
5845.550006,830,1572
5845.555006,866,1564
5845.560005,864,1572
5845.565006,830,1568
5845.570006,847,1571
5845.575006,852,1571
5845.580006,838,1571
5845.585006,840,1569
5845.590006,860,1571
5845.595006,837,1564
5845.600007,848,1570
5845.605006,874,1577
5845.610006,862,1577
5845.615006,828,1570
5845.620005,861,1587
5845.625005,869,1590
5845.630006,828,1597
5845.635007,829,1592
5845.640005,869,1606
5845.645007,845,1611
5845.650007,834,1612
5845.655007,874,1621
5845.660006,863,1624
5845.665007,829,1629
5845.670006,860,1629
5845.675007,854,1634
5845.680005,841,1630
5845.685007,842,1633
5845.690007,863,1633
5845.695006,844,1632
5845.700007,836,1632
5845.705006,860,1638
5845.710007,872,1633
5845.715007,836,1630
5845.720005,866,1631
5845.725006,859,1635
5845.730006,833,1624
5845.735006,851,1633
5845.740006,868,1641
5845.745007,848,1638
5845.750006,840,1642
5845.755006,871,1647
5845.760006,852,1650
5845.765006,848,1648
5845.770005,846,1657
5845.775007,856,1657
5845.780005,832,1656
5845.785005,836,1658
5845.790005,886,1659
5845.795006,852,1658
5845.800007,844,1658
5845.805006,877,1655
5845.810006,860,1652
5845.815006,833,1652
5845.820005,857,1646
5845.825006,862,1644
5845.830006,837,1642
5845.835006,851,1641
5845.840006,879,1639
5845.845006,849,1635
5845.850006,831,1636
5845.855006,864,1636
5845.860006,855,1637
5845.865005,830,1636
5845.870006,850,1637
5845.875005,859,1638
5845.880005,836,1638
5845.885005,833,1645
5845.890005,880,1645
5845.895006,842,1650
5845.900006,829,1648
5845.905006,881,1648
5845.910006,869,1649
5845.915006,825,1651
5845.920005,845,1652
5845.925006,857,1654
5845.930007,821,1646
5845.935007,854,1647
5845.940007,874,1636
5845.945006,845,1641
5845.950005,834,1637
5845.955005,864,1631
5845.960005,864,1627
5845.965005,830,1626
5845.970006,850,1622
5845.975007,852,1624
5845.980007,845,1617
5845.985006,846,1617
5845.990005,861,1624
5845.995005,837,1625
5846.000005,828,1629
5846.005005,877,1629
5846.010006,849,1633
5846.015007,821,1635
5846.020006,848,1639
5846.025006,855,1642
5846.030006,846,1639
5846.035006,856,1641
5846.040007,862,1644
5846.045005,844,1643
5846.050005,829,1642
5846.055006,867,1642
5846.060006,858,1640
5846.065006,827,1640
5846.070006,847,1641
5846.075005,858,1640
5846.080005,849,1629
5846.085006,842,1634
5846.090006,876,1632
5846.095006,837,1629
5846.100005,826,1627
5846.105006,877,1619
5846.110005,868,1619
5846.115005,843,1614
5846.120005,860,1613
5846.125005,866,1611
5846.130006,834,1610
5846.135007,845,1607
5846.140007,861,1595
5846.145006,833,1602
5846.150005,833,1602
5846.155007,873,1600
5846.160007,843,1603
5846.165006,834,1601
5846.170007,861,1593
5846.175005,874,1596
5846.180007,826,1595
5846.185006,836,1593
5846.190005,861,1591
5846.195007,841,1590
5846.200006,820,1590
5846.205006,875,1585
5846.210007,854,1588
5846.215007,824,1573
5846.220006,848,1582
5846.225005,857,1585
5846.230006,828,1582
5846.235007,827,1586
5846.240006,856,1587
5846.245007,854,1583
5846.250005,841,1583
5846.255005,868,1582
5846.260006,849,1581
5846.265007,840,1583
5846.270007,849,1584
5846.275007,852,1583
5846.280006,840,1581
5846.285006,823,1583
5846.290006,872,1576
5846.295006,854,1573
5846.300007,842,1579
5846.305005,863,1577
5846.310007,849,1578
5846.315006,838,1574
5846.320005,859,1575
5846.325005,865,1576
5846.330006,833,1574
5846.335006,841,1576
5846.340006,874,1579
5846.345007,845,1577
5846.350007,838,1581
5846.355006,859,1580
5846.360005,863,1581
5846.365005,829,1579
5846.370006,841,1582
5846.375006,853,1586
5846.380006,836,1584
5846.385007,837,1571
5846.390007,876,1585
5846.395005,847,1586
5846.400006,826,1589
5846.405005,872,1585
5846.410005,857,1586
5846.415005,820,1594
5846.420005,841,1591
5846.425006,869,1589
5846.430006,826,1592
5846.435006,836,1597
5846.440006,873,1591
5846.445006,858,1596
5846.450006,835,1596
5846.455005,872,1601
5846.460005,857,1602
5846.465006,835,1605
5846.470006,858,1605
5846.475005,859,1607
5846.480006,820,1613
5846.485006,844,1612
5846.490006,874,1614
5846.495005,851,1610
5846.500005,835,1617
5846.505006,860,1619
5846.510007,848,1625
5846.515006,838,1621
5846.520005,856,1620
5846.525006,861,1621
5846.530006,826,1620
5846.535006,832,1623
5846.540006,864,1620
5846.545006,853,1619
5846.550007,836,1618
5846.555005,868,1618
5846.560006,859,1617
5846.565006,818,1619
5846.570007,864,1613
5846.575007,867,1609
5846.580006,821,1609
5846.585007,831,1609
5846.590005,871,1600
5846.595006,860,1604
5846.600006,838,1606
5846.605006,861,1605
5846.610005,874,1605
5846.615005,839,1607
5846.620006,853,1609
5846.625006,863,1613
5846.630007,836,1614
5846.635006,844,1618
5846.640006,870,1622
5846.645006,844,1628
5846.650006,823,1628
5846.655006,865,1621
5846.660005,863,1630
5846.665006,827,1635
5846.670007,842,1636
5846.675005,857,1632
5846.680007,835,1628
5846.685005,831,1630
5846.690006,883,1622
5846.695005,846,1622
5846.700005,833,1617
5846.705005,864,1617
5846.710005,861,1615
5846.715005,823,1619
5846.720006,841,1615
5846.725005,876,1611
5846.730007,833,1611
5846.735007,841,1611
5846.740006,860,1615
5846.745006,855,1613
5846.750006,848,1615
5846.755006,872,1614
5846.760006,860,1619
5846.765006,833,1618
5846.770006,844,1618
5846.775005,854,1622
5846.780006,826,1611
5846.785006,837,1620
5846.790007,874,1618
5846.795006,844,1622
5846.800006,837,1620
5846.805006,870,1619
5846.810005,860,1620
5846.815006,821,1619
5846.820005,841,1615
5846.825006,854,1614
5846.830006,845,1603
5846.835007,843,1605
5846.840005,863,1606
5846.845007,840,1605
5846.850005,834,1600
5846.855006,861,1602
5846.860005,852,1601
5846.865005,820,1605
5846.870006,865,1604
5846.875005,864,1606
5846.880005,825,1610
5846.885005,830,1614
5846.890007,878,1613
5846.895005,849,1614
5846.900006,826,1620
5846.905005,864,1618
5846.910006,859,1619
5846.915005,830,1619
5846.920006,843,1621
5846.925005,876,1619
5846.930006,835,1616
5846.935007,844,1606
5846.940007,870,1611
5846.945007,841,1610
5846.950007,842,1607
5846.955006,868,1606
5846.960006,868,1598
5846.965007,826,1599
5846.970006,855,1594
5846.975005,858,1596
5846.980007,822,1593
5846.985006,852,1590
5846.990006,872,1594
5846.995005,854,1598
5847.000006,833,1603
5847.005007,857,1604
5847.010006,849,1599
5847.015005,826,1612
5847.020006,849,1613
5847.025005,862,1621
5847.030006,826,1624
5847.035005,849,1623
5847.040006,870,1625
5847.045006,852,1628
5847.050006,840,1633
5847.055007,862,1632
5847.060005,850,1638
5847.065006,831,1637
5847.070005,844,1638
5847.075006,868,1634
5847.080005,828,1634
5847.085005,856,1632
5847.090005,872,1631
5847.095007,860,1628
5847.100005,831,1629
5847.105006,868,1626
5847.110005,858,1628
5847.115005,835,1624
5847.120005,846,1626
5847.125006,854,1625
5847.130006,827,1622
5847.135006,853,1617
5847.140005,865,1617
5847.145006,846,1613
5847.150006,836,1611
5847.155005,865,1607
5847.160006,855,1609
5847.165006,824,1607
5847.170007,842,1604
5847.175006,867,1604
5847.180007,828,1604
5847.185005,836,1600
5847.190007,870,1597
5847.195006,845,1604
5847.200005,828,1599
5847.205005,864,1596
5847.210005,850,1605
5847.215005,842,1597
5847.220006,852,1600
5847.225006,863,1602
5847.230006,839,1592
5847.235006,840,1602
5847.240005,859,1610
5847.245006,862,1608
5847.250006,841,1599
5847.255006,854,1605
5847.260007,875,1608
5847.265005,827,1610
5847.270006,840,1609
5847.275006,875,1604
5847.280006,832,1610
5847.285005,843,1603
5847.290006,876,1603
5847.295006,850,1602
5847.300007,830,1602
5847.305005,862,1599
5847.310006,858,1597
5847.315005,845,1597
5847.320006,859,1593
5847.325006,854,1593
5847.330007,841,1590
5847.335006,843,1589
5847.340006,864,1592
5847.345006,862,1590
5847.350006,846,1591
5847.355006,860,1595
5847.360005,862,1588
5847.365005,828,1598
5847.370006,860,1602
5847.375006,867,1602
5847.380006,831,1609
5847.385006,834,1612
5847.390007,885,1611
5847.395005,857,1615
5847.400006,834,1615
5847.405006,870,1624
5847.410006,858,1618
5847.415007,821,1624
5847.420006,861,1617
5847.425006,866,1614
5847.430007,832,1613
5847.435005,837,1612
5847.440007,867,1609
5847.445006,856,1606
5847.450006,834,1606
5847.455007,869,1603
5847.460006,852,1605
5847.465006,845,1599
5847.470006,852,1599
5847.475005,864,1597
5847.480006,828,1602
5847.485005,843,1601
5847.490005,865,1601
5847.495005,843,1604
5847.500005,825,1608
5847.505006,860,1609
5847.510007,866,1611
5847.515007,833,1614
5847.520006,843,1616
5847.525005,876,1618
5847.530006,843,1619
5847.535006,833,1623
5847.540006,875,1620
5847.545006,848,1624
5847.550007,825,1624
5847.555005,854,1618
5847.560006,870,1618
5847.565007,829,1616
5847.570007,846,1615
5847.575006,855,1614
5847.580006,838,1612
5847.585007,833,1608
5847.590005,856,1610
5847.595006,847,1605
5847.600007,824,1606
5847.605006,862,1604
5847.610006,851,1601
5847.615005,833,1602
5847.620005,849,1604
5847.625005,877,1605
5847.630005,840,1606
5847.635006,830,1606
5847.640006,865,1606
5847.645006,843,1609
5847.650005,827,1610
5847.655006,873,1607
5847.660007,858,1608
5847.665006,820,1614
5847.670006,856,1602
5847.675006,861,1612
5847.680007,844,1610
5847.685006,840,1614
5847.690005,856,1618
5847.695006,854,1610
5847.700005,840,1610
5847.705005,868,1614
5847.710005,862,1612
5847.715005,821,1615
5847.720006,857,1613
5847.725005,861,1613
5847.730006,828,1613
5847.735005,828,1616
5847.740006,875,1612
5847.745005,849,1613
5847.750005,829,1615
5847.755005,857,1617
5847.760006,870,1615
5847.765006,824,1619
5847.770006,839,1617
5847.775005,874,1618
5847.780006,823,1619
5847.785006,827,1622
5847.790006,875,1621
5847.795007,842,1627
5847.800006,834,1622
5847.805005,859,1626
5847.810007,867,1624
5847.815006,824,1626
5847.820007,837,1628
5847.825006,866,1626
5847.830007,847,1629
5847.835006,842,1626
5847.840007,880,1624
5847.845006,842,1628
5847.850006,838,1622
5847.855005,870,1624
5847.860007,856,1623
5847.865006,830,1621
5847.870005,837,1620
5847.875006,870,1621
5847.880006,832,1618
5847.885005,852,1619
5847.890007,879,1618
5847.895007,850,1617
5847.900006,830,1616
5847.905006,872,1615
5847.910006,848,1617
5847.915007,840,1612
5847.920006,837,1615
5847.925007,878,1608
5847.930007,838,1613
5847.935005,840,1607
5847.940006,870,1614
5847.945006,845,1612
5847.950006,837,1603
5847.955007,872,1608
5847.960005,849,1608
5847.965005,827,1603
5847.970006,838,1606
5847.975005,853,1604
5847.980007,842,1602
5847.985006,838,1601
5847.990006,858,1601
5847.995005,861,1600
5848.000006,825,1598
5848.005007,874,1597
5848.010005,845,1602
5848.015006,838,1596
5848.020007,852,1593
5848.025006,856,1594
5848.030006,840,1594
5848.035006,832,1588
5848.040006,870,1589
5848.045006,845,1583
5848.050006,819,1590
5848.055006,865,1585
5848.060006,850,1583
5848.065006,832,1583
5848.070005,843,1585
5848.075005,850,1582
5848.080005,830,1583
5848.085005,825,1584
5848.090005,858,1578
5848.095006,847,1579
5848.100006,834,1581
5848.105006,862,1580
5848.110007,852,1583
5848.115006,834,1586
5848.120007,846,1584
5848.125006,853,1597
5848.130006,844,1592
5848.135006,843,1590
5848.140006,872,1594
5848.145006,852,1595
5848.150007,834,1598
5848.155006,851,1603
5848.160005,867,1603
5848.165005,817,1603
5848.170006,850,1602
5848.175005,860,1602
5848.180007,840,1602
5848.185006,841,1601
5848.190006,858,1603
5848.195005,842,1602
5848.200005,835,1599
5848.205005,866,1596
5848.210005,872,1599
5848.215005,828,1597
5848.220005,853,1591
5848.225005,866,1599
5848.230007,828,1601
5848.235006,831,1605
5848.240005,873,1610
5848.245005,845,1610
5848.250006,848,1610
5848.255006,866,1616
5848.260006,847,1625
5848.265007,843,1624
5848.270006,837,1629
5848.275005,860,1632
5848.280006,844,1635
5848.285005,837,1635
5848.290005,877,1632
5848.295006,870,1632
5848.300006,842,1634
5848.305006,857,1632
5848.310005,867,1620
5848.315006,823,1631
5848.320005,834,1629
5848.325005,875,1621
5848.330006,828,1624
5848.335006,833,1627
5848.340006,861,1624
5848.345006,866,1620
5848.350006,833,1621
5848.355006,857,1626
5848.360006,875,1623
5848.365005,827,1629
5848.370005,833,1635
5848.375005,877,1632
5848.380006,837,1633
5848.385007,847,1634
5848.390006,868,1639
5848.395005,853,1644
5848.400007,832,1645
5848.405007,860,1649
5848.410006,858,1638
5848.415006,835,1649
5848.420007,843,1648
5848.425006,874,1641
5848.430005,834,1644
5848.435006,829,1646
5848.440006,883,1637
5848.445005,862,1635
5848.450005,841,1633
5848.455006,874,1627
5848.460006,853,1630
5848.465006,821,1624
5848.470006,850,1618
5848.475005,868,1618
5848.480007,825,1612
5848.485007,840,1613
5848.490006,859,1612
5848.495005,864,1618
5848.500005,835,1619
5848.505005,863,1621
5848.510006,862,1621
5848.515007,822,1627
5848.520005,834,1632
5848.525007,872,1625
5848.530007,839,1632
5848.535006,849,1633
5848.540006,867,1637
5848.545006,862,1629
5848.550006,834,1638
5848.555006,860,1641
5848.560006,863,1639
5848.565005,827,1640
5848.570007,851,1629
5848.575005,858,1637
5848.580005,841,1636
5848.585005,841,1634
5848.590005,862,1635
5848.595006,863,1629
5848.600006,828,1629
5848.605006,854,1627
5848.610006,856,1623
5848.615005,830,1612
5848.620006,847,1620
5848.625006,863,1615
5848.630005,839,1615
5848.635005,838,1611
5848.640007,862,1616
5848.645007,847,1602
5848.650006,831,1609
5848.655005,866,1609
5848.660005,852,1610
5848.665005,836,1602
5848.670005,839,1604
5848.675006,862,1606
5848.680007,828,1601
5848.685006,849,1602
5848.690006,864,1606
5848.695005,844,1603
5848.700006,833,1603
5848.705006,848,1605
5848.710006,854,1599
5848.715006,827,1598
5848.720006,840,1593
5848.725006,868,1598
5848.730006,825,1597
5848.735005,846,1595
5848.740005,873,1596
5848.745006,857,1594
5848.750007,825,1592
5848.755007,854,1598
5848.760007,848,1593
5848.765006,818,1594
5848.770006,852,1592
5848.775006,870,1588
5848.780005,827,1591
5848.785006,840,1592
5848.790007,861,1589
5848.795006,863,1587
5848.800006,823,1590
5848.805007,861,1583
5848.810006,850,1591
5848.815005,823,1589
5848.820007,835,1585
5848.825006,857,1587
5848.830006,848,1584
5848.835006,835,1582
5848.840007,861,1585
5848.845005,854,1582
5848.850006,826,1586
5848.855006,867,1582
5848.860005,851,1588
5848.865005,817,1587
5848.870005,848,1581
5848.875005,868,1581
5848.880005,832,1584
5848.885005,829,1586
5848.890007,856,1581
5848.895007,844,1585
5848.900007,844,1581
5848.905006,859,1583
5848.910005,854,1582
5848.915005,821,1582
5848.920006,855,1581
5848.925006,855,1581
5848.930007,828,1584
5848.935006,828,1585
5848.940006,875,1583
5848.945005,849,1586
5848.950006,826,1587
5848.955007,852,1587
5848.960006,873,1585
5848.965006,832,1589
5848.970006,843,1589
5848.975006,854,1590
5848.980005,840,1586
5848.985006,825,1592
5848.990006,873,1581
5848.995005,860,1581
5849.000006,838,1590
5849.005007,860,1595
5849.010006,846,1593
5849.015006,825,1593
5849.020007,830,1596
5849.025007,877,1595
5849.030006,834,1598
5849.035005,827,1594
5849.040005,866,1597
5849.045005,862,1590
5849.050005,841,1592
5849.055007,850,1585
5849.060006,849,1592
5849.065005,842,1585
5849.070007,834,1592
5849.075007,871,1588
5849.080007,843,1588
5849.085005,838,1584
5849.090006,870,1586
5849.095007,852,1587
5849.100005,826,1589
5849.105007,852,1590
5849.110007,874,1590
5849.115006,832,1594
5849.120007,832,1600
5849.125007,857,1602
5849.130005,849,1605
5849.135005,843,1609
5849.140007,861,1615
5849.145005,868,1614
5849.150007,831,1617
5849.155006,872,1617
5849.160005,858,1621
5849.165005,819,1623
5849.170005,845,1622
5849.175005,856,1625
5849.180006,826,1624
5849.185006,839,1616
5849.190006,864,1618
5849.195006,869,1612
5849.200006,831,1607
5849.205006,862,1608
5849.210007,846,1604
5849.215005,837,1604
5849.220006,838,1601
5849.225006,854,1606
5849.230005,845,1599
5849.235007,830,1603
5849.240006,865,1602
5849.245006,860,1608
5849.250007,837,1607
5849.255006,853,1611
5849.260006,866,1612
5849.265007,828,1616
5849.270006,829,1618
5849.275005,872,1623
5849.280006,832,1624
5849.285005,825,1630
5849.290006,874,1628
5849.295007,846,1630
5849.300005,824,1632
5849.305006,858,1633
5849.310005,853,1635
5849.315006,826,1625
5849.320006,843,1634
5849.325005,874,1634
5849.330005,839,1638
5849.335005,835,1632
5849.340006,860,1633
5849.345007,867,1632
5849.350005,828,1633
5849.355006,859,1631
5849.360007,857,1629
5849.365006,826,1630
5849.370006,855,1626
5849.375006,865,1628
5849.380007,824,1629
5849.385006,841,1625
5849.390006,867,1630
5849.395005,863,1623
5849.400007,831,1631
5849.405006,866,1625
5849.410006,871,1630
5849.415007,823,1633
5849.420007,829,1634
5849.425007,871,1626
5849.430006,837,1633
5849.435006,827,1636
5849.440005,875,1635
5849.445007,856,1638
5849.450006,849,1632
5849.455006,861,1635
5849.460006,870,1637
5849.465006,836,1633
5849.470006,840,1635
5849.475005,869,1631
5849.480007,831,1637
5849.485007,847,1630
5849.490007,866,1629
5849.495007,862,1630
5849.500006,840,1622
5849.505006,868,1625
5849.510006,856,1627
5849.515006,835,1627
5849.520007,841,1625
5849.525006,863,1624
5849.530006,852,1618
5849.535006,840,1615
5849.540006,863,1615
5849.545006,874,1617
5849.550006,838,1611
5849.555006,865,1612
5849.560007,861,1609
5849.565006,823,1607
5849.570007,858,1600
5849.575006,878,1600
5849.580006,834,1600
5849.585006,846,1596
5849.590006,863,1596
5849.595006,868,1590
5849.600006,832,1590
5849.605005,851,1595
5849.610007,868,1589
5849.615006,834,1595
5849.620005,838,1595
5849.625005,866,1595
5849.630006,840,1597
5849.635006,831,1603
5849.640007,880,1592
5849.645006,865,1608
5849.650006,828,1609
5849.655006,852,1608
5849.660006,872,1596
5849.665006,846,1605
5849.670006,842,1609
5849.675007,869,1606
5849.680005,838,1602
5849.685007,840,1597
5849.690006,873,1602
5849.695005,849,1601
5849.700005,835,1599
5849.705005,852,1598
5849.710006,871,1595
5849.715007,829,1597
5849.720006,849,1594
5849.725006,874,1597
5849.730006,828,1599
5849.735006,828,1604
5849.740005,863,1603
5849.745005,869,1607
5849.750005,830,1607
5849.755006,851,1614
5849.760006,866,1606
5849.765006,837,1615
5849.770007,850,1620
5849.775006,873,1620
5849.780006,836,1626
5849.785005,849,1621
5849.790005,872,1625
5849.795006,848,1628
5849.800007,844,1623
5849.805005,858,1619
5849.810006,856,1621
5849.815006,819,1621
5849.820006,841,1609
5849.825005,868,1615
5849.830005,838,1612
5849.835006,829,1604
5849.840007,862,1609
5849.845005,872,1608
5849.850007,831,1608
5849.855006,849,1608
5849.860006,865,1608
5849.865005,825,1610
5849.870005,830,1617
5849.875005,874,1607
5849.880005,833,1618
5849.885005,845,1619
5849.890007,867,1619
5849.895005,854,1626
5849.900007,833,1625
5849.905007,850,1627
5849.910007,857,1626
5849.915006,820,1626
5849.920006,838,1624
5849.925006,859,1624
5849.930006,849,1612
5849.935006,846,1619
5849.940006,863,1614
5849.945006,867,1611
5849.950005,826,1609
5849.955006,851,1607
5849.960006,869,1603
5849.965005,837,1597
5849.970006,843,1601
5849.975006,859,1600
5849.980005,849,1596
5849.985006,840,1598
5849.990006,873,1599
5849.995006,848,1603
5850.000006,834,1599
5850.005006,858,1604
5850.010006,857,1608
5850.015006,822,1609
5850.020007,851,1608
5850.025007,869,1610
5850.030007,835,1613
5850.035006,845,1612
5850.040007,868,1614
5850.045007,860,1614
5850.050007,832,1612
5850.055005,866,1615
5850.060006,856,1613
5850.065005,837,1612
5850.070007,839,1610
5850.075007,858,1608
5850.080007,840,1606
5850.085007,833,1601
5850.090006,875,1595
5850.095006,858,1594
5850.100006,815,1600
5850.105006,856,1594
5850.110006,862,1592
5850.115006,822,1585
5850.120005,846,1589
5850.125006,859,1591
5850.130007,844,1579
5850.135006,830,1587
5850.140007,854,1590
5850.145007,862,1586
5850.150006,838,1584
5850.155005,847,1585
5850.160005,867,1582
5850.165005,821,1587
5850.170005,841,1583
5850.175006,876,1584
5850.180006,834,1585
5850.185005,835,1576
5850.190006,860,1587
5850.195006,850,1578
5850.200006,826,1588
5850.205007,862,1576
5850.210006,866,1588
5850.215007,822,1589
5850.220006,827,1593
5850.225005,870,1591
5850.230006,830,1589
5850.235005,842,1591
5850.240005,868,1593
5850.245005,850,1593
5850.250005,834,1592
5850.255006,857,1586
5850.260006,854,1595
5850.265006,836,1599
5850.270005,828,1598
5850.275007,856,1600
5850.280007,849,1600
5850.285006,833,1600
5850.290007,867,1602
5850.295006,857,1604
5850.300006,839,1603
5850.305006,859,1599
5850.310005,852,1604
5850.315006,828,1600
5850.320006,833,1601
5850.325006,877,1584
5850.330006,844,1594
5850.335005,831,1592
5850.340005,880,1578
5850.345006,854,1591
5850.350006,827,1583
5850.355006,865,1590
5850.360006,853,1589
5850.365005,833,1591
5850.370005,833,1593
5850.375005,876,1595
5850.380005,852,1598
5850.385005,839,1600
5850.390007,867,1604
5850.395005,868,1607
5850.400006,821,1613
5850.405006,865,1608
5850.410006,864,1611
5850.415007,828,1619
5850.420005,836,1622
5850.425005,858,1621
5850.430006,851,1621
5850.435006,832,1620
5850.440006,872,1618
5850.445005,858,1611
5850.450005,827,1618
5850.455006,866,1622
5850.460007,867,1624
5850.465007,831,1621
5850.470005,847,1616
5850.475006,882,1626
5850.480006,847,1627
5850.485005,831,1632
5850.490005,870,1634
5850.495005,869,1640
5850.500006,829,1649
5850.505006,865,1643
5850.510006,876,1650
5850.515007,821,1659
5850.520005,846,1659
5850.525006,866,1665
5850.530005,852,1670
5850.535006,830,1667
5850.540007,866,1675
5850.545006,867,1677
5850.550006,830,1678
5850.555006,865,1679
5850.560006,870,1679
5850.565006,841,1678
5850.570005,835,1680
5850.575006,869,1680
5850.580006,839,1679
5850.585006,850,1677
5850.590007,866,1675
5850.595007,851,1679
5850.600006,825,1680
5850.605005,855,1673
5850.610006,870,1673
5850.615005,848,1672
5850.620005,849,1672
5850.625005,880,1671
5850.630005,840,1672
5850.635005,838,1672
5850.640007,864,1672
5850.645005,868,1670
5850.650006,832,1665
5850.655005,868,1665
5850.660005,876,1655
5850.665005,835,1664
5850.670005,838,1659
5850.675005,862,1659
5850.680006,851,1655
5850.685007,834,1649
5850.690007,883,1646
5850.695007,865,1645
5850.700007,831,1640
5850.705006,867,1635
5850.710005,858,1633
5850.715005,846,1628
5850.720007,850,1626
5850.725005,862,1626
5850.730007,853,1625
5850.735007,841,1613
5850.740007,862,1620
5850.745006,849,1616
5850.750007,819,1619
5850.755006,866,1610
5850.760007,867,1614
5850.765006,836,1613
5850.770005,837,1616
5850.775006,875,1618
5850.780006,840,1621
5850.785005,830,1617
5850.790005,880,1615
5850.795005,858,1622
5850.800005,818,1618
5850.805007,862,1612
5850.810005,873,1620
5850.815006,844,1616
5850.820005,837,1618
5850.825005,854,1621
5850.830005,850,1620
5850.835006,826,1621
5850.840007,867,1619
5850.845005,849,1622
5850.850007,842,1619
5850.855007,863,1619
5850.860006,854,1619
5850.865006,844,1618
5850.870005,829,1620
5850.875005,872,1615
5850.880005,837,1616
5850.885006,850,1610
5850.890006,864,1611
5850.895006,850,1612
5850.900005,838,1597
5850.905006,851,1609
5850.910005,865,1604
5850.915006,824,1605
5850.920006,836,1602
5850.925006,859,1598
5850.930007,833,1605
5850.935005,834,1602
5850.940007,881,1595
5850.945006,857,1596
5850.950005,819,1597
5850.955006,863,1598
5850.960007,850,1599
5850.965006,835,1596
5850.970006,838,1591
5850.975005,858,1594
5850.980007,855,1589
5850.985006,834,1589
5850.990006,863,1592
5850.995005,847,1589
5851.000006,833,1587
5851.005006,848,1588
5851.010006,850,1589
5851.015006,838,1586
5851.020006,838,1586
5851.025006,856,1586
5851.030006,853,1584
5851.035006,831,1586
5851.040007,856,1585
5851.045005,862,1584
5851.050005,833,1582
5851.055005,865,1576
5851.060007,860,1580
5851.065006,821,1576
5851.070006,839,1577
5851.075006,875,1573
5851.080007,829,1577
5851.085005,841,1573
5851.090005,861,1572
5851.095006,841,1570
5851.100005,823,1578
5851.105006,859,1576
5851.110005,859,1578
5851.115005,816,1585
5851.120006,833,1587
5851.125006,872,1590
5851.130007,847,1587
5851.135007,835,1596
5851.140006,862,1599
5851.145006,866,1601
5851.150006,820,1603
5851.155005,845,1604
5851.160005,850,1610
5851.165005,831,1608
5851.170005,830,1607
5851.175005,868,1605
5851.180007,836,1602
5851.185006,837,1592
5851.190006,874,1599
5851.195005,856,1596
5851.200006,827,1595
5851.205005,841,1592
5851.210006,872,1589
5851.215007,819,1589
5851.220005,845,1591
5851.225007,853,1588
5851.230007,841,1587
5851.235006,841,1592
5851.240005,861,1592
5851.245005,849,1591
5851.250005,831,1600
5851.255005,848,1605
5851.260005,871,1608
5851.265006,821,1611
5851.270005,848,1611
5851.275006,866,1613
5851.280005,850,1620
5851.285005,827,1625
5851.290005,852,1631
5851.295005,866,1628
5851.300005,824,1629
5851.305007,843,1628
5851.310007,874,1627
5851.315006,818,1638
5851.320005,846,1631
5851.325005,868,1633
5851.330005,846,1630
5851.335006,827,1632
5851.340006,852,1633
5851.345007,863,1633
5851.350007,833,1635
5851.355006,848,1636
5851.360007,873,1636
5851.365006,827,1633
5851.370006,829,1641
5851.375006,875,1633
5851.380006,847,1643
5851.385006,827,1649
5851.390006,867,1647
5851.395007,850,1649
5851.400006,819,1650
5851.405005,861,1650
5851.410005,866,1647
5851.415006,838,1646
5851.420007,846,1653
5851.425006,860,1651
5851.430007,849,1650
5851.435006,829,1654
5851.440007,876,1647
5851.445007,852,1649
5851.450006,840,1645
5851.455007,843,1650
5851.460007,867,1643
5851.465005,845,1646
5851.470006,840,1641
5851.475006,861,1644
5851.480005,860,1638
5851.485006,838,1638
5851.490006,866,1638
5851.495006,865,1637
5851.500006,827,1638
5851.505006,854,1636
5851.510006,856,1643
5851.515006,844,1633
5851.520006,844,1632
5851.525005,874,1629
5851.530007,841,1632
5851.535007,850,1626
5851.540006,861,1625
5851.545006,864,1621
5851.550006,830,1617
5851.555006,846,1620
5851.560006,874,1602
5851.565005,824,1609
5851.570006,838,1607
5851.575005,880,1594
5851.580005,860,1601
5851.585005,832,1601
5851.590005,862,1599
5851.595007,853,1598
5851.600006,825,1595
5851.605005,859,1595
5851.610007,863,1596
5851.615006,825,1600
5851.620005,838,1597
5851.625006,881,1597
5851.630007,848,1599
5851.635005,828,1601
5851.640006,878,1595
5851.645005,867,1600
5851.650006,819,1608
5851.655005,856,1605
5851.660005,859,1608
5851.665006,841,1603
5851.670007,839,1604
5851.675007,856,1608
5851.680006,847,1601
5851.685006,824,1603
5851.690005,873,1600
5851.695006,853,1600
5851.700005,842,1596
5851.705006,847,1593
5851.710006,868,1590
5851.715006,822,1589
5851.720006,828,1588
5851.725006,871,1588
5851.730005,857,1585
5851.735006,828,1585
5851.740006,854,1582
5851.745005,871,1586
5851.750006,826,1588
5851.755007,848,1586
5851.760006,854,1590
5851.765006,838,1591
5851.770006,833,1593
5851.775006,857,1596
5851.780005,836,1591
5851.785006,822,1598
5851.790006,875,1597
5851.795007,859,1594
5851.800005,829,1592
5851.805007,850,1594
5851.810006,860,1584
5851.815005,838,1589
5851.820006,830,1587
5851.825006,879,1583
5851.830007,850,1582
5851.835006,831,1583
5851.840006,855,1581
5851.845005,862,1578
5851.850006,829,1580
5851.855006,837,1582
5851.860007,867,1581
5851.865005,814,1583
5851.870006,835,1584
5851.875006,855,1589
5851.880007,857,1589
5851.885006,836,1586
5851.890007,858,1598
5851.895006,867,1596
5851.900006,826,1602
5851.905006,841,1602
5851.910005,851,1606
5851.915005,837,1602
5851.920005,845,1603
5851.925005,870,1603
5851.930007,838,1601
5851.935005,821,1599
5851.940006,853,1597
5851.945005,864,1594
5851.950005,822,1592
5851.955006,856,1578
5851.960007,868,1580
5851.965005,820,1583
5851.970007,842,1572
5851.975005,867,1583
5851.980007,837,1584
5851.985007,819,1583
5851.990006,877,1584
5851.995006,867,1591
5852.000006,821,1600
5852.005006,839,1599
5852.010007,869,1598
5852.015006,820,1613
5852.020005,831,1616
5852.025006,868,1623
5852.030005,836,1629
5852.035006,838,1631
5852.040006,864,1629
5852.045006,860,1637
5852.050007,819,1642
5852.055005,850,1639
5852.060007,853,1648
5852.065006,842,1643
5852.070005,830,1643
5852.075005,882,1641
5852.080005,842,1647
5852.085006,849,1639
5852.090007,868,1640
5852.095006,850,1642
5852.100005,835,1640
5852.105006,846,1637
5852.110005,869,1635
5852.115005,828,1638
5852.120005,829,1638
5852.125005,872,1633
5852.130005,843,1634
5852.135006,843,1634
5852.140006,866,1634
5852.145006,852,1635
5852.150005,841,1627
5852.155006,863,1628
5852.160006,854,1629
5852.165006,836,1624
5852.170007,829,1629
5852.175005,870,1625
5852.180007,858,1627
5852.185006,829,1627
5852.190006,881,1625
5852.195006,869,1621
5852.200006,829,1622
5852.205007,861,1624
5852.210006,872,1624
5852.215006,824,1623
5852.220006,844,1618
5852.225006,867,1623
5852.230006,855,1620
5852.235005,846,1623
5852.240005,865,1616
5852.245005,863,1612
5852.250005,830,1611
5852.255006,843,1614
5852.260007,869,1611
5852.265005,827,1611
5852.270007,835,1608
5852.275007,877,1604
5852.280006,847,1606
5852.285005,825,1605
5852.290006,881,1596
5852.295006,852,1597
5852.300006,835,1594
5852.305006,838,1591
5852.310005,876,1584
5852.315006,832,1584
5852.320006,833,1580
5852.325005,857,1577
5852.330005,859,1566
5852.335005,827,1569
5852.340005,876,1566
5852.345007,862,1566
5852.350006,816,1568
5852.355006,852,1558
5852.360005,867,1565
5852.365005,825,1567
5852.370005,829,1569
5852.375006,872,1571
5852.380007,845,1571
5852.385006,824,1577
5852.390007,858,1570
5852.395005,846,1584
5852.400006,826,1587
5852.405007,860,1581
5852.410006,862,1592
5852.415007,817,1594
5852.420005,846,1593
5852.425005,854,1596
5852.430007,857,1594
5852.435006,823,1595
5852.440006,872,1593
5852.445005,845,1590
5852.450005,837,1593
5852.455005,841,1593
5852.460006,851,1593
5852.465006,826,1594
5852.470006,829,1594
5852.475005,884,1593
5852.480007,844,1600
5852.485006,823,1603
5852.490006,859,1604
5852.495005,867,1604
5852.500005,820,1616
5852.505006,859,1612
5852.510006,854,1616
5852.515006,838,1620
5852.520005,852,1619
5852.525006,867,1625
5852.530006,838,1630
5852.535005,847,1627
5852.540005,859,1629
5852.545005,869,1627
5852.550005,815,1634
5852.555006,847,1628
5852.560005,869,1629
5852.565006,828,1626
5852.570007,843,1626
5852.575007,865,1625
5852.580006,856,1622
5852.585006,826,1624
5852.590006,855,1622
5852.595006,866,1619
5852.600005,820,1623
5852.605006,861,1618
5852.610006,866,1620
5852.615005,824,1618
5852.620006,837,1619
5852.625006,869,1617
5852.630006,842,1618
5852.635007,825,1615
5852.640005,860,1617
5852.645006,850,1617
5852.650005,837,1617
5852.655007,837,1618
5852.660007,858,1616
5852.665006,835,1613
5852.670006,835,1612
5852.675007,859,1611
5852.680005,856,1604
5852.685006,844,1603
5852.690007,864,1605
5852.695005,863,1601
5852.700005,825,1601
5852.705006,836,1603
5852.710006,863,1599
5852.715005,828,1598
5852.720006,828,1600
5852.725006,878,1596
5852.730005,850,1596
5852.735007,840,1595
5852.740006,858,1593
5852.745006,870,1589
5852.750007,814,1589
5852.755005,849,1589
5852.760005,853,1593
5852.765007,821,1588
5852.770007,844,1587
5852.775006,862,1584
5852.780006,859,1582
5852.785005,828,1584
5852.790006,853,1585
5852.795006,863,1580
5852.800006,831,1581
5852.805006,843,1581
5852.810005,857,1580
5852.815006,821,1585
5852.820007,828,1585
5852.825006,876,1577
5852.830007,856,1580
5852.835006,821,1581
5852.840007,868,1582
5852.845006,851,1586
5852.850005,834,1583
5852.855007,835,1584
5852.860007,861,1584
5852.865006,838,1580
5852.870006,835,1583
5852.875006,857,1585
5852.880006,859,1582
5852.885006,820,1586
5852.890007,857,1586
5852.895006,868,1582
5852.900005,835,1579
5852.905006,839,1584
5852.910007,866,1581
5852.915007,839,1585
5852.920006,843,1589
5852.925007,859,1586
5852.930006,858,1588
5852.935006,824,1589
5852.940005,870,1593
5852.945006,856,1593
5852.950006,817,1597
5852.955006,851,1594
5852.960006,853,1597
5852.965006,846,1591
5852.970006,835,1599
5852.975006,880,1602
5852.980005,854,1599
5852.985007,825,1606
5852.990005,874,1607
5852.995006,854,1605
5853.000006,815,1608
5853.005007,851,1599
5853.010007,862,1613
5853.015006,839,1604
5853.020005,846,1613
5853.025007,869,1615
5853.030007,845,1615
5853.035006,844,1612
5853.040005,855,1614
5853.045006,864,1613
5853.050007,821,1613
5853.055005,839,1612
5853.060006,875,1607
5853.065005,827,1605
5853.070006,851,1605
5853.075005,879,1598
5853.080005,851,1601
5853.085005,840,1601
5853.090006,854,1606
5853.095007,848,1600
5853.100005,831,1599
5853.105006,839,1599
5853.110006,871,1603
5853.115006,824,1606
5853.120005,845,1604
5853.125005,884,1602
5853.130005,850,1610
5853.135005,841,1609
5853.140007,861,1619
5853.145005,853,1620
5853.150005,832,1621
5853.155007,841,1622
5853.160007,874,1621
5853.165007,831,1611
5853.170006,831,1620
5853.175007,864,1618
5853.180005,857,1618
5853.185006,844,1613
5853.190005,863,1612
5853.195006,870,1609
5853.200006,836,1606
5853.205007,843,1607
5853.210006,858,1605
5853.215007,835,1607
5853.220007,828,1608
5853.225005,877,1606
5853.230007,844,1613
5853.235006,825,1611
5853.240007,869,1615
5853.245006,870,1617
5853.250006,835,1619
5853.255007,835,1629
5853.260005,869,1631
5853.265006,825,1636
5853.270006,852,1636
5853.275006,866,1640
5853.280006,846,1650
5853.285006,841,1646
5853.290006,855,1649
5853.295006,876,1647
5853.300006,823,1649
5853.305006,848,1647
5853.310006,860,1652
5853.315006,832,1636
5853.320005,850,1641
5853.325005,881,1639
5853.330006,857,1634
5853.335007,828,1635
5853.340005,873,1627
5853.345006,869,1630
5853.350007,835,1631
5853.355007,841,1630
5853.360006,870,1628
5853.365006,825,1634
5853.370006,832,1634
5853.375007,863,1636
5853.380007,864,1631
5853.385005,842,1638
5853.390007,870,1641
5853.395007,869,1642
5853.400007,833,1641
5853.405006,843,1645
5853.410006,867,1635
5853.415006,840,1643
5853.420006,844,1644
5853.425007,882,1640
5853.430006,861,1637
5853.435006,828,1640
5853.440005,853,1636
5853.445007,868,1632
5853.450006,822,1629
5853.455007,855,1627
5853.460005,859,1625
5853.465005,830,1622
5853.470007,837,1620
5853.475005,869,1617
5853.480006,848,1616
5853.485006,830,1616
5853.490006,860,1617
5853.495005,855,1614
5853.500005,841,1613
5853.505006,859,1616
5853.510007,876,1619
5853.515006,832,1619
5853.520005,826,1623
5853.525006,881,1620
5853.530007,845,1624
5853.535007,826,1623
5853.540007,858,1620
5853.545006,867,1619
5853.550007,833,1621
5853.555006,845,1615
5853.560005,860,1617
5853.565005,848,1616
5853.570007,834,1614
5853.575007,870,1614
5853.580005,854,1612
5853.585006,831,1611
5853.590007,872,1608
5853.595006,858,1609
5853.600005,825,1609
5853.605007,835,1606
5853.610006,870,1608
5853.615005,830,1608
5853.620006,852,1605
5853.625006,866,1605
5853.630006,843,1607
5853.635006,839,1604
5853.640007,863,1602
5853.645006,852,1608
5853.650006,840,1603
5853.655005,841,1598
5853.660006,875,1596
5853.665007,828,1598
5853.670006,847,1596
5853.675006,873,1593
5853.680006,866,1596
5853.685006,838,1597
5853.690007,852,1597
5853.695006,863,1593
5853.700005,821,1596
5853.705005,835,1598
5853.710006,857,1598
5853.715007,827,1600
5853.720005,831,1601
5853.725006,862,1601
5853.730005,863,1593
5853.735007,844,1595
5853.740007,860,1603
5853.745006,858,1600
5853.750007,821,1604
5853.755006,835,1604
5853.760006,879,1603
5853.765006,828,1606
5853.770006,825,1604
5853.775005,862,1610
5853.780006,862,1605
5853.785005,824,1611
5853.790006,851,1605
5853.795006,860,1608
5853.800006,838,1601
5853.805006,851,1607
5853.810006,858,1603
5853.815005,846,1604
5853.820006,840,1606
5853.825005,860,1604
5853.830006,861,1602
5853.835007,819,1604
5853.840005,853,1595
5853.845006,874,1597
5853.850005,837,1604
5853.855006,836,1601
5853.860006,874,1598
5853.865006,825,1603
5853.870005,845,1599
5853.875005,876,1600
5853.880005,845,1601
5853.885005,835,1597
5853.890006,855,1604
5853.895006,871,1603
5853.900006,829,1604
5853.905007,848,1602
5853.910007,856,1605
5853.915006,825,1609
5853.920006,847,1603
5853.925006,863,1607
5853.930006,853,1608
5853.935006,826,1609
5853.940005,872,1609
5853.945007,856,1598
5853.950006,825,1611
5853.955006,834,1609
5853.960006,861,1610
5853.965007,826,1610
5853.970005,839,1604
5853.975007,865,1607
5853.980007,851,1607
5853.985007,836,1606
5853.990007,853,1604
5853.995006,867,1602
5854.000007,820,1608
5854.005005,849,1604
5854.010006,854,1609
5854.015006,842,1604
5854.020005,828,1604
5854.025007,873,1604
5854.030006,854,1603
5854.035006,825,1604
5854.040006,851,1602
5854.045007,873,1601
5854.050005,834,1597
5854.055006,830,1598
5854.060006,873,1592
5854.065005,826,1596
5854.070006,825,1594
5854.075006,859,1589
5854.080006,852,1587
5854.085006,820,1589
5854.090007,874,1580
5854.095006,863,1587
5854.100005,827,1588
5854.105006,830,1591
5854.110005,867,1588
5854.115005,825,1595
5854.120006,842,1598
5854.125007,867,1599
5854.130005,866,1599
5854.135006,823,1605
5854.140006,876,1604
5854.145006,853,1606
5854.150005,843,1604
5854.155006,840,1608
5854.160006,870,1610
5854.165007,831,1614
5854.170006,847,1612
5854.175006,868,1614
5854.180005,846,1612
5854.185005,836,1611
5854.190007,849,1606
5854.195007,855,1605
5854.200006,842,1601
5854.205007,838,1600
5854.210006,855,1599
5854.215006,849,1594
5854.220005,837,1593
5854.225006,866,1593
5854.230006,845,1596
5854.235005,829,1583
5854.240005,866,1598
5854.245005,865,1599
5854.250005,827,1599
5854.255006,836,1607
5854.260007,874,1610
5854.265006,835,1617
5854.270006,833,1619
5854.275006,858,1623
5854.280005,868,1628
5854.285005,827,1633
5854.290006,849,1638
5854.295007,867,1636
5854.300006,838,1636
5854.305007,847,1640
5854.310005,868,1642
5854.315006,835,1648
5854.320005,839,1646
5854.325005,861,1649
5854.330005,872,1646
5854.335006,844,1650
5854.340006,865,1650
5854.345007,873,1648
5854.350007,821,1649
5854.355006,852,1647
5854.360006,865,1643
5854.365006,832,1647
5854.370006,829,1644
5854.375007,875,1644
5854.380005,860,1644
5854.385005,823,1643
5854.390007,870,1641
5854.395006,871,1628
5854.400006,839,1635
5854.405006,843,1633
5854.410005,877,1632
5854.415005,845,1629
5854.420006,848,1632
5854.425006,867,1631
5854.430006,848,1633
5854.435005,848,1627
5854.440006,850,1631
5854.445006,874,1625
5854.450006,829,1624
5854.455007,831,1623
5854.460006,877,1619
5854.465007,843,1619
5854.470006,843,1617
5854.475005,869,1614
5854.480006,847,1618
5854.485006,824,1614
5854.490005,862,1612
5854.495006,876,1608
5854.500007,820,1610
5854.505006,840,1597
5854.510006,867,1605
5854.515007,828,1609
5854.520006,844,1604
5854.525005,860,1605
5854.530006,864,1600
5854.535005,832,1601
5854.540005,853,1598
5854.545005,854,1597
5854.550006,822,1592
5854.555006,851,1588
5854.560007,874,1590
5854.565007,840,1585
5854.570006,828,1582
5854.575007,859,1578
5854.580006,872,1576
5854.585006,825,1576
5854.590007,873,1574
5854.595006,863,1570
5854.600005,825,1570
5854.605006,831,1570
5854.610005,875,1573
5854.615006,833,1573
5854.620005,828,1575
5854.625006,859,1577
5854.630007,872,1578
5854.635005,843,1583
5854.640007,860,1587
5854.645006,847,1593
5854.650005,825,1586
5854.655006,847,1583
5854.660005,879,1592
5854.665005,849,1589
5854.670005,843,1597
5854.675005,854,1595
5854.680006,847,1598
5854.685006,846,1590
5854.690005,870,1592
5854.695007,857,1590
5854.700006,817,1592
5854.705006,845,1581
5854.710006,872,1586
5854.715006,829,1587
5854.720007,851,1586
5854.725006,876,1586
5854.730006,848,1591
5854.735005,845,1588
5854.740005,858,1596
5854.745005,850,1597
5854.750006,827,1598
5854.755006,852,1599
5854.760007,866,1603
5854.765006,847,1602
5854.770005,847,1603
5854.775006,860,1611
5854.780006,849,1609
5854.785005,845,1607
5854.790006,861,1608
5854.795006,855,1608
5854.800006,835,1605
5854.805007,836,1606
5854.810006,870,1600
5854.815006,842,1605
5854.820005,829,1604
5854.825006,864,1603
5854.830007,846,1602
5854.835005,835,1597
5854.840005,870,1599
5854.845006,859,1598
5854.850005,825,1603
5854.855006,834,1602
5854.860005,858,1600
5854.865005,845,1607
5854.870006,830,1609
5854.875006,865,1611
5854.880006,850,1614
5854.885007,822,1619
5854.890006,867,1619
5854.895006,851,1622
5854.900006,841,1624
5854.905005,832,1624
5854.910006,868,1615
5854.915006,841,1622
5854.920007,828,1628
5854.925006,861,1624
5854.930007,864,1619
5854.935006,830,1619
5854.940005,848,1620
5854.945006,867,1619
5854.950005,818,1614
5854.955005,848,1612
5854.960005,870,1613
5854.965006,829,1613
5854.970007,842,1608
5854.975007,863,1616
5854.980006,870,1611
5854.985007,830,1615
5854.990006,862,1617
5854.995006,849,1621
5855.000006,833,1623
5855.005006,842,1627
5855.010006,863,1630
5855.015006,846,1631
5855.020005,840,1638
5855.025006,862,1637
5855.030005,855,1641
5855.035006,834,1642
5855.040006,861,1645
5855.045007,866,1648
5855.050007,830,1646
5855.055006,846,1645
5855.060005,863,1648
5855.065007,848,1651
5855.070006,837,1646
5855.075006,867,1646
5855.080007,857,1648
5855.085006,828,1650
5855.090006,870,1647
5855.095006,860,1646
5855.100006,836,1648
5855.105005,844,1646
5855.110006,870,1648
5855.115005,829,1650
5855.120006,844,1642
5855.125006,870,1647
5855.130006,851,1644
5855.135006,838,1646
5855.140007,853,1644
5855.145007,875,1640
5855.150006,837,1640
5855.155006,843,1640
5855.160006,863,1638
5855.165006,832,1633
5855.170006,850,1632
5855.175007,877,1633
5855.180006,863,1631
5855.185006,837,1628
5855.190005,867,1630
5855.195006,863,1625
5855.200006,817,1625
5855.205007,849,1619
5855.210006,874,1616
5855.215006,837,1616
5855.220006,836,1614
5855.225007,866,1613
5855.230006,852,1612
5855.235006,842,1611
5855.240006,853,1610
5855.245006,849,1610
5855.250007,835,1607
5855.255005,847,1606
5855.260005,859,1610
5855.265006,848,1596
5855.270005,845,1608
5855.275006,869,1606
5855.280005,859,1608
5855.285005,830,1608
5855.290006,854,1609
5855.295007,878,1607
5855.300006,817,1611
5855.305005,846,1608
5855.310006,868,1599
5855.315005,848,1608
5855.320005,832,1607
5855.325005,860,1608
5855.330005,865,1606
5855.335006,825,1607
5855.340007,870,1604
5855.345005,868,1600
5855.350006,831,1603
5855.355005,831,1604
5855.360007,871,1601
5855.365006,838,1602
5855.370006,848,1600
5855.375006,883,1595
5855.380006,849,1602
5855.385006,843,1594
5855.390007,857,1599
5855.395005,855,1587
5855.400006,822,1598
5855.405006,833,1602
5855.410006,861,1599
5855.415006,833,1598
5855.420007,835,1596
5855.425007,879,1592
5855.430006,862,1599
5855.435006,829,1595
5855.440005,861,1594
5855.445006,871,1597
5855.450006,833,1599
5855.455007,829,1599
5855.460006,857,1599
5855.465007,833,1598
5855.470005,849,1593
5855.475006,856,1604
5855.480007,865,1596
5855.485007,842,1598
5855.490007,852,1605
5855.495007,853,1600
5855.500007,834,1601
5855.505006,846,1595
5855.510006,872,1605
5855.515007,831,1607
5855.520005,849,1605
5855.525006,864,1605
5855.530006,862,1605
5855.535005,823,1608
5855.540005,849,1607
5855.545005,857,1606
5855.550005,833,1602
5855.555007,833,1607
5855.560006,857,1606
5855.565006,851,1606
5855.570005,828,1607
5855.575005,877,1604
5855.580006,850,1608
5855.585007,837,1602
5855.590006,846,1605
5855.595006,865,1597
5855.600006,824,1610
5855.605005,848,1605
5855.610006,857,1609
5855.615006,848,1609
5855.620006,827,1603
5855.625007,873,1608
5855.630007,850,1611
5855.635005,838,1609
5855.640006,847,1615
5855.645005,875,1611
5855.650006,820,1612
5855.655007,847,1612
5855.660007,857,1613
5855.665007,853,1613
5855.670007,827,1613
5855.675005,885,1611
5855.680006,865,1613
5855.685007,826,1613
5855.690006,846,1616
5855.695006,874,1611
5855.700007,819,1610
5855.705007,835,1613
5855.710006,878,1610
5855.715007,847,1610
5855.720006,845,1606
5855.725006,858,1613
5855.730005,872,1610
5855.735007,820,1611
5855.740007,853,1608
5855.745005,878,1607
5855.750006,833,1607
5855.755006,848,1608
5855.760006,871,1608
5855.765007,837,1610
5855.770005,854,1603
5855.775007,874,1607
5855.780006,856,1612
5855.785006,845,1603
5855.790006,858,1609
5855.795007,858,1611
5855.800006,822,1615
5855.805006,850,1613
5855.810006,863,1615
5855.815005,838,1613
5855.820007,841,1615
5855.825006,861,1621
5855.830007,869,1617
5855.835005,824,1619
5855.840006,872,1616
5855.845007,856,1620
5855.850005,840,1616
5855.855007,838,1617
5855.860007,861,1620
5855.865006,845,1619
5855.870005,829,1621
5855.875005,872,1621
5855.880005,860,1620
5855.885005,829,1621
5855.890007,866,1620
5855.895006,853,1627
5855.900005,832,1623
5855.905006,835,1614
5855.910006,884,1622
5855.915006,847,1622
5855.920007,850,1619
5855.925005,863,1622
5855.930006,876,1619
5855.935006,828,1623
5855.940005,869,1623
5855.945007,873,1620
5855.950006,831,1622
5855.955006,837,1624
5855.960007,863,1616
5855.965006,853,1624
5855.970006,837,1621
5855.975005,865,1615
5855.980006,867,1619
5855.985006,821,1621
5855.990006,863,1617
5855.995005,870,1616
5856.000005,829,1615
5856.005005,831,1616
5856.010005,876,1612
5856.015006,844,1611
5856.020006,851,1608
5856.025006,875,1600
5856.030006,856,1610
5856.035006,823,1610
5856.040007,845,1609
5856.045006,867,1609
5856.050006,821,1611
5856.055007,835,1608
5856.060006,860,1613
5856.065006,853,1609
5856.070005,835,1610
5856.075006,858,1609
5856.080007,860,1609
5856.085005,826,1606
5856.090006,863,1606
5856.095006,864,1603
5856.100006,834,1602
5856.105006,831,1606
5856.110006,881,1599
5856.115005,841,1604
5856.120006,833,1603
5856.125006,874,1599
5856.130006,861,1602
5856.135007,826,1602
5856.140005,869,1598
5856.145007,849,1606
5856.150006,833,1599
5856.155006,830,1602
5856.160005,885,1594
5856.165005,842,1597
5856.170005,828,1600
5856.175006,876,1594
5856.180006,850,1594
5856.185005,838,1593
5856.190006,857,1591
5856.195005,852,1597
5856.200005,837,1592
5856.205005,836,1594
5856.210005,881,1592
5856.215006,842,1591
5856.220007,824,1592
5856.225007,881,1591
5856.230006,866,1593
5856.235006,838,1592
5856.240005,845,1593
5856.245005,868,1594
5856.250006,833,1594
5856.255007,833,1595
5856.260005,864,1593
5856.265007,855,1594
5856.270007,844,1593
5856.275005,880,1596
5856.280007,860,1597
5856.285006,823,1600
5856.290006,854,1597
5856.295006,862,1594
5856.300006,835,1595
5856.305006,832,1600
5856.310005,859,1599
5856.315006,836,1586
5856.320006,840,1595
5856.325005,868,1597
5856.330005,868,1595
5856.335006,821,1594
5856.340007,860,1590
5856.345005,859,1593
5856.350007,840,1588
5856.355007,844,1589
5856.360006,857,1590
5856.365005,849,1583
5856.370005,827,1588
5856.375005,867,1582
5856.380005,867,1586
5856.385006,821,1584
5856.390006,859,1581
5856.395006,863,1582
5856.400005,819,1584
5856.405006,842,1583
5856.410005,862,1570
5856.415005,848,1577
5856.420005,841,1577
5856.425006,862,1573
5856.430006,852,1572
5856.435005,844,1569
5856.440006,858,1573
5856.445006,856,1579
5856.450006,822,1573
5856.455007,830,1567
5856.460005,863,1574
5856.465005,851,1568
5856.470006,827,1573
5856.475006,877,1574
5856.480005,852,1575
5856.485006,832,1569
5856.490005,865,1575
5856.495005,866,1577
5856.500005,821,1579
5856.505005,846,1574
5856.510006,869,1584
5856.515005,843,1586
5856.520007,823,1590
5856.525006,875,1588
5856.530005,869,1589
5856.535006,841,1593
5856.540007,844,1600
5856.545007,856,1597
5856.550006,828,1593
5856.555006,845,1600
5856.560006,882,1601
5856.565005,858,1604
5856.570006,832,1608
5856.575006,857,1609
5856.580006,872,1610
5856.585006,834,1616
5856.590007,851,1618
5856.595005,855,1621
5856.600007,820,1622
5856.605005,850,1614
5856.610006,882,1627
5856.615006,849,1628
5856.620005,832,1634
5856.625005,873,1633
5856.630005,856,1634
5856.635005,845,1635
5856.640006,856,1637
5856.645006,874,1629
5856.650005,834,1638
5856.655006,832,1641
5856.660006,885,1637
5856.665006,848,1636
5856.670006,843,1640
5856.675006,873,1643
5856.680007,855,1645
5856.685006,826,1648
5856.690006,865,1643
5856.695005,865,1644
5856.700005,836,1644
5856.705005,848,1645
5856.710006,884,1641
5856.715006,852,1645
5856.720007,840,1643
5856.725007,873,1638
5856.730006,867,1644
5856.735006,827,1647
5856.740005,845,1649
5856.745005,880,1642
5856.750006,833,1642
5856.755005,841,1645
5856.760005,867,1643
5856.765007,861,1637
5856.770006,834,1644
5856.775005,884,1639
5856.780006,864,1640
5856.785006,846,1641
5856.790006,864,1639
5856.795006,863,1638
5856.800006,826,1639
5856.805007,855,1633
5856.810006,873,1632
5856.815005,836,1638
5856.820006,850,1634
5856.825007,868,1634
5856.830006,849,1638
5856.835006,840,1636
5856.840007,853,1635
5856.845006,875,1633
5856.850005,846,1637
5856.855007,838,1639
5856.860006,869,1638
5856.865006,840,1640
5856.870005,849,1638
5856.875005,868,1640
5856.880005,854,1642
5856.885005,848,1638
5856.890006,853,1641
5856.895006,875,1639
5856.900005,840,1628
5856.905007,837,1640
5856.910006,881,1635
5856.915006,843,1640
5856.920006,833,1634
5856.925006,862,1636
5856.930007,872,1625
5856.935007,846,1630
5856.940006,857,1630
5856.945007,862,1630
5856.950005,843,1624
5856.955005,843,1624
5856.960006,865,1620
5856.965006,861,1618
5856.970006,834,1620
5856.975006,861,1615
5856.980006,871,1615
5856.985005,828,1612
5856.990005,855,1602
5856.995005,880,1605
5857.000005,836,1612
5857.005006,830,1610
5857.010007,870,1608
5857.015006,855,1606
5857.020005,845,1610
5857.025006,868,1605
5857.030005,851,1601
5857.035005,838,1605
5857.040006,851,1608
5857.045006,873,1606
5857.050006,842,1602
5857.055006,832,1605
5857.060006,881,1600
5857.065005,843,1601
5857.070006,826,1601
5857.075006,857,1599
5857.080006,869,1598
5857.085007,820,1598
5857.090005,858,1588
5857.095006,850,1600
5857.100007,823,1594
5857.105007,849,1595
5857.110006,863,1591
5857.115005,849,1594
5857.120005,830,1587
5857.125006,868,1585
5857.130006,857,1586
5857.135006,826,1586
5857.140006,838,1589
5857.145005,851,1587
5857.150006,833,1582
5857.155006,844,1581
5857.160006,865,1586
5857.165007,858,1579
5857.170006,825,1586
5857.175006,869,1575
5857.180006,848,1585
5857.185006,835,1585
5857.190005,837,1585
5857.195007,856,1587
5857.200006,817,1585
5857.205006,849,1584
5857.210005,864,1587
5857.215005,831,1592
5857.220006,832,1589
5857.225005,852,1596
5857.230007,863,1591
5857.235006,821,1591
5857.240005,840,1593
5857.245006,870,1588
5857.250007,823,1592
5857.255005,842,1589
5857.260005,853,1597
5857.265005,855,1594
5857.270006,828,1599
5857.275005,859,1593
5857.280007,863,1594
5857.285006,837,1593
5857.290006,843,1593
5857.295007,868,1596
5857.300005,826,1590
5857.305006,851,1592
5857.310006,865,1594
5857.315006,833,1598
5857.320005,821,1598
5857.325006,866,1598
5857.330006,853,1592
5857.335006,833,1596
5857.340007,856,1601
5857.345006,862,1601
5857.350007,819,1603
5857.355006,827,1608
5857.360006,872,1609
5857.365005,845,1605
5857.370005,829,1605
5857.375006,868,1606
5857.380006,858,1609
5857.385006,825,1600
5857.390006,846,1608
5857.395005,876,1612
5857.400006,835,1612
5857.405006,840,1614
5857.410005,856,1618
5857.415006,859,1615
5857.420006,833,1619
5857.425005,881,1619
5857.430007,873,1619
5857.435005,840,1619
5857.440006,856,1622
5857.445005,854,1628
5857.450005,838,1620
5857.455005,837,1623
5857.460005,880,1622
5857.465006,843,1628
5857.470006,835,1625
5857.475005,882,1622
5857.480006,859,1623
5857.485006,839,1619
5857.490006,852,1624
5857.495006,855,1630
5857.500007,842,1626
5857.505007,852,1624
5857.510005,873,1627
5857.515006,855,1628
5857.520006,834,1624
5857.525006,865,1623
5857.530005,855,1627
5857.535006,846,1622
5857.540005,847,1625
5857.545005,857,1626
5857.550005,843,1619
5857.555006,841,1619
5857.560005,868,1618
5857.565006,843,1620
5857.570005,851,1617
5857.575006,865,1619
5857.580006,852,1629
5857.585006,838,1617
5857.590006,845,1619
5857.595005,875,1602
5857.600006,843,1611
5857.605005,837,1610
5857.610006,876,1603
5857.615005,845,1614
5857.620005,836,1611
5857.625006,874,1603
5857.630007,856,1611
5857.635005,844,1606
5857.640006,844,1610
5857.645006,864,1606
5857.650006,843,1613
5857.655006,830,1609
5857.660006,865,1609
5857.665006,841,1607
5857.670006,835,1608
5857.675006,859,1604
5857.680006,852,1603
5857.685005,838,1602
5857.690007,851,1599
5857.695006,877,1592
5857.700005,830,1595
5857.705006,828,1599
5857.710007,880,1592
5857.715006,841,1592
5857.720005,835,1592
5857.725006,869,1588
5857.730005,867,1592
5857.735007,819,1594
5857.740006,858,1585
5857.745005,862,1593
5857.750005,846,1591
5857.755005,840,1595
5857.760005,876,1595
5857.765007,850,1596
5857.770007,842,1598
5857.775007,874,1596
5857.780006,860,1603
5857.785006,838,1602
5857.790006,837,1606
5857.795006,856,1609
5857.800006,841,1606
5857.805007,840,1609
5857.810006,860,1615
5857.815006,859,1615
5857.820005,827,1616
5857.825005,872,1618
5857.830005,862,1617
5857.835005,822,1624
5857.840005,858,1621
5857.845006,860,1624
5857.850006,829,1622
5857.855007,842,1621
5857.860007,871,1624
5857.865006,852,1614
5857.870006,831,1625
5857.875007,880,1624
5857.880005,864,1629
5857.885005,836,1627
5857.890006,858,1629
5857.895005,868,1631
5857.900005,836,1631
5857.905006,839,1633
5857.910006,886,1632
5857.915006,854,1633
5857.920006,833,1635
5857.925006,859,1636
5857.930007,854,1635
5857.935006,833,1635
5857.940005,866,1633
5857.945007,870,1632
5857.950007,831,1634
5857.955007,830,1635
5857.960006,881,1634
5857.965006,852,1636
5857.970007,833,1625
5857.975006,866,1637
5857.980006,869,1631
5857.985006,828,1631
5857.990005,838,1635
5857.995005,874,1630
5858.000005,843,1633
5858.005005,849,1633
5858.010006,869,1634
5858.015006,838,1638
5858.020006,831,1637
5858.025005,880,1632
5858.030006,863,1636
5858.035006,822,1636
5858.040007,865,1634
5858.045005,863,1628
5858.050006,829,1632
5858.055007,835,1633
5858.060007,868,1632
5858.065006,855,1630
5858.070005,829,1631
5858.075006,877,1627
5858.080006,864,1625
5858.085006,824,1627
5858.090005,857,1621
5858.095006,856,1621
5858.100006,834,1617
5858.105007,849,1611
5858.110006,870,1615
5858.115006,839,1618
5858.120005,845,1613
5858.125005,862,1612
5858.130006,851,1612
5858.135006,819,1609
5858.140007,852,1610
5858.145006,874,1600
5858.150005,841,1602
5858.155006,838,1604
5858.160005,861,1605
5858.165005,855,1601
5858.170005,825,1601
5858.175005,876,1599
5858.180006,861,1596
5858.185006,828,1593
5858.190005,861,1591
5858.195007,869,1588
5858.200006,826,1588
5858.205006,850,1586
5858.210007,860,1590
5858.215005,844,1586
5858.220007,827,1588
5858.225005,874,1586
5858.230007,854,1585
5858.235006,820,1587
5858.240006,853,1587
5858.245006,874,1582
5858.250006,828,1582
5858.255006,842,1584
5858.260007,860,1584
5858.265005,856,1582
5858.270006,843,1580
5858.275005,863,1582
5858.280005,852,1581
5858.285005,832,1580
5858.290005,841,1581
5858.295006,854,1584
5858.300007,841,1581
5858.305006,848,1578
5858.310006,861,1586
5858.315005,838,1588
5858.320007,824,1590
5858.325007,877,1587
5858.330006,849,1597
5858.335006,828,1590
5858.340006,840,1595
5858.345005,869,1592
5858.350006,836,1594
5858.355005,848,1596
5858.360006,867,1599
5858.365005,844,1603
5858.370006,824,1604
5858.375006,869,1604
5858.380006,872,1604
5858.385005,829,1606
5858.390007,857,1604
5858.395005,877,1603
5858.400006,835,1606
5858.405005,834,1609
5858.410006,865,1609
5858.415007,852,1612
5858.420005,827,1613
5858.425005,862,1605
5858.430007,875,1608
5858.435005,833,1615
5858.440007,836,1617
5858.445007,879,1614
5858.450007,823,1618
5858.455006,830,1617
5858.460006,880,1620
5858.465007,845,1623
5858.470007,845,1617
5858.475005,874,1624
5858.480006,854,1622
5858.485006,841,1623
5858.490005,847,1624
5858.495005,859,1627
5858.500005,844,1624
5858.505005,849,1620
5858.510005,869,1625
5858.515006,843,1626
5858.520006,840,1625
5858.525006,859,1624
5858.530005,868,1627
5858.535005,833,1622
5858.540006,842,1628
5858.545006,875,1624
5858.550007,831,1625
5858.555005,856,1619
5858.560006,859,1629
5858.565007,864,1621
5858.570005,831,1625
5858.575005,864,1621
5858.580005,854,1624
5858.585006,825,1617
5858.590006,859,1620
5858.595006,870,1612
5858.600006,842,1617
5858.605005,837,1618
5858.610007,879,1617
5858.615006,860,1617
5858.620006,843,1618
5858.625006,857,1621
5858.630006,855,1624
5858.635005,835,1619
5858.640006,839,1624
5858.645007,875,1622
5858.650006,828,1621
5858.655006,842,1628
5858.660005,861,1623
5858.665005,866,1622
5858.670006,828,1622
5858.675006,859,1627
5858.680006,874,1623
5858.685005,828,1627
5858.690007,852,1619
5858.695006,861,1626
5858.700006,834,1615
5858.705006,854,1624
5858.710006,863,1628
5858.715006,860,1621
5858.720006,840,1625
5858.725005,866,1626
5858.730007,851,1625
5858.735007,845,1619
5858.740006,841,1621
5858.745005,875,1617
5858.750005,827,1619
5858.755005,848,1617
5858.760006,860,1617
5858.765007,870,1611
5858.770007,828,1614
5858.775005,864,1609
5858.780005,856,1610
5858.785006,823,1607
5858.790007,849,1610
5858.795005,854,1614
5858.800005,850,1606
5858.805006,831,1606
5858.810006,860,1610
5858.815006,867,1602
5858.820005,834,1604
5858.825005,852,1610
5858.830005,872,1605
5858.835005,831,1604
5858.840006,841,1605
5858.845006,857,1602
5858.850005,842,1593
5858.855006,835,1601
5858.860005,860,1599
5858.865005,869,1596
5858.870006,840,1595
5858.875006,852,1597
5858.880006,856,1594
5858.885007,817,1592
5858.890006,859,1589
5858.895005,875,1588
5858.900007,826,1590
5858.905006,841,1588
5858.910005,866,1586
5858.915005,854,1585
5858.920005,828,1585
5858.925005,846,1584
5858.930007,861,1578
5858.935006,812,1585
5858.940005,850,1583
5858.945007,857,1586
5858.950006,817,1590
5858.955006,846,1586
5858.960006,869,1590
5858.965006,848,1588
5858.970007,824,1589
5858.975006,866,1586
5858.980006,865,1592
5858.985006,819,1594
5858.990006,850,1596
5858.995005,854,1597
5859.000005,832,1599
5859.005006,822,1606
5859.010007,878,1603
5859.015006,857,1604
5859.020006,830,1606
5859.025006,873,1609
5859.030006,860,1609
5859.035006,823,1613
5859.040006,842,1618
5859.045006,854,1620
5859.050006,839,1620
5859.055006,839,1623
5859.060006,866,1620
5859.065005,862,1619
5859.070005,833,1621
5859.075005,865,1622
5859.080005,857,1624
5859.085005,822,1625
5859.090005,853,1621
5859.095006,872,1622
5859.100006,829,1622
5859.105005,849,1622
5859.110006,875,1624
5859.115006,851,1624
5859.120005,843,1624
5859.125005,870,1624
5859.130006,856,1625
5859.135006,822,1617
5859.140006,850,1626
5859.145005,862,1626
5859.150006,822,1627
5859.155005,836,1626
5859.160006,863,1628
5859.165006,844,1634
5859.170005,826,1634
5859.175006,861,1631
5859.180006,868,1627
5859.185005,826,1630
5859.190007,836,1629
5859.195006,880,1629
5859.200005,843,1629
5859.205006,838,1632
5859.210006,860,1630
5859.215006,870,1624
5859.220006,840,1626
5859.225006,856,1626
5859.230006,864,1626
5859.235005,820,1627
5859.240006,857,1621
5859.245006,869,1625
5859.250006,828,1626
5859.255007,854,1620
5859.260006,871,1623
5859.265006,872,1619
5859.270007,828,1625
5859.275007,874,1619
5859.280006,857,1620
5859.285006,836,1616
5859.290007,846,1618
5859.295006,857,1620
5859.300006,846,1617
5859.305006,838,1617
5859.310005,870,1617
5859.315006,848,1615
5859.320005,840,1616
5859.325006,861,1615
5859.330007,864,1610
5859.335006,829,1613
5859.340007,831,1613
5859.345006,873,1612
5859.350006,824,1615
5859.355006,842,1615
5859.360005,864,1608
5859.365006,844,1610
5859.370006,833,1609
5859.375007,849,1606
5859.380006,862,1606
5859.385007,826,1605
5859.390006,854,1604
5859.395005,856,1606
5859.400007,824,1608
5859.405006,843,1604
5859.410006,870,1606
5859.415006,860,1603
5859.420006,844,1603
5859.425006,860,1606
5859.430006,846,1606
5859.435005,833,1604
5859.440006,835,1605
5859.445005,877,1604
5859.450005,832,1604
5859.455006,845,1604
5859.460007,862,1607
5859.465006,842,1606
5859.470006,832,1603
5859.475006,871,1601
5859.480005,856,1602
5859.485005,843,1597
5859.490005,852,1601
5859.495005,862,1600
5859.500006,840,1603
5859.505007,835,1602
5859.510006,856,1606
5859.515007,855,1604
5859.520006,826,1605
5859.525005,857,1607
5859.530007,876,1604
5859.535006,832,1605
5859.540006,848,1598
5859.545006,862,1608
5859.550007,828,1605
5859.555005,828,1610
5859.560006,869,1609
5859.565005,850,1610
5859.570006,840,1610
5859.575005,873,1610
5859.580005,854,1612
5859.585006,838,1609
5859.590006,842,1610
5859.595006,864,1611
5859.600006,827,1613
5859.605006,845,1613
5859.610006,857,1613
5859.615005,862,1600
5859.620005,843,1606
5859.625006,853,1613
5859.630007,847,1605
5859.635006,834,1612
5859.640007,838,1608
5859.645007,870,1615
5859.650007,828,1615
5859.655005,844,1617
5859.660005,872,1616
5859.665006,854,1614
5859.670007,837,1611
5859.675006,863,1615
5859.680005,866,1615
5859.685006,825,1619
5859.690005,851,1617
5859.695006,858,1608
5859.700006,838,1616
5859.705006,848,1611
5859.710006,861,1615
5859.715006,861,1612
5859.720005,827,1614
5859.725006,865,1604
5859.730005,864,1611
5859.735007,816,1614
5859.740007,848,1613
5859.745006,852,1616
5859.750006,840,1611
5859.755006,824,1613
5859.760006,872,1611
5859.765007,856,1609
5859.770007,843,1607
5859.775006,854,1611
5859.780005,872,1609
5859.785006,826,1611
5859.790007,834,1609
5859.795005,850,1614
5859.800005,842,1610
5859.805006,825,1606
5859.810005,861,1610
5859.815006,844,1609
5859.820005,830,1607
5859.825005,872,1604
5859.830005,851,1605
5859.835005,823,1604
5859.840006,849,1601
5859.845007,861,1599
5859.850005,845,1601
5859.855007,840,1598
5859.860006,871,1598
5859.865006,841,1600
5859.870006,822,1599
5859.875007,861,1595
5859.880007,852,1593
5859.885006,814,1596
5859.890007,847,1593
5859.895006,874,1591
5859.900005,834,1592
5859.905006,833,1591
5859.910005,872,1581
5859.915006,846,1589
5859.920007,834,1589
5859.925005,857,1583
5859.930006,856,1595
5859.935007,830,1588
5859.940006,829,1593
5859.945006,864,1590
5859.950005,841,1593
5859.955005,821,1600
5859.960006,873,1593
5859.965006,859,1593
5859.970007,818,1594
5859.975006,870,1592
5859.980005,856,1595
5859.985007,817,1598
5859.990006,825,1595
5859.995006,854,1597
5860.000006,830,1594
5860.005007,835,1593
5860.010006,858,1595
5860.015006,848,1595
5860.020006,821,1592
5860.025005,848,1594
5860.030006,857,1598
5860.035006,816,1595
5860.040007,835,1595
5860.045006,878,1597
5860.050007,831,1595
5860.055007,842,1598
5860.060006,865,1597
5860.065006,867,1601
5860.070005,821,1600
5860.075005,863,1587
5860.080006,864,1600
5860.085007,822,1600
5860.090007,838,1603
5860.095005,870,1605
5860.100007,834,1605
5860.105007,825,1609
5860.110007,868,1605
5860.115007,870,1604
5860.120006,833,1606
5860.125007,872,1607
5860.130006,866,1609
5860.135006,815,1610
5860.140007,846,1611
5860.145005,858,1616
5860.150006,842,1615
5860.155005,842,1613
5860.160006,859,1617
5860.165007,854,1615
5860.170006,822,1618
5860.175006,865,1614
5860.180007,869,1616
5860.185006,843,1612
5860.190005,841,1616
5860.195006,860,1614
5860.200005,844,1615
5860.205005,829,1616
5860.210006,877,1617
5860.215005,850,1615
5860.220005,844,1615
5860.225006,865,1614
5860.230007,858,1614
5860.235007,843,1616
5860.240007,839,1614
5860.245006,866,1616
5860.250007,840,1613
5860.255005,848,1616
5860.260005,876,1618
5860.265006,856,1622
5860.270007,825,1622
5860.275006,851,1618
5860.280006,869,1621
5860.285006,836,1622
5860.290007,842,1623
5860.295006,870,1622
5860.300007,848,1617
5860.305005,836,1626
5860.310006,878,1619
5860.315005,858,1628
5860.320006,824,1632
5860.325007,853,1631
5860.330006,872,1629
5860.335006,841,1627
5860.340006,836,1633
5860.345007,867,1634
5860.350006,846,1629
5860.355006,832,1628
5860.360006,873,1627
5860.365006,876,1630
5860.370005,831,1632
5860.375006,852,1634
5860.380007,869,1633
5860.385006,831,1632
5860.390006,836,1632
5860.395006,883,1632
5860.400006,837,1631
5860.405005,851,1630
5860.410006,873,1630
5860.415006,874,1628
5860.420007,826,1630
5860.425005,874,1629
5860.430007,856,1629
5860.435005,835,1628
5860.440007,835,1627
5860.445007,886,1622
5860.450005,844,1624
5860.455005,832,1625
5860.460006,880,1618
5860.465006,872,1620
5860.470007,825,1622
5860.475006,866,1619
5860.480006,876,1614
5860.485005,837,1615
5860.490006,835,1614
5860.495005,881,1613
5860.500006,851,1611
5860.505006,838,1613
5860.510007,872,1609
5860.515006,853,1612
5860.520005,826,1610
5860.525006,874,1608
5860.530006,856,1613
5860.535005,833,1609
5860.540006,842,1606
5860.545007,860,1610
5860.550006,838,1609
5860.555007,849,1601
5860.560005,874,1606
5860.565006,854,1605
5860.570005,830,1597
5860.575005,868,1601
5860.580006,863,1600
5860.585006,824,1605
5860.590006,832,1605
5860.595007,866,1600
5860.600005,852,1601
5860.605007,844,1599
5860.610006,866,1597
5860.615005,850,1599
5860.620005,836,1599
5860.625005,850,1599
5860.630006,866,1596
5860.635007,828,1593
5860.640006,835,1596
5860.645005,876,1595
5860.650006,831,1597
5860.655007,846,1594
5860.660007,863,1598
5860.665005,876,1589
5860.670006,827,1597
5860.675007,869,1592
5860.680005,862,1593
5860.685006,834,1596
5860.690006,837,1596
5860.695005,867,1595
5860.700006,849,1598
5860.705006,830,1597
5860.710006,861,1599
5860.715007,864,1596
5860.720007,833,1597
5860.725006,853,1599
5860.730005,878,1594
5860.735006,842,1602
5860.740006,832,1603
5860.745005,879,1603
5860.750006,834,1605
5860.755006,826,1612
5860.760007,872,1602
5860.765006,848,1605
5860.770006,838,1602
5860.775006,849,1602
5860.780006,870,1606
5860.785005,827,1604
5860.790005,849,1603
5860.795005,860,1603
5860.800005,847,1601
5860.805006,831,1606
5860.810005,861,1605
5860.815007,871,1600
5860.820006,827,1601
5860.825005,871,1603
5860.830005,853,1606
5860.835005,834,1601
5860.840005,844,1605
5860.845007,857,1607
5860.850006,854,1605
5860.855005,839,1610
5860.860007,865,1606
5860.865007,850,1613
5860.870005,844,1611
5860.875005,858,1613
5860.880005,864,1611
5860.885005,827,1616
5860.890006,836,1611
5860.895005,870,1620
5860.900006,835,1619
5860.905006,848,1619
5860.910006,863,1620
5860.915006,866,1621
5860.920007,828,1620
5860.925005,875,1614
5860.930007,863,1621
5860.935005,822,1621
5860.940006,851,1618
5860.945005,861,1620
5860.950005,849,1619
5860.955006,844,1614
5860.960006,867,1620
5860.965006,854,1617
5860.970006,824,1618
5860.975005,866,1607
5860.980006,870,1608
5860.985005,822,1611
5860.990006,849,1611
5860.995006,862,1610
5861.000007,847,1605
5861.005005,844,1601
5861.010005,862,1602
5861.015006,857,1594
5861.020005,842,1593
5861.025006,849,1591
5861.030006,870,1586
5861.035005,821,1588
5861.040005,848,1581
5861.045006,860,1581
5861.050006,844,1579
5861.055006,845,1577
5861.060006,859,1576
5861.065006,866,1572
5861.070005,824,1575
5861.075005,863,1572
5861.080005,856,1575
5861.085006,821,1573
5861.090007,845,1571
5861.095007,857,1572
5861.100006,849,1568
5861.105005,840,1569
5861.110006,865,1569
5861.115005,862,1571
5861.120006,823,1573
5861.125007,855,1569
5861.130007,862,1573
5861.135005,815,1573
5861.140006,840,1573
5861.145006,853,1579
5861.150006,838,1580
5861.155005,827,1578
5861.160005,875,1576
5861.165005,846,1580
5861.170005,820,1580
5861.175005,854,1580
5861.180006,867,1578
5861.185006,826,1583
5861.190005,841,1583
5861.195007,865,1584
5861.200007,830,1590
5861.205007,841,1587
5861.210006,866,1589
5861.215006,843,1592
5861.220007,823,1594
5861.225005,868,1595
5861.230006,863,1597
5861.235006,828,1604
5861.240006,828,1605
5861.245006,871,1606
5861.250007,833,1610
5861.255006,844,1607
5861.260006,882,1608
5861.265007,858,1614
5861.270005,822,1615
5861.275006,855,1604
5861.280007,867,1618
5861.285006,826,1622
5861.290006,836,1621
5861.295005,885,1627
5861.300005,850,1626
5861.305007,838,1629
5861.310005,861,1627
5861.315006,856,1636
5861.320005,844,1635
5861.325005,857,1635
5861.330005,864,1638
5861.335005,848,1635
5861.340005,852,1639
5861.345006,865,1644
5861.350005,854,1638
5861.355006,834,1646
5861.360006,863,1648
5861.365005,875,1644
5861.370006,824,1648
5861.375006,869,1647
5861.380006,857,1646
5861.385006,843,1647
5861.390006,842,1653
5861.395005,878,1649
5861.400006,837,1652
5861.405007,853,1651
5861.410007,865,1654
5861.415006,872,1648
5861.420007,842,1650
5861.425005,859,1654
5861.430006,876,1652
5861.435005,840,1656
5861.440007,838,1658
5861.445007,877,1659
5861.450006,861,1657
5861.455006,841,1660
5861.460007,872,1657
5861.465006,852,1660
5861.470006,843,1660
5861.475006,869,1658
5861.480006,875,1661
5861.485005,823,1667
5861.490006,856,1660
5861.495005,883,1660
5861.500005,844,1658
5861.505005,849,1658
5861.510005,867,1658
5861.515006,873,1657
5861.520005,829,1657
5861.525006,872,1652
5861.530006,858,1651
5861.535005,838,1649
5861.540005,835,1647
5861.545006,874,1647
5861.550006,836,1644
5861.555007,843,1645
5861.560006,864,1643
5861.565007,871,1643
5861.570007,830,1637
5861.575007,852,1630
5861.580006,866,1634
5861.585006,826,1631
5861.590007,851,1624
5861.595006,870,1626
5861.600005,833,1631
5861.605007,846,1624
5861.610006,863,1624
5861.615006,871,1624
5861.620006,827,1625
5861.625006,868,1621
5861.630006,863,1622
5861.635006,822,1626
5861.640006,851,1620
5861.645006,869,1622
5861.650005,840,1620
5861.655007,828,1619
5861.660007,860,1616
5861.665007,870,1617
5861.670006,825,1615
5861.675006,855,1602
5861.680006,871,1610
5861.685006,831,1610
5861.690005,835,1610
5861.695006,882,1606
5861.700006,856,1604
5861.705007,837,1603
5861.710005,874,1603
5861.715005,851,1601
5861.720007,835,1595
5861.725005,858,1602
5861.730007,851,1604
5861.735007,836,1602
5861.740006,837,1598
5861.745005,863,1596
5861.750006,851,1592
5861.755007,844,1597
5861.760005,870,1593
5861.765006,854,1589
5861.770005,826,1589
5861.775006,862,1587
5861.780007,862,1588
5861.785007,835,1586
5861.790006,832,1588
5861.795007,880,1584
5861.800006,840,1588
5861.805006,831,1586
5861.810005,873,1580
5861.815005,869,1583
5861.820006,830,1588
5861.825006,845,1586
5861.830006,872,1584
5861.835007,823,1586
5861.840007,843,1583
5861.845005,866,1587
5861.850007,853,1583
5861.855006,831,1586
5861.860006,857,1587
5861.865005,868,1580
5861.870005,834,1589
5861.875006,861,1582
5861.880006,860,1588
5861.885006,818,1591
5861.890007,846,1587
5861.895006,869,1588
5861.900005,839,1593
5861.905006,847,1586
5861.910007,868,1587
5861.915006,861,1587
5861.920006,835,1580
5861.925007,850,1588
5861.930006,870,1586
5861.935005,821,1589
5861.940006,847,1587
5861.945005,860,1587
5861.950006,849,1584
5861.955007,834,1584
5861.960007,878,1586
5861.965005,852,1585
5861.970007,818,1587
5861.975005,853,1585
5861.980006,852,1590
5861.985007,836,1588
5861.990007,833,1588
5861.995006,876,1590
5862.000006,836,1590
5862.005006,841,1579
5862.010007,868,1592
5862.015006,846,1597
5862.020006,833,1594
5862.025006,867,1593
5862.030006,848,1601
5862.035005,827,1595
5862.040005,836,1592
5862.045005,876,1597
5862.050005,835,1602
5862.055007,847,1602
5862.060006,858,1606
5862.065006,864,1605
5862.070005,827,1609
5862.075005,867,1606
5862.080005,859,1610
5862.085005,822,1609
5862.090006,844,1612
5862.095007,863,1614
5862.100006,841,1614
5862.105006,831,1614
5862.110006,877,1617
5862.115005,857,1615
5862.120006,838,1616
5862.125006,849,1616
5862.130007,864,1618
5862.135007,843,1610
5862.140005,846,1613
5862.145006,866,1618
5862.150007,855,1616
5862.155007,832,1620
5862.160006,875,1617
5862.165006,850,1618
5862.170006,837,1617
5862.175007,843,1623
5862.180006,858,1619
5862.185006,841,1614
5862.190005,839,1611
5862.195007,862,1613
5862.200007,840,1618
5862.205006,841,1613
5862.210007,856,1617
5862.215006,859,1613
5862.220006,822,1615
5862.225006,856,1615
5862.230006,875,1614
5862.235006,823,1617
5862.240006,851,1618
5862.245005,861,1620
5862.250005,838,1621
5862.255005,852,1620
5862.260005,869,1623
5862.265006,852,1629
5862.270006,822,1631
5862.275006,864,1627
5862.280007,863,1630
5862.285006,821,1634
5862.290005,842,1632
5862.295005,861,1638
5862.300006,847,1632
5862.305007,830,1636
5862.310006,862,1632
5862.315005,878,1630
5862.320005,826,1635
5862.325005,858,1633
5862.330005,880,1630
5862.335005,832,1633
5862.340005,852,1631
5862.345006,858,1633
5862.350005,833,1635
5862.355007,835,1630
5862.360007,860,1631
5862.365006,864,1628
5862.370006,835,1627
5862.375006,864,1627
5862.380007,868,1625
5862.385006,825,1628
5862.390005,851,1623
5862.395006,863,1626
5862.400005,834,1628
5862.405006,846,1621
5862.410005,868,1620
5862.415006,851,1624
5862.420007,837,1620
5862.425006,857,1616
5862.430006,851,1618
5862.435005,841,1615
5862.440006,845,1614
5862.445006,870,1613
5862.450005,853,1614
5862.455006,825,1617
5862.460006,863,1611
5862.465006,859,1612
5862.470007,824,1609
5862.475006,863,1611
5862.480006,851,1608
5862.485005,824,1605
5862.490005,849,1604
5862.495005,859,1604
5862.500006,859,1601
5862.505006,834,1603
5862.510006,859,1604
5862.515006,856,1605
5862.520005,821,1602
5862.525006,857,1599
5862.530006,857,1592
5862.535005,833,1594
5862.540005,836,1596
5862.545005,860,1598
5862.550005,835,1596
5862.555006,840,1594
5862.560006,859,1595
5862.565006,869,1596
5862.570005,830,1594
5862.575006,844,1593
5862.580006,869,1594
5862.585006,824,1592
5862.590007,827,1592
5862.595006,876,1592
5862.600006,831,1597
5862.605006,840,1592
5862.610005,858,1594
5862.615006,867,1590
5862.620005,827,1591
5862.625005,861,1587
5862.630005,863,1590
5862.635006,820,1588
5862.640007,844,1589
5862.645005,860,1587
5862.650006,831,1591
5862.655005,835,1584
5862.660006,853,1586
5862.665007,864,1582
5862.670006,817,1583
5862.675006,856,1580
5862.680006,848,1581
5862.685005,834,1577
5862.690005,840,1569
5862.695006,867,1577
5862.700006,835,1574
5862.705006,844,1571
5862.710006,861,1576
5862.715006,843,1577
5862.720007,815,1575
5862.725006,847,1576
5862.730006,859,1579
5862.735005,836,1576
5862.740005,821,1579
5862.745005,861,1580
5862.750005,830,1582
5862.755005,834,1582
5862.760005,865,1578
5862.765006,848,1581
5862.770006,833,1583
5862.775006,842,1582
5862.780006,851,1583
5862.785006,842,1582
5862.790006,827,1584
5862.795007,874,1587
5862.800006,831,1592
5862.805006,834,1587
5862.810005,868,1589
5862.815006,844,1593
5862.820007,828,1594
5862.825005,844,1596
5862.830005,850,1597
5862.835006,826,1601
5862.840006,828,1605
5862.845006,870,1602
5862.850007,856,1605
5862.855006,823,1608
5862.860005,857,1610
5862.865006,867,1606
5862.870006,819,1612
5862.875006,851,1613
5862.880005,876,1611
5862.885005,827,1612
5862.890006,850,1614
5862.895005,866,1613
5862.900007,835,1617
5862.905006,833,1617
5862.910005,880,1619
5862.915005,861,1617
5862.920006,834,1616
5862.925006,843,1623
5862.930007,861,1615
5862.935005,827,1622
5862.940006,832,1625
5862.945006,875,1624
5862.950005,840,1627
5862.955006,840,1622
5862.960006,861,1627
5862.965007,864,1626
5862.970006,825,1629
5862.975007,843,1633
5862.980006,873,1629
5862.985006,824,1630
5862.990006,834,1630
5862.995005,878,1629
5863.000005,836,1631
5863.005005,829,1635
5863.010006,880,1628
5863.015007,856,1632
5863.020007,842,1629
5863.025006,855,1629
5863.030005,872,1630
5863.035006,827,1631
5863.040006,852,1627
5863.045007,869,1632
5863.050006,834,1637
5863.055007,843,1632
5863.060006,860,1633
5863.065006,875,1630
5863.070006,838,1631
5863.075005,850,1631
5863.080006,854,1632
5863.085006,838,1633
5863.090006,831,1639
5863.095007,875,1633
5863.100005,854,1634
5863.105006,835,1632
5863.110006,858,1637
5863.115006,857,1633
5863.120006,822,1634
5863.125007,867,1633
5863.130006,865,1635
5863.135007,824,1635
5863.140006,843,1631
5863.145006,881,1632
5863.150006,842,1632
5863.155006,837,1633
5863.160006,882,1633
5863.165007,868,1632
5863.170005,818,1635
5863.175005,866,1628
5863.180007,867,1627
5863.185007,841,1626
5863.190006,829,1628
5863.195006,868,1621
5863.200005,854,1620
5863.205005,822,1621
5863.210006,875,1618
5863.215007,853,1614
5863.220006,836,1609
5863.225005,848,1610
5863.230006,857,1608
5863.235007,837,1607
5863.240007,849,1606
5863.245007,857,1605
5863.250006,849,1605
5863.255007,823,1603
5863.260005,856,1604
5863.265006,858,1601
5863.270006,825,1602
5863.275005,854,1604
5863.280006,857,1593
5863.285005,825,1604
5863.290005,829,1603
5863.295005,875,1605
5863.300005,841,1606
5863.305007,833,1594
5863.310006,860,1606
5863.315005,857,1596
5863.320007,831,1608
5863.325006,839,1611
5863.330006,870,1608
5863.335007,825,1610
5863.340006,850,1609
5863.345006,859,1610
5863.350006,858,1604
5863.355005,831,1605
5863.360006,857,1605
5863.365005,850,1606
5863.370006,816,1603
5863.375007,854,1605
5863.380005,852,1602
5863.385005,830,1603
5863.390006,841,1601
5863.395006,873,1600
5863.400005,856,1603
5863.405006,827,1600
5863.410005,855,1605
5863.415005,863,1597
5863.420005,834,1599
5863.425006,852,1596
5863.430007,857,1597
5863.435005,835,1588
5863.440007,834,1597
5863.445006,864,1594
5863.450006,833,1596
5863.455007,834,1594
5863.460005,860,1597
5863.465006,871,1598
5863.470006,835,1596
5863.475005,847,1596
5863.480007,875,1597
5863.485007,831,1599
5863.490006,832,1594
5863.495005,882,1594
5863.500006,854,1597
5863.505007,831,1595
5863.510007,872,1588
5863.515006,850,1592
5863.520005,819,1587
5863.525007,855,1592
5863.530006,853,1596
5863.535005,840,1589
5863.540005,831,1597
5863.545005,858,1596
5863.550005,858,1588
5863.555006,826,1596
5863.560006,863,1594
5863.565005,851,1598
5863.570006,823,1594
5863.575006,861,1597
5863.580006,859,1600
5863.585006,832,1594
5863.590006,834,1600
5863.595006,860,1601
5863.600005,856,1605
5863.605006,849,1602
5863.610006,864,1606
5863.615006,854,1609
5863.620006,819,1611
5863.625006,856,1616
5863.630006,877,1618
5863.635007,828,1622
5863.640006,847,1618
5863.645006,876,1628
5863.650006,849,1630
5863.655005,830,1626
5863.660005,884,1633
5863.665005,865,1634
5863.670005,830,1638
5863.675006,850,1641
5863.680006,861,1642
5863.685005,846,1642
5863.690007,834,1647
5863.695007,872,1638
5863.700006,853,1646
5863.705006,828,1651
5863.710006,865,1651
5863.715006,864,1649
5863.720006,843,1649
5863.725007,851,1653
5863.730006,881,1652
5863.735006,828,1657
5863.740006,842,1656
5863.745006,888,1653
5863.750007,856,1653
5863.755005,833,1654
5863.760005,866,1654
5863.765006,875,1652
5863.770006,837,1652
5863.775006,852,1651
5863.780006,863,1649
5863.785005,835,1653
5863.790005,839,1649
5863.795005,884,1643
5863.800006,844,1648
5863.805007,843,1644
5863.810005,886,1642
5863.815006,864,1645
5863.820005,833,1641
5863.825006,866,1643
5863.830006,862,1641
5863.835007,830,1630
5863.840005,842,1638
5863.845007,865,1638
5863.850007,857,1633
5863.855007,840,1633
5863.860006,872,1635
5863.865005,859,1632
5863.870005,822,1630
5863.875005,857,1629
5863.880005,859,1633
5863.885005,849,1629
5863.890006,840,1631
5863.895006,877,1632
5863.900005,846,1628
5863.905007,838,1627
5863.910006,863,1632
5863.915006,877,1624
5863.920005,826,1625
5863.925005,861,1622
5863.930006,870,1622
5863.935005,836,1620
5863.940007,852,1620
5863.945006,867,1619
5863.950006,861,1618
5863.955006,831,1618
5863.960006,858,1618
5863.965006,870,1611
5863.970007,835,1614
5863.975006,849,1606
5863.980005,865,1613
5863.985007,827,1611
5863.990005,852,1612
5863.995005,872,1608
5864.000006,845,1608
5864.005007,848,1604
5864.010006,864,1606
5864.015007,848,1606
5864.020005,840,1604
5864.025006,852,1595
5864.030005,870,1602
5864.035006,832,1605
5864.040006,843,1602
5864.045007,864,1602
5864.050005,842,1604
5864.055006,826,1604
5864.060006,873,1602
5864.065005,865,1597
5864.070006,823,1598
5864.075005,843,1600
5864.080006,873,1596
5864.085007,834,1597
5864.090005,831,1596
5864.095006,874,1597
5864.100006,859,1596
5864.105005,833,1598
5864.110006,860,1599
5864.115005,852,1596
5864.120005,841,1598
5864.125005,842,1600
5864.130005,870,1592
5864.135005,828,1598
5864.140006,833,1597
5864.145007,859,1593
5864.150006,844,1599
5864.155005,832,1599
5864.160006,869,1598
5864.165006,860,1593
5864.170007,818,1597
5864.175005,853,1593
5864.180006,859,1598
5864.185005,826,1594
5864.190006,829,1593
5864.195005,864,1596
5864.200006,848,1589
5864.205007,842,1588
5864.210005,864,1589
5864.215005,860,1589
5864.220006,819,1590
5864.225006,864,1588
5864.230005,875,1592
5864.235006,830,1589
5864.240006,837,1591
5864.245005,874,1590
5864.250005,859,1590
5864.255006,837,1594
5864.260006,859,1596
5864.265006,856,1599
5864.270006,825,1599
5864.275005,860,1602
5864.280007,859,1601
5864.285006,831,1605
5864.290006,827,1607
5864.295006,869,1606
5864.300006,843,1612
5864.305006,842,1607
5864.310005,870,1610
5864.315007,853,1611
5864.320006,836,1607
5864.325005,855,1610
5864.330006,860,1611
5864.335006,842,1609
5864.340006,838,1611
5864.345006,880,1610
5864.350006,854,1606
5864.355006,833,1612
5864.360005,863,1608
5864.365006,851,1611
5864.370006,838,1609
5864.375006,844,1605
5864.380006,854,1607
5864.385007,830,1611
5864.390006,834,1606
5864.395006,885,1604
5864.400006,847,1603
5864.405006,825,1605
5864.410006,873,1603
5864.415006,852,1604
5864.420007,828,1604
5864.425006,847,1605
5864.430006,876,1604
5864.435006,828,1601
5864.440005,829,1606
5864.445007,869,1600
5864.450007,842,1605
5864.455005,849,1598
5864.460005,861,1603
5864.465005,855,1598
5864.470007,843,1598
5864.475006,841,1598
5864.480005,856,1596
5864.485006,822,1595
5864.490006,835,1590
5864.495006,868,1588
5864.500006,845,1587
5864.505006,825,1585
5864.510006,874,1582
5864.515007,856,1580
5864.520007,837,1572
5864.525007,850,1579
5864.530006,856,1579
5864.535007,821,1582
5864.540006,844,1577
5864.545007,866,1581
5864.550005,856,1565
5864.555007,827,1580
5864.560005,854,1579
5864.565006,856,1579
5864.570005,840,1581
5864.575005,852,1581
5864.580006,860,1579
5864.585006,826,1574
5864.590006,837,1581
5864.595006,862,1582
5864.600006,856,1583
5864.605005,838,1586
5864.610006,867,1587
5864.615007,851,1585
5864.620006,833,1592
5864.625006,842,1590
5864.630006,849,1587
5864.635006,838,1592
5864.640006,827,1597
5864.645005,879,1593
5864.650006,841,1594
5864.655006,820,1600
5864.660005,873,1595
5864.665005,850,1600
5864.670005,831,1601
5864.675005,862,1597
5864.680006,872,1601
5864.685006,821,1604
5864.690006,827,1604
5864.695006,869,1604
5864.700005,850,1595
5864.705005,840,1606
5864.710005,862,1607
5864.715006,867,1606
5864.720006,829,1605
5864.725007,839,1609
5864.730007,858,1609
5864.735006,822,1610
5864.740006,845,1608
5864.745005,860,1609
5864.750005,856,1606
5864.755005,831,1609
5864.760005,857,1610
5864.765007,877,1605
5864.770006,826,1609
5864.775007,840,1612
5864.780006,865,1609
5864.785005,840,1605
5864.790006,847,1606
5864.795007,859,1612
5864.800007,840,1609
5864.805007,842,1607
5864.810006,860,1605
5864.815006,868,1593
5864.820006,834,1601
5864.825006,852,1600
5864.830006,860,1601
5864.835006,823,1601
5864.840006,841,1599
5864.845007,864,1604
5864.850007,845,1599
5864.855006,823,1603
5864.860005,880,1597
5864.865005,859,1601
5864.870006,825,1603
5864.875006,844,1603
5864.880005,857,1602
5864.885006,821,1605
5864.890006,844,1602
5864.895006,863,1602
5864.900005,852,1602
5864.905006,846,1603
5864.910007,861,1602
5864.915006,862,1605
5864.920006,833,1602
5864.925006,846,1608
5864.930006,856,1610
5864.935006,837,1608
5864.940006,850,1607
5864.945006,866,1609
5864.950006,844,1612
5864.955007,829,1610
5864.960005,856,1609
5864.965005,870,1608
5864.970006,827,1608
5864.975005,858,1609
5864.980007,869,1607
5864.985006,822,1611
5864.990007,825,1611
5864.995007,876,1609
5865.000007,839,1610
5865.005005,843,1608
5865.010006,859,1611
5865.015006,848,1610
5865.020006,836,1611
5865.025005,857,1612
5865.030006,854,1614
5865.035006,839,1610
5865.040007,832,1613
5865.045006,859,1609
5865.050006,852,1611
5865.055006,822,1611
5865.060005,859,1608
5865.065006,860,1610
5865.070006,821,1610
5865.075006,854,1610
5865.080006,864,1611
5865.085006,828,1609
5865.090005,831,1606
5865.095006,858,1611
5865.100005,843,1609
5865.105006,839,1609
5865.110006,864,1608
5865.115006,855,1598
5865.120005,832,1612
5865.125005,846,1613
5865.130005,852,1613
5865.135005,842,1608
5865.140006,835,1610
5865.145005,867,1614
5865.150006,841,1615
5865.155005,824,1617
5865.160006,877,1613
5865.165007,854,1617
5865.170005,823,1611
5865.175005,838,1616
5865.180006,858,1614
5865.185005,836,1611
5865.190007,829,1612
5865.195007,859,1611
5865.200006,858,1607
5865.205006,832,1609
5865.210007,856,1608
5865.215005,861,1606
5865.220006,819,1605
5865.225006,860,1609
5865.230005,870,1606
5865.235006,824,1605
5865.240005,842,1598
5865.245005,869,1607
5865.250006,838,1608
5865.255006,836,1609
5865.260005,874,1609
5865.265006,861,1611
5865.270006,819,1617
5865.275006,851,1614
5865.280005,872,1616
5865.285006,836,1619
5865.290006,851,1617
5865.295007,862,1622
5865.300005,863,1624
5865.305007,829,1623
5865.310006,860,1622
5865.315005,874,1622
5865.320006,835,1622
5865.325005,834,1630
5865.330006,873,1626
5865.335006,827,1627
5865.340006,829,1630
5865.345007,879,1626
5865.350006,843,1633
5865.355005,842,1622
5865.360006,854,1631
5865.365006,871,1625
5865.370005,826,1626
5865.375005,862,1623
5865.380005,863,1624
5865.385005,850,1618
5865.390005,847,1622
5865.395007,865,1623
5865.400007,864,1623
5865.405007,833,1620
5865.410006,856,1618
5865.415006,865,1610
5865.420006,841,1615
5865.425005,842,1617
5865.430007,859,1616
5865.435006,840,1614
5865.440006,831,1614
5865.445006,868,1600
5865.450005,847,1613
5865.455006,827,1608
5865.460006,860,1614
5865.465006,853,1614
5865.470006,840,1613
5865.475006,840,1616
5865.480006,866,1611
5865.485005,822,1619
5865.490005,841,1616
5865.495005,879,1614
5865.500005,840,1618
5865.505006,840,1616
5865.510007,865,1616
5865.515006,858,1618
5865.520005,823,1618
5865.525007,856,1615
5865.530007,872,1617
5865.535007,840,1617
5865.540007,841,1618
5865.545006,860,1617
5865.550007,854,1617
5865.555005,835,1610
5865.560006,870,1620
5865.565006,851,1620
5865.570006,832,1617
5865.575006,840,1619
5865.580006,856,1618
5865.585007,842,1614
5865.590006,845,1609
5865.595005,868,1614
5865.600007,843,1616
5865.605006,847,1609
5865.610007,865,1616
5865.615006,851,1615
5865.620007,832,1611
5865.625007,842,1614
5865.630005,861,1614
5865.635005,840,1607
5865.640006,848,1614
5865.645005,860,1614
5865.650007,860,1620
5865.655006,825,1620
5865.660005,864,1617
5865.665005,868,1616
5865.670006,832,1619
5865.675007,838,1624
5865.680005,877,1620
5865.685007,826,1626
5865.690006,827,1625
5865.695006,859,1625
5865.700005,862,1621
5865.705005,833,1621
5865.710005,861,1620
5865.715006,871,1622
5865.720007,821,1621
5865.725006,847,1619
5865.730006,861,1618
5865.735006,823,1617
5865.740005,840,1614
5865.745005,867,1612
5865.750005,845,1612
5865.755005,840,1609
5865.760005,860,1601
5865.765007,856,1609
5865.770005,828,1608
5865.775007,842,1608
5865.780007,873,1604
5865.785006,838,1604
5865.790006,825,1605
5865.795005,870,1602
5865.800006,846,1602
5865.805007,824,1603
5865.810006,860,1604
5865.815006,861,1596
5865.820006,841,1596
5865.825006,844,1600
5865.830006,858,1603
5865.835007,823,1607
5865.840005,826,1603
5865.845007,875,1604
5865.850007,856,1594
5865.855006,820,1606
5865.860007,858,1605
5865.865006,850,1604
5865.870005,838,1609
5865.875006,841,1608
5865.880007,859,1605
5865.885006,842,1604
5865.890005,837,1605
5865.895005,873,1607
5865.900006,847,1609
5865.905006,819,1604
5865.910005,869,1602
5865.915006,848,1608
5865.920006,834,1602
5865.925006,838,1605
5865.930007,860,1595
5865.935005,833,1603
5865.940005,848,1602
5865.945006,864,1601
5865.950005,844,1605
5865.955005,837,1605
5865.960006,864,1604
5865.965006,861,1605
5865.970006,822,1606
5865.975006,855,1608
5865.980005,862,1608
5865.985006,820,1613
5865.990006,829,1601
5865.995005,859,1612
5866.000005,858,1605
5866.005006,842,1612
5866.010006,858,1613
5866.015007,845,1615
5866.020006,831,1609
5866.025005,855,1613
5866.030007,857,1618
5866.035005,837,1615
5866.040005,830,1617
5866.045005,860,1616
5866.050005,858,1617
5866.055006,824,1618
5866.060005,852,1620
5866.065006,860,1618
5866.070007,818,1621
5866.075007,838,1623
5866.080006,873,1621
5866.085006,825,1626
5866.090006,848,1621
5866.095006,863,1622
5866.100006,858,1622
5866.105006,844,1620
5866.110006,853,1627
5866.115005,865,1623
5866.120005,819,1624
5866.125005,850,1621
5866.130006,863,1624
5866.135006,825,1625
5866.140007,848,1622
5866.145006,862,1624
5866.150006,862,1622
5866.155006,825,1625
5866.160005,880,1619
5866.165005,854,1625
5866.170005,828,1622
5866.175005,838,1621
5866.180006,874,1620
5866.185005,827,1620
5866.190005,828,1621
5866.195006,878,1616
5866.200006,867,1617
5866.205007,832,1616
5866.210006,867,1613
5866.215007,871,1611
5866.220006,824,1612
5866.225005,860,1607
5866.230007,865,1609
5866.235005,824,1609
5866.240006,831,1608
5866.245005,874,1608
5866.250006,851,1608
5866.255007,845,1604
5866.260007,868,1600
5866.265006,859,1603
5866.270006,823,1601
5866.275005,853,1597
5866.280007,865,1601
5866.285006,833,1595
5866.290007,830,1597
5866.295006,865,1594
5866.300006,861,1594
5866.305006,826,1595
5866.310006,872,1593
5866.315006,852,1593
5866.320005,818,1590
5866.325005,844,1588
5866.330005,860,1587
5866.335006,823,1585
5866.340006,849,1580
5866.345006,865,1580
5866.350007,846,1575
5866.355007,836,1576
5866.360005,864,1574
5866.365006,864,1569
5866.370005,834,1572
5866.375005,835,1568
5866.380005,850,1567
5866.385006,819,1565
5866.390006,827,1562
5866.395006,869,1562
5866.400006,843,1566
5866.405006,838,1559
5866.410005,862,1561
5866.415006,853,1563
5866.420007,816,1562
5866.425006,845,1561
5866.430007,859,1561
5866.435006,823,1563
5866.440005,823,1562
5866.445006,865,1566
5866.450007,857,1565
5866.455006,830,1568
5866.460006,846,1570
5866.465006,853,1573
5866.470006,834,1576
5866.475005,833,1578
5866.480006,867,1579
5866.485006,821,1586
5866.490005,841,1583
5866.495005,863,1584
5866.500006,859,1591
5866.505007,836,1588
5866.510006,854,1593
5866.515006,862,1585
5866.520005,816,1598
5866.525006,842,1597
5866.530006,856,1598
5866.535006,842,1597
5866.540006,830,1602
5866.545006,860,1601
5866.550006,864,1601
5866.555006,817,1609
5866.560006,869,1603
5866.565007,864,1608
5866.570006,821,1610
5866.575006,833,1611
5866.580005,873,1611
5866.585005,829,1616
5866.590006,827,1617
5866.595006,858,1617
5866.600006,844,1624
5866.605005,836,1622
5866.610007,876,1622
5866.615005,851,1624
5866.620006,826,1624
5866.625007,848,1627
5866.630005,857,1631
5866.635005,840,1630
5866.640006,852,1628
5866.645005,858,1633
5866.650007,868,1629
5866.655007,829,1636
5866.660006,872,1633
5866.665006,856,1635
5866.670006,840,1635
5866.675007,840,1634
5866.680005,877,1635
5866.685006,826,1641
5866.690006,845,1634
5866.695006,868,1637
5866.700006,856,1629
5866.705006,841,1641
5866.710006,869,1644
5866.715007,853,1641
5866.720006,819,1644
5866.725005,832,1645
5866.730006,865,1643
5866.735007,844,1640
5866.740006,848,1642
5866.745007,862,1647
5866.750006,859,1644
5866.755006,832,1644
5866.760006,867,1644
5866.765006,857,1647
5866.770005,844,1643
5866.775007,844,1645
5866.780007,878,1644
5866.785006,827,1634
5866.790007,840,1641
5866.795005,884,1638
5866.800005,856,1645
5866.805007,827,1645
5866.810005,871,1645
5866.815006,857,1646
5866.820006,820,1646
5866.825006,853,1643
5866.830006,862,1638
5866.835007,843,1646
5866.840005,833,1647
5866.845007,872,1646
5866.850007,853,1648
5866.855006,851,1643
5866.860006,876,1643
5866.865005,856,1645
5866.870006,821,1640
5866.875006,849,1641
5866.880006,858,1646
5866.885006,844,1638
5866.890006,834,1638
5866.895006,874,1638
5866.900006,848,1639
5866.905005,836,1636
5866.910006,853,1640
5866.915006,870,1627
5866.920005,841,1632
5866.925006,837,1637
5866.930007,857,1634
5866.935005,850,1627
5866.940006,831,1633
5866.945005,867,1625
5866.950005,853,1624
5866.955005,822,1627
5866.960005,871,1619
5866.965006,859,1624
5866.970007,824,1619
5866.975005,835,1617
5866.980006,876,1614
5866.985005,836,1613
5866.990005,826,1617
5866.995005,883,1609
5867.000006,857,1609
5867.005006,831,1608
5867.010006,855,1606
5867.015006,863,1601
5867.020006,830,1601
5867.025006,838,1591
5867.030005,874,1601
5867.035006,827,1605
5867.040007,841,1599
5867.045006,873,1592
5867.050005,850,1598
5867.055007,822,1599
5867.060006,853,1597
5867.065005,871,1593
5867.070006,824,1596
5867.075005,853,1597
5867.080005,869,1596
5867.085005,839,1588
5867.090006,831,1589
5867.095005,873,1582
5867.100007,846,1587
5867.105007,831,1589
5867.110006,871,1583
5867.115005,853,1585
5867.120005,820,1584
5867.125006,831,1581
5867.130006,870,1581
5867.135006,828,1579
5867.140006,844,1578
5867.145005,859,1574
5867.150006,844,1575
5867.155006,817,1577
5867.160006,868,1574
5867.165007,863,1574
5867.170005,814,1577
5867.175005,828,1577
5867.180006,865,1576
5867.185006,822,1576
5867.190005,840,1575
5867.195007,863,1579
5867.200006,849,1570
5867.205006,822,1579
5867.210006,864,1571
5867.215006,868,1569
5867.220007,825,1572
5867.225005,848,1572
5867.230006,857,1575
5867.235006,848,1570
5867.240005,847,1571
5867.245006,853,1569
5867.250007,850,1575
5867.255005,818,1577
5867.260005,858,1574
5867.265007,857,1573
5867.270005,814,1577
5867.275007,844,1576
5867.280006,852,1577
5867.285006,849,1574
5867.290006,833,1577
5867.295006,877,1575
5867.300006,855,1573
5867.305007,820,1582
5867.310006,866,1581
5867.315005,847,1582
5867.320006,814,1582
5867.325006,852,1585
5867.330006,858,1584
5867.335007,843,1584
5867.340005,830,1585
5867.345006,857,1591
5867.350005,848,1591
5867.355006,836,1588
5867.360005,856,1595
5867.365005,867,1593
5867.370006,821,1593
5867.375006,850,1597
5867.380007,858,1601
5867.385005,846,1598
5867.390007,836,1601
5867.395007,858,1602
5867.400007,845,1601
5867.405007,834,1601
5867.410006,854,1605
5867.415005,863,1600
5867.420006,828,1598
5867.425006,840,1600
5867.430007,868,1597
5867.435005,830,1600
5867.440007,830,1597
5867.445007,878,1594
5867.450006,853,1590
5867.455006,822,1593
5867.460006,872,1588
5867.465007,857,1590
5867.470006,834,1585
5867.475006,835,1586
5867.480006,876,1585
5867.485006,838,1587
5867.490006,829,1578
5867.495006,873,1588
5867.500007,846,1586
5867.505006,833,1589
5867.510006,855,1587
5867.515007,845,1594
5867.520007,825,1594
5867.525006,833,1595
5867.530006,857,1599
5867.535005,844,1588
5867.540005,835,1600
5867.545006,861,1603
5867.550006,867,1607
5867.555006,820,1615
5867.560007,865,1610
5867.565006,859,1613
5867.570005,836,1616
5867.575005,847,1620
5867.580005,865,1620
5867.585005,828,1620
5867.590005,833,1626
5867.595005,857,1630
5867.600006,865,1628
5867.605007,824,1633
5867.610007,857,1626
5867.615006,871,1637
5867.620006,835,1628
5867.625006,845,1641
5867.630005,862,1640
5867.635005,833,1642
5867.640007,842,1642
5867.645005,868,1643
5867.650006,846,1650
5867.655005,836,1647
5867.660006,853,1652
5867.665006,865,1637
5867.670007,824,1651
5867.675006,852,1650
5867.680006,871,1645
5867.685007,840,1647
5867.690006,845,1648
5867.695006,868,1647
5867.700006,859,1636
5867.705005,834,1646
5867.710006,852,1655
5867.715007,862,1646
5867.720005,828,1642
5867.725007,852,1647
5867.730006,873,1648
5867.735005,828,1653
5867.740005,840,1642
5867.745005,863,1650
5867.750006,868,1651
5867.755006,836,1654
5867.760007,871,1648
5867.765005,876,1649
5867.770007,824,1654
5867.775007,855,1648
5867.780007,875,1652
5867.785006,835,1651
5867.790005,835,1653
5867.795005,869,1650
5867.800005,851,1649
5867.805007,842,1646
5867.810006,858,1649
5867.815005,876,1646
5867.820007,830,1643
5867.825005,839,1647
5867.830005,861,1644
5867.835005,841,1642
5867.840005,832,1641
5867.845006,883,1639
5867.850007,860,1635
5867.855006,831,1636
5867.860005,855,1640
5867.865005,881,1630
5867.870005,831,1631
5867.875005,837,1625
5867.880006,869,1621
5867.885006,834,1618
5867.890006,849,1617
5867.895005,861,1617
5867.900006,860,1611
5867.905005,842,1605
5867.910006,868,1606
5867.915006,854,1604
5867.920007,820,1602
5867.925006,853,1600
5867.930007,861,1602
5867.935005,840,1601
5867.940007,834,1598
5867.945006,860,1602
5867.950006,874,1600
5867.955007,840,1602
5867.960006,850,1604
5867.965006,872,1602
5867.970006,824,1603
5867.975007,834,1602
5867.980006,878,1604
5867.985006,829,1605
5867.990005,846,1606
5867.995005,869,1605
5868.000005,850,1605
5868.005005,840,1601
5868.010005,874,1604
5868.015006,853,1602
5868.020005,844,1601
5868.025007,834,1603
5868.030006,859,1604
5868.035006,839,1601
5868.040006,849,1599
5868.045006,876,1598
5868.050006,856,1597
5868.055006,832,1598
5868.060006,851,1599
5868.065005,868,1599
5868.070007,836,1593
5868.075006,847,1601
5868.080006,856,1601
5868.085005,828,1602
5868.090005,849,1599
5868.095006,873,1602
5868.100005,849,1603
5868.105007,821,1606
5868.110006,872,1605
5868.115006,867,1604
5868.120005,836,1607
5868.125006,838,1607
5868.130006,857,1606
5868.135006,842,1606
5868.140005,825,1611
5868.145005,873,1608
5868.150006,852,1609
5868.155006,829,1600
5868.160005,856,1610
5868.165005,849,1616
5868.170005,834,1611
5868.175005,834,1616
5868.180006,877,1615
5868.185006,847,1617
5868.190005,828,1617
5868.195007,880,1615
5868.200006,846,1620
5868.205006,821,1619
5868.210006,870,1615
5868.215006,856,1615
5868.220007,843,1611
5868.225005,836,1614
5868.230006,854,1616
5868.235005,849,1611
5868.240005,831,1613
5868.245005,863,1613
5868.250005,848,1614
5868.255005,838,1608
5868.260005,868,1610
5868.265006,854,1615
5868.270007,831,1613
5868.275007,829,1618
5868.280007,867,1614
5868.285007,828,1619
5868.290007,847,1615
5868.295006,857,1620
5868.300007,864,1618
5868.305005,834,1619
5868.310007,849,1619
5868.315006,867,1621
5868.320006,820,1621
5868.325006,846,1624
5868.330007,861,1622
5868.335007,838,1622
5868.340006,826,1624
5868.345006,863,1620
5868.350005,869,1618
5868.355007,826,1619
5868.360006,868,1616
5868.365006,867,1616
5868.370005,822,1617
5868.375006,843,1608
5868.380006,863,1615
5868.385006,828,1612
5868.390006,845,1612
5868.395005,873,1610
5868.400007,859,1612
5868.405007,838,1609
5868.410007,863,1605
5868.415006,854,1603
5868.420007,821,1606
5868.425007,840,1600
5868.430005,864,1603
5868.435006,825,1604
5868.440006,843,1601
5868.445005,862,1603
5868.450006,852,1601
5868.455007,821,1602
5868.460005,867,1600
5868.465006,857,1599
5868.470006,830,1593
5868.475005,845,1595
5868.480006,867,1600
5868.485005,824,1603
5868.490006,844,1600
5868.495005,872,1600
5868.500006,850,1605
5868.505006,818,1605
5868.510007,859,1602
5868.515006,868,1604
5868.520006,835,1600
5868.525005,838,1604
5868.530007,864,1598
5868.535006,835,1601
5868.540006,829,1603
5868.545005,876,1603
5868.550006,852,1605
5868.555006,838,1600
5868.560006,853,1602
5868.565005,867,1603
5868.570006,819,1599
5868.575006,844,1601
5868.580006,859,1602
5868.585006,842,1593
5868.590006,843,1597
5868.595007,858,1600
5868.600006,862,1596
5868.605005,818,1597
5868.610006,863,1596
5868.615006,847,1598
5868.620005,819,1592
5868.625005,843,1589
5868.630006,857,1595
5868.635006,832,1592
5868.640005,828,1587
5868.645007,881,1585
5868.650007,855,1588
5868.655006,839,1586
5868.660005,866,1585
5868.665005,849,1589
5868.670006,833,1585
5868.675007,839,1586
5868.680006,853,1591
5868.685005,846,1585
5868.690007,830,1588
5868.695006,857,1587
5868.700005,862,1592
5868.705006,821,1586
5868.710007,871,1588
5868.715006,866,1590
5868.720006,820,1589
5868.725007,826,1592
5868.730007,873,1584
5868.735006,842,1580
5868.740005,833,1590
5868.745005,866,1589
5868.750006,867,1587
5868.755006,825,1591
5868.760007,866,1589
5868.765006,851,1588
5868.770006,819,1592
5868.775005,844,1587
5868.780007,853,1594
5868.785007,827,1593
5868.790006,844,1590
5868.795006,882,1593
5868.800006,848,1599
5868.805007,841,1596
5868.810005,855,1602
5868.815006,874,1600
5868.820006,820,1601
5868.825005,849,1608
5868.830006,870,1609
5868.835007,846,1609
5868.840007,842,1611
5868.845006,867,1614
5868.850005,854,1620
5868.855006,843,1618
5868.860006,860,1618
5868.865005,856,1622
5868.870005,841,1624
5868.875005,834,1626
5868.880005,876,1625
5868.885006,831,1626
5868.890006,836,1631
5868.895005,872,1630
5868.900006,849,1639
5868.905005,833,1636
5868.910006,870,1638
5868.915006,862,1640
5868.920007,840,1638
5868.925005,839,1644
5868.930005,878,1645
5868.935006,839,1650
5868.940006,844,1646
5868.945006,862,1650
5868.950005,863,1648
5868.955006,843,1648
5868.960007,859,1647
5868.965006,857,1646
5868.970006,838,1646
5868.975005,842,1644
5868.980006,873,1636
5868.985006,853,1643
5868.990005,842,1642
5868.995005,861,1643
5869.000006,853,1640
5869.005007,841,1638
5869.010006,852,1636
5869.015006,869,1634
5869.020006,831,1628
5869.025006,845,1633
5869.030005,863,1636
5869.035006,830,1632
5869.040005,845,1629
5869.045006,877,1630
5869.050006,857,1631
5869.055006,822,1633
5869.060006,874,1628
5869.065005,860,1628
5869.070007,837,1620
5869.075006,847,1628
5869.080006,871,1628
5869.085006,846,1628
5869.090006,846,1629
5869.095006,867,1627
5869.100006,851,1628
5869.105005,843,1626
5869.110007,866,1625
5869.115007,860,1627
5869.120006,823,1616
5869.125007,853,1626
5869.130005,865,1626
5869.135006,829,1625
5869.140006,843,1624
5869.145006,857,1618
5869.150006,858,1623
5869.155005,822,1623
5869.160006,863,1617
5869.165006,872,1619
5869.170006,822,1621
5869.175006,841,1604
5869.180007,874,1613
5869.185006,834,1614
5869.190005,847,1608
5869.195006,866,1609
5869.200006,869,1605
5869.205006,829,1599
5869.210007,861,1604
5869.215006,851,1603
5869.220006,835,1601
5869.225006,829,1602
5869.230006,872,1589
5869.235006,844,1595
5869.240006,828,1597
5869.245006,868,1594
5869.250006,849,1593
5869.255006,837,1591
5869.260007,854,1586
5869.265005,848,1588
5869.270006,816,1589
5869.275006,853,1579
5869.280005,864,1583
5869.285006,824,1582
5869.290006,838,1579
5869.295007,870,1572
5869.300006,850,1581
5869.305007,815,1587
5869.310007,854,1582
5869.315006,845,1586
5869.320006,822,1587
5869.325006,839,1586
5869.330006,860,1588
5869.335006,843,1586
5869.340006,826,1593
5869.345007,857,1593
5869.350006,864,1593
5869.355005,823,1595
5869.360006,845,1595
5869.365007,854,1599
5869.370006,833,1586
5869.375006,830,1600
5869.380006,877,1594
5869.385006,834,1599
5869.390007,825,1603
5869.395006,866,1601
5869.400005,846,1602
5869.405006,844,1601
5869.410006,858,1601
5869.415006,847,1604
5869.420007,828,1606
5869.425006,828,1606
5869.430007,878,1603
5869.435005,831,1603
5869.440006,824,1607
5869.445006,862,1607
5869.450005,862,1604
5869.455005,825,1606
5869.460006,850,1611
5869.465006,874,1608
5869.470006,835,1605
5869.475005,851,1609
5869.480006,860,1610
5869.485005,852,1610
5869.490006,843,1613
5869.495006,860,1613
5869.500006,863,1611
5869.505006,822,1613
5869.510005,860,1612
5869.515007,848,1619
5869.520005,834,1612
5869.525006,833,1617
5869.530005,856,1619
5869.535005,844,1616
5869.540005,827,1618
5869.545005,878,1617
5869.550005,860,1613
5869.555006,836,1622
5869.560005,852,1619
5869.565007,862,1615
5869.570006,835,1624
5869.575005,833,1627
5869.580006,876,1624
5869.585006,839,1624
5869.590006,846,1622
5869.595005,884,1624
5869.600006,865,1620
5869.605006,822,1627
5869.610006,873,1624
5869.615005,851,1630
5869.620005,843,1622
5869.625006,845,1626
5869.630007,863,1626
5869.635006,838,1619
5869.640006,826,1625
5869.645005,873,1626
5869.650006,854,1629
5869.655007,846,1627
5869.660006,856,1631
5869.665006,864,1628
5869.670007,845,1628
5869.675005,840,1631
5869.680006,863,1629
5869.685006,855,1627
5869.690006,834,1632
5869.695006,881,1629
5869.700006,854,1630
5869.705007,833,1632
5869.710005,874,1627
5869.715005,865,1630
5869.720006,838,1626
5869.725005,843,1633
5869.730006,860,1632
5869.735006,832,1632
5869.740005,840,1627
5869.745006,863,1628
5869.750007,874,1627
5869.755007,836,1624
5869.760006,870,1622
5869.765006,865,1620
5869.770006,822,1622
5869.775006,850,1619
5869.780006,862,1616
5869.785005,850,1616
5869.790005,835,1615
5869.795006,863,1617
5869.800006,870,1619
5869.805007,826,1614
5869.810006,867,1615
5869.815005,870,1611
5869.820006,834,1613
5869.825007,838,1616
5869.830006,879,1615
5869.835006,835,1620
5869.840007,847,1617
5869.845006,858,1622
5869.850005,863,1621
5869.855006,821,1621
5869.860006,859,1623
5869.865006,852,1626
5869.870006,838,1613
5869.875007,834,1624
5869.880007,883,1621
5869.885005,843,1623
5869.890006,834,1623
5869.895005,861,1625
5869.900006,871,1622
5869.905006,835,1620
5869.910006,862,1621
5869.915006,855,1623
5869.920006,845,1618
5869.925006,839,1619
5869.930006,864,1618
5869.935005,850,1613
5869.940006,844,1609
5869.945005,871,1614
5869.950005,852,1613
5869.955006,824,1615
5869.960007,849,1616
5869.965007,877,1608
5869.970006,824,1615
5869.975007,837,1609
5869.980006,861,1613
5869.985007,835,1612
5869.990006,846,1611
5869.995006,862,1610
5870.000006,866,1609
5870.005006,834,1611
5870.010007,864,1609
5870.015005,858,1612
5870.020006,827,1609
5870.025006,827,1610
5870.030006,872,1610
5870.035005,833,1607
5870.040006,830,1606
5870.045006,881,1605
5870.050006,851,1610
5870.055006,835,1610
5870.060006,852,1608
5870.065005,869,1606
5870.070006,818,1610
5870.075006,827,1611
5870.080006,875,1604
5870.085006,840,1609
5870.090006,842,1607
5870.095006,868,1607
5870.100005,856,1607
5870.105007,836,1602
5870.110007,848,1609
5870.115006,870,1607
5870.120006,828,1606
5870.125006,850,1603
5870.130007,863,1603
5870.135006,827,1602
5870.140007,846,1601
5870.145005,864,1609
5870.150007,863,1601
5870.155006,824,1597
5870.160007,847,1603
5870.165007,852,1606
5870.170005,836,1598
5870.175005,832,1600
5870.180006,869,1598
5870.185006,833,1595
5870.190006,826,1594
5870.195005,877,1593
5870.200005,848,1594
5870.205005,831,1583
5870.210005,865,1588
5870.215005,852,1588
5870.220006,815,1583
5870.225005,825,1588
5870.230007,864,1586
5870.235006,840,1584
5870.240005,828,1585
5870.245005,879,1585
5870.250006,850,1585
5870.255007,827,1585
5870.260005,843,1589
5870.265006,849,1586
5870.270005,839,1581
5870.275006,841,1584
5870.280005,855,1577
5870.285005,841,1586
5870.290005,843,1579
5870.295005,862,1586
5870.300006,860,1586
5870.305006,823,1587
5870.310005,861,1585
5870.315006,865,1584
5870.320006,815,1588
5870.325005,827,1589
5870.330005,874,1592
5870.335005,833,1589
5870.340005,840,1584
5870.345007,876,1587
5870.350007,854,1589
5870.355006,817,1597
5870.360006,867,1588
5870.365005,870,1588
5870.370005,819,1592
5870.375005,840,1593
5870.380005,875,1590
5870.385006,830,1592
5870.390006,822,1597
5870.395006,875,1594
5870.400005,843,1594
5870.405006,830,1597
5870.410006,841,1599
5870.415006,867,1594
5870.420006,822,1594
5870.425006,830,1600
5870.430006,874,1596
5870.435006,831,1596
5870.440006,830,1586
5870.445005,866,1593
5870.450005,847,1598
5870.455005,837,1598
5870.460006,845,1597
5870.465006,851,1599
5870.470006,842,1596
5870.475005,840,1597
5870.480007,859,1599
5870.485006,828,1603
5870.490005,848,1599
5870.495006,857,1596
5870.500006,869,1597
5870.505007,821,1609
5870.510006,854,1604
5870.515007,870,1607
5870.520006,816,1607
5870.525006,839,1598
5870.530006,865,1607
5870.535006,832,1607
5870.540006,845,1604
5870.545007,856,1608
5870.550006,847,1612
5870.555006,835,1603
5870.560005,867,1603
5870.565007,867,1607
5870.570006,821,1610
5870.575005,833,1611
5870.580005,879,1611
5870.585005,856,1614
5870.590006,831,1615
5870.595006,863,1617
5870.600005,878,1616
5870.605007,847,1617
5870.610006,856,1623
5870.615006,860,1626
5870.620006,826,1629
5870.625005,833,1628
5870.630005,873,1634
5870.635006,855,1635
5870.640007,840,1636
5870.645006,883,1637
5870.650005,862,1637
5870.655006,821,1642
5870.660006,852,1643
5870.665007,879,1641
5870.670006,825,1638
5870.675006,843,1638
5870.680006,882,1637
5870.685006,837,1638
5870.690006,831,1636
5870.695006,879,1628
5870.700006,867,1627
5870.705006,830,1634
5870.710006,849,1632
5870.715006,870,1627
5870.720007,827,1630
5870.725007,843,1629
5870.730006,862,1633
5870.735005,836,1632
5870.740006,829,1630
5870.745005,881,1634
5870.750006,859,1633
5870.755006,826,1640
5870.760005,870,1637
5870.765007,876,1637
5870.770005,823,1643
5870.775006,851,1637
5870.780007,864,1640
5870.785007,846,1637
5870.790006,849,1637
5870.795006,881,1636
5870.800006,850,1633
5870.805006,845,1634
5870.810006,846,1632
5870.815006,863,1628
5870.820005,821,1631
5870.825006,845,1627
5870.830006,859,1627
5870.835006,852,1613
5870.840007,840,1621
5870.845006,862,1620
5870.850005,869,1617
5870.855006,825,1617
5870.860005,850,1616
5870.865005,872,1608
5870.870006,822,1612
5870.875006,841,1595
5870.880006,873,1600
5870.885006,841,1598
5870.890006,835,1582
5870.895005,878,1584
5870.900006,853,1585
5870.905006,841,1581
5870.910005,845,1582
5870.915005,870,1578
5870.920006,835,1577
5870.925006,823,1579
5870.930006,865,1577
5870.935006,831,1575
5870.940005,839,1569
5870.945006,861,1577
5870.950006,843,1580
5870.955007,833,1574
5870.960006,846,1577
5870.965006,866,1577
5870.970007,822,1578
5870.975005,821,1581
5870.980007,865,1579
5870.985006,827,1580
5870.990006,837,1572
5870.995005,867,1580
5871.000006,864,1581
5871.005006,815,1583
5871.010005,860,1585
5871.015007,844,1584
5871.020006,827,1587
5871.025006,825,1592
5871.030005,862,1589
5871.035005,849,1589
5871.040005,833,1588
5871.045006,858,1588
5871.050006,841,1589
5871.055006,832,1583
5871.060006,850,1586
5871.065005,872,1585
5871.070006,831,1589
5871.075006,824,1589
5871.080007,863,1588
5871.085007,832,1587
5871.090005,832,1587
5871.095006,854,1589
5871.100005,845,1595
5871.105006,836,1587
5871.110005,843,1597
5871.115005,859,1597
5871.120006,817,1602
5871.125006,843,1600
5871.130007,857,1606
5871.135007,851,1608
5871.140006,830,1608
5871.145005,882,1603
5871.150007,855,1608
5871.155006,838,1608
5871.160005,847,1610
5871.165006,875,1607
5871.170007,832,1606
5871.175006,827,1606
5871.180006,875,1601
5871.185005,829,1603
5871.190006,836,1597
5871.195005,867,1592
5871.200005,845,1594
5871.205005,819,1590
5871.210005,869,1581
5871.215006,860,1583
5871.220007,824,1580
5871.225007,826,1582
5871.230005,870,1583
5871.235006,832,1582
5871.240006,842,1579
5871.245005,861,1585
5871.250006,861,1573
5871.255006,838,1582
5871.260006,858,1585
5871.265006,859,1590
5871.270005,825,1589
5871.275007,829,1596
5871.280007,866,1592
5871.285006,826,1600
5871.290006,838,1597
5871.295006,858,1600
5871.300006,860,1599
5871.305005,818,1607
5871.310007,860,1601
5871.315006,856,1602
5871.320006,819,1608
5871.325005,853,1601
5871.330005,863,1603
5871.335005,829,1610
5871.340005,836,1609
5871.345006,878,1612
5871.350005,856,1612
5871.355006,841,1612
5871.360006,853,1613
5871.365007,855,1618
5871.370006,822,1619
5871.375007,849,1618
5871.380006,858,1619
5871.385007,858,1616
5871.390007,833,1620
5871.395005,875,1624
5871.400006,849,1624
5871.405005,833,1625
5871.410005,849,1624
5871.415006,871,1621
5871.420007,821,1626
5871.425006,852,1624
5871.430006,860,1626
5871.435006,850,1625
5871.440005,846,1624
5871.445007,870,1625
5871.450005,853,1628
5871.455005,828,1625
5871.460006,858,1628
5871.465006,860,1627
5871.470005,848,1626
5871.475007,841,1621
5871.480006,873,1629
5871.485006,840,1631
5871.490006,850,1632
5871.495007,874,1631
5871.500006,859,1632
5871.505007,827,1637
5871.510006,866,1631
5871.515007,863,1633
5871.520005,841,1637
5871.525006,831,1636
5871.530005,872,1636
5871.535005,853,1632
5871.540005,845,1634
5871.545006,862,1640
5871.550006,878,1633
5871.555007,828,1636
5871.560007,865,1634
5871.565006,866,1624
5871.570006,836,1631
5871.575006,838,1635
5871.580006,881,1632
5871.585006,851,1634
5871.590005,831,1638
5871.595006,881,1635
5871.600006,870,1640
5871.605005,826,1641
5871.610006,873,1639
5871.615006,866,1643
5871.620006,827,1643
5871.625006,853,1646
5871.630007,865,1650
5871.635005,859,1649
5871.640005,834,1648
5871.645007,884,1650
5871.650005,860,1651
5871.655007,840,1638
5871.660006,867,1654
5871.665006,860,1650
5871.670006,827,1649
5871.675007,834,1649
5871.680005,862,1643
5871.685006,863,1638
5871.690006,839,1639
5871.695006,863,1636
5871.700005,867,1632
5871.705005,825,1631
5871.710005,868,1633
5871.715006,863,1628
5871.720006,829,1629
5871.725005,845,1624
5871.730006,861,1627
5871.735005,858,1624
5871.740006,840,1625
5871.745006,877,1627
5871.750006,868,1628
5871.755007,821,1635
5871.760006,857,1634
5871.765007,858,1639
5871.770007,827,1637
5871.775007,860,1634
5871.780006,879,1632
5871.785007,842,1635
5871.790006,850,1631
5871.795006,865,1632
5871.800005,851,1633
5871.805007,838,1628
5871.810006,852,1625
5871.815006,859,1622
5871.820005,827,1614
5871.825006,848,1614
5871.830007,862,1614
5871.835005,838,1610
5871.840005,845,1608
5871.845007,859,1610
5871.850005,865,1609
5871.855006,832,1608
5871.860006,858,1605
5871.865006,861,1601
5871.870005,828,1610
5871.875006,840,1606
5871.880007,882,1606
5871.885005,832,1613
5871.890006,835,1610
5871.895005,879,1611
5871.900007,851,1611
5871.905007,834,1609
5871.910007,849,1611
5871.915006,861,1608
5871.920007,823,1609
5871.925006,844,1607
5871.930006,880,1605
5871.935007,838,1608
5871.940006,841,1608
5871.945005,872,1595
5871.950006,850,1600
5871.955006,841,1602
5871.960006,864,1598
5871.965006,851,1602
5871.970006,829,1602
5871.975005,846,1596
5871.980007,870,1602
5871.985006,836,1608
5871.990006,841,1606
5871.995005,865,1610
5872.000005,868,1609
5872.005005,836,1612
5872.010005,846,1613
5872.015007,854,1618
5872.020007,843,1613
5872.025006,842,1613
5872.030005,874,1609
5872.035006,834,1617
5872.040007,844,1609
5872.045005,863,1612
5872.050006,864,1609
5872.055007,836,1609
5872.060006,850,1606
5872.065005,854,1609
5872.070006,832,1603
5872.075006,849,1598
5872.080006,868,1605
5872.085007,848,1602
5872.090005,837,1602
5872.095007,876,1597
5872.100007,862,1598
5872.105006,841,1595
5872.110006,847,1598
5872.115006,862,1597
5872.120005,836,1587
5872.125006,826,1598
5872.130006,864,1593
5872.135007,859,1587
5872.140005,835,1590
5872.145006,860,1590
5872.150005,867,1590
5872.155006,835,1593
5872.160006,846,1595
5872.165007,870,1590
5872.170006,832,1583
5872.175006,837,1591
5872.180007,875,1587
5872.185005,833,1589
5872.190007,840,1583
5872.195005,858,1585
5872.200005,869,1582
5872.205005,818,1586
5872.210005,867,1578
5872.215005,856,1581
5872.220006,836,1575
5872.225006,832,1586
5872.230006,871,1580
5872.235006,834,1578
5872.240006,826,1580
5872.245005,876,1578
5872.250005,854,1581
5872.255005,840,1578
5872.260005,841,1585
5872.265006,864,1578
5872.270005,817,1586
5872.275007,831,1581
5872.280007,878,1581
5872.285007,837,1582
5872.290006,838,1581
5872.295006,878,1579
5872.300005,853,1586
5872.305006,839,1583
5872.310005,850,1587
5872.315007,861,1586
5872.320006,818,1588
5872.325006,846,1586
5872.330006,861,1589
5872.335006,846,1588
5872.340007,825,1586
5872.345006,883,1590
5872.350005,860,1596
5872.355006,820,1601
5872.360006,869,1601
5872.365006,862,1606
5872.370005,840,1609
5872.375006,832,1612
5872.380005,877,1618
5872.385005,837,1621
5872.390007,843,1622
5872.395005,869,1627
5872.400007,850,1632
5872.405006,834,1631
5872.410006,851,1634
5872.415007,871,1633
5872.420006,833,1632
5872.425006,854,1628
5872.430006,869,1633
5872.435006,858,1628
5872.440005,830,1634
5872.445007,868,1633
5872.450007,857,1633
5872.455007,847,1630
5872.460006,847,1635
5872.465006,879,1629
5872.470006,825,1634
5872.475006,850,1634
5872.480005,864,1631
5872.485006,846,1638
5872.490006,850,1640
5872.495005,870,1639
5872.500006,868,1644
5872.505007,821,1647
5872.510005,857,1648
5872.515005,856,1648
5872.520007,828,1652
5872.525006,855,1650
5872.530005,859,1646
5872.535005,837,1650
5872.540005,852,1646
5872.545005,862,1650
5872.550006,865,1646
5872.555007,826,1645
5872.560006,861,1642
5872.565006,855,1643
5872.570006,848,1639
5872.575006,839,1640
5872.580007,859,1640
5872.585006,857,1634
5872.590007,839,1637
5872.595007,866,1638
5872.600006,858,1622
5872.605006,839,1633
5872.610006,864,1631
5872.615005,865,1633
5872.620005,818,1635
5872.625006,848,1631
5872.630007,855,1627
5872.635007,847,1630
5872.640007,842,1626
5872.645005,873,1629
5872.650007,858,1623
5872.655007,818,1625
5872.660006,854,1621
5872.665007,866,1620
5872.670005,839,1621
5872.675005,830,1627
5872.680006,880,1617
5872.685006,837,1619
5872.690006,848,1612
5872.695006,865,1614
5872.700005,848,1616
5872.705005,841,1609
5872.710005,846,1615
5872.715006,858,1610
5872.720006,840,1609
5872.725005,830,1601
5872.730005,872,1607
5872.735006,850,1600
5872.740005,828,1605
5872.745005,872,1602
5872.750005,866,1601
5872.755006,833,1598
5872.760007,864,1594
5872.765005,859,1596
5872.770006,820,1596
5872.775005,847,1595
5872.780007,864,1592
5872.785006,830,1590
5872.790006,846,1591
5872.795005,854,1589
5872.800006,853,1585
5872.805006,838,1581
5872.810005,864,1577
5872.815006,860,1575
5872.820005,835,1576
5872.825005,833,1573
5872.830006,869,1568
5872.835006,843,1570
5872.840007,830,1570
5872.845005,869,1567
5872.850007,854,1559
5872.855007,829,1570
5872.860006,838,1579
5872.865005,863,1571
5872.870005,829,1575
5872.875006,829,1576
5872.880007,855,1582
5872.885007,856,1577
5872.890006,839,1573
5872.895005,868,1581
5872.900006,867,1576
5872.905007,812,1585
5872.910006,853,1583
5872.915006,846,1582
5872.920006,822,1580
5872.925006,827,1571
5872.930007,867,1579
5872.935006,854,1578
5872.940006,828,1580
5872.945005,870,1581
5872.950005,856,1578
5872.955005,839,1578
5872.960006,847,1578
5872.965006,856,1582
5872.970006,839,1582
5872.975006,825,1584
5872.980006,859,1593
5872.985005,852,1590
5872.990005,848,1590
5872.995005,864,1597
5873.000006,865,1600
5873.005007,827,1610
5873.010006,847,1608
5873.015006,870,1607
5873.020005,830,1612
5873.025006,832,1615
5873.030005,857,1619
5873.035006,852,1612
5873.040007,845,1617
5873.045006,867,1619
5873.050006,854,1619
5873.055006,835,1619
5873.060005,860,1609
5873.065007,858,1618
5873.070007,819,1620
5873.075006,833,1621
5873.080006,873,1618
5873.085007,837,1619
5873.090005,844,1616
5873.095006,867,1619
5873.100006,849,1618
5873.105006,831,1617
5873.110006,849,1620
5873.115005,868,1620
5873.120006,829,1621
5873.125007,832,1624
5873.130006,874,1620
5873.135007,843,1623
5873.140005,843,1618
5873.145006,882,1617
5873.150006,858,1621
5873.155005,822,1617
5873.160006,868,1618
5873.165006,859,1620
5873.170007,837,1619
5873.175005,831,1617
5873.180007,874,1617
5873.185006,836,1615
5873.190006,834,1615
5873.195005,863,1614
5873.200005,869,1613
5873.205006,830,1614
5873.210007,849,1610
5873.215005,862,1609
5873.220006,825,1605
5873.225006,848,1609
5873.230005,867,1611
5873.235007,856,1606
5873.240007,836,1605
5873.245007,867,1605
5873.250007,850,1600
5873.255006,826,1604
5873.260007,857,1608
5873.265006,853,1603
5873.270005,842,1601
5873.275006,834,1606
5873.280006,876,1605
5873.285006,856,1603
5873.290007,835,1603
5873.295007,861,1601
5873.300005,872,1600
5873.305006,831,1600
5873.310005,860,1599
5873.315006,856,1600
5873.320006,836,1593
5873.325006,844,1595
5873.330007,861,1594
5873.335006,860,1586
5873.340006,838,1592
5873.345007,863,1593
5873.350006,860,1593
5873.355005,832,1590
5873.360007,846,1596
5873.365007,852,1597
5873.370007,830,1596
5873.375007,831,1600
5873.380005,884,1594
5873.385006,847,1599
5873.390006,849,1600
5873.395005,856,1602
5873.400006,862,1602
5873.405005,824,1605
5873.410005,844,1602
5873.415005,868,1599
5873.420005,831,1602
5873.425005,827,1603
5873.430006,876,1597
5873.435005,844,1598
5873.440007,827,1602
5873.445006,875,1596
5873.450005,852,1587
5873.455005,838,1596
5873.460005,864,1593
5873.465005,869,1591
5873.470006,821,1596
5873.475005,824,1593
5873.480006,872,1595
5873.485005,838,1587
5873.490005,827,1600
5873.495005,868,1601
5873.500006,866,1602
5873.505007,835,1605
5873.510005,849,1604
5873.515007,864,1603
5873.520005,826,1609
5873.525007,847,1610
5873.530007,869,1610
5873.535006,839,1612
5873.540005,824,1613
5873.545006,872,1606
5873.550006,859,1611
5873.555006,818,1612
5873.560005,860,1613
5873.565005,854,1609
5873.570007,819,1612
5873.575005,825,1611
5873.580005,877,1606
5873.585005,847,1609
5873.590006,836,1607
5873.595006,859,1606
5873.600006,868,1605
5873.605006,831,1605
5873.610006,849,1606
5873.615006,850,1606
5873.620005,834,1603
5873.625005,836,1603
5873.630005,859,1607
5873.635006,840,1592
5873.640006,839,1605
5873.645007,858,1605
5873.650006,850,1607
5873.655005,823,1595
5873.660006,864,1601
5873.665006,862,1601
5873.670006,821,1602
5873.675007,834,1602
5873.680005,878,1601
5873.685007,840,1601
5873.690007,834,1605
5873.695006,864,1604
5873.700006,845,1602
5873.705006,829,1604
5873.710006,846,1602
5873.715007,870,1603
5873.720005,820,1604
5873.725007,850,1603
5873.730005,876,1598
5873.735006,850,1604
5873.740006,819,1605
5873.745005,852,1607
5873.750005,856,1603
5873.755005,822,1603
5873.760005,846,1601
5873.765007,869,1603
5873.770005,828,1603
5873.775007,840,1598
5873.780006,859,1599
5873.785005,842,1603
5873.790005,822,1605
5873.795005,861,1604
5873.800005,869,1597
5873.805006,828,1600
5873.810005,853,1601
5873.815006,849,1609
5873.820006,832,1606
5873.825005,835,1604
5873.830005,866,1604
5873.835005,839,1605
5873.840006,843,1604
5873.845007,876,1603
5873.850007,864,1604
5873.855006,838,1602
5873.860007,861,1604
5873.865006,862,1601
5873.870005,832,1601
5873.875006,840,1602
5873.880007,876,1603
5873.885007,842,1600
5873.890007,831,1602
5873.895006,856,1606
5873.900005,849,1606
5873.905007,818,1603
5873.910006,861,1602
5873.915006,860,1604
5873.920007,837,1597
5873.925006,845,1604
5873.930006,861,1606
5873.935007,843,1603
5873.940006,837,1603
5873.945007,863,1604
5873.950007,850,1604
5873.955007,832,1604
5873.960005,851,1602
5873.965005,876,1599
5873.970007,831,1600
5873.975005,831,1603
5873.980006,878,1609
5873.985007,838,1602
5873.990006,827,1603
5873.995005,856,1608
5874.000005,849,1608
5874.005005,837,1603
5874.010005,843,1606
5874.015005,873,1600
5874.020007,825,1604
5874.025007,829,1596
5874.030006,862,1601
5874.035005,852,1601
5874.040005,834,1604
5874.045006,854,1605
5874.050006,869,1597
5874.055007,826,1597
5874.060006,848,1597
5874.065006,856,1595
5874.070005,836,1590
5874.075005,842,1593
5874.080005,863,1592
5874.085005,833,1596
5874.090006,838,1592
5874.095006,860,1595
5874.100005,872,1592
5874.105005,826,1595
5874.110006,841,1598
5874.115006,863,1586
5874.120005,830,1596
5874.125005,844,1599
5874.130005,866,1597
5874.135006,837,1601
5874.140006,843,1598
5874.145005,866,1598
5874.150007,867,1596
5874.155005,830,1600
5874.160005,845,1599
5874.165005,849,1598
5874.170005,835,1594
5874.175006,824,1594
5874.180006,871,1588
5874.185005,844,1587
5874.190006,821,1585
5874.195005,876,1581
5874.200005,849,1580
5874.205006,833,1564
5874.210006,852,1578
5874.215006,847,1583
5874.220007,835,1577
5874.225006,840,1580
5874.230005,860,1580
5874.235006,846,1577
5874.240005,826,1582
5874.245006,869,1586
5874.250006,853,1586
5874.255006,816,1592
5874.260006,854,1576
5874.265006,863,1592
5874.270006,826,1595
5874.275006,828,1594
5874.280006,869,1590
5874.285006,824,1595
5874.290007,816,1594
5874.295006,868,1589
5874.300007,856,1586
5874.305006,814,1590
5874.310005,848,1586
5874.315006,855,1585
5874.320005,837,1586
5874.325005,821,1586
5874.330005,872,1582
5874.335005,825,1585
5874.340006,837,1585
5874.345007,868,1586
5874.350005,853,1586
5874.355006,818,1586
5874.360005,842,1589
5874.365005,851,1592
5874.370005,832,1587
5874.375005,838,1592
5874.380006,859,1592
5874.385006,829,1600
5874.390006,819,1593
5874.395005,854,1598
5874.400006,862,1597
5874.405007,832,1595
5874.410007,849,1598
5874.415006,853,1598
5874.420006,820,1597
5874.425006,845,1601
5874.430006,866,1598
5874.435006,830,1603
5874.440006,825,1598
5874.445006,870,1600
5874.450005,850,1603
5874.455006,840,1605
5874.460006,845,1601
5874.465006,870,1603
5874.470006,826,1605
5874.475005,843,1598
5874.480006,864,1604
5874.485005,833,1609
5874.490006,835,1608
5874.495006,858,1608
5874.500007,862,1612
5874.505006,823,1609
5874.510006,850,1604
5874.515006,862,1612
5874.520005,830,1613
5874.525007,849,1616
5874.530007,868,1615
5874.535007,833,1617
5874.540006,844,1619
5874.545007,864,1617
5874.550007,863,1619
5874.555005,825,1619
5874.560006,866,1616
5874.565005,868,1621
5874.570006,846,1618
5874.575005,835,1620
5874.580006,872,1621
5874.585006,846,1621
5874.590006,829,1626
5874.595006,877,1622
5874.600005,862,1628
5874.605006,841,1630
5874.610006,842,1628
5874.615006,862,1634
5874.620005,845,1633
5874.625006,840,1637
5874.630007,882,1635
5874.635007,844,1638
5874.640006,846,1644
5874.645006,864,1643
5874.650006,854,1642
5874.655006,840,1640
5874.660006,857,1643
5874.665007,872,1641
5874.670007,832,1642
5874.675005,840,1640
5874.680007,868,1633
5874.685006,846,1633
5874.690007,833,1633
5874.695005,880,1628
5874.700005,850,1629
5874.705006,821,1626
5874.710006,851,1626
5874.715006,858,1626
5874.720007,849,1625
5874.725005,858,1622
5874.730007,871,1630
5874.735007,861,1629
5874.740007,840,1624
5874.745006,863,1632
5874.750006,867,1630
5874.755006,832,1636
5874.760006,848,1636
5874.765007,866,1629
5874.770006,840,1631
5874.775005,841,1635
5874.780007,868,1633
5874.785007,853,1632
5874.790006,832,1632
5874.795005,879,1628
5874.800005,867,1629
5874.805007,832,1629
5874.810006,842,1629
5874.815006,869,1624
5874.820006,831,1621
5874.825005,830,1619
5874.830005,881,1612
5874.835005,853,1613
5874.840005,836,1612
5874.845007,855,1608
5874.850005,862,1608
5874.855007,826,1604
5874.860006,857,1605
5874.865005,849,1613
5874.870005,834,1609
5874.875006,844,1607
5874.880006,859,1611
5874.885006,833,1613
5874.890006,846,1608
5874.895006,873,1608
5874.900006,864,1612
5874.905005,828,1613
5874.910006,846,1611
5874.915006,861,1610
5874.920007,816,1611
5874.925006,826,1612
5874.930006,882,1607
5874.935007,853,1606
5874.940007,827,1610
5874.945006,878,1598
5874.950005,865,1603
5874.955006,824,1598
5874.960006,842,1603
5874.965006,874,1596
5874.970005,829,1597
5874.975006,835,1588
5874.980006,864,1596
5874.985006,830,1600
5874.990005,825,1598
5874.995005,857,1600
5875.000005,868,1596
5875.005005,819,1599
5875.010006,865,1596
5875.015007,868,1600
5875.020006,821,1604
5875.025005,831,1601
5875.030007,860,1601
5875.035007,832,1605
5875.040006,844,1607
5875.045006,878,1602
5875.050005,855,1606
5875.055006,821,1604
5875.060005,848,1604
5875.065007,849,1610
5875.070007,835,1604
5875.075006,827,1610
5875.080005,880,1598
5875.085005,838,1605
5875.090005,824,1610
5875.095007,878,1608
5875.100006,848,1609
5875.105005,838,1609
5875.110006,842,1614
5875.115006,854,1615
5875.120006,830,1615
5875.125006,847,1608
5875.130007,858,1617
5875.135006,852,1616
5875.140007,830,1620
5875.145006,874,1619
5875.150007,847,1617
5875.155007,845,1619
5875.160006,851,1625
5875.165007,852,1617
5875.170006,840,1620
5875.175007,847,1623
5875.180005,868,1622
5875.185006,845,1619
5875.190006,841,1618
5875.195006,873,1619
5875.200005,850,1623
5875.205006,835,1619
5875.210005,856,1620
5875.215005,856,1618
5875.220007,842,1617
5875.225007,837,1616
5875.230006,882,1617
5875.235006,845,1616
5875.240005,849,1615
5875.245005,861,1619
5875.250005,869,1616
5875.255006,825,1618
5875.260006,856,1620
5875.265007,866,1611
5875.270006,827,1619
5875.275005,844,1619
5875.280006,867,1620
5875.285006,860,1618
5875.290006,828,1620
5875.295006,874,1618
5875.300006,850,1620
5875.305006,848,1616
5875.310005,862,1621
5875.315006,861,1618
5875.320006,838,1609
5875.325005,842,1616
5875.330006,860,1614
5875.335006,843,1613
5875.340006,831,1615
5875.345006,860,1614
5875.350006,860,1610
5875.355006,842,1611
5875.360005,861,1610
5875.365005,868,1608
5875.370006,825,1610
5875.375006,850,1614
5875.380006,862,1611
5875.385007,855,1612
5875.390005,831,1612
5875.395007,879,1610
5875.400006,857,1609
5875.405006,843,1611
5875.410005,851,1610
5875.415005,856,1611
5875.420005,844,1608
5875.425005,831,1610
5875.430006,860,1609
5875.435007,849,1609
5875.440007,830,1610
5875.445006,857,1614
5875.450006,870,1606
5875.455005,833,1604
5875.460005,853,1606
5875.465005,856,1606
5875.470006,841,1603
5875.475006,832,1606
5875.480005,856,1606
5875.485006,857,1601
5875.490007,826,1601
5875.495006,861,1601
5875.500006,846,1603
5875.505006,828,1601
5875.510007,847,1596
5875.515006,858,1599
5875.520005,816,1603
5875.525007,845,1604
5875.530007,856,1602
5875.535006,849,1603
5875.540006,846,1598
5875.545007,871,1600
5875.550005,854,1602
5875.555006,832,1587
5875.560005,844,1597
5875.565006,851,1601
5875.570005,835,1593
5875.575006,834,1596
5875.580006,867,1590
5875.585006,853,1599
5875.590006,827,1603
5875.595006,870,1603
5875.600006,842,1605
5875.605006,823,1605
5875.610005,860,1608
5875.615005,851,1616
5875.620005,842,1614
5875.625005,838,1617
5875.630006,861,1621
5875.635006,845,1626
5875.640006,826,1628
5875.645007,875,1627
5875.650006,855,1631
5875.655005,828,1625
5875.660005,843,1637
5875.665005,871,1632
5875.670005,819,1630
5875.675005,841,1631
5875.680005,879,1632
5875.685005,835,1636
5875.690006,839,1632
5875.695005,867,1627
5875.700005,855,1632
5875.705006,841,1632
5875.710006,851,1626
5875.715006,870,1625
5875.720006,829,1632
5875.725005,827,1635
5875.730006,872,1633
5875.735006,858,1630
5875.740005,846,1632
5875.745005,868,1636
5875.750006,857,1638
5875.755007,818,1643
5875.760005,859,1640
5875.765006,852,1646
5875.770006,837,1638
5875.775005,844,1641
5875.780007,868,1638
5875.785006,842,1645
5875.790005,822,1648
5875.795005,870,1644
5875.800006,857,1642
5875.805007,824,1642
5875.810006,866,1640
5875.815005,864,1640
5875.820007,820,1644
5875.825007,845,1642
5875.830006,866,1640
5875.835006,846,1638
5875.840007,830,1641
5875.845006,883,1637
5875.850005,866,1639
5875.855006,826,1645
5875.860006,843,1648
5875.865005,875,1635
5875.870005,843,1648
5875.875005,839,1650
5875.880005,861,1654
5875.885005,858,1654
5875.890007,832,1659
5875.895005,879,1657
5875.900006,865,1658
5875.905006,844,1659
5875.910005,860,1662
5875.915006,853,1661
5875.920006,828,1659
5875.925005,854,1655
5875.930007,871,1658
5875.935006,841,1656
5875.940006,826,1654
5875.945006,863,1650
5875.950005,859,1650
5875.955005,831,1641
5875.960005,853,1648
5875.965005,878,1644
5875.970007,827,1640
5875.975006,851,1636
5875.980005,887,1640
5875.985007,855,1645
5875.990006,829,1645
5875.995007,875,1644
5876.000006,859,1645
5876.005006,840,1640
5876.010006,862,1646
5876.015007,861,1648
5876.020005,830,1650
5876.025006,834,1652
5876.030006,883,1646
5876.035005,858,1645
5876.040005,829,1649
5876.045005,879,1644
5876.050006,851,1646
5876.055007,832,1646
5876.060005,873,1640
5876.065006,856,1646
5876.070005,835,1636
5876.075005,853,1634
5876.080005,864,1637
5876.085005,859,1633
5876.090005,843,1632
5876.095006,865,1620
5876.100005,867,1627
5876.105007,825,1625
5876.110007,862,1621
5876.115006,855,1624
5876.120007,843,1617
5876.125006,830,1618
5876.130005,864,1618
5876.135006,847,1606
5876.140006,837,1612
5876.145006,872,1608
5876.150005,848,1610
5876.155006,843,1603
5876.160006,859,1600
5876.165007,857,1600
5876.170005,841,1594
5876.175005,843,1596
5876.180006,857,1593
5876.185006,849,1586
5876.190006,828,1587
5876.195005,857,1581
5876.200005,868,1576
5876.205006,825,1577
5876.210006,843,1572
5876.215007,866,1558
5876.220006,814,1571
5876.225006,845,1564
5876.230006,862,1554
5876.235005,852,1558
5876.240005,821,1563
5876.245005,869,1556
5876.250005,850,1563
5876.255006,825,1560
5876.260006,847,1561
5876.265006,866,1551
5876.270005,830,1558
5876.275006,830,1560
5876.280005,873,1562
5876.285005,843,1558
5876.290005,822,1562
5876.295005,870,1557
5876.300005,850,1558
5876.305007,820,1552
5876.310007,838,1556
5876.315007,860,1553
5876.320006,837,1555
5876.325007,824,1547
5876.330007,870,1548
5876.335006,840,1547
5876.340006,844,1544
5876.345006,870,1550
5876.350007,843,1552
5876.355006,832,1553
5876.360007,842,1554
5876.365007,872,1556
5876.370006,833,1560
5876.375006,837,1564
5876.380007,870,1565
5876.385005,836,1573
5876.390007,820,1578
5876.395007,868,1583
5876.400005,857,1585
5876.405005,832,1587
5876.410006,851,1586
5876.415007,849,1593
5876.420005,839,1593
5876.425005,837,1596
5876.430007,861,1596
5876.435005,834,1600
5876.440006,824,1599
5876.445005,868,1600
5876.450005,847,1601
5876.455005,842,1601
5876.460006,854,1604
5876.465006,862,1607
5876.470007,840,1609
5876.475005,840,1613
5876.480006,860,1618
5876.485006,852,1619
5876.490005,830,1627
5876.495006,880,1629
5876.500007,858,1634
5876.505006,827,1637
5876.510006,860,1642
5876.515007,862,1645
5876.520006,845,1648
5876.525005,832,1657
5876.530006,876,1656
5876.535005,842,1660
5876.540005,839,1657
5876.545005,870,1665
5876.550005,859,1666
5876.555007,850,1661
5876.560006,857,1668
5876.565005,864,1667
5876.570007,849,1666
5876.575006,842,1669
5876.580006,868,1669
5876.585006,849,1660
5876.590006,847,1667
5876.595005,870,1667
5876.600007,860,1663
5876.605006,848,1668
5876.610006,857,1673
5876.615006,856,1676
5876.620005,828,1673
5876.625005,856,1676
5876.630005,870,1678
5876.635006,858,1676
5876.640007,831,1682
5876.645006,861,1684
5876.650005,880,1680
5876.655006,831,1680
5876.660006,854,1668
5876.665007,874,1680
5876.670005,836,1683
5876.675006,837,1685
5876.680006,884,1683
5876.685005,853,1683
5876.690006,848,1681
5876.695005,872,1683
5876.700006,876,1684
5876.705007,831,1686
5876.710006,848,1676
5876.715006,881,1687
5876.720006,829,1689
5876.725005,835,1691
5876.730007,872,1689
5876.735006,867,1690
5876.740007,837,1688
5876.745006,880,1686
5876.750006,863,1689
5876.755006,849,1690
5876.760006,864,1694
5876.765007,873,1693
5876.770006,830,1697
5876.775006,850,1693
5876.780006,877,1695
5876.785005,852,1699
5876.790005,830,1701
5876.795006,879,1700
5876.800007,854,1702
5876.805005,848,1700
5876.810006,858,1699
5876.815006,878,1695
5876.820005,824,1699
5876.825006,847,1695
5876.830007,870,1693
5876.835006,849,1696
5876.840006,855,1692
5876.845006,877,1689
5876.850007,871,1686
5876.855007,833,1685
5876.860007,855,1683
5876.865006,862,1683
5876.870006,848,1679
5876.875006,839,1682
5876.880007,865,1682
5876.885006,867,1676
5876.890005,845,1673
5876.895006,879,1677
5876.900005,853,1677
5876.905006,834,1673
5876.910006,863,1666
5876.915007,869,1672
5876.920005,829,1672
5876.925005,832,1673
5876.930007,876,1668
5876.935006,845,1670
5876.940005,832,1666
5876.945007,872,1668
5876.950007,858,1660
5876.955007,825,1660
5876.960006,850,1658
5876.965006,878,1653
5876.970006,823,1661
5876.975005,839,1649
5876.980006,886,1645
5876.985006,853,1636
5876.990005,845,1641
5876.995005,872,1635
5877.000005,864,1633
5877.005006,823,1630
5877.010007,846,1626
5877.015006,873,1621
5877.020005,826,1618
5877.025006,827,1618
5877.030005,872,1612
5877.035006,834,1608
5877.040007,833,1603
5877.045007,860,1601
5877.050005,850,1595
5877.055006,822,1590
5877.060006,840,1590
5877.065006,869,1583
5877.070005,835,1576
5877.075005,844,1572
5877.080006,872,1573
5877.085006,838,1569
5877.090006,816,1572
5877.095006,866,1560
5877.100007,854,1567
5877.105007,825,1565
5877.110005,837,1567
5877.115005,858,1567
5877.120006,834,1566
5877.125006,828,1569
5877.130005,849,1569
5877.135005,851,1571
5877.140006,836,1574
5877.145006,870,1572
5877.150006,847,1573
5877.155006,814,1572
5877.160006,856,1566
5877.165006,860,1571
5877.170006,819,1571
5877.175006,829,1566
5877.180007,852,1565
5877.185006,848,1564
5877.190006,829,1560
5877.195005,854,1561
5877.200006,839,1558
5877.205006,823,1557
5877.210005,838,1553
5877.215005,862,1554
5877.220006,816,1551
5877.225006,842,1552
5877.230005,870,1555
5877.235006,832,1552
5877.240005,817,1558
5877.245005,872,1558
5877.250005,859,1562
5877.255005,814,1564
5877.260005,837,1571
5877.265006,868,1570
5877.270005,834,1570
5877.275006,832,1573
5877.280005,854,1573
5877.285005,847,1568
5877.290005,817,1578
5877.295005,867,1574
5877.300006,846,1579
5877.305006,836,1577
5877.310006,841,1575
5877.315006,858,1576
5877.320006,824,1579
5877.325005,830,1580
5877.330006,849,1582
5877.335006,846,1581
5877.340007,829,1582
5877.345006,860,1583
5877.350005,866,1585
5877.355006,823,1588
5877.360007,856,1591
5877.365006,857,1596
5877.370006,825,1595
5877.375006,833,1600
5877.380007,865,1602
5877.385005,838,1602
5877.390006,831,1605
5877.395007,857,1609
5877.400006,862,1606
5877.405007,830,1611
5877.410007,842,1609
5877.415007,852,1600
5877.420006,824,1605
5877.425006,850,1608
5877.430007,863,1609
5877.435006,837,1605
5877.440005,839,1606
5877.445007,860,1605
5877.450006,850,1603
5877.455006,834,1602
5877.460006,858,1599
5877.465007,870,1596
5877.470006,824,1596
5877.475005,834,1594
5877.480006,851,1596
5877.485005,840,1596
5877.490006,838,1597
5877.495005,860,1598
5877.500006,851,1602
5877.505007,819,1600
5877.510006,853,1601
5877.515006,855,1603
5877.520006,829,1606
5877.525005,849,1608
5877.530006,873,1606
5877.535006,836,1606
5877.540006,823,1598
5877.545006,869,1608
5877.550006,860,1610
5877.555006,828,1606
5877.560005,839,1610
5877.565006,848,1606
5877.570005,831,1608
5877.575005,828,1611
5877.580005,880,1609
5877.585006,849,1608
5877.590006,828,1612
5877.595007,875,1609
5877.600005,863,1610
5877.605006,816,1614
5877.610007,854,1612
5877.615007,865,1617
5877.620005,833,1616
5877.625005,839,1619
5877.630005,865,1617
5877.635006,850,1615
5877.640007,834,1621
5877.645005,861,1622
5877.650006,848,1624
5877.655005,842,1623
5877.660006,853,1624
5877.665006,864,1628
5877.670005,827,1627
5877.675005,848,1627
5877.680007,863,1631
5877.685006,853,1632
5877.690005,822,1636
5877.695006,869,1634
5877.700005,854,1634
5877.705006,825,1637
5877.710007,861,1641
5877.715005,861,1637
5877.720006,823,1639
5877.725007,843,1638
5877.730006,866,1636
5877.735006,859,1635
5877.740005,830,1639
5877.745006,863,1636
5877.750006,856,1635
5877.755006,845,1633
5877.760006,850,1629
5877.765007,875,1626
5877.770007,820,1623
5877.775006,848,1616
5877.780006,862,1615
5877.785006,836,1613
5877.790007,835,1608
5877.795006,857,1606
5877.800007,865,1599
5877.805006,823,1601
5877.810005,860,1600
5877.815006,865,1594
5877.820005,820,1602
5877.825005,842,1596
5877.830005,865,1595
5877.835005,838,1593
5877.840006,837,1594
5877.845006,857,1592
5877.850005,862,1584
5877.855007,827,1592
5877.860007,859,1586
5877.865006,855,1588
5877.870006,835,1589
5877.875006,836,1585
5877.880006,854,1589
5877.885006,852,1585
5877.890006,830,1577
5877.895005,866,1586
5877.900007,851,1586
5877.905006,832,1575
5877.910005,847,1583
5877.915005,846,1588
5877.920005,834,1582
5877.925005,840,1583
5877.930006,862,1579
5877.935006,831,1585
5877.940005,827,1585
5877.945006,858,1582
5877.950006,845,1583
5877.955006,816,1585
5877.960006,852,1582
5877.965006,874,1582
5877.970006,823,1583
5877.975005,841,1574
5877.980006,869,1584
5877.985005,830,1587
5877.990005,834,1584
5877.995006,869,1584
5878.000007,848,1584
5878.005007,815,1589
5878.010006,863,1585
5878.015006,864,1587
5878.020005,825,1588
5878.025006,827,1587
5878.030005,878,1589
5878.035005,845,1587
5878.040005,831,1586
5878.045005,872,1587
5878.050006,855,1586
5878.055007,833,1582
5878.060006,850,1585
5878.065005,859,1578
5878.070005,834,1583
5878.075006,828,1588
5878.080006,864,1582
5878.085006,838,1588
5878.090007,826,1586
5878.095007,868,1585
5878.100006,856,1584
5878.105005,834,1589
5878.110007,840,1592
5878.115007,877,1590
5878.120005,822,1596
5878.125005,846,1596
5878.130005,859,1602
5878.135005,860,1600
5878.140006,833,1601
5878.145006,862,1592
5878.150007,861,1606
5878.155006,822,1605
5878.160006,860,1606
5878.165006,857,1606
5878.170005,837,1605
5878.175006,831,1606
5878.180006,861,1604
5878.185006,848,1605
5878.190006,843,1601
5878.195005,874,1600
5878.200005,855,1604
5878.205005,817,1607
5878.210005,857,1597
5878.215006,872,1600
5878.220006,823,1602
5878.225005,850,1598
5878.230006,870,1600
5878.235005,840,1603
5878.240005,823,1607
5878.245005,860,1613
5878.250005,869,1606
5878.255006,835,1609
5878.260006,842,1612
5878.265006,878,1609
5878.270005,842,1611
5878.275006,836,1616
5878.280005,867,1615
5878.285005,837,1619
5878.290005,826,1618
5878.295006,855,1618
5878.300005,868,1613
5878.305007,830,1616
5878.310005,843,1617
5878.315006,878,1615
5878.320006,821,1613
5878.325005,847,1611
5878.330005,864,1613
5878.335006,858,1611
5878.340006,826,1615
5878.345006,873,1612
5878.350006,855,1614
5878.355007,840,1608
5878.360006,849,1614
5878.365006,855,1616
5878.370005,834,1615
5878.375006,846,1614
5878.380007,867,1609
5878.385005,852,1608
5878.390007,845,1617
5878.395006,856,1619
5878.400005,851,1614
5878.405007,837,1612
5878.410007,842,1615
5878.415005,876,1613
5878.420006,827,1611
5878.425006,843,1612
5878.430007,873,1610
5878.435005,842,1608
5878.440006,827,1608
5878.445006,867,1601
5878.450005,852,1610
5878.455005,840,1605
5878.460005,842,1606
5878.465005,873,1602
5878.470006,828,1604
5878.475005,833,1606
5878.480006,876,1600
5878.485006,838,1604
5878.490006,826,1603
5878.495005,874,1596
5878.500005,849,1596
5878.505006,832,1592
5878.510006,843,1593
5878.515007,870,1586
5878.520005,821,1585
5878.525007,827,1581
5878.530007,878,1582
5878.535007,842,1577
5878.540005,835,1577
5878.545005,862,1574
5878.550006,860,1572
5878.555006,821,1572
5878.560006,856,1567
5878.565007,860,1566
5878.570006,822,1566
5878.575006,841,1564
5878.580006,863,1565
5878.585007,844,1564
5878.590006,826,1564
5878.595006,876,1552
5878.600006,860,1565
5878.605005,832,1566
5878.610006,846,1570
5878.615006,867,1570
5878.620005,827,1574
5878.625005,828,1578
5878.630006,881,1577
5878.635006,849,1579
5878.640007,838,1580
5878.645006,851,1587
5878.650007,867,1587
5878.655007,828,1587
5878.660005,853,1585
5878.665005,853,1585
5878.670006,843,1585
5878.675006,846,1582
5878.680006,873,1584
5878.685005,845,1586
5878.690006,825,1583
5878.695005,871,1576
5878.700005,864,1582
5878.705006,824,1581
5878.710006,837,1585
5878.715006,876,1580
5878.720007,827,1581
5878.725006,840,1586
5878.730006,870,1586
5878.735005,837,1589
5878.740005,845,1582
5878.745005,872,1589
5878.750005,854,1593
5878.755006,825,1591
5878.760007,836,1591
5878.765006,864,1592
5878.770006,826,1596
5878.775005,837,1594
5878.780007,875,1594
5878.785006,846,1595
5878.790007,835,1592
5878.795006,867,1590
5878.800006,852,1593
5878.805006,823,1589
5878.810005,861,1590
5878.815005,860,1583
5878.820007,820,1588
5878.825006,826,1589
5878.830007,861,1577
5878.835006,858,1583
5878.840006,836,1581
5878.845006,863,1583
5878.850006,854,1587
5878.855005,817,1594
5878.860007,860,1584
5878.865007,868,1591
5878.870006,835,1595
5878.875007,839,1599
5878.880006,872,1600
5878.885007,840,1602
5878.890006,822,1608
5878.895005,858,1609
5878.900006,865,1608
5878.905006,842,1609
5878.910005,858,1614
5878.915005,865,1612
5878.920005,825,1611
5878.925006,828,1611
5878.930006,873,1609
5878.935006,853,1610
5878.940005,835,1610
5878.945006,863,1612
5878.950006,870,1608
5878.955005,828,1610
5878.960005,842,1613
5878.965006,867,1608
5878.970006,824,1611
5878.975006,849,1613
5878.980005,872,1616
5878.985007,851,1615
5878.990006,822,1618
5878.995006,878,1617
5879.000007,857,1614
5879.005006,835,1628
5879.010005,848,1628
5879.015006,851,1630
5879.020006,837,1625
5879.025005,843,1630
5879.030006,864,1629
5879.035005,834,1631
5879.040006,847,1623
5879.045006,870,1623
5879.050006,845,1625
5879.055006,836,1621
5879.060005,850,1617
5879.065006,861,1617
5879.070006,828,1614
5879.075006,847,1611
5879.080006,872,1612
5879.085006,846,1609
5879.090006,829,1608
5879.095006,872,1606
5879.100006,851,1602
5879.105005,816,1603
5879.110006,839,1601
5879.115005,864,1593
5879.120006,814,1595
5879.125006,845,1590
5879.130007,862,1586
5879.135005,834,1590
5879.140006,819,1586
5879.145005,868,1579
5879.150006,846,1582
5879.155005,830,1572
5879.160005,843,1574
5879.165006,846,1577
5879.170007,830,1568
5879.175005,832,1572
5879.180006,858,1572
5879.185005,829,1566
5879.190006,840,1563
5879.195006,850,1562
5879.200006,864,1560
5879.205006,824,1561
5879.210006,837,1557
5879.215006,846,1554
5879.220006,816,1554
5879.225006,844,1553
5879.230005,870,1550
5879.235007,842,1550
5879.240007,821,1554
5879.245006,849,1555
5879.250007,863,1551
5879.255006,826,1554
5879.260005,836,1554
5879.265005,845,1561
5879.270006,819,1558
5879.275005,835,1554
5879.280006,863,1558
5879.285005,832,1562
5879.290005,819,1563
5879.295006,860,1562
5879.300006,842,1566
5879.305006,827,1563
5879.310006,853,1560
5879.315005,862,1562
5879.320007,831,1565
5879.325005,830,1564
5879.330005,851,1565
5879.335005,847,1562
5879.340005,822,1563
5879.345007,863,1567
5879.350006,845,1569
5879.355005,827,1572
5879.360007,841,1573
5879.365005,855,1574
5879.370005,832,1579
5879.375006,832,1578
5879.380006,867,1581
5879.385007,840,1583
5879.390005,828,1587
5879.395006,856,1588
5879.400005,847,1585
5879.405006,820,1590
5879.410007,849,1590
5879.415006,853,1590
5879.420006,819,1593
5879.425006,844,1589
5879.430007,861,1589
5879.435006,836,1589
5879.440005,828,1589
5879.445006,875,1592
5879.450006,847,1594
5879.455006,839,1596
5879.460006,858,1595
5879.465006,860,1596
5879.470006,819,1603
5879.475006,853,1600
5879.480005,871,1603
5879.485007,837,1613
5879.490006,845,1610
5879.495006,873,1616
5879.500007,858,1618
5879.505007,822,1622
5879.510006,857,1622
5879.515007,868,1622
5879.520005,836,1628
5879.525006,849,1622
5879.530006,867,1632
5879.535005,854,1626
5879.540005,822,1632
5879.545006,874,1625
5879.550006,857,1625
5879.555006,825,1623
5879.560006,846,1627
5879.565006,866,1621
5879.570005,830,1619
5879.575006,847,1617
5879.580007,867,1618
5879.585005,840,1616
5879.590006,828,1617
5879.595006,863,1617
5879.600006,860,1614
5879.605006,829,1613
5879.610005,856,1613
5879.615005,862,1611
5879.620006,829,1613
5879.625007,854,1608
5879.630007,873,1609
5879.635005,838,1612
5879.640006,822,1612
5879.645005,874,1609
5879.650007,853,1610
5879.655006,821,1613
5879.660005,844,1612
5879.665005,869,1612
5879.670005,832,1613
5879.675005,837,1612
5879.680007,875,1611
5879.685006,848,1614
5879.690005,824,1615
5879.695007,878,1614
5879.700006,854,1619
5879.705007,816,1623
5879.710005,850,1618
5879.715005,856,1617
5879.720007,839,1620
5879.725007,836,1606
5879.730006,875,1620
5879.735006,839,1626
5879.740006,822,1626
5879.745005,872,1626
5879.750005,849,1630
5879.755005,831,1629
5879.760005,850,1628
5879.765007,865,1630
5879.770007,823,1631
5879.775006,850,1629
5879.780006,872,1633
5879.785005,854,1636
5879.790006,834,1634
5879.795006,861,1625
5879.800006,867,1636
5879.805006,842,1634
5879.810007,858,1640
5879.815006,861,1642
5879.820007,832,1641
5879.825006,831,1646
5879.830006,879,1642
5879.835007,856,1645
5879.840007,834,1650
5879.845006,865,1649
5879.850006,874,1650
5879.855005,842,1651
5879.860006,855,1654
5879.865006,878,1652
5879.870006,834,1654
5879.875007,845,1656
5879.880006,864,1657
5879.885007,854,1660
5879.890005,835,1661
5879.895006,862,1661
5879.900005,856,1660
5879.905006,845,1657
5879.910007,868,1657
5879.915006,863,1658
5879.920007,824,1661
5879.925005,854,1655
5879.930007,878,1655
5879.935005,853,1649
5879.940006,835,1651
5879.945005,881,1647
5879.950005,873,1645
5879.955005,822,1646
5879.960005,864,1642
5879.965005,870,1640
5879.970006,826,1632
5879.975005,851,1633
5879.980006,863,1634
5879.985006,854,1628
5879.990005,829,1628
5879.995005,876,1624
5880.000005,857,1622
5880.005005,829,1620
5880.010006,851,1621
5880.015007,871,1621
5880.020006,829,1621
5880.025006,844,1614
5880.030005,877,1622
5880.035006,841,1619
5880.040006,823,1619
5880.045006,854,1623
5880.050006,855,1618
5880.055006,838,1616
5880.060006,843,1613
5880.065005,856,1614
5880.070006,821,1618
5880.075005,844,1612
5880.080005,868,1613
5880.085005,841,1616
5880.090005,840,1613
5880.095006,862,1615
5880.100006,851,1619
5880.105005,841,1616
5880.110006,861,1619
5880.115007,863,1623
5880.120006,839,1624
5880.125007,827,1628
5880.130005,875,1626
5880.135006,853,1628
5880.140006,833,1629
5880.145005,853,1633
5880.150006,866,1621
5880.155005,838,1631
5880.160005,848,1634
5880.165006,856,1627
5880.170005,820,1633
5880.175005,848,1631
5880.180006,865,1627
5880.185006,841,1620
5880.190006,843,1622
5880.195007,873,1622
5880.200006,855,1618
5880.205007,838,1617
5880.210005,850,1616
5880.215006,861,1616
5880.220005,826,1616
5880.225007,826,1621
5880.230006,865,1615
5880.235006,843,1621
5880.240005,824,1620
5880.245005,858,1621
5880.250005,871,1622
5880.255005,825,1625
5880.260005,865,1621
5880.265006,869,1625
5880.270006,832,1629
5880.275005,825,1629
5880.280006,877,1630
5880.285005,852,1626
5880.290005,827,1628
5880.295006,874,1626
5880.300006,854,1625
5880.305006,819,1628
5880.310005,865,1624
5880.315007,858,1622
5880.320006,832,1622
5880.325006,830,1624
5880.330006,877,1618
5880.335007,851,1623
5880.340006,823,1621
5880.345006,872,1618
5880.350006,863,1615
5880.355006,830,1615
5880.360006,843,1617
5880.365006,854,1618
5880.370005,847,1614
5880.375005,836,1612
5880.380005,859,1616
5880.385006,853,1611
5880.390006,828,1612
5880.395006,876,1609
5880.400006,854,1613
5880.405005,840,1609
5880.410005,846,1610
5880.415005,864,1613
5880.420005,831,1609
5880.425005,847,1602
5880.430007,873,1609
5880.435006,848,1611
5880.440006,824,1611
5880.445006,882,1605
5880.450005,863,1606
5880.455006,826,1609
5880.460007,847,1610
5880.465006,860,1609
5880.470007,830,1608
5880.475006,850,1601
5880.480006,873,1606
5880.485005,849,1608
5880.490005,836,1605
5880.495006,858,1608
5880.500006,868,1606
5880.505006,836,1603
5880.510007,843,1608
5880.515006,856,1606
5880.520006,829,1604
5880.525005,837,1603
5880.530006,882,1600
5880.535005,850,1603
5880.540005,824,1603
5880.545005,857,1601
5880.550006,861,1599
5880.555006,823,1599
5880.560005,847,1597
5880.565006,862,1595
5880.570006,830,1592
5880.575005,839,1583
5880.580005,884,1586
5880.585005,855,1586
5880.590006,830,1587
5880.595006,858,1588
5880.600005,874,1585
5880.605006,828,1590
5880.610005,843,1590
5880.615005,855,1595
5880.620005,824,1596
5880.625005,843,1596
5880.630006,867,1600
5880.635006,841,1604
5880.640007,846,1601
5880.645005,869,1610
5880.650007,853,1604
5880.655006,842,1608
5880.660006,847,1611
5880.665006,855,1608
5880.670007,840,1603
5880.675005,852,1609
5880.680006,865,1610
5880.685007,843,1608
5880.690007,822,1612
5880.695007,870,1595
5880.700006,872,1603
5880.705006,833,1602
5880.710007,854,1600
5880.715007,853,1603
5880.720005,839,1602
5880.725005,847,1604
5880.730006,870,1601
5880.735006,845,1603
5880.740005,826,1605
5880.745006,873,1595
5880.750005,860,1607
5880.755005,828,1612
5880.760006,840,1616
5880.765006,856,1617
5880.770005,826,1619
5880.775006,853,1619
5880.780005,880,1619
5880.785005,849,1622
5880.790005,829,1622
5880.795005,872,1616
5880.800006,866,1625
5880.805007,829,1625
5880.810005,846,1622
5880.815007,859,1621
5880.820006,832,1624
5880.825005,849,1621
5880.830005,876,1623
5880.835005,840,1624
5880.840005,848,1621
5880.845006,862,1620
5880.850006,872,1623
5880.855006,832,1626
5880.860006,842,1628
5880.865006,859,1625
5880.870006,830,1624
5880.875006,849,1626
5880.880006,862,1631
5880.885007,859,1624
5880.890006,833,1626
5880.895005,864,1624
5880.900006,876,1619
5880.905005,836,1617
5880.910006,852,1616
5880.915007,859,1611
5880.920005,822,1611
5880.925006,853,1601
5880.930006,875,1599
5880.935006,848,1597
5880.940005,830,1590
5880.945005,857,1591
5880.950005,869,1585
5880.955006,826,1584
5880.960006,839,1581
5880.965006,855,1584
5880.970007,822,1585
5880.975005,850,1581
5880.980006,859,1585
5880.985006,849,1576
5880.990006,836,1580
5880.995005,876,1589
5881.000006,857,1592
5881.005007,834,1593
5881.010006,843,1600
5881.015007,869,1601
5881.020005,821,1602
5881.025006,851,1603
5881.030005,864,1605
5881.035005,852,1604
5881.040006,845,1610
5881.045006,858,1614
5881.050007,865,1607
5881.055007,836,1606
5881.060006,841,1608
5881.065006,856,1608
5881.070007,840,1603
5881.075007,836,1602
5881.080007,860,1605
5881.085005,857,1606
5881.090006,838,1606
5881.095007,853,1607
5881.100005,845,1611
5881.105006,826,1610
5881.110006,849,1611
5881.115005,871,1611
5881.120005,830,1610
5881.125005,833,1610
5881.130006,856,1614
5881.135006,856,1612
5881.140007,827,1614
5881.145006,856,1618
5881.150005,866,1615
5881.155007,822,1617
5881.160006,846,1614
5881.165006,878,1611
5881.170007,844,1614
5881.175005,834,1615
5881.180007,857,1616
5881.185006,860,1611
5881.190005,841,1614
5881.195007,866,1615
5881.200005,846,1618
5881.205006,820,1618
5881.210006,857,1611
5881.215005,871,1609
5881.220006,830,1619
5881.225007,832,1619
5881.230006,884,1618
5881.235006,851,1619
5881.240005,843,1622
5881.245005,868,1621
5881.250005,856,1625
5881.255005,820,1628
5881.260005,862,1621
5881.265007,858,1629
5881.270006,850,1625
5881.275006,850,1630
5881.280005,883,1627
5881.285005,856,1629
5881.290005,840,1630
5881.295006,869,1629
5881.300005,855,1631
5881.305006,822,1630
5881.310005,843,1630
5881.315006,862,1630
5881.320007,822,1630
5881.325006,851,1625
5881.330006,864,1628
5881.335006,855,1626
5881.340006,828,1631
5881.345007,873,1628
5881.350005,874,1631
5881.355006,844,1630
5881.360006,859,1633
5881.365005,854,1641
5881.370005,836,1640
5881.375006,848,1631
5881.380006,873,1643
5881.385007,841,1645
5881.390006,845,1647
5881.395007,873,1647
5881.400006,849,1653
5881.405005,839,1647
5881.410005,867,1650
5881.415005,864,1648
5881.420005,824,1649
5881.425005,851,1648
5881.430006,862,1646
5881.435005,853,1644
5881.440006,829,1642
5881.445005,876,1642
5881.450006,856,1636
5881.455006,837,1634
5881.460007,845,1634
5881.465005,876,1630
5881.470006,839,1626
5881.475006,831,1629
5881.480005,882,1623
5881.485007,857,1620
5881.490005,828,1618
5881.495006,876,1618
5881.500005,857,1617
5881.505005,839,1613
5881.510005,859,1610
5881.515006,861,1610
5881.520007,825,1609
5881.525006,829,1613
5881.530006,859,1611
5881.535005,855,1604
5881.540005,827,1606
5881.545005,853,1607
5881.550006,873,1603
5881.555006,822,1607
5881.560005,835,1603
5881.565006,873,1597
5881.570006,831,1596
5881.575006,837,1595
5881.580006,855,1596
5881.585006,857,1593
5881.590007,838,1594
5881.595007,859,1589
5881.600006,842,1592
5881.605005,827,1587
5881.610005,854,1586
5881.615005,866,1584
5881.620005,817,1588
5881.625005,824,1588
5881.630005,877,1583
5881.635006,844,1583
5881.640005,841,1581
5881.645006,875,1580
5881.650006,860,1577
5881.655007,821,1580
5881.660007,842,1579
5881.665007,857,1577
5881.670007,832,1570
5881.675006,837,1582
5881.680006,856,1581
5881.685005,855,1579
5881.690006,832,1584
5881.695006,861,1580
5881.700006,845,1577
5881.705006,825,1583
5881.710006,837,1583
5881.715006,864,1580
5881.720006,818,1587
5881.725006,830,1586
5881.730006,861,1589
5881.735006,851,1586
5881.740006,827,1588
5881.745006,879,1592
5881.750006,862,1591
5881.755006,818,1596
5881.760006,844,1594
5881.765006,867,1597
5881.770005,820,1600
5881.775006,847,1599
5881.780005,865,1601
5881.785005,837,1605
5881.790005,842,1607
5881.795005,871,1608
5881.800006,857,1607
5881.805006,825,1609
5881.810005,855,1609
5881.815007,862,1611
5881.820007,828,1602
5881.825007,846,1616
5881.830006,870,1617
5881.835007,840,1620
5881.840006,843,1618
5881.845007,860,1621
5881.850006,865,1619
5881.855005,843,1620
5881.860007,855,1620
5881.865007,855,1625
5881.870006,829,1620
5881.875006,833,1621
5881.880006,864,1619
5881.885006,859,1620
5881.890006,841,1617
5881.895007,868,1619
5881.900006,871,1613
5881.905006,842,1614
5881.910005,849,1619
5881.915005,863,1614
5881.920006,826,1617
5881.925007,832,1617
5881.930006,876,1615
5881.935006,855,1618
5881.940006,838,1613
5881.945005,865,1617
5881.950006,852,1621
5881.955007,826,1617
5881.960006,854,1605
5881.965007,872,1618
5881.970006,834,1618
5881.975006,832,1622
5881.980006,888,1616
5881.985005,858,1618
5881.990005,841,1618
5881.995006,860,1624
5882.000007,872,1623
5882.005006,828,1624
5882.010006,868,1620
5882.015006,869,1624
5882.020005,825,1627
5882.025007,846,1620
5882.030006,875,1627
5882.035006,845,1627
5882.040006,824,1628
5882.045007,877,1617
5882.050006,865,1623
5882.055006,833,1622
5882.060006,846,1618
5882.065005,858,1618
5882.070006,830,1620
5882.075006,832,1617
5882.080006,873,1616
5882.085006,848,1616
5882.090006,832,1614
5882.095006,878,1605
5882.100005,870,1611
5882.105006,834,1612
5882.110006,848,1614
5882.115006,860,1618
5882.120006,829,1619
5882.125006,833,1622
5882.130006,861,1622
5882.135006,852,1623
5882.140006,831,1624
5882.145006,882,1624
5882.150005,868,1621
5882.155006,824,1620
5882.160005,843,1619
5882.165006,874,1615
5882.170007,826,1615
5882.175006,835,1613
5882.180007,864,1609
5882.185005,844,1606
5882.190006,827,1603
5882.195006,858,1605
5882.200005,874,1600
5882.205005,829,1597
5882.210005,857,1583
5882.215006,872,1589
5882.220007,828,1595
5882.225006,830,1599
5882.230006,864,1597
5882.235006,859,1596
5882.240006,828,1602
5882.245006,875,1600
5882.250006,856,1605
5882.255006,823,1606
5882.260007,838,1609
5882.265005,876,1609
5882.270007,834,1609
5882.275006,840,1609
5882.280007,866,1612
5882.285007,845,1611
5882.290006,827,1609
5882.295007,878,1606
5882.300005,866,1609
5882.305006,829,1608
5882.310007,846,1608
5882.315006,864,1604
5882.320005,830,1602
5882.325005,841,1602
5882.330005,867,1605
5882.335005,851,1601
5882.340006,834,1604
5882.345007,858,1604
5882.350007,850,1609
5882.355007,840,1609
5882.360007,853,1608
5882.365005,861,1610
5882.370006,822,1609
5882.375007,831,1612
5882.380006,864,1613
5882.385006,843,1613
5882.390006,831,1613
5882.395007,862,1619
5882.400007,865,1616
5882.405006,826,1616
5882.410005,849,1608
5882.415006,875,1614
5882.420007,833,1621
5882.425005,830,1616
5882.430006,861,1616
5882.435006,865,1611
5882.440005,837,1613
5882.445006,862,1612
5882.450006,869,1611
5882.455006,817,1616
5882.460006,856,1613
5882.465006,859,1615
5882.470006,840,1612
5882.475005,841,1615
5882.480006,877,1615
5882.485007,846,1617
5882.490006,830,1622
5882.495006,856,1628
5882.500006,859,1626
5882.505006,834,1628
5882.510006,850,1632
5882.515006,867,1631
5882.520006,832,1635
5882.525005,839,1635
5882.530006,870,1635
5882.535005,850,1636
5882.540005,845,1633
5882.545005,862,1637
5882.550006,857,1635
5882.555006,826,1631
5882.560005,854,1632
5882.565007,879,1627
5882.570007,833,1625
5882.575007,831,1626
5882.580006,880,1621
5882.585007,842,1619
5882.590005,841,1618
5882.595006,874,1617
5882.600005,851,1614
5882.605006,837,1610
5882.610006,849,1614
5882.615005,857,1610
5882.620006,828,1606
5882.625006,850,1604
5882.630006,873,1591
5882.635006,858,1602
5882.640006,834,1602
5882.645005,854,1606
5882.650007,860,1600
5882.655007,833,1599
5882.660006,847,1597
5882.665007,852,1600
5882.670006,842,1598
5882.675007,848,1598
5882.680007,862,1596
5882.685006,837,1597
5882.690006,825,1593
5882.695005,855,1595
5882.700006,865,1592
5882.705006,828,1594
5882.710006,860,1588
5882.715007,854,1591
5882.720005,839,1588
5882.725006,837,1590
5882.730005,862,1587
5882.735006,845,1590
5882.740006,829,1592
5882.745006,855,1589
5882.750006,868,1586
5882.755005,829,1583
5882.760005,842,1587
5882.765006,861,1584
5882.770007,838,1584
5882.775007,829,1579
5882.780006,882,1581
5882.785006,853,1580
5882.790006,827,1584
5882.795007,869,1568
5882.800005,854,1581
5882.805006,820,1582
5882.810006,835,1584
5882.815005,851,1583
5882.820006,834,1582
5882.825005,827,1586
5882.830005,860,1588
5882.835005,834,1589
5882.840005,845,1590
5882.845006,859,1590
5882.850006,849,1591
5882.855006,837,1585
5882.860005,840,1592
5882.865006,851,1594
5882.870006,841,1591
5882.875006,841,1593
5882.880007,857,1597
5882.885007,850,1586
5882.890006,840,1594
5882.895006,850,1600
5882.900006,853,1598
5882.905006,816,1601
5882.910006,839,1604
5882.915006,871,1600
5882.920007,839,1602
5882.925006,831,1604
5882.930007,856,1607
5882.935006,853,1607
5882.940006,843,1605
5882.945005,861,1610
5882.950006,862,1605
5882.955007,826,1607
5882.960006,843,1609
5882.965006,853,1610
5882.970007,830,1609
5882.975006,833,1610
5882.980005,859,1616
5882.985007,859,1611
5882.990006,832,1612
5882.995005,857,1616
5883.000006,864,1614
5883.005006,834,1603
5883.010005,853,1620
5883.015006,853,1617
5883.020005,820,1619
5883.025005,844,1616
5883.030006,874,1616
5883.035006,848,1617
5883.040007,827,1617
5883.045005,874,1616
5883.050005,855,1617
5883.055007,818,1616
5883.060005,852,1611
5883.065007,861,1610
5883.070007,819,1610
5883.075007,841,1605
5883.080006,857,1606
5883.085006,851,1597
5883.090007,830,1603
5883.095006,855,1604
5883.100006,846,1600
5883.105006,834,1593
5883.110005,863,1594
5883.115005,863,1600
5883.120005,820,1603
5883.125006,841,1598
5883.130006,881,1600
5883.135007,843,1600
5883.140005,821,1601
5883.145007,863,1598
5883.150006,867,1593
5883.155006,832,1598
5883.160005,845,1595
5883.165006,864,1594
5883.170006,820,1590
5883.175006,842,1590
5883.180005,874,1579
5883.185006,853,1586
5883.190006,829,1581
5883.195005,861,1580
5883.200005,848,1581
5883.205006,818,1580
5883.210006,840,1582
5883.215006,873,1577
5883.220007,846,1573
5883.225006,840,1574
5883.230006,861,1581
5883.235006,836,1589
5883.240005,826,1589
5883.245006,874,1588
5883.250006,853,1594
5883.255006,831,1587
5883.260006,855,1596
5883.265005,868,1601
5883.270006,825,1605
5883.275005,825,1607
5883.280006,857,1611
5883.285006,857,1609
5883.290007,829,1609
5883.295005,858,1610
5883.300006,857,1612
5883.305006,825,1611
5883.310006,847,1614
5883.315005,857,1613
5883.320007,828,1612
5883.325006,831,1612
5883.330006,884,1611
5883.335007,857,1607
5883.340006,832,1609
5883.345006,856,1610
5883.350005,853,1610
5883.355007,827,1606
5883.360007,835,1610
5883.365006,868,1606
5883.370007,836,1605
5883.375006,833,1604
5883.380006,868,1604
5883.385007,839,1608
5883.390007,821,1612
5883.395005,879,1608
5883.400007,859,1609
5883.405005,821,1612
5883.410005,864,1609
5883.415006,855,1613
5883.420006,844,1614
5883.425007,841,1614
5883.430007,856,1619
5883.435006,846,1610
5883.440005,827,1616
5883.445006,857,1619
5883.450006,874,1610
5883.455006,829,1601
5883.460007,858,1617
5883.465006,866,1614
5883.470006,819,1616
5883.475006,833,1616
5883.480005,880,1619
5883.485006,862,1617
5883.490005,821,1620
5883.495006,876,1615
5883.500007,866,1619
5883.505006,827,1618
5883.510006,844,1618
5883.515007,855,1621
5883.520005,828,1617
5883.525005,828,1623
5883.530006,878,1619
5883.535006,850,1618
5883.540006,839,1618
5883.545006,867,1616
5883.550006,854,1613
5883.555006,835,1604
5883.560005,859,1609
5883.565007,859,1607
5883.570007,827,1609
5883.575007,831,1606
5883.580007,860,1606
5883.585006,841,1605
5883.590006,846,1606
5883.595007,876,1604
5883.600005,850,1601
5883.605006,829,1606
5883.610005,836,1614
5883.615005,869,1612
5883.620005,827,1612
5883.625005,838,1610
5883.630006,879,1615
5883.635006,852,1617
5883.640007,831,1618
5883.645005,861,1618
5883.650007,869,1618
5883.655006,829,1618
5883.660006,840,1619
5883.665006,861,1610
5883.670007,835,1599
5883.675005,837,1611
5883.680007,866,1609
5883.685006,853,1603
5883.690005,830,1602
5883.695006,859,1599
5883.700006,863,1585
5883.705007,826,1596
5883.710007,858,1592
5883.715006,854,1593
5883.720005,832,1585
5883.725007,832,1593
5883.730007,857,1593
5883.735006,858,1592
5883.740006,837,1597
5883.745005,870,1599
5883.750005,855,1601
5883.755005,837,1598
5883.760005,855,1599
5883.765006,859,1610
5883.770005,812,1611
5883.775006,840,1610
5883.780005,854,1612
5883.785005,846,1614
5883.790005,829,1609
5883.795006,854,1612
5883.800007,866,1611
5883.805005,829,1605
5883.810006,839,1609
5883.815006,867,1608
5883.820006,829,1606
5883.825005,830,1607
5883.830005,875,1601
5883.835005,850,1603
5883.840005,826,1604
5883.845007,873,1600
5883.850006,849,1608
5883.855006,834,1608
5883.860006,854,1610
5883.865006,859,1611
5883.870006,833,1615
5883.875006,831,1617
5883.880006,864,1622
5883.885007,856,1621
5883.890006,845,1622
5883.895006,863,1628
5883.900005,853,1633
5883.905007,843,1628
5883.910007,848,1628
5883.915007,855,1632
5883.920005,840,1628
5883.925005,845,1626
5883.930006,858,1630
5883.935006,858,1623
5883.940006,841,1624
5883.945005,864,1622
5883.950006,857,1619
5883.955006,824,1622
5883.960006,855,1618
5883.965007,861,1619
5883.970007,828,1616
5883.975005,838,1618
5883.980006,864,1620
5883.985006,841,1621
5883.990005,847,1620
5883.995005,868,1621
5884.000006,852,1622
5884.005007,833,1623
5884.010007,854,1626
5884.015007,865,1628
5884.020005,829,1630
5884.025006,834,1629
5884.030006,876,1623
5884.035007,856,1632
5884.040006,825,1631
5884.045006,880,1630
5884.050005,869,1627
5884.055006,827,1629
5884.060005,843,1630
5884.065006,871,1621
5884.070005,825,1627
5884.075006,849,1627
5884.080006,865,1625
5884.085007,856,1624
5884.090006,844,1624
5884.095007,866,1622
5884.100006,847,1624
5884.105006,827,1620
5884.110005,843,1620
5884.115006,870,1619
5884.120005,832,1618
5884.125005,857,1616
5884.130005,873,1616
5884.135005,843,1618
5884.140006,826,1618
5884.145005,882,1615
5884.150006,861,1622
5884.155006,821,1620
5884.160005,866,1617
5884.165005,861,1610
5884.170006,840,1620
5884.175006,843,1620
5884.180006,864,1625
5884.185006,858,1618
5884.190006,829,1623
5884.195005,880,1620
5884.200005,859,1621
5884.205006,825,1620
5884.210005,854,1622
5884.215005,862,1621
5884.220007,844,1614
5884.225007,847,1617
5884.230006,869,1620
5884.235005,840,1623
5884.240006,825,1617
5884.245005,867,1609
5884.250005,868,1610
5884.255005,836,1612
5884.260006,854,1612
5884.265006,863,1609
5884.270005,826,1612
5884.275006,833,1612
5884.280006,865,1611
5884.285005,838,1611
5884.290005,825,1613
5884.295005,858,1608
5884.300005,868,1605
5884.305006,825,1612
5884.310006,844,1606
5884.315005,867,1608
5884.320007,828,1609
5884.325006,848,1610
5884.330006,863,1612
5884.335007,840,1600
5884.340006,840,1608
5884.345006,879,1608
5884.350007,864,1611
5884.355007,826,1610
5884.360007,836,1615
5884.365007,873,1612
5884.370005,834,1615
5884.375005,831,1616
5884.380006,858,1614
5884.385007,856,1614
5884.390005,831,1618
5884.395006,854,1616
5884.400007,853,1619
5884.405006,819,1620
5884.410007,861,1620
5884.415007,862,1618
5884.420006,819,1615
5884.425006,840,1617
5884.430006,866,1622
5884.435006,838,1617
5884.440006,844,1616
5884.445006,867,1618
5884.450006,846,1618
5884.455007,818,1618
5884.460006,842,1614
5884.465006,854,1610
5884.470006,845,1614
5884.475006,852,1611
5884.480006,870,1610
5884.485006,845,1613
5884.490005,829,1611
5884.495006,861,1610
5884.500007,857,1608
5884.505005,818,1611
5884.510006,849,1599
5884.515006,869,1611
5884.520007,824,1611
5884.525006,827,1611
5884.530006,881,1605
5884.535005,846,1605
5884.540005,823,1608
5884.545006,855,1608
5884.550007,851,1604
5884.555006,835,1606
5884.560005,847,1604
5884.565006,874,1602
5884.570007,822,1602
5884.575006,847,1602
5884.580006,858,1600
5884.585007,836,1603
5884.590005,844,1601
5884.595005,869,1602
5884.600006,861,1597
5884.605006,819,1601
5884.610005,857,1602
5884.615005,848,1602
5884.620005,827,1600
5884.625006,828,1602
5884.630006,866,1598
5884.635006,842,1598
5884.640007,841,1599
5884.645005,869,1596
5884.650006,853,1594
5884.655006,827,1596
5884.660006,840,1596
5884.665006,874,1594
5884.670007,834,1595
5884.675006,835,1592
5884.680005,867,1597
5884.685006,838,1599
5884.690005,826,1600
5884.695006,851,1605
5884.700005,856,1603
5884.705006,818,1605
5884.710006,842,1607
5884.715007,877,1607
5884.720006,828,1612
5884.725005,829,1615
5884.730006,858,1612
5884.735007,860,1610
5884.740006,827,1617
5884.745006,875,1616
5884.750006,856,1617
5884.755007,841,1615
5884.760005,842,1623
5884.765007,869,1611
5884.770006,839,1619
5884.775005,833,1624
5884.780006,880,1619
5884.785005,853,1621
5884.790006,842,1624
5884.795006,866,1622
5884.800007,856,1625
5884.805005,819,1628
5884.810006,852,1627
5884.815006,869,1624
5884.820005,831,1627
5884.825006,844,1624
5884.830006,874,1632
5884.835007,847,1630
5884.840007,823,1634
5884.845006,882,1631
5884.850006,859,1633
5884.855006,820,1633
5884.860005,861,1630
5884.865005,857,1635
5884.870005,847,1631
5884.875006,835,1633
5884.880007,858,1633
5884.885006,861,1632
5884.890006,842,1635
5884.895006,862,1631
5884.900005,858,1632
5884.905006,832,1634
5884.910005,841,1633
5884.915005,874,1634
5884.920005,826,1637
5884.925005,829,1637
5884.930006,874,1634
5884.935006,862,1630
5884.940006,832,1633
5884.945006,861,1633
5884.950006,867,1632
5884.955007,832,1631
5884.960006,847,1632
5884.965006,857,1631
5884.970007,826,1625
5884.975007,845,1631
5884.980007,867,1628
5884.985006,842,1629
5884.990005,850,1628
5884.995006,871,1628
5885.000006,854,1627
5885.005006,820,1625
5885.010006,842,1626
5885.015007,870,1626
5885.020005,845,1626
5885.025006,848,1622
5885.030005,861,1624
5885.035005,861,1618
5885.040005,832,1623
5885.045006,856,1618
5885.050006,854,1618
5885.055006,824,1619
5885.060006,866,1611
5885.065005,862,1619
5885.070007,833,1614
5885.075006,833,1619
5885.080006,857,1622
5885.085007,859,1615
5885.090006,838,1618
5885.095007,874,1613
5885.100006,849,1614
5885.105005,841,1616
5885.110005,835,1620
5885.115005,861,1615
5885.120006,829,1615
5885.125006,829,1619
5885.130007,859,1617
5885.135005,841,1611
5885.140006,841,1611
5885.145005,868,1611
5885.150006,874,1606
5885.155006,821,1607
5885.160006,858,1608
5885.165006,856,1605
5885.170006,842,1601
5885.175006,836,1606
5885.180006,856,1607
5885.185006,853,1602
5885.190006,828,1602
5885.195005,869,1596
5885.200006,854,1601
5885.205007,824,1596
5885.210005,841,1598
5885.215006,875,1601
5885.220007,822,1599
5885.225005,840,1601
5885.230006,857,1601
5885.235006,849,1601
5885.240006,822,1601
5885.245005,873,1597
5885.250006,852,1601
5885.255006,837,1595
5885.260006,843,1602
5885.265006,854,1597
5885.270005,840,1596
5885.275006,831,1598
5885.280006,875,1597
5885.285005,834,1603
5885.290005,822,1601
5885.295005,857,1603
5885.300005,848,1600
5885.305006,837,1604
5885.310006,841,1610
5885.315005,870,1601
5885.320006,821,1606
5885.325005,842,1613
5885.330006,853,1611
5885.335006,847,1610
5885.340006,841,1612
5885.345007,864,1613
5885.350005,864,1613
5885.355006,824,1619
5885.360006,840,1619
5885.365006,850,1618
5885.370006,843,1616
5885.375007,840,1622
5885.380007,867,1624
5885.385006,834,1630
5885.390007,839,1621
5885.395006,858,1626
5885.400005,865,1616
5885.405007,836,1632
5885.410007,843,1629
5885.415006,874,1626
5885.420006,839,1625
5885.425007,832,1628
5885.430005,856,1626
5885.435007,845,1624
5885.440007,825,1625
5885.445006,878,1622
5885.450005,860,1626
5885.455005,817,1623
5885.460005,839,1624
5885.465006,850,1631
5885.470006,842,1624
5885.475006,844,1624
5885.480006,876,1624
5885.485005,843,1625
5885.490005,822,1629
5885.495005,867,1625
5885.500006,852,1628
5885.505007,846,1627
5885.510006,854,1630
5885.515005,854,1631
5885.520006,834,1631
5885.525006,832,1629
5885.530006,860,1633
5885.535006,853,1630
5885.540007,842,1627
5885.545005,873,1629
5885.550005,864,1629
5885.555007,823,1633
5885.560006,858,1632
5885.565007,858,1630
5885.570006,822,1632
5885.575005,859,1626
5885.580005,862,1626
5885.585006,837,1633
5885.590007,838,1631
5885.595006,861,1628
5885.600005,857,1629
5885.605007,841,1626
5885.610007,850,1625
5885.615007,878,1625
5885.620006,821,1627
5885.625006,851,1625
5885.630006,861,1624
5885.635006,856,1620
5885.640006,836,1620
5885.645005,857,1621
5885.650006,870,1618
5885.655005,829,1620
5885.660005,843,1618
5885.665005,866,1617
5885.670005,826,1616
5885.675006,831,1617
5885.680006,874,1615
5885.685005,848,1611
5885.690007,840,1601
5885.695007,855,1614
5885.700006,862,1610
5885.705006,822,1613
5885.710007,842,1612
5885.715005,874,1610
5885.720006,820,1613
5885.725005,830,1612
5885.730007,871,1608
5885.735007,836,1612
5885.740006,840,1610
5885.745006,864,1608
5885.750007,849,1610
5885.755006,837,1610
5885.760006,860,1608
5885.765006,869,1609
5885.770005,831,1611
5885.775007,848,1609
5885.780006,862,1610
5885.785005,849,1608
5885.790006,826,1606
5885.795007,873,1609
5885.800005,864,1598
5885.805006,830,1609
5885.810006,861,1603
5885.815005,855,1610
5885.820007,817,1609
5885.825006,839,1608
5885.830006,873,1604
5885.835006,846,1608
5885.840007,830,1610
5885.845005,878,1608
5885.850007,858,1610
5885.855007,823,1605
5885.860006,853,1611
5885.865005,852,1611
5885.870005,842,1610
5885.875005,835,1615
5885.880005,883,1608
5885.885005,847,1612
5885.890006,841,1606
5885.895006,859,1610
5885.900005,868,1613
5885.905007,826,1617
5885.910006,858,1616
5885.915007,859,1616
5885.920005,819,1618
5885.925005,830,1616
5885.930006,858,1619
5885.935006,854,1616
5885.940005,841,1618
5885.945007,873,1615
5885.950006,852,1618
5885.955006,821,1620
5885.960006,863,1617
5885.965007,865,1616
5885.970006,822,1617
5885.975006,828,1619
5885.980006,873,1615
5885.985005,838,1614
5885.990005,822,1617
5885.995005,878,1610
5886.000005,853,1612
5886.005006,822,1609
5886.010007,850,1609
5886.015007,854,1606
5886.020005,826,1603
5886.025006,843,1600
5886.030005,864,1592
5886.035005,853,1599
5886.040005,826,1599
5886.045005,868,1593
5886.050006,868,1596
5886.055007,828,1600
5886.060006,837,1602
5886.065006,851,1602
5886.070005,820,1606
5886.075005,843,1600
5886.080006,867,1600
5886.085007,840,1597
5886.090006,838,1589
5886.095007,870,1595
5886.100006,858,1597
5886.105007,814,1593
5886.110006,857,1587
5886.115005,858,1585
5886.120005,822,1582
5886.125005,825,1583
5886.130006,879,1580
5886.135006,838,1580
5886.140006,823,1578
5886.145005,851,1578
5886.150007,852,1578
5886.155006,827,1570
5886.160005,856,1577
5886.165005,850,1582
5886.170005,814,1579
5886.175006,844,1582
5886.180006,873,1580
5886.185005,839,1586
5886.190006,824,1587
5886.195005,878,1582
5886.200005,848,1586
5886.205005,812,1592
5886.210006,852,1591
5886.215006,851,1593
5886.220007,838,1590
5886.225006,832,1593
5886.230005,856,1584
5886.235007,850,1592
5886.240006,831,1594
5886.245005,852,1597
5886.250005,871,1594
5886.255005,820,1599
5886.260006,859,1597
5886.265006,854,1598
5886.270005,830,1596
5886.275006,843,1598
5886.280005,863,1601
5886.285006,850,1597
5886.290006,838,1601
5886.295006,857,1603
5886.300007,853,1605
5886.305006,835,1602
5886.310005,856,1603
5886.315006,857,1605
5886.320006,820,1604
5886.325005,843,1611
5886.330005,862,1612
5886.335005,834,1616
5886.340005,830,1614
5886.345007,862,1616
5886.350006,850,1619
5886.355006,823,1616
5886.360005,863,1617
5886.365005,870,1621
5886.370005,826,1624
5886.375005,828,1626
5886.380005,873,1624
5886.385005,858,1626
5886.390006,833,1625
5886.395006,872,1620
5886.400005,862,1628
5886.405006,829,1627
5886.410006,845,1634
5886.415006,864,1630
5886.420007,830,1632
5886.425005,833,1634
5886.430006,878,1633
5886.435007,838,1639
5886.440006,845,1633
5886.445005,862,1636
5886.450006,851,1640
5886.455006,819,1639
5886.460006,841,1637
5886.465006,876,1638
5886.470006,841,1636
5886.475006,846,1638
5886.480005,862,1640
5886.485006,855,1637
5886.490005,842,1636
5886.495006,874,1634
5886.500006,852,1635
5886.505005,819,1634
5886.510005,856,1624
5886.515006,852,1633
5886.520005,836,1619
5886.525006,846,1627
5886.530005,870,1625
5886.535005,845,1626
5886.540006,822,1628
5886.545007,873,1611
5886.550005,862,1621
5886.555007,821,1622
5886.560005,855,1622
5886.565006,866,1620
5886.570006,819,1626
5886.575006,845,1621
5886.580007,867,1622
5886.585007,839,1622
5886.590005,847,1619
5886.595006,876,1619
5886.600006,857,1613
5886.605006,816,1621
5886.610007,854,1619
5886.615007,853,1620
5886.620007,821,1617
5886.625007,841,1620
5886.630006,872,1617
5886.635007,837,1622
5886.640006,829,1617
5886.645005,875,1617
5886.650006,859,1617
5886.655005,819,1618
5886.660005,858,1615
5886.665005,856,1617
5886.670005,839,1612
5886.675005,844,1614
5886.680007,858,1617
5886.685006,840,1615
5886.690005,824,1616
5886.695007,879,1617
5886.700006,864,1614
5886.705006,824,1615
5886.710006,839,1616
5886.715007,879,1614
5886.720006,840,1616
5886.725006,845,1618
5886.730006,859,1615
5886.735005,845,1613
5886.740006,831,1614
5886.745006,856,1619
5886.750006,851,1615
5886.755006,846,1611
5886.760007,859,1601
5886.765006,855,1611
5886.770005,820,1611
5886.775007,853,1607
5886.780007,869,1605
5886.785006,836,1603
5886.790006,837,1606
5886.795006,854,1601
5886.800006,848,1604
5886.805007,821,1602
5886.810006,865,1602
5886.815006,861,1600
5886.820006,820,1601
5886.825005,846,1598
5886.830005,868,1598
5886.835005,853,1596
5886.840006,835,1595
5886.845007,862,1594
5886.850006,851,1595
5886.855005,825,1593
5886.860007,853,1595
5886.865007,853,1599
5886.870007,837,1593
5886.875007,849,1594
5886.880005,872,1593
5886.885006,848,1597
5886.890007,834,1594
5886.895005,866,1597
5886.900006,868,1593
5886.905006,832,1588
5886.910005,854,1595
5886.915005,849,1601
5886.920006,819,1597
5886.925006,839,1594
5886.930007,877,1597
5886.935006,838,1601
5886.940005,821,1595
5886.945006,868,1600
5886.950007,851,1601
5886.955007,834,1598
5886.960006,841,1600
5886.965006,853,1602
5886.970006,843,1603
5886.975005,832,1603
5886.980006,860,1604
5886.985005,840,1600
5886.990005,826,1607
5886.995006,876,1607
5887.000007,859,1601
5887.005006,827,1602
5887.010006,849,1604
5887.015007,859,1606
5887.020005,823,1606
5887.025006,831,1606
5887.030006,880,1605
5887.035005,849,1611
5887.040005,829,1607
5887.045006,861,1608
5887.050006,848,1610
5887.055005,839,1608
5887.060006,848,1611
5887.065006,852,1610
5887.070005,841,1610
5887.075005,835,1617
5887.080005,866,1610
5887.085006,844,1609
5887.090006,819,1608
5887.095006,871,1603
5887.100005,849,1600
5887.105006,831,1605
5887.110006,837,1599
5887.115005,869,1601
5887.120006,831,1600
5887.125007,832,1602
5887.130007,853,1605
5887.135006,833,1601
5887.140006,835,1597
5887.145005,855,1595
5887.150006,845,1592
5887.155005,841,1589
5887.160005,851,1593
5887.165006,851,1591
5887.170006,816,1591
5887.175005,835,1587
5887.180006,864,1574
5887.185005,853,1585
5887.190006,835,1584
5887.195006,857,1583
5887.200005,859,1580
5887.205005,824,1581
5887.210005,835,1580
5887.215006,850,1578
5887.220006,830,1570
5887.225007,836,1573
5887.230006,863,1574
5887.235005,833,1572
5887.240006,842,1573
5887.245006,864,1571
5887.250006,842,1574
5887.255007,828,1571
5887.260006,841,1571
5887.265007,853,1572
5887.270006,816,1576
5887.275006,844,1575
5887.280005,863,1579
5887.285006,836,1577
5887.290007,843,1579
5887.295005,873,1581
5887.300006,863,1580
5887.305007,830,1582
5887.310006,851,1585
5887.315006,861,1586
5887.320006,821,1588
5887.325005,841,1588
5887.330005,859,1592
5887.335005,854,1590
5887.340006,840,1590
5887.345006,864,1592
5887.350005,850,1596
5887.355006,821,1595
5887.360006,859,1594
5887.365006,873,1595
5887.370005,824,1598
5887.375005,826,1603
5887.380006,874,1596
5887.385007,855,1603
5887.390005,834,1604
5887.395006,862,1603
5887.400006,854,1606
5887.405005,836,1606
5887.410006,851,1612
5887.415006,872,1613
5887.420006,825,1612
5887.425006,843,1610
5887.430006,861,1619
5887.435005,841,1618
5887.440007,825,1627
5887.445006,876,1623
5887.450005,865,1627
5887.455005,830,1630
5887.460005,854,1631
5887.465006,868,1630
5887.470006,827,1635
5887.475005,834,1638
5887.480006,881,1636
5887.485005,853,1638
5887.490006,833,1640
5887.495005,864,1639
5887.500005,856,1639
5887.505005,844,1638
5887.510005,858,1640
5887.515007,865,1639
5887.520005,831,1641
5887.525005,833,1641
5887.530006,882,1640
5887.535005,861,1636
5887.540006,841,1639
5887.545007,866,1637
5887.550006,860,1637
5887.555006,825,1641
5887.560006,864,1638
5887.565005,865,1641
5887.570007,825,1642
5887.575006,855,1635
5887.580006,881,1640
5887.585006,850,1639
5887.590006,826,1642
5887.595006,876,1642
5887.600005,864,1643
5887.605005,826,1641
5887.610006,863,1645
5887.615005,870,1641
5887.620006,824,1642
5887.625006,835,1637
5887.630006,874,1632
5887.635006,848,1636
5887.640007,844,1630
5887.645005,861,1636
5887.650006,855,1632
5887.655006,843,1633
5887.660006,846,1630
5887.665007,856,1631
5887.670005,825,1629
5887.675005,846,1625
5887.680007,867,1630
5887.685007,844,1624
5887.690006,826,1621
5887.695006,885,1620
5887.700005,864,1623
5887.705005,829,1621
5887.710005,867,1615
5887.715005,857,1619
5887.720006,840,1614
5887.725007,839,1614
5887.730007,857,1618
5887.735006,855,1614
5887.740006,840,1612
5887.745006,876,1612
5887.750007,861,1612
5887.755006,817,1613
5887.760006,864,1614
5887.765007,869,1613
5887.770006,830,1610
5887.775005,852,1605
5887.780007,875,1608
5887.785007,857,1606
5887.790006,827,1611
5887.795006,867,1605
5887.800006,852,1605
5887.805006,828,1600
5887.810005,848,1598
5887.815007,856,1602
5887.820006,823,1596
5887.825006,843,1595
5887.830007,861,1592
5887.835005,854,1588
5887.840005,833,1589
5887.845007,860,1590
5887.850005,868,1585
5887.855006,824,1585
5887.860006,844,1582
5887.865006,857,1583
5887.870006,832,1580
5887.875007,836,1582
5887.880005,861,1581
5887.885006,855,1577
5887.890006,817,1582
5887.895006,853,1584
5887.900005,844,1584
5887.905007,822,1570
5887.910007,835,1583
5887.915007,852,1582
5887.920006,819,1582
5887.925006,849,1581
5887.930006,870,1579
5887.935005,838,1584
5887.940007,820,1583
5887.945006,856,1577
5887.950006,854,1585
5887.955006,821,1583
5887.960007,839,1587
5887.965005,853,1588
5887.970007,829,1577
5887.975006,842,1587
5887.980005,860,1590
5887.985007,834,1591
5887.990006,834,1584
5887.995006,877,1590
5888.000006,853,1592
5888.005006,818,1595
5888.010006,855,1595
5888.015006,868,1596
5888.020005,829,1584
5888.025006,847,1596
5888.030007,878,1600
5888.035006,847,1598
5888.040007,830,1602
5888.045006,862,1602
5888.050006,871,1601
5888.055006,819,1598
5888.060006,849,1602
5888.065005,862,1604
5888.070007,824,1604
5888.075007,833,1602
5888.080006,871,1595
5888.085007,835,1599
5888.090005,841,1600
5888.095006,856,1604
5888.100007,851,1599
5888.105007,838,1597
5888.110006,861,1597
5888.115006,862,1596
5888.120005,825,1594
5888.125006,826,1594
5888.130007,874,1582
5888.135005,853,1586
5888.140007,832,1590
5888.145005,865,1591
5888.150006,858,1592
5888.155005,820,1590
5888.160005,856,1589
5888.165006,857,1590
5888.170007,822,1591
5888.175005,839,1594
5888.180007,856,1596
5888.185006,834,1599
5888.190006,824,1597
5888.195006,875,1596
5888.200005,867,1597
5888.205005,826,1597
5888.210005,836,1602
5888.215006,854,1599
5888.220007,822,1595
5888.225005,843,1592
5888.230006,867,1598
5888.235005,854,1597
5888.240006,831,1590
5888.245006,874,1595
5888.250006,857,1599
5888.255007,817,1601
5888.260005,835,1601
5888.265007,851,1601
5888.270007,834,1599
5888.275006,826,1602
5888.280006,877,1598
5888.285006,840,1599
5888.290006,826,1600
5888.295006,879,1594
5888.300006,860,1596
5888.305007,824,1593
5888.310007,847,1593
5888.315006,854,1592
5888.320005,824,1593
5888.325006,824,1596
5888.330006,860,1591
5888.335006,856,1589
5888.340006,836,1589
5888.345007,856,1592
5888.350007,853,1592
5888.355005,833,1587
5888.360007,854,1592
5888.365006,859,1593
5888.370005,819,1592
5888.375005,830,1595
5888.380006,854,1597
5888.385007,830,1596
5888.390005,820,1597
5888.395006,875,1597
5888.400006,846,1602
5888.405006,833,1603
5888.410006,852,1604
5888.415007,861,1605
5888.420006,816,1610
5888.425006,848,1609
5888.430006,867,1609
5888.435006,853,1609
5888.440006,827,1613
5888.445007,853,1617
5888.450005,867,1613
5888.455005,825,1614
5888.460006,837,1620
5888.465006,851,1616
5888.470005,843,1613
5888.475006,836,1615
5888.480005,858,1615
5888.485006,860,1613
5888.490007,840,1613
5888.495006,863,1615
5888.500007,855,1613
5888.505005,835,1605
5888.510005,861,1611
5888.515007,854,1611
5888.520006,833,1610
5888.525005,833,1607
5888.530007,858,1608
5888.535005,854,1599
5888.540005,835,1589
5888.545005,871,1603
5888.550006,853,1603
5888.555007,819,1602
5888.560005,845,1604
5888.565007,875,1600
5888.570005,846,1600
5888.575005,846,1600
5888.580006,866,1600
5888.585007,860,1596
5888.590007,822,1603
5888.595005,876,1602
5888.600005,863,1602
5888.605006,818,1609
5888.610006,853,1603
5888.615005,855,1610
5888.620005,821,1610
5888.625005,853,1608
5888.630006,876,1608
5888.635006,850,1611
5888.640006,836,1611
5888.645005,858,1615
5888.650006,867,1614
5888.655006,828,1619
5888.660005,848,1618
5888.665005,860,1618
5888.670005,825,1620
5888.675005,847,1613
5888.680006,873,1619
5888.685005,853,1610
5888.690006,847,1619
5888.695007,871,1624
5888.700007,868,1622
5888.705007,821,1621
5888.710006,843,1625
5888.715006,863,1622
5888.720006,834,1623
5888.725006,836,1633
5888.730005,879,1625
5888.735006,844,1626
5888.740006,828,1630
5888.745006,875,1629
5888.750006,863,1630
5888.755006,822,1633
5888.760006,862,1630
5888.765006,863,1629
5888.770007,831,1631
5888.775006,830,1631
5888.780005,868,1629
5888.785006,842,1627
5888.790007,830,1630
5888.795005,878,1626
5888.800005,864,1624
5888.805006,829,1629
5888.810005,869,1624
5888.815007,853,1629
5888.820007,841,1622
5888.825007,838,1624
5888.830006,871,1622
5888.835007,837,1622
5888.840006,843,1618
5888.845007,872,1618
5888.850006,847,1623
5888.855006,821,1618
5888.860005,842,1618
5888.865006,857,1614
5888.870005,833,1613
5888.875005,830,1614
5888.880005,874,1610
5888.885005,842,1611
5888.890007,825,1609
5888.895005,880,1608
5888.900006,866,1604
5888.905006,827,1604
5888.910005,840,1604
5888.915005,873,1602
5888.920006,823,1605
5888.925006,848,1606
5888.930006,877,1603
5888.935005,840,1602
5888.940006,829,1606
5888.945006,871,1601
5888.950005,860,1601
5888.955005,819,1605
5888.960005,853,1594
5888.965006,864,1598
5888.970007,829,1601
5888.975006,849,1597
5888.980006,868,1599
5888.985005,847,1596
5888.990005,827,1597
5888.995005,872,1585
5889.000005,854,1596
5889.005005,820,1596
5889.010005,853,1596
5889.015007,856,1599
5889.020005,843,1597
5889.025007,848,1596
5889.030006,874,1596
5889.035006,842,1597
5889.040006,825,1603
5889.045007,868,1597
5889.050006,864,1596
5889.055006,829,1597
5889.060006,858,1595
5889.065006,854,1602
5889.070006,842,1600
5889.075006,833,1597
5889.080007,874,1593
5889.085005,851,1597
5889.090005,843,1598
5889.095006,869,1599
5889.100006,854,1599
5889.105006,832,1601
5889.110005,844,1604
5889.115005,858,1601
5889.120006,826,1602
5889.125006,842,1602
5889.130006,875,1601
5889.135007,841,1602
5889.140006,834,1605
5889.145006,869,1607
5889.150005,845,1607
5889.155007,841,1602
5889.160007,836,1609
5889.165006,869,1601
5889.170006,835,1607
5889.175006,843,1609
5889.180006,870,1603
5889.185006,851,1609
5889.190006,827,1609
5889.195006,860,1606
5889.200006,867,1601
5889.205006,829,1608
5889.210006,839,1611
5889.215007,867,1608
5889.220006,826,1609
5889.225005,848,1612
5889.230006,862,1612
5889.235005,837,1611
5889.240005,843,1609
5889.245005,879,1608
5889.250006,865,1610
5889.255005,827,1611
5889.260005,842,1612
5889.265007,854,1614
5889.270007,826,1612
5889.275006,838,1609
5889.280005,860,1611
5889.285006,854,1610
5889.290006,838,1613
5889.295006,862,1612
5889.300006,870,1611
5889.305006,820,1613
5889.310007,856,1598
5889.315006,870,1611
5889.320006,834,1610
5889.325006,830,1608
5889.330005,863,1607
5889.335005,852,1606
5889.340006,827,1606
5889.345006,859,1608
5889.350006,862,1606
5889.355007,830,1598
5889.360006,850,1605
5889.365006,863,1606
5889.370006,830,1605
5889.375006,831,1608
5889.380006,856,1608
5889.385007,835,1611
5889.390005,820,1612
5889.395007,879,1607
5889.400007,863,1611
5889.405006,834,1614
5889.410006,842,1613
5889.415006,864,1607
5889.420006,835,1615
5889.425006,835,1613
5889.430007,855,1609
5889.435007,851,1610
5889.440007,835,1615
5889.445006,862,1616
5889.450005,868,1616
5889.455005,816,1622
5889.460005,864,1612
5889.465006,869,1617
5889.470006,827,1617
5889.475006,837,1607
5889.480005,864,1619
5889.485006,836,1620
5889.490006,843,1619
5889.495007,862,1621
5889.500007,870,1610
5889.505006,828,1620
5889.510006,843,1621
5889.515005,856,1621
5889.520006,845,1620
5889.525006,847,1617
5889.530005,869,1620
5889.535006,855,1618
5889.540007,844,1617
5889.545005,873,1626
5889.550005,859,1621
5889.555006,830,1621
5889.560005,845,1624
5889.565007,868,1620
5889.570006,820,1621
5889.575005,853,1618
5889.580005,879,1614
5889.585005,842,1614
5889.590005,826,1617
5889.595007,860,1616
5889.600006,876,1615
5889.605006,841,1610
5889.610006,843,1615
5889.615006,873,1615
5889.620005,836,1612
5889.625006,841,1614
5889.630007,865,1616
5889.635005,834,1619
5889.640007,845,1613
5889.645006,855,1616
5889.650005,848,1614
5889.655005,819,1618
5889.660006,864,1609
5889.665007,865,1613
5889.670005,826,1613
5889.675006,831,1615
5889.680006,863,1610
5889.685005,860,1609
5889.690006,829,1614
5889.695006,861,1614
5889.700006,851,1612
5889.705007,817,1613
5889.710005,839,1614
5889.715006,867,1610
5889.720006,832,1611
5889.725006,833,1613
5889.730005,865,1614
5889.735006,856,1611
5889.740006,836,1612
5889.745006,864,1612
5889.750006,852,1614
5889.755006,819,1612
5889.760006,861,1611
5889.765006,866,1611
5889.770005,830,1613
5889.775006,828,1618
5889.780006,874,1613
5889.785005,836,1613
5889.790005,822,1615
5889.795005,874,1610
5889.800006,851,1611
5889.805006,823,1610
5889.810005,839,1605
5889.815006,871,1600
5889.820005,845,1603
5889.825005,831,1604
5889.830005,868,1598
5889.835006,854,1600
5889.840006,835,1598
5889.845006,868,1593
5889.850005,859,1595
5889.855006,825,1594
5889.860005,838,1601
5889.865005,853,1594
5889.870005,818,1589
5889.875006,844,1588
5889.880005,867,1586
5889.885005,841,1587
5889.890007,837,1585
5889.895007,856,1588
5889.900006,850,1574
5889.905005,834,1585
5889.910005,854,1586
5889.915005,852,1586
5889.920005,819,1585
5889.925006,830,1586
5889.930006,854,1590
5889.935006,834,1588
5889.940005,841,1588
5889.945006,861,1589
5889.950006,856,1588
5889.955006,820,1592
5889.960005,848,1591
5889.965006,849,1593
5889.970006,823,1590
5889.975005,845,1587
5889.980006,865,1590
5889.985006,833,1596
5889.990005,826,1596
5889.995005,861,1597
5890.000006,844,1602
5890.005006,833,1594
5890.010007,860,1598
5890.015005,846,1602
5890.020006,839,1602
5890.025005,847,1602
5890.030007,873,1606
5890.035007,836,1606
5890.040006,842,1604
5890.045007,875,1606
5890.050007,861,1610
5890.055006,835,1608
5890.060005,844,1612
5890.065006,856,1602
5890.070006,837,1614
5890.075005,831,1615
5890.080005,858,1613
5890.085005,838,1612
5890.090006,847,1610
5890.095007,858,1615
5890.100006,872,1609
5890.105006,830,1614
5890.110005,848,1613
5890.115006,856,1612
5890.120006,822,1610
5890.125006,839,1612
5890.130007,861,1610
5890.135006,851,1602
5890.140006,825,1601
5890.145006,875,1610
5890.150006,860,1605
5890.155006,818,1609
5890.160005,857,1604
5890.165005,856,1608
5890.170005,818,1610
5890.175005,844,1604
5890.180007,860,1606
5890.185007,840,1608
5890.190006,830,1603
5890.195006,862,1593
5890.200006,867,1603
5890.205006,838,1603
5890.210005,848,1601
5890.215005,852,1600
5890.220007,840,1599
5890.225006,836,1597
5890.230006,858,1597
5890.235005,848,1595
5890.240005,832,1595
5890.245006,864,1596
5890.250007,854,1590
5890.255006,831,1592
5890.260006,848,1590
5890.265006,864,1590
5890.270005,825,1590
5890.275006,829,1592
5890.280005,870,1584
5890.285006,830,1594
5890.290007,829,1592
5890.295005,853,1595
5890.300005,867,1590
5890.305006,832,1584
5890.310006,852,1590
5890.315006,863,1594
5890.320005,822,1590
5890.325005,838,1593
5890.330006,873,1595
5890.335006,852,1593
5890.340006,834,1595
5890.345006,860,1595
5890.350006,855,1595
5890.355005,824,1598
5890.360007,845,1598
5890.365006,855,1601
5890.370005,818,1600
5890.375005,845,1596
5890.380006,861,1604
5890.385007,839,1604
5890.390006,822,1602
5890.395006,875,1604
5890.400005,871,1602
5890.405006,834,1603
5890.410006,844,1606
5890.415006,850,1606
5890.420007,820,1604
5890.425006,848,1603
5890.430007,870,1605
5890.435005,842,1603
5890.440006,828,1608
5890.445006,863,1608
5890.450005,855,1606
5890.455006,822,1608
5890.460007,841,1606
5890.465006,874,1602
5890.470007,816,1604
5890.475007,849,1600
5890.480007,873,1600
5890.485006,848,1590
5890.490005,821,1602
5890.495006,855,1588
5890.500006,864,1586
5890.505007,816,1601
5890.510006,858,1597
5890.515007,862,1598
5890.520005,824,1606
5890.525007,828,1603
5890.530006,856,1605
5890.535006,853,1606
5890.540006,841,1609
5890.545006,872,1610
5890.550007,861,1611
5890.555005,834,1613
5890.560006,842,1618
5890.565006,877,1613
5890.570005,836,1618
5890.575006,835,1618
5890.580007,858,1617
5890.585007,851,1623
5890.590007,822,1632
5890.595006,877,1627
5890.600005,852,1631
5890.605006,820,1634
5890.610005,862,1633
5890.615006,860,1631
5890.620005,841,1633
5890.625005,850,1634
5890.630005,871,1634
5890.635006,841,1631
5890.640007,843,1625
5890.645006,875,1632
5890.650005,871,1635
5890.655007,835,1636
5890.660006,845,1638
5890.665006,857,1637
5890.670006,848,1635
5890.675007,845,1635
5890.680006,872,1630
5890.685005,838,1640
5890.690007,851,1637
5890.695007,864,1637
5890.700006,872,1640
5890.705007,828,1643
5890.710005,844,1647
5890.715006,859,1643
5890.720006,829,1646
5890.725005,857,1638
5890.730006,880,1641
5890.735005,847,1641
5890.740006,831,1644
5890.745006,861,1644
5890.750007,869,1641
5890.755006,826,1642
5890.760007,860,1642
5890.765006,870,1640
5890.770005,842,1640
5890.775006,832,1637
5890.780007,868,1632
5890.785007,848,1624
5890.790006,828,1636
5890.795006,862,1635
5890.800007,877,1629
5890.805006,840,1629
5890.810006,854,1629
5890.815006,863,1628
5890.820005,826,1629
5890.825005,850,1626
5890.830005,881,1623
5890.835006,851,1623
5890.840007,841,1623
5890.845005,869,1622
5890.850007,858,1621
5890.855006,842,1620
5890.860005,853,1620
5890.865005,857,1619
5890.870005,823,1617
5890.875006,849,1606
5890.880006,873,1614
5890.885006,856,1609
5890.890006,836,1602
5890.895005,856,1610
5890.900006,848,1601
5890.905006,840,1603
5890.910006,857,1603
5890.915006,870,1602
5890.920007,832,1601
5890.925006,845,1599
5890.930006,880,1594
5890.935006,848,1595
5890.940006,825,1593
5890.945006,867,1591
5890.950005,859,1592
5890.955005,833,1589
5890.960005,854,1586
5890.965006,861,1585
5890.970007,824,1584
5890.975005,829,1585
5890.980006,880,1581
5890.985006,854,1579
5890.990006,831,1579
5890.995005,861,1581
5891.000005,861,1576
5891.005006,830,1577
5891.010006,838,1581
5891.015005,864,1567
5891.020006,829,1575
5891.025005,832,1573
5891.030006,852,1573
5891.035006,832,1569
5891.040007,827,1555
5891.045005,869,1569
5891.050005,865,1567
5891.055006,833,1565
5891.060005,846,1565
5891.065006,854,1566
5891.070006,817,1565
5891.075006,842,1566
5891.080006,851,1571
5891.085006,831,1568
5891.090006,836,1565
5891.095006,871,1565
5891.100006,850,1564
5891.105006,819,1568
5891.110005,842,1568
5891.115006,867,1569
5891.120006,826,1567
5891.125006,828,1570
5891.130007,872,1567
5891.135007,834,1573
5891.140006,837,1572
5891.145005,859,1565
5891.150007,857,1577
5891.155005,829,1577
5891.160005,842,1582
5891.165005,852,1585
5891.170006,817,1589
5891.175006,824,1586
5891.180007,873,1584
5891.185005,851,1594
5891.190007,825,1594
5891.195006,860,1595
5891.200005,848,1602
5891.205005,817,1602
5891.210005,856,1600
5891.215005,856,1605
5891.220007,842,1604
5891.225005,844,1610
5891.230007,867,1604
5891.235007,841,1608
5891.240005,820,1612
5891.245005,875,1609
5891.250005,856,1613
5891.255005,817,1614
5891.260005,840,1619
5891.265006,857,1618
5891.270006,844,1618
5891.275005,825,1620
5891.280006,876,1619
5891.285005,846,1620
5891.290005,835,1622
5891.295005,866,1627
5891.300006,847,1626
5891.305007,838,1625
5891.310007,858,1631
5891.315006,861,1634
5891.320005,837,1631
5891.325005,844,1638
5891.330006,864,1637
5891.335006,847,1639
5891.340006,833,1643
5891.345006,860,1644
5891.350005,872,1642
5891.355006,834,1635
5891.360006,856,1648
5891.365005,872,1647
5891.370005,842,1646
5891.375006,830,1654
5891.380006,876,1651
5891.385006,845,1651
5891.390006,828,1653
5891.395005,880,1655
5891.400006,863,1652
5891.405005,837,1651
5891.410005,861,1653
5891.415006,860,1652
5891.420007,824,1653
5891.425006,835,1653
5891.430006,867,1649
5891.435006,861,1647
5891.440005,837,1645
5891.445006,881,1644
5891.450005,875,1642
5891.455005,840,1641
5891.460005,847,1642
5891.465006,869,1639
5891.470006,830,1639
5891.475006,853,1630
5891.480007,871,1637
5891.485005,855,1636
5891.490005,835,1635
5891.495005,875,1635
5891.500005,861,1633
5891.505005,828,1635
5891.510005,870,1627
5891.515006,873,1632
5891.520005,832,1631
5891.525006,844,1628
5891.530006,864,1636
5891.535005,846,1632
5891.540005,833,1631
5891.545006,878,1627
5891.550006,865,1627
5891.555006,834,1628
5891.560005,853,1625
5891.565006,854,1625
5891.570006,848,1617
5891.575006,834,1621
5891.580007,883,1616
5891.585005,850,1615
5891.590006,831,1616
5891.595006,865,1612
5891.600005,850,1609
5891.605007,844,1608
5891.610006,858,1605
5891.615005,867,1606
5891.620005,820,1609
5891.625005,836,1599
5891.630005,860,1601
5891.635005,838,1598
5891.640007,845,1598
5891.645005,875,1598
5891.650006,858,1596
5891.655006,819,1594
5891.660005,857,1593
5891.665005,868,1596
5891.670005,817,1597
5891.675006,846,1586
5891.680006,861,1597
5891.685006,836,1599
5891.690005,835,1587
5891.695007,872,1599
5891.700006,852,1600
5891.705007,835,1600
5891.710006,855,1600
5891.715007,871,1600
5891.720005,836,1599
5891.725006,830,1603
5891.730005,864,1605
5891.735006,837,1603
5891.740006,824,1608
5891.745005,876,1607
5891.750006,869,1603
5891.755006,831,1604
5891.760006,844,1606
5891.765007,876,1602
5891.770006,834,1606
5891.775006,837,1605
5891.780005,860,1611
5891.785005,858,1613
5891.790005,827,1613
5891.795005,883,1611
5891.800005,862,1614
5891.805005,822,1615
5891.810006,844,1618
5891.815006,872,1603
5891.820006,830,1617
5891.825006,831,1620
5891.830007,881,1616
5891.835005,849,1616
5891.840006,836,1615
5891.845006,871,1618
5891.850005,858,1610
5891.855007,840,1616
5891.860007,856,1619
5891.865006,859,1618
5891.870005,824,1621
5891.875005,832,1622
5891.880005,874,1615
5891.885005,837,1624
5891.890007,843,1620
5891.895005,865,1625
5891.900007,859,1632
5891.905005,842,1631
5891.910005,859,1630
5891.915005,863,1632
5891.920005,824,1634
5891.925006,854,1634
5891.930007,883,1632
5891.935006,854,1635
5891.940005,826,1638
5891.945006,866,1638
5891.950005,860,1638
5891.955005,829,1639
5891.960005,867,1639
5891.965005,870,1637
5891.970007,840,1638
5891.975006,838,1634
5891.980007,867,1635
5891.985006,849,1625
5891.990006,846,1633
5891.995005,875,1631
5892.000005,868,1629
5892.005005,830,1632
5892.010005,863,1629
5892.015007,880,1625
5892.020007,823,1629
5892.025007,851,1629
5892.030006,881,1626
5892.035005,857,1628
5892.040005,836,1626
5892.045005,869,1629
5892.050006,863,1627
5892.055007,841,1626
5892.060005,858,1627
5892.065007,877,1627
5892.070005,835,1628
5892.075006,834,1625
5892.080006,885,1625
5892.085007,856,1624
5892.090005,843,1622
5892.095007,871,1621
5892.100006,861,1620
5892.105007,834,1618
5892.110006,847,1617
5892.115005,860,1616
5892.120005,824,1615
5892.125005,851,1612
5892.130005,866,1614
5892.135005,841,1615
5892.140005,835,1608
5892.145005,868,1611
5892.150005,870,1607
5892.155006,831,1608
5892.160005,850,1602
5892.165005,875,1606
5892.170005,834,1604
5892.175006,837,1606
5892.180006,867,1590
5892.185005,848,1600
5892.190007,828,1603
5892.195006,876,1595
5892.200005,857,1596
5892.205006,822,1590
5892.210007,864,1592
5892.215005,870,1596
5892.220006,826,1596
5892.225005,831,1594
5892.230006,879,1588
5892.235005,848,1588
5892.240005,822,1590
5892.245005,872,1586
5892.250005,859,1585
5892.255005,821,1594
5892.260005,852,1586
5892.265006,852,1591
5892.270005,822,1589
5892.275006,843,1589
5892.280006,865,1589
5892.285005,846,1590
5892.290005,849,1588
5892.295005,865,1590
5892.300005,859,1592
5892.305006,816,1594
5892.310006,846,1596
5892.315006,876,1594
5892.320005,840,1598
5892.325005,842,1596
5892.330006,861,1601
5892.335006,836,1599
5892.340006,843,1595
5892.345006,866,1600
5892.350005,863,1598
5892.355006,833,1597
5892.360005,859,1597
5892.365006,866,1601
5892.370005,822,1602
5892.375005,838,1601
5892.380006,873,1598
5892.385005,833,1603
5892.390007,825,1603
5892.395005,856,1604
5892.400006,854,1601
5892.405006,838,1603
5892.410005,865,1598
5892.415006,872,1604
5892.420007,828,1604
5892.425006,834,1605
5892.430006,860,1607
5892.435005,854,1604
5892.440006,841,1605
5892.445005,875,1603
5892.450005,864,1605
5892.455005,823,1608
5892.460006,842,1609
5892.465006,871,1607
5892.470005,833,1607
5892.475007,851,1607
5892.480007,856,1612
5892.485007,844,1614
5892.490007,833,1611
5892.495006,874,1611
5892.500006,848,1615
5892.505006,843,1612
5892.510006,863,1613
5892.515007,868,1617
5892.520006,839,1614
5892.525005,826,1616
5892.530007,865,1617
5892.535007,853,1617
5892.540007,835,1617
5892.545006,878,1614
5892.550007,850,1621
5892.555005,837,1618
5892.560007,854,1616
5892.565007,869,1614
5892.570005,838,1615
5892.575005,839,1617
5892.580005,859,1617
5892.585006,853,1615
5892.590007,844,1612
5892.595007,875,1613
5892.600006,864,1612
5892.605005,834,1615
5892.610006,862,1611
5892.615006,872,1610
5892.620005,836,1608
5892.625005,841,1606
5892.630006,861,1609
5892.635007,838,1609
5892.640007,827,1600
5892.645006,876,1605
5892.650006,864,1608
5892.655006,833,1605
5892.660005,850,1605
5892.665006,869,1606
5892.670007,837,1604
5892.675005,833,1605
5892.680007,860,1608
5892.685006,836,1609
5892.690005,826,1609
5892.695005,859,1600
5892.700005,870,1609
5892.705005,827,1609
5892.710005,856,1607
5892.715005,854,1610
5892.720006,840,1610
5892.725006,842,1609
5892.730006,873,1606
5892.735005,844,1606
5892.740005,836,1609
5892.745006,863,1608
5892.750007,854,1608
5892.755006,834,1607
5892.760007,850,1608
5892.765006,871,1606
5892.770005,833,1609
5892.775007,832,1608
5892.780006,878,1609
5892.785005,837,1611
5892.790005,847,1608
5892.795006,870,1612
5892.800007,863,1612
5892.805007,836,1611
5892.810005,845,1612
5892.815006,856,1617
5892.820005,828,1611
5892.825005,845,1610
5892.830005,871,1611
5892.835006,848,1611
5892.840006,833,1610
5892.845006,859,1612
5892.850007,868,1611
5892.855006,824,1609
5892.860006,861,1603
5892.865006,869,1601
5892.870005,833,1606
5892.875006,829,1609
5892.880006,860,1601
5892.885006,851,1604
5892.890006,829,1605
5892.895005,883,1599
5892.900007,864,1600
5892.905006,828,1600
5892.910006,842,1603
5892.915005,856,1603
5892.920005,830,1598
5892.925005,834,1600
5892.930007,862,1589
5892.935006,834,1598
5892.940005,831,1590
5892.945006,871,1598
5892.950007,855,1598
5892.955007,828,1600
5892.960006,848,1600
5892.965006,859,1597
5892.970006,829,1602
5892.975005,836,1596
5892.980006,872,1597
5892.985005,840,1596
5892.990005,852,1595
5892.995005,870,1596
5893.000005,868,1595
5893.005005,830,1599
5893.010005,843,1586
5893.015007,853,1598
5893.020005,839,1595
5893.025007,830,1597
5893.030007,857,1598
5893.035007,835,1599
5893.040007,848,1595
5893.045005,870,1596
5893.050005,851,1595
5893.055007,840,1598
5893.060005,846,1600
5893.065006,854,1602
5893.070005,839,1595
5893.075006,831,1599
5893.080007,873,1595
5893.085007,836,1599
5893.090006,834,1597
5893.095006,874,1599
5893.100006,862,1599
5893.105006,823,1595
5893.110006,859,1599
5893.115005,851,1601
5893.120006,825,1604
5893.125006,852,1599
5893.130006,858,1606
5893.135007,849,1600
5893.140006,839,1600
5893.145005,869,1602
5893.150007,853,1602
5893.155006,840,1603
5893.160005,840,1607
5893.165006,869,1607
5893.170006,825,1605
5893.175006,830,1606
5893.180007,876,1604
5893.185006,840,1608
5893.190006,850,1605
5893.195005,865,1609
5893.200006,861,1607
5893.205006,846,1607
5893.210007,863,1607
5893.215006,853,1609
5893.220006,845,1606
5893.225005,831,1610
5893.230006,855,1612
5893.235006,856,1610
5893.240006,833,1605
5893.245005,857,1605
5893.250006,847,1609
5893.255007,841,1604
5893.260006,853,1606
5893.265006,852,1609
5893.270005,832,1603
5893.275006,839,1608
5893.280007,861,1606
5893.285007,859,1606
5893.290006,836,1607
5893.295005,870,1592
5893.300005,867,1609
5893.305006,822,1612
5893.310006,844,1611
5893.315005,856,1610
5893.320006,818,1618
5893.325005,835,1613
5893.330005,857,1619
5893.335006,859,1611
5893.340006,833,1612
5893.345005,876,1612
5893.350006,846,1615
5893.355006,835,1614
5893.360006,842,1614
5893.365006,873,1612
5893.370006,831,1611
5893.375006,833,1609
5893.380007,854,1608
5893.385006,857,1607
5893.390006,832,1604
5893.395006,857,1606
5893.400005,864,1605
5893.405007,823,1604
5893.410006,846,1604
5893.415007,872,1601
5893.420006,819,1602
5893.425006,833,1602
5893.430006,860,1597
5893.435006,849,1600
5893.440005,843,1598
5893.445006,862,1602
5893.450007,850,1600
5893.455006,835,1596
5893.460006,855,1597
5893.465006,861,1596
5893.470006,821,1596
5893.475005,825,1592
5893.480006,873,1593
5893.485005,842,1596
5893.490005,825,1594
5893.495005,855,1597
5893.500005,867,1593
5893.505005,832,1594
5893.510006,850,1597
5893.515006,858,1598
5893.520007,823,1598
5893.525006,827,1601
5893.530005,880,1595
5893.535006,838,1603
5893.540006,844,1604
5893.545006,856,1604
5893.550006,844,1600
5893.555006,830,1606
5893.560006,847,1607
5893.565006,860,1609
5893.570005,834,1606
5893.575005,841,1608
5893.580006,859,1610
5893.585007,857,1609
5893.590006,843,1607
5893.595005,873,1611
5893.600006,844,1613
5893.605006,831,1610
5893.610006,853,1611
5893.615005,850,1611
5893.620005,838,1611
5893.625005,833,1612
5893.630005,866,1609
5893.635005,843,1602
5893.640006,841,1610
5893.645006,864,1614
5893.650005,861,1609
5893.655006,822,1612
5893.660006,839,1613
5893.665006,860,1610
5893.670006,819,1613
5893.675006,840,1611
5893.680006,861,1611
5893.685006,836,1608
5893.690005,835,1611
5893.695006,856,1614
5893.700005,859,1609
5893.705005,829,1606
5893.710005,843,1606
5893.715005,865,1597
5893.720006,833,1601
5893.725005,830,1606
5893.730006,871,1603
5893.735005,844,1600
5893.740006,831,1603
5893.745006,858,1605
5893.750006,867,1599
5893.755006,837,1598
5893.760007,839,1607
5893.765007,870,1608
5893.770006,819,1606
5893.775006,852,1597
5893.780005,865,1601
5893.785005,849,1594
5893.790006,831,1604
5893.795007,864,1604
5893.800005,853,1610
5893.805006,843,1607
5893.810006,841,1609
5893.815005,865,1613
5893.820006,827,1611
5893.825007,843,1613
5893.830005,879,1609
5893.835006,843,1609
5893.840007,825,1616
5893.845006,874,1611
5893.850005,862,1614
5893.855007,822,1611
5893.860007,841,1617
5893.865006,866,1615
5893.870006,828,1614
5893.875007,829,1616
5893.880006,878,1612
5893.885007,846,1611
5893.890005,824,1616
5893.895006,867,1612
5893.900005,860,1604
5893.905006,837,1617
5893.910005,852,1617
5893.915005,852,1619
5893.920006,841,1617
5893.925007,846,1615
5893.930007,866,1616
5893.935005,830,1618
5893.940006,840,1618
5893.945005,854,1621
5893.950005,865,1619
5893.955006,835,1615
5893.960007,847,1616
5893.965006,849,1617
5893.970007,830,1617
5893.975005,829,1618
5893.980006,876,1618
5893.985006,840,1618
5893.990005,829,1619
5893.995005,868,1616
5894.000005,848,1620
5894.005005,841,1615
5894.010005,862,1618
5894.015007,862,1618
5894.020006,820,1622
5894.025006,847,1611
5894.030005,873,1620
5894.035005,842,1611
5894.040005,828,1618
5894.045005,877,1616
5894.050005,860,1615
5894.055007,828,1616
5894.060005,843,1622
5894.065007,872,1618
5894.070007,825,1617
5894.075006,833,1617
5894.080007,874,1616
5894.085006,838,1616
5894.090007,827,1615
5894.095007,881,1609
5894.100006,853,1613
5894.105005,821,1615
5894.110007,864,1610
5894.115007,860,1614
5894.120006,820,1611
5894.125005,836,1600
5894.130005,857,1614
5894.135006,856,1602
5894.140006,841,1608
5894.145006,862,1607
5894.150006,855,1597
5894.155006,824,1606
5894.160005,845,1609
5894.165005,867,1607
5894.170005,820,1605
5894.175005,843,1600
5894.180006,866,1603
5894.185005,837,1604
5894.190006,838,1592
5894.195006,865,1600
5894.200006,848,1600
5894.205006,832,1598
5894.210006,839,1597
5894.215007,867,1596
5894.220005,819,1597
5894.225006,848,1593
5894.230006,860,1596
5894.235006,833,1597
5894.240005,837,1595
5894.245006,858,1593
5894.250007,851,1592
5894.255007,825,1594
5894.260005,854,1595
5894.265007,861,1592
5894.270005,821,1591
5894.275006,828,1590
5894.280005,872,1593
5894.285006,836,1592
5894.290006,836,1593
5894.295007,852,1595
5894.300005,868,1587
5894.305005,830,1593
5894.310006,836,1597
5894.315006,871,1596
5894.320007,834,1597
5894.325006,835,1597
5894.330007,857,1599
5894.335005,840,1591
5894.340005,824,1603
5894.345006,857,1604
5894.350005,859,1604
5894.355007,818,1608
5894.360006,860,1605
5894.365005,852,1608
5894.370005,841,1608
5894.375006,831,1610
5894.380007,860,1613
5894.385007,840,1613
5894.390006,830,1613
5894.395005,860,1618
5894.400006,852,1617
5894.405006,840,1608
5894.410005,864,1617
5894.415006,869,1617
5894.420006,839,1618
5894.425006,833,1621
5894.430006,866,1620
5894.435006,839,1614
5894.440006,835,1620
5894.445005,863,1616
5894.450005,850,1626
5894.455006,824,1625
5894.460006,843,1620
5894.465006,869,1622
5894.470006,832,1626
5894.475006,843,1625
5894.480005,874,1628
5894.485006,842,1631
5894.490006,846,1630
5894.495006,878,1629
5894.500006,858,1629
5894.505006,826,1631
5894.510006,860,1631
5894.515006,871,1634
5894.520005,836,1634
5894.525006,842,1634
5894.530006,878,1636
5894.535006,846,1637
5894.540006,830,1636
5894.545005,859,1641
5894.550005,870,1634
5894.555007,836,1638
5894.560007,849,1638
5894.565006,870,1637
5894.570006,840,1637
5894.575006,835,1641
5894.580006,864,1638
5894.585006,837,1637
5894.590006,830,1636
5894.595007,863,1630
5894.600006,867,1633
5894.605005,836,1630
5894.610005,856,1627
5894.615005,871,1625
5894.620006,834,1627
5894.625007,842,1619
5894.630005,877,1622
5894.635006,837,1623
5894.640007,843,1621
5894.645006,868,1624
5894.650006,854,1620
5894.655005,838,1614
5894.660005,855,1619
5894.665005,855,1622
5894.670006,835,1618
5894.675007,847,1616
5894.680006,870,1623
5894.685005,840,1621
5894.690006,825,1624
5894.695006,874,1611
5894.700005,866,1620
5894.705005,818,1623
5894.710005,858,1621
5894.715005,867,1624
5894.720006,821,1626
5894.725005,837,1621
5894.730006,871,1624
5894.735007,839,1625
5894.740007,841,1620
5894.745006,870,1621
5894.750007,848,1624
5894.755007,830,1625
5894.760005,845,1627
5894.765007,875,1622
5894.770006,824,1624
5894.775005,849,1618
5894.780006,871,1619
5894.785005,856,1618
5894.790006,822,1622
5894.795007,868,1620
5894.800007,850,1620
5894.805007,841,1615
5894.810005,854,1616
5894.815006,854,1616
5894.820005,836,1615
5894.825006,826,1618
5894.830006,875,1608
5894.835006,835,1611
5894.840006,833,1606
5894.845006,854,1607
5894.850006,867,1603
5894.855006,836,1600
5894.860006,842,1600
5894.865005,873,1598
5894.870005,829,1596
5894.875006,830,1595
5894.880006,860,1594
5894.885007,834,1593
5894.890006,838,1594
5894.895005,863,1587
5894.900006,851,1590
5894.905005,824,1581
5894.910005,860,1588
5894.915005,860,1589
5894.920006,822,1588
5894.925006,830,1587
5894.930005,863,1588
5894.935007,848,1585
5894.940006,831,1596
5894.945005,871,1593
5894.950005,860,1595
5894.955005,834,1599
5894.960006,847,1599
5894.965006,850,1601
5894.970007,832,1600
5894.975006,835,1594
5894.980006,868,1602
5894.985006,850,1600
5894.990005,833,1602
5894.995005,861,1598
5895.000006,865,1598
5895.005007,822,1601
5895.010006,850,1598
5895.015007,859,1595
5895.020006,819,1595
5895.025005,851,1590
5895.030006,870,1588
5895.035005,848,1583
5895.040005,838,1584
5895.045006,865,1584
5895.050007,858,1580
5895.055007,834,1570
5895.060006,846,1575
5895.065005,850,1577
5895.070006,819,1581
5895.075005,849,1576
5895.080006,877,1574
5895.085006,846,1573
5895.090006,833,1575
5895.095007,863,1576
5895.100006,848,1577
5895.105007,831,1578
5895.110006,860,1577
5895.115005,865,1579
5895.120005,819,1585
5895.125006,846,1581
5895.130007,866,1584
5895.135006,839,1583
5895.140007,825,1585
5895.145006,873,1580
5895.150005,869,1587
5895.155006,834,1588
5895.160005,846,1591
5895.165005,850,1590
5895.170006,838,1585
5895.175006,846,1587
5895.180006,861,1588
5895.185006,843,1584
5895.190007,826,1588
5895.195006,856,1590
5895.200006,865,1586
5895.205007,830,1589
5895.210006,843,1591
5895.215006,873,1588
5895.220007,830,1586
5895.225006,835,1590
5895.230006,862,1594
5895.235005,834,1596
5895.240006,830,1596
5895.245005,860,1593
5895.250006,848,1598
5895.255006,841,1596
5895.260006,861,1600
5895.265006,855,1602
5895.270006,835,1600
5895.275005,834,1603
5895.280007,872,1598
5895.285005,850,1605
5895.290005,820,1608
5895.295005,878,1606
5895.300005,863,1608
5895.305007,824,1610
5895.310005,846,1611
5895.315006,855,1603
5895.320005,837,1612
5895.325006,834,1617
5895.330006,883,1613
5895.335006,842,1622
5895.340006,822,1624
5895.345006,857,1620
5895.350006,871,1621
5895.355006,835,1624
5895.360006,857,1631
5895.365006,862,1631
5895.370006,821,1634
5895.375007,853,1633
5895.380007,867,1637
5895.385005,836,1642
5895.390006,839,1642
5895.395006,855,1644
5895.400006,867,1642
5895.405006,822,1646
5895.410006,843,1646
5895.415006,864,1637
5895.420005,838,1639
5895.425005,831,1649
5895.430006,873,1647
5895.435005,859,1650
5895.440006,843,1648
5895.445007,875,1646
5895.450006,867,1647
5895.455005,832,1650
5895.460006,852,1648
5895.465007,860,1649
5895.470005,826,1650
5895.475006,832,1650
5895.480006,865,1650
5895.485005,844,1649
5895.490005,846,1647
5895.495005,865,1645
5895.500005,870,1638
5895.505006,835,1645
5895.510006,845,1650
5895.515005,873,1641
5895.520007,834,1642
5895.525006,835,1642
5895.530006,872,1638
5895.535005,844,1639
5895.540006,833,1635
5895.545006,877,1633
5895.550007,872,1630
5895.555006,822,1627
5895.560007,857,1630
5895.565007,872,1622
5895.570006,825,1625
5895.575005,840,1619
5895.580005,865,1622
5895.585005,857,1617
5895.590006,834,1613
5895.595007,857,1618
5895.600005,870,1610
5895.605006,821,1607
5895.610005,844,1610
5895.615006,872,1606
5895.620005,831,1605
5895.625005,837,1597
5895.630005,863,1598
5895.635005,853,1600
5895.640007,829,1596
5895.645007,865,1586
5895.650006,864,1588
5895.655005,830,1595
5895.660006,844,1596
5895.665006,862,1590
5895.670007,834,1594
5895.675006,835,1594
5895.680006,860,1593
5895.685005,834,1598
5895.690006,827,1593
5895.695006,873,1594
5895.700005,849,1595
5895.705005,839,1595
5895.710006,855,1596
5895.715007,852,1596
5895.720006,840,1590
5895.725005,833,1595
5895.730007,861,1590
5895.735006,857,1591
5895.740007,844,1592
5895.745007,865,1594
5895.750006,851,1593
5895.755006,833,1594
5895.760007,853,1597
5895.765005,861,1599
5895.770005,822,1598
5895.775006,838,1596
5895.780005,859,1598
5895.785005,862,1596
5895.790006,848,1598
5895.795006,870,1597
5895.800006,852,1602
5895.805006,824,1602
5895.810006,862,1600
5895.815006,865,1603
5895.820005,821,1607
5895.825006,832,1605
5895.830006,873,1609
5895.835006,842,1603
5895.840006,851,1605
5895.845006,872,1608
5895.850006,849,1608
5895.855006,843,1609
5895.860006,861,1612
5895.865006,864,1610
5895.870005,822,1613
5895.875006,855,1606
5895.880007,866,1608
5895.885006,851,1613
5895.890005,833,1611
5895.895006,876,1608
5895.900005,861,1610
5895.905007,835,1616
5895.910007,864,1609
5895.915006,857,1613
5895.920006,820,1613
5895.925007,838,1614
5895.930005,875,1614
5895.935007,849,1613
5895.940007,830,1617
5895.945007,875,1617
5895.950006,852,1616
5895.955006,839,1619
5895.960006,857,1612
5895.965006,865,1619
5895.970005,826,1621
5895.975006,844,1617
5895.980006,859,1623
5895.985006,858,1616
5895.990005,840,1619
5895.995005,864,1623
5896.000006,866,1620
5896.005006,828,1623
5896.010006,858,1621
5896.015007,859,1613
5896.020005,834,1620
5896.025007,835,1622
5896.030006,870,1614
5896.035005,856,1621
5896.040005,830,1620
5896.045005,881,1616
5896.050005,867,1620
5896.055006,842,1619
5896.060005,853,1615
5896.065007,856,1617
5896.070005,836,1617
5896.075006,835,1616
5896.080006,863,1617
5896.085006,841,1613
5896.090006,850,1614
5896.095006,862,1617
5896.100005,866,1615
5896.105006,831,1614
5896.110005,857,1614
5896.115005,865,1614
5896.120006,817,1618
5896.125007,833,1618
5896.130005,882,1615
5896.135005,839,1617
5896.140006,833,1616
5896.145005,873,1611
5896.150006,861,1616
5896.155006,820,1616
5896.160005,841,1622
5896.165005,863,1615
5896.170006,824,1614
5896.175006,829,1619
5896.180006,872,1614
5896.185005,843,1614
5896.190006,839,1613
5896.195005,878,1611
5896.200005,860,1610
5896.205005,837,1611
5896.210006,853,1613
5896.215007,857,1610
5896.220006,840,1610
5896.225005,840,1607
5896.230006,857,1605
5896.235006,833,1605
5896.240005,850,1603
5896.245006,872,1604
5896.250006,869,1601
5896.255006,819,1602
5896.260006,850,1593
5896.265007,864,1602
5896.270005,825,1604
5896.275007,843,1601
5896.280007,868,1604
5896.285006,843,1603
5896.290007,839,1600
5896.295006,864,1605
5896.300007,848,1605
5896.305006,832,1602
5896.310006,842,1605
5896.315005,853,1597
5896.320007,828,1603
5896.325007,832,1606
5896.330007,860,1605
5896.335005,851,1601
5896.340006,836,1606
5896.345007,860,1609
5896.350005,865,1605
5896.355006,826,1602
5896.360005,852,1608
5896.365005,850,1609
5896.370005,838,1613
5896.375006,830,1615
5896.380007,872,1610
5896.385006,835,1616
5896.390006,846,1609
5896.395006,856,1616
5896.400005,866,1613
5896.405006,839,1613
5896.410005,849,1613
5896.415006,851,1616
5896.420006,833,1617
5896.425007,831,1613
5896.430005,864,1610
5896.435006,844,1612
5896.440006,828,1616
5896.445005,875,1616
5896.450005,853,1619
5896.455005,844,1611
5896.460005,860,1611
5896.465005,866,1612
5896.470006,830,1610
5896.475006,834,1611
5896.480005,880,1608
5896.485005,840,1612
5896.490006,831,1611
5896.495006,857,1605
5896.500006,867,1608
5896.505007,842,1606
5896.510005,863,1612
5896.515006,867,1604
5896.520005,820,1606
5896.525007,843,1599
5896.530006,859,1591
5896.535005,845,1600
5896.540005,829,1600
5896.545005,862,1599
5896.550005,856,1597
5896.555006,822,1595
5896.560006,843,1595
5896.565005,866,1596
5896.570005,816,1593
5896.575006,849,1590
5896.580006,866,1593
5896.585006,844,1585
5896.590007,820,1598
5896.595006,862,1592
5896.600006,863,1594
5896.605006,840,1594
5896.610005,853,1596
5896.615006,853,1599
5896.620006,817,1602
5896.625006,842,1595
5896.630006,866,1597
5896.635006,831,1602
5896.640006,846,1603
5896.645006,858,1604
5896.650005,871,1600
5896.655005,833,1602
5896.660005,846,1603
5896.665005,864,1602
5896.670005,821,1601
5896.675006,827,1605
5896.680006,852,1601
5896.685006,850,1602
5896.690006,831,1604
5896.695005,878,1605
5896.700006,856,1607
5896.705006,834,1601
5896.710006,848,1606
5896.715006,853,1608
5896.720007,834,1608
5896.725006,831,1604
5896.730005,856,1614
5896.735005,847,1608
5896.740005,824,1612
5896.745006,871,1612
5896.750007,851,1613
5896.755006,840,1611
5896.760006,840,1613
5896.765006,865,1611
5896.770005,826,1612
5896.775006,831,1613
5896.780006,869,1613
5896.785006,838,1615
5896.790006,828,1613
5896.795006,874,1614
5896.800006,851,1616
5896.805007,830,1618
5896.810005,860,1611
5896.815007,868,1615
5896.820007,825,1620
5896.825006,853,1617
5896.830007,859,1620
5896.835006,842,1619
5896.840006,850,1617
5896.845007,867,1617
5896.850006,849,1618
5896.855006,845,1609
5896.860006,863,1614
5896.865006,863,1618
5896.870005,833,1606
5896.875005,841,1616
5896.880005,869,1612
5896.885005,836,1617
5896.890007,825,1610
5896.895006,859,1618
5896.900006,872,1614
5896.905006,841,1615
5896.910006,846,1616
5896.915007,853,1618
5896.920005,828,1618
5896.925005,852,1614
5896.930006,874,1613
5896.935005,835,1616
5896.940007,835,1615
5896.945007,859,1616
5896.950006,849,1620
5896.955006,846,1613
5896.960006,848,1614
5896.965006,859,1611
5896.970005,821,1615
5896.975006,852,1609
5896.980007,876,1611
5896.985007,840,1610
5896.990006,826,1612
5896.995005,870,1611
5897.000005,858,1610
5897.005005,821,1615
5897.010006,866,1608
5897.015007,860,1610
5897.020005,822,1611
5897.025006,850,1607
5897.030006,874,1610
5897.035005,845,1611
5897.040005,827,1610
5897.045006,879,1608
5897.050006,861,1610
5897.055007,838,1607
5897.060006,853,1606
5897.065005,871,1600
5897.070006,835,1605
5897.075005,831,1606
5897.080005,873,1605
5897.085006,837,1603
5897.090006,831,1604
5897.095007,859,1605
5897.100005,859,1602
5897.105006,819,1604
5897.110006,859,1601
5897.115005,861,1601
5897.120005,824,1604
5897.125006,840,1599
5897.130007,860,1600
5897.135005,834,1597
5897.140007,837,1600
5897.145006,858,1602
5897.150006,872,1596
5897.155005,829,1599
5897.160006,864,1594
5897.165006,864,1601
5897.170006,821,1599
5897.175006,843,1600
5897.180006,858,1599
5897.185005,850,1601
5897.190006,830,1601
5897.195005,864,1601
5897.200006,857,1602
5897.205007,830,1601
5897.210006,854,1602
5897.215007,868,1606
5897.220005,821,1607
5897.225006,831,1608
5897.230005,881,1602
5897.235007,845,1604
5897.240007,824,1609
5897.245007,870,1609
5897.250007,852,1608
5897.255006,838,1603
5897.260006,855,1604
5897.265006,853,1608
5897.270005,841,1606
5897.275006,846,1605
5897.280006,862,1609
5897.285006,857,1606
5897.290007,835,1605
5897.295006,853,1607
5897.300006,853,1610
5897.305006,829,1611
5897.310006,850,1607
5897.315005,866,1609
5897.320007,820,1609
5897.325006,840,1610
5897.330007,861,1613
5897.335006,856,1610
5897.340006,844,1613
5897.345007,876,1611
5897.350006,851,1615
5897.355005,839,1610
5897.360006,860,1612
5897.365006,865,1614
5897.370006,828,1615
5897.375006,832,1613
5897.380007,873,1609
5897.385005,846,1612
5897.390006,844,1613
5897.395005,875,1609
5897.400007,850,1615
5897.405007,828,1600
5897.410006,858,1615
5897.415007,852,1614
5897.420006,841,1615
5897.425006,844,1616
5897.430006,861,1617
5897.435005,836,1614
5897.440006,843,1616
5897.445006,864,1617
5897.450006,875,1614
5897.455005,829,1616
5897.460005,850,1619
5897.465005,867,1621
5897.470006,827,1620
5897.475007,832,1622
5897.480007,865,1620
5897.485007,853,1620
5897.490007,828,1625
5897.495006,878,1624
5897.500006,859,1619
5897.505006,830,1618
5897.510006,844,1628
5897.515006,866,1619
5897.520006,838,1620
5897.525005,836,1620
5897.530007,881,1617
5897.535007,847,1618
5897.540006,826,1619
5897.545005,874,1611
5897.550005,864,1617
5897.555006,830,1614
5897.560006,858,1615
5897.565007,851,1616
5897.570007,819,1621
5897.575007,853,1615
5897.580006,867,1614
5897.585006,842,1613
5897.590007,827,1618
5897.595007,877,1613
5897.600006,854,1614
5897.605005,836,1615
5897.610007,852,1615
5897.615006,869,1612
5897.620006,822,1616
5897.625005,846,1615
5897.630005,878,1618
5897.635006,843,1616
5897.640006,829,1616
5897.645006,871,1615
5897.650005,848,1617
5897.655007,840,1611
5897.660005,861,1614
5897.665006,856,1615
5897.670006,838,1606
5897.675006,840,1612
5897.680006,876,1609
5897.685005,845,1613
5897.690006,826,1611
5897.695005,862,1614
5897.700005,868,1615
5897.705005,823,1614
5897.710005,858,1616
5897.715005,861,1615
5897.720007,841,1617
5897.725007,827,1616
5897.730006,875,1615
5897.735005,842,1616
5897.740005,842,1604
5897.745006,875,1609
5897.750007,865,1616
5897.755005,826,1615
5897.760006,842,1619
5897.765006,872,1615
5897.770006,837,1617
5897.775006,832,1616
5897.780005,866,1619
5897.785005,835,1621
5897.790005,841,1618
5897.795006,868,1618
5897.800006,850,1623
5897.805007,846,1621
5897.810006,860,1623
5897.815006,865,1624
5897.820005,823,1627
5897.825005,837,1626
5897.830006,882,1627
5897.835006,840,1624
5897.840006,845,1622
5897.845006,862,1628
5897.850006,874,1625
5897.855006,828,1626
5897.860006,861,1625
5897.865006,863,1625
5897.870005,830,1620
5897.875005,850,1623
5897.880005,861,1624
5897.885005,849,1626
5897.890006,832,1623
5897.895005,880,1622
5897.900006,857,1621
5897.905005,841,1625
5897.910005,848,1624
5897.915005,871,1621
5897.920005,840,1618
5897.925005,840,1620
5897.930006,859,1621
5897.935006,837,1622
5897.940005,831,1620
5897.945006,881,1618
5897.950006,859,1617
5897.955007,836,1621
5897.960005,862,1613
5897.965006,863,1614
5897.970006,826,1616
5897.975006,828,1615
5897.980006,882,1609
5897.985005,849,1608
5897.990006,830,1606
5897.995006,855,1604
5898.000006,869,1602
5898.005006,819,1604
5898.010007,864,1600
5898.015005,862,1594
5898.020006,820,1595
5898.025006,844,1592
5898.030005,861,1592
5898.035005,854,1589
5898.040006,837,1588
5898.045007,858,1585
5898.050005,850,1590
5898.055007,818,1591
5898.060006,858,1588
5898.065006,858,1585
5898.070006,823,1585
5898.075006,826,1590
5898.080007,868,1581
5898.085005,853,1579
5898.090006,823,1585
5898.095007,877,1583
5898.100006,858,1581
5898.105006,817,1584
5898.110005,860,1580
5898.115005,860,1583
5898.120006,824,1585
5898.125006,832,1587
5898.130006,881,1587
5898.135006,835,1592
5898.140006,825,1592
5898.145006,858,1593
5898.150006,864,1597
5898.155006,821,1597
5898.160005,844,1598
5898.165005,865,1598
5898.170005,826,1600
5898.175006,853,1597
5898.180006,879,1598
5898.185007,833,1602
5898.190007,822,1604
5898.195007,862,1604
5898.200006,854,1605
5898.205006,820,1610
5898.210006,853,1603
5898.215006,878,1602
5898.220005,844,1607
5898.225005,836,1609
5898.230006,861,1610
5898.235005,834,1607
5898.240005,844,1606
5898.245005,868,1607
5898.250006,845,1614
5898.255006,824,1609
5898.260006,858,1601
5898.265006,852,1615
5898.270005,818,1617
5898.275005,830,1615
5898.280006,867,1613
5898.285005,853,1612
5898.290006,834,1616
5898.295006,861,1618
5898.300006,847,1610
5898.305007,838,1620
5898.310006,842,1625
5898.315006,865,1624
5898.320006,825,1625
5898.325005,846,1623
5898.330005,877,1626
5898.335006,853,1626
5898.340007,832,1627
5898.345006,875,1629
5898.350006,853,1632
5898.355006,828,1619
5898.360005,863,1632
5898.365005,870,1617
5898.370005,839,1627
5898.375005,845,1627
5898.380005,875,1631
5898.385006,841,1634
5898.390006,843,1630
5898.395007,860,1637
5898.400006,872,1634
5898.405006,825,1637
5898.410005,844,1638
5898.415006,872,1637
5898.420006,832,1640
5898.425006,833,1635
5898.430006,883,1641
5898.435005,843,1641
5898.440006,851,1636
5898.445005,879,1635
5898.450006,868,1642
5898.455006,830,1642
5898.460006,846,1646
5898.465007,873,1641
5898.470005,827,1639
5898.475006,840,1639
5898.480005,886,1638
5898.485006,854,1637
5898.490005,839,1629
5898.495006,874,1631
5898.500007,850,1634
5898.505007,824,1626
5898.510006,859,1624
5898.515006,867,1627
5898.520006,838,1626
5898.525005,846,1621
5898.530006,864,1620
5898.535005,835,1621
5898.540005,826,1615
5898.545005,869,1613
5898.550005,856,1615
5898.555007,845,1610
5898.560005,855,1608
5898.565007,854,1609
5898.570006,838,1605
5898.575006,839,1602
5898.580007,866,1602
5898.585005,835,1602
5898.590006,840,1602
5898.595006,865,1601
5898.600006,846,1600
5898.605005,842,1593
5898.610007,847,1597
5898.615006,871,1598
5898.620006,837,1597
5898.625007,825,1601
5898.630006,882,1595
5898.635007,838,1597
5898.640007,836,1591
5898.645006,859,1596
5898.650005,851,1598
5898.655007,820,1600
5898.660006,847,1597
5898.665007,875,1594
5898.670006,829,1594
5898.675007,836,1597
5898.680006,856,1600
5898.685005,839,1596
5898.690006,846,1598
5898.695005,878,1594
5898.700006,850,1598
5898.705006,831,1597
5898.710007,852,1597
5898.715005,869,1596
5898.720006,833,1585
5898.725006,835,1598
5898.730005,861,1599
5898.735006,853,1598
5898.740005,831,1597
5898.745005,873,1597
5898.750005,862,1598
5898.755006,822,1600
5898.760007,862,1594
5898.765006,857,1601
5898.770005,818,1599
5898.775006,846,1597
5898.780006,872,1592
5898.785006,840,1598
5898.790007,828,1602
5898.795006,863,1602
5898.800007,855,1604
5898.805006,823,1603
5898.810005,852,1606
5898.815006,856,1605
5898.820006,838,1606
5898.825005,839,1606
5898.830005,868,1610
5898.835006,852,1607
5898.840007,829,1610
5898.845005,857,1612
5898.850006,857,1613
5898.855005,826,1611
5898.860006,868,1609
5898.865006,867,1612
5898.870005,830,1610
5898.875006,842,1606
5898.880005,882,1609
5898.885005,853,1609
5898.890006,831,1611
5898.895006,863,1610
5898.900005,850,1609
5898.905006,840,1611
5898.910006,858,1610
5898.915006,862,1613
5898.920006,830,1597
5898.925006,832,1613
5898.930007,869,1611
5898.935007,835,1615
5898.940007,842,1615
5898.945006,857,1620
5898.950005,865,1616
5898.955006,829,1617
5898.960006,855,1616
5898.965006,876,1617
5898.970006,829,1616
5898.975005,852,1613
5898.980006,870,1612
5898.985006,835,1615
5898.990005,849,1609
5898.995005,863,1611
5899.000006,846,1614
5899.005006,837,1609
5899.010005,850,1613
5899.015006,857,1613
5899.020005,837,1613
5899.025006,831,1613
5899.030005,873,1611
5899.035005,840,1614
5899.040006,831,1613
5899.045006,862,1616
5899.050007,868,1609
5899.055007,829,1616
5899.060005,845,1617
5899.065006,858,1615
5899.070005,832,1602
5899.075005,837,1615
5899.080005,860,1620
5899.085005,858,1614
5899.090006,823,1618
5899.095007,868,1618
5899.100006,851,1619
5899.105006,844,1612
5899.110005,860,1612
5899.115005,862,1614
5899.120005,826,1613
5899.125006,827,1617
5899.130007,875,1608
5899.135005,847,1607
5899.140006,826,1610
5899.145006,880,1605
5899.150005,859,1601
5899.155007,821,1599
5899.160007,850,1591
5899.165007,861,1598
5899.170006,822,1598
5899.175006,832,1588
5899.180007,877,1597
5899.185006,833,1597
5899.190006,824,1596
5899.195006,882,1592
5899.200005,853,1597
5899.205006,837,1588
5899.210006,857,1595
5899.215006,859,1592
5899.220007,824,1592
5899.225006,826,1594
5899.230005,882,1589
5899.235007,840,1595
5899.240006,829,1598
5899.245006,863,1592
5899.250006,852,1597
5899.255007,818,1595
5899.260006,842,1598
5899.265007,872,1594
5899.270005,839,1598
5899.275007,834,1597
5899.280007,879,1597
5899.285007,834,1597
5899.290006,841,1590
5899.295006,864,1597
5899.300005,871,1595
5899.305006,828,1603
5899.310007,840,1604
5899.315007,870,1602
5899.320006,819,1606
5899.325005,846,1600
5899.330005,868,1607
5899.335006,839,1609
5899.340007,824,1612
5899.345007,877,1611
5899.350006,873,1611
5899.355005,829,1615
5899.360007,859,1608
5899.365005,859,1619
5899.370005,818,1621
5899.375006,835,1618
5899.380007,859,1625
5899.385006,852,1621
5899.390006,830,1621
5899.395006,879,1624
5899.400005,863,1625
5899.405006,822,1627
5899.410006,867,1619
5899.415007,873,1623
5899.420006,824,1628
5899.425007,847,1626
5899.430005,876,1625
5899.435006,837,1630
5899.440006,830,1631
5899.445006,861,1632
5899.450006,856,1632
5899.455007,818,1633
5899.460006,855,1637
5899.465007,853,1636
5899.470006,845,1633
5899.475006,839,1638
5899.480006,871,1635
5899.485006,840,1638
5899.490005,844,1634
5899.495005,879,1633
5899.500005,861,1637
5899.505006,843,1632
5899.510006,845,1634
5899.515006,875,1633
5899.520005,823,1633
5899.525007,844,1631
5899.530006,882,1625
5899.535005,842,1627
5899.540006,826,1627
5899.545007,859,1625
5899.550005,870,1620
5899.555006,837,1620
5899.560007,846,1620
5899.565006,864,1615
5899.570006,821,1617
5899.575005,837,1616
5899.580006,877,1613
5899.585006,839,1610
5899.590006,842,1606
5899.595005,858,1612
5899.600007,866,1597
5899.605007,836,1609
5899.610006,847,1607
5899.615005,872,1608
5899.620005,825,1609
5899.625006,844,1601
5899.630007,868,1606
5899.635006,837,1606
5899.640006,831,1605
5899.645005,869,1607
5899.650007,856,1608
5899.655005,819,1608
5899.660005,848,1607
5899.665005,863,1600
5899.670005,843,1604
5899.675005,844,1603
5899.680005,877,1604
5899.685005,848,1605
5899.690006,838,1606
5899.695006,863,1603
5899.700005,847,1603
5899.705005,817,1603
5899.710005,852,1602
5899.715006,857,1601
5899.720006,843,1597
5899.725006,847,1603
5899.730006,863,1600
5899.735005,835,1604
5899.740005,827,1603
5899.745005,873,1596
5899.750006,863,1596
5899.755006,837,1606
5899.760005,843,1609
5899.765006,862,1608
5899.770005,820,1610
5899.775006,826,1609
5899.780006,867,1612
5899.785006,834,1613
5899.790007,839,1609
5899.795005,860,1611
5899.800005,850,1609
5899.805006,837,1607
5899.810006,848,1607
5899.815005,859,1606
5899.820007,842,1603
5899.825007,850,1601
5899.830006,858,1603
5899.835006,834,1602
5899.840006,842,1602
5899.845006,864,1601
5899.850006,862,1596
5899.855007,829,1595
5899.860005,845,1597
5899.865006,870,1594
5899.870006,834,1596
5899.875005,846,1592
5899.880005,871,1595
5899.885005,841,1595
5899.890006,832,1597
5899.895006,869,1598
5899.900006,852,1598
5899.905006,838,1597
5899.910006,848,1597
5899.915006,852,1600
5899.920007,819,1601
5899.925005,833,1600
5899.930006,880,1597
5899.935006,839,1602
5899.940006,824,1601
5899.945006,879,1597
5899.950006,869,1598
5899.955006,822,1607
5899.960007,863,1605
5899.965005,861,1603
5899.970007,834,1604
5899.975005,838,1604
5899.980007,857,1612
5899.985006,845,1607
5899.990005,823,1614
5899.995006,871,1611
5900.000007,851,1612
5900.005006,822,1611
5900.010007,858,1614
5900.015006,854,1613
5900.020006,843,1618
5900.025006,840,1618
5900.030006,854,1618
5900.035006,846,1613
5900.040007,838,1614
5900.045005,856,1620
5900.050005,857,1619
5900.055006,819,1619
5900.060006,863,1616
5900.065005,864,1617
5900.070005,821,1625
5900.075005,845,1610
5900.080005,866,1618
5900.085005,834,1619
5900.090005,840,1618
5900.095007,871,1616
5900.100005,854,1617
5900.105006,836,1622
5900.110007,848,1622
5900.115007,860,1622
5900.120006,820,1625
5900.125007,853,1618
5900.130006,879,1621
5900.135006,857,1620
5900.140007,838,1617
5900.145005,866,1626
5900.150007,846,1626
5900.155006,833,1627
5900.160006,845,1626
5900.165007,856,1614
5900.170006,826,1624
5900.175006,846,1626
5900.180006,869,1621
5900.185007,841,1623
5900.190006,839,1618
5900.195006,873,1618
5900.200005,851,1615
5900.205006,834,1614
5900.210006,849,1615
5900.215006,879,1608
5900.220006,830,1611
5900.225006,834,1611
5900.230006,862,1609
5900.235005,836,1609
5900.240005,845,1605
5900.245005,872,1597
5900.250005,866,1602
5900.255005,835,1601
5900.260005,848,1598
5900.265006,870,1606
5900.270005,823,1607
5900.275007,831,1609
5900.280006,856,1608
5900.285005,858,1609
5900.290005,827,1611
5900.295005,880,1603
5900.300005,856,1610
5900.305006,830,1607
5900.310005,842,1608
5900.315006,864,1608
5900.320006,828,1598
5900.325006,828,1610
5900.330006,876,1605
5900.335007,835,1608
5900.340006,822,1611
5900.345007,874,1606
5900.350006,864,1606
5900.355005,824,1605
5900.360006,846,1609
5900.365007,861,1606
5900.370006,837,1601
5900.375006,837,1600
5900.380007,872,1603
5900.385006,847,1600
5900.390006,825,1602
5900.395005,868,1596
5900.400006,851,1600
5900.405006,824,1599
5900.410005,860,1594
5900.415005,869,1596
5900.420005,833,1595
5900.425005,842,1591
5900.430006,860,1595
5900.435005,832,1595
5900.440006,825,1593
5900.445005,870,1590
5900.450005,858,1590
5900.455006,822,1587
5900.460006,854,1586
5900.465006,855,1589
5900.470007,835,1584
5900.475005,845,1591
5900.480006,868,1590
5900.485005,850,1582
5900.490006,827,1596
5900.495005,874,1592
5900.500005,858,1593
5900.505006,829,1595
5900.510006,842,1597
5900.515006,868,1595
5900.520005,825,1598
5900.525006,827,1601
5900.530005,869,1598
5900.535005,837,1600
5900.540005,824,1603
5900.545005,856,1601
5900.550006,862,1602
5900.555005,829,1602
5900.560006,845,1605
5900.565006,859,1598
5900.570006,830,1596
5900.575006,831,1606
5900.580006,865,1604
5900.585006,859,1599
5900.590007,850,1603
5900.595006,869,1608
5900.600007,857,1608
5900.605007,821,1610
5900.610006,862,1612
5900.615005,866,1609
5900.620005,821,1611
5900.625006,853,1614
5900.630006,878,1613
5900.635007,842,1615
5900.640005,832,1614
5900.645006,865,1618
5900.650007,855,1618
5900.655007,832,1614
5900.660007,848,1619
5900.665006,866,1616
5900.670006,826,1615
5900.675005,832,1621
5900.680007,861,1615
5900.685006,860,1612
5900.690005,838,1613
5900.695006,877,1607
5900.700005,865,1610
5900.705005,829,1611
5900.710005,848,1611
5900.715006,857,1608
5900.720007,835,1610
5900.725005,838,1610
5900.730007,860,1616
5900.735007,859,1609
5900.740006,830,1611
5900.745005,860,1611
5900.750006,869,1598
5900.755006,837,1607
5900.760006,848,1606
5900.765007,854,1606
5900.770006,843,1599
5900.775005,842,1598
5900.780006,864,1599
5900.785007,836,1595
5900.790006,848,1590
5900.795006,860,1593
5900.800006,865,1586
5900.805006,836,1594
5900.810005,852,1588
5900.815007,855,1588
5900.820007,840,1586
5900.825006,846,1584
5900.830006,869,1584
5900.835006,831,1589
5900.840007,834,1585
5900.845006,873,1583
5900.850005,852,1587
5900.855006,822,1587
5900.860005,844,1592
5900.865005,858,1585
5900.870005,832,1588
5900.875005,835,1588
5900.880005,866,1590
5900.885006,847,1590
5900.890006,828,1591
5900.895006,857,1594
5900.900005,873,1588
5900.905007,825,1591
5900.910006,843,1587
5900.915006,853,1588
5900.920007,822,1593
5900.925006,850,1584
5900.930006,870,1583
5900.935007,849,1578
5900.940006,832,1583
5900.945005,861,1583
5900.950005,856,1582
5900.955005,818,1591
5900.960006,845,1588
5900.965006,860,1584
5900.970007,829,1596
5900.975005,842,1599
5900.980007,868,1600
5900.985006,842,1602
5900.990007,834,1611
5900.995007,859,1613
5901.000006,862,1613
5901.005006,842,1617
5901.010006,852,1627
5901.015006,855,1631
5901.020005,846,1629
5901.025005,839,1633
5901.030006,859,1641
5901.035006,853,1638
5901.040005,842,1638
5901.045005,875,1639
5901.050006,856,1643
5901.055007,848,1641
5901.060007,863,1640
5901.065007,878,1639
5901.070007,830,1644
5901.075005,853,1642
5901.080005,878,1640
5901.085005,846,1640
5901.090005,828,1645
5901.095006,878,1641
5901.100005,863,1638
5901.105006,824,1641
5901.110005,864,1637
5901.115006,869,1640
5901.120006,825,1640
5901.125007,850,1633
5901.130006,871,1638
5901.135007,840,1640
5901.140006,853,1632
5901.145005,858,1637
5901.150006,854,1631
5901.155006,830,1630
5901.160006,855,1624
5901.165006,877,1620
5901.170006,833,1619
5901.175006,843,1617
5901.180006,861,1615
5901.185005,860,1610
5901.190006,831,1607
5901.195005,878,1598
5901.200005,868,1602
5901.205005,828,1599
5901.210005,861,1596
5901.215005,862,1595
5901.220007,820,1590
5901.225007,848,1587
5901.230007,866,1585
5901.235007,849,1584
5901.240006,828,1584
5901.245006,880,1580
5901.250006,859,1578
5901.255005,825,1574
5901.260005,842,1575
5901.265007,875,1574
5901.270005,835,1573
5901.275006,836,1573
5901.280006,865,1572
5901.285005,834,1570
5901.290005,836,1570
5901.295005,854,1571
5901.300005,844,1570
5901.305006,814,1568
5901.310006,860,1563
5901.315005,868,1561
5901.320006,838,1560
5901.325006,836,1560
5901.330006,857,1563
5901.335006,827,1558
5901.340006,818,1558
5901.345006,873,1558
5901.350006,840,1563
5901.355005,836,1561
5901.360007,847,1562
5901.365006,849,1565
5901.370005,812,1566
5901.375005,840,1555
5901.380005,861,1569
5901.385005,836,1573
5901.390006,817,1577
5901.395005,869,1577
5901.400007,860,1576
5901.405006,819,1581
5901.410005,842,1584
5901.415006,845,1586
5901.420006,824,1581
5901.425006,825,1586
5901.430006,854,1585
5901.435006,849,1585
5901.440005,834,1584
5901.445006,856,1584
5901.450005,842,1587
5901.455005,830,1582
5901.460006,846,1586
5901.465006,848,1586
5901.470007,836,1583
5901.475006,829,1577
5901.480006,853,1594
5901.485006,839,1582
5901.490006,841,1592
5901.495006,871,1594
5901.500006,852,1595
5901.505006,817,1602
5901.510006,856,1599
5901.515006,846,1607
5901.520006,832,1608
5901.525006,830,1608
5901.530005,859,1611
5901.535005,850,1613
5901.540006,841,1610
5901.545007,858,1617
5901.550005,859,1617
5901.555007,834,1602
5901.560006,859,1619
5901.565007,850,1620
5901.570006,831,1614
5901.575006,833,1618
5901.580006,864,1614
5901.585006,848,1619
5901.590006,835,1622
5901.595006,863,1615
5901.600005,854,1621
5901.605006,821,1627
5901.610006,841,1627
5901.615006,869,1629
5901.620006,830,1629
5901.625005,833,1629
5901.630005,865,1617
5901.635005,846,1616
5901.640006,829,1634
5901.645005,861,1632
5901.650007,853,1622
5901.655006,824,1626
5901.660007,856,1620
5901.665006,873,1631
5901.670006,840,1621
5901.675006,856,1630
5901.680006,877,1632
5901.685006,840,1632
5901.690006,827,1638
5901.695005,879,1631
5901.700006,867,1631
5901.705007,830,1634
5901.710005,851,1638
5901.715005,867,1626
5901.720007,835,1635
5901.725005,835,1640
5901.730006,885,1637
5901.735005,849,1639
5901.740005,836,1638
5901.745006,869,1639
5901.750007,857,1638
5901.755005,828,1638
5901.760006,849,1639
5901.765005,876,1636
5901.770006,842,1639
5901.775006,845,1636
5901.780005,863,1636
5901.785005,839,1636
5901.790005,832,1636
5901.795005,867,1629
5901.800005,868,1632
5901.805006,829,1628
5901.810005,845,1630
5901.815006,869,1625
5901.820006,830,1624
5901.825005,849,1616
5901.830006,874,1622
5901.835007,833,1628
5901.840006,841,1616
5901.845007,877,1623
5901.850006,858,1620
5901.855005,822,1621
5901.860007,848,1621
5901.865007,851,1626
5901.870006,836,1632
5901.875007,836,1624
5901.880006,862,1627
5901.885006,836,1629
5901.890006,834,1618
5901.895006,874,1629
5901.900006,859,1628
5901.905006,820,1631
5901.910006,860,1629
5901.915007,858,1632
5901.920005,845,1629
5901.925006,846,1629
5901.930006,865,1629
5901.935006,833,1633
5901.940005,849,1626
5901.945007,861,1627
5901.950006,852,1627
5901.955006,843,1627
5901.960006,849,1628
5901.965006,855,1627
5901.970005,837,1627
5901.975007,830,1628
5901.980006,870,1626
5901.985006,843,1624
5901.990006,830,1626
5901.995005,882,1625
5902.000006,862,1624
5902.005006,830,1626
5902.010007,844,1626
5902.015006,865,1622
5902.020006,839,1624
5902.025005,835,1626
5902.030007,878,1625
5902.035006,863,1619
5902.040007,831,1623
5902.045006,857,1615
5902.050006,876,1620
5902.055006,824,1620
5902.060006,861,1621
5902.065006,857,1619
5902.070005,843,1618
5902.075006,835,1616
5902.080006,858,1620
5902.085006,860,1614
5902.090007,837,1619
5902.095005,864,1621
5902.100006,853,1619
5902.105005,827,1617
5902.110006,861,1621
5902.115005,869,1625
5902.120005,819,1630
5902.125006,852,1629
5902.130007,876,1630
5902.135006,854,1631
5902.140007,838,1636
5902.145006,857,1639
5902.150005,851,1640
5902.155006,844,1641
5902.160007,848,1648
5902.165006,877,1648
5902.170006,835,1648
5902.175005,842,1656
5902.180007,869,1653
5902.185005,842,1658
5902.190005,840,1647
5902.195006,878,1658
5902.200006,852,1660
5902.205006,846,1658
5902.210006,857,1660
5902.215007,859,1658
5902.220005,829,1660
5902.225006,835,1658
5902.230006,880,1652
5902.235006,838,1658
5902.240005,835,1655
5902.245006,885,1652
5902.250006,866,1652
5902.255007,824,1656
5902.260007,869,1653
5902.265005,872,1648
5902.270007,833,1653
5902.275006,837,1651
5902.280007,868,1640
5902.285006,854,1651
5902.290007,836,1650
5902.295006,865,1644
5902.300007,872,1649
5902.305007,836,1647
5902.310006,853,1646
5902.315005,870,1641
5902.320006,837,1645
5902.325007,853,1643
5902.330006,863,1646
5902.335007,857,1645
5902.340007,830,1643
5902.345006,876,1640
5902.350005,870,1639
5902.355006,840,1636
5902.360007,844,1644
5902.365006,854,1638
5902.370005,839,1641
5902.375005,834,1642
5902.380006,860,1642
5902.385007,838,1640
5902.390006,853,1637
5902.395005,869,1636
5902.400006,850,1638
5902.405006,824,1636
5902.410006,867,1634
5902.415007,868,1632
5902.420005,822,1633
5902.425005,850,1627
5902.430006,879,1626
5902.435005,850,1621
5902.440006,842,1621
5902.445007,864,1622
5902.450007,856,1614
5902.455007,835,1611
5902.460007,861,1612
5902.465005,857,1614
5902.470006,820,1614
5902.475006,854,1609
5902.480006,876,1610
5902.485006,844,1616
5902.490005,825,1612
5902.495006,872,1610
5902.500007,845,1608
5902.505006,835,1610
5902.510007,848,1605
5902.515007,869,1605
5902.520005,819,1605
5902.525007,827,1603
5902.530006,869,1600
5902.535006,831,1599
5902.540007,834,1596
5902.545006,872,1595
5902.550006,865,1592
5902.555006,828,1589
5902.560007,844,1590
5902.565006,867,1588
5902.570006,830,1584
5902.575005,826,1584
5902.580005,863,1577
5902.585005,840,1575
5902.590005,820,1578
5902.595007,850,1576
5902.600006,856,1577
5902.605005,825,1570
5902.610007,856,1570
5902.615007,848,1562
5902.620007,826,1565
5902.625007,829,1565
5902.630006,873,1560
5902.635006,831,1562
5902.640006,821,1562
5902.645005,852,1561
5902.650007,843,1563
5902.655007,835,1559
5902.660006,855,1559
5902.665006,847,1562
5902.670006,833,1562
5902.675007,834,1563
5902.680005,866,1564
5902.685006,830,1567
5902.690005,839,1567
5902.695006,856,1571
5902.700007,866,1564
5902.705006,834,1572
5902.710006,843,1573
5902.715006,848,1574
5902.720007,835,1573
5902.725006,821,1580
5902.730005,869,1572
5902.735007,841,1579
5902.740006,823,1581
5902.745007,851,1580
5902.750006,871,1577
5902.755007,831,1581
5902.760007,848,1584
5902.765005,850,1590
5902.770006,831,1585
5902.775005,837,1589
5902.780007,860,1594
5902.785006,849,1586
5902.790006,836,1595
5902.795006,855,1600
5902.800006,847,1599
5902.805007,829,1598
5902.810006,850,1591
5902.815006,861,1602
5902.820005,827,1603
5902.825006,832,1606
5902.830007,863,1605
5902.835006,833,1612
5902.840005,842,1601
5902.845007,874,1599
5902.850007,853,1609
5902.855006,824,1614
5902.860005,842,1615
5902.865005,874,1610
5902.870006,841,1609
5902.875006,846,1612
5902.880006,876,1611
5902.885007,844,1615
5902.890006,835,1615
5902.895005,854,1617
5902.900006,845,1618
5902.905007,821,1617
5902.910007,864,1617
5902.915007,851,1620
5902.920005,832,1619
5902.925005,830,1621
5902.930007,880,1617
5902.935005,840,1621
5902.940006,847,1624
5902.945005,860,1624
5902.950005,847,1625
5902.955006,834,1624
5902.960007,866,1621
5902.965006,863,1629
5902.970006,819,1628
5902.975005,844,1626
5902.980007,874,1628
5902.985006,839,1629
5902.990007,844,1625
5902.995007,870,1628
5903.000005,850,1626
5903.005006,828,1627
5903.010006,869,1624
5903.015006,866,1625
5903.020006,832,1627
5903.025006,828,1627
5903.030006,875,1624
5903.035005,855,1628
5903.040006,835,1625
5903.045006,862,1626
5903.050006,863,1618
5903.055006,844,1618
5903.060005,843,1621
5903.065006,854,1621
5903.070005,844,1618
5903.075005,836,1618
5903.080005,858,1619
5903.085006,842,1616
5903.090006,844,1615
5903.095007,872,1614
5903.100006,852,1613
5903.105005,821,1616
5903.110006,866,1611
5903.115005,856,1603
5903.120005,827,1609
5903.125005,828,1615
5903.130006,875,1608
5903.135006,835,1612
5903.140006,821,1613
5903.145005,879,1606
5903.150006,856,1611
5903.155005,816,1611
5903.160005,859,1604
5903.165005,866,1609
5903.170005,836,1606
5903.175006,827,1608
5903.180007,869,1601
5903.185006,834,1601
5903.190006,844,1601
5903.195006,861,1601
5903.200006,844,1603
5903.205006,834,1594
5903.210007,845,1597
5903.215006,865,1592
5903.220006,818,1596
5903.225006,824,1593
5903.230006,871,1592
5903.235006,844,1590
5903.240006,820,1593
5903.245005,864,1582
5903.250005,853,1595
5903.255005,819,1595
5903.260005,863,1586
5903.265006,848,1594
5903.270005,825,1594
5903.275006,846,1593
5903.280006,860,1595
5903.285006,840,1592
5903.290007,835,1594
5903.295005,857,1598
5903.300006,850,1599
5903.305006,840,1596
5903.310007,850,1597
5903.315006,855,1602
5903.320006,817,1602
5903.325005,824,1606
5903.330005,858,1608
5903.335005,833,1610
5903.340005,825,1608
5903.345006,874,1603
5903.350005,846,1613
5903.355007,835,1607
5903.360006,842,1613
5903.365006,852,1613
5903.370006,825,1610
5903.375006,841,1604
5903.380006,872,1610
5903.385005,837,1617
5903.390007,841,1615
5903.395006,877,1612
5903.400005,861,1615
5903.405007,832,1614
5903.410007,848,1612
5903.415006,879,1613
5903.420006,839,1618
5903.425006,835,1618
5903.430007,879,1616
5903.435005,837,1618
5903.440007,842,1613
5903.445005,872,1613
5903.450005,853,1614
5903.455006,845,1614
5903.460006,864,1614
5903.465006,871,1614
5903.470006,832,1616
5903.475005,836,1618
5903.480006,880,1614
5903.485006,842,1615
5903.490005,843,1614
5903.495005,856,1616
5903.500005,857,1616
5903.505005,834,1614
5903.510006,854,1614
5903.515007,862,1601
5903.520007,819,1607
5903.525007,848,1611
5903.530006,861,1613
5903.535006,852,1609
5903.540006,833,1606
5903.545006,865,1603
5903.550006,873,1602
5903.555006,822,1607
5903.560006,845,1597
5903.565005,876,1594
5903.570006,822,1595
5903.575005,839,1592
5903.580006,874,1592
5903.585006,847,1593
5903.590007,829,1590
5903.595006,876,1591
5903.600005,856,1591
5903.605006,836,1589
5903.610005,859,1582
5903.615006,866,1595
5903.620006,827,1596
5903.625006,846,1593
5903.630006,857,1599
5903.635007,858,1600
5903.640005,840,1605
5903.645006,856,1605
5903.650005,867,1606
5903.655007,830,1604
5903.660007,849,1606
5903.665007,874,1606
5903.670006,836,1605
5903.675006,836,1603
5903.680006,864,1604
5903.685006,831,1605
5903.690005,839,1600
5903.695007,870,1602
5903.700006,849,1603
5903.705007,829,1606
5903.710005,844,1605
5903.715006,861,1594
5903.720007,839,1605
5903.725006,831,1609
5903.730005,861,1609
5903.735006,860,1609
5903.740005,834,1613
5903.745005,862,1614
5903.750005,851,1618
5903.755005,830,1607
5903.760005,846,1625
5903.765007,854,1628
5903.770006,845,1626
5903.775005,850,1625
5903.780007,871,1626
5903.785007,836,1628
5903.790006,824,1630
5903.795006,869,1613
5903.800006,865,1623
5903.805006,831,1628
5903.810006,843,1624
5903.815005,864,1610
5903.820006,829,1621
5903.825006,846,1619
5903.830006,870,1619
5903.835006,836,1619
5903.840005,833,1609
5903.845006,881,1616
5903.850006,861,1615
5903.855005,844,1616
5903.860006,868,1616
5903.865006,849,1619
5903.870005,821,1620
5903.875005,828,1615
5903.880006,879,1622
5903.885006,841,1621
5903.890006,845,1620
5903.895005,878,1623
5903.900006,867,1626
5903.905005,832,1624
5903.910005,861,1624
5903.915006,854,1628
5903.920006,827,1625
5903.925006,834,1623
5903.930007,878,1617
5903.935007,855,1619
5903.940006,840,1616
5903.945006,862,1619
5903.950005,854,1620
5903.955006,840,1611
5903.960006,852,1615
5903.965006,869,1611
5903.970006,840,1614
5903.975006,847,1612
5903.980006,871,1609
5903.985006,836,1611
5903.990005,822,1611
5903.995005,873,1610
5904.000005,852,1614
5904.005005,824,1615
5904.010005,861,1611
5904.015005,855,1614
5904.020007,840,1608
5904.025006,841,1610
5904.030005,863,1609
5904.035005,848,1601
5904.040005,833,1608
5904.045005,857,1610
5904.050005,866,1603
5904.055007,835,1601
5904.060006,838,1605
5904.065005,849,1597
5904.070006,820,1600
5904.075005,829,1600
5904.080006,859,1594
5904.085006,856,1589
5904.090006,827,1587
5904.095006,878,1581
5904.100006,866,1583
5904.105006,824,1578
5904.110006,838,1578
5904.115006,854,1573
5904.120005,842,1570
5904.125005,842,1571
5904.130005,864,1571
5904.135005,836,1572
5904.140007,818,1577
5904.145005,878,1571
5904.150006,852,1573
5904.155005,840,1571
5904.160005,857,1575
5904.165006,855,1579
5904.170006,818,1582
5904.175005,843,1580
5904.180007,869,1580
5904.185006,838,1590
5904.190006,819,1593
5904.195005,862,1589
5904.200006,848,1592
5904.205005,828,1593
5904.210005,851,1595
5904.215005,874,1596
5904.220006,827,1597
5904.225006,841,1601
5904.230006,863,1600
5904.235006,850,1598
5904.240005,834,1601
5904.245006,858,1602
5904.250007,873,1604
5904.255006,840,1603
5904.260007,860,1605
5904.265006,873,1602
5904.270006,834,1606
5904.275005,842,1605
5904.280006,861,1608
5904.285005,831,1612
5904.290005,844,1612
5904.295005,864,1613
5904.300006,868,1611
5904.305007,838,1615
5904.310006,859,1615
5904.315005,871,1620
5904.320007,840,1622
5904.325006,841,1624
5904.330005,862,1625
5904.335005,840,1626
5904.340006,825,1625
5904.345007,876,1627
5904.350006,870,1628
5904.355006,833,1632
5904.360006,849,1635
5904.365006,873,1630
5904.370005,827,1635
5904.375006,843,1629
5904.380007,859,1635
5904.385006,843,1627
5904.390007,850,1636
5904.395005,872,1635
5904.400007,863,1640
5904.405006,836,1640
5904.410006,853,1636
5904.415006,880,1636
5904.420006,820,1636
5904.425007,854,1636
5904.430007,866,1637
5904.435006,841,1638
5904.440006,845,1635
5904.445006,869,1632
5904.450006,857,1635
5904.455007,825,1629
5904.460005,848,1630
5904.465006,875,1629
5904.470007,845,1627
5904.475006,848,1626
5904.480006,860,1628
5904.485006,839,1624
5904.490006,830,1625
5904.495006,859,1624
5904.500006,872,1622
5904.505006,835,1622
5904.510006,856,1617
5904.515007,867,1618
5904.520006,826,1618
5904.525005,849,1619
5904.530005,867,1618
5904.535006,835,1619
5904.540006,841,1618
5904.545006,867,1615
5904.550007,854,1613
5904.555006,822,1614
5904.560006,845,1614
5904.565006,856,1615
5904.570005,842,1609
5904.575005,853,1607
5904.580006,865,1608
5904.585006,833,1610
5904.590006,841,1606
5904.595006,861,1608
5904.600007,867,1605
5904.605006,839,1604
5904.610005,856,1606
5904.615006,852,1607
5904.620005,844,1605
5904.625006,845,1608
5904.630006,862,1607
5904.635007,857,1607
5904.640006,826,1612
5904.645005,860,1610
5904.650006,851,1609
5904.655005,824,1610
5904.660005,847,1609
5904.665006,877,1605
5904.670006,838,1599
5904.675007,842,1599
5904.680007,873,1596
5904.685005,854,1595
5904.690006,820,1597
5904.695005,879,1588
5904.700005,859,1589
5904.705005,820,1590
5904.710005,860,1588
5904.715005,862,1586
5904.720006,818,1587
5904.725006,827,1588
5904.730005,856,1588
5904.735006,844,1588
5904.740006,827,1592
5904.745005,857,1590
5904.750005,872,1590
5904.755005,828,1594
5904.760005,850,1593
5904.765006,852,1595
5904.770006,837,1586
5904.775007,849,1597
5904.780007,863,1595
5904.785007,853,1593
5904.790006,824,1588
5904.795006,878,1589
5904.800007,862,1592
5904.805006,824,1594
5904.810005,839,1593
5904.815007,866,1593
5904.820006,819,1593
5904.825006,843,1594
5904.830007,867,1592
5904.835005,837,1593
5904.840005,835,1585
5904.845006,874,1591
5904.850005,850,1593
5904.855006,835,1593
5904.860006,841,1598
5904.865007,873,1597
5904.870007,829,1599
5904.875006,844,1602
5904.880007,867,1601
5904.885006,846,1605
5904.890007,827,1606
5904.895006,865,1607
5904.900006,853,1609
5904.905005,845,1609
5904.910005,858,1610
5904.915006,860,1611
5904.920006,838,1608
5904.925007,851,1607
5904.930007,877,1609
5904.935005,848,1610
5904.940007,829,1611
5904.945007,871,1609
5904.950007,851,1611
5904.955006,817,1609
5904.960007,854,1613
5904.965005,853,1614
5904.970006,840,1610
5904.975006,833,1613
5904.980005,880,1611
5904.985006,836,1612
5904.990007,836,1603
5904.995007,872,1610
5905.000006,855,1614
5905.005006,842,1611
5905.010007,849,1613
5905.015007,869,1617
5905.020006,822,1617
5905.025005,850,1617
5905.030006,875,1617
5905.035005,840,1621
5905.040006,828,1621
5905.045006,864,1621
5905.050006,869,1619
5905.055006,844,1619
5905.060005,850,1624
5905.065006,878,1620
5905.070006,835,1621
5905.075006,831,1626
5905.080006,875,1624
5905.085005,842,1624
5905.090005,843,1622
5905.095006,877,1626
5905.100005,855,1627
5905.105006,825,1626
5905.110006,868,1627
5905.115005,875,1627
5905.120006,828,1629
5905.125007,850,1625
5905.130005,867,1629
5905.135005,856,1629
5905.140007,832,1630
5905.145005,857,1633
5905.150006,872,1627
5905.155005,829,1629
5905.160006,857,1628
5905.165006,852,1632
5905.170006,841,1628
5905.175006,835,1631
5905.180006,878,1628
5905.185005,841,1628
5905.190006,846,1627
5905.195006,869,1627
5905.200006,845,1629
5905.205005,843,1624
5905.210005,853,1626
5905.215005,870,1623
5905.220007,827,1624
5905.225007,828,1624
5905.230006,878,1622
5905.235006,837,1620
5905.240005,827,1618
5905.245005,880,1615
5905.250005,868,1613
5905.255005,823,1613
5905.260005,841,1610
5905.265007,862,1615
5905.270006,822,1613
5905.275006,849,1608
5905.280005,866,1608
5905.285005,833,1604
5905.290005,827,1606
5905.295006,879,1600
5905.300007,852,1602
5905.305006,840,1598
5905.310006,855,1594
5905.315005,854,1597
5905.320007,838,1595
5905.325006,840,1595
5905.330005,861,1591
5905.335006,834,1595
5905.340006,834,1586
5905.345006,852,1594
5905.350007,861,1592
5905.355007,828,1595
5905.360005,847,1593
5905.365005,875,1596
5905.370005,832,1596
5905.375005,831,1596
5905.380006,861,1599
5905.385007,841,1600
5905.390006,832,1600
5905.395005,873,1599
5905.400007,852,1588
5905.405007,825,1599
5905.410005,841,1601
5905.415005,872,1595
5905.420005,828,1600
5905.425006,845,1595
5905.430006,873,1596
5905.435005,852,1591
5905.440006,840,1594
5905.445006,864,1592
5905.450006,865,1590
5905.455006,819,1587
5905.460007,856,1588
5905.465006,862,1590
5905.470006,829,1590
5905.475005,827,1588
5905.480007,869,1594
5905.485006,833,1589
5905.490007,843,1589
5905.495007,854,1592
5905.500006,842,1591
5905.505006,816,1593
5905.510006,854,1588
5905.515006,867,1592
5905.520006,828,1587
5905.525005,843,1588
5905.530006,867,1589
5905.535005,834,1589
5905.540005,838,1591
5905.545006,855,1597
5905.550007,861,1589
5905.555007,827,1591
5905.560007,848,1591
5905.565005,844,1598
5905.570006,814,1594
5905.575006,849,1592
5905.580006,876,1591
5905.585006,843,1594
5905.590007,819,1588
5905.595006,855,1598
5905.600005,845,1597
5905.605006,831,1595
5905.610005,838,1604
5905.615005,848,1606
5905.620005,838,1599
5905.625005,831,1601
5905.630006,874,1598
5905.635006,833,1598
5905.640007,822,1598
5905.645006,854,1598
5905.650006,854,1602
5905.655005,825,1601
5905.660005,864,1599
5905.665006,868,1599
5905.670006,822,1601
5905.675006,838,1601
5905.680006,874,1602
5905.685006,837,1603
5905.690005,836,1604
5905.695006,853,1609
5905.700006,864,1606
5905.705007,821,1610
5905.710005,849,1599
5905.715005,870,1609
5905.720006,833,1613
5905.725006,834,1614
5905.730005,875,1611
5905.735006,851,1617
5905.740007,822,1624
5905.745007,874,1621
5905.750006,851,1625
5905.755006,825,1625
5905.760006,843,1629
5905.765005,877,1626
5905.770006,832,1627
5905.775006,843,1624
5905.780005,859,1632
5905.785005,835,1636
5905.790005,826,1634
5905.795005,874,1632
5905.800006,854,1632
5905.805007,828,1632
5905.810007,847,1636
5905.815007,873,1631
5905.820005,833,1632
5905.825005,834,1633
5905.830005,884,1629
5905.835005,839,1633
5905.840006,841,1624
5905.845006,857,1636
5905.850007,861,1632
5905.855007,828,1634
5905.860005,862,1628
5905.865006,860,1633
5905.870006,824,1634
5905.875006,835,1637
5905.880007,876,1633
5905.885005,852,1635
5905.890005,843,1634
5905.895007,867,1639
5905.900007,848,1636
5905.905006,833,1633
5905.910005,851,1633
5905.915005,874,1631
5905.920005,831,1629
5905.925005,834,1631
5905.930007,860,1629
5905.935006,850,1628
5905.940007,828,1627
5905.945006,873,1627
5905.950007,861,1626
5905.955007,830,1623
5905.960005,843,1628
5905.965005,856,1617
5905.970006,838,1623
5905.975007,829,1621
5905.980006,869,1619
5905.985005,834,1624
5905.990006,847,1620
5905.995006,875,1620
5906.000006,853,1616
5906.005006,834,1608
5906.010006,847,1612
5906.015007,857,1611
5906.020005,831,1604
5906.025006,839,1608
5906.030005,852,1608
5906.035006,849,1602
5906.040006,833,1603
5906.045006,868,1602
5906.050007,856,1601
5906.055005,832,1598
5906.060007,844,1603
5906.065006,860,1597
5906.070005,813,1601
5906.075006,839,1598
5906.080007,854,1598
5906.085005,839,1583
5906.090006,836,1592
5906.095007,859,1592
5906.100006,841,1592
5906.105006,832,1589
5906.110005,835,1592
5906.115005,867,1590
5906.120006,817,1594
5906.125006,843,1587
5906.130006,871,1589
5906.135006,831,1589
5906.140006,837,1585
5906.145005,870,1586
5906.150006,855,1585
5906.155005,818,1586
5906.160005,834,1589
5906.165005,861,1582
5906.170006,831,1577
5906.175006,842,1583
5906.180006,858,1584
5906.185006,836,1587
5906.190006,823,1588
5906.195006,871,1586
5906.200005,854,1581
5906.205005,823,1584
5906.210005,857,1582
5906.215005,846,1583
5906.220006,828,1582
5906.225006,839,1575
5906.230006,872,1583
5906.235005,834,1586
5906.240005,829,1585
5906.245006,861,1585
5906.250007,847,1589
5906.255005,815,1593
5906.260005,841,1590
5906.265007,868,1590
5906.270005,829,1593
5906.275006,840,1593
5906.280006,873,1594
5906.285005,837,1593
5906.290005,819,1597
5906.295005,871,1592
5906.300006,862,1596
5906.305007,826,1595
5906.310005,844,1596
5906.315007,873,1592
5906.320006,831,1595
5906.325006,842,1587
5906.330007,856,1597
5906.335005,849,1596
5906.340005,832,1595
5906.345007,861,1595
5906.350006,849,1598
5906.355005,844,1590
5906.360006,852,1595
5906.365005,857,1597
5906.370006,820,1598
5906.375007,833,1600
5906.380005,878,1599
5906.385006,842,1603
5906.390007,848,1595
5906.395006,869,1602
5906.400006,846,1605
5906.405005,823,1604
5906.410006,860,1602
5906.415006,861,1598
5906.420007,829,1597
5906.425005,835,1599
5906.430007,857,1596
5906.435007,840,1595
5906.440006,821,1595
5906.445006,865,1589
5906.450006,847,1585
5906.455007,838,1580
5906.460006,841,1577
5906.465007,853,1573
5906.470006,836,1572
5906.475006,831,1570
5906.480005,873,1568
5906.485007,831,1565
5906.490006,835,1558
5906.495006,878,1562
5906.500007,860,1568
5906.505006,822,1568
5906.510007,845,1566
5906.515006,864,1572
5906.520005,822,1571
5906.525007,834,1561
5906.530005,872,1577
5906.535005,849,1577
5906.540006,834,1578
5906.545006,870,1577
5906.550006,862,1582
5906.555006,822,1584
5906.560006,857,1576
5906.565006,853,1588
5906.570005,837,1589
5906.575005,834,1595
5906.580005,859,1596
5906.585006,850,1588
5906.590006,831,1599
5906.595006,858,1602
5906.600006,866,1597
5906.605005,821,1605
5906.610007,861,1604
5906.615007,852,1610
5906.620006,822,1612
5906.625007,850,1612
5906.630006,883,1613
5906.635006,845,1617
5906.640007,835,1618
5906.645006,866,1618
5906.650005,870,1621
5906.655007,829,1626
5906.660007,845,1631
5906.665006,856,1634
5906.670006,841,1635
5906.675006,853,1636
5906.680005,867,1639
5906.685006,849,1642
5906.690006,832,1645
5906.695005,863,1648
5906.700006,851,1648
5906.705007,851,1648
5906.710005,862,1656
5906.715005,865,1654
5906.720006,827,1660
5906.725006,854,1657
5906.730005,874,1660
5906.735006,847,1659
5906.740005,838,1660
5906.745005,866,1664
5906.750005,867,1660
5906.755005,830,1665
5906.760006,850,1666
5906.765006,876,1661
5906.770006,835,1660
5906.775005,855,1649
5906.780006,884,1660
5906.785006,855,1661
5906.790006,835,1664
5906.795007,884,1657
5906.800006,868,1662
5906.805006,838,1664
5906.810007,850,1664
5906.815007,873,1655
5906.820006,842,1658
5906.825007,833,1661
5906.830007,874,1654
5906.835005,850,1659
5906.840006,851,1655
5906.845006,865,1656
5906.850005,873,1653
5906.855007,834,1652
5906.860007,847,1649
5906.865006,854,1650
5906.870006,840,1648
5906.875007,832,1646
5906.880005,862,1642
5906.885005,853,1640
5906.890006,836,1636
5906.895006,862,1633
5906.900006,875,1634
5906.905006,835,1632
5906.910006,846,1634
5906.915006,872,1631
5906.920006,822,1633
5906.925007,852,1622
5906.930005,872,1624
5906.935007,837,1621
5906.940006,846,1621
5906.945005,866,1618
5906.950006,858,1611
5906.955007,838,1611
5906.960005,846,1613
5906.965005,869,1607
5906.970006,829,1611
5906.975005,833,1610
5906.980006,862,1605
5906.985006,833,1602
5906.990006,841,1600
5906.995005,871,1593
5907.000005,860,1592
5907.005005,836,1597
5907.010006,849,1593
5907.015006,859,1591
5907.020005,826,1590
5907.025006,833,1584
5907.030006,857,1580
5907.035005,839,1588
5907.040005,824,1587
5907.045006,866,1577
5907.050007,857,1585
5907.055005,821,1581
5907.060007,841,1583
5907.065007,864,1582
5907.070006,824,1581
5907.075006,828,1588
5907.080006,873,1583
5907.085007,840,1581
5907.090006,825,1585
5907.095006,872,1584
5907.100006,858,1585
5907.105005,816,1590
5907.110006,855,1593
5907.115006,856,1594
5907.120005,823,1588
5907.125006,851,1588
5907.130007,865,1596
5907.135006,831,1601
5907.140007,838,1593
5907.145006,874,1599
5907.150005,851,1604
5907.155007,839,1602
5907.160006,864,1599
5907.165006,866,1606
5907.170006,819,1605
5907.175005,848,1603
5907.180006,860,1607
5907.185006,852,1605
5907.190006,845,1605
5907.195006,861,1607
5907.200005,869,1608
5907.205006,840,1607
5907.210005,857,1611
5907.215005,857,1607
5907.220006,838,1605
5907.225007,824,1610
5907.230007,864,1613
5907.235006,838,1614
5907.240007,848,1610
5907.245006,866,1611
5907.250006,868,1611
5907.255007,820,1616
5907.260006,859,1611
5907.265006,874,1613
5907.270007,831,1613
5907.275005,843,1612
5907.280007,867,1616
5907.285007,837,1603
5907.290005,830,1616
5907.295005,859,1615
5907.300006,869,1616
5907.305006,830,1615
5907.310007,840,1619
5907.315006,870,1612
5907.320006,830,1616
5907.325005,826,1620
5907.330006,871,1616
5907.335006,856,1616
5907.340006,829,1615
5907.345006,856,1621
5907.350006,873,1613
5907.355006,839,1615
5907.360005,850,1617
5907.365006,862,1609
5907.370006,823,1607
5907.375005,846,1603
5907.380006,864,1612
5907.385006,843,1616
5907.390006,834,1615
5907.395006,865,1612
5907.400005,868,1612
5907.405007,831,1614
5907.410006,863,1611
5907.415006,865,1613
5907.420006,819,1616
5907.425006,845,1615
5907.430006,874,1607
5907.435005,833,1617
5907.440006,841,1615
5907.445006,859,1614
5907.450005,867,1613
5907.455005,838,1616
5907.460006,842,1619
5907.465007,869,1618
5907.470005,824,1619
5907.475006,845,1617
5907.480005,873,1616
5907.485006,844,1617
5907.490006,831,1617
5907.495007,882,1613
5907.500007,870,1613
5907.505005,837,1616
5907.510005,853,1611
5907.515006,862,1612
5907.520007,845,1605
5907.525006,850,1609
5907.530006,861,1608
5907.535006,852,1608
5907.540006,839,1605
5907.545006,856,1609
5907.550006,866,1599
5907.555006,837,1606
5907.560006,858,1592
5907.565005,874,1601
5907.570006,840,1599
5907.575007,846,1599
5907.580006,861,1598
5907.585006,851,1593
5907.590006,836,1598
5907.595007,860,1598
5907.600006,869,1600
5907.605006,828,1598
5907.610006,849,1600
5907.615006,876,1595
5907.620006,818,1603
5907.625007,838,1603
5907.630005,865,1604
5907.635005,839,1605
5907.640005,849,1603
5907.645006,868,1603
5907.650005,863,1601
5907.655006,825,1605
5907.660005,849,1600
5907.665005,875,1603
5907.670005,827,1603
5907.675005,829,1603
5907.680007,874,1596
5907.685006,850,1597
5907.690005,825,1597
5907.695006,861,1587
5907.700006,865,1596
5907.705006,827,1594
5907.710006,852,1594
5907.715006,856,1594
5907.720006,837,1586
5907.725005,839,1597
5907.730006,861,1594
5907.735006,846,1597
5907.740005,825,1602
5907.745005,876,1601
5907.750005,852,1603
5907.755005,828,1603
5907.760006,866,1605
5907.765006,857,1607
5907.770005,843,1605
5907.775006,831,1610
5907.780006,858,1612
5907.785005,850,1609
5907.790005,838,1608
5907.795005,876,1610
5907.800006,851,1613
5907.805007,829,1613
5907.810007,849,1613
5907.815007,871,1609
5907.820006,845,1609
5907.825005,840,1615
5907.830005,863,1613
5907.835006,852,1612
5907.840007,831,1612
5907.845006,875,1609
5907.850005,861,1615
5907.855006,821,1617
5907.860005,864,1617
5907.865006,858,1622
5907.870006,841,1623
5907.875006,833,1623
5907.880006,873,1625
5907.885005,861,1624
5907.890006,829,1628
5907.895006,881,1626
5907.900006,862,1630
5907.905006,826,1632
5907.910006,846,1633
5907.915007,854,1634
5907.920005,842,1629
5907.925006,837,1630
5907.930007,876,1629
5907.935005,844,1625
5907.940007,828,1626
5907.945006,880,1624
5907.950005,861,1625
5907.955006,825,1629
5907.960007,860,1624
5907.965005,876,1624
5907.970006,833,1625
5907.975006,838,1622
5907.980006,869,1622
5907.985006,861,1621
5907.990005,824,1629
5907.995005,860,1626
5908.000006,868,1625
5908.005007,835,1623
5908.010005,867,1625
5908.015006,860,1628
5908.020005,840,1621
5908.025006,846,1626
5908.030006,859,1629
5908.035006,852,1627
5908.040006,832,1628
5908.045006,859,1629
5908.050006,862,1620
5908.055006,827,1626
5908.060006,847,1626
5908.065005,869,1623
5908.070006,829,1621
5908.075005,830,1625
5908.080006,878,1621
5908.085006,847,1619
5908.090006,836,1620
5908.095007,875,1617
5908.100007,863,1617
5908.105006,821,1616
5908.110006,844,1617
5908.115006,864,1615
5908.120005,838,1615
5908.125006,828,1613
5908.130006,879,1607
5908.135007,838,1612
5908.140005,842,1606
5908.145006,868,1610
5908.150007,849,1608
5908.155006,828,1609
5908.160006,850,1608
5908.165006,847,1604
5908.170006,832,1606
5908.175006,829,1605
5908.180005,874,1603
5908.185006,835,1604
5908.190005,843,1599
5908.195007,878,1604
5908.200006,863,1599
5908.205006,816,1602
5908.210006,859,1598
5908.215007,861,1602
5908.220006,826,1597
5908.225006,832,1598
5908.230006,865,1592
5908.235006,855,1594
5908.240005,828,1593
5908.245005,874,1598
5908.250005,855,1597
5908.255006,845,1598
5908.260007,863,1599
5908.265005,860,1599
5908.270007,831,1596
5908.275006,841,1594
5908.280005,862,1605
5908.285005,833,1606
5908.290005,829,1605
5908.295006,878,1603
5908.300006,862,1605
5908.305006,825,1606
5908.310006,869,1601
5908.315006,868,1601
5908.320006,835,1604
5908.325006,827,1608
5908.330007,878,1600
5908.335005,849,1604
5908.340006,831,1601
5908.345007,862,1604
5908.350006,849,1605
5908.355006,841,1604
5908.360006,851,1606
5908.365005,859,1608
5908.370006,827,1606
5908.375007,845,1606
5908.380005,873,1610
5908.385006,831,1612
5908.390007,843,1613
5908.395006,872,1611
5908.400006,855,1611
5908.405006,820,1611
5908.410005,845,1608
5908.415006,876,1603
5908.420007,826,1603
5908.425006,824,1607
5908.430006,881,1600
5908.435006,838,1602
5908.440006,827,1599
5908.445005,873,1593
5908.450005,863,1594
5908.455006,834,1595
5908.460007,852,1595
5908.465006,865,1589
5908.470007,824,1595
5908.475006,827,1598
5908.480006,874,1596
5908.485005,843,1601
5908.490005,825,1602
5908.495005,868,1602
5908.500005,846,1608
5908.505006,835,1604
5908.510006,848,1611
5908.515006,851,1611
5908.520006,835,1606
5908.525005,829,1607
5908.530006,875,1611
5908.535006,833,1610
5908.540006,832,1609
5908.545007,865,1606
5908.550005,850,1611
5908.555007,818,1603
5908.560006,867,1601
5908.565005,875,1601
5908.570006,824,1604
5908.575005,825,1606
5908.580006,875,1602
5908.585007,842,1603
5908.590005,826,1605
5908.595006,859,1604
5908.600006,866,1602
5908.605006,837,1602
5908.610005,852,1607
5908.615006,849,1607
5908.620006,832,1607
5908.625006,840,1605
5908.630006,855,1608
5908.635006,852,1607
5908.640006,846,1603
5908.645006,855,1608
5908.650005,861,1607
5908.655006,826,1608
5908.660005,865,1605
5908.665005,860,1609
5908.670006,817,1615
5908.675007,850,1608
5908.680007,870,1611
5908.685005,831,1614
5908.690006,837,1613
5908.695006,853,1616
5908.700005,859,1612
5908.705005,818,1617
5908.710006,862,1611
5908.715007,857,1610
5908.720006,829,1601
5908.725005,845,1611
5908.730006,863,1611
5908.735005,850,1605
5908.740005,825,1613
5908.745006,854,1611
5908.750006,859,1609
5908.755006,826,1602
5908.760006,850,1612
5908.765006,869,1610
5908.770006,821,1611
5908.775006,828,1611
5908.780005,856,1617
5908.785006,831,1613
5908.790005,825,1610
5908.795005,867,1611
5908.800006,850,1613
5908.805007,832,1612
5908.810006,843,1611
5908.815005,875,1608
5908.820007,831,1609
5908.825006,840,1605
5908.830007,858,1610
5908.835005,856,1603
5908.840005,840,1590
5908.845006,863,1602
5908.850006,848,1606
5908.855005,835,1605
5908.860006,844,1604
5908.865005,868,1600
5908.870005,838,1601
5908.875006,847,1599
5908.880006,856,1604
5908.885005,852,1600
5908.890007,825,1599
5908.895007,856,1604
5908.900006,864,1603
5908.905006,826,1602
5908.910006,839,1605
5908.915006,866,1604
5908.920007,832,1604
5908.925006,824,1612
5908.930006,870,1615
5908.935006,835,1609
5908.940005,841,1611
5908.945006,864,1610
5908.950005,852,1613
5908.955005,819,1613
5908.960005,856,1608
5908.965005,862,1609
5908.970006,833,1614
5908.975006,840,1613
5908.980006,875,1614
5908.985006,846,1615
5908.990005,822,1619
5908.995005,872,1618
5909.000006,857,1616
5909.005006,825,1622
5909.010006,845,1623
5909.015007,868,1622
5909.020005,822,1622
5909.025006,848,1623
5909.030005,881,1622
5909.035005,846,1623
5909.040005,834,1625
5909.045006,857,1626
5909.050006,862,1625
5909.055006,828,1623
5909.060006,852,1624
5909.065006,857,1621
5909.070005,826,1618
5909.075006,831,1623
5909.080007,874,1619
5909.085005,846,1620
5909.090005,827,1624
5909.095007,882,1620
5909.100007,847,1622
5909.105006,840,1616
5909.110005,855,1616
5909.115005,857,1621
5909.120006,839,1619
5909.125006,838,1618
5909.130006,867,1621
5909.135007,839,1619
5909.140006,843,1617
5909.145006,862,1621
5909.150006,850,1619
5909.155005,838,1614
5909.160005,865,1613
5909.165006,858,1616
5909.170007,821,1615
5909.175005,837,1603
5909.180006,870,1606
5909.185006,838,1606
5909.190005,825,1607
5909.195006,875,1607
5909.200006,861,1601
5909.205007,816,1604
5909.210005,861,1602
5909.215006,851,1604
5909.220006,836,1601
5909.225006,829,1600
5909.230006,857,1604
5909.235006,832,1602
5909.240006,842,1595
5909.245005,873,1600
5909.250005,858,1604
5909.255006,825,1604
5909.260006,842,1604
5909.265007,854,1603
5909.270005,836,1603
5909.275006,836,1608
5909.280005,856,1607
5909.285006,851,1610
5909.290007,824,1609
5909.295005,854,1613
5909.300006,854,1610
5909.305006,844,1608
5909.310005,841,1613
5909.315006,868,1608
5909.320005,835,1613
5909.325006,832,1612
5909.330007,852,1616
5909.335006,830,1618
5909.340007,842,1613
5909.345006,860,1614
5909.350006,847,1615
5909.355005,826,1606
5909.360005,865,1614
5909.365005,864,1613
5909.370006,833,1608
5909.375006,830,1614
5909.380007,853,1610
5909.385005,846,1611
5909.390007,837,1611
5909.395006,866,1607
5909.400007,861,1610
5909.405007,824,1609
5909.410006,844,1611
5909.415006,868,1609
5909.420007,821,1608
5909.425005,849,1606
5909.430006,863,1605
5909.435006,852,1600
5909.440006,830,1598
5909.445005,856,1597
5909.450005,867,1595
5909.455005,830,1592
5909.460005,840,1592
5909.465005,853,1587
5909.470006,838,1588
5909.475006,841,1585
5909.480006,860,1588
5909.485006,835,1589
5909.490006,836,1586
5909.495005,866,1587
5909.500005,865,1584
5909.505005,821,1592
5909.510005,837,1591
5909.515007,870,1591
5909.520006,828,1592
5909.525006,830,1595
5909.530005,859,1597
5909.535006,827,1597
5909.540007,835,1597
5909.545005,860,1596
5909.550005,849,1598
5909.555006,821,1603
5909.560005,858,1593
5909.565006,867,1599
5909.570006,833,1600
5909.575007,835,1603
5909.580007,855,1605
5909.585007,856,1602
5909.590006,840,1605
5909.595006,873,1607
5909.600006,850,1606
5909.605006,834,1606
5909.610005,843,1611
5909.615005,854,1612
5909.620005,822,1618
5909.625005,855,1614
5909.630005,874,1620
5909.635005,837,1622
5909.640006,843,1624
5909.645007,879,1622
5909.650006,858,1624
5909.655006,820,1628
5909.660006,858,1625
5909.665006,854,1629
5909.670006,837,1625
5909.675005,840,1622
5909.680007,881,1622
5909.685005,844,1621
5909.690006,825,1624
5909.695006,872,1621
5909.700005,859,1616
5909.705005,825,1618
5909.710006,849,1620
5909.715006,874,1616
5909.720007,829,1617
5909.725007,841,1615
5909.730006,861,1622
5909.735006,846,1619
5909.740007,849,1617
5909.745006,864,1619
5909.750007,850,1619
5909.755006,836,1622
5909.760007,854,1621
5909.765006,861,1621
5909.770005,837,1615
5909.775006,845,1617
5909.780005,855,1625
5909.785005,852,1614
5909.790005,829,1618
5909.795005,879,1613
5909.800006,853,1610
5909.805007,828,1607
5909.810006,868,1604
5909.815005,865,1605
5909.820007,820,1604
5909.825006,843,1603
5909.830006,856,1601
5909.835007,854,1598
5909.840005,836,1596
5909.845006,860,1598
5909.850005,846,1598
5909.855006,817,1600
5909.860007,859,1600
5909.865006,858,1601
5909.870006,844,1598
5909.875006,833,1600
5909.880007,871,1602
5909.885005,839,1601
5909.890007,837,1604
5909.895005,857,1607
5909.900006,867,1609
5909.905006,825,1607
5909.910006,851,1606
5909.915007,874,1606
5909.920006,825,1607
5909.925006,834,1610
5909.930006,869,1608
5909.935005,838,1608
5909.940007,841,1609
5909.945005,857,1610
5909.950005,863,1603
5909.955006,828,1612
5909.960007,843,1613
5909.965005,871,1610
5909.970007,823,1615
5909.975005,842,1606
5909.980006,864,1618
5909.985006,840,1618
5909.990005,847,1618
5909.995005,857,1621
5910.000005,864,1621
5910.005006,832,1625
5910.010006,853,1619
5910.015006,864,1618
5910.020005,834,1625
5910.025006,836,1624
5910.030005,857,1628
5910.035005,844,1624
5910.040006,826,1622
5910.045006,870,1621
5910.050006,850,1625
5910.055006,834,1619
5910.060005,856,1618
5910.065007,851,1620
5910.070006,822,1620
5910.075006,843,1612
5910.080006,876,1615
5910.085006,851,1613
5910.090006,843,1610
5910.095005,866,1613
5910.100006,850,1614
5910.105005,829,1611
5910.110006,844,1612
5910.115007,850,1613
5910.120006,831,1613
5910.125007,851,1609
5910.130006,879,1611
5910.135006,834,1614
5910.140006,834,1610
5910.145007,861,1612
5910.150006,852,1612
5910.155005,847,1605
5910.160006,852,1609
5910.165006,872,1611
5910.170005,821,1607
5910.175006,849,1605
5910.180006,866,1606
5910.185006,846,1603
5910.190005,825,1607
5910.195006,876,1599
5910.200006,850,1605
5910.205006,819,1607
5910.210006,858,1598
5910.215006,858,1600
5910.220007,840,1595
5910.225005,836,1601
5910.230006,862,1598
5910.235006,846,1596
5910.240005,830,1601
5910.245005,879,1598
5910.250005,865,1598
5910.255005,834,1597
5910.260005,848,1600
5910.265007,856,1599
5910.270005,839,1601
5910.275006,844,1599
5910.280005,876,1601
5910.285005,845,1604
5910.290005,828,1602
5910.295006,877,1601
5910.300006,852,1601
5910.305007,835,1595
5910.310006,859,1603
5910.315005,855,1606
5910.320006,833,1606
5910.325006,829,1608
5910.330007,869,1607
5910.335005,834,1611
5910.340005,837,1609
5910.345006,859,1612
5910.350006,862,1609
5910.355006,826,1610
5910.360006,842,1610
5910.365005,869,1616
5910.370006,824,1617
5910.375006,855,1609
5910.380005,862,1620
5910.385005,852,1613
5910.390007,839,1615
5910.395006,863,1617
5910.400005,863,1611
5910.405006,840,1615
5910.410006,849,1616
5910.415006,860,1614
5910.420005,817,1614
5910.425005,839,1614
5910.430006,866,1612
5910.435007,842,1612
5910.440006,823,1611
5910.445007,871,1608
5910.450007,860,1604
5910.455006,826,1605
5910.460006,857,1606
5910.465007,861,1606
5910.470005,818,1609
5910.475006,848,1607
5910.480005,867,1604
5910.485006,842,1610
5910.490006,833,1609
5910.495005,863,1608
5910.500005,845,1614
5910.505005,839,1611
5910.510005,853,1613
5910.515006,852,1615
5910.520005,839,1614
5910.525006,848,1612
5910.530006,861,1615
5910.535005,851,1613
5910.540006,825,1614
5910.545007,877,1610
5910.550006,851,1615
5910.555007,819,1614
5910.560006,856,1611
5910.565005,872,1613
5910.570006,829,1612
5910.575006,825,1615
5910.580007,854,1618
5910.585006,838,1610
5910.590006,841,1609
5910.595007,862,1611
5910.600006,846,1609
5910.605005,833,1605
5910.610006,850,1609
5910.615006,859,1608
5910.620006,836,1608
5910.625007,837,1606
5910.630005,871,1603
5910.635005,837,1608
5910.640007,828,1608
5910.645007,852,1610
5910.650006,869,1604
5910.655006,824,1605
5910.660006,843,1610
5910.665006,856,1608
5910.670006,817,1611
5910.675006,834,1609
5910.680007,874,1608
5910.685005,855,1605
5910.690006,827,1607
5910.695007,872,1605
5910.700006,850,1606
5910.705006,831,1604
5910.710006,851,1606
5910.715006,858,1603
5910.720006,826,1603
5910.725006,829,1602
5910.730005,867,1600
5910.735007,840,1602
5910.740006,841,1597
5910.745007,863,1598
5910.750007,849,1598
5910.755006,830,1599
5910.760006,853,1598
5910.765006,855,1598
5910.770006,835,1596
5910.775007,840,1599
5910.780006,863,1596
5910.785007,844,1591
5910.790006,836,1596
5910.795005,862,1597
5910.800005,848,1595
5910.805006,817,1599
5910.810005,860,1595
5910.815006,854,1598
5910.820005,817,1596
5910.825005,838,1597
5910.830006,862,1594
5910.835007,833,1597
5910.840006,840,1596
5910.845007,866,1594
5910.850006,849,1603
5910.855005,836,1595
5910.860006,850,1594
5910.865006,852,1598
5910.870005,817,1597
5910.875005,848,1596
5910.880005,866,1597
5910.885005,835,1597
5910.890006,829,1594
5910.895005,873,1595
5910.900006,850,1601
5910.905006,819,1597
5910.910005,856,1596
5910.915005,859,1594
5910.920005,822,1596
5910.925005,831,1588
5910.930006,863,1598
5910.935005,839,1603
5910.940006,818,1601
5910.945005,869,1599
5910.950005,861,1603
5910.955006,824,1601
5910.960006,859,1605
5910.965006,865,1604
5910.970006,829,1604
5910.975005,837,1606
5910.980006,856,1609
5910.985006,851,1607
5910.990005,838,1609
5910.995006,863,1611
5911.000006,849,1613
5911.005006,835,1608
5911.010006,860,1611
5911.015006,852,1616
5911.020006,841,1613
5911.025005,841,1614
5911.030006,857,1613
5911.035006,845,1613
5911.040006,828,1613
5911.045007,862,1611
5911.050005,858,1608
5911.055006,827,1609
5911.060006,845,1612
5911.065006,871,1603
5911.070006,835,1592
5911.075005,846,1604
5911.080005,869,1603
5911.085006,844,1610
5911.090007,838,1606
5911.095007,864,1604
5911.100006,846,1608
5911.105005,822,1604
5911.110007,844,1606
5911.115006,857,1606
5911.120005,841,1604
5911.125005,830,1603
5911.130005,878,1610
5911.135006,851,1606
5911.140007,846,1606
5911.145006,862,1607
5911.150005,849,1611
5911.155007,841,1607
5911.160007,841,1609
5911.165006,856,1611
5911.170006,835,1608
5911.175007,830,1607
5911.180005,875,1599
5911.185007,857,1607
5911.190007,831,1608
5911.195006,863,1597
5911.200005,864,1608
5911.205006,831,1606
5911.210005,849,1607
5911.215006,849,1613
5911.220006,838,1608
5911.225007,833,1611
5911.230006,863,1610
5911.235005,838,1612
5911.240006,836,1613
5911.245006,880,1615
5911.250006,862,1615
5911.255006,833,1616
5911.260006,853,1616
5911.265007,861,1621
5911.270006,822,1625
5911.275006,835,1623
5911.280006,877,1625
5911.285005,852,1617
5911.290005,835,1623
5911.295006,858,1625
5911.300006,865,1625
5911.305006,830,1618
5911.310006,844,1623
5911.315006,865,1620
5911.320005,829,1621
5911.325005,842,1615
5911.330006,867,1619
5911.335007,835,1621
5911.340006,843,1619
5911.345006,867,1617
5911.350006,858,1616
5911.355006,833,1618
5911.360006,856,1618
5911.365006,861,1617
5911.370006,822,1624
5911.375006,838,1621
5911.380006,868,1624
5911.385006,856,1621
5911.390005,830,1626
5911.395007,857,1626
5911.400006,875,1626
5911.405006,827,1630
5911.410006,867,1631
5911.415007,864,1628
5911.420005,821,1631
5911.425005,847,1631
5911.430007,865,1633
5911.435005,860,1629
5911.440006,846,1628
5911.445005,868,1629
5911.450005,866,1627
5911.455005,824,1629
5911.460005,846,1631
5911.465006,855,1630
5911.470006,845,1628
5911.475006,843,1628
5911.480005,870,1631
5911.485006,840,1633
5911.490005,849,1628
5911.495006,855,1640
5911.500006,867,1621
5911.505007,841,1629
5911.510006,854,1632
5911.515007,867,1634
5911.520006,823,1630
5911.525006,852,1631
5911.530005,868,1632
5911.535005,848,1630
5911.540005,827,1631
5911.545006,874,1628
5911.550007,857,1628
5911.555006,834,1623
5911.560006,857,1612
5911.565005,864,1621
5911.570006,826,1616
5911.575006,828,1619
5911.580005,880,1611
5911.585005,838,1609
5911.590005,838,1607
5911.595006,868,1601
5911.600005,858,1601
5911.605006,829,1600
5911.610006,837,1598
5911.615005,858,1590
5911.620006,835,1593
5911.625006,830,1595
5911.630006,856,1591
5911.635007,850,1590
5911.640005,830,1589
5911.645006,851,1591
5911.650006,846,1593
5911.655006,834,1582
5911.660005,838,1592
5911.665005,852,1594
5911.670005,836,1577
5911.675005,835,1592
5911.680006,862,1592
5911.685006,831,1595
5911.690005,822,1593
5911.695006,872,1594
5911.700005,856,1591
5911.705005,822,1594
5911.710005,839,1593
5911.715005,867,1595
5911.720006,822,1595
5911.725005,827,1597
5911.730006,882,1596
5911.735006,852,1595
5911.740006,829,1598
5911.745006,854,1598
5911.750006,857,1596
5911.755006,821,1600
5911.760006,842,1600
5911.765007,868,1601
5911.770006,831,1602
5911.775005,828,1598
5911.780006,877,1602
5911.785005,851,1600
5911.790005,839,1603
5911.795005,860,1606
5911.800005,867,1602
5911.805007,822,1604
5911.810006,840,1603
5911.815005,858,1603
5911.820006,826,1603
5911.825006,830,1602
5911.830007,878,1605
5911.835005,836,1603
5911.840005,820,1608
5911.845007,876,1601
5911.850005,867,1599
5911.855006,833,1598
5911.860006,852,1597
5911.865006,867,1597
5911.870006,824,1595
5911.875007,843,1594
5911.880006,868,1593
5911.885006,835,1596
5911.890006,836,1594
5911.895006,854,1596
5911.900005,867,1593
5911.905006,816,1597
5911.910007,853,1596
5911.915007,862,1597
5911.920006,823,1602
5911.925006,833,1605
5911.930007,882,1601
5911.935006,839,1610
5911.940006,827,1610
5911.945005,867,1612
5911.950005,862,1614
5911.955006,828,1618
5911.960006,853,1619
5911.965006,877,1620
5911.970006,827,1625
5911.975006,840,1618
5911.980005,869,1626
5911.985006,841,1633
5911.990005,827,1634
5911.995006,875,1631
5912.000006,854,1638
5912.005007,845,1635
5912.010005,865,1636
5912.015006,866,1634
5912.020006,824,1641
5912.025005,850,1637
5912.030006,865,1641
5912.035007,860,1638
5912.040007,831,1641
5912.045007,884,1638
5912.050005,862,1639
5912.055006,821,1639
5912.060005,866,1638
5912.065006,868,1637
5912.070006,832,1638
5912.075005,840,1639
5912.080005,867,1633
5912.085006,854,1638
5912.090006,843,1637
5912.095007,873,1640
5912.100007,867,1639
5912.105007,836,1638
5912.110006,858,1638
5912.115005,872,1640
5912.120005,829,1641
5912.125005,849,1640
5912.130006,867,1641
5912.135006,851,1640
5912.140007,834,1645
5912.145006,865,1643
5912.150005,857,1642
5912.155006,825,1645
5912.160006,850,1640
5912.165007,881,1637
5912.170005,839,1640
5912.175005,840,1639
5912.180006,857,1643
5912.185007,854,1634
5912.190006,824,1634
5912.195005,867,1632
5912.200006,869,1629
5912.205007,820,1631
5912.210006,860,1627
5912.215006,861,1624
5912.220007,824,1625
5912.225006,837,1622
5912.230006,868,1616
5912.235005,837,1618
5912.240005,841,1617
5912.245005,863,1614
5912.250006,849,1613
5912.255006,842,1614
5912.260007,843,1617
5912.265005,872,1610
5912.270006,831,1608
5912.275006,833,1612
5912.280005,862,1603
5912.285005,855,1605
5912.290005,833,1610
5912.295006,857,1610
5912.300007,847,1613
5912.305005,830,1611
5912.310006,840,1609
5912.315006,852,1609
5912.320005,841,1605
5912.325005,840,1608
5912.330006,858,1608
5912.335007,850,1597
5912.340005,832,1606
5912.345007,853,1608
5912.350006,844,1610
5912.355006,826,1603
5912.360005,841,1604
5912.365006,859,1606
5912.370006,819,1601
5912.375006,847,1605
5912.380006,863,1604
5912.385006,853,1599
5912.390006,832,1603
5912.395006,869,1599
5912.400005,851,1602
5912.405007,835,1590
5912.410006,851,1599
5912.415006,859,1598
5912.420006,820,1598
5912.425007,844,1587
5912.430005,869,1594
5912.435006,852,1591
5912.440006,838,1588
5912.445005,851,1587
5912.450006,862,1581
5912.455007,829,1578
5912.460006,837,1579
5912.465007,847,1573
5912.470006,838,1569
5912.475005,831,1572
5912.480006,865,1558
5912.485005,848,1568
5912.490005,820,1566
5912.495005,866,1569
5912.500005,863,1565
5912.505005,831,1569
5912.510005,842,1571
5912.515007,865,1571
5912.520005,831,1573
5912.525006,827,1576
5912.530005,870,1571
5912.535005,848,1573
5912.540006,833,1572
5912.545007,861,1574
5912.550005,845,1578
5912.555006,825,1568
5912.560006,853,1583
5912.565006,856,1581
5912.570005,838,1580
5912.575005,833,1582
5912.580005,854,1587
5912.585005,856,1587
5912.590005,827,1586
5912.595006,862,1575
5912.600006,854,1592
5912.605005,821,1590
5912.610007,861,1599
5912.615007,871,1601
5912.620007,830,1606
5912.625006,832,1609
5912.630006,854,1620
5912.635006,854,1616
5912.640007,826,1622
5912.645006,863,1611
5912.650006,862,1625
5912.655006,819,1628
5912.660006,844,1631
5912.665007,868,1628
5912.670005,829,1630
5912.675006,829,1633
5912.680006,862,1630
5912.685005,854,1626
5912.690007,833,1626
5912.695006,882,1626
5912.700006,859,1625
5912.705007,824,1625
5912.710005,842,1630
5912.715005,878,1625
5912.720007,840,1624
5912.725006,838,1627
5912.730006,858,1629
5912.735005,847,1627
5912.740005,845,1624
5912.745006,882,1630
5912.750007,855,1632
5912.755006,840,1634
5912.760006,846,1636
5912.765007,862,1635
5912.770005,835,1636
5912.775006,836,1639
5912.780005,867,1638
5912.785005,839,1642
5912.790006,846,1642
5912.795007,878,1639
5912.800007,860,1639
5912.805006,821,1641
5912.810005,840,1642
5912.815006,865,1625
5912.820006,835,1638
5912.825005,832,1641
5912.830006,869,1638
5912.835007,859,1631
5912.840005,837,1635
5912.845007,861,1636
5912.850005,857,1624
5912.855006,841,1634
5912.860005,841,1641
5912.865006,876,1631
5912.870005,832,1635
5912.875005,831,1634
5912.880005,875,1632
5912.885006,838,1633
5912.890007,845,1627
5912.895006,857,1631
5912.900006,869,1628
5912.905005,822,1632
5912.910006,856,1621
5912.915006,850,1625
5912.920006,831,1625
5912.925006,832,1619
5912.930006,879,1618
5912.935006,841,1622
5912.940005,832,1615
5912.945006,867,1613
5912.950006,850,1613
5912.955006,842,1607
5912.960005,851,1607
5912.965005,852,1599
5912.970007,829,1609
5912.975005,827,1610
5912.980006,879,1607
5912.985005,847,1605
5912.990006,840,1601
5912.995006,851,1611
5913.000006,848,1610
5913.005006,836,1606
5913.010006,843,1606
5913.015007,852,1609
5913.020006,825,1599
5913.025005,844,1597
5913.030006,879,1599
5913.035006,852,1601
5913.040006,828,1602
5913.045007,859,1602
5913.050006,849,1603
5913.055006,834,1606
5913.060005,852,1604
5913.065006,863,1601
5913.070006,831,1600
5913.075006,834,1598
5913.080007,872,1596
5913.085005,847,1595
5913.090006,829,1593
5913.095006,863,1595
5913.100006,856,1593
5913.105005,825,1593
5913.110006,840,1592
5913.115005,872,1592
5913.120006,835,1593
5913.125006,827,1593
5913.130006,854,1594
5913.135007,842,1593
5913.140006,834,1596
5913.145006,866,1592
5913.150005,851,1597
5913.155006,817,1599
5913.160006,857,1591
5913.165006,857,1594
5913.170007,821,1596
5913.175005,847,1595
5913.180006,876,1593
5913.185006,855,1592
5913.190005,832,1587
5913.195007,857,1590
5913.200006,855,1588
5913.205007,830,1588
5913.210006,851,1587
5913.215006,859,1584
5913.220006,822,1587
5913.225005,847,1584
5913.230006,868,1582
5913.235007,840,1584
5913.240006,826,1583
5913.245005,861,1580
5913.250006,849,1579
5913.255006,834,1572
5913.260006,856,1576
5913.265006,859,1574
5913.270005,831,1576
5913.275007,833,1574
5913.280006,852,1574
5913.285005,852,1564
5913.290005,835,1572
5913.295005,863,1573
5913.300005,849,1572
5913.305007,816,1575
5913.310005,858,1574
5913.315006,860,1579
5913.320005,819,1574
5913.325005,844,1574
5913.330006,870,1573
5913.335007,837,1577
5913.340005,841,1574
5913.345007,853,1582
5913.350006,862,1585
5913.355006,817,1588
5913.360006,851,1587
5913.365005,861,1587
5913.370005,820,1591
5913.375005,846,1583
5913.380005,877,1597
5913.385005,850,1601
5913.390007,837,1600
5913.395006,853,1608
5913.400006,860,1605
5913.405005,822,1610
5913.410005,859,1606
5913.415005,864,1609
5913.420005,831,1611
5913.425005,833,1614
5913.430007,882,1614
5913.435006,853,1614
5913.440006,836,1620
5913.445005,862,1617
5913.450005,851,1624
5913.455005,823,1622
5913.460005,847,1624
5913.465006,855,1627
5913.470006,843,1626
5913.475006,837,1626
5913.480005,874,1621
5913.485006,857,1629
5913.490005,834,1632
5913.495006,864,1632
5913.500006,864,1632
5913.505005,830,1633
5913.510005,849,1633
5913.515006,870,1632
5913.520006,826,1636
5913.525005,854,1633
5913.530006,877,1635
5913.535007,850,1634
5913.540006,830,1638
5913.545006,880,1629
5913.550005,870,1635
5913.555006,835,1635
5913.560005,850,1635
5913.565006,861,1636
5913.570006,842,1634
5913.575005,852,1636
5913.580006,867,1637
5913.585007,862,1642
5913.590006,838,1640
5913.595006,858,1643
5913.600005,867,1645
5913.605007,834,1642
5913.610007,849,1644
5913.615007,858,1647
5913.620007,824,1651
5913.625006,859,1644
5913.630005,874,1651
5913.635005,843,1652
5913.640006,849,1648
5913.645007,882,1651
5913.650006,867,1653
5913.655007,828,1652
5913.660007,856,1649
5913.665006,856,1656
5913.670006,844,1650
5913.675006,841,1650
5913.680006,868,1653
5913.685005,855,1650
5913.690007,829,1653
5913.695006,856,1653
5913.700007,868,1645
5913.705007,823,1654
5913.710006,845,1652
5913.715005,861,1648
5913.720007,821,1652
5913.725006,854,1644
5913.730007,873,1644
5913.735006,844,1646
5913.740006,827,1645
5913.745006,857,1643
5913.750007,851,1645
5913.755006,832,1641
5913.760007,858,1640
5913.765005,864,1639
5913.770006,821,1638
5913.775006,845,1636
5913.780005,869,1635
5913.785005,841,1634
5913.790005,842,1630
5913.795005,871,1628
5913.800005,860,1626
5913.805006,823,1627
5913.810005,856,1617
5913.815007,867,1618
5913.820005,816,1614
5913.825006,837,1616
5913.830007,868,1614
5913.835006,848,1613
5913.840006,820,1614
5913.845006,872,1603
5913.850006,856,1605
5913.855006,828,1603
5913.860006,844,1603
5913.865005,859,1602
5913.870005,822,1601
5913.875006,844,1595
5913.880006,869,1596
5913.885006,853,1593
5913.890006,838,1595
5913.895005,861,1590
5913.900006,849,1593
5913.905005,826,1591
5913.910005,834,1592
5913.915006,846,1588
5913.920007,816,1588
5913.925006,847,1588
5913.930007,865,1585
5913.935006,830,1585
5913.940006,829,1587
5913.945005,861,1586
5913.950005,843,1588
5913.955005,836,1585
5913.960005,849,1582
5913.965005,858,1585
5913.970006,815,1585
5913.975006,825,1580
5913.980006,877,1583
5913.985005,841,1583
5913.990005,825,1586
5913.995005,851,1584
5914.000005,843,1588
5914.005005,825,1584
5914.010006,840,1587
5914.015006,856,1586
5914.020005,819,1589
5914.025007,852,1585
5914.030006,874,1589
5914.035006,846,1592
5914.040006,823,1594
5914.045006,876,1594
5914.050006,851,1597
5914.055006,827,1596
5914.060007,839,1599
5914.065006,877,1595
5914.070005,828,1596
5914.075005,834,1600
5914.080005,873,1592
5914.085006,847,1601
5914.090006,820,1605
5914.095006,875,1603
5914.100006,861,1601
5914.105006,839,1602
5914.110005,846,1599
5914.115005,853,1599
5914.120005,820,1603
5914.125005,828,1600
5914.130005,876,1601
5914.135006,843,1594
5914.140006,820,1595
5914.145005,865,1595
5914.150006,847,1599
5914.155005,830,1598
5914.160005,842,1598
5914.165006,851,1602
5914.170006,844,1592
5914.175005,840,1593
5914.180006,861,1595
5914.185006,835,1594
5914.190005,833,1592
5914.195006,867,1594
5914.200006,859,1595
5914.205006,822,1593
5914.210006,844,1594
5914.215006,860,1596
5914.220007,823,1597
5914.225006,836,1597
5914.230005,862,1599
5914.235006,859,1602
5914.240005,834,1601
5914.245005,864,1603
5914.250005,860,1603
5914.255006,827,1605
5914.260006,841,1612
5914.265006,871,1608
5914.270007,835,1613
5914.275006,829,1616
5914.280005,881,1611
5914.285006,861,1613
5914.290006,841,1619
5914.295006,873,1617
5914.300006,859,1610
5914.305006,836,1618
5914.310006,844,1614
5914.315006,876,1613
5914.320006,841,1614
5914.325005,839,1610
5914.330006,864,1611
5914.335006,850,1608
5914.340006,827,1604
5914.345006,864,1604
5914.350007,848,1604
5914.355006,839,1604
5914.360006,847,1596
5914.365006,857,1599
5914.370005,820,1600
5914.375005,851,1590
5914.380005,880,1591
5914.385005,856,1592
5914.390007,835,1592
5914.395006,869,1590
5914.400005,870,1588
5914.405005,827,1590
5914.410005,839,1594
5914.415005,850,1597
5914.420005,836,1593
5914.425005,843,1596
5914.430006,869,1596
5914.435005,832,1600
5914.440007,838,1598
5914.445007,852,1600
5914.450005,854,1599
5914.455005,821,1593
5914.460005,841,1602
5914.465005,853,1602
5914.470007,842,1601
5914.475006,827,1605
5914.480006,854,1608
5914.485005,854,1603
5914.490005,829,1604
5914.495006,852,1607
5914.500007,861,1604
5914.505006,816,1611
5914.510007,858,1608
5914.515006,851,1610
5914.520006,824,1609
5914.525006,824,1606
5914.530005,856,1613
5914.535006,851,1609
5914.540007,821,1610
5914.545005,875,1610
5914.550005,852,1615
5914.555006,823,1599
5914.560005,858,1611
5914.565007,860,1609
5914.570006,827,1612
5914.575006,826,1613
5914.580005,856,1613
5914.585005,836,1612
5914.590005,840,1612
5914.595007,867,1614
5914.600006,850,1617
5914.605005,816,1616
5914.610007,839,1617
5914.615006,856,1619
5914.620005,836,1611
5914.625005,835,1607
5914.630005,876,1620
5914.635006,841,1618
5914.640006,821,1621
5914.645005,872,1619
5914.650006,858,1625
5914.655006,819,1623
5914.660007,851,1621
5914.665007,863,1628
5914.670006,820,1630
5914.675006,845,1625
5914.680007,856,1628
5914.685005,858,1627
5914.690007,829,1628
5914.695006,854,1626
5914.700006,872,1626
5914.705007,819,1627
5914.710006,837,1628
5914.715007,862,1624
5914.720006,840,1625
5914.725006,836,1622
5914.730006,855,1627
5914.735006,857,1624
5914.740006,826,1627
5914.745006,879,1621
5914.750006,862,1620
5914.755007,816,1625
5914.760006,836,1624
5914.765007,859,1612
5914.770005,830,1620
5914.775007,840,1617
5914.780006,860,1620
5914.785006,845,1620
5914.790007,843,1616
5914.795005,853,1618
5914.800005,871,1611
5914.805007,835,1612
5914.810007,849,1604
5914.815007,851,1610
5914.820007,841,1609
5914.825007,835,1608
5914.830005,872,1604
5914.835006,846,1606
5914.840006,830,1602
5914.845007,851,1609
5914.850005,863,1601
5914.855005,817,1605
5914.860006,836,1601
5914.865005,860,1601
5914.870006,817,1605
5914.875007,842,1600
5914.880005,864,1600
5914.885005,845,1602
5914.890007,823,1601
5914.895005,879,1602
5914.900007,850,1601
5914.905007,838,1599
5914.910006,845,1598
5914.915006,859,1598
5914.920006,819,1605
5914.925006,839,1598
5914.930006,856,1601
5914.935007,852,1593
5914.940007,828,1598
5914.945006,852,1599
5914.950006,864,1601
5914.955006,826,1590
5914.960006,851,1597
5914.965006,859,1596
5914.970007,841,1597
5914.975007,834,1599
5914.980006,858,1599
5914.985005,856,1595
5914.990005,824,1600
5914.995005,874,1597
5915.000005,873,1590
5915.005005,825,1595
5915.010005,840,1597
5915.015006,855,1603
5915.020005,838,1598
5915.025006,847,1594
5915.030006,868,1599
5915.035005,862,1598
5915.040005,839,1597
5915.045006,861,1601
5915.050007,853,1599
5915.055005,835,1595
5915.060006,851,1602
5915.065006,875,1601
5915.070005,822,1603
5915.075005,835,1604
5915.080005,868,1606
5915.085005,844,1606
5915.090006,848,1604
5915.095006,872,1609
5915.100005,855,1613
5915.105007,817,1610
5915.110007,856,1611
5915.115007,869,1611
5915.120006,831,1613
5915.125007,853,1610
5915.130006,867,1616
5915.135006,845,1616
5915.140006,828,1602
5915.145006,861,1615
5915.150005,867,1613
5915.155006,825,1617
5915.160006,837,1619
5915.165006,857,1614
5915.170006,843,1610
5915.175006,845,1616
5915.180007,862,1616
5915.185006,866,1614
5915.190006,844,1616
5915.195006,862,1610
5915.200005,855,1615
5915.205005,841,1611
5915.210006,845,1618
5915.215006,872,1617
5915.220006,836,1619
5915.225006,830,1622
5915.230006,869,1613
5915.235006,848,1621
5915.240006,848,1621
5915.245005,870,1620
5915.250005,850,1623
5915.255006,819,1624
5915.260007,852,1620
5915.265005,870,1622
5915.270007,831,1623
5915.275007,846,1621
5915.280007,863,1619
5915.285006,859,1618
5915.290007,826,1620
5915.295005,861,1618
5915.300005,855,1618
5915.305005,817,1625
5915.310006,840,1620
5915.315006,874,1611
5915.320006,825,1622
5915.325005,849,1613
5915.330005,884,1615
5915.335005,858,1618
5915.340006,825,1617
5915.345007,852,1621
5915.350005,849,1618
5915.355007,838,1615
5915.360007,844,1613
5915.365006,863,1615
5915.370007,833,1614
5915.375007,832,1616
5915.380006,860,1620
5915.385007,844,1618
5915.390006,845,1614
5915.395005,862,1619
5915.400007,857,1616
5915.405007,822,1617
5915.410006,850,1612
5915.415007,872,1617
5915.420006,835,1618
5915.425006,830,1617
5915.430007,884,1616
5915.435005,863,1617
5915.440006,837,1614
5915.445005,864,1614
5915.450006,870,1613
5915.455006,827,1610
5915.460007,837,1613
5915.465006,878,1607
5915.470006,836,1611
5915.475006,838,1610
5915.480006,856,1613
5915.485006,863,1605
5915.490005,833,1608
5915.495006,865,1607
5915.500007,849,1609
5915.505005,832,1611
5915.510005,841,1606
5915.515006,861,1605
5915.520005,825,1605
5915.525007,828,1605
5915.530006,862,1602
5915.535006,840,1605
5915.540006,828,1606
5915.545006,863,1605
5915.550007,849,1609
5915.555006,833,1607
5915.560005,845,1604
5915.565007,851,1610
5915.570006,841,1610
5915.575006,832,1607
5915.580007,859,1609
5915.585005,841,1610
5915.590006,825,1609
5915.595006,856,1611
5915.600005,848,1610
5915.605006,840,1607
5915.610006,841,1613
5915.615005,857,1610
5915.620006,821,1615
5915.625005,844,1610
5915.630006,862,1611
5915.635006,837,1610
5915.640007,841,1612
5915.645006,853,1609
5915.650005,862,1595
5915.655006,818,1596
5915.660005,843,1602
5915.665006,852,1601
5915.670007,840,1595
5915.675006,820,1599
5915.680007,872,1594
5915.685006,843,1592
5915.690006,818,1593
5915.695005,870,1587
5915.700006,859,1584
5915.705007,813,1588
5915.710006,843,1581
5915.715007,856,1585
5915.720007,818,1592
5915.725006,830,1586
5915.730005,859,1585
5915.735006,857,1584
5915.740005,833,1587
5915.745005,871,1585
5915.750005,846,1591
5915.755005,814,1585
5915.760006,848,1590
5915.765007,862,1590
5915.770007,828,1590
5915.775007,826,1592
5915.780007,878,1596
5915.785007,848,1595
5915.790005,825,1595
5915.795006,850,1602
5915.800007,865,1597
5915.805007,823,1598
5915.810005,836,1601
5915.815006,851,1598
5915.820005,822,1597
5915.825005,847,1601
5915.830006,870,1600
5915.835006,843,1603
5915.840006,843,1595
5915.845006,865,1595
5915.850005,844,1602
5915.855007,838,1596
5915.860007,845,1594
5915.865007,863,1593
5915.870007,820,1596
5915.875006,849,1591
5915.880006,872,1598
5915.885006,855,1594
5915.890006,834,1594
5915.895006,852,1596
5915.900005,870,1593
5915.905006,832,1597
5915.910005,835,1599
5915.915005,851,1603
5915.920006,820,1606
5915.925006,832,1604
5915.930006,868,1604
5915.935006,850,1606
5915.940007,837,1609
5915.945007,856,1618
5915.950007,866,1608
5915.955007,836,1617
5915.960005,839,1621
5915.965005,864,1624
5915.970006,828,1626
5915.975006,827,1630
5915.980006,866,1622
5915.985006,858,1629
5915.990006,826,1630
5915.995006,878,1629
5916.000007,866,1625
5916.005005,819,1634
5916.010005,853,1632
5916.015007,874,1633
5916.020006,831,1634
5916.025006,830,1635
5916.030006,869,1623
5916.035005,861,1629
5916.040006,845,1633
5916.045006,872,1633
5916.050006,868,1635
5916.055006,825,1636
5916.060006,857,1633
5916.065006,856,1637
5916.070005,841,1634
5916.075005,843,1634
5916.080005,864,1638
5916.085005,860,1636
5916.090005,829,1636
5916.095006,866,1635
5916.100005,853,1635
5916.105006,838,1636
5916.110006,847,1634
5916.115005,864,1633
5916.120006,827,1632
5916.125006,849,1630
5916.130006,867,1631
5916.135007,847,1631
5916.140007,832,1629
5916.145006,860,1630
5916.150005,853,1634
5916.155007,824,1631
5916.160006,849,1629
5916.165006,862,1629
5916.170006,828,1628
5916.175005,848,1619
5916.180006,884,1619
5916.185006,850,1621
5916.190006,832,1616
5916.195006,862,1618
5916.200006,851,1616
5916.205006,831,1614
5916.210006,848,1613
5916.215006,861,1612
5916.220006,833,1610
5916.225005,835,1608
5916.230006,871,1606
5916.235006,856,1607
5916.240005,828,1608
5916.245006,858,1606
5916.250006,857,1593
5916.255006,814,1603
5916.260006,856,1600
5916.265006,863,1603
5916.270005,831,1600
5916.275006,829,1598
5916.280006,860,1599
5916.285006,861,1595
5916.290006,844,1594
5916.295006,867,1595
5916.300007,855,1594
5916.305006,820,1593
5916.310005,843,1592
5916.315006,853,1594
5916.320005,836,1589
5916.325006,832,1592
5916.330006,874,1590
5916.335005,846,1588
5916.340005,816,1595
5916.345006,858,1589
5916.350005,850,1590
5916.355007,838,1588
5916.360006,849,1589
5916.365006,854,1589
5916.370005,832,1580
5916.375006,833,1588
5916.380006,856,1590
5916.385007,842,1588
5916.390005,839,1586
5916.395007,866,1584
5916.400006,841,1589
5916.405005,822,1586
5916.410005,837,1587
5916.415005,855,1586
5916.420005,820,1592
5916.425005,827,1590
5916.430007,855,1595
5916.435005,852,1592
5916.440006,830,1592
5916.445006,868,1587
5916.450006,869,1591
5916.455006,811,1593
5916.460006,835,1596
5916.465005,862,1596
5916.470006,825,1596
5916.475005,837,1597
5916.480006,862,1598
5916.485005,842,1601
5916.490006,841,1596
5916.495005,856,1600
5916.500006,873,1596
5916.505005,821,1604
5916.510006,835,1602
5916.515006,875,1602
5916.520006,825,1605
5916.525005,842,1588
5916.530006,876,1597
5916.535006,855,1597
5916.540006,837,1598
5916.545006,870,1600
5916.550006,856,1603
5916.555005,818,1604
5916.560006,834,1605
5916.565006,868,1603
5916.570005,837,1603
5916.575005,845,1604
5916.580005,854,1610
5916.585005,838,1613
5916.590005,834,1609
5916.595006,857,1610
5916.600007,850,1615
5916.605006,843,1612
5916.610006,852,1615
5916.615005,859,1621
5916.620006,842,1620
5916.625007,837,1621
5916.630005,857,1624
5916.635006,840,1625
5916.640007,847,1623
5916.645006,861,1626
5916.650005,854,1623
5916.655005,824,1625
5916.660005,835,1627
5916.665006,861,1627
5916.670006,828,1621
5916.675006,847,1619
5916.680007,882,1619
5916.685005,854,1616
5916.690006,835,1616
5916.695006,865,1616
5916.700005,859,1617
5916.705006,819,1615
5916.710006,835,1610
5916.715006,878,1613
5916.720007,839,1611
5916.725006,845,1611
5916.730005,869,1612
5916.735006,855,1612
5916.740005,840,1606
5916.745006,855,1617
5916.750007,874,1607
5916.755006,833,1609
5916.760007,834,1613
5916.765005,856,1614
5916.770006,843,1608
5916.775005,834,1612
5916.780006,876,1611
5916.785005,854,1609
5916.790005,834,1601
5916.795006,872,1604
5916.800007,868,1613
5916.805005,822,1612
5916.810007,850,1603
5916.815007,856,1614
5916.820006,822,1616
5916.825006,848,1613
5916.830006,863,1613
5916.835005,862,1611
5916.840006,828,1611
5916.845006,859,1612
5916.850006,861,1611
5916.855005,828,1614
5916.860006,858,1610
5916.865005,861,1609
5916.870006,824,1609
5916.875005,849,1616
5916.880005,871,1604
5916.885005,857,1612
5916.890006,825,1609
5916.895006,853,1608
5916.900006,873,1609
5916.905005,834,1594
5916.910005,853,1606
5916.915005,876,1604
5916.920005,839,1605
5916.925006,841,1607
5916.930006,860,1608
5916.935005,837,1609
5916.940006,842,1605
5916.945006,876,1598
5916.950006,851,1611
5916.955007,817,1606
5916.960006,853,1601
5916.965007,874,1604
5916.970006,820,1608
5916.975005,835,1601
5916.980006,865,1602
5916.985006,848,1604
5916.990005,820,1603
5916.995006,866,1601
5917.000007,860,1603
5917.005006,822,1602
5917.010006,835,1605
5917.015007,873,1598
5917.020006,836,1604
5917.025005,833,1603
5917.030006,863,1604
5917.035005,844,1605
5917.040006,846,1601
5917.045007,873,1604
5917.050005,858,1602
5917.055006,822,1604
5917.060006,837,1605
5917.065006,879,1599
5917.070005,846,1599
5917.075005,836,1600
5917.080005,871,1598
5917.085005,856,1597
5917.090005,836,1595
5917.095007,857,1599
5917.100007,849,1600
5917.105007,825,1590
5917.110006,850,1597
5917.115006,854,1594
5917.120006,844,1597
5917.125006,830,1602
5917.130006,861,1601
5917.135006,863,1598
5917.140006,838,1600
5917.145005,853,1602
5917.150007,874,1598
5917.155007,834,1601
5917.160007,835,1604
5917.165006,866,1603
5917.170007,825,1604
5917.175007,836,1607
5917.180006,885,1601
5917.185005,856,1605
5917.190007,828,1608
5917.195007,871,1606
5917.200006,856,1603
5917.205006,823,1605
5917.210006,858,1604
5917.215006,863,1605
5917.220005,823,1608
5917.225007,829,1609
5917.230007,882,1607
5917.235007,858,1606
5917.240006,833,1604
5917.245006,856,1607
5917.250007,873,1604
5917.255005,828,1612
5917.260005,838,1606
5917.265007,876,1607
5917.270006,835,1606
5917.275005,829,1610
5917.280005,871,1610
5917.285005,849,1613
5917.290005,829,1601
5917.295005,869,1612
5917.300005,860,1610
5917.305007,825,1613
5917.310005,836,1617
5917.315006,861,1609
5917.320005,846,1614
5917.325005,844,1613
5917.330005,874,1612
5917.335005,849,1616
5917.340006,825,1618
5917.345007,855,1607
5917.350005,871,1618
5917.355006,829,1617
5917.360005,837,1621
5917.365006,855,1622
5917.370006,833,1606
5917.375006,847,1616
5917.380006,868,1619
5917.385007,848,1618
5917.390005,828,1619
5917.395006,859,1620
5917.400006,854,1624
5917.405005,821,1620
5917.410005,840,1619
5917.415005,861,1618
5917.420006,848,1619
5917.425007,834,1620
5917.430007,865,1620
5917.435007,860,1618
5917.440007,829,1622
5917.445006,876,1623
5917.450005,861,1617
5917.455006,819,1619
5917.460007,849,1619
5917.465006,860,1622
5917.470007,846,1616
5917.475006,829,1618
5917.480006,878,1618
5917.485006,854,1617
5917.490005,831,1623
5917.495005,858,1623
5917.500006,876,1617
5917.505006,829,1621
5917.510006,844,1621
5917.515007,855,1631
5917.520006,846,1624
5917.525007,829,1627
5917.530006,882,1622
5917.535006,853,1624
5917.540007,847,1623
5917.545006,863,1625
5917.550006,853,1627
5917.555007,827,1627
5917.560005,852,1626
5917.565006,858,1626
5917.570005,850,1624
5917.575005,838,1626
5917.580006,872,1625
5917.585007,847,1626
5917.590005,850,1626
5917.595007,859,1626
5917.600006,864,1625
5917.605005,847,1620
5917.610006,844,1621
5917.615005,873,1619
5917.620005,831,1622
5917.625006,850,1616
5917.630007,865,1623
5917.635006,861,1620
5917.640007,820,1624
5917.645006,868,1616
5917.650006,849,1621
5917.655006,841,1612
5917.660006,844,1615
5917.665006,860,1619
5917.670006,830,1614
5917.675007,838,1607
5917.680005,859,1621
5917.685006,863,1617
5917.690005,842,1616
5917.695007,875,1615
5917.700006,850,1619
5917.705006,834,1619
5917.710007,845,1616
5917.715006,856,1617
5917.720007,846,1614
5917.725007,835,1617
5917.730006,859,1617
5917.735006,855,1614
5917.740005,820,1618
5917.745005,867,1614
5917.750006,849,1615
5917.755006,836,1614
5917.760007,837,1615
5917.765007,875,1610
5917.770005,838,1612
5917.775006,832,1612
5917.780006,868,1612
5917.785006,852,1607
5917.790006,836,1610
5917.795007,861,1608
5917.800006,851,1612
5917.805007,826,1598
5917.810006,849,1611
5917.815006,877,1595
5917.820005,834,1602
5917.825005,827,1604
5917.830005,855,1606
5917.835006,859,1603
5917.840006,825,1602
5917.845006,869,1593
5917.850006,854,1594
5917.855006,817,1594
5917.860005,850,1592
5917.865005,863,1589
5917.870005,826,1590
5917.875005,839,1586
5917.880005,856,1593
5917.885005,850,1574
5917.890006,836,1583
5917.895005,861,1583
5917.900006,862,1579
5917.905006,821,1585
5917.910005,830,1586
5917.915006,875,1579
5917.920006,838,1586
5917.925006,829,1585
5917.930006,875,1584
5917.935005,852,1586
5917.940007,836,1587
5917.945007,870,1587
5917.950006,856,1588
5917.955006,816,1591
5917.960005,828,1592
5917.965006,874,1590
5917.970006,836,1588
5917.975005,830,1591
5917.980006,862,1593
5917.985006,847,1593
5917.990005,820,1592
5917.995005,851,1594
5918.000005,867,1584
5918.005006,828,1588
5918.010006,844,1594
5918.015007,861,1592
5918.020007,831,1591
5918.025006,825,1595
5918.030006,875,1594
5918.035005,853,1594
5918.040005,818,1599
5918.045005,873,1596
5918.050006,855,1596
5918.055006,820,1598
5918.060006,835,1597
5918.065006,856,1598
5918.070005,828,1599
5918.075005,846,1600
5918.080006,866,1600
5918.085006,847,1603
5918.090006,828,1605
5918.095006,876,1601
5918.100005,859,1605
5918.105006,820,1605
5918.110005,849,1606
5918.115005,858,1611
5918.120005,844,1612
5918.125005,825,1616
5918.130006,882,1612
5918.135006,858,1614
5918.140007,818,1620
5918.145006,872,1618
5918.150005,865,1618
5918.155007,835,1614
5918.160007,850,1622
5918.165007,863,1621
5918.170005,824,1622
5918.175006,842,1617
5918.180007,863,1624
5918.185006,845,1627
5918.190005,844,1629
5918.195006,873,1627
5918.200005,858,1631
5918.205005,816,1637
5918.210006,856,1632
5918.215006,864,1634
5918.220006,825,1641
5918.225005,846,1637
5918.230007,879,1643
5918.235007,852,1645
5918.240007,827,1643
5918.245006,853,1647
5918.250006,870,1644
5918.255005,837,1645
5918.260005,834,1647
5918.265006,859,1649
5918.270007,827,1646
5918.275007,845,1638
5918.280006,875,1645
5918.285006,851,1647
5918.290007,829,1648
5918.295005,853,1649
5918.300006,860,1646
5918.305006,824,1652
5918.310005,837,1653
5918.315007,878,1651
5918.320006,851,1653
5918.325006,840,1651
5918.330005,862,1656
5918.335005,874,1653
5918.340005,838,1658
5918.345006,862,1654
5918.350006,865,1656
5918.355007,823,1657
5918.360006,861,1654
5918.365006,872,1657
5918.370005,833,1654
5918.375005,829,1659
5918.380006,886,1655
5918.385007,854,1651
5918.390007,829,1653
5918.395005,866,1652
5918.400006,867,1651
5918.405005,824,1649
5918.410005,861,1644
5918.415005,864,1647
5918.420005,827,1649
5918.425005,830,1646
5918.430006,861,1641
5918.435006,869,1637
5918.440006,838,1637
5918.445006,877,1635
5918.450005,869,1634
5918.455005,820,1636
5918.460005,849,1635
5918.465006,861,1630
5918.470006,843,1625
5918.475006,829,1624
5918.480006,877,1620
5918.485005,863,1620
5918.490005,825,1612
5918.495005,852,1615
5918.500006,866,1612
5918.505006,824,1610
5918.510006,838,1605
5918.515007,856,1606
5918.520007,830,1609
5918.525006,833,1595
5918.530005,856,1608
5918.535006,845,1605
5918.540006,837,1591
5918.545006,863,1604
5918.550006,849,1606
5918.555007,822,1602
5918.560006,858,1600
5918.565005,858,1602
5918.570007,848,1605
5918.575007,840,1601
5918.580006,880,1602
5918.585006,865,1601
5918.590006,835,1599
5918.595007,855,1587
5918.600005,867,1597
5918.605006,815,1601
5918.610005,851,1598
5918.615005,875,1598
5918.620006,836,1598
5918.625006,825,1597
5918.630006,859,1597
5918.635006,865,1592
5918.640006,843,1593
5918.645006,859,1591
5918.650006,849,1594
5918.655005,823,1589
5918.660005,832,1591
5918.665005,878,1580
5918.670005,827,1586
5918.675005,832,1585
5918.680006,869,1582
5918.685005,856,1582
5918.690006,834,1573
5918.695007,868,1578
5918.700006,851,1583
5918.705007,844,1578
5918.710007,842,1578
5918.715006,854,1582
5918.720006,826,1579
5918.725006,850,1580
5918.730006,872,1577
5918.735005,861,1579
5918.740006,830,1582
5918.745005,856,1584
5918.750005,852,1581
5918.755005,830,1583
5918.760006,834,1584
5918.765006,866,1586
5918.770005,825,1586
5918.775006,851,1584
5918.780007,861,1587
5918.785007,842,1586
5918.790007,839,1583
5918.795005,850,1593
5918.800005,851,1589
5918.805007,830,1591
5918.810005,839,1595
5918.815006,876,1586
5918.820006,842,1585
5918.825006,841,1594
5918.830006,860,1595
5918.835006,858,1593
5918.840007,821,1599
5918.845006,873,1593
5918.850005,855,1600
5918.855007,834,1596
5918.860006,829,1599
5918.865005,876,1600
5918.870005,833,1600
5918.875005,846,1600
5918.880006,861,1601
5918.885007,856,1603
5918.890007,827,1600
5918.895006,861,1602
5918.900005,859,1601
5918.905006,821,1601
5918.910005,851,1592
5918.915006,866,1595
5918.920006,830,1597
5918.925006,827,1590
5918.930006,884,1586
5918.935006,864,1589
5918.940006,833,1587
5918.945006,864,1588
5918.950005,845,1592
5918.955005,837,1589
5918.960005,829,1592
5918.965005,869,1581
5918.970006,827,1593
5918.975006,842,1598
5918.980007,871,1597
5918.985005,849,1602
5918.990006,838,1602
5918.995005,858,1603
5919.000005,848,1611
5919.005005,837,1609
5919.010005,831,1613
5919.015007,874,1613
5919.020005,824,1619
5919.025006,849,1611
5919.030005,873,1613
5919.035005,856,1618
5919.040005,838,1617
5919.045006,856,1620
5919.050006,854,1622
5919.055007,833,1621
5919.060006,852,1622
5919.065005,873,1626
5919.070006,823,1622
5919.075005,844,1623
5919.080005,861,1625
5919.085006,866,1628
5919.090007,835,1624
5919.095006,857,1627
5919.100006,859,1626
5919.105006,834,1628
5919.110006,846,1627
5919.115005,867,1629
5919.120005,842,1629
5919.125006,838,1630
5919.130006,865,1631
5919.135006,857,1630
5919.140006,834,1633
5919.145006,864,1634
5919.150005,856,1634
5919.155006,838,1634
5919.160006,844,1635
5919.165007,871,1639
5919.170005,836,1636
5919.175005,829,1639
5919.180007,864,1642
5919.185005,869,1635
5919.190006,843,1640
5919.195005,867,1645
5919.200006,867,1638
5919.205007,825,1638
5919.210007,850,1637
5919.215006,862,1641
5919.220006,827,1640
5919.225006,848,1637
5919.230005,864,1641
5919.235006,868,1636
5919.240006,826,1635
5919.245006,876,1630
5919.250006,863,1632
5919.255006,818,1632
5919.260005,845,1632
5919.265006,860,1630
5919.270007,845,1621
5919.275006,838,1626
5919.280005,861,1627
5919.285005,849,1627
5919.290006,842,1624
5919.295006,859,1624
5919.300006,854,1626
5919.305006,841,1622
5919.310006,857,1618
5919.315006,865,1621
5919.320006,824,1622
5919.325005,846,1616
5919.330005,872,1619
5919.335005,852,1619
5919.340005,838,1619
5919.345006,863,1610
5919.350006,852,1613
5919.355006,833,1610
5919.360006,833,1611
5919.365005,875,1605
5919.370006,830,1612
5919.375006,849,1602
5919.380006,873,1610
5919.385006,858,1606
5919.390006,825,1609
5919.395005,852,1606
5919.400006,850,1609
5919.405006,820,1612
5919.410006,834,1602
5919.415007,863,1607
5919.420006,835,1605
5919.425006,852,1603
5919.430006,876,1603
5919.435006,856,1601
5919.440006,820,1601
5919.445006,851,1604
5919.450005,853,1603
5919.455005,844,1596
5919.460005,848,1600
5919.465006,866,1600
5919.470006,838,1601
5919.475005,827,1604
5919.480007,875,1602
5919.485006,847,1603
5919.490005,846,1598
5919.495006,867,1602
5919.500007,859,1598
5919.505006,835,1594
5919.510006,841,1601
5919.515006,865,1599
5919.520006,842,1597
5919.525006,835,1600
5919.530005,859,1604
5919.535005,864,1598
5919.540005,832,1599
5919.545005,859,1597
5919.550005,869,1597
5919.555006,820,1602
5919.560005,845,1601
5919.565006,879,1596
5919.570006,837,1600
5919.575005,829,1600
5919.580006,857,1600
5919.585006,849,1599
5919.590007,825,1596
5919.595006,868,1599
5919.600005,859,1603
5919.605006,818,1603
5919.610006,832,1602
5919.615006,859,1603
5919.620006,833,1604
5919.625006,829,1601
5919.630007,885,1600
5919.635005,864,1600
5919.640006,821,1605
5919.645005,855,1603
5919.650007,867,1600
5919.655007,830,1603
5919.660007,834,1604
5919.665005,873,1600
5919.670005,832,1602
5919.675006,849,1600
5919.680006,867,1604
5919.685006,848,1603
5919.690005,839,1601
5919.695006,871,1600
5919.700007,862,1599
5919.705007,824,1594
5919.710006,849,1589
5919.715007,860,1599
5919.720006,849,1600
5919.725005,842,1592
5919.730006,877,1599
5919.735005,854,1597
5919.740005,821,1602
5919.745006,868,1599
5919.750006,869,1599
5919.755006,821,1599
5919.760006,849,1597
5919.765006,862,1596
5919.770005,840,1596
5919.775006,830,1595
5919.780005,885,1591
5919.785005,867,1593
5919.790006,834,1589
5919.795007,852,1594
5919.800005,868,1587
5919.805006,830,1587
5919.810007,829,1592
5919.815007,872,1584
5919.820006,844,1583
5919.825005,844,1585
5919.830005,872,1585
5919.835005,848,1586
5919.840005,817,1586
5919.845005,868,1582
5919.850006,860,1584
5919.855005,815,1583
5919.860006,827,1579
5919.865006,856,1580
5919.870006,844,1572
5919.875005,843,1569
5919.880005,874,1578
5919.885005,853,1574
5919.890007,817,1576
5919.895006,866,1568
5919.900005,858,1572
5919.905006,822,1571
5919.910005,831,1562
5919.915005,862,1569
5919.920005,843,1567
5919.925005,826,1568
5919.930007,853,1569
5919.935006,852,1567
5919.940005,842,1565
5919.945006,860,1566
5919.950005,848,1570
5919.955006,830,1571
5919.960007,826,1570
5919.965006,869,1564
5919.970007,830,1570
5919.975005,825,1570
5919.980007,871,1567
5919.985006,860,1571
5919.990007,820,1572
5919.995007,845,1566
5920.000007,870,1574
5920.005006,825,1565
5920.010007,844,1570
5920.015005,853,1571
5920.020006,834,1573
5920.025006,830,1572
5920.030006,855,1574
5920.035005,859,1575
5920.040006,822,1579
5920.045007,855,1568
5920.050006,864,1581
5920.055007,821,1581
5920.060006,842,1578
5920.065005,867,1581
5920.070005,828,1585
5920.075006,833,1579
5920.080006,856,1594
5920.085006,843,1594
5920.090005,833,1593
5920.095007,853,1597
5920.100006,860,1601
5920.105007,837,1600
5920.110006,844,1601
5920.115006,872,1603
5920.120006,837,1605
5920.125006,834,1608
5920.130007,861,1610
5920.135005,839,1611
5920.140006,842,1608
5920.145006,863,1611
5920.150006,861,1611
5920.155006,824,1614
5920.160005,842,1606
5920.165005,870,1613
5920.170005,848,1615
5920.175005,839,1616
5920.180006,866,1618
5920.185005,846,1625
5920.190007,837,1621
5920.195005,851,1622
5920.200006,868,1624
5920.205006,837,1621
5920.210006,849,1622
5920.215007,860,1626
5920.220007,836,1625
5920.225005,829,1623
5920.230006,860,1616
5920.235007,873,1617
5920.240006,841,1617
5920.245006,850,1618
5920.250007,849,1621
5920.255006,837,1615
5920.260007,838,1615
5920.265006,873,1616
5920.270006,827,1617
5920.275005,827,1618
5920.280007,883,1612
5920.285005,866,1610
5920.290006,836,1610
5920.295007,857,1612
5920.300006,845,1611
5920.305006,832,1610
5920.310005,829,1616
5920.315006,873,1611
5920.320006,844,1617
5920.325006,833,1615
5920.330007,861,1617
5920.335007,857,1606
5920.340006,843,1615
5920.345006,867,1624
5920.350007,866,1619
5920.355007,839,1618
5920.360006,841,1621
5920.365005,858,1623
5920.370005,843,1622
5920.375005,841,1626
5920.380005,868,1622
5920.385005,847,1624
5920.390005,837,1618
5920.395007,865,1620
5920.400006,856,1623
5920.405005,839,1626
5920.410006,843,1622
5920.415006,866,1626
5920.420006,828,1620
5920.425007,822,1625
5920.430005,880,1621
5920.435006,854,1622
5920.440005,829,1621
5920.445006,861,1621
5920.450006,857,1621
5920.455006,823,1619
5920.460006,830,1614
5920.465007,864,1618
5920.470005,832,1621
5920.475006,851,1619
5920.480005,875,1617
5920.485007,857,1617
5920.490006,825,1622
5920.495006,870,1613
5920.500006,862,1619
5920.505006,819,1621
5920.510005,846,1618
5920.515006,863,1618
5920.520005,834,1613
5920.525007,839,1616
5920.530006,870,1617
5920.535005,865,1606
5920.540006,845,1617
5920.545007,869,1613
5920.550005,868,1613
5920.555007,834,1616
5920.560006,832,1616
5920.565006,882,1616
5920.570006,842,1615
5920.575006,846,1612
5920.580007,875,1615
5920.585005,860,1612
5920.590005,839,1614
5920.595007,871,1615
5920.600005,871,1612
5920.605007,827,1615
5920.610006,836,1612
5920.615006,870,1610
5920.620005,829,1617
5920.625005,850,1607
5920.630005,878,1609
5920.635006,856,1607
5920.640006,821,1599
5920.645006,875,1603
5920.650007,874,1604
5920.655006,833,1598
5920.660005,841,1605
5920.665006,874,1598
5920.670006,837,1604
5920.675006,833,1603
5920.680006,867,1604
5920.685005,854,1605
5920.690006,828,1605
5920.695005,858,1604
5920.700006,872,1603
5920.705007,830,1604
5920.710006,832,1604
5920.715006,878,1602
5920.720007,839,1607
5920.725005,834,1608
5920.730006,859,1607
5920.735007,865,1604
5920.740006,828,1607
5920.745006,858,1606
5920.750006,869,1606
5920.755006,832,1604
5920.760006,852,1602
5920.765006,856,1608
5920.770006,836,1599
5920.775005,843,1606
5920.780006,872,1605
5920.785007,854,1593
5920.790006,836,1610
5920.795006,848,1607
5920.800006,863,1604
5920.805007,820,1607
5920.810005,845,1599
5920.815006,867,1605
5920.820006,830,1606
5920.825007,831,1598
5920.830006,874,1604
5920.835006,849,1605
5920.840006,820,1605
5920.845006,861,1596
5920.850006,871,1600
5920.855005,827,1604
5920.860007,831,1605
5920.865006,856,1603
5920.870005,827,1601
5920.875006,827,1601
5920.880006,858,1604
5920.885006,866,1599
5920.890006,834,1599
5920.895005,853,1605
5920.900006,872,1601
5920.905005,838,1601
5920.910005,831,1602
5920.915005,853,1604
5920.920005,849,1601
5920.925005,833,1601
5920.930007,864,1604
5920.935005,844,1608
5920.940006,836,1602
5920.945007,853,1607
5920.950006,851,1609
5920.955006,834,1606
5920.960006,842,1606
5920.965006,864,1608
5920.970006,841,1602
5920.975006,832,1611
5920.980005,875,1606
5920.985007,860,1607
5920.990006,824,1610
5920.995006,849,1610
5921.000006,870,1610
5921.005006,831,1610
5921.010007,841,1611
5921.015005,857,1613
5921.020007,842,1611
5921.025006,834,1611
5921.030005,866,1610
5921.035005,847,1613
5921.040006,843,1610
5921.045006,846,1613
5921.050006,850,1613
5921.055006,842,1604
5921.060006,838,1609
5921.065005,856,1609
5921.070006,843,1609
5921.075005,840,1609
5921.080006,870,1609
5921.085007,853,1606
5921.090007,820,1605
5921.095006,850,1606
5921.100005,850,1607
5921.105007,816,1605
5921.110007,846,1605
5921.115006,863,1604
5921.120006,845,1599
5921.125007,830,1606
5921.130006,866,1605
5921.135006,846,1605
5921.140007,813,1610
5921.145006,866,1608
5921.150005,861,1610
5921.155006,822,1605
5921.160005,833,1608
5921.165005,853,1608
5921.170005,840,1605
5921.175005,831,1609
5921.180007,858,1610
5921.185007,865,1610
5921.190006,836,1612
5921.195006,850,1608
5921.200006,850,1612
5921.205007,831,1609
5921.210005,829,1613
5921.215005,873,1609
5921.220006,833,1609
5921.225005,826,1615
5921.230006,871,1604
5921.235007,863,1608
5921.240006,825,1608
5921.245006,846,1610
5921.250006,858,1608
5921.255006,817,1608
5921.260006,840,1602
5921.265006,857,1604
5921.270007,830,1600
5921.275006,829,1590
5921.280006,857,1597
5921.285005,869,1600
5921.290005,828,1598
5921.295006,847,1599
5921.300006,848,1601
5921.305007,834,1594
5921.310005,843,1604
5921.315006,871,1601
5921.320005,829,1604
5921.325006,835,1605
5921.330005,874,1601
5921.335006,857,1606
5921.340007,835,1603
5921.345006,860,1608
5921.350006,858,1611
5921.355006,824,1610
5921.360005,829,1612
5921.365005,874,1611
5921.370005,837,1612
5921.375006,829,1611
5921.380006,867,1606
5921.385006,852,1611
5921.390006,831,1611
5921.395006,851,1609
5921.400005,851,1609
5921.405006,823,1607
5921.410006,832,1607
5921.415006,874,1608
5921.420007,854,1598
5921.425007,832,1601
5921.430006,854,1600
5921.435005,844,1595
5921.440006,819,1592
5921.445007,857,1592
5921.450007,851,1588
5921.455006,839,1587
5921.460007,844,1586
5921.465005,866,1592
5921.470005,825,1590
5921.475007,848,1585
5921.480006,864,1586
5921.485005,856,1588
5921.490006,818,1592
5921.495006,863,1594
5921.500007,856,1595
5921.505006,835,1584
5921.510006,839,1597
5921.515007,857,1603
5921.520007,845,1602
5921.525006,827,1604
5921.530006,867,1610
5921.535005,864,1609
5921.540006,828,1611
5921.545007,852,1611
5921.550006,867,1617
5921.555006,821,1618
5921.560005,828,1617
5921.565006,877,1618
5921.570006,838,1620
5921.575005,826,1626
5921.580005,879,1625
5921.585006,849,1627
5921.590006,844,1623
5921.595007,864,1626
5921.600006,862,1629
5921.605006,820,1633
5921.610006,850,1629
5921.615005,871,1631
5921.620006,850,1630
5921.625006,838,1632
5921.630007,863,1633
5921.635006,865,1624
5921.640006,838,1624
5921.645005,857,1632
5921.650007,873,1633
5921.655007,830,1634
5921.660007,836,1634
5921.665007,859,1635
5921.670005,858,1628
5921.675005,842,1632
5921.680006,859,1636
5921.685006,860,1635
5921.690005,828,1633
5921.695007,864,1631
5921.700006,853,1637
5921.705006,831,1635
5921.710006,856,1632
5921.715007,863,1633
5921.720007,850,1637
5921.725005,844,1637
5921.730005,863,1642
5921.735005,861,1640
5921.740005,844,1637
5921.745006,850,1647
5921.750007,865,1642
5921.755006,831,1642
5921.760006,857,1642
5921.765006,881,1641
5921.770007,853,1643
5921.775006,840,1641
5921.780006,868,1631
5921.785005,872,1644
5921.790005,836,1646
5921.795005,857,1644
5921.800005,876,1638
5921.805006,834,1644
5921.810005,833,1646
5921.815007,862,1643
5921.820006,842,1644
5921.825006,831,1645
5921.830006,869,1643
5921.835006,876,1640
5921.840006,822,1648
5921.845005,869,1638
5921.850006,873,1641
5921.855007,830,1636
5921.860006,841,1641
5921.865005,878,1636
5921.870006,835,1642
5921.875006,831,1640
5921.880007,876,1632
5921.885006,857,1635
5921.890006,848,1632
5921.895005,854,1632
5921.900006,881,1625
5921.905006,821,1629
5921.910005,851,1621
5921.915005,870,1624
5921.920005,834,1621
5921.925005,847,1620
5921.930006,873,1614
5921.935006,864,1615
5921.940005,827,1616
5921.945006,852,1611
5921.950006,850,1612
5921.955007,842,1612
5921.960006,840,1610
5921.965006,863,1613
5921.970007,854,1612
5921.975006,841,1614
5921.980005,865,1613
5921.985006,867,1612
5921.990006,820,1614
5921.995005,845,1626
5922.000006,874,1608
5922.005006,829,1612
5922.010007,835,1604
5922.015007,862,1610
5922.020005,846,1600
5922.025006,838,1605
5922.030005,864,1603
5922.035005,861,1605
5922.040005,825,1599
5922.045006,864,1596
5922.050006,873,1594
5922.055006,831,1593
5922.060006,827,1589
5922.065006,878,1594
5922.070005,837,1593
5922.075005,822,1597
5922.080006,869,1594
5922.085007,853,1591
5922.090006,821,1593
5922.095006,873,1588
5922.100006,862,1590
5922.105006,819,1589
5922.110005,843,1593
5922.115005,868,1589
5922.120005,845,1589
5922.125005,831,1589
5922.130005,871,1592
5922.135005,858,1595
5922.140007,817,1592
5922.145006,855,1582
5922.150006,869,1592
5922.155005,824,1593
5922.160006,828,1596
5922.165007,876,1594
5922.170006,836,1597
5922.175007,830,1598
5922.180005,859,1600
5922.185006,869,1596
5922.190006,834,1598
5922.195005,862,1601
5922.200006,852,1601
5922.205007,837,1601
5922.210005,853,1597
5922.215005,869,1601
5922.220007,841,1604
5922.225006,822,1610
5922.230005,865,1604
5922.235006,847,1609
5922.240006,842,1597
5922.245005,861,1603
5922.250006,857,1606
5922.255006,817,1607
5922.260007,829,1610
5922.265005,873,1608
5922.270006,844,1606
5922.275006,831,1609
5922.280005,875,1611
5922.285006,849,1613
5922.290007,846,1609
5922.295006,862,1617
5922.300005,860,1613
5922.305006,821,1616
5922.310006,827,1617
5922.315006,877,1616
5922.320006,844,1614
5922.325006,823,1618
5922.330007,868,1617
5922.335006,849,1617
5922.340006,843,1616
5922.345005,862,1617
5922.350007,862,1608
5922.355007,826,1619
5922.360006,837,1616
5922.365005,869,1616
5922.370005,832,1621
5922.375005,844,1618
5922.380005,860,1624
5922.385005,865,1621
5922.390006,834,1624
5922.395005,867,1618
5922.400007,865,1618
5922.405006,844,1619
5922.410005,844,1619
5922.415005,856,1622
5922.420005,849,1620
5922.425005,847,1618
5922.430005,868,1618
5922.435006,850,1620
5922.440006,841,1621
5922.445006,855,1616
5922.450005,870,1618
5922.455005,838,1619
5922.460005,834,1622
5922.465006,874,1615
5922.470007,838,1618
5922.475006,826,1622
5922.480005,875,1618
5922.485007,859,1618
5922.490006,833,1621
5922.495005,845,1618
5922.500006,862,1621
5922.505007,829,1611
5922.510006,838,1619
5922.515007,863,1604
5922.520007,842,1622
5922.525007,833,1609
5922.530006,858,1623
5922.535005,849,1624
5922.540006,838,1618
5922.545007,857,1619
5922.550005,851,1622
5922.555007,829,1621
5922.560006,851,1618
5922.565005,862,1619
5922.570006,832,1622
5922.575006,843,1620
5922.580007,881,1618
5922.585005,859,1619
5922.590006,818,1622
5922.595006,858,1620
5922.600006,849,1622
5922.605006,841,1621
5922.610005,843,1619
5922.615006,857,1622
5922.620006,846,1620
5922.625006,825,1622
5922.630007,877,1617
5922.635005,851,1619
5922.640006,823,1619
5922.645005,864,1616
5922.650006,850,1621
5922.655005,831,1614
5922.660005,845,1611
5922.665006,860,1615
5922.670006,841,1606
5922.675006,837,1612
5922.680006,857,1613
5922.685006,864,1610
5922.690006,846,1607
5922.695005,854,1612
5922.700006,849,1614
5922.705005,839,1612
5922.710006,830,1614
5922.715006,879,1612
5922.720005,835,1608
5922.725007,847,1608
5922.730006,864,1606
5922.735005,866,1604
5922.740005,826,1605
5922.745006,846,1604
5922.750007,860,1592
5922.755006,827,1601
5922.760006,832,1603
5922.765006,871,1603
5922.770007,844,1600
5922.775007,828,1599
5922.780007,858,1599
5922.785006,862,1597
5922.790007,838,1588
5922.795006,851,1597
5922.800006,870,1599
5922.805006,824,1601
5922.810005,849,1598
5922.815006,860,1599
5922.820007,836,1605
5922.825006,836,1601
5922.830007,875,1597
5922.835006,860,1604
5922.840006,826,1605
5922.845007,865,1605
5922.850006,860,1604
5922.855005,839,1607
5922.860006,836,1605
5922.865006,857,1609
5922.870005,849,1604
5922.875005,835,1607
5922.880006,859,1612
5922.885006,868,1606
5922.890006,829,1612
5922.895006,865,1610
5922.900006,865,1609
5922.905006,834,1610
5922.910006,840,1610
5922.915006,865,1601
5922.920006,840,1611
5922.925007,836,1612
5922.930005,866,1612
5922.935007,846,1614
5922.940006,836,1613
5922.945005,849,1616
5922.950005,867,1610
5922.955006,828,1612
5922.960006,850,1607
5922.965006,859,1612
5922.970007,853,1613
5922.975006,842,1609
5922.980006,871,1601
5922.985005,864,1610
5922.990006,838,1611
5922.995005,853,1611
5923.000005,849,1616
5923.005005,842,1610
5923.010005,845,1612
5923.015007,878,1614
5923.020006,832,1616
5923.025005,845,1613
5923.030006,867,1611
5923.035006,852,1616
5923.040006,841,1615
5923.045006,853,1616
5923.050006,875,1613
5923.055007,818,1615
5923.060005,848,1598
5923.065007,879,1610
5923.070006,845,1613
5923.075005,834,1610
5923.080005,869,1612
5923.085005,852,1610
5923.090006,843,1608
5923.095005,848,1614
5923.100007,877,1610
5923.105007,828,1608
5923.110005,839,1610
5923.115006,856,1618
5923.120005,849,1606
5923.125006,841,1609
5923.130006,867,1608
5923.135007,848,1612
5923.140006,845,1612
5923.145006,861,1614
5923.150005,849,1612
5923.155006,842,1609
5923.160006,840,1613
5923.165006,870,1613
5923.170007,833,1613
5923.175005,836,1615
5923.180006,858,1613
5923.185006,870,1613
5923.190006,834,1612
5923.195005,862,1612
5923.200006,858,1615
5923.205007,822,1614
5923.210005,854,1612
5923.215005,874,1612
5923.220005,838,1616
5923.225007,844,1611
5923.230005,867,1614
5923.235006,852,1618
5923.240005,838,1614
5923.245006,865,1613
5923.250007,874,1614
5923.255006,832,1615
5923.260006,837,1617
5923.265005,856,1617
5923.270007,848,1620
5923.275007,841,1621
5923.280006,864,1619
5923.285005,852,1625
5923.290005,828,1623
5923.295006,864,1622
5923.300006,860,1620
5923.305007,833,1623
5923.310006,832,1621
5923.315005,859,1625
5923.320005,854,1621
5923.325006,833,1624
5923.330005,880,1626
5923.335006,853,1624
5923.340006,819,1630
5923.345006,864,1626
5923.350006,861,1625
5923.355005,823,1628
5923.360006,847,1622
5923.365006,876,1628
5923.370006,841,1627
5923.375006,836,1625
5923.380007,877,1627
5923.385006,851,1629
5923.390007,838,1628
5923.395006,853,1624
5923.400006,875,1622
5923.405005,822,1623
5923.410006,834,1624
5923.415006,878,1622
5923.420006,847,1620
5923.425006,828,1621
5923.430007,876,1618
5923.435006,867,1618
5923.440006,827,1619
5923.445006,846,1621
5923.450006,875,1618
5923.455006,833,1618
5923.460006,834,1615
5923.465007,876,1618
5923.470006,836,1620
5923.475005,831,1618
5923.480006,878,1615
5923.485005,850,1619
5923.490006,821,1616
5923.495005,848,1619
5923.500006,860,1618
5923.505007,846,1611
5923.510005,848,1616
5923.515007,869,1614
5923.520006,842,1613
5923.525006,826,1616
5923.530006,878,1613
5923.535006,848,1612
5923.540006,838,1612
5923.545006,858,1612
5923.550006,854,1614
5923.555006,836,1614
5923.560007,837,1610
5923.565006,882,1610
5923.570005,837,1612
5923.575005,826,1614
5923.580005,876,1611
5923.585005,857,1610
5923.590005,827,1610
5923.595006,872,1608
5923.600007,864,1609
5923.605007,825,1611
5923.610006,845,1610
5923.615007,864,1611
5923.620007,836,1603
5923.625005,846,1608
5923.630006,859,1611
5923.635007,852,1617
5923.640007,840,1611
5923.645005,856,1614
5923.650007,876,1612
5923.655007,823,1615
5923.660006,848,1615
5923.665007,869,1615
5923.670006,835,1614
5923.675005,846,1610
5923.680007,863,1615
5923.685005,867,1606
5923.690006,834,1610
5923.695006,845,1615
5923.700005,873,1610
5923.705006,845,1609
5923.710007,850,1609
5923.715005,868,1610
5923.720006,845,1611
5923.725005,846,1607
5923.730006,868,1612
5923.735005,869,1610
5923.740006,822,1608
5923.745006,861,1612
5923.750006,861,1616
5923.755005,821,1621
5923.760006,835,1618
5923.765006,861,1618
5923.770005,853,1606
5923.775006,836,1620
5923.780006,875,1611
5923.785005,861,1617
5923.790006,824,1621
5923.795007,866,1615
5923.800005,865,1619
5923.805007,826,1620
5923.810007,838,1617
5923.815006,868,1618
5923.820005,847,1616
5923.825005,833,1619
5923.830005,862,1619
5923.835006,851,1622
5923.840007,850,1610
5923.845006,867,1616
5923.850005,862,1620
5923.855007,830,1616
5923.860006,835,1615
5923.865006,873,1614
5923.870005,834,1625
5923.875006,829,1618
5923.880007,872,1612
5923.885005,852,1616
5923.890006,843,1614
5923.895006,860,1611
5923.900005,861,1614
5923.905006,836,1612
5923.910005,831,1615
5923.915005,869,1615
5923.920005,841,1611
5923.925006,845,1612
5923.930007,862,1616
5923.935006,859,1598
5923.940005,842,1606
5923.945007,858,1606
5923.950006,872,1603
5923.955006,840,1601
5923.960007,835,1603
5923.965005,855,1603
5923.970007,844,1599
5923.975005,840,1596
5923.980007,867,1597
5923.985007,857,1598
5923.990007,818,1601
5923.995006,857,1595
5924.000007,854,1594
5924.005006,841,1593
5924.010006,842,1590
5924.015006,863,1597
5924.020007,834,1593
5924.025007,827,1595
5924.030006,877,1587
5924.035005,861,1590
5924.040006,823,1593
5924.045006,868,1590
5924.050006,868,1594
5924.055006,825,1595
5924.060006,843,1591
5924.065006,871,1596
5924.070006,839,1597
5924.075005,838,1601
5924.080005,861,1601
5924.085006,848,1606
5924.090007,826,1602
5924.095006,851,1606
5924.100005,861,1605
5924.105007,824,1607
5924.110006,848,1610
5924.115006,869,1608
5924.120006,833,1611
5924.125007,844,1607
5924.130005,872,1610
5924.135006,852,1610
5924.140006,840,1607
5924.145006,864,1612
5924.150005,861,1609
5924.155007,818,1612
5924.160006,855,1608
5924.165007,874,1610
5924.170005,837,1613
5924.175006,827,1605
5924.180006,877,1609
5924.185005,853,1608
5924.190007,818,1610
5924.195007,863,1608
5924.200007,861,1604
5924.205006,822,1605
5924.210006,852,1604
5924.215006,873,1605
5924.220007,844,1598
5924.225006,834,1600
5924.230006,855,1601
5924.235005,867,1598
5924.240005,833,1597
5924.245006,847,1594
5924.250007,867,1591
5924.255005,836,1591
5924.260006,828,1593
5924.265006,872,1593
5924.270005,841,1590
5924.275006,825,1590
5924.280005,871,1591
5924.285005,857,1592
5924.290005,843,1593
5924.295005,864,1594
5924.300005,860,1592
5924.305007,819,1594
5924.310006,835,1593
5924.315005,865,1593
5924.320006,841,1595
5924.325005,842,1595
5924.330005,862,1595
5924.335005,870,1595
5924.340005,831,1594
5924.345006,846,1586
5924.350006,866,1596
5924.355005,824,1598
5924.360006,829,1597
5924.365006,876,1599
5924.370005,836,1600
5924.375005,838,1598
5924.380005,864,1599
5924.385005,861,1600
5924.390006,825,1597
5924.395007,856,1596
5924.400006,855,1600
5924.405006,839,1593
5924.410006,837,1595
5924.415006,856,1592
5924.420007,855,1588
5924.425006,843,1587
5924.430006,864,1585
5924.435005,851,1585
5924.440006,839,1581
5924.445006,852,1581
5924.450006,855,1581
5924.455006,826,1580
5924.460007,833,1568
5924.465006,862,1570
5924.470006,833,1580
5924.475006,833,1568
5924.480006,864,1580
5924.485005,854,1584
5924.490005,817,1582
5924.495005,842,1584
5924.500005,871,1580
5924.505005,824,1588
5924.510005,835,1587
5924.515007,882,1581
5924.520006,853,1587
5924.525005,836,1588
5924.530006,862,1589
5924.535006,844,1598
5924.540006,836,1587
5924.545006,863,1591
5924.550006,853,1596
5924.555006,813,1598
5924.560006,843,1598
5924.565006,858,1599
5924.570005,846,1597
5924.575005,825,1601
5924.580006,852,1601
5924.585006,856,1598
5924.590006,822,1602
5924.595007,845,1598
5924.600005,861,1602
5924.605006,821,1603
5924.610005,850,1598
5924.615005,869,1599
5924.620005,829,1605
5924.625006,837,1604
5924.630007,853,1604
5924.635005,853,1589
5924.640006,837,1601
5924.645005,847,1601
5924.650007,848,1607
5924.655007,831,1602
5924.660007,838,1604
5924.665007,863,1605
5924.670006,837,1605
5924.675006,833,1597
5924.680006,877,1594
5924.685005,857,1602
5924.690006,822,1602
5924.695005,861,1599
5924.700006,854,1602
5924.705007,820,1593
5924.710007,834,1602
5924.715006,874,1603
5924.720007,836,1604
5924.725005,827,1605
5924.730006,854,1605
5924.735006,866,1603
5924.740005,820,1607
5924.745005,839,1612
5924.750005,864,1606
5924.755005,833,1601
5924.760006,830,1606
5924.765007,874,1602
5924.770005,843,1602
5924.775007,829,1603
5924.780005,874,1603
5924.785005,860,1603
5924.790005,823,1605
5924.795005,845,1607
5924.800006,857,1604
5924.805007,838,1605
5924.810006,838,1605
5924.815005,859,1605
5924.820006,830,1608
5924.825005,828,1608
5924.830006,874,1605
5924.835007,866,1605
5924.840006,834,1606
5924.845006,851,1609
5924.850005,852,1608
5924.855007,820,1609
5924.860007,850,1605
5924.865006,865,1609
5924.870007,830,1609
5924.875006,835,1608
5924.880006,866,1611
5924.885006,851,1609
5924.890007,838,1599
5924.895007,856,1608
5924.900007,858,1606
5924.905006,817,1606
5924.910006,828,1611
5924.915006,872,1604
5924.920007,832,1609
5924.925007,844,1606
5924.930005,862,1610
5924.935007,870,1605
5924.940006,820,1613
5924.945007,859,1608
5924.950006,857,1611
5924.955006,841,1609
5924.960006,837,1609
5924.965006,857,1613
5924.970006,856,1610
5924.975007,830,1614
5924.980005,859,1614
5924.985006,865,1611
5924.990006,835,1610
5924.995007,844,1612
5925.000007,866,1610
5925.005007,828,1614
5925.010006,827,1612
5925.015006,870,1608
5925.020006,846,1610
5925.025006,834,1604
5925.030005,859,1611
5925.035006,865,1608
5925.040006,829,1611
5925.045007,841,1616
5925.050006,875,1613
5925.055006,825,1616
5925.060006,827,1621
5925.065005,872,1618
5925.070006,852,1620
5925.075005,832,1620
5925.080005,858,1625
5925.085005,867,1623
5925.090005,828,1628
5925.095006,864,1632
5925.100006,854,1632
5925.105006,831,1634
5925.110006,832,1636
5925.115006,858,1641
5925.120005,853,1632
5925.125006,834,1641
5925.130007,875,1634
5925.135005,863,1636
5925.140007,828,1644
5925.145006,854,1643
5925.150007,877,1644
5925.155007,827,1649
5925.160007,831,1649
5925.165006,877,1649
5925.170006,856,1646
5925.175006,836,1649
5925.180007,866,1649
5925.185006,855,1652
5925.190006,823,1649
5925.195006,860,1649
5925.200006,862,1649
5925.205007,849,1646
5925.210005,843,1643
5925.215005,865,1643
5925.220006,858,1641
5925.225006,834,1641
5925.230006,868,1641
5925.235005,854,1641
5925.240005,838,1633
5925.245005,849,1635
5925.250006,861,1627
5925.255007,835,1627
5925.260007,832,1628
5925.265006,887,1624
5925.270006,858,1622
5925.275005,842,1622
5925.280006,857,1622
5925.285006,860,1616
5925.290006,821,1617
5925.295006,862,1611
5925.300006,859,1610
5925.305006,844,1603
5925.310006,831,1606
5925.315005,873,1595
5925.320006,853,1602
5925.325005,836,1601
5925.330005,861,1600
5925.335006,870,1598
5925.340007,820,1598
5925.345006,843,1595
5925.350005,850,1604
5925.355007,842,1594
5925.360006,850,1593
5925.365006,877,1592
5925.370006,854,1589
5925.375007,842,1593
5925.380006,867,1593
5925.385006,852,1597
5925.390006,822,1595
5925.395005,855,1589
5925.400006,855,1598
5925.405006,837,1597
5925.410005,828,1599
5925.415006,855,1602
5925.420007,856,1597
5925.425006,826,1604
5925.430006,877,1600
5925.435005,845,1606
5925.440006,835,1604
5925.445005,852,1604
5925.450005,854,1605
5925.455005,839,1609
5925.460005,835,1605
5925.465005,854,1614
5925.470006,849,1613
5925.475005,829,1611
5925.480006,858,1613
5925.485007,849,1617
5925.490007,831,1605
5925.495006,854,1618
5925.500007,853,1621
5925.505007,837,1617
5925.510005,833,1616
5925.515007,869,1615
5925.520006,849,1616
5925.525005,831,1619
5925.530006,861,1619
5925.535006,863,1624
5925.540007,822,1614
5925.545005,843,1620
5925.550006,870,1623
5925.555006,833,1621
5925.560005,844,1618
5925.565006,869,1618
5925.570005,840,1620
5925.575006,826,1620
5925.580006,878,1622
5925.585006,860,1624
5925.590006,829,1614
5925.595007,862,1620
5925.600005,859,1623
5925.605006,827,1624
5925.610007,833,1625
5925.615006,863,1622
5925.620006,852,1625
5925.625006,829,1624
5925.630006,875,1614
5925.635006,864,1623
5925.640006,840,1626
5925.645006,862,1626
5925.650006,870,1624
5925.655006,837,1622
5925.660006,833,1624
5925.665006,873,1621
5925.670006,840,1626
5925.675007,829,1624
5925.680005,855,1631
5925.685006,869,1626
5925.690006,832,1626
5925.695005,845,1629
5925.700006,856,1629
5925.705006,822,1632
5925.710007,847,1632
5925.715005,857,1634
5925.720007,846,1629
5925.725006,822,1635
5925.730006,862,1631
5925.735006,846,1635
5925.740005,827,1632
5925.745006,843,1638
5925.750007,867,1633
5925.755006,827,1637
5925.760006,839,1633
5925.765006,860,1637
5925.770007,833,1631
5925.775006,828,1635
5925.780006,860,1636
5925.785006,848,1638
5925.790007,841,1635
5925.795007,846,1639
5925.800005,877,1633
5925.805006,829,1638
5925.810007,846,1631
5925.815007,867,1639
5925.820006,858,1640
5925.825006,833,1639
5925.830007,856,1641
5925.835006,871,1639
5925.840006,833,1637
5925.845007,846,1638
5925.850005,871,1636
5925.855006,836,1637
5925.860005,830,1638
5925.865005,883,1633
5925.870005,845,1636
5925.875006,832,1634
5925.880006,862,1635
5925.885006,862,1634
5925.890007,845,1629
5925.895006,852,1630
5925.900007,862,1631
5925.905007,843,1633
5925.910007,831,1632
5925.915007,859,1630
5925.920006,849,1630
5925.925006,837,1624
5925.930007,860,1627
5925.935006,865,1621
5925.940006,828,1624
5925.945006,863,1616
5925.950005,876,1615
5925.955005,825,1616
5925.960005,833,1615
5925.965005,880,1611
5925.970006,841,1609
5925.975006,828,1609
5925.980006,875,1603
5925.985005,850,1608
5925.990005,843,1599
5925.995006,857,1604
5926.000005,854,1601
5926.005005,838,1600
5926.010005,835,1596
5926.015006,856,1600
5926.020006,856,1599
5926.025005,821,1598
5926.030006,861,1595
5926.035005,851,1594
5926.040005,842,1590
5926.045005,843,1592
5926.050006,867,1590
5926.055006,823,1593
5926.060006,826,1589
5926.065005,871,1588
5926.070006,836,1589
5926.075006,822,1590
5926.080006,856,1581
5926.085006,863,1581
5926.090007,832,1584
5926.095005,855,1586
5926.100006,871,1583
5926.105005,822,1586
5926.110006,829,1588
5926.115006,859,1587
5926.120006,855,1580
5926.125007,830,1584
5926.130006,856,1589
5926.135005,850,1582
5926.140007,835,1583
5926.145005,854,1581
5926.150007,867,1584
5926.155007,824,1579
5926.160006,828,1581
5926.165007,875,1575
5926.170007,848,1576
5926.175006,821,1580
5926.180006,856,1580
5926.185005,861,1580
5926.190006,825,1583
5926.195005,844,1581
5926.200006,866,1581
5926.205006,825,1585
5926.210007,837,1587
5926.215006,874,1593
5926.220006,848,1586
5926.225006,840,1595
5926.230005,863,1601
5926.235006,858,1601
5926.240007,834,1603
5926.245006,848,1607
5926.250006,872,1605
5926.255007,837,1607
5926.260006,833,1612
5926.265006,858,1615
5926.270005,854,1615
5926.275006,837,1616
5926.280005,864,1615
5926.285005,849,1613
5926.290006,832,1614
5926.295006,841,1620
5926.300006,852,1622
5926.305006,821,1615
5926.310005,847,1617
5926.315007,866,1617
5926.320006,852,1613
5926.325005,843,1613
5926.330005,878,1619
5926.335005,861,1622
5926.340005,818,1619
5926.345006,860,1621
5926.350005,855,1621
5926.355005,845,1619
5926.360006,839,1623
5926.365007,857,1620
5926.370006,844,1625
5926.375006,850,1622
5926.380006,870,1622
5926.385007,847,1628
5926.390005,823,1625
5926.395007,866,1626
5926.400007,861,1625
5926.405007,821,1632
5926.410006,847,1628
5926.415006,872,1628
5926.420006,860,1629
5926.425005,841,1619
5926.430006,864,1628
5926.435006,872,1624
5926.440005,821,1631
5926.445006,861,1627
5926.450007,854,1628
5926.455007,838,1629
5926.460006,833,1628
5926.465007,875,1619
5926.470005,841,1627
5926.475007,845,1627
5926.480006,860,1627
5926.485005,864,1623
5926.490005,832,1623
5926.495005,849,1627
5926.500005,852,1622
5926.505006,827,1624
5926.510007,834,1627
5926.515007,868,1624
5926.520005,836,1628
5926.525007,835,1622
5926.530006,860,1625
5926.535006,870,1621
5926.540005,827,1620
5926.545005,849,1620
5926.550006,862,1621
5926.555006,825,1620
5926.560005,849,1620
5926.565006,864,1621
5926.570007,852,1617
5926.575007,832,1619
5926.580006,877,1612
5926.585006,858,1616
5926.590007,840,1611
5926.595007,857,1612
5926.600006,863,1612
5926.605006,820,1616
5926.610006,851,1610
5926.615005,863,1608
5926.620005,838,1606
5926.625006,848,1604
5926.630006,869,1604
5926.635006,847,1609
5926.640006,835,1601
5926.645005,850,1601
5926.650006,861,1603
5926.655006,828,1608
5926.660005,833,1602
5926.665006,874,1601
5926.670006,858,1599
5926.675006,837,1599
5926.680006,869,1597
5926.685007,854,1595
5926.690006,829,1598
5926.695007,837,1598
5926.700006,851,1596
5926.705006,827,1584
5926.710006,840,1593
5926.715006,861,1592
5926.720005,833,1595
5926.725007,845,1584
5926.730006,873,1588
5926.735007,848,1587
5926.740005,829,1585
5926.745005,850,1585
5926.750005,865,1581
5926.755005,816,1588
5926.760005,842,1574
5926.765007,863,1579
5926.770006,830,1579
5926.775006,834,1576
5926.780006,869,1576
5926.785006,855,1574
5926.790006,818,1576
5926.795006,857,1574
5926.800006,852,1575
5926.805006,840,1572
5926.810006,826,1574
5926.815006,872,1572
5926.820006,833,1573
5926.825005,834,1571
5926.830006,850,1574
5926.835007,860,1570
5926.840006,819,1570
5926.845007,842,1563
5926.850005,859,1572
5926.855007,820,1569
5926.860006,841,1573
5926.865005,860,1574
5926.870005,831,1577
5926.875006,828,1577
5926.880006,858,1580
5926.885007,849,1575
5926.890006,817,1587
5926.895005,860,1584
5926.900007,864,1585
5926.905007,822,1592
5926.910006,847,1587
5926.915007,868,1593
5926.920006,835,1595
5926.925006,820,1597
5926.930007,879,1594
5926.935007,851,1599
5926.940007,817,1602
5926.945007,841,1596
5926.950006,871,1601
5926.955006,818,1606
5926.960006,837,1606
5926.965006,859,1608
5926.970006,856,1608
5926.975006,825,1609
5926.980005,859,1611
5926.985006,865,1610
5926.990006,821,1614
5926.995005,842,1615
5927.000006,868,1608
5927.005007,833,1614
5927.010006,834,1618
5927.015006,866,1622
5927.020005,841,1619
5927.025007,821,1624
5927.030006,877,1618
5927.035006,848,1624
5927.040007,841,1617
5927.045005,847,1618
5927.050005,871,1620
5927.055006,831,1620
5927.060006,832,1623
5927.065006,859,1621
5927.070005,853,1621
5927.075005,830,1621
5927.080006,856,1624
5927.085007,870,1623
5927.090005,826,1625
5927.095007,849,1621
5927.100006,865,1624
5927.105006,829,1622
5927.110005,831,1628
5927.115005,866,1630
5927.120006,860,1624
5927.125006,827,1634
5927.130006,857,1632
5927.135006,874,1628
5927.140006,827,1635
5927.145006,855,1633
5927.150005,857,1636
5927.155006,844,1631
5927.160006,846,1636
5927.165006,866,1635
5927.170006,843,1628
5927.175006,839,1638
5927.180006,859,1642
5927.185005,866,1639
5927.190007,842,1641
5927.195007,840,1640
5927.200006,863,1638
5927.205006,829,1639
5927.210007,854,1633
5927.215006,879,1635
5927.220006,850,1637
5927.225007,825,1634
5927.230007,877,1630
5927.235006,866,1633
5927.240005,827,1634
5927.245005,844,1631
5927.250005,877,1621
5927.255006,832,1622
5927.260006,854,1620
5927.265006,868,1619
5927.270006,847,1616
5927.275006,838,1616
5927.280005,867,1614
5927.285005,861,1611
5927.290005,835,1614
5927.295005,848,1611
5927.300005,858,1613
5927.305006,824,1614
5927.310007,829,1610
5927.315006,876,1612
5927.320006,848,1610
5927.325006,829,1611
5927.330006,879,1611
5927.335006,862,1612
5927.340007,829,1613
5927.345005,842,1614
5927.350006,871,1614
5927.355005,824,1613
5927.360007,840,1612
5927.365006,865,1613
5927.370005,854,1612
5927.375005,824,1615
5927.380005,875,1608
5927.385005,866,1608
5927.390006,829,1606
5927.395006,840,1609
5927.400006,878,1603
5927.405005,827,1603
5927.410005,830,1601
5927.415005,859,1601
5927.420005,859,1599
5927.425005,836,1593
5927.430007,855,1600
5927.435006,865,1596
5927.440006,817,1595
5927.445006,851,1595
5927.450005,852,1593
5927.455005,837,1588
5927.460005,837,1588
5927.465005,867,1587
5927.470006,837,1588
5927.475005,824,1586
5927.480006,863,1586
5927.485005,854,1586
5927.490005,822,1585
5927.495006,842,1587
5927.500006,870,1584
5927.505006,832,1584
5927.510007,831,1583
5927.515007,877,1581
5927.520006,850,1582
5927.525006,825,1582
5927.530005,871,1578
5927.535006,854,1583
5927.540006,829,1579
5927.545006,851,1582
5927.550007,851,1584
5927.555006,837,1579
5927.560005,829,1586
5927.565006,854,1585
5927.570005,833,1583
5927.575005,844,1580
5927.580006,849,1585
5927.585007,857,1583
5927.590006,827,1578
5927.595006,849,1583
5927.600005,851,1586
5927.605006,821,1585
5927.610006,824,1590
5927.615005,870,1588
5927.620005,839,1589
5927.625005,821,1591
5927.630005,868,1590
5927.635005,846,1594
5927.640007,825,1584
5927.645006,855,1590
5927.650006,865,1595
5927.655006,824,1592
5927.660005,830,1593
5927.665006,851,1595
5927.670007,856,1594
5927.675005,825,1594
5927.680006,849,1598
5927.685006,859,1594
5927.690006,821,1598
5927.695005,840,1602
5927.700006,852,1603
5927.705006,815,1604
5927.710006,822,1605
5927.715006,861,1609
5927.720006,841,1608
5927.725005,841,1609
5927.730006,862,1614
5927.735005,843,1614
5927.740006,828,1611
5927.745005,852,1611
5927.750005,856,1616
5927.755005,840,1613
5927.760005,843,1613
5927.765006,853,1617
5927.770005,835,1616
5927.775006,842,1617
5927.780005,871,1614
5927.785006,852,1615
5927.790007,834,1614
5927.795006,845,1611
5927.800006,853,1618
5927.805006,826,1612
5927.810007,846,1610
5927.815006,859,1606
5927.820005,833,1607
5927.825006,826,1601
5927.830006,874,1599
5927.835006,847,1600
5927.840007,811,1598
5927.845006,854,1597
5927.850006,857,1597
5927.855005,835,1594
5927.860007,830,1600
5927.865006,854,1598
5927.870006,834,1600
5927.875007,842,1596
5927.880006,867,1595
5927.885007,851,1602
5927.890007,822,1589
5927.895006,844,1600
5927.900006,857,1605
5927.905005,820,1605
5927.910006,845,1607
5927.915006,865,1602
5927.920006,841,1609
5927.925005,819,1612
5927.930006,869,1612
5927.935006,847,1614
5927.940006,830,1615
5927.945006,835,1615
5927.950005,853,1616
5927.955005,838,1616
5927.960006,831,1614
5927.965007,877,1614
5927.970006,855,1616
5927.975005,821,1619
5927.980006,867,1613
5927.985006,848,1619
5927.990005,839,1611
5927.995005,849,1612
5928.000006,863,1610
5928.005006,824,1613
5928.010006,850,1604
5928.015006,869,1610
5928.020006,839,1613
5928.025005,838,1604
5928.030007,866,1608
5928.035007,851,1611
5928.040006,835,1608
5928.045006,841,1609
5928.050007,873,1608
5928.055006,821,1611
5928.060006,832,1608
5928.065005,854,1608
5928.070007,853,1606
5928.075006,822,1605
5928.080007,872,1601
5928.085007,864,1608
5928.090006,828,1602
5928.095007,843,1603
5928.100005,857,1599
5928.105007,827,1600
5928.110006,827,1603
5928.115007,875,1602
5928.120006,835,1603
5928.125006,820,1601
5928.130007,872,1600
5928.135006,853,1596
5928.140006,816,1602
5928.145007,854,1597
5928.150007,866,1598
5928.155007,834,1596
5928.160007,826,1602
5928.165007,861,1598
5928.170006,856,1605
5928.175006,828,1605
5928.180007,858,1603
5928.185006,868,1603
5928.190005,828,1607
5928.195007,844,1608
5928.200007,860,1613
5928.205007,821,1612
5928.210006,842,1612
5928.215007,864,1614
5928.220007,863,1613
5928.225005,833,1615
5928.230006,857,1620
5928.235006,874,1613
5928.240005,834,1617
5928.245005,846,1618
5928.250005,876,1616
5928.255005,837,1619
5928.260006,837,1616
5928.265006,857,1619
5928.270006,852,1620
5928.275006,823,1620
5928.280005,870,1620
5928.285006,851,1625
5928.290007,824,1622
5928.295006,864,1620
5928.300006,860,1622
5928.305006,843,1621
5928.310006,830,1622
5928.315007,883,1619
5928.320006,857,1621
5928.325006,830,1625
5928.330006,856,1620
5928.335007,863,1625
5928.340006,826,1627
5928.345006,860,1627
5928.350006,862,1627
5928.355006,844,1627
5928.360005,848,1627
5928.365006,876,1625
5928.370006,848,1631
5928.375006,827,1632
5928.380006,856,1634
5928.385007,870,1630
5928.390006,828,1634
5928.395005,843,1633
5928.400006,877,1631
5928.405006,827,1636
5928.410006,854,1630
5928.415006,871,1633
5928.420006,840,1631
5928.425006,847,1634
5928.430006,869,1633
5928.435006,855,1635
5928.440005,837,1632
5928.445007,866,1633
5928.450007,859,1635
5928.455007,844,1630
5928.460007,845,1633
5928.465006,870,1631
5928.470006,842,1634
5928.475006,824,1636
5928.480006,859,1633
5928.485005,872,1626
5928.490006,840,1632
5928.495005,857,1631
5928.500006,861,1628
5928.505006,824,1629
5928.510006,853,1627
5928.515007,871,1626
5928.520005,852,1621
5928.525007,830,1622
5928.530006,862,1613
5928.535006,868,1606
5928.540006,830,1616
5928.545005,840,1616
5928.550006,880,1608
5928.555007,837,1611
5928.560006,837,1608
5928.565005,857,1615
5928.570006,863,1609
5928.575005,828,1607
5928.580005,869,1608
5928.585006,847,1610
5928.590007,840,1603
5928.595006,845,1605
5928.600005,869,1599
5928.605007,834,1602
5928.610006,833,1603
5928.615006,867,1601
5928.620006,842,1606
5928.625007,842,1600
5928.630005,853,1600
5928.635005,866,1599
5928.640006,816,1605
5928.645006,860,1598
5928.650006,862,1599
5928.655007,821,1594
5928.660007,848,1598
5928.665006,874,1599
5928.670006,844,1600
5928.675006,821,1599
5928.680007,865,1598
5928.685005,851,1599
5928.690005,826,1595
5928.695006,842,1592
5928.700006,865,1590
5928.705005,824,1595
5928.710005,849,1589
5928.715005,876,1593
5928.720005,852,1593
5928.725006,837,1590
5928.730006,855,1592
5928.735006,870,1587
5928.740006,824,1591
5928.745006,839,1592
5928.750007,868,1593
5928.755005,827,1590
5928.760005,849,1589
5928.765006,872,1593
5928.770007,847,1588
5928.775006,836,1588
5928.780005,857,1589
5928.785005,845,1589
5928.790006,816,1604
5928.795007,837,1591
5928.800005,873,1588
5928.805005,826,1589
5928.810006,830,1590
5928.815006,878,1587
5928.820005,836,1592
5928.825005,833,1588
5928.830005,851,1590
5928.835005,861,1589
5928.840005,820,1590
5928.845007,860,1586
5928.850006,857,1591
5928.855005,818,1593
5928.860007,840,1588
5928.865007,860,1596
5928.870006,861,1590
5928.875006,844,1595
5928.880006,856,1595
5928.885006,864,1594
5928.890006,820,1595
5928.895005,848,1594
5928.900006,854,1597
5928.905005,824,1600
5928.910006,845,1587
5928.915007,872,1599
5928.920007,849,1598
5928.925006,822,1600
5928.930006,870,1598
5928.935006,852,1600
5928.940005,820,1596
5928.945006,854,1595
5928.950005,857,1598
5928.955005,842,1593
5928.960005,835,1597
5928.965006,861,1596
5928.970006,838,1596
5928.975005,831,1591
5928.980006,876,1596
5928.985005,857,1600
5928.990005,821,1598
5928.995006,836,1604
5929.000007,870,1597
5929.005006,836,1604
5929.010006,831,1605
5929.015006,860,1609
5929.020007,861,1606
5929.025007,820,1614
5929.030007,863,1609
5929.035006,870,1610
5929.040006,823,1615
5929.045006,855,1611
5929.050006,852,1614
5929.055006,843,1612
5929.060005,833,1613
5929.065006,856,1617
5929.070006,862,1614
5929.075005,829,1623
5929.080006,863,1618
5929.085006,853,1622
5929.090006,838,1621
5929.095006,837,1622
5929.100006,865,1618
5929.105006,825,1626
5929.110006,844,1625
5929.115005,863,1623
5929.120005,844,1624
5929.125006,838,1624
5929.130006,858,1628
5929.135005,861,1628
5929.140006,834,1625
5929.145006,861,1631
5929.150006,868,1628
5929.155006,831,1629
5929.160005,839,1634
5929.165005,875,1626
5929.170005,847,1640
5929.175005,827,1637
5929.180006,867,1637
5929.185006,871,1636
5929.190005,842,1635
5929.195006,851,1637
5929.200007,861,1639
5929.205007,845,1637
5929.210006,839,1639
5929.215006,862,1638
5929.220007,850,1632
5929.225006,829,1635
5929.230007,869,1642
5929.235006,856,1642
5929.240007,834,1641
5929.245006,840,1640
5929.250006,859,1646
5929.255006,830,1645
5929.260006,842,1632
5929.265005,882,1640
5929.270006,850,1639
5929.275007,847,1636
5929.280006,866,1634
5929.285006,878,1630
5929.290007,841,1632
5929.295007,839,1630
5929.300005,874,1624
5929.305006,846,1626
5929.310007,832,1627
5929.315006,862,1621
5929.320005,851,1623
5929.325005,831,1614
5929.330005,864,1622
5929.335006,869,1618
5929.340006,823,1618
5929.345006,861,1612
5929.350005,870,1610
5929.355006,842,1608
5929.360006,843,1608
5929.365005,859,1605
5929.370006,853,1596
5929.375005,826,1604
5929.380005,849,1600
5929.385006,849,1604
5929.390006,838,1600
5929.395005,856,1598
5929.400006,860,1599
5929.405005,819,1603
5929.410006,850,1600
5929.415007,857,1604
5929.420006,842,1601
5929.425006,826,1588
5929.430006,866,1600
5929.435006,854,1603
5929.440006,826,1600
5929.445006,841,1602
5929.450005,857,1602
5929.455005,824,1602
5929.460005,847,1601
5929.465005,858,1600
5929.470006,856,1600
5929.475005,835,1599
5929.480006,853,1602
5929.485005,848,1603
5929.490006,838,1599
5929.495005,842,1601
5929.500005,853,1601
5929.505006,839,1594
5929.510007,839,1603
5929.515006,863,1603
5929.520005,844,1600
5929.525007,819,1603
5929.530007,852,1605
5929.535005,868,1602
5929.540005,817,1609
5929.545005,835,1607
5929.550005,867,1607
5929.555006,827,1608
5929.560006,837,1608
5929.565005,875,1608
5929.570007,852,1608
5929.575007,827,1613
5929.580006,876,1611
5929.585007,854,1617
5929.590006,834,1613
5929.595006,845,1617
5929.600005,877,1612
5929.605007,836,1618
5929.610006,835,1620
5929.615006,865,1621
5929.620005,855,1620
5929.625005,826,1626
5929.630005,859,1627
5929.635005,866,1626
5929.640006,837,1627
5929.645006,849,1633
5929.650006,864,1633
5929.655005,835,1632
5929.660006,838,1633
5929.665007,864,1636
5929.670005,849,1633
5929.675005,838,1637
5929.680006,866,1636
5929.685007,867,1634
5929.690006,833,1633
5929.695005,843,1635
5929.700005,854,1641
5929.705005,840,1635
5929.710006,830,1632
5929.715006,877,1629
5929.720006,856,1631
5929.725006,821,1634
5929.730005,865,1635
5929.735007,854,1636
5929.740006,841,1637
5929.745007,853,1630
5929.750006,865,1627
5929.755007,835,1635
5929.760005,845,1629
5929.765006,869,1639
5929.770005,846,1636
5929.775007,828,1639
5929.780006,856,1641
5929.785005,871,1638
5929.790005,831,1638
5929.795006,835,1640
5929.800007,873,1637
5929.805006,835,1633
5929.810006,849,1633
5929.815006,866,1632
5929.820005,846,1633
5929.825005,842,1631
5929.830006,852,1634
5929.835006,872,1628
5929.840006,828,1625
5929.845006,839,1625
5929.850005,854,1628
5929.855006,833,1627
5929.860006,835,1624
5929.865005,882,1617
5929.870005,846,1621
5929.875005,834,1615
5929.880006,851,1617
5929.885006,855,1616
5929.890006,829,1601
5929.895007,837,1615
5929.900007,864,1613
5929.905007,847,1610
5929.910007,824,1613
5929.915006,882,1608
5929.920007,849,1607
5929.925005,845,1605
5929.930006,849,1610
5929.935005,861,1602
5929.940007,819,1604
5929.945006,834,1603
5929.950006,865,1602
5929.955006,831,1603
5929.960007,837,1599
5929.965005,858,1602
5929.970006,854,1590
5929.975006,831,1600
5929.980007,858,1596
5929.985007,855,1597
5929.990007,820,1598
5929.995006,864,1593
5930.000006,873,1593
5930.005007,834,1590
5930.010007,843,1592
5930.015005,861,1594
5930.020006,837,1599
5930.025006,834,1594
5930.030005,871,1597
5930.035006,854,1593
5930.040006,825,1595
5930.045006,838,1589
5930.050006,871,1597
5930.055006,813,1602
5930.060006,821,1600
5930.065005,877,1597
5930.070006,845,1598
5930.075006,836,1599
5930.080006,856,1599
5930.085006,846,1600
5930.090007,813,1600
5930.095006,853,1600
5930.100006,852,1597
5930.105005,820,1600
5930.110006,826,1598
5930.115007,873,1590
5930.120007,847,1598
5930.125006,824,1599
5930.130007,856,1600
5930.135005,846,1603
5930.140007,824,1603
5930.145005,838,1594
5930.150006,868,1603
5930.155007,822,1609
5930.160007,841,1601
5930.165006,858,1611
5930.170006,859,1610
5930.175006,825,1609
5930.180006,850,1608
5930.185005,863,1611
5930.190006,824,1613
5930.195005,836,1616
5930.200006,872,1614
5930.205007,825,1615
5930.210006,850,1612
5930.215007,869,1614
5930.220007,850,1614
5930.225005,819,1614
5930.230006,869,1611
5930.235005,854,1610
5930.240005,823,1614
5930.245005,832,1616
5930.250005,870,1606
5930.255005,834,1612
5930.260006,831,1613
5930.265006,858,1615
5930.270005,839,1608
5930.275006,827,1612
5930.280006,855,1613
5930.285006,862,1612
5930.290006,819,1614
5930.295007,835,1612
5930.300005,872,1613
5930.305006,826,1613
5930.310006,848,1613
5930.315005,862,1612
5930.320006,862,1609
5930.325005,826,1611
5930.330005,876,1610
5930.335006,854,1612
5930.340006,820,1611
5930.345007,852,1608
5930.350007,867,1610
5930.355007,850,1609
5930.360006,837,1611
5930.365006,866,1612
5930.370007,866,1609
5930.375006,840,1609
5930.380006,859,1617
5930.385006,867,1614
5930.390006,830,1615
5930.395005,831,1613
5930.400006,875,1619
5930.405006,824,1619
5930.410005,850,1621
5930.415005,866,1621
5930.420006,852,1622
5930.425006,847,1620
5930.430007,861,1618
5930.435006,852,1622
5930.440005,838,1616
5930.445006,849,1618
5930.450006,872,1618
5930.455007,834,1619
5930.460006,836,1617
5930.465007,862,1621
5930.470005,850,1621
5930.475006,844,1620
5930.480006,859,1619
5930.485005,853,1618
5930.490006,822,1618
5930.495006,856,1615
5930.500006,869,1623
5930.505006,838,1617
5930.510006,838,1613
5930.515007,872,1618
5930.520005,862,1619
5930.525006,830,1616
5930.530005,868,1621
5930.535005,873,1620
5930.540005,836,1618
5930.545005,838,1621
5930.550005,874,1620
5930.555006,844,1615
5930.560005,832,1619
5930.565006,881,1615
5930.570005,845,1620
5930.575005,838,1609
5930.580006,863,1616
5930.585006,853,1614
5930.590006,822,1619
5930.595007,852,1613
5930.600005,860,1616
5930.605007,827,1617
5930.610007,843,1610
5930.615007,886,1612
5930.620006,862,1613
5930.625006,834,1613
5930.630006,854,1616
5930.635007,867,1617
5930.640005,824,1617
5930.645005,837,1619
5930.650006,872,1613
5930.655005,827,1618
5930.660005,831,1617
5930.665005,877,1613
5930.670005,846,1619
5930.675006,835,1613
5930.680006,874,1615
5930.685006,860,1614
5930.690006,824,1615
5930.695005,836,1616
5930.700005,874,1613
5930.705005,835,1615
5930.710005,833,1617
5930.715006,862,1616
5930.720006,860,1615
5930.725006,826,1615
5930.730007,873,1617
5930.735007,870,1615
5930.740006,836,1617
5930.745006,843,1615
5930.750007,863,1616
5930.755006,845,1616
5930.760006,830,1618
5930.765006,877,1617
5930.770006,845,1619
5930.775006,841,1620
5930.780005,854,1620
5930.785006,864,1620
5930.790007,820,1623
5930.795005,849,1618
5930.800006,869,1617
5930.805006,845,1606
5930.810005,833,1620
5930.815006,882,1616
5930.820005,858,1613
5930.825006,824,1618
5930.830007,867,1611
5930.835006,854,1613
5930.840006,840,1608
5930.845007,839,1611
5930.850006,855,1613
5930.855005,849,1612
5930.860006,837,1610
5930.865005,882,1610
5930.870006,849,1610
5930.875006,848,1609
5930.880006,860,1612
5930.885006,848,1613
5930.890006,831,1615
5930.895006,833,1616
5930.900005,861,1616
5930.905007,848,1618
5930.910006,847,1621
5930.915007,873,1620
5930.920006,856,1622
5930.925006,837,1613
5930.930006,862,1624
5930.935006,848,1620
5930.940005,846,1619
5930.945006,848,1622
5930.950006,865,1623
5930.955006,833,1622
5930.960006,832,1620
5930.965007,860,1622
5930.970005,848,1622
5930.975006,842,1620
5930.980006,869,1617
5930.985005,868,1617
5930.990005,832,1616
5930.995005,841,1616
5931.000006,869,1615
5931.005007,845,1615
5931.010005,838,1608
5931.015007,866,1618
5931.020006,840,1618
5931.025005,819,1615
5931.030007,850,1616
5931.035006,854,1610
5931.040006,822,1603
5931.045006,852,1609
5931.050007,867,1606
5931.055007,832,1606
5931.060006,844,1604
5931.065006,872,1602
5931.070005,858,1601
5931.075006,832,1598
5931.080006,851,1598
5931.085007,865,1593
5931.090006,826,1593
5931.095006,846,1593
5931.100005,859,1591
5931.105005,822,1591
5931.110005,845,1589
5931.115005,862,1588
5931.120005,844,1590
5931.125005,846,1583
5931.130005,857,1584
5931.135005,861,1579
5931.140006,817,1580
5931.145006,840,1570
5931.150006,871,1573
5931.155006,822,1575
5931.160005,831,1571
5931.165006,875,1568
5931.170005,850,1567
5931.175006,824,1570
5931.180007,852,1570
5931.185006,865,1569
5931.190005,815,1570
5931.195006,843,1571
5931.200005,856,1573
5931.205006,836,1573
5931.210006,828,1577
5931.215006,857,1578
5931.220005,858,1575
5931.225006,831,1577
5931.230007,859,1581
5931.235007,866,1580
5931.240006,819,1582
5931.245006,852,1580
5931.250006,863,1582
5931.255007,825,1582
5931.260007,828,1584
5931.265007,864,1583
5931.270006,865,1584
5931.275006,826,1584
5931.280005,868,1580
5931.285005,869,1586
5931.290005,824,1586
5931.295006,827,1588
5931.300006,867,1585
5931.305006,829,1588
5931.310007,842,1586
5931.315006,862,1589
5931.320005,844,1590
5931.325005,836,1592
5931.330006,855,1595
5931.335006,854,1595
5931.340006,816,1598
5931.345006,837,1602
5931.350005,857,1606
5931.355006,836,1605
5931.360006,850,1609
5931.365006,863,1611
5931.370006,867,1616
5931.375007,826,1620
5931.380005,873,1618
5931.385006,859,1625
5931.390006,840,1624
5931.395007,840,1630
5931.400006,877,1628
5931.405007,840,1627
5931.410006,836,1631
5931.415006,885,1632
5931.420007,852,1631
5931.425006,849,1626
5931.430006,862,1631
5931.435006,861,1618
5931.440005,826,1630
5931.445006,857,1625
5931.450005,864,1627
5931.455006,839,1617
5931.460006,835,1626
5931.465007,859,1630
5931.470006,867,1627
5931.475006,833,1625
5931.480005,853,1629
5931.485006,877,1626
5931.490006,832,1628
5931.495005,835,1632
5931.500005,863,1632
5931.505006,828,1632
5931.510007,839,1631
5931.515007,861,1631
5931.520005,872,1627
5931.525007,835,1631
5931.530006,869,1626
5931.535006,855,1630
5931.540007,829,1631
5931.545006,842,1628
5931.550006,860,1626
5931.555006,855,1626
5931.560005,835,1628
5931.565006,866,1625
5931.570006,853,1628
5931.575006,846,1627
5931.580007,856,1626
5931.585005,862,1628
5931.590005,833,1629
5931.595005,834,1631
5931.600007,855,1621
5931.605007,837,1630
5931.610006,834,1630
5931.615007,879,1627
5931.620006,849,1626
5931.625006,845,1625
5931.630006,861,1623
5931.635006,875,1620
5931.640006,824,1621
5931.645006,833,1618
5931.650005,872,1614
5931.655006,827,1615
5931.660005,852,1607
5931.665005,868,1601
5931.670005,850,1599
5931.675006,831,1592
5931.680006,851,1592
5931.685006,862,1586
5931.690005,817,1586
5931.695006,850,1579
5931.700006,867,1573
5931.705007,825,1573
5931.710005,850,1568
5931.715006,862,1567
5931.720006,854,1562
5931.725005,833,1564
5931.730007,856,1566
5931.735006,852,1565
5931.740006,835,1567
5931.745006,833,1566
5931.750007,869,1566
5931.755006,833,1570
5931.760007,829,1569
5931.765006,878,1569
5931.770005,845,1574
5931.775007,830,1574
5931.780007,849,1573
5931.785006,865,1567
5931.790006,824,1566
5931.795006,837,1576
5931.800007,853,1578
5931.805006,828,1581
5931.810005,837,1581
5931.815006,865,1585
5931.820006,863,1584
5931.825006,829,1590
5931.830007,847,1590
5931.835006,866,1592
5931.840007,819,1596
5931.845005,836,1599
5931.850006,874,1587
5931.855006,838,1600
5931.860005,828,1605
5931.865005,873,1605
5931.870005,857,1603
5931.875005,829,1605
5931.880005,857,1604
5931.885005,874,1609
5931.890006,820,1610
5931.895005,844,1613
5931.900007,870,1612
5931.905007,849,1613
5931.910006,825,1614
5931.915006,871,1615
5931.920006,865,1613
5931.925006,821,1615
5931.930006,871,1617
5931.935006,851,1620
5931.940006,831,1618
5931.945005,850,1617
5931.950006,868,1620
5931.955007,836,1619
5931.960007,827,1623
5931.965005,870,1619
5931.970006,874,1618
5931.975006,828,1621
5931.980006,874,1618
5931.985006,865,1620
5931.990005,834,1615
5931.995005,846,1618
5932.000005,878,1620
5932.005005,834,1621
5932.010005,827,1622
5932.015006,869,1621
5932.020006,860,1620
5932.025005,824,1618
5932.030007,868,1622
5932.035006,869,1613
5932.040005,825,1616
5932.045005,843,1616
5932.050005,859,1617
5932.055006,839,1617
5932.060007,852,1616
5932.065006,864,1616
5932.070006,869,1614
5932.075006,824,1616
5932.080006,868,1616
5932.085007,854,1618
5932.090006,839,1612
5932.095006,848,1615
5932.100007,854,1618
5932.105007,835,1614
5932.110007,853,1614
5932.115007,864,1615
5932.120006,868,1615
5932.125006,824,1617
5932.130006,868,1617
5932.135006,859,1618
5932.140005,819,1619
5932.145006,850,1616
5932.150006,861,1614
5932.155005,834,1614
5932.160005,842,1617
5932.165005,859,1616
5932.170005,862,1614
5932.175005,833,1614
5932.180007,851,1611
5932.185006,869,1611
5932.190005,843,1603
5932.195006,837,1605
5932.200006,872,1604
5932.205005,840,1607
5932.210005,832,1604
5932.215006,855,1606
5932.220007,865,1605
5932.225006,826,1605
5932.230005,852,1606
5932.235007,863,1604
5932.240007,828,1605
5932.245006,834,1605
5932.250006,873,1609
5932.255007,838,1606
5932.260006,827,1611
5932.265007,877,1608
5932.270005,865,1607
5932.275007,826,1610
5932.280006,867,1605
5932.285006,863,1609
5932.290007,828,1610
5932.295005,831,1611
5932.300006,874,1612
5932.305007,845,1609
5932.310005,838,1609
5932.315006,862,1611
5932.320005,867,1611
5932.325005,828,1611
5932.330005,849,1612
5932.335006,853,1612
5932.340006,819,1612
5932.345007,850,1610
5932.350006,862,1612
5932.355005,826,1609
5932.360006,842,1614
5932.365006,861,1617
5932.370005,851,1610
5932.375006,821,1611
5932.380007,854,1612
5932.385007,856,1611
5932.390005,816,1613
5932.395006,851,1612
5932.400005,878,1610
5932.405006,830,1614
5932.410005,846,1613
5932.415005,868,1613
5932.420005,845,1615
5932.425005,841,1608
5932.430007,867,1610
5932.435005,852,1612
5932.440006,838,1606
5932.445006,840,1606
5932.450007,859,1611
5932.455006,825,1600
5932.460007,825,1609
5932.465006,859,1606
5932.470006,848,1607
5932.475006,820,1609
5932.480006,867,1607
5932.485005,849,1609
5932.490005,844,1604
5932.495005,845,1606
5932.500006,865,1607
5932.505007,824,1609
5932.510007,835,1607
5932.515006,856,1614
5932.520006,860,1611
5932.525006,824,1610
5932.530005,850,1606
5932.535005,874,1605
5932.540005,819,1610
5932.545005,827,1609
5932.550005,878,1604
5932.555006,833,1602
5932.560006,846,1604
5932.565005,869,1602
5932.570006,848,1601
5932.575006,819,1597
5932.580007,845,1601
5932.585007,862,1597
5932.590005,829,1599
5932.595006,832,1600
5932.600006,873,1593
5932.605007,840,1595
5932.610006,829,1598
5932.615006,880,1594
5932.620006,856,1597
5932.625006,832,1596
5932.630005,863,1593
5932.635005,870,1595
5932.640006,814,1595
5932.645005,849,1596
5932.650006,857,1594
5932.655006,843,1593
5932.660006,838,1598
5932.665007,862,1598
5932.670005,848,1598
5932.675005,817,1601
5932.680006,852,1600
5932.685006,872,1600
5932.690006,825,1599
5932.695005,844,1604
5932.700005,874,1601
5932.705005,834,1602
5932.710005,838,1595
5932.715005,853,1604
5932.720006,865,1601
5932.725005,825,1605
5932.730006,857,1606
5932.735005,867,1602
5932.740005,835,1605
5932.745006,835,1608
5932.750006,874,1604
5932.755007,833,1605
5932.760005,827,1611
5932.765006,875,1611
5932.770006,857,1612
5932.775005,838,1602
5932.780006,866,1610
5932.785006,854,1608
5932.790007,824,1610
5932.795006,836,1606
5932.800006,864,1607
5932.805007,829,1611
5932.810005,834,1609
5932.815006,865,1605
5932.820005,872,1606
5932.825006,832,1605
5932.830006,857,1603
5932.835006,853,1605
5932.840006,820,1604
5932.845006,849,1605
5932.850005,858,1607
5932.855006,843,1608
5932.860007,851,1604
5932.865006,875,1605
5932.870005,850,1611
5932.875006,823,1611
5932.880006,856,1610
5932.885006,875,1615
5932.890006,822,1617
5932.895005,856,1614
5932.900006,865,1616
5932.905005,830,1621
5932.910005,848,1620
5932.915005,870,1620
5932.920005,852,1621
5932.925005,828,1620
5932.930006,855,1620
5932.935005,871,1616
5932.940007,845,1617
5932.945007,848,1617
5932.950007,862,1616
5932.955007,855,1616
5932.960006,825,1615
5932.965006,857,1616
5932.970007,860,1611
5932.975005,822,1610
5932.980006,848,1609
5932.985006,867,1608
5932.990006,837,1605
5932.995006,849,1605
5933.000006,859,1603
5933.005006,845,1602
5933.010007,830,1604
5933.015006,877,1601
5933.020005,862,1604
5933.025006,827,1604
5933.030006,852,1604
5933.035006,853,1604
5933.040007,820,1603
5933.045005,849,1600
5933.050005,860,1605
5933.055006,841,1603
5933.060006,832,1605
5933.065005,879,1597
5933.070006,860,1604
5933.075007,826,1603
5933.080007,850,1603
5933.085005,868,1603
5933.090005,820,1601
5933.095006,849,1600
5933.100005,864,1602
5933.105005,830,1602
5933.110007,845,1599
5933.115007,879,1604
5933.120006,847,1605
5933.125007,822,1604
5933.130006,869,1606
5933.135007,850,1605
5933.140005,835,1600
5933.145006,847,1608
5933.150006,856,1610
5933.155006,830,1608
5933.160006,846,1605
5933.165006,861,1604
5933.170006,845,1608
5933.175006,841,1603
5933.180006,853,1602
5933.185005,852,1604
5933.190006,816,1606
5933.195005,847,1600
5933.200005,878,1602
5933.205005,849,1601
5933.210005,822,1602
5933.215005,864,1601
5933.220007,854,1599
5933.225006,826,1599
5933.230005,863,1598
5933.235006,860,1600
5933.240006,839,1596
5933.245006,849,1596
5933.250007,854,1588
5933.255006,827,1597
5933.260007,825,1591
5933.265006,873,1594
5933.270005,846,1597
5933.275006,837,1586
5933.280007,864,1589
5933.285006,857,1589
5933.290007,835,1587
5933.295006,831,1591
5933.300006,878,1586
5933.305007,850,1588
5933.310007,831,1589
5933.315007,871,1581
5933.320006,861,1583
5933.325007,823,1585
5933.330006,859,1574
5933.335006,852,1585
5933.340005,834,1587
5933.345007,835,1589
5933.350006,867,1586
5933.355006,826,1588
5933.360007,825,1589
5933.365006,877,1589
5933.370006,849,1591
5933.375006,818,1593
5933.380006,867,1595
5933.385007,856,1594
5933.390006,821,1596
5933.395007,849,1597
5933.400007,864,1598
5933.405006,848,1599
5933.410006,836,1600
5933.415007,861,1606
5933.420006,865,1605
5933.425006,822,1607
5933.430006,863,1609
5933.435006,866,1612
5933.440005,819,1614
5933.445007,847,1614
5933.450006,860,1618
5933.455006,831,1618
5933.460007,838,1621
5933.465006,868,1619
5933.470007,849,1625
5933.475006,841,1619
5933.480007,854,1622
5933.485006,851,1624
5933.490006,838,1620
5933.495005,844,1621
5933.500006,863,1621
5933.505007,849,1619
5933.510005,834,1621
5933.515006,877,1618
5933.520006,869,1615
5933.525006,835,1618
5933.530006,847,1615
5933.535006,853,1619
5933.540006,844,1612
5933.545006,844,1616
5933.550006,875,1616
5933.555006,837,1614
5933.560006,826,1617
5933.565005,874,1616
5933.570007,852,1616
5933.575005,826,1609
5933.580006,868,1619
5933.585007,862,1614
5933.590007,825,1620
5933.595005,850,1615
5933.600006,862,1617
5933.605006,850,1619
5933.610006,835,1622
5933.615006,861,1625
5933.620005,876,1622
5933.625006,840,1628
5933.630006,855,1626
5933.635007,871,1632
5933.640006,842,1633
5933.645006,848,1633
5933.650005,862,1633
5933.655007,832,1635
5933.660007,825,1636
5933.665006,868,1631
5933.670006,854,1633
5933.675006,829,1633
5933.680007,862,1632
5933.685006,856,1632
5933.690006,830,1619
5933.695005,844,1630
5933.700006,862,1628
5933.705005,834,1625
5933.710006,852,1622
5933.715007,870,1620
5933.720007,849,1622
5933.725005,846,1621
5933.730007,857,1621
5933.735006,860,1618
5933.740006,826,1620
5933.745006,835,1618
5933.750006,883,1616
5933.755007,833,1621
5933.760005,842,1619
5933.765007,861,1624
5933.770006,870,1622
5933.775006,827,1622
5933.780006,854,1627
5933.785005,875,1624
5933.790005,841,1623
5933.795005,842,1628
5933.800005,862,1628
5933.805006,854,1629
5933.810005,844,1629
5933.815006,871,1628
5933.820005,855,1631
5933.825006,846,1627
5933.830007,853,1627
5933.835006,871,1625
5933.840007,836,1627
5933.845006,837,1626
5933.850007,861,1628
5933.855005,834,1627
5933.860005,852,1625
5933.865006,875,1623
5933.870006,855,1625
5933.875007,823,1623
5933.880005,869,1621
5933.885005,867,1618
5933.890006,844,1617
5933.895006,847,1619
5933.900005,860,1620
5933.905006,832,1617
5933.910006,849,1612
5933.915007,866,1612
5933.920005,874,1610
5933.925006,838,1608
5933.930006,848,1608
5933.935006,873,1603
5933.940006,834,1589
5933.945006,847,1601
5933.950006,856,1600
5933.955007,837,1590
5933.960005,836,1596
5933.965006,864,1594
5933.970006,853,1594
5933.975007,844,1590
5933.980006,849,1595
5933.985006,874,1589
5933.990005,830,1594
5933.995005,826,1599
5934.000005,863,1595
5934.005006,832,1594
5934.010006,838,1592
5934.015006,859,1595
5934.020005,866,1594
5934.025006,828,1598
5934.030006,848,1590
5934.035006,865,1596
5934.040007,829,1595
5934.045006,835,1599
5934.050006,871,1600
5934.055006,832,1599
5934.060006,826,1601
5934.065005,874,1598
5934.070007,853,1603
5934.075007,825,1603
5934.080007,867,1601
5934.085006,866,1603
5934.090006,816,1607
5934.095007,845,1604
5934.100005,857,1609
5934.105006,836,1593
5934.110006,841,1602
5934.115006,858,1602
5934.120005,866,1601
5934.125005,838,1599
5934.130005,859,1598
5934.135006,859,1596
5934.140006,824,1600
5934.145005,838,1587
5934.150006,876,1594
5934.155006,840,1596
5934.160005,841,1587
5934.165005,856,1605
5934.170006,856,1585
5934.175006,841,1594
5934.180006,870,1590
5934.185007,854,1598
5934.190007,835,1596
5934.195006,831,1599
5934.200005,858,1596
5934.205006,840,1600
5934.210006,829,1602
5934.215007,858,1600
5934.220006,860,1599
5934.225005,823,1603
5934.230006,864,1598
5934.235005,865,1598
5934.240006,826,1601
5934.245005,849,1590
5934.250005,861,1599
5934.255005,832,1598
5934.260005,838,1602
5934.265007,865,1595
5934.270007,861,1590
5934.275006,840,1597
5934.280005,850,1601
5934.285006,852,1594
5934.290007,815,1595
5934.295006,834,1594
5934.300007,874,1585
5934.305006,840,1596
5934.310005,847,1594
5934.315005,870,1593
5934.320006,855,1595
5934.325006,820,1597
5934.330006,864,1597
5934.335007,872,1597
5934.340005,827,1599
5934.345006,826,1599
5934.350006,880,1593
5934.355006,832,1599
5934.360005,848,1595
5934.365005,875,1596
5934.370005,855,1595
5934.375005,832,1596
5934.380005,850,1600
5934.385005,852,1605
5934.390007,839,1596
5934.395005,842,1600
5934.400006,874,1596
5934.405006,832,1605
5934.410005,827,1607
5934.415006,862,1610
5934.420007,860,1614
5934.425005,848,1609
5934.430006,852,1614
5934.435006,876,1611
5934.440005,824,1616
5934.445007,850,1614
5934.450006,869,1614
5934.455006,838,1616
5934.460006,841,1619
5934.465006,877,1613
5934.470006,862,1620
5934.475006,827,1610
5934.480005,852,1621
5934.485007,853,1625
5934.490007,834,1625
5934.495007,839,1622
5934.500006,865,1626
5934.505007,834,1630
5934.510005,844,1626
5934.515006,867,1629
5934.520005,851,1631
5934.525006,846,1629
5934.530006,857,1629
5934.535006,853,1633
5934.540006,822,1629
5934.545005,856,1627
5934.550006,864,1630
5934.555007,861,1627
5934.560005,844,1629
5934.565007,859,1630
5934.570007,850,1633
5934.575006,844,1630
5934.580006,872,1627
5934.585006,861,1628
5934.590006,844,1625
5934.595006,842,1628
5934.600006,868,1624
5934.605005,841,1628
5934.610006,831,1627
5934.615005,860,1627
5934.620006,862,1614
5934.625006,842,1624
5934.630007,851,1625
5934.635006,874,1622
5934.640006,832,1622
5934.645007,841,1623
5934.650006,870,1624
5934.655005,837,1625
5934.660005,829,1625
5934.665006,860,1625
5934.670006,867,1614
5934.675006,845,1621
5934.680006,845,1622
5934.685007,878,1619
5934.690007,830,1620
5934.695006,831,1620
5934.700006,880,1618
5934.705006,844,1617
5934.710006,842,1611
5934.715007,873,1617
5934.720006,862,1615
5934.725005,828,1614
5934.730006,858,1609
5934.735006,866,1613
5934.740006,827,1613
5934.745006,845,1611
5934.750007,863,1611
5934.755005,829,1611
5934.760006,838,1609
5934.765006,874,1609
5934.770005,865,1606
5934.775007,831,1604
5934.780006,845,1606
5934.785005,869,1606
5934.790005,828,1606
5934.795005,830,1603
5934.800005,874,1596
5934.805007,841,1604
5934.810005,842,1595
5934.815006,864,1606
5934.820005,845,1609
5934.825006,819,1612
5934.830006,848,1601
5934.835006,855,1611
5934.840005,841,1609
5934.845007,842,1609
5934.850005,866,1609
5934.855006,836,1612
5934.860005,826,1611
5934.865005,860,1615
5934.870005,874,1609
5934.875005,829,1611
5934.880005,847,1611
5934.885006,849,1612
5934.890007,830,1611
5934.895007,827,1610
5934.900006,857,1610
5934.905006,832,1612
5934.910005,829,1607
5934.915005,880,1604
5934.920006,855,1609
5934.925007,829,1606
5934.930006,845,1608
5934.935006,860,1597
5934.940005,824,1609
5934.945006,831,1607
5934.950007,883,1605
5934.955005,833,1607
5934.960006,844,1609
5934.965007,872,1604
5934.970005,856,1609
5934.975006,841,1606
5934.980006,861,1608
5934.985006,856,1611
5934.990006,836,1603
5934.995006,839,1608
5935.000006,860,1607
5935.005007,850,1601
5935.010005,837,1610
5935.015007,873,1609
5935.020007,858,1609
5935.025006,835,1589
5935.030005,846,1605
5935.035005,851,1606
5935.040005,835,1604
5935.045006,834,1605
5935.050005,855,1605
5935.055006,848,1603
5935.060007,835,1608
5935.065006,854,1603
5935.070005,863,1600
5935.075006,827,1603
5935.080007,866,1597
5935.085005,853,1601
5935.090005,836,1596
5935.095006,832,1596
5935.100005,872,1592
5935.105007,834,1593
5935.110006,822,1594
5935.115006,875,1594
5935.120006,864,1592
5935.125006,825,1593
5935.130006,842,1596
5935.135007,863,1590
5935.140005,837,1589
5935.145006,836,1592
5935.150005,855,1600
5935.155006,831,1597
5935.160006,841,1596
5935.165005,872,1595
5935.170005,850,1596
5935.175005,837,1594
5935.180006,855,1595
5935.185005,852,1596
5935.190007,839,1598
5935.195006,847,1596
5935.200006,860,1598
5935.205007,832,1596
5935.210007,844,1599
5935.215006,861,1595
5935.220006,862,1597
5935.225005,830,1603
5935.230006,850,1600
5935.235007,853,1603
5935.240006,817,1605
5935.245005,838,1589
5935.250006,861,1600
5935.255006,851,1597
5935.260007,845,1593
5935.265005,866,1593
5935.270006,858,1592
5935.275005,815,1592
5935.280006,839,1588
5935.285005,859,1587
5935.290005,825,1585
5935.295006,830,1585
5935.300006,877,1583
5935.305006,848,1587
5935.310006,834,1585
5935.315007,858,1589
5935.320007,868,1584
5935.325005,833,1591
5935.330006,844,1593
5935.335006,853,1584
5935.340006,836,1598
5935.345006,828,1603
5935.350006,854,1607
5935.355005,845,1606
5935.360006,824,1613
5935.365007,857,1608
5935.370006,865,1612
5935.375006,839,1617
5935.380006,850,1626
5935.385005,854,1627
5935.390006,838,1629
5935.395005,838,1629
5935.400006,860,1636
5935.405006,848,1634
5935.410005,829,1637
5935.415006,877,1637
5935.420006,856,1637
5935.425007,836,1638
5935.430006,854,1637
5935.435006,871,1636
5935.440005,835,1638
5935.445006,841,1640
5935.450007,860,1641
5935.455006,834,1643
5935.460007,832,1639
5935.465005,859,1642
5935.470006,866,1635
5935.475006,819,1633
5935.480006,854,1634
5935.485006,871,1634
5935.490005,820,1632
5935.495006,845,1631
5935.500007,862,1627
5935.505006,853,1625
5935.510007,833,1627
5935.515006,857,1621
5935.520007,873,1621
5935.525006,821,1622
5935.530007,856,1619
5935.535006,877,1616
5935.540007,828,1614
5935.545005,848,1612
5935.550005,858,1612
5935.555007,850,1604
5935.560006,832,1608
5935.565006,867,1611
5935.570005,863,1603
5935.575005,834,1603
5935.580005,847,1599
5935.585006,864,1598
5935.590006,825,1593
5935.595007,830,1594
5935.600005,884,1586
5935.605006,854,1585
5935.610006,840,1584
5935.615006,863,1581
5935.620006,865,1581
5935.625006,828,1575
5935.630007,844,1573
5935.635006,865,1572
5935.640007,829,1569
5935.645007,826,1567
5935.650006,877,1564
5935.655005,850,1559
5935.660005,830,1560
5935.665006,856,1560
5935.670006,865,1556
5935.675006,835,1553
5935.680007,846,1558
5935.685005,857,1548
5935.690006,827,1555
5935.695007,840,1540
5935.700006,862,1556
5935.705006,829,1556
5935.710006,820,1558
5935.715007,874,1551
5935.720006,851,1554
5935.725005,817,1555
5935.730007,861,1556
5935.735006,850,1559
5935.740005,817,1567
5935.745006,835,1562
5935.750007,860,1563
5935.755007,831,1567
5935.760006,837,1564
5935.765006,861,1567
5935.770006,846,1570
5935.775006,835,1572
5935.780006,848,1574
5935.785006,874,1572
5935.790007,823,1577
5935.795005,849,1578
5935.800005,867,1582
5935.805007,838,1584
5935.810006,841,1587
5935.815005,859,1586
5935.820006,862,1590
5935.825006,818,1593
5935.830007,859,1592
5935.835006,859,1594
5935.840006,829,1599
5935.845006,837,1597
5935.850006,874,1604
5935.855007,831,1608
5935.860005,836,1606
5935.865005,862,1607
5935.870005,866,1612
5935.875006,820,1611
5935.880007,861,1614
5935.885006,853,1615
5935.890005,840,1616
5935.895007,837,1621
5935.900007,873,1615
5935.905006,847,1619
5935.910005,825,1622
5935.915006,856,1627
5935.920007,868,1623
5935.925006,824,1629
5935.930006,861,1623
5935.935007,869,1628
5935.940007,830,1628
5935.945006,853,1631
5935.950006,875,1630
5935.955006,858,1629
5935.960006,839,1631
5935.965006,869,1631
5935.970007,861,1627
5935.975005,830,1630
5935.980007,844,1632
5935.985006,874,1632
5935.990006,838,1632
5935.995006,837,1634
5936.000007,884,1627
5936.005005,859,1628
5936.010006,832,1631
5936.015006,878,1631
5936.020007,853,1630
5936.025005,817,1632
5936.030005,865,1629
5936.035005,868,1631
5936.040005,822,1635
5936.045005,848,1627
5936.050006,860,1634
5936.055006,855,1629
5936.060006,837,1630
5936.065006,855,1632
5936.070006,865,1629
5936.075005,834,1629
5936.080005,846,1629
5936.085006,854,1632
5936.090006,839,1618
5936.095007,839,1625
5936.100005,859,1627
5936.105006,852,1627
5936.110005,844,1625
5936.115005,869,1625
5936.120005,848,1630
5936.125005,835,1625
5936.130005,841,1631
5936.135005,873,1624
5936.140007,825,1624
5936.145005,845,1627
5936.150007,868,1624
5936.155005,836,1626
5936.160005,826,1626
5936.165005,858,1625
5936.170006,850,1627
5936.175006,837,1624
5936.180005,846,1618
5936.185006,870,1622
5936.190006,829,1624
5936.195006,833,1621
5936.200006,867,1612
5936.205007,853,1620
5936.210006,831,1619
5936.215007,858,1621
5936.220006,869,1613
5936.225005,837,1616
5936.230006,856,1613
5936.235005,852,1617
5936.240005,822,1615
5936.245005,845,1614
5936.250006,870,1613
5936.255006,834,1616
5936.260006,847,1613
5936.265007,870,1612
5936.270006,850,1614
5936.275006,839,1613
5936.280006,843,1614
5936.285005,871,1613
5936.290005,820,1617
5936.295005,829,1614
5936.300005,881,1610
5936.305007,852,1609
5936.310006,828,1611
5936.315005,874,1615
5936.320006,854,1612
5936.325006,835,1611
5936.330007,851,1609
5936.335006,853,1610
5936.340007,840,1609
5936.345005,831,1612
5936.350005,872,1609
5936.355006,843,1606
5936.360006,828,1604
5936.365005,879,1605
5936.370005,860,1607
5936.375005,822,1605
5936.380006,842,1608
5936.385007,868,1603
5936.390006,840,1606
5936.395006,834,1605
5936.400005,857,1608
5936.405006,849,1606
5936.410005,821,1610
5936.415005,872,1609
5936.420005,854,1605
5936.425005,816,1611
5936.430006,857,1608
5936.435005,857,1612
5936.440006,825,1612
5936.445007,834,1612
5936.450006,866,1612
5936.455006,833,1610
5936.460007,838,1614
5936.465006,877,1612
5936.470006,858,1614
5936.475006,836,1610
5936.480006,853,1614
5936.485005,864,1614
5936.490006,825,1615
5936.495005,825,1614
5936.500005,873,1614
5936.505005,848,1616
5936.510006,839,1615
5936.515007,868,1619
5936.520006,867,1619
5936.525005,825,1622
5936.530005,861,1620
5936.535005,857,1624
5936.540005,818,1626
5936.545005,853,1621
5936.550006,868,1624
5936.555006,834,1625
5936.560006,847,1623
5936.565005,877,1624
5936.570005,858,1624
5936.575005,840,1624
5936.580005,848,1625
5936.585005,874,1622
5936.590005,825,1622
5936.595007,845,1621
5936.600007,861,1620
5936.605006,842,1624
5936.610005,842,1618
5936.615006,875,1622
5936.620006,859,1617
5936.625007,838,1612
5936.630006,858,1617
5936.635007,870,1615
5936.640005,828,1614
5936.645007,833,1616
5936.650007,868,1611
5936.655006,834,1619
5936.660007,840,1612
5936.665006,863,1613
5936.670006,854,1606
5936.675006,829,1613
5936.680007,846,1613
5936.685005,848,1620
5936.690007,828,1611
5936.695007,839,1606
5936.700006,863,1616
5936.705006,834,1613
5936.710007,842,1612
5936.715006,859,1616
5936.720006,866,1611
5936.725007,819,1614
5936.730006,837,1616
5936.735005,868,1616
5936.740006,825,1612
5936.745005,838,1616
5936.750006,867,1616
5936.755007,837,1621
5936.760005,829,1621
5936.765006,871,1622
5936.770005,850,1622
5936.775005,839,1625
5936.780006,844,1625
5936.785006,857,1625
5936.790006,835,1624
5936.795006,825,1626
5936.800005,875,1623
5936.805006,834,1629
5936.810006,842,1624
5936.815005,858,1624
5936.820007,845,1627
5936.825007,829,1620
5936.830006,851,1622
5936.835006,857,1625
5936.840007,836,1612
5936.845006,828,1628
5936.850006,871,1622
5936.855006,832,1628
5936.860006,830,1626
5936.865006,873,1629
5936.870005,844,1633
5936.875005,837,1633
5936.880006,855,1632
5936.885007,865,1632
5936.890006,826,1633
5936.895006,848,1633
5936.900005,860,1640
5936.905006,850,1641
5936.910005,844,1636
5936.915005,867,1638
5936.920006,850,1640
5936.925006,829,1639
5936.930007,864,1635
5936.935007,858,1639
5936.940007,820,1641
5936.945006,849,1635
5936.950005,870,1639
5936.955005,833,1641
5936.960005,840,1636
5936.965005,860,1637
5936.970006,872,1635
5936.975005,824,1637
5936.980006,841,1638
5936.985006,866,1637
5936.990007,830,1640
5936.995007,851,1635
5937.000006,859,1638
5937.005007,848,1636
5937.010005,851,1630
5937.015006,874,1635
5937.020006,867,1630
5937.025005,836,1632
5937.030006,844,1632
5937.035006,868,1619
5937.040007,827,1634
5937.045005,848,1628
5937.050006,864,1627
5937.055007,845,1618
5937.060006,834,1625
5937.065007,878,1619
5937.070007,849,1622
5937.075007,829,1619
5937.080006,858,1615
5937.085006,857,1617
5937.090006,821,1614
5937.095007,834,1616
5937.100005,875,1608
5937.105006,842,1608
5937.110007,844,1607
5937.115007,863,1606
5937.120007,865,1605
5937.125007,825,1598
5937.130007,845,1601
5937.135005,852,1599
5937.140006,840,1597
5937.145005,842,1597
5937.150007,856,1597
5937.155007,837,1588
5937.160006,840,1592
5937.165007,874,1595
5937.170005,858,1593
5937.175006,819,1592
5937.180006,856,1592
5937.185005,874,1590
5937.190007,829,1593
5937.195006,827,1594
5937.200006,870,1587
5937.205006,851,1591
5937.210006,820,1595
5937.215006,865,1593
5937.220006,846,1598
5937.225005,822,1590
5937.230006,848,1596
5937.235005,864,1590
5937.240005,822,1599
5937.245005,846,1598
5937.250005,858,1602
5937.255006,850,1602
5937.260006,825,1602
5937.265006,872,1595
5937.270007,850,1602
5937.275006,828,1603
5937.280006,858,1602
5937.285006,864,1603
5937.290007,838,1604
5937.295005,826,1605
5937.300005,866,1606
5937.305007,851,1600
5937.310005,829,1603
5937.315006,875,1601
5937.320006,866,1604
5937.325006,832,1602
5937.330006,845,1604
5937.335006,865,1605
5937.340006,823,1604
5937.345006,846,1605
5937.350007,856,1604
5937.355005,855,1601
5937.360006,827,1605
5937.365006,869,1605
5937.370005,853,1600
5937.375006,826,1603
5937.380007,836,1605
5937.385007,859,1608
5937.390007,844,1601
5937.395007,833,1607
5937.400006,859,1609
5937.405005,835,1610
5937.410006,837,1608
5937.415006,863,1612
5937.420006,851,1611
5937.425007,835,1610
5937.430005,848,1610
5937.435006,856,1612
5937.440006,818,1612
5937.445006,838,1611
5937.450006,858,1613
5937.455006,858,1611
5937.460006,835,1609
5937.465007,873,1606
5937.470006,860,1611
5937.475005,840,1611
5937.480006,837,1613
5937.485005,865,1610
5937.490005,823,1608
5937.495006,829,1609
5937.500007,873,1606
5937.505005,857,1609
5937.510006,826,1611
5937.515006,869,1607
5937.520006,853,1605
5937.525007,835,1601
5937.530007,854,1605
5937.535006,853,1607
5937.540006,821,1611
5937.545005,835,1610
5937.550005,874,1609
5937.555007,846,1602
5937.560006,832,1614
5937.565006,860,1614
5937.570005,868,1608
5937.575005,827,1610
5937.580005,868,1611
5937.585006,868,1613
5937.590007,833,1613
5937.595006,829,1616
5937.600006,866,1616
5937.605005,843,1613
5937.610007,837,1610
5937.615006,875,1613
5937.620006,848,1616
5937.625006,834,1617
5937.630006,856,1617
5937.635006,856,1622
5937.640006,840,1619
5937.645005,832,1624
5937.650006,873,1621
5937.655006,838,1626
5937.660005,846,1628
5937.665005,877,1629
5937.670005,850,1631
5937.675006,826,1632
5937.680007,848,1628
5937.685005,874,1633
5937.690006,827,1631
5937.695006,844,1631
5937.700006,862,1634
5937.705006,855,1630
5937.710006,826,1632
5937.715006,865,1633
5937.720006,870,1631
5937.725005,821,1635
5937.730007,846,1633
5937.735006,864,1630
5937.740006,844,1632
5937.745005,829,1633
5937.750005,860,1634
5937.755005,857,1631
5937.760006,825,1637
5937.765006,883,1631
5937.770007,867,1634
5937.775007,833,1625
5937.780006,862,1631
5937.785006,869,1630
5937.790006,824,1634
5937.795006,829,1633
5937.800006,873,1629
5937.805007,837,1628
5937.810007,845,1626
5937.815007,875,1624
5937.820006,863,1624
5937.825005,821,1625
5937.830005,841,1621
5937.835005,879,1618
5937.840005,827,1619
5937.845006,846,1610
5937.850006,875,1616
5937.855006,835,1617
5937.860005,847,1613
5937.865005,867,1615
5937.870006,864,1618
5937.875006,843,1610
5937.880006,852,1613
5937.885005,874,1613
5937.890006,821,1619
5937.895006,845,1610
5937.900006,869,1617
5937.905006,838,1621
5937.910006,841,1615
5937.915007,853,1619
5937.920006,866,1618
5937.925006,828,1617
5937.930006,840,1616
5937.935005,873,1618
5937.940006,832,1616
5937.945006,845,1615
5937.950006,864,1613
5937.955007,857,1611
5937.960005,837,1614
5937.965006,859,1611
5937.970006,865,1610
5937.975006,843,1611
5937.980005,849,1610
5937.985006,869,1600
5937.990005,826,1609
5937.995006,852,1606
5938.000005,873,1606
5938.005006,846,1608
5938.010007,834,1605
5938.015005,855,1606
5938.020006,866,1600
5938.025006,824,1603
5938.030006,856,1595
5938.035005,858,1601
5938.040006,838,1600
5938.045007,829,1593
5938.050006,867,1598
5938.055007,838,1592
5938.060006,822,1599
5938.065006,866,1599
5938.070006,869,1599
5938.075005,836,1593
5938.080005,845,1592
5938.085005,863,1598
5938.090006,821,1603
5938.095007,837,1601
5938.100006,856,1602
5938.105005,853,1596
5938.110006,844,1601
5938.115007,865,1605
5938.120006,851,1606
5938.125007,818,1604
5938.130005,853,1608
5938.135006,876,1603
5938.140006,828,1609
5938.145005,826,1615
5938.150006,870,1606
5938.155006,856,1608
5938.160005,837,1610
5938.165006,863,1609
5938.170006,848,1612
5938.175007,831,1609
5938.180007,845,1605
5938.185005,859,1608
5938.190006,835,1603
5938.195005,831,1608
5938.200006,872,1608
5938.205007,856,1599
5938.210006,837,1605
5938.215006,862,1607
5938.220007,866,1606
5938.225005,825,1606
5938.230006,860,1609
5938.235007,860,1610
5938.240006,828,1609
5938.245006,833,1607
5938.250006,865,1609
5938.255006,855,1602
5938.260007,828,1610
5938.265005,878,1606
5938.270006,855,1609
5938.275005,818,1611
5938.280006,860,1604
5938.285005,863,1610
5938.290005,840,1613
5938.295006,832,1611
5938.300006,881,1608
5938.305007,842,1613
5938.310006,826,1613
5938.315005,875,1604
5938.320006,866,1610
5938.325006,825,1610
5938.330007,856,1606
5938.335007,868,1608
5938.340006,831,1607
5938.345007,831,1601
5938.350005,879,1609
5938.355006,841,1613
5938.360005,845,1610
5938.365005,858,1611
5938.370006,856,1610
5938.375006,840,1610
5938.380007,846,1611
5938.385006,850,1612
5938.390006,843,1613
5938.395006,828,1615
5938.400005,881,1611
5938.405006,841,1614
5938.410005,840,1612
5938.415005,856,1614
5938.420005,864,1613
5938.425005,818,1619
5938.430006,854,1614
5938.435005,853,1617
5938.440006,844,1614
5938.445007,845,1612
5938.450006,862,1617
5938.455006,840,1614
5938.460007,847,1610
5938.465005,867,1609
5938.470006,867,1598
5938.475006,825,1610
5938.480005,851,1606
5938.485006,852,1606
5938.490006,838,1606
5938.495006,829,1604
5938.500006,880,1602
5938.505006,836,1602
5938.510007,845,1600
5938.515005,869,1600
5938.520007,851,1599
5938.525006,828,1601
5938.530006,853,1598
5938.535007,862,1601
5938.540006,827,1603
5938.545007,847,1601
5938.550005,866,1603
5938.555006,842,1604
5938.560006,825,1608
5938.565006,873,1608
5938.570005,867,1603
5938.575005,829,1610
5938.580006,837,1612
5938.585006,866,1609
5938.590005,847,1609
5938.595006,837,1615
5938.600005,874,1615
5938.605007,838,1621
5938.610006,849,1615
5938.615006,862,1621
5938.620005,851,1623
5938.625005,845,1620
5938.630006,859,1625
5938.635007,862,1629
5938.640005,831,1632
5938.645007,844,1628
5938.650007,859,1636
5938.655006,864,1632
5938.660005,829,1634
5938.665005,859,1636
5938.670005,869,1633
5938.675005,819,1638
5938.680007,850,1635
5938.685005,861,1637
5938.690006,848,1635
5938.695005,841,1637
5938.700005,861,1642
5938.705005,857,1636
5938.710005,827,1636
5938.715006,876,1637
5938.720007,859,1639
5938.725006,821,1639
5938.730005,847,1637
5938.735007,875,1633
5938.740006,833,1635
5938.745005,834,1639
5938.750006,874,1636
5938.755007,855,1637
5938.760005,829,1636
5938.765007,882,1633
5938.770006,868,1632
5938.775005,820,1635
5938.780007,842,1633
5938.785006,871,1627
5938.790006,825,1634
5938.795005,852,1627
5938.800006,876,1627
5938.805006,848,1624
5938.810006,821,1629
5938.815005,871,1623
5938.820006,853,1621
5938.825005,835,1622
5938.830005,843,1621
5938.835005,876,1613
5938.840005,832,1620
5938.845006,836,1606
5938.850006,880,1618
5938.855005,846,1618
5938.860007,836,1609
5938.865006,872,1613
5938.870006,854,1614
5938.875007,840,1610
5938.880007,842,1610
5938.885006,873,1608
5938.890006,833,1605
5938.895005,839,1603
5938.900006,862,1604
5938.905006,858,1597
5938.910005,826,1598
5938.915006,878,1593
5938.920006,852,1592
5938.925006,837,1592
5938.930007,839,1589
5938.935005,869,1586
5938.940006,826,1586
5938.945005,843,1586
5938.950005,860,1582
5938.955006,853,1579
5938.960006,827,1580
5938.965006,853,1578
5938.970007,863,1576
5938.975005,819,1574
5938.980006,856,1571
5938.985006,857,1572
5938.990006,816,1572
5938.995005,841,1571
5939.000005,856,1572
5939.005005,835,1573
5939.010006,843,1568
5939.015006,865,1570
5939.020006,848,1571
5939.025005,814,1572
5939.030006,847,1572
5939.035006,857,1570
5939.040007,816,1572
5939.045007,843,1567
5939.050006,868,1563
5939.055007,842,1572
5939.060006,824,1569
5939.065005,868,1567
5939.070006,849,1572
5939.075005,830,1569
5939.080005,840,1569
5939.085005,863,1567
5939.090005,830,1569
5939.095007,832,1569
5939.100005,860,1569
5939.105006,838,1572
5939.110006,824,1570
5939.115006,854,1566
5939.120006,854,1572
5939.125007,823,1573
5939.130005,847,1568
5939.135005,856,1574
5939.140006,816,1575
5939.145005,841,1573
5939.150005,872,1577
5939.155007,848,1581
5939.160005,813,1579
5939.165005,859,1584
5939.170005,844,1588
5939.175006,840,1583
5939.180007,835,1591
5939.185005,870,1591
5939.190007,822,1592
5939.195007,833,1597
5939.200007,858,1588
5939.205006,853,1591
5939.210007,837,1601
5939.215006,858,1600
5939.220005,867,1601
5939.225007,819,1604
5939.230005,845,1605
5939.235006,853,1610
5939.240006,829,1606
5939.245006,832,1607
5939.250005,880,1604
5939.255006,845,1605
5939.260007,841,1601
5939.265007,866,1604
5939.270007,847,1606
5939.275007,825,1603
5939.280006,835,1603
5939.285007,864,1607
5939.290007,826,1607
5939.295006,847,1605
5939.300006,872,1605
5939.305006,845,1604
5939.310006,824,1605
5939.315006,879,1601
5939.320006,852,1604
5939.325006,843,1602
5939.330007,834,1606
5939.335006,869,1602
5939.340006,825,1607
5939.345006,836,1606
5939.350005,860,1612
5939.355006,850,1609
5939.360006,824,1614
5939.365006,875,1611
5939.370005,863,1611
5939.375005,824,1616
5939.380006,840,1618
5939.385007,878,1618
5939.390006,829,1616
5939.395006,828,1617
5939.400005,862,1621
5939.405005,863,1622
5939.410005,849,1616
5939.415006,872,1621
5939.420006,854,1620
5939.425007,840,1617
5939.430006,836,1621
5939.435005,868,1614
5939.440006,844,1613
5939.445006,843,1614
5939.450005,874,1609
5939.455005,847,1608
5939.460005,846,1604
5939.465006,862,1603
5939.470006,851,1601
5939.475006,821,1597
5939.480006,849,1595
5939.485005,856,1596
5939.490005,837,1588
5939.495005,829,1589
5939.500006,877,1583
5939.505006,844,1576
5939.510006,834,1584
5939.515006,853,1584
5939.520006,874,1583
5939.525005,818,1589
5939.530007,854,1586
5939.535007,859,1588
5939.540006,824,1589
5939.545006,843,1588
5939.550007,868,1589
5939.555006,840,1591
5939.560005,832,1589
5939.565006,854,1596
5939.570006,861,1592
5939.575005,842,1593
5939.580006,842,1592
5939.585006,868,1596
5939.590007,827,1588
5939.595006,834,1599
5939.600005,882,1600
5939.605007,845,1603
5939.610007,835,1603
5939.615007,857,1605
5939.620005,850,1606
5939.625005,833,1608
5939.630005,849,1608
5939.635005,881,1608
5939.640007,833,1613
5939.645005,844,1611
5939.650006,865,1613
5939.655007,852,1613
5939.660007,849,1614
5939.665007,863,1618
5939.670006,853,1622
5939.675007,835,1619
5939.680005,839,1624
5939.685007,866,1613
5939.690007,849,1625
5939.695006,833,1625
5939.700005,878,1616
5939.705005,855,1630
5939.710006,829,1629
5939.715006,855,1632
5939.720005,865,1627
5939.725007,829,1629
5939.730007,846,1627
5939.735006,875,1626
5939.740005,833,1625
5939.745005,843,1625
5939.750006,882,1625
5939.755006,848,1626
5939.760007,829,1623
5939.765006,857,1623
5939.770006,873,1622
5939.775005,819,1626
5939.780006,855,1623
5939.785006,859,1622
5939.790006,839,1621
5939.795006,839,1612
5939.800006,870,1624
5939.805007,847,1624
5939.810006,841,1624
5939.815005,864,1627
5939.820006,869,1626
5939.825005,828,1629
5939.830006,834,1630
5939.835007,865,1628
5939.840006,843,1621
5939.845005,854,1627
5939.850006,860,1634
5939.855006,856,1630
5939.860005,841,1633
5939.865005,853,1634
5939.870005,866,1630
5939.875005,821,1630
5939.880005,849,1630
5939.885006,861,1628
5939.890006,847,1624
5939.895006,842,1625
5939.900006,882,1623
5939.905005,846,1630
5939.910006,835,1624
5939.915007,865,1624
5939.920006,858,1624
5939.925006,835,1620
5939.930006,849,1625
5939.935005,860,1621
5939.940006,843,1620
5939.945005,841,1622
5939.950005,859,1624
5939.955005,858,1617
5939.960005,822,1618
5939.965005,876,1618
5939.970006,862,1616
5939.975006,830,1615
5939.980006,846,1614
5939.985006,853,1619
5939.990006,836,1614
5939.995005,853,1613
5940.000006,867,1614
5940.005006,841,1618
5940.010006,832,1618
5940.015007,856,1616
5940.020005,871,1616
5940.025006,833,1616
5940.030006,838,1617
5940.035006,858,1616
5940.040007,843,1617
5940.045006,835,1622
5940.050007,880,1616
5940.055007,849,1617
5940.060005,825,1617
5940.065007,877,1613
5940.070006,854,1617
5940.075005,818,1619
5940.080006,856,1617
5940.085006,861,1610
5940.090006,838,1615
5940.095007,846,1615
5940.100007,870,1618
5940.105006,842,1621
5940.110006,839,1617
5940.115006,861,1619
5940.120005,867,1605
5940.125005,838,1617
5940.130005,836,1620
5940.135006,854,1618
5940.140006,848,1616
5940.145006,837,1617
5940.150005,875,1612
5940.155007,841,1619
5940.160007,835,1612
5940.165006,858,1612
5940.170006,868,1610
5940.175006,821,1606
5940.180007,855,1603
5940.185007,855,1604
5940.190006,842,1601
5940.195005,851,1594
5940.200005,872,1592
5940.205005,856,1588
5940.210006,826,1589
5940.215006,870,1584
5940.220006,850,1590
5940.225005,819,1588
5940.230007,853,1584
5940.235007,856,1577
5940.240007,826,1579
5940.245007,850,1584
5940.250007,859,1588
5940.255005,860,1585
5940.260006,836,1586
5940.265007,861,1589
5940.270006,853,1590
5940.275006,820,1589
5940.280005,835,1592
5940.285006,855,1593
5940.290006,844,1589
5940.295005,838,1587
5940.300005,862,1588
5940.305006,857,1587
5940.310006,841,1586
5940.315006,854,1594
5940.320006,853,1590
5940.325006,838,1588
5940.330007,851,1585
5940.335006,867,1591
5940.340006,827,1591
5940.345007,832,1588
5940.350005,864,1588
5940.355005,864,1589
5940.360007,828,1594
5940.365007,861,1586
5940.370006,866,1587
5940.375006,835,1587
5940.380006,837,1587
5940.385006,858,1577
5940.390007,837,1586
5940.395005,842,1587
5940.400006,868,1587
5940.405005,861,1585
5940.410005,828,1587
5940.415005,858,1584
5940.420006,848,1588
5940.425007,834,1587
5940.430007,843,1585
5940.435005,864,1587
5940.440006,828,1585
5940.445005,827,1587
5940.450005,862,1588
5940.455005,858,1585
5940.460006,843,1585
5940.465006,868,1589
5940.470005,863,1587
5940.475006,834,1591
5940.480005,838,1593
5940.485007,849,1596
5940.490007,830,1599
5940.495007,826,1598
5940.500006,870,1601
5940.505006,838,1602
5940.510006,838,1602
5940.515006,854,1605
5940.520006,868,1606
5940.525006,817,1606
5940.530006,849,1608
5940.535005,864,1609
5940.540006,826,1609
5940.545006,841,1611
5940.550007,865,1612
5940.555006,838,1618
5940.560006,840,1615
5940.565005,865,1609
5940.570006,861,1617
5940.575005,814,1617
5940.580006,854,1616
5940.585006,862,1618
5940.590006,820,1624
5940.595007,840,1621
5940.600006,861,1620
5940.605005,841,1624
5940.610006,834,1624
5940.615006,849,1625
5940.620005,861,1623
5940.625005,818,1624
5940.630005,856,1622
5940.635005,866,1624
5940.640006,828,1624
5940.645005,842,1626
5940.650006,860,1626
5940.655005,860,1626
5940.660005,835,1626
5940.665006,865,1624
5940.670006,863,1624
5940.675006,821,1627
5940.680006,852,1626
5940.685005,877,1628
5940.690006,838,1625
5940.695006,829,1626
5940.700005,880,1627
5940.705005,859,1626
5940.710006,821,1630
5940.715007,872,1625
5940.720006,851,1627
5940.725005,826,1630
5940.730007,834,1624
5940.735006,862,1627
5940.740005,837,1626
5940.745005,839,1622
5940.750006,878,1626
5940.755007,846,1629
5940.760006,823,1624
5940.765007,874,1623
5940.770006,859,1624
5940.775005,833,1626
5940.780006,834,1626
5940.785005,878,1621
5940.790005,842,1619
5940.795006,834,1619
5940.800007,865,1623
5940.805005,866,1619
5940.810007,835,1620
5940.815006,859,1621
5940.820006,853,1620
5940.825005,817,1621
5940.830006,856,1617
5940.835007,862,1615
5940.840005,836,1615
5940.845006,833,1604
5940.850006,877,1614
5940.855006,845,1615
5940.860005,845,1610
5940.865005,856,1610
5940.870006,873,1608
5940.875007,827,1608
5940.880005,834,1608
5940.885006,867,1607
5940.890006,837,1604
5940.895005,833,1607
5940.900007,858,1607
5940.905007,855,1604
5940.910007,829,1604
5940.915006,872,1605
5940.920007,861,1606
5940.925005,824,1606
5940.930007,856,1602
5940.935006,866,1604
5940.940006,844,1601
5940.945005,833,1601
5940.950005,853,1604
5940.955006,850,1602
5940.960006,821,1603
5940.965007,854,1599
5940.970007,866,1601
5940.975006,834,1601
5940.980006,850,1601
5940.985005,864,1605
5940.990006,823,1605
5940.995005,842,1604
5941.000005,859,1605
5941.005006,860,1605
5941.010007,832,1603
5941.015006,869,1602
5941.020005,857,1607
5941.025007,826,1597
5941.030007,837,1606
5941.035007,875,1606
5941.040005,835,1606
5941.045005,829,1606
5941.050006,882,1607
5941.055007,850,1604
5941.060006,840,1600
5941.065005,864,1603
5941.070006,854,1601
5941.075006,837,1599
5941.080006,853,1602
5941.085006,859,1605
5941.090007,830,1599
5941.095006,828,1603
5941.100005,874,1598
5941.105007,846,1600
5941.110006,832,1599
5941.115005,854,1599
5941.120006,864,1600
5941.125007,839,1603
5941.130006,835,1603
5941.135006,854,1607
5941.140006,836,1608
5941.145005,844,1605
5941.150007,879,1608
5941.155006,859,1609
5941.160007,832,1610
5941.165007,867,1608
5941.170005,852,1608
5941.175005,840,1609
5941.180006,853,1606
5941.185005,860,1609
5941.190007,825,1601
5941.195007,837,1611
5941.200007,878,1606
5941.205007,848,1610
5941.210006,841,1610
5941.215006,868,1608
5941.220005,853,1614
5941.225006,840,1610
5941.230006,839,1610
5941.235006,868,1616
5941.240005,822,1618
5941.245005,826,1623
5941.250005,873,1614
5941.255005,844,1619
5941.260006,833,1619
5941.265007,876,1615
5941.270005,855,1617
5941.275006,828,1609
5941.280007,841,1617
5941.285006,861,1617
5941.290006,824,1620
5941.295006,845,1618
5941.300006,864,1620
5941.305006,863,1614
5941.310005,822,1622
5941.315006,870,1621
5941.320007,857,1619
5941.325007,831,1617
5941.330007,854,1617
5941.335006,866,1620
5941.340006,824,1613
5941.345006,824,1620
5941.350006,869,1618
5941.355006,846,1621
5941.360006,828,1620
5941.365005,873,1617
5941.370005,851,1620
5941.375005,836,1619
5941.380006,854,1618
5941.385006,858,1618
5941.390006,835,1607
5941.395006,839,1614
5941.400005,869,1615
5941.405007,860,1613
5941.410006,825,1616
5941.415007,869,1614
5941.420005,855,1615
5941.425005,843,1608
5941.430006,846,1614
5941.435006,855,1612
5941.440005,840,1610
5941.445006,829,1608
5941.450007,871,1592
5941.455007,859,1606
5941.460006,828,1609
5941.465006,850,1610
5941.470007,852,1607
5941.475005,826,1592
5941.480006,846,1607
5941.485006,856,1606
5941.490005,844,1605
5941.495005,840,1602
5941.500005,856,1602
5941.505005,840,1605
5941.510005,838,1601
5941.515007,862,1602
5941.520005,846,1605
5941.525007,827,1602
5941.530007,831,1603
5941.535006,875,1597
5941.540006,827,1598
5941.545006,841,1597
5941.550007,867,1598
5941.555006,847,1595
5941.560005,818,1597
5941.565006,868,1594
5941.570005,853,1592
5941.575006,821,1596
5941.580006,828,1590
5941.585006,853,1592
5941.590006,843,1591
5941.595006,830,1590
5941.600007,861,1581
5941.605006,865,1586
5941.610007,832,1586
5941.615006,846,1589
5941.620005,871,1586
5941.625005,819,1593
5941.630005,828,1593
5941.635006,865,1589
5941.640007,823,1594
5941.645007,836,1588
5941.650007,857,1595
5941.655006,841,1588
5941.660005,828,1590
5941.665006,864,1588
5941.670006,856,1590
5941.675006,822,1591
5941.680006,851,1590
5941.685007,848,1595
5941.690007,837,1595
5941.695006,830,1594
5941.700007,857,1596
5941.705006,854,1592
5941.710007,813,1597
5941.715007,864,1593
5941.720005,851,1597
5941.725006,832,1596
5941.730005,830,1601
5941.735007,869,1596
5941.740007,824,1601
5941.745006,847,1603
5941.750006,877,1604
5941.755006,845,1606
5941.760006,834,1604
5941.765005,855,1607
5941.770007,866,1610
5941.775007,818,1613
5941.780006,832,1613
5941.785005,874,1605
5941.790006,844,1615
5941.795006,829,1621
5941.800006,874,1616
5941.805006,850,1617
5941.810007,839,1617
5941.815007,854,1621
5941.820006,871,1617
5941.825006,821,1621
5941.830006,849,1619
5941.835006,864,1619
5941.840006,843,1612
5941.845007,852,1617
5941.850005,858,1621
5941.855006,849,1619
5941.860006,822,1621
5941.865005,870,1617
5941.870006,853,1618
5941.875007,843,1614
5941.880006,838,1619
5941.885006,874,1619
5941.890006,825,1621
5941.895006,844,1615
5941.900005,864,1621
5941.905006,870,1615
5941.910006,843,1615
5941.915007,860,1617
5941.920006,875,1614
5941.925006,826,1618
5941.930006,830,1618
5941.935005,877,1611
5941.940006,834,1610
5941.945006,832,1610
5941.950005,860,1607
5941.955006,850,1605
5941.960007,829,1603
5941.965007,856,1598
5941.970005,865,1600
5941.975006,831,1596
5941.980007,831,1599
5941.985006,869,1594
5941.990005,847,1590
5941.995006,832,1596
5942.000007,857,1595
5942.005007,867,1596
5942.010005,827,1600
5942.015005,870,1600
5942.020006,851,1603
5942.025005,838,1608
5942.030006,834,1613
5942.035005,858,1611
5942.040006,844,1616
5942.045006,830,1617
5942.050007,882,1618
5942.055006,854,1620
5942.060006,841,1620
5942.065005,865,1623
5942.070006,849,1625
5942.075006,833,1625
5942.080006,837,1626
5942.085006,864,1630
5942.090007,847,1627
5942.095006,841,1627
5942.100005,866,1629
5942.105006,846,1632
5942.110005,842,1632
5942.115005,854,1634
5942.120005,864,1632
5942.125005,822,1635
5942.130005,858,1631
5942.135005,876,1630
5942.140006,844,1624
5942.145005,836,1637
5942.150006,869,1633
5942.155005,870,1631
5942.160005,832,1630
5942.165005,854,1633
5942.170006,869,1633
5942.175006,827,1633
5942.180007,834,1633
5942.185007,869,1630
5942.190006,833,1623
5942.195006,851,1632
5942.200006,861,1634
5942.205006,869,1630
5942.210006,835,1632
5942.215006,858,1630
5942.220006,862,1631
5942.225005,840,1629
5942.230005,838,1629
5942.235006,875,1627
5942.240006,831,1628
5942.245005,846,1627
5942.250006,868,1625
5942.255007,861,1626
5942.260007,819,1626
5942.265006,857,1628
5942.270005,876,1624
5942.275007,830,1623
5942.280006,836,1625
5942.285005,855,1626
5942.290006,836,1623
5942.295005,843,1622
5942.300005,865,1621
5942.305006,866,1620
5942.310005,829,1621
5942.315007,849,1622
5942.320006,867,1617
5942.325006,822,1614
5942.330007,847,1609
5942.335005,859,1616
5942.340005,840,1616
5942.345006,830,1617
5942.350005,875,1611
5942.355006,850,1603
5942.360006,832,1611
5942.365005,867,1609
5942.370005,851,1612
5942.375005,833,1601
5942.380006,834,1608
5942.385006,870,1602
5942.390006,834,1605
5942.395005,827,1605
5942.400007,876,1604
5942.405006,848,1608
5942.410006,834,1601
5942.415006,851,1603
5942.420007,862,1604
5942.425006,826,1605
5942.430007,844,1608
5942.435007,869,1609
5942.440006,840,1608
5942.445006,841,1610
5942.450007,860,1611
5942.455007,861,1611
5942.460006,833,1612
5942.465006,848,1614
5942.470007,862,1613
5942.475007,821,1616
5942.480007,847,1618
5942.485006,859,1617
5942.490006,844,1615
5942.495005,830,1621
5942.500006,865,1613
5942.505006,864,1620
5942.510006,819,1621
5942.515007,865,1618
5942.520005,856,1616
5942.525006,818,1622
5942.530006,846,1615
5942.535005,858,1615
5942.540006,842,1611
5942.545007,834,1613
5942.550006,872,1613
5942.555007,862,1613
5942.560007,827,1612
5942.565005,849,1614
5942.570006,847,1614
5942.575006,838,1610
5942.580006,846,1610
5942.585006,862,1609
5942.590006,825,1613
5942.595006,840,1608
5942.600007,854,1612
5942.605006,864,1607
5942.610007,837,1607
5942.615007,864,1602
5942.620006,855,1607
5942.625006,814,1611
5942.630006,848,1607
5942.635005,857,1609
5942.640007,844,1608
5942.645006,826,1609
5942.650005,872,1607
5942.655006,854,1609
5942.660005,827,1608
5942.665005,855,1606
5942.670005,867,1608
5942.675006,824,1609
5942.680007,839,1610
5942.685007,865,1610
5942.690007,829,1606
5942.695007,836,1602
5942.700006,874,1605
5942.705006,858,1604
5942.710007,830,1604
5942.715005,858,1605
5942.720006,850,1609
5942.725006,821,1602
5942.730005,847,1599
5942.735007,868,1606
5942.740006,841,1604
5942.745006,831,1605
5942.750006,882,1605
5942.755006,859,1600
5942.760007,833,1607
5942.765006,854,1608
5942.770005,852,1608
5942.775006,825,1607
5942.780006,836,1608
5942.785006,879,1606
5942.790007,840,1606
5942.795007,832,1609
5942.800006,870,1606
5942.805006,846,1607
5942.810006,845,1601
5942.815006,853,1602
5942.820006,852,1605
5942.825005,829,1601
5942.830006,834,1604
5942.835006,867,1603
5942.840006,833,1601
5942.845007,843,1602
5942.850007,872,1600
5942.855007,850,1606
5942.860006,829,1601
5942.865005,859,1601
5942.870006,851,1604
5942.875006,839,1600
5942.880007,833,1603
5942.885005,858,1602
5942.890006,832,1603
5942.895006,843,1603
5942.900005,865,1601
5942.905005,873,1598
5942.910005,839,1602
5942.915005,870,1601
5942.920005,850,1603
5942.925005,819,1609
5942.930007,833,1605
5942.935006,855,1604
5942.940005,834,1605
5942.945006,831,1606
5942.950006,877,1605
5942.955007,861,1604
5942.960005,827,1608
5942.965006,871,1609
5942.970006,848,1610
5942.975005,837,1607
5942.980007,847,1607
5942.985006,868,1611
5942.990005,830,1614
5942.995006,833,1612
5943.000007,858,1614
5943.005005,869,1610
5943.010006,830,1614
5943.015007,869,1612
5943.020005,860,1612
5943.025006,827,1611
5943.030006,835,1610
5943.035006,863,1611
5943.040007,832,1611
5943.045006,830,1609
5943.050006,879,1607
5943.055006,857,1611
5943.060006,848,1605
5943.065006,870,1606
5943.070007,859,1609
5943.075007,823,1609
5943.080006,846,1606
5943.085007,877,1605
5943.090005,829,1608
5943.095006,823,1602
5943.100005,875,1601
5943.105007,850,1599
5943.110006,827,1596
5943.115005,853,1598
5943.120005,867,1591
5943.125005,831,1593
5943.130006,834,1591
5943.135006,867,1586
5943.140006,833,1585
5943.145005,845,1586
5943.150006,857,1587
5943.155007,859,1588
5943.160007,825,1590
5943.165006,845,1592
5943.170005,865,1589
5943.175006,826,1590
5943.180006,829,1595
5943.185006,875,1595
5943.190005,845,1595
5943.195007,818,1600
5943.200007,863,1600
5943.205006,844,1601
5943.210007,817,1605
5943.215006,860,1602
5943.220006,851,1605
5943.225005,821,1605
5943.230007,841,1604
5943.235007,859,1610
5943.240006,832,1605
5943.245005,829,1609
5943.250005,866,1598
5943.255005,866,1607
5943.260005,841,1608
5943.265006,861,1607
5943.270006,857,1611
5943.275005,819,1611
5943.280007,837,1607
5943.285007,869,1607
5943.290006,832,1617
5943.295005,821,1619
5943.300006,878,1618
5943.305007,861,1624
5943.310007,836,1622
5943.315006,865,1623
5943.320006,853,1623
5943.325006,814,1626
5943.330007,846,1626
5943.335005,864,1629
5943.340005,829,1630
5943.345007,825,1632
5943.350007,860,1628
5943.355006,850,1631
5943.360005,825,1632
5943.365005,854,1634
5943.370005,859,1631
5943.375006,839,1636
5943.380006,846,1635
5943.385006,860,1635
5943.390007,828,1644
5943.395006,848,1638
5943.400006,876,1640
5943.405006,861,1638
5943.410005,828,1641
5943.415005,853,1643
5943.420005,869,1641
5943.425005,834,1637
5943.430006,830,1642
5943.435005,861,1641
5943.440006,836,1638
5943.445006,844,1641
5943.450006,879,1638
5943.455007,858,1637
5943.460006,830,1637
5943.465007,853,1636
5943.470006,864,1626
5943.475005,836,1635
5943.480006,841,1631
5943.485006,870,1628
5943.490006,835,1632
5943.495006,844,1625
5943.500006,862,1628
5943.505006,870,1624
5943.510006,827,1619
5943.515005,860,1615
5943.520007,872,1618
5943.525006,826,1620
5943.530005,836,1617
5943.535006,857,1616
5943.540007,845,1619
5943.545006,826,1616
5943.550006,878,1613
5943.555006,856,1611
5943.560006,824,1610
5943.565005,847,1613
5943.570007,864,1604
5943.575006,829,1606
5943.580006,827,1611
5943.585006,853,1607
5943.590006,843,1602
5943.595006,829,1602
5943.600006,873,1600
5943.605006,846,1606
5943.610006,836,1600
5943.615006,861,1601
5943.620005,861,1599
5943.625006,819,1602
5943.630006,841,1598
5943.635006,853,1601
5943.640005,841,1599
5943.645006,829,1597
5943.650006,877,1595
5943.655005,866,1597
5943.660005,829,1594
5943.665006,849,1597
5943.670006,872,1592
5943.675006,822,1593
5943.680005,827,1597
5943.685007,864,1590
5943.690007,828,1596
5943.695006,829,1592
5943.700005,877,1589
5943.705005,852,1590
5943.710005,839,1588
5943.715005,863,1592
5943.720006,848,1594
5943.725005,832,1596
5943.730006,829,1600
5943.735005,856,1600
5943.740006,843,1601
5943.745006,830,1601
5943.750007,859,1602
5943.755006,867,1601
5943.760006,831,1602
5943.765006,848,1604
5943.770006,861,1603
5943.775006,837,1601
5943.780006,829,1605
5943.785006,875,1601
5943.790006,835,1607
5943.795007,841,1595
5943.800007,865,1605
5943.805006,851,1605
5943.810006,818,1618
5943.815006,863,1609
5943.820005,876,1607
5943.825006,822,1608
5943.830006,831,1608
5943.835006,873,1600
5943.840006,838,1605
5943.845007,849,1606
5943.850007,878,1608
5943.855007,846,1614
5943.860006,843,1608
5943.865007,849,1609
5943.870007,871,1608
5943.875007,815,1610
5943.880006,836,1610
5943.885006,869,1608
5943.890007,826,1613
5943.895007,830,1608
5943.900006,856,1610
5943.905005,858,1608
5943.910005,822,1610
5943.915005,860,1606
5943.920005,866,1601
5943.925005,828,1608
5943.930007,837,1599
5943.935006,864,1609
5943.940005,834,1605
5943.945006,849,1604
5943.950006,862,1606
5943.955006,865,1606
5943.960006,827,1609
5943.965005,852,1605
5943.970007,872,1607
5943.975006,824,1602
5943.980005,846,1606
5943.985007,856,1604
5943.990006,830,1608
5943.995006,845,1604
5944.000007,855,1609
5944.005006,868,1597
5944.010006,825,1603
5944.015006,847,1608
5944.020006,863,1601
5944.025006,819,1599
5944.030005,852,1601
5944.035005,867,1603
5944.040005,826,1604
5944.045005,829,1604
5944.050006,856,1606
5944.055006,862,1601
5944.060005,826,1606
5944.065006,845,1602
5944.070007,861,1601
5944.075006,837,1596
5944.080006,838,1597
5944.085006,871,1600
5944.090007,824,1602
5944.095006,840,1596
5944.100005,869,1591
5944.105006,847,1592
5944.110006,826,1583
5944.115005,854,1588
5944.120005,856,1595
5944.125006,838,1589
5944.130006,832,1587
5944.135006,855,1591
5944.140006,846,1589
5944.145006,828,1594
5944.150006,876,1588
5944.155006,851,1593
5944.160006,814,1600
5944.165006,850,1596
5944.170007,850,1597
5944.175007,831,1597
5944.180006,826,1601
5944.185005,869,1601
5944.190007,840,1605
5944.195007,830,1604
5944.200007,859,1599
5944.205006,866,1604
5944.210007,821,1609
5944.215005,844,1611
5944.220006,851,1600
5944.225005,832,1612
5944.230006,839,1614
5944.235007,861,1614
5944.240007,828,1613
5944.245006,827,1615
5944.250007,877,1613
5944.255006,850,1617
5944.260006,837,1617
5944.265006,847,1612
5944.270006,865,1618
5944.275007,821,1617
5944.280007,836,1610
5944.285007,878,1617
5944.290006,847,1616
5944.295006,825,1613
5944.300006,860,1619
5944.305006,866,1617
5944.310005,818,1622
5944.315007,862,1616
5944.320006,863,1620
5944.325005,820,1621
5944.330005,843,1617
5944.335005,866,1618
5944.340005,830,1625
5944.345007,846,1622
5944.350006,876,1624
5944.355006,856,1628
5944.360005,843,1625
5944.365005,861,1627
5944.370006,853,1631
5944.375007,828,1629
5944.380007,852,1628
5944.385007,858,1633
5944.390005,850,1633
5944.395007,840,1630
5944.400006,860,1635
5944.405006,853,1631
5944.410006,824,1638
5944.415007,876,1630
5944.420006,862,1632
5944.425006,821,1631
5944.430006,843,1632
5944.435006,877,1629
5944.440005,839,1629
5944.445006,830,1628
5944.450006,876,1627
5944.455007,851,1627
5944.460006,838,1625
5944.465007,849,1625
5944.470005,862,1626
5944.475006,821,1623
5944.480005,839,1625
5944.485006,872,1620
5944.490006,850,1611
5944.495006,841,1618
5944.500007,879,1612
5944.505007,853,1616
5944.510006,837,1610
5944.515006,850,1607
5944.520005,868,1610
5944.525006,820,1606
5944.530007,849,1601
5944.535005,865,1600
5944.540005,852,1599
5944.545005,829,1603
5944.550006,861,1598
5944.555006,867,1598
5944.560006,822,1592
5944.565006,847,1599
5944.570005,866,1601
5944.575006,822,1598
5944.580006,846,1603
5944.585006,858,1598
5944.590006,843,1600
5944.595006,834,1600
5944.600005,862,1599
5944.605006,867,1601
5944.610007,834,1599
5944.615006,846,1603
5944.620005,857,1603
5944.625006,814,1602
5944.630006,843,1597
5944.635006,853,1600
5944.640007,842,1595
5944.645006,825,1597
5944.650005,858,1595
5944.655006,867,1593
5944.660006,828,1595
5944.665007,859,1590
5944.670005,860,1594
5944.675005,835,1590
5944.680006,829,1592
5944.685006,872,1591
5944.690007,830,1595
5944.695006,843,1592
5944.700005,863,1595
5944.705006,862,1593
5944.710006,829,1593
5944.715005,844,1593
5944.720006,862,1592
5944.725006,821,1589
5944.730005,845,1590
5944.735007,859,1594
5944.740007,851,1589
5944.745007,832,1590
5944.750007,863,1595
5944.755006,863,1588
5944.760007,821,1591
5944.765005,844,1593
5944.770007,872,1592
5944.775006,828,1593
5944.780005,825,1591
5944.785005,871,1588
5944.790006,837,1588
5944.795006,825,1589
5944.800007,871,1586
5944.805005,861,1582
5944.810007,826,1587
5944.815006,862,1586
5944.820007,856,1586
5944.825007,816,1587
5944.830006,845,1585
5944.835006,861,1584
5944.840006,849,1588
5944.845006,828,1590
5944.850006,863,1589
5944.855005,866,1592
5944.860006,816,1599
5944.865006,855,1593
5944.870005,869,1594
5944.875006,834,1595
5944.880007,842,1588
5944.885005,859,1601
5944.890007,828,1602
5944.895007,838,1602
5944.900006,860,1603
5944.905005,856,1604
5944.910005,836,1603
5944.915005,854,1604
5944.920005,867,1605
5944.925005,820,1613
5944.930007,844,1609
5944.935005,855,1619
5944.940006,834,1614
5944.945006,838,1615
5944.950006,881,1616
5944.955007,851,1622
5944.960005,836,1616
5944.965005,853,1624
5944.970006,868,1622
5944.975005,826,1623
5944.980007,849,1624
5944.985007,874,1621
5944.990006,850,1625
5944.995005,833,1627
5945.000006,866,1629
5945.005006,864,1627
5945.010006,829,1631
5945.015006,845,1635
5945.020006,866,1633
5945.025005,830,1634
5945.030006,835,1635
5945.035005,859,1642
5945.040005,853,1636
5945.045005,837,1637
5945.050005,866,1631
5945.055006,859,1637
5945.060005,840,1637
5945.065006,850,1642
5945.070006,869,1636
5945.075005,844,1636
5945.080005,842,1634
5945.085005,866,1637
5945.090005,839,1628
5945.095006,837,1635
5945.100006,879,1635
5945.105006,857,1635
5945.110005,828,1633
5945.115005,852,1638
5945.120005,870,1635
5945.125005,829,1633
5945.130005,859,1629
5945.135005,868,1629
5945.140007,842,1618
5945.145007,843,1628
5945.150007,860,1628
5945.155006,868,1622
5945.160006,834,1624
5945.165006,869,1621
5945.170006,856,1624
5945.175006,823,1624
5945.180007,851,1617
5945.185006,862,1615
5945.190005,853,1617
5945.195006,835,1614
5945.200005,866,1612
5945.205005,866,1612
5945.210006,821,1613
5945.215007,847,1607
5945.220006,873,1607
5945.225005,830,1604
5945.230006,835,1608
5945.235006,861,1608
5945.240005,853,1600
5945.245005,832,1600
5945.250005,876,1599
5945.255006,853,1597
5945.260006,821,1599
5945.265006,859,1593
5945.270005,854,1591
5945.275006,841,1587
5945.280006,831,1584
5945.285006,875,1584
5945.290006,834,1577
5945.295007,823,1580
5945.300005,874,1577
5945.305006,864,1574
5945.310005,822,1568
5945.315006,855,1567
5945.320006,863,1572
5945.325005,820,1570
5945.330006,840,1564
5945.335006,865,1568
5945.340007,828,1572
5945.345005,833,1568
5945.350006,863,1572
5945.355006,843,1575
5945.360005,826,1577
5945.365005,848,1579
5945.370006,857,1581
5945.375007,820,1580
5945.380005,850,1581
5945.385005,864,1581
5945.390007,834,1584
5945.395006,845,1580
5945.400006,864,1585
5945.405006,866,1584
5945.410005,819,1587
5945.415006,854,1593
5945.420006,851,1592
5945.425006,843,1588
5945.430006,836,1592
5945.435006,858,1598
5945.440006,856,1591
5945.445006,836,1593
5945.450005,863,1597
5945.455005,868,1594
5945.460006,821,1597
5945.465006,859,1592
5945.470006,853,1596
5945.475005,839,1595
5945.480007,832,1597
5945.485007,879,1595
5945.490006,852,1599
5945.495006,834,1597
5945.500006,862,1601
5945.505006,865,1598
5945.510006,829,1599
5945.515006,852,1600
5945.520005,852,1605
5945.525006,833,1607
5945.530007,845,1602
5945.535007,859,1602
5945.540006,842,1604
5945.545007,826,1603
5945.550007,869,1607
5945.555006,857,1604
5945.560005,842,1605
5945.565006,856,1604
5945.570005,850,1614
5945.575006,841,1611
5945.580006,838,1614
5945.585006,882,1614
5945.590006,845,1617
5945.595006,829,1617
5945.600005,876,1616
5945.605006,855,1621
5945.610005,818,1625
5945.615006,855,1624
5945.620006,865,1617
5945.625006,838,1619
5945.630006,841,1627
5945.635007,865,1626
5945.640006,849,1618
5945.645006,842,1624
5945.650005,857,1628
5945.655006,863,1626
5945.660006,835,1629
5945.665007,864,1627
5945.670006,866,1631
5945.675006,821,1632
5945.680006,840,1630
5945.685006,865,1631
5945.690006,838,1636
5945.695005,831,1629
5945.700005,863,1636
5945.705005,875,1631
5945.710005,848,1630
5945.715005,854,1634
5945.720006,853,1637
5945.725005,843,1635
5945.730006,843,1637
5945.735005,875,1632
5945.740006,832,1642
5945.745005,828,1641
5945.750006,861,1640
5945.755006,852,1642
5945.760006,834,1641
5945.765007,854,1639
5945.770007,876,1637
5945.775005,831,1638
5945.780006,835,1639
5945.785006,877,1637
5945.790007,849,1639
5945.795006,831,1638
5945.800007,883,1637
5945.805006,858,1634
5945.810005,825,1632
5945.815006,862,1634
5945.820006,867,1635
5945.825005,819,1636
5945.830006,843,1636
5945.835006,863,1636
5945.840006,851,1633
5945.845006,832,1634
5945.850005,859,1633
5945.855006,853,1632
5945.860005,837,1629
5945.865005,860,1628
5945.870005,853,1626
5945.875005,831,1620
5945.880006,834,1622
5945.885007,854,1617
5945.890006,830,1620
5945.895006,839,1618
5945.900006,866,1617
5945.905005,863,1614
5945.910005,829,1613
5945.915006,859,1610
5945.920006,860,1613
5945.925006,817,1612
5945.930007,827,1609
5945.935006,875,1609
5945.940006,834,1609
5945.945005,825,1609
5945.950005,880,1603
5945.955006,861,1602
5945.960006,826,1605
5945.965005,853,1603
5945.970007,862,1604
5945.975005,818,1603
5945.980006,851,1601
5945.985005,873,1600
5945.990005,834,1602
5945.995006,828,1601
5946.000006,871,1599
5946.005007,857,1600
5946.010006,822,1602
5946.015006,867,1597
5946.020007,864,1599
5946.025006,833,1600
5946.030006,829,1599
5946.035006,877,1599
5946.040007,844,1598
5946.045005,819,1599
5946.050005,853,1594
5946.055006,871,1593
5946.060005,824,1594
5946.065006,841,1595
5946.070006,869,1590
5946.075006,823,1593
5946.080007,844,1592
5946.085006,861,1590
5946.090007,849,1588
5946.095006,820,1594
5946.100006,867,1586
5946.105005,851,1589
5946.110006,840,1587
5946.115005,843,1590
5946.120006,866,1589
5946.125007,824,1589
5946.130006,827,1589
5946.135006,877,1585
5946.140006,841,1587
5946.145005,829,1589
5946.150007,869,1587
5946.155005,848,1593
5946.160005,815,1594
5946.165006,847,1596
5946.170006,863,1586
5946.175007,821,1594
5946.180005,828,1599
5946.185005,872,1593
5946.190006,838,1594
5946.195005,837,1592
5946.200005,870,1595
5946.205006,850,1599
5946.210006,831,1595
5946.215005,846,1598
5946.220007,862,1602
5946.225005,817,1604
5946.230005,825,1607
5946.235006,868,1604
5946.240005,830,1607
5946.245006,839,1607
5946.250006,858,1609
5946.255006,864,1607
5946.260007,818,1611
5946.265006,867,1603
5946.270005,864,1612
5946.275007,826,1610
5946.280005,835,1608
5946.285005,866,1601
5946.290005,848,1609
5946.295006,841,1611
5946.300007,861,1610
5946.305007,849,1601
5946.310006,822,1613
5946.315006,850,1610
5946.320006,853,1614
5946.325006,838,1617
5946.330006,834,1619
5946.335005,860,1621
5946.340005,853,1618
5946.345006,837,1625
5946.350006,856,1625
5946.355005,863,1625
5946.360007,832,1623
5946.365005,849,1630
5946.370006,857,1614
5946.375007,833,1630
5946.380005,826,1627
5946.385005,882,1625
5946.390006,843,1627
5946.395007,825,1629
5946.400007,857,1629
5946.405007,865,1628
5946.410006,819,1626
5946.415006,857,1627
5946.420007,852,1632
5946.425005,841,1628
5946.430007,837,1629
5946.435007,857,1633
5946.440007,855,1630
5946.445006,823,1631
5946.450006,873,1631
5946.455006,849,1632
5946.460006,837,1630
5946.465007,851,1626
5946.470006,864,1629
5946.475005,822,1628
5946.480007,844,1621
5946.485006,869,1625
5946.490006,834,1623
5946.495005,831,1621
5946.500005,856,1618
5946.505006,868,1618
5946.510006,821,1619
5946.515006,860,1600
5946.520005,870,1612
5946.525007,826,1602
5946.530006,835,1612
5946.535006,879,1607
5946.540007,837,1610
5946.545006,822,1609
5946.550006,877,1605
5946.555007,853,1605
5946.560005,835,1608
5946.565007,847,1607
5946.570007,849,1609
5946.575006,836,1613
5946.580007,827,1602
5946.585006,858,1604
5946.590007,835,1608
5946.595006,844,1604
5946.600005,863,1605
5946.605006,869,1603
5946.610005,823,1606
5946.615005,843,1606
5946.620005,859,1605
5946.625005,842,1604
5946.630006,836,1610
5946.635006,854,1613
5946.640007,850,1610
5946.645006,829,1609
5946.650005,866,1612
5946.655006,850,1613
5946.660006,842,1613
5946.665006,859,1613
5946.670007,850,1617
5946.675006,836,1617
5946.680006,833,1616
5946.685007,867,1618
5946.690006,849,1612
5946.695005,845,1617
5946.700005,859,1620
5946.705006,857,1624
5946.710007,829,1620
5946.715007,842,1623
5946.720005,872,1618
5946.725007,833,1619
5946.730007,827,1623
5946.735006,870,1621
5946.740006,852,1611
5946.745006,828,1624
5946.750006,864,1623
5946.755006,868,1624
5946.760006,825,1622
5946.765007,854,1623
5946.770005,863,1614
5946.775006,831,1621
5946.780007,834,1616
5946.785006,872,1624
5946.790005,842,1624
5946.795005,828,1628
5946.800005,876,1628
5946.805006,861,1627
5946.810005,822,1631
5946.815006,863,1630
5946.820006,860,1631
5946.825006,844,1632
5946.830006,838,1630
5946.835006,857,1632
5946.840006,858,1631
5946.845007,836,1629
5946.850005,881,1624
5946.855007,853,1629
5946.860007,819,1631
5946.865006,859,1627
5946.870005,854,1628
5946.875006,833,1625
5946.880007,847,1624
5946.885006,866,1623
5946.890007,837,1625
5946.895006,843,1621
5946.900005,867,1617
5946.905007,857,1616
5946.910006,829,1615
5946.915007,852,1607
5946.920006,867,1596
5946.925006,826,1602
5946.930006,825,1604
5946.935005,872,1600
5946.940007,835,1598
5946.945006,823,1597
5946.950005,873,1589
5946.955005,869,1593
5946.960005,828,1593
5946.965005,852,1591
5946.970006,861,1589
5946.975006,825,1588
5946.980005,834,1589
5946.985006,858,1593
5946.990006,847,1592
5946.995006,826,1592
5947.000006,859,1582
5947.005006,856,1589
5947.010007,816,1596
5947.015006,858,1592
5947.020006,857,1591
5947.025005,817,1592
5947.030006,836,1591
5947.035005,857,1593
5947.040005,856,1592
5947.045006,834,1591
5947.050007,858,1593
5947.055006,868,1593
5947.060005,833,1591
5947.065006,847,1590
5947.070007,850,1590
5947.075006,831,1588
5947.080006,842,1588
5947.085007,858,1588
5947.090006,849,1589
5947.095006,838,1589
5947.100006,863,1587
5947.105005,844,1592
5947.110006,829,1589
5947.115005,859,1586
5947.120006,853,1585
5947.125006,835,1585
5947.130007,843,1584
5947.135006,868,1587
5947.140006,829,1587
5947.145007,836,1584
5947.150007,852,1587
5947.155007,847,1586
5947.160006,838,1585
5947.165007,852,1584
5947.170007,848,1584
5947.175006,818,1587
5947.180006,840,1586
5947.185005,856,1592
5947.190007,849,1592
5947.195007,844,1592
5947.200006,857,1597
5947.205007,847,1597
5947.210005,823,1599
5947.215005,869,1597
5947.220006,870,1602
5947.225007,830,1601
5947.230006,837,1594
5947.235005,862,1603
5947.240006,857,1600
5947.245006,838,1608
5947.250006,864,1608
5947.255007,846,1609
5947.260006,831,1611
5947.265007,861,1612
5947.270006,856,1612
5947.275006,842,1609
5947.280005,832,1611
5947.285005,873,1610
5947.290005,835,1617
5947.295006,821,1617
5947.300006,863,1614
5947.305006,846,1617
5947.310005,825,1616
5947.315006,867,1610
5947.320005,865,1610
5947.325005,824,1609
5947.330005,843,1617
5947.335005,861,1619
5947.340005,836,1620
5947.345006,825,1618
5947.350005,854,1623
5947.355006,858,1624
5947.360005,817,1626
5947.365006,854,1626
5947.370006,867,1617
5947.375007,818,1632
5947.380007,849,1630
5947.385007,862,1633
5947.390005,855,1633
5947.395006,821,1632
5947.400006,860,1635
5947.405006,863,1636
5947.410005,826,1635
5947.415005,862,1632
5947.420006,861,1631
5947.425006,825,1642
5947.430007,842,1638
5947.435005,878,1625
5947.440007,853,1640
5947.445007,826,1641
5947.450006,877,1639
5947.455006,849,1642
5947.460005,835,1637
5947.465005,849,1637
5947.470006,864,1636
5947.475006,823,1635
5947.480006,840,1633
5947.485006,862,1635
5947.490005,841,1632
5947.495005,844,1630
5947.500006,860,1629
5947.505006,849,1629
5947.510007,838,1626
5947.515006,852,1611
5947.520005,873,1621
5947.525006,819,1618
5947.530006,832,1622
5947.535005,856,1619
5947.540006,834,1618
5947.545006,847,1613
5947.550006,858,1612
5947.555006,861,1613
5947.560006,842,1607
5947.565006,843,1610
5947.570006,872,1605
5947.575005,828,1595
5947.580005,837,1602
5947.585005,856,1602
5947.590005,840,1604
5947.595006,831,1598
5947.600006,864,1599
5947.605005,846,1595
5947.610006,822,1599
5947.615007,845,1597
5947.620006,873,1597
5947.625006,828,1597
5947.630006,843,1599
5947.635006,865,1598
5947.640006,841,1596
5947.645007,837,1598
5947.650006,851,1601
5947.655005,860,1597
5947.660006,817,1600
5947.665007,852,1595
5947.670006,852,1596
5947.675006,836,1598
5947.680006,826,1600
5947.685007,878,1594
5947.690007,836,1597
5947.695007,838,1595
5947.700006,853,1599
5947.705006,854,1596
5947.710007,833,1594
5947.715005,856,1596
5947.720006,864,1596
5947.725006,818,1593
5947.730006,841,1595
5947.735006,857,1597
5947.740006,841,1597
5947.745006,820,1598
5947.750007,869,1595
5947.755006,846,1600
5947.760006,844,1592
5947.765007,851,1594
5947.770005,856,1600
5947.775006,834,1589
5947.780005,843,1597
5947.785005,866,1592
5947.790005,845,1602
5947.795005,845,1597
5947.800006,850,1606
5947.805006,854,1600
5947.810005,818,1603
5947.815006,864,1600
5947.820005,851,1606
5947.825005,840,1602
5947.830005,828,1605
5947.835005,875,1603
5947.840006,846,1604
5947.845007,841,1597
5947.850006,862,1605
5947.855006,858,1606
5947.860005,837,1605
5947.865005,845,1605
5947.870005,876,1602
5947.875005,824,1604
5947.880005,850,1601
5947.885006,879,1604
5947.890006,832,1601
5947.895006,848,1597
5947.900006,861,1597
5947.905006,867,1596
5947.910005,823,1597
5947.915005,859,1595
5947.920006,851,1596
5947.925006,844,1592
5947.930007,849,1592
5947.935005,861,1593
5947.940006,832,1589
5947.945005,833,1593
5947.950005,872,1581
5947.955005,863,1591
5947.960006,820,1595
5947.965006,860,1590
5947.970006,866,1590
5947.975005,832,1593
5947.980007,833,1596
5947.985006,859,1598
5947.990006,835,1599
5947.995007,845,1597
5948.000006,870,1598
5948.005007,854,1603
5948.010005,824,1604
5948.015006,848,1601
5948.020005,857,1603
5948.025007,842,1607
5948.030006,851,1605
5948.035005,858,1608
5948.040005,850,1608
5948.045005,825,1609
5948.050005,856,1613
5948.055007,855,1613
5948.060007,827,1612
5948.065006,860,1611
5948.070005,859,1613
5948.075005,821,1617
5948.080005,851,1617
5948.085005,864,1618
5948.090005,856,1614
5948.095006,849,1615
5948.100006,862,1627
5948.105005,864,1621
5948.110007,819,1623
5948.115006,840,1625
5948.120005,876,1622
5948.125005,840,1622
5948.130006,831,1622
5948.135006,873,1613
5948.140007,834,1624
5948.145005,841,1618
5948.150006,867,1618
5948.155005,864,1616
5948.160005,832,1624
5948.165005,848,1622
5948.170005,854,1622
5948.175005,839,1618
5948.180006,841,1617
5948.185006,865,1616
5948.190005,854,1612
5948.195006,838,1613
5948.200006,861,1615
5948.205007,849,1616
5948.210005,840,1611
5948.215005,844,1612
5948.220006,855,1613
5948.225006,828,1608
5948.230006,850,1611
5948.235006,858,1609
5948.240005,846,1609
5948.245005,832,1605
5948.250006,868,1597
5948.255007,853,1608
5948.260006,835,1605
5948.265007,841,1609
5948.270005,856,1607
5948.275007,842,1604
5948.280006,854,1609
5948.285005,863,1611
5948.290005,837,1614
5948.295006,843,1617
5948.300006,863,1614
5948.305007,859,1605
5948.310007,825,1613
5948.315007,849,1613
5948.320007,859,1617
5948.325007,833,1619
5948.330006,840,1618
5948.335005,862,1619
5948.340006,853,1619
5948.345006,834,1617
5948.350006,863,1621
5948.355006,876,1618
5948.360005,836,1623
5948.365005,845,1624
5948.370006,871,1627
5948.375007,828,1628
5948.380006,831,1629
5948.385006,881,1626
5948.390006,841,1629
5948.395005,841,1631
5948.400006,865,1628
5948.405006,858,1631
5948.410005,845,1632
5948.415006,846,1628
5948.420007,870,1629
5948.425005,829,1630
5948.430007,840,1627
5948.435005,868,1623
5948.440007,855,1627
5948.445005,829,1630
5948.450006,858,1629
5948.455006,877,1620
5948.460005,822,1625
5948.465006,854,1622
5948.470007,863,1619
5948.475006,849,1618
5948.480006,840,1608
5948.485006,867,1615
5948.490005,861,1615
5948.495006,850,1613
5948.500006,867,1617
5948.505007,850,1617
5948.510005,833,1617
5948.515006,850,1614
5948.520006,861,1617
5948.525005,821,1617
5948.530007,851,1616
5948.535006,873,1615
5948.540006,858,1615
5948.545006,827,1615
5948.550007,881,1612
5948.555006,862,1614
5948.560005,821,1617
5948.565007,863,1614
5948.570006,865,1614
5948.575006,824,1611
5948.580006,851,1608
5948.585007,878,1609
5948.590007,845,1609
5948.595007,830,1609
5948.600006,874,1608
5948.605006,856,1607
5948.610005,814,1609
5948.615005,835,1610
5948.620006,852,1606
5948.625006,842,1606
5948.630007,832,1605
5948.635006,877,1602
5948.640006,845,1602
5948.645006,827,1600
5948.650005,868,1599
5948.655006,848,1600
5948.660006,816,1601
5948.665006,858,1596
5948.670007,858,1596
5948.675007,821,1598
5948.680006,844,1596
5948.685005,872,1597
5948.690006,835,1599
5948.695006,847,1596
5948.700006,864,1597
5948.705006,847,1601
5948.710006,831,1597
5948.715007,837,1597
5948.720005,859,1600
5948.725007,825,1601
5948.730007,838,1596
5948.735006,873,1593
5948.740006,835,1600
5948.745005,838,1598
5948.750005,855,1602
5948.755006,870,1594
5948.760007,828,1596
5948.765007,838,1601
5948.770005,849,1603
5948.775006,829,1600
5948.780006,825,1602
5948.785005,863,1598
5948.790006,837,1599
5948.795006,844,1599
5948.800006,859,1597
5948.805006,871,1601
5948.810006,825,1598
5948.815006,837,1601
5948.820005,874,1600
5948.825005,829,1604
5948.830005,825,1606
5948.835006,881,1602
5948.840006,848,1603
5948.845007,818,1606
5948.850006,873,1603
5948.855006,847,1604
5948.860005,834,1604
5948.865006,848,1604
5948.870005,851,1602
5948.875005,821,1602
5948.880006,837,1602
5948.885006,862,1599
5948.890007,854,1590
5948.895007,839,1598
5948.900006,858,1598
5948.905005,859,1596
5948.910005,835,1599
5948.915005,843,1596
5948.920005,856,1589
5948.925006,841,1595
5948.930006,834,1599
5948.935005,857,1599
5948.940006,841,1595
5948.945006,826,1597
5948.950005,873,1596
5948.955006,853,1593
5948.960006,836,1583
5948.965006,857,1595
5948.970006,869,1602
5948.975006,819,1598
5948.980005,849,1595
5948.985006,854,1598
5948.990007,858,1596
5948.995006,825,1600
5949.000006,853,1601
5949.005006,867,1597
5949.010005,823,1601
5949.015006,859,1597
5949.020005,865,1601
5949.025007,820,1603
5949.030006,843,1593
5949.035006,866,1599
5949.040007,854,1600
5949.045005,825,1603
5949.050006,877,1600
5949.055007,863,1602
5949.060005,826,1603
5949.065007,859,1601
5949.070007,865,1602
5949.075007,822,1605
5949.080006,845,1599
5949.085006,867,1603
5949.090006,834,1606
5949.095007,829,1604
5949.100006,876,1602
5949.105005,860,1602
5949.110005,833,1594
5949.115005,836,1608
5949.120006,873,1604
5949.125006,822,1608
5949.130006,848,1606
5949.135006,866,1607
5949.140006,845,1609
5949.145005,825,1610
5949.150007,878,1609
5949.155006,859,1612
5949.160005,839,1610
5949.165006,844,1613
5949.170006,858,1615
5949.175006,847,1609
5949.180006,839,1617
5949.185006,863,1617
5949.190006,841,1619
5949.195006,841,1612
5949.200005,859,1623
5949.205006,861,1614
5949.210006,822,1623
5949.215006,861,1623
5949.220006,878,1624
5949.225005,829,1626
5949.230006,831,1625
5949.235005,869,1625
5949.240006,854,1627
5949.245005,827,1623
5949.250005,875,1627
5949.255006,850,1626
5949.260007,826,1610
5949.265007,841,1621
5949.270005,866,1619
5949.275007,831,1615
5949.280006,847,1613
5949.285006,873,1610
5949.290006,838,1612
5949.295006,832,1609
5949.300006,856,1607
5949.305006,870,1604
5949.310007,819,1606
5949.315007,845,1603
5949.320006,856,1604
5949.325006,831,1602
5949.330007,829,1599
5949.335005,871,1603
5949.340006,847,1602
5949.345006,847,1601
5949.350006,873,1601
5949.355005,861,1602
5949.360007,835,1597
5949.365006,843,1604
5949.370007,867,1606
5949.375006,831,1607
5949.380006,839,1601
5949.385007,865,1613
5949.390007,856,1610
5949.395005,822,1612
5949.400006,867,1612
5949.405005,852,1613
5949.410005,832,1612
5949.415005,839,1615
5949.420005,871,1613
5949.425005,819,1613
5949.430006,842,1609
5949.435007,857,1612
5949.440006,850,1609
5949.445006,824,1608
5949.450006,855,1611
5949.455007,870,1609
5949.460005,832,1609
5949.465005,840,1606
5949.470007,864,1608
5949.475006,825,1610
5949.480005,846,1605
5949.485006,872,1605
5949.490005,839,1603
5949.495006,835,1602
5949.500007,868,1599
5949.505006,861,1602
5949.510005,820,1599
5949.515006,838,1599
5949.520005,850,1596
5949.525006,832,1597
5949.530006,826,1594
5949.535006,853,1597
5949.540006,851,1588
5949.545006,825,1594
5949.550006,850,1597
5949.555007,856,1593
5949.560007,824,1596
5949.565006,835,1599
5949.570005,872,1597
5949.575005,835,1597
5949.580005,831,1600
5949.585006,858,1602
5949.590007,861,1605
5949.595007,844,1603
5949.600005,865,1610
5949.605006,869,1608
5949.610006,820,1611
5949.615006,852,1608
5949.620005,860,1611
5949.625006,820,1620
5949.630006,850,1616
5949.635006,875,1609
5949.640006,860,1612
5949.645006,823,1618
5949.650005,871,1616
5949.655007,850,1619
5949.660006,839,1616
5949.665006,845,1616
5949.670007,857,1617
5949.675005,841,1617
5949.680007,824,1615
5949.685005,870,1614
5949.690006,838,1616
5949.695006,841,1612
5949.700005,859,1617
5949.705005,860,1613
5949.710005,822,1613
5949.715005,842,1610
5949.720007,870,1612
5949.725006,842,1613
5949.730005,845,1601
5949.735006,858,1616
5949.740005,860,1616
5949.745005,826,1617
5949.750005,852,1618
5949.755005,873,1610
5949.760006,828,1617
5949.765006,837,1606
5949.770005,870,1611
5949.775006,836,1615
5949.780006,830,1617
5949.785007,874,1617
5949.790006,848,1623
5949.795007,837,1622
5949.800005,867,1618
5949.805007,864,1614
5949.810006,830,1621
5949.815006,837,1626
5949.820005,853,1625
5949.825005,834,1625
5949.830005,844,1624
5949.835006,860,1627
5949.840006,852,1618
5949.845006,827,1628
5949.850007,870,1627
5949.855007,875,1623
5949.860007,821,1629
5949.865007,848,1630
5949.870007,877,1628
5949.875007,827,1631
5949.880006,848,1631
5949.885006,857,1636
5949.890007,850,1633
5949.895005,828,1636
5949.900007,867,1625
5949.905006,871,1629
5949.910006,841,1629
5949.915007,845,1632
5949.920006,876,1624
5949.925007,833,1629
5949.930006,834,1627
5949.935006,857,1630
5949.940006,852,1626
5949.945005,835,1625
5949.950005,858,1625
5949.955006,866,1617
5949.960006,843,1620
5949.965006,837,1621
5949.970007,860,1618
5949.975006,825,1607
5949.980006,843,1618
5949.985006,870,1617
5949.990005,848,1613
5949.995005,846,1612
5950.000005,869,1606
5950.005005,860,1618
5950.010005,836,1611
5950.015007,841,1609
5950.020007,856,1612
5950.025006,830,1610
5950.030005,835,1609
5950.035005,878,1605
5950.040005,843,1609
5950.045006,843,1604
5950.050006,857,1603
5950.055007,869,1603
5950.060007,840,1601
5950.065007,836,1603
5950.070006,859,1605
5950.075005,835,1600
5950.080005,844,1599
5950.085006,857,1603
5950.090007,837,1602
5950.095006,833,1602
5950.100005,851,1602
5950.105006,862,1598
5950.110007,814,1606
5950.115006,843,1599
5950.120005,868,1602
5950.125006,823,1599
5950.130006,843,1599
5950.135006,856,1600
5950.140005,861,1597
5950.145006,836,1600
5950.150006,859,1599
5950.155006,858,1597
5950.160005,831,1594
5950.165005,833,1594
5950.170005,867,1593
5950.175006,820,1595
5950.180006,840,1596
5950.185006,858,1596
5950.190005,838,1595
5950.195006,840,1594
5950.200006,859,1598
5950.205006,848,1595
5950.210005,835,1595
5950.215005,856,1593
5950.220006,850,1600
5950.225005,832,1587
5950.230006,835,1594
5950.235006,854,1595
5950.240006,847,1594
5950.245005,826,1594
5950.250005,868,1596
5950.255005,861,1596
5950.260005,811,1602
5950.265006,838,1595
5950.270005,861,1589
5950.275006,840,1593
5950.280005,820,1599
5950.285005,866,1598
5950.290005,835,1597
5950.295005,829,1598
5950.300006,855,1601
5950.305007,845,1601
5950.310005,828,1604
5950.315006,854,1604
5950.320005,856,1606
5950.325005,833,1598
5950.330006,827,1609
5950.335006,872,1610
5950.340006,840,1609
5950.345006,837,1600
5950.350006,860,1611
5950.355005,848,1613
5950.360007,841,1611
5950.365006,840,1613
5950.370005,874,1612
5950.375006,825,1614
5950.380007,838,1616
5950.385005,880,1614
5950.390007,847,1612
5950.395006,844,1614
5950.400005,857,1617
5950.405006,867,1614
5950.410005,824,1615
5950.415005,853,1614
5950.420006,871,1610
5950.425006,830,1619
5950.430006,851,1617
5950.435005,865,1618
5950.440006,847,1619
5950.445005,836,1621
5950.450005,859,1624
5950.455005,873,1620
5950.460006,831,1623
5950.465007,838,1622
5950.470006,873,1623
5950.475005,842,1614
5950.480006,846,1621
5950.485006,860,1623
5950.490005,849,1623
5950.495006,823,1621
5950.500007,856,1621
5950.505005,867,1621
5950.510006,837,1620
5950.515006,841,1621
5950.520006,852,1625
5950.525005,835,1620
5950.530006,849,1617
5950.535005,864,1618
5950.540006,844,1620
5950.545006,841,1618
5950.550007,865,1619
5950.555006,851,1617
5950.560005,835,1616
5950.565007,834,1619
5950.570006,873,1620
5950.575006,824,1619
5950.580007,844,1614
5950.585005,856,1618
5950.590005,852,1616
5950.595005,830,1608
5950.600005,873,1609
5950.605006,854,1611
5950.610006,820,1609
5950.615005,853,1607
5950.620006,860,1604
5950.625006,841,1602
5950.630007,843,1597
5950.635007,854,1602
5950.640005,856,1595
5950.645006,826,1593
5950.650006,857,1593
5950.655005,848,1597
5950.660005,828,1591
5950.665005,840,1585
5950.670005,864,1589
5950.675006,830,1590
5950.680007,847,1587
5950.685006,865,1592
5950.690006,859,1586
5950.695006,826,1593
5950.700005,869,1595
5950.705006,849,1597
5950.710006,836,1594
5950.715006,841,1596
5950.720006,854,1595
5950.725005,841,1593
5950.730006,826,1601
5950.735006,867,1598
5950.740007,860,1598
5950.745007,833,1597
5950.750006,877,1594
5950.755006,853,1599
5950.760006,837,1598
5950.765006,838,1602
5950.770005,876,1601
5950.775006,839,1602
5950.780006,830,1600
5950.785006,860,1606
5950.790007,854,1605
5950.795006,840,1605
5950.800007,862,1605
5950.805006,849,1604
5950.810007,830,1596
5950.815005,859,1605
5950.820007,870,1605
5950.825006,836,1608
5950.830006,827,1607
5950.835006,884,1603
5950.840006,859,1604
5950.845005,821,1609
5950.850007,876,1605
5950.855007,852,1610
5950.860006,823,1607
5950.865005,852,1602
5950.870005,865,1609
5950.875006,836,1609
5950.880006,831,1612
5950.885006,860,1614
5950.890006,864,1613
5950.895005,843,1613
5950.900006,861,1615
5950.905006,850,1618
5950.910006,842,1617
5950.915007,844,1618
5950.920007,869,1612
5950.925006,840,1620
5950.930006,832,1623
5950.935005,883,1625
5950.940006,854,1628
5950.945005,830,1629
5950.950005,857,1632
5950.955006,857,1633
5950.960006,841,1635
5950.965006,848,1632
5950.970005,862,1634
5950.975006,856,1630
5950.980005,844,1636
5950.985006,867,1641
5950.990005,867,1633
5950.995006,836,1634
5951.000006,854,1636
5951.005006,856,1638
5951.010006,839,1632
5951.015007,857,1633
5951.020005,864,1630
5951.025007,838,1630
5951.030006,831,1629
5951.035006,870,1630
5951.040007,864,1627
5951.045007,847,1628
5951.050006,859,1630
5951.055007,868,1630
5951.060007,819,1634
5951.065007,858,1626
5951.070006,875,1622
5951.075005,830,1634
5951.080005,832,1631
5951.085006,886,1630
5951.090007,853,1631
5951.095005,846,1633
5951.100006,865,1634
5951.105006,874,1630
5951.110005,828,1630
5951.115005,841,1633
5951.120005,858,1635
5951.125005,835,1630
5951.130005,836,1634
5951.135006,864,1630
5951.140006,854,1634
5951.145006,832,1632
5951.150006,882,1633
5951.155005,864,1634
5951.160006,826,1632
5951.165006,866,1628
5951.170007,877,1630
5951.175006,833,1630
5951.180007,831,1633
5951.185005,876,1629
5951.190006,858,1627
5951.195007,830,1629
5951.200006,860,1629
5951.205006,875,1626
5951.210007,841,1628
5951.215005,848,1621
5951.220006,863,1624
5951.225007,828,1626
5951.230006,849,1619
5951.235007,877,1623
5951.240007,857,1619
5951.245005,826,1617
5951.250005,865,1617
5951.255006,876,1616
5951.260006,835,1615
5951.265005,836,1612
5951.270007,861,1603
5951.275007,841,1612
5951.280006,837,1611
5951.285006,877,1611
5951.290006,848,1610
5951.295007,826,1610
5951.300006,856,1608
5951.305006,856,1597
5951.310005,835,1599
5951.315007,847,1606
5951.320005,863,1606
5951.325005,843,1603
5951.330006,829,1608
5951.335006,858,1603
5951.340007,863,1598
5951.345005,837,1597
5951.350007,863,1598
5951.355006,851,1597
5951.360005,817,1595
5951.365005,846,1587
5951.370005,876,1590
5951.375005,820,1593
5951.380006,838,1587
5951.385006,857,1588
5951.390006,864,1582
5951.395006,831,1584
5951.400006,854,1584
5951.405006,848,1585
5951.410005,836,1585
5951.415005,852,1578
5951.420005,853,1583
5951.425005,844,1576
5951.430006,832,1572
5951.435005,858,1577
5951.440006,840,1581
5951.445006,828,1570
5951.450006,861,1582
5951.455006,852,1583
5951.460006,817,1587
5951.465006,845,1582
5951.470006,867,1586
5951.475006,826,1586
5951.480005,825,1589
5951.485006,873,1591
5951.490007,848,1595
5951.495006,845,1595
5951.500007,863,1595
5951.505006,856,1600
5951.510006,836,1598
5951.515006,839,1598
5951.520005,852,1603
5951.525006,827,1592
5951.530005,824,1601
5951.535005,857,1603
5951.540006,863,1601
5951.545006,838,1602
5951.550006,859,1602
5951.555006,852,1605
5951.560005,818,1604
5951.565006,851,1599
5951.570005,865,1596
5951.575005,841,1600
5951.580005,828,1605
5951.585006,870,1601
5951.590006,847,1605
5951.595006,834,1609
5951.600006,853,1599
5951.605006,863,1605
5951.610006,820,1603
5951.615006,847,1603
5951.620005,873,1601
5951.625006,826,1601
5951.630006,837,1601
5951.635006,865,1598
5951.640007,864,1601
5951.645005,828,1603
5951.650006,870,1599
5951.655006,853,1601
5951.660005,817,1602
5951.665005,829,1599
5951.670005,876,1597
5951.675006,841,1599
5951.680006,829,1601
5951.685005,879,1594
5951.690007,861,1591
5951.695006,826,1599
5951.700006,858,1597
5951.705007,847,1600
5951.710005,836,1597
5951.715006,843,1599
5951.720007,876,1600
5951.725005,840,1602
5951.730006,835,1602
5951.735005,857,1602
5951.740005,864,1604
5951.745006,821,1603
5951.750006,854,1605
5951.755006,872,1599
5951.760005,840,1601
5951.765005,834,1604
5951.770007,853,1606
5951.775005,845,1602
5951.780007,834,1600
5951.785006,860,1601
5951.790006,863,1596
5951.795006,823,1600
5951.800007,854,1599
5951.805005,856,1593
5951.810006,837,1595
5951.815007,843,1595
5951.820006,871,1598
5951.825005,828,1597
5951.830005,826,1598
5951.835005,875,1594
5951.840005,860,1592
5951.845007,829,1593
5951.850005,856,1592
5951.855006,854,1595
5951.860005,825,1591
5951.865005,839,1591
5951.870005,859,1593
5951.875006,827,1593
5951.880007,833,1588
5951.885007,861,1589
5951.890006,852,1584
5951.895005,825,1587
5951.900006,875,1585
5951.905006,865,1584
5951.910005,819,1582
5951.915006,831,1585
5951.920007,856,1586
5951.925006,844,1582
5951.930006,844,1583
5951.935005,853,1588
5951.940006,848,1588
5951.945005,834,1588
5951.950005,858,1590
5951.955006,848,1593
5951.960007,835,1590
5951.965005,846,1592
5951.970007,860,1595
5951.975006,827,1596
5951.980006,827,1599
5951.985005,878,1602
5951.990005,862,1603
5951.995006,821,1605
5952.000007,873,1606
5952.005006,848,1612
5952.010007,841,1606
5952.015006,834,1608
5952.020005,876,1608
5952.025006,821,1617
5952.030005,824,1617
5952.035005,869,1617
5952.040005,863,1612
5952.045006,836,1619
5952.050006,865,1617
5952.055006,863,1618
5952.060006,817,1619
5952.065005,840,1620
5952.070007,872,1617
5952.075006,833,1624
5952.080007,830,1622
5952.085006,860,1624
5952.090007,875,1624
5952.095007,829,1626
5952.100005,868,1619
5952.105006,860,1629
5952.110005,820,1629
5952.115006,857,1625
5952.120005,870,1629
5952.125005,832,1630
5952.130006,842,1625
5952.135006,880,1632
5952.140007,854,1633
5952.145005,828,1633
5952.150007,853,1637
5952.155006,869,1632
5952.160005,821,1634
5952.165006,852,1629
5952.170006,873,1634
5952.175006,829,1638
5952.180007,849,1629
5952.185006,875,1633
5952.190006,867,1629
5952.195005,826,1633
5952.200006,852,1636
5952.205006,877,1629
5952.210006,817,1635
5952.215007,849,1632
5952.220006,860,1628
5952.225006,843,1632
5952.230006,832,1634
5952.235005,861,1637
5952.240005,868,1635
5952.245006,820,1639
5952.250006,869,1625
5952.255007,866,1635
5952.260005,836,1630
5952.265006,832,1634
5952.270005,876,1630
5952.275006,827,1634
5952.280006,842,1628
5952.285006,883,1627
5952.290007,857,1627
5952.295006,839,1628
5952.300007,850,1625
5952.305006,869,1624
5952.310006,816,1627
5952.315005,844,1625
5952.320006,879,1621
5952.325006,834,1621
5952.330006,842,1616
5952.335007,862,1620
5952.340006,846,1621
5952.345007,836,1623
5952.350005,850,1625
5952.355007,868,1625
5952.360007,824,1622
5952.365007,830,1623
5952.370007,881,1619
5952.375006,831,1622
5952.380007,840,1626
5952.385005,878,1622
5952.390006,869,1628
5952.395005,819,1630
5952.400005,860,1622
5952.405007,872,1623
5952.410006,819,1627
5952.415006,844,1625
5952.420007,858,1625
5952.425006,835,1623
5952.430007,847,1624
5952.435006,867,1620
5952.440006,854,1619
5952.445005,841,1615
5952.450005,867,1619
5952.455005,856,1622
5952.460006,838,1620
5952.465007,841,1620
5952.470005,857,1621
5952.475007,850,1616
5952.480006,850,1615
5952.485006,871,1617
5952.490006,854,1617
5952.495005,839,1615
5952.500005,867,1614
5952.505005,852,1616
5952.510006,819,1613
5952.515005,852,1610
5952.520006,856,1609
5952.525006,838,1609
5952.530006,827,1608
5952.535005,866,1606
5952.540005,859,1606
5952.545005,833,1602
5952.550005,860,1599
5952.555006,849,1606
5952.560006,835,1590
5952.565005,835,1598
5952.570006,854,1603
5952.575007,847,1598
5952.580006,837,1601
5952.585006,874,1598
5952.590007,848,1600
5952.595005,821,1601
5952.600006,861,1600
5952.605006,851,1600
5952.610006,837,1600
5952.615005,829,1602
5952.620005,874,1603
5952.625005,849,1600
5952.630006,832,1600
5952.635007,882,1601
5952.640006,858,1604
5952.645006,839,1604
5952.650005,846,1604
5952.655006,870,1600
5952.660005,819,1599
5952.665006,849,1601
5952.670007,856,1604
5952.675007,849,1599
5952.680006,846,1600
5952.685005,858,1604
5952.690006,854,1600
5952.695006,842,1596
5952.700005,846,1602
5952.705006,873,1599
5952.710007,841,1599
5952.715007,827,1597
5952.720005,868,1600
5952.725006,836,1588
5952.730005,847,1602
5952.735006,873,1599
5952.740005,858,1595
5952.745005,817,1599
5952.750006,863,1594
5952.755006,853,1598
5952.760006,817,1598
5952.765007,846,1593
5952.770006,877,1594
5952.775005,836,1588
5952.780006,824,1596
5952.785006,875,1591
5952.790007,854,1596
5952.795005,845,1593
5952.800005,861,1596
5952.805006,857,1598
5952.810005,819,1601
5952.815005,850,1597
5952.820007,865,1596
5952.825007,825,1601
5952.830006,841,1597
5952.835006,862,1600
5952.840006,864,1592
5952.845006,828,1602
5952.850007,856,1602
5952.855006,852,1603
5952.860005,838,1603
5952.865005,832,1607
5952.870006,872,1598
5952.875006,836,1609
5952.880007,846,1610
5952.885005,864,1611
5952.890005,856,1612
5952.895006,831,1617
5952.900006,858,1620
5952.905007,852,1622
5952.910006,836,1615
5952.915006,851,1623
5952.920007,858,1622
5952.925006,846,1629
5952.930006,845,1628
5952.935006,872,1630
5952.940005,860,1631
5952.945006,821,1635
5952.950006,861,1635
5952.955006,850,1634
5952.960007,841,1632
5952.965005,841,1631
5952.970006,857,1636
5952.975006,835,1635
5952.980006,850,1632
5952.985006,870,1634
5952.990006,866,1634
5952.995005,840,1631
5953.000005,859,1632
5953.005005,852,1634
5953.010005,837,1636
5953.015006,835,1636
5953.020006,880,1636
5953.025005,834,1638
5953.030006,845,1639
5953.035006,861,1638
5953.040005,868,1638
5953.045006,833,1640
5953.050007,867,1629
5953.055005,874,1638
5953.060006,831,1641
5953.065005,829,1644
5953.070006,873,1640
5953.075006,832,1641
5953.080006,850,1638
5953.085006,872,1635
5953.090007,869,1632
5953.095005,841,1633
5953.100007,850,1629
5953.105007,869,1627
5953.110007,828,1627
5953.115007,845,1626
5953.120006,877,1619
5953.125006,830,1622
5953.130006,844,1617
5953.135007,857,1617
5953.140006,869,1613
5953.145006,824,1612
5953.150005,846,1613
5953.155006,852,1612
5953.160005,835,1601
5953.165005,853,1605
5953.170006,869,1604
5953.175007,831,1602
5953.180006,849,1602
5953.185005,871,1604
5953.190006,861,1604
5953.195005,825,1603
5953.200005,844,1610
5953.205006,865,1606
5953.210007,823,1607
5953.215005,826,1610
5953.220006,880,1609
5953.225006,842,1607
5953.230006,829,1609
5953.235005,863,1605
5953.240005,864,1613
5953.245005,828,1614
5953.250006,847,1618
5953.255007,851,1618
5953.260007,819,1618
5953.265005,857,1612
5953.270006,858,1617
5953.275006,837,1617
5953.280006,842,1612
5953.285005,857,1617
5953.290006,853,1615
5953.295006,827,1616
5953.300006,871,1612
5953.305006,858,1612
5953.310006,836,1613
5953.315005,828,1615
5953.320007,881,1614
5953.325007,838,1609
5953.330006,849,1617
5953.335007,866,1614
5953.340007,844,1618
5953.345006,835,1604
5953.350005,849,1616
5953.355006,867,1614
5953.360006,822,1616
5953.365005,850,1616
5953.370006,856,1620
5953.375006,839,1617
5953.380006,845,1618
5953.385007,876,1618
5953.390006,847,1618
5953.395005,825,1619
5953.400006,857,1620
5953.405006,866,1611
5953.410005,836,1617
5953.415006,846,1616
5953.420006,862,1620
5953.425007,848,1618
5953.430005,829,1616
5953.435006,883,1617
5953.440007,860,1617
5953.445007,843,1613
5953.450006,858,1619
5953.455006,868,1614
5953.460007,818,1617
5953.465006,850,1615
5953.470007,876,1611
5953.475005,838,1614
5953.480006,822,1618
5953.485005,871,1615
5953.490006,848,1610
5953.495005,827,1614
5953.500006,873,1614
5953.505006,862,1614
5953.510006,823,1615
5953.515006,848,1617
5953.520007,861,1614
5953.525006,851,1614
5953.530006,838,1608
5953.535006,875,1603
5953.540006,865,1611
5953.545007,822,1610
5953.550006,862,1608
5953.555006,849,1611
5953.560006,833,1608
5953.565005,832,1611
5953.570006,863,1608
5953.575005,848,1606
5953.580005,849,1603
5953.585005,866,1601
5953.590006,859,1601
5953.595007,817,1604
5953.600006,862,1598
5953.605005,852,1602
5953.610005,828,1599
5953.615005,847,1596
5953.620005,867,1598
5953.625006,836,1598
5953.630006,833,1595
5953.635007,857,1596
5953.640005,868,1592
5953.645007,818,1597
5953.650006,855,1593
5953.655006,854,1593
5953.660005,834,1590
5953.665005,837,1589
5953.670005,858,1593
5953.675006,855,1588
5953.680007,824,1592
5953.685006,861,1586
5953.690005,859,1586
5953.695007,840,1586
5953.700007,855,1587
5953.705006,867,1583
5953.710006,825,1582
5953.715006,827,1589
5953.720006,866,1584
5953.725006,832,1587
5953.730005,838,1586
5953.735006,855,1588
5953.740005,864,1587
5953.745006,817,1588
5953.750006,867,1585
5953.755006,860,1590
5953.760007,822,1584
5953.765007,828,1595
5953.770006,873,1591
5953.775005,837,1596
5953.780007,821,1592
5953.785006,871,1593
5953.790007,849,1597
5953.795005,836,1595
5953.800006,847,1595
5953.805007,872,1592
5953.810006,832,1596
5953.815005,838,1594
5953.820007,871,1595
5953.825005,840,1600
5953.830006,846,1599
5953.835007,853,1602
5953.840006,847,1610
5953.845006,821,1609
5953.850005,864,1610
5953.855007,870,1608
5953.860006,820,1617
5953.865005,850,1618
5953.870006,857,1620
5953.875006,854,1620
5953.880006,828,1621
5953.885007,859,1619
5953.890005,858,1625
5953.895007,841,1625
5953.900005,854,1627
5953.905006,878,1627
5953.910005,828,1630
5953.915006,832,1634
5953.920006,865,1633
5953.925006,856,1631
5953.930005,832,1636
5953.935007,876,1634
5953.940006,852,1636
5953.945006,842,1637
5953.950005,856,1636
5953.955005,856,1641
5953.960005,835,1641
5953.965006,837,1639
5953.970007,886,1639
5953.975007,848,1642
5953.980006,828,1644
5953.985007,871,1635
5953.990007,871,1645
5953.995007,831,1646
5954.000006,849,1649
5954.005006,865,1649
5954.010007,823,1649
5954.015005,852,1642
5954.020005,863,1638
5954.025006,849,1636
5954.030007,845,1644
5954.035007,868,1644
5954.040007,863,1640
5954.045005,823,1640
5954.050005,859,1636
5954.055007,858,1636
5954.060006,826,1635
5954.065005,858,1627
5954.070007,866,1627
5954.075006,838,1631
5954.080007,841,1629
5954.085006,875,1631
5954.090006,852,1619
5954.095007,838,1627
5954.100006,847,1627
5954.105005,869,1625
5954.110005,832,1622
5954.115005,852,1621
5954.120006,870,1622
5954.125007,845,1616
5954.130006,830,1621
5954.135006,877,1617
5954.140006,861,1622
5954.145006,818,1612
5954.150005,864,1613
5954.155006,863,1613
5954.160006,826,1609
5954.165006,836,1604
5954.170006,855,1606
5954.175006,853,1603
5954.180006,837,1601
5954.185005,857,1602
5954.190006,863,1597
5954.195005,824,1594
5954.200005,861,1593
5954.205005,856,1592
5954.210005,834,1589
5954.215005,829,1591
5954.220007,876,1587
5954.225005,832,1590
5954.230007,841,1587
5954.235006,862,1589
5954.240005,857,1575
5954.245006,842,1584
5954.250006,853,1585
5954.255006,860,1584
5954.260007,818,1581
5954.265005,844,1585
5954.270006,866,1582
5954.275005,836,1582
5954.280007,841,1574
5954.285005,869,1574
5954.290005,853,1577
5954.295006,833,1569
5954.300006,836,1575
5954.305006,860,1561
5954.310006,829,1570
5954.315005,829,1572
5954.320006,874,1571
5954.325007,847,1570
5954.330007,824,1577
5954.335006,860,1572
5954.340006,869,1577
5954.345006,821,1580
5954.350007,841,1579
5954.355006,863,1583
5954.360005,817,1589
5954.365006,848,1588
5954.370006,853,1590
5954.375007,841,1592
5954.380005,844,1594
5954.385005,856,1595
5954.390006,858,1596
5954.395006,836,1597
5954.400005,848,1600
5954.405006,860,1600
5954.410005,829,1602
5954.415005,832,1596
5954.420005,866,1603
5954.425006,842,1603
5954.430006,821,1604
5954.435007,871,1603
5954.440007,873,1605
5954.445006,833,1601
5954.450006,845,1609
5954.455006,864,1607
5954.460006,820,1609
5954.465006,829,1606
5954.470006,869,1606
5954.475005,834,1609
5954.480006,828,1606
5954.485006,878,1607
5954.490006,864,1606
5954.495006,831,1606
5954.500006,852,1608
5954.505007,852,1608
5954.510007,829,1597
5954.515007,830,1613
5954.520006,875,1608
5954.525005,850,1610
5954.530007,832,1609
5954.535006,876,1610
5954.540006,866,1611
5954.545007,828,1613
5954.550005,842,1617
5954.555007,863,1617
5954.560005,834,1611
5954.565007,840,1616
5954.570006,858,1622
5954.575005,846,1625
5954.580005,829,1622
5954.585005,873,1623
5954.590005,857,1624
5954.595006,822,1628
5954.600005,858,1631
5954.605005,856,1628
5954.610006,836,1629
5954.615005,856,1628
5954.620005,868,1628
5954.625005,841,1630
5954.630006,826,1634
5954.635007,885,1630
5954.640006,862,1632
5954.645005,840,1631
5954.650006,855,1632
5954.655005,870,1635
5954.660005,823,1630
5954.665005,835,1634
5954.670005,880,1637
5954.675005,847,1637
5954.680007,835,1636
5954.685005,882,1632
5954.690006,869,1636
5954.695006,819,1636
5954.700005,857,1635
5954.705006,861,1637
5954.710006,846,1632
5954.715006,835,1635
5954.720006,885,1630
5954.725007,854,1633
5954.730006,844,1631
5954.735006,867,1633
5954.740005,857,1634
5954.745005,843,1629
5954.750006,854,1631
5954.755006,857,1633
5954.760006,821,1635
5954.765006,848,1633
5954.770006,870,1632
5954.775005,838,1634
5954.780007,848,1630
5954.785005,868,1631
5954.790006,850,1634
5954.795006,837,1633
5954.800006,856,1632
5954.805006,870,1631
5954.810005,826,1634
5954.815006,842,1630
5954.820005,884,1632
5954.825006,855,1630
5954.830007,838,1632
5954.835005,876,1631
5954.840005,869,1634
5954.845007,832,1630
5954.850007,844,1630
5954.855006,853,1633
5954.860005,830,1627
5954.865005,831,1632
5954.870005,879,1618
5954.875006,843,1626
5954.880007,849,1628
5954.885006,870,1628
5954.890007,848,1626
5954.895005,840,1614
5954.900007,860,1622
5954.905007,865,1616
5954.910007,833,1615
5954.915005,831,1617
5954.920005,857,1614
5954.925005,861,1606
5954.930007,824,1610
5954.935006,876,1602
5954.940006,867,1605
5954.945006,825,1607
5954.950006,857,1603
5954.955007,862,1600
5954.960006,824,1600
5954.965007,832,1600
5954.970006,856,1602
5954.975005,834,1602
5954.980007,837,1596
5954.985006,864,1599
5954.990006,865,1598
5954.995005,829,1596
5955.000005,845,1599
5955.005005,872,1595
5955.010005,833,1597
5955.015006,835,1601
5955.020006,878,1599
5955.025006,849,1595
5955.030005,825,1598
5955.035005,858,1598
5955.040005,870,1598
5955.045006,827,1597
5955.050006,859,1594
5955.055007,864,1599
5955.060006,840,1597
5955.065006,827,1599
5955.070006,871,1599
5955.075006,841,1599
5955.080006,830,1588
5955.085007,876,1596
5955.090006,863,1589
5955.095007,836,1596
5955.100006,836,1595
5955.105005,870,1587
5955.110007,832,1593
5955.115006,826,1595
5955.120006,869,1589
5955.125006,845,1581
5955.130006,829,1588
5955.135006,875,1587
5955.140007,852,1590
5955.145006,833,1586
5955.150006,854,1588
5955.155005,860,1586
5955.160006,822,1590
5955.165006,850,1589
5955.170006,862,1588
5955.175007,857,1589
5955.180005,832,1592
5955.185007,854,1594
5955.190007,866,1592
5955.195006,825,1593
5955.200005,859,1591
5955.205006,871,1591
5955.210007,828,1589
5955.215006,833,1593
5955.220007,863,1595
5955.225006,859,1593
5955.230005,832,1593
5955.235006,876,1594
5955.240005,858,1594
5955.245006,822,1589
5955.250006,837,1596
5955.255007,866,1595
5955.260007,824,1596
5955.265005,842,1588
5955.270007,869,1595
5955.275007,838,1592
5955.280007,823,1593
5955.285007,865,1592
5955.290007,865,1587
5955.295005,837,1584
5955.300005,842,1588
5955.305006,854,1591
5955.310006,841,1588
5955.315005,837,1585
5955.320006,857,1588
5955.325005,848,1585
5955.330006,823,1588
5955.335006,865,1585
5955.340007,865,1586
5955.345006,828,1583
5955.350005,840,1585
5955.355006,860,1572
5955.360006,835,1584
5955.365005,827,1582
5955.370005,870,1589
5955.375005,848,1584
5955.380005,827,1587
5955.385005,852,1585
5955.390007,861,1585
5955.395005,816,1590
5955.400006,856,1582
5955.405006,853,1591
5955.410006,822,1590
5955.415006,851,1590
5955.420007,866,1589
5955.425006,840,1594
5955.430006,846,1592
5955.435006,866,1592
5955.440006,853,1594
5955.445006,844,1590
5955.450005,855,1594
5955.455006,855,1596
5955.460007,815,1600
5955.465005,838,1596
5955.470006,862,1598
5955.475007,853,1587
5955.480007,837,1596
5955.485006,864,1597
5955.490005,849,1600
5955.495005,820,1602
5955.500006,848,1600
5955.505007,854,1604
5955.510006,840,1603
5955.515007,843,1604
5955.520006,858,1610
5955.525006,852,1610
5955.530006,824,1612
5955.535005,873,1607
5955.540005,866,1615
5955.545005,839,1612
5955.550005,843,1613
5955.555006,861,1616
5955.560006,821,1615
5955.565005,843,1613
5955.570007,860,1615
5955.575006,839,1612
5955.580006,842,1615
5955.585007,865,1616
5955.590006,866,1609
5955.595007,827,1614
5955.600006,838,1611
5955.605005,874,1616
5955.610006,823,1621
5955.615007,851,1617
5955.620006,866,1619
5955.625006,857,1618
5955.630007,832,1622
5955.635006,882,1615
5955.640006,857,1622
5955.645006,836,1621
5955.650006,838,1624
5955.655005,868,1621
5955.660005,820,1623
5955.665005,838,1623
5955.670005,858,1625
5955.675006,843,1622
5955.680006,831,1613
5955.685006,876,1619
5955.690007,858,1619
5955.695006,831,1619
5955.700005,840,1619
5955.705005,874,1618
5955.710005,832,1616
5955.715005,844,1606
5955.720006,866,1617
5955.725006,858,1611
5955.730006,824,1615
5955.735006,870,1605
5955.740005,854,1612
5955.745005,844,1606
5955.750005,847,1612
5955.755006,849,1606
5955.760006,835,1609
5955.765007,832,1608
5955.770007,877,1603
5955.775006,846,1602
5955.780005,830,1606
5955.785006,868,1601
5955.790007,870,1600
5955.795006,826,1599
5955.800006,837,1600
5955.805006,851,1595
5955.810005,836,1596
5955.815006,844,1586
5955.820006,860,1592
5955.825006,853,1591
5955.830007,826,1592
5955.835006,873,1593
5955.840006,854,1589
5955.845006,825,1589
5955.850005,838,1591
5955.855005,872,1585
5955.860007,825,1589
5955.865006,828,1587
5955.870006,880,1588
5955.875006,840,1589
5955.880006,847,1582
5955.885007,857,1587
5955.890005,864,1586
5955.895006,815,1585
5955.900005,856,1582
5955.905007,854,1584
5955.910006,839,1584
5955.915005,835,1584
5955.920005,859,1581
5955.925005,858,1580
5955.930006,825,1579
5955.935006,854,1581
5955.940006,861,1576
5955.945006,836,1574
5955.950005,843,1576
5955.955006,869,1574
5955.960006,822,1580
5955.965007,843,1574
5955.970005,876,1572
5955.975006,843,1574
5955.980007,839,1572
5955.985007,855,1571
5955.990006,842,1574
5955.995005,815,1572
5956.000005,839,1571
5956.005005,857,1567
5956.010006,828,1567
5956.015007,846,1562
5956.020005,866,1564
5956.025006,835,1566
5956.030006,836,1563
5956.035006,851,1567
5956.040006,854,1566
5956.045006,825,1560
5956.050006,853,1561
5956.055007,851,1562
5956.060005,831,1560
5956.065006,821,1561
5956.070006,865,1555
5956.075005,854,1553
5956.080006,830,1548
5956.085006,866,1548
5956.090007,840,1553
5956.095006,824,1542
5956.100005,846,1550
5956.105006,852,1533
5956.110005,835,1543
5956.115006,824,1547
5956.120005,848,1547
5956.125006,839,1543
5956.130007,815,1544
5956.135007,868,1541
5956.140006,857,1541
5956.145005,811,1541
5956.150006,837,1544
5956.155005,863,1542
5956.160006,824,1537
5956.165006,841,1538
5956.170007,854,1541
5956.175005,852,1532
5956.180005,813,1540
5956.185007,856,1533
5956.190006,850,1536
5956.195005,823,1527
5956.200006,836,1536
5956.205007,845,1540
5956.210006,808,1537
5956.215005,841,1537
5956.220006,870,1531
5956.225005,843,1531
5956.230006,824,1530
5956.235005,846,1532
5956.240005,833,1532
5956.245006,809,1539
5956.250007,830,1526
5956.255005,851,1536
5956.260005,810,1540
5956.265007,832,1542
5956.270006,872,1536
5956.275005,851,1542
5956.280007,816,1546
5956.285006,851,1549
5956.290006,840,1546
5956.295007,811,1550
5956.300005,844,1548
5956.305006,851,1552
5956.310006,826,1547
5956.315005,832,1553
5956.320006,859,1554
5956.325006,838,1547
5956.330006,830,1555
5956.335005,843,1558
5956.340005,862,1551
5956.345007,814,1557
5956.350006,825,1562
5956.355005,843,1567
5956.360006,837,1558
5956.365006,832,1565
5956.370005,850,1567
5956.375006,830,1561
5956.380007,838,1565
5956.385006,858,1568
5956.390006,847,1573
5956.395006,816,1573
5956.400006,847,1574
5956.405006,859,1577
5956.410005,820,1579
5956.415005,840,1579
5956.420005,866,1581
5956.425005,840,1582
5956.430006,833,1586
5956.435006,855,1584
5956.440006,860,1574
5956.445005,817,1591
5956.450005,828,1592
5956.455005,866,1592
5956.460005,823,1592
5956.465005,821,1597
5956.470007,856,1597
5956.475006,853,1596
5956.480005,836,1589
5956.485007,864,1599
5956.490007,858,1600
5956.495007,819,1604
5956.500007,845,1603
5956.505007,867,1604
5956.510006,829,1608
5956.515007,823,1612
5956.520007,871,1610
5956.525005,852,1613
5956.530006,831,1616
5956.535007,870,1615
5956.540006,854,1616
5956.545006,817,1616
5956.550006,847,1620
5956.555007,875,1617
5956.560006,835,1620
5956.565005,839,1620
5956.570006,856,1627
5956.575005,858,1626
5956.580006,827,1629
5956.585006,863,1628
5956.590006,852,1632
5956.595007,821,1636
5956.600006,860,1632
5956.605005,872,1636
5956.610006,837,1638
5956.615005,844,1640
5956.620005,871,1641
5956.625005,852,1643
5956.630005,828,1645
5956.635005,876,1647
5956.640006,864,1649
5956.645005,825,1648
5956.650006,843,1649
5956.655005,874,1648
5956.660006,834,1650
5956.665007,830,1650
5956.670006,862,1650
5956.675007,863,1651
5956.680005,838,1651
5956.685006,864,1646
5956.690006,872,1644
5956.695006,833,1647
5956.700005,845,1649
5956.705005,874,1644
5956.710005,834,1648
5956.715005,830,1649
5956.720007,885,1646
5956.725005,856,1647
5956.730006,824,1650
5956.735006,869,1646
5956.740006,876,1643
5956.745006,829,1648
5956.750006,838,1648
5956.755006,880,1643
5956.760006,836,1649
5956.765006,841,1648
5956.770006,871,1647
5956.775005,851,1648
5956.780006,836,1646
5956.785006,857,1647
5956.790006,866,1646
5956.795007,823,1649
5956.800005,859,1645
5956.805007,870,1643
5956.810006,833,1642
5956.815005,846,1643
5956.820006,857,1641
5956.825006,854,1639
5956.830006,842,1635
5956.835005,866,1634
5956.840005,858,1633
5956.845006,823,1620
5956.850007,843,1631
5956.855006,856,1625
5956.860007,834,1624
5956.865006,834,1620
5956.870005,874,1621
5956.875005,842,1617
5956.880005,840,1612
5956.885005,864,1612
5956.890007,843,1613
5956.895006,824,1610
5956.900005,835,1607
5956.905006,876,1603
5956.910005,832,1603
5956.915005,829,1602
5956.920006,866,1592
5956.925006,849,1598
5956.930006,819,1600
5956.935006,870,1596
5956.940006,846,1598
5956.945005,830,1596
5956.950005,837,1593
5956.955005,853,1584
5956.960005,825,1598
5956.965005,821,1600
5956.970006,865,1592
5956.975007,854,1589
5956.980007,829,1593
5956.985007,868,1589
5956.990006,850,1595
5956.995006,815,1595
5957.000006,852,1594
5957.005006,863,1594
5957.010006,835,1593
5957.015007,832,1593
5957.020006,853,1599
5957.025006,853,1594
5957.030005,825,1594
5957.035006,856,1582
5957.040007,853,1594
5957.045007,831,1588
5957.050006,831,1590
5957.055007,867,1581
5957.060006,827,1585
5957.065005,824,1591
5957.070006,851,1588
5957.075005,852,1585
5957.080005,825,1583
5957.085005,852,1584
5957.090006,861,1578
5957.095006,814,1575
5957.100005,845,1573
5957.105006,845,1572
5957.110005,834,1571
5957.115005,829,1568
5957.120005,858,1568
5957.125005,852,1565
5957.130005,834,1567
5957.135006,859,1567
5957.140007,846,1566
5957.145005,820,1567
5957.150006,825,1566
5957.155006,860,1563
5957.160005,829,1566
5957.165005,822,1565
5957.170006,863,1562
5957.175006,835,1566
5957.180006,834,1557
5957.185005,853,1562
5957.190007,845,1564
5957.195007,818,1559
5957.200006,840,1562
5957.205005,846,1561
5957.210005,835,1558
5957.215005,828,1558
5957.220006,849,1561
5957.225005,846,1557
5957.230006,824,1560
5957.235005,852,1561
5957.240005,845,1559
5957.245005,813,1560
5957.250006,848,1560
5957.255006,856,1562
5957.260007,835,1557
5957.265006,826,1562
5957.270005,858,1561
5957.275006,838,1552
5957.280006,829,1560
5957.285006,851,1564
5957.290006,862,1562
5957.295006,829,1564
5957.300007,841,1562
5957.305007,847,1565
5957.310006,816,1569
5957.315007,838,1552
5957.320006,860,1568
5957.325005,855,1563
5957.330005,830,1572
5957.335005,854,1576
5957.340005,864,1576
5957.345007,816,1579
5957.350005,835,1583
5957.355006,862,1585
5957.360007,835,1589
5957.365006,831,1594
5957.370007,857,1597
5957.375006,854,1606
5957.380007,834,1600
5957.385006,862,1610
5957.390006,860,1615
5957.395005,821,1619
5957.400007,834,1621
5957.405007,870,1627
5957.410006,827,1631
5957.415007,840,1633
5957.420005,878,1636
5957.425005,854,1642
5957.430007,839,1645
5957.435006,862,1648
5957.440005,858,1650
5957.445006,839,1650
5957.450007,836,1653
5957.455006,874,1653
5957.460006,853,1653
5957.465006,845,1659
5957.470006,882,1662
5957.475005,863,1665
5957.480006,828,1672
5957.485005,876,1667
5957.490006,863,1659
5957.495005,843,1671
5957.500006,844,1672
5957.505007,886,1672
5957.510007,838,1674
5957.515005,850,1668
5957.520007,884,1678
5957.525006,849,1677
5957.530006,835,1677
5957.535006,876,1672
5957.540007,866,1680
5957.545006,833,1678
5957.550006,841,1679
5957.555006,878,1679
5957.560007,843,1677
5957.565006,862,1677
5957.570006,873,1671
5957.575005,871,1680
5957.580005,836,1682
5957.585005,877,1681
5957.590006,864,1684
5957.595007,833,1685
5957.600005,862,1686
5957.605006,872,1690
5957.610006,855,1691
5957.615005,849,1690
5957.620006,868,1689
5957.625006,873,1694
5957.630006,833,1694
5957.635006,872,1698
5957.640006,872,1694
5957.645006,841,1694
5957.650005,854,1695
5957.655006,874,1693
5957.660007,852,1691
5957.665007,842,1688
5957.670005,885,1681
5957.675005,873,1682
5957.680007,837,1677
5957.685005,880,1670
5957.690006,865,1669
5957.695005,831,1666
5957.700006,850,1658
5957.705007,862,1657
5957.710005,850,1652
5957.715006,838,1651
5957.720006,883,1646
5957.725005,864,1648
5957.730007,844,1639
5957.735006,865,1640
5957.740005,863,1641
5957.745005,844,1637
5957.750006,851,1638
5957.755006,862,1640
5957.760006,848,1636
5957.765006,835,1639
5957.770006,886,1636
5957.775005,866,1637
5957.780005,844,1635
5957.785006,865,1635
5957.790006,863,1632
5957.795006,822,1641
5957.800007,854,1634
5957.805006,866,1635
5957.810005,840,1638
5957.815007,836,1634
5957.820007,880,1627
5957.825007,869,1635
5957.830007,834,1636
5957.835005,867,1636
5957.840005,877,1640
5957.845006,835,1638
5957.850007,852,1635
5957.855006,874,1637
5957.860005,841,1638
5957.865006,852,1635
5957.870006,868,1639
5957.875006,851,1642
5957.880006,844,1643
5957.885006,860,1645
5957.890007,873,1643
5957.895005,828,1647
5957.900007,845,1643
5957.905007,869,1632
5957.910006,848,1635
5957.915006,842,1647
5957.920006,871,1646
5957.925006,869,1648
5957.930007,833,1645
5957.935005,863,1651
5957.940006,870,1637
5957.945006,844,1649
5957.950006,838,1651
5957.955006,879,1645
5957.960006,845,1646
5957.965007,835,1646
5957.970005,879,1635
5957.975006,854,1645
5957.980006,843,1638
5957.985005,859,1642
5957.990005,879,1640
5957.995005,833,1645
5958.000005,839,1643
5958.005005,876,1643
5958.010005,848,1638
5958.015006,852,1638
5958.020007,881,1642
5958.025007,866,1641
5958.030006,831,1647
5958.035006,858,1647
5958.040006,858,1651
5958.045006,825,1651
5958.050006,853,1650
5958.055007,877,1645
5958.060006,832,1656
5958.065006,851,1653
5958.070005,876,1657
5958.075006,860,1657
5958.080006,832,1659
5958.085006,861,1660
5958.090007,876,1653
5958.095006,846,1658
5958.100005,839,1661
5958.105006,877,1661
5958.110005,833,1662
5958.115005,839,1661
5958.120006,867,1665
5958.125006,876,1662
5958.130006,836,1664
5958.135007,878,1665
5958.140005,862,1665
5958.145006,838,1659
5958.150005,838,1667
5958.155006,882,1666
5958.160006,843,1667
5958.165007,841,1667
5958.170005,873,1669
5958.175005,858,1669
5958.180007,843,1660
5958.185005,879,1675
5958.190007,864,1670
5958.195006,845,1665
5958.200006,846,1674
5958.205006,874,1661
5958.210006,850,1670
5958.215007,836,1672
5958.220005,886,1675
5958.225006,872,1674
5958.230006,848,1683
5958.235005,857,1678
5958.240006,879,1680
5958.245006,836,1679
5958.250007,850,1682
5958.255006,871,1675
5958.260006,844,1683
5958.265006,841,1688
5958.270005,886,1685
5958.275006,858,1691
5958.280006,855,1687
5958.285006,866,1690
5958.290006,877,1686
5958.295006,840,1692
5958.300007,838,1690
5958.305005,882,1687
5958.310006,844,1689
5958.315006,855,1688
5958.320005,880,1686
5958.325006,852,1681
5958.330005,851,1684
5958.335005,862,1684
5958.340005,861,1682
5958.345006,851,1682
5958.350006,851,1678
5958.355005,862,1677
5958.360007,842,1677
5958.365005,854,1675
5958.370006,883,1662
5958.375007,877,1671
5958.380006,837,1669
5958.385006,878,1668
5958.390007,864,1669
5958.395007,840,1659
5958.400006,849,1663
5958.405006,865,1664
5958.410006,848,1660
5958.415005,833,1662
5958.420006,884,1657
5958.425007,876,1654
5958.430005,836,1652
5958.435006,862,1654
5958.440005,872,1646
5958.445006,835,1649
5958.450006,849,1652
5958.455007,869,1651
5958.460007,848,1646
5958.465006,836,1649
5958.470006,863,1651
5958.475006,868,1648
5958.480006,841,1648
5958.485006,857,1647
5958.490005,873,1643
5958.495005,827,1645
5958.500006,859,1641
5958.505006,870,1641
5958.510006,829,1643
5958.515006,844,1640
5958.520005,881,1639
5958.525006,864,1629
5958.530005,833,1638
5958.535005,876,1626
5958.540005,863,1630
5958.545005,824,1629
5958.550005,840,1628
5958.555006,879,1626
5958.560005,833,1624
5958.565007,847,1620
5958.570007,878,1613
5958.575007,853,1622
5958.580006,826,1619
5958.585006,865,1616
5958.590007,856,1616
5958.595006,844,1611
5958.600006,857,1613
5958.605005,863,1612
5958.610006,851,1612
5958.615006,828,1613
5958.620005,875,1610
5958.625006,870,1609
5958.630006,823,1609
5958.635007,862,1606
5958.640006,855,1606
5958.645005,837,1604
5958.650007,832,1604
5958.655007,877,1599
5958.660006,833,1601
5958.665006,846,1603
5958.670006,858,1604
5958.675007,864,1601
5958.680006,828,1609
5958.685006,847,1609
5958.690006,869,1610
5958.695006,839,1612
5958.700005,846,1610
5958.705006,863,1619
5958.710006,834,1617
5958.715006,834,1611
5958.720006,878,1618
5958.725005,847,1622
5958.730006,839,1618
5958.735005,865,1620
5958.740006,869,1622
5958.745006,836,1623
5958.750006,834,1622
5958.755006,875,1624
5958.760006,830,1628
5958.765006,848,1626
5958.770006,875,1625
5958.775006,857,1626
5958.780005,840,1625
5958.785005,854,1628
5958.790005,874,1630
5958.795006,820,1626
5958.800007,838,1634
5958.805005,877,1625
5958.810006,828,1627
5958.815005,849,1625
5958.820006,877,1626
5958.825006,848,1630
5958.830007,838,1626
5958.835005,848,1631
5958.840006,864,1626
5958.845007,826,1622
5958.850006,856,1620
5958.855006,866,1622
5958.860006,846,1621
5958.865005,842,1620
5958.870006,863,1619
5958.875007,849,1617
5958.880006,831,1621
5958.885006,852,1613
5958.890006,865,1616
5958.895006,837,1611
5958.900005,845,1611
5958.905007,868,1608
5958.910006,850,1609
5958.915006,843,1610
5958.920007,869,1610
5958.925006,846,1608
5958.930005,821,1609
5958.935007,862,1608
5958.940006,855,1608
5958.945006,817,1610
5958.950005,852,1606
5958.955005,861,1608
5958.960005,847,1605
5958.965005,830,1605
5958.970006,874,1605
5958.975005,862,1602
5958.980007,824,1604
5958.985007,863,1602
5958.990006,868,1601
5958.995005,820,1603
5959.000006,846,1600
5959.005006,858,1599
5959.010007,841,1596
5959.015006,827,1599
5959.020006,853,1601
5959.025005,855,1595
5959.030006,817,1601
5959.035006,861,1595
5959.040006,873,1595
5959.045007,831,1593
5959.050006,827,1600
5959.055007,854,1595
5959.060005,843,1594
5959.065007,834,1592
5959.070006,857,1592
5959.075006,858,1596
5959.080007,822,1592
5959.085005,860,1580
5959.090006,863,1588
5959.095006,818,1587
5959.100006,843,1587
5959.105005,861,1588
5959.110007,828,1587
5959.115006,838,1581
5959.120006,865,1582
5959.125006,844,1586
5959.130006,834,1582
5959.135007,868,1581
5959.140005,868,1582
5959.145007,827,1586
5959.150006,824,1584
5959.155006,873,1583
5959.160005,842,1586
5959.165005,832,1581
5959.170006,855,1588
5959.175006,860,1583
5959.180006,825,1583
5959.185006,871,1582
5959.190005,868,1584
5959.195007,824,1581
5959.200006,843,1584
5959.205007,863,1582
5959.210005,825,1587
5959.215005,837,1584
5959.220006,858,1586
5959.225005,857,1586
5959.230007,836,1588
5959.235006,848,1589
5959.240006,868,1592
5959.245005,838,1591
5959.250005,832,1594
5959.255005,874,1594
5959.260005,837,1597
5959.265006,825,1601
5959.270005,856,1602
5959.275006,852,1599
5959.280005,839,1599
5959.285005,859,1601
5959.290006,852,1602
5959.295006,835,1600
5959.300006,837,1600
5959.305007,856,1602
5959.310006,847,1597
5959.315006,835,1601
5959.320006,863,1602
5959.325006,868,1598
5959.330006,828,1602
5959.335006,857,1605
5959.340007,856,1598
5959.345006,829,1610
5959.350005,840,1609
5959.355006,865,1613
5959.360006,832,1613
5959.365005,841,1616
5959.370005,879,1616
5959.375006,853,1618
5959.380007,819,1624
5959.385006,846,1622
5959.390006,866,1624
5959.395006,825,1627
5959.400005,831,1631
5959.405006,879,1628
5959.410006,830,1631
5959.415006,841,1631
5959.420007,858,1633
5959.425006,865,1634
5959.430006,824,1637
5959.435006,870,1634
5959.440006,862,1635
5959.445005,820,1638
5959.450006,846,1637
5959.455007,881,1634
5959.460006,834,1636
5959.465006,843,1637
5959.470007,870,1633
5959.475005,849,1641
5959.480006,842,1634
5959.485006,858,1634
5959.490006,870,1628
5959.495006,827,1632
5959.500007,847,1631
5959.505007,871,1631
5959.510007,834,1631
5959.515006,827,1631
5959.520006,858,1632
5959.525005,867,1627
5959.530006,821,1625
5959.535005,863,1621
5959.540006,872,1620
5959.545006,825,1619
5959.550006,832,1609
5959.555007,855,1620
5959.560005,846,1616
5959.565007,829,1619
5959.570005,860,1619
5959.575005,867,1619
5959.580006,824,1622
5959.585007,849,1617
5959.590006,864,1620
5959.595006,829,1620
5959.600007,840,1620
5959.605007,860,1622
5959.610006,850,1615
5959.615006,827,1624
5959.620006,858,1626
5959.625006,858,1621
5959.630007,820,1626
5959.635006,864,1620
5959.640007,852,1623
5959.645007,836,1621
5959.650007,843,1615
5959.655007,859,1620
5959.660006,849,1614
5959.665006,828,1614
5959.670007,859,1616
5959.675005,864,1613
5959.680006,832,1608
5959.685005,852,1611
5959.690006,851,1607
5959.695005,821,1606
5959.700006,850,1603
5959.705006,865,1601
5959.710006,835,1595
5959.715006,825,1599
5959.720007,878,1593
5959.725005,850,1592
5959.730006,835,1591
5959.735005,842,1589
5959.740005,854,1578
5959.745005,824,1584
5959.750005,839,1584
5959.755005,859,1582
5959.760005,829,1584
5959.765006,843,1580
5959.770005,863,1579
5959.775006,845,1581
5959.780005,829,1577
5959.785005,858,1569
5959.790005,848,1576
5959.795005,824,1573
5959.800006,825,1569
5959.805007,870,1564
5959.810005,827,1566
5959.815006,837,1561
5959.820006,849,1562
5959.825006,848,1557
5959.830007,830,1553
5959.835005,844,1549
5959.840006,861,1553
5959.845007,831,1547
5959.850006,827,1547
5959.855005,857,1544
5959.860007,844,1540
5959.865007,815,1547
5959.870006,864,1540
5959.875007,837,1545
5959.880005,831,1541
5959.885005,843,1544
5959.890007,847,1544
5959.895006,825,1546
5959.900005,821,1546
5959.905007,872,1546
5959.910007,829,1548
5959.915006,839,1546
5959.920006,866,1549
5959.925007,838,1552
5959.930005,825,1552
5959.935007,840,1553
5959.940007,855,1557
5959.945007,813,1556
5959.950006,847,1556
5959.955006,860,1557
5959.960006,832,1564
5959.965007,833,1562
5959.970006,851,1566
5959.975005,857,1564
5959.980006,812,1563
5959.985006,856,1567
5959.990005,848,1569
5959.995006,838,1566
5960.000006,838,1570
5960.005006,854,1575
5960.010005,849,1573
5960.015006,826,1574
5960.020005,860,1578
5960.025006,846,1577
5960.030006,815,1579
5960.035005,854,1581
5960.040006,849,1582
5960.045006,834,1581
5960.050007,828,1584
5960.055006,857,1586
5960.060005,849,1586
5960.065007,831,1590
5960.070006,849,1591
5960.075005,859,1594
5960.080005,816,1596
5960.085005,863,1592
5960.090005,859,1594
5960.095007,817,1597
5960.100006,843,1594
5960.105005,850,1596
5960.110006,829,1602
5960.115006,835,1597
5960.120005,869,1597
5960.125005,842,1604
5960.130005,841,1598
5960.135005,849,1601
5960.140006,855,1605
5960.145007,841,1600
5960.150007,832,1602
5960.155006,874,1604
5960.160006,833,1601
5960.165006,838,1601
5960.170006,861,1604
5960.175007,854,1605
5960.180006,817,1607
5960.185006,843,1605
5960.190006,864,1604
5960.195005,834,1603
5960.200005,833,1604
5960.205006,868,1604
5960.210007,836,1606
5960.215006,844,1606
5960.220007,868,1605
5960.225006,847,1605
5960.230005,824,1607
5960.235006,862,1608
5960.240006,857,1608
5960.245007,840,1604
5960.250006,836,1608
5960.255006,872,1606
5960.260006,842,1608
5960.265006,843,1605
5960.270006,866,1608
5960.275005,853,1604
5960.280006,829,1599
5960.285006,854,1599
5960.290006,854,1603
5960.295006,831,1601
5960.300006,827,1601
5960.305006,877,1599
5960.310005,829,1602
5960.315007,837,1601
5960.320006,860,1599
5960.325006,866,1601
5960.330006,818,1602
5960.335007,860,1600
5960.340005,850,1602
5960.345006,829,1600
5960.350006,841,1600
5960.355006,856,1601
5960.360006,853,1602
5960.365005,829,1603
5960.370006,853,1609
5960.375007,848,1604
5960.380005,820,1607
5960.385005,852,1603
5960.390006,871,1605
5960.395006,840,1605
5960.400005,828,1603
5960.405006,869,1597
5960.410005,832,1603
5960.415005,818,1608
5960.420006,869,1603
5960.425007,856,1601
5960.430006,815,1605
5960.435006,846,1602
5960.440005,853,1605
5960.445005,827,1605
5960.450006,849,1600
5960.455006,856,1603
5960.460006,845,1602
5960.465006,836,1599
5960.470007,853,1601
5960.475006,845,1601
5960.480006,822,1602
5960.485005,862,1604
5960.490005,862,1603
5960.495005,823,1601
5960.500005,825,1604
5960.505005,875,1601
5960.510006,839,1599
5960.515005,839,1599
5960.520006,861,1599
5960.525005,844,1602
5960.530007,836,1599
5960.535007,842,1601
5960.540007,863,1601
5960.545005,822,1593
5960.550005,842,1595
5960.555006,857,1600
5960.560006,844,1603
5960.565005,832,1601
5960.570006,874,1601
5960.575005,849,1601
5960.580005,832,1596
5960.585005,839,1596
5960.590005,866,1599
5960.595006,834,1598
5960.600006,822,1600
5960.605005,870,1596
5960.610006,828,1600
5960.615006,830,1600
5960.620006,877,1597
5960.625006,865,1596
5960.630007,819,1600
5960.635005,838,1604
5960.640006,861,1599
5960.645005,821,1600
5960.650007,848,1595
5960.655006,858,1599
5960.660006,850,1600
5960.665006,822,1597
5960.670006,850,1595
5960.675006,849,1592
5960.680006,832,1591
5960.685005,837,1587
5960.690006,846,1589
5960.695007,834,1586
5960.700006,825,1584
5960.705006,850,1585
5960.710006,845,1581
5960.715006,826,1580
5960.720006,869,1582
5960.725005,843,1582
5960.730007,821,1584
5960.735006,859,1581
5960.740006,864,1582
5960.745005,816,1586
5960.750005,841,1585
5960.755006,864,1572
5960.760006,831,1588
5960.765006,829,1581
5960.770005,857,1586
5960.775006,846,1589
5960.780005,834,1589
5960.785005,835,1594
5960.790005,856,1579
5960.795005,827,1589
5960.800005,821,1591
5960.805005,867,1592
5960.810006,828,1589
5960.815007,832,1589
5960.820007,863,1589
5960.825007,862,1587
5960.830006,822,1592
5960.835006,858,1585
5960.840006,858,1588
5960.845006,816,1592
5960.850005,842,1589
5960.855006,854,1592
5960.860006,847,1590
5960.865006,831,1597
5960.870006,871,1596
5960.875007,848,1597
5960.880006,828,1606
5960.885007,861,1599
5960.890005,856,1603
5960.895007,830,1602
5960.900006,826,1606
5960.905006,877,1604
5960.910005,843,1605
5960.915005,823,1608
5960.920006,864,1609
5960.925006,865,1603
5960.930006,822,1606
5960.935006,852,1609
5960.940006,858,1608
5960.945005,837,1609
5960.950006,833,1602
5960.955006,861,1610
5960.960006,834,1612
5960.965006,830,1611
5960.970007,860,1611
5960.975006,848,1614
5960.980005,837,1612
5960.985007,840,1617
5960.990006,868,1611
5960.995005,831,1612
5961.000005,830,1615
5961.005005,866,1614
5961.010005,830,1613
5961.015007,840,1611
5961.020005,861,1614
5961.025007,860,1617
5961.030007,833,1612
5961.035007,848,1616
5961.040006,854,1615
5961.045006,843,1615
5961.050006,827,1616
5961.055006,879,1613
5961.060005,841,1616
5961.065007,827,1614
5961.070006,876,1613
5961.075006,853,1616
5961.080007,833,1613
5961.085006,848,1612
5961.090006,852,1614
5961.095006,833,1615
5961.100005,831,1617
5961.105007,866,1614
5961.110007,853,1611
5961.115006,849,1612
5961.120005,862,1616
5961.125005,863,1614
5961.130006,821,1616
5961.135007,855,1612
5961.140007,865,1613
5961.145006,821,1614
5961.150006,844,1610
5961.155006,862,1613
5961.160005,833,1614
5961.165006,836,1614
5961.170006,863,1612
5961.175006,863,1610
5961.180007,830,1605
5961.185005,841,1614
5961.190006,863,1612
5961.195005,835,1608
5961.200005,837,1613
5961.205005,857,1615
5961.210005,851,1611
5961.215005,831,1610
5961.220006,853,1612
5961.225006,866,1609
5961.230006,823,1608
5961.235005,861,1608
5961.240006,854,1608
5961.245006,817,1608
5961.250007,842,1596
5961.255007,861,1603
5961.260007,850,1605
5961.265005,828,1602
5961.270006,870,1601
5961.275007,861,1604
5961.280006,816,1604
5961.285005,838,1602
5961.290005,853,1601
5961.295005,836,1600
5961.300006,839,1598
5961.305006,862,1597
5961.310006,845,1593
5961.315005,842,1596
5961.320007,859,1593
5961.325006,845,1598
5961.330007,835,1595
5961.335005,844,1596
5961.340005,871,1592
5961.345007,823,1594
5961.350005,830,1594
5961.355006,863,1599
5961.360007,852,1590
5961.365006,841,1594
5961.370005,872,1591
5961.375006,847,1597
5961.380005,830,1591
5961.385005,838,1596
5961.390006,854,1594
5961.395007,831,1589
5961.400006,837,1586
5961.405007,871,1593
5961.410005,837,1594
5961.415005,835,1589
5961.420005,865,1597
5961.425005,847,1599
5961.430007,838,1598
5961.435007,848,1596
5961.440007,857,1583
5961.445006,829,1594
5961.450007,824,1603
5961.455007,873,1602
5961.460006,844,1600
5961.465006,824,1601
5961.470006,879,1601
5961.475005,848,1601
5961.480007,838,1600
5961.485007,861,1600
5961.490007,858,1603
5961.495005,841,1602
5961.500005,831,1605
5961.505005,873,1606
5961.510006,855,1605
5961.515006,833,1597
5961.520005,869,1609
5961.525006,847,1611
5961.530006,839,1608
5961.535005,845,1611
5961.540006,872,1612
5961.545007,826,1611
5961.550006,846,1614
5961.555006,858,1612
5961.560005,854,1611
5961.565006,831,1612
5961.570006,856,1616
5961.575006,867,1614
5961.580007,834,1612
5961.585006,849,1615
5961.590006,878,1614
5961.595006,827,1616
5961.600005,833,1619
5961.605007,859,1619
5961.610007,853,1614
5961.615006,847,1613
5961.620006,869,1619
5961.625007,857,1619
5961.630005,819,1621
5961.635005,858,1611
5961.640006,875,1617
5961.645005,819,1624
5961.650007,838,1618
5961.655006,863,1619
5961.660007,860,1619
5961.665006,831,1618
5961.670006,858,1620
5961.675006,864,1620
5961.680007,828,1617
5961.685006,855,1617
5961.690005,858,1621
5961.695006,843,1614
5961.700006,843,1616
5961.705007,866,1604
5961.710007,853,1614
5961.715006,830,1615
5961.720006,875,1616
5961.725006,859,1614
5961.730005,844,1614
5961.735006,841,1619
5961.740005,876,1616
5961.745005,832,1617
5961.750005,845,1616
5961.755005,883,1617
5961.760005,843,1621
5961.765006,844,1620
5961.770007,868,1619
5961.775006,855,1621
5961.780005,837,1613
5961.785005,849,1620
5961.790006,876,1621
5961.795006,832,1620
5961.800005,832,1620
5961.805006,864,1619
5961.810007,837,1619
5961.815007,840,1617
5961.820006,856,1619
5961.825006,866,1614
5961.830007,833,1616
5961.835006,844,1615
5961.840007,867,1613
5961.845005,824,1612
5961.850007,840,1613
5961.855007,858,1614
5961.860006,844,1614
5961.865007,828,1615
5961.870006,876,1611
5961.875006,852,1611
5961.880005,830,1612
5961.885005,865,1609
5961.890005,860,1610
5961.895007,842,1606
5961.900006,827,1611
5961.905006,874,1603
5961.910005,849,1604
5961.915005,827,1605
5961.920005,856,1609
5961.925005,867,1605
5961.930006,830,1603
5961.935006,850,1594
5961.940005,867,1597
5961.945006,834,1603
5961.950006,840,1604
5961.955006,870,1605
5961.960006,838,1606
5961.965006,836,1608
5961.970007,853,1608
5961.975006,864,1610
5961.980005,819,1609
5961.985006,844,1609
5961.990005,877,1611
5961.995005,822,1612
5962.000006,841,1614
5962.005006,876,1615
5962.010006,842,1614
5962.015006,847,1616
5962.020006,863,1618
5962.025006,848,1620
5962.030006,823,1620
5962.035006,859,1617
5962.040006,860,1620
5962.045007,835,1620
5962.050005,833,1620
5962.055006,883,1619
5962.060006,845,1622
5962.065006,834,1621
5962.070005,872,1619
5962.075005,852,1623
5962.080006,834,1626
5962.085006,844,1621
5962.090007,853,1624
5962.095006,841,1622
5962.100006,845,1621
5962.105005,863,1623
5962.110006,858,1612
5962.115006,834,1621
5962.120005,866,1620
5962.125005,854,1620
5962.130005,838,1619
5962.135005,853,1617
5962.140007,857,1621
5962.145007,839,1620
5962.150007,832,1620
5962.155007,879,1621
5962.160006,843,1622
5962.165006,832,1613
5962.170006,874,1625
5962.175007,851,1632
5962.180007,838,1624
5962.185005,853,1633
5962.190006,856,1636
5962.195007,831,1634
5962.200007,832,1636
5962.205006,872,1636
5962.210006,850,1639
5962.215006,844,1634
5962.220006,870,1635
5962.225006,852,1641
5962.230005,837,1630
5962.235007,852,1637
5962.240006,861,1636
5962.245007,843,1631
5962.250007,850,1628
5962.255006,863,1633
5962.260006,839,1635
5962.265006,843,1632
5962.270005,866,1629
5962.275007,870,1630
5962.280006,838,1629
5962.285006,844,1631
5962.290006,873,1625
5962.295006,840,1622
5962.300007,844,1629
5962.305006,869,1616
5962.310006,849,1626
5962.315005,838,1625
5962.320006,866,1622
5962.325006,853,1621
5962.330007,821,1622
5962.335006,862,1615
5962.340006,867,1623
5962.345007,829,1615
5962.350006,840,1622
5962.355005,882,1627
5962.360007,845,1622
5962.365006,844,1621
5962.370006,874,1621
5962.375006,857,1623
5962.380006,834,1618
5962.385006,837,1625
5962.390007,874,1624
5962.395005,829,1628
5962.400006,850,1622
5962.405006,865,1623
5962.410005,865,1618
5962.415005,826,1624
5962.420005,872,1620
5962.425005,850,1621
5962.430006,833,1620
5962.435006,845,1625
5962.440006,873,1614
5962.445005,836,1619
5962.450005,827,1618
5962.455005,874,1614
5962.460005,848,1614
5962.465006,828,1607
5962.470006,864,1612
5962.475005,852,1613
5962.480006,838,1612
5962.485005,837,1615
5962.490005,869,1611
5962.495005,833,1611
5962.500005,848,1614
5962.505005,867,1610
5962.510005,847,1608
5962.515007,841,1606
5962.520006,864,1606
5962.525005,853,1607
5962.530006,817,1607
5962.535006,862,1605
5962.540006,857,1603
5962.545006,837,1599
5962.550007,834,1598
5962.555006,858,1605
5962.560006,844,1601
5962.565005,843,1601
5962.570007,854,1600
5962.575006,871,1598
5962.580007,832,1597
5962.585005,842,1597
5962.590005,859,1597
5962.595006,825,1601
5962.600006,831,1598
5962.605006,876,1594
5962.610007,837,1602
5962.615006,829,1600
5962.620006,877,1600
5962.625007,853,1597
5962.630006,817,1605
5962.635007,843,1594
5962.640005,862,1599
5962.645007,822,1602
5962.650006,827,1601
5962.655006,878,1602
5962.660006,842,1600
5962.665006,824,1603
5962.670007,866,1602
5962.675005,852,1601
5962.680006,826,1587
5962.685006,849,1596
5962.690005,854,1599
5962.695006,832,1597
5962.700005,832,1596
5962.705005,858,1596
5962.710006,860,1586
5962.715006,836,1590
5962.720006,854,1592
5962.725006,845,1583
5962.730006,826,1587
5962.735006,851,1582
5962.740005,857,1584
5962.745005,840,1581
5962.750005,842,1581
5962.755005,857,1580
5962.760006,857,1576
5962.765006,834,1576
5962.770006,851,1574
5962.775006,864,1570
5962.780005,826,1561
5962.785006,828,1571
5962.790006,867,1570
5962.795005,822,1555
5962.800005,828,1569
5962.805006,852,1568
5962.810005,859,1566
5962.815006,816,1567
5962.820006,849,1565
5962.825005,851,1566
5962.830006,815,1564
5962.835007,837,1564
5962.840007,855,1566
5962.845006,826,1557
5962.850005,834,1563
5962.855006,861,1567
5962.860006,840,1568
5962.865006,838,1562
5962.870006,857,1570
5962.875006,841,1572
5962.880007,834,1572
5962.885006,844,1572
5962.890007,846,1577
5962.895007,833,1576
5962.900007,821,1581
5962.905007,859,1581
5962.910006,853,1580
5962.915007,827,1578
5962.920005,855,1582
5962.925006,844,1585
5962.930007,825,1584
5962.935007,853,1586
5962.940007,868,1581
5962.945006,827,1584
5962.950006,828,1586
5962.955007,877,1580
5962.960005,858,1583
5962.965005,823,1584
5962.970006,849,1588
5962.975005,855,1588
5962.980007,839,1585
5962.985006,837,1586
5962.990005,862,1588
5962.995005,837,1587
5963.000005,830,1588
5963.005006,872,1589
5963.010006,841,1593
5963.015006,821,1594
5963.020007,862,1590
5963.025006,855,1595
5963.030005,824,1589
5963.035006,842,1595
5963.040006,854,1601
5963.045006,836,1598
5963.050006,836,1599
5963.055007,857,1608
5963.060006,850,1604
5963.065005,845,1601
5963.070006,865,1606
5963.075005,848,1609
5963.080006,835,1602
5963.085006,837,1606
5963.090005,875,1609
5963.095007,828,1609
5963.100005,835,1607
5963.105006,879,1607
5963.110006,853,1597
5963.115006,828,1608
5963.120005,870,1605
5963.125005,856,1598
5963.130006,828,1605
5963.135006,850,1609
5963.140006,870,1599
5963.145005,834,1609
5963.150006,829,1608
5963.155006,876,1605
5963.160006,840,1610
5963.165007,838,1607
5963.170005,855,1608
5963.175006,872,1608
5963.180006,822,1606
5963.185005,838,1606
5963.190006,852,1611
5963.195005,850,1602
5963.200005,845,1604
5963.205005,862,1606
5963.210005,843,1605
5963.215006,827,1605
5963.220006,861,1605
5963.225007,848,1609
5963.230006,838,1604
5963.235005,851,1603
5963.240005,862,1607
5963.245005,837,1606
5963.250006,832,1609
5963.255006,857,1609
5963.260007,861,1608
5963.265007,839,1600
5963.270006,861,1607
5963.275005,865,1601
5963.280007,825,1608
5963.285006,835,1608
5963.290007,874,1605
5963.295006,821,1609
5963.300007,829,1602
5963.305007,864,1607
5963.310005,853,1609
5963.315007,821,1607
5963.320007,863,1603
5963.325006,864,1602
5963.330006,817,1604
5963.335006,848,1604
5963.340006,878,1603
5963.345006,818,1604
5963.350005,834,1598
5963.355005,861,1601
5963.360007,839,1609
5963.365007,837,1599
5963.370006,857,1600
5963.375006,863,1597
5963.380007,817,1599
5963.385007,841,1597
5963.390005,872,1594
5963.395007,838,1595
5963.400006,842,1594
5963.405006,868,1593
5963.410006,849,1595
5963.415006,826,1591
5963.420006,853,1592
5963.425006,862,1592
5963.430006,820,1595
5963.435006,848,1596
5963.440005,866,1592
5963.445006,821,1598
5963.450005,840,1587
5963.455006,858,1598
5963.460007,848,1600
5963.465005,818,1600
5963.470006,863,1605
5963.475006,852,1604
5963.480006,832,1609
5963.485005,843,1605
5963.490006,868,1614
5963.495005,822,1619
5963.500006,833,1619
5963.505007,868,1620
5963.510005,845,1627
5963.515006,830,1628
5963.520005,866,1635
5963.525006,852,1627
5963.530006,832,1631
5963.535005,856,1631
5963.540006,866,1637
5963.545006,825,1643
5963.550006,839,1640
5963.555006,863,1637
5963.560005,864,1640
5963.565006,830,1642
5963.570005,874,1644
5963.575005,854,1640
5963.580005,841,1640
5963.585006,832,1637
5963.590006,869,1633
5963.595006,850,1628
5963.600006,837,1629
5963.605005,857,1632
5963.610007,852,1627
5963.615007,836,1626
5963.620006,853,1628
5963.625007,864,1625
5963.630007,841,1625
5963.635005,833,1629
5963.640007,856,1626
5963.645005,835,1621
5963.650007,845,1628
5963.655005,875,1628
5963.660005,852,1629
5963.665006,821,1635
5963.670006,870,1632
5963.675007,856,1632
5963.680005,838,1631
5963.685006,842,1635
5963.690006,861,1636
5963.695007,842,1639
5963.700007,827,1636
5963.705007,877,1636
5963.710006,855,1638
5963.715006,847,1638
5963.720007,860,1636
5963.725005,875,1636
5963.730006,834,1634
5963.735005,849,1633
5963.740006,873,1636
5963.745005,833,1632
5963.750006,830,1633
5963.755007,863,1634
5963.760006,850,1631
5963.765006,824,1624
5963.770007,873,1629
5963.775006,852,1631
5963.780007,843,1627
5963.785006,841,1629
5963.790006,875,1623
5963.795006,835,1625
5963.800006,829,1624
5963.805006,871,1622
5963.810007,849,1621
5963.815007,837,1617
5963.820006,868,1615
5963.825005,854,1614
5963.830005,840,1612
5963.835006,836,1613
5963.840007,869,1607
5963.845006,824,1611
5963.850006,834,1606
5963.855006,877,1604
5963.860006,855,1603
5963.865006,817,1602
5963.870005,854,1598
5963.875005,850,1599
5963.880005,836,1596
5963.885005,841,1595
5963.890006,854,1595
5963.895006,841,1591
5963.900006,825,1593
5963.905005,855,1593
5963.910006,857,1589
5963.915006,828,1587
5963.920007,849,1580
5963.925006,854,1586
5963.930006,820,1588
5963.935006,846,1584
5963.940006,868,1584
5963.945005,820,1587
5963.950005,836,1583
5963.955005,854,1588
5963.960005,856,1582
5963.965006,820,1587
5963.970007,849,1585
5963.975005,870,1580
5963.980006,823,1581
5963.985005,825,1581
5963.990006,858,1582
5963.995006,821,1584
5964.000007,839,1583
5964.005005,859,1584
5964.010005,863,1584
5964.015007,834,1584
5964.020007,859,1584
5964.025006,847,1589
5964.030006,830,1585
5964.035006,836,1582
5964.040006,848,1587
5964.045007,827,1584
5964.050005,842,1587
5964.055006,864,1583
5964.060006,847,1584
5964.065006,813,1590
5964.070006,864,1582
5964.075005,852,1588
5964.080006,831,1584
5964.085006,829,1588
5964.090007,870,1584
5964.095005,837,1590
5964.100007,829,1590
5964.105007,863,1592
5964.110006,841,1595
5964.115006,835,1593
5964.120005,857,1596
5964.125005,853,1594
5964.130006,836,1594
5964.135007,826,1600
5964.140006,867,1599
5964.145006,834,1598
5964.150005,827,1602
5964.155007,870,1594
5964.160006,852,1604
5964.165006,825,1598
5964.170007,852,1606
5964.175005,849,1612
5964.180006,819,1613
5964.185006,833,1614
5964.190005,862,1614
5964.195006,849,1615
5964.200006,842,1620
5964.205006,866,1620
5964.210006,852,1624
5964.215006,824,1622
5964.220006,874,1623
5964.225007,848,1626
5964.230007,842,1623
5964.235006,845,1627
5964.240005,864,1628
5964.245005,836,1627
5964.250005,825,1632
5964.255005,878,1629
5964.260006,848,1631
5964.265007,843,1629
5964.270005,862,1632
5964.275007,845,1634
5964.280007,835,1631
5964.285005,837,1631
5964.290005,857,1634
5964.295005,839,1632
5964.300006,842,1630
5964.305007,875,1633
5964.310006,858,1638
5964.315005,828,1626
5964.320007,859,1635
5964.325007,866,1635
5964.330007,835,1640
5964.335005,841,1632
5964.340006,866,1637
5964.345007,828,1643
5964.350006,828,1637
5964.355006,878,1641
5964.360005,850,1640
5964.365006,824,1643
5964.370006,872,1639
5964.375007,856,1644
5964.380006,824,1641
5964.385006,846,1636
5964.390006,876,1639
5964.395006,829,1637
5964.400006,848,1634
5964.405006,857,1632
5964.410005,849,1637
5964.415005,836,1636
5964.420006,859,1633
5964.425006,849,1632
5964.430007,838,1631
5964.435006,832,1634
5964.440005,867,1633
5964.445006,840,1631
5964.450007,850,1631
5964.455006,867,1627
5964.460007,869,1624
5964.465005,827,1628
5964.470007,849,1626
5964.475006,858,1622
5964.480005,840,1623
5964.485006,838,1622
5964.490006,857,1622
5964.495005,843,1611
5964.500006,843,1619
5964.505006,864,1616
5964.510006,845,1618
5964.515006,822,1607
5964.520006,863,1614
5964.525006,853,1611
5964.530005,837,1607
5964.535005,831,1613
5964.540006,871,1604
5964.545005,830,1609
5964.550006,838,1604
5964.555007,869,1603
5964.560006,847,1604
5964.565006,838,1603
5964.570005,856,1601
5964.575006,853,1603
5964.580006,836,1602
5964.585007,830,1602
5964.590006,855,1599
5964.595006,839,1598
5964.600007,831,1599
5964.605007,856,1600
5964.610006,860,1595
5964.615006,819,1602
5964.620006,862,1595
5964.625007,851,1586
5964.630005,831,1595
5964.635006,828,1595
5964.640006,877,1593
5964.645006,840,1590
5964.650006,825,1593
5964.655005,865,1591
5964.660005,849,1593
5964.665006,816,1591
5964.670006,848,1590
5964.675007,870,1587
5964.680007,833,1593
5964.685006,827,1590
5964.690005,869,1593
5964.695007,831,1590
5964.700005,835,1591
5964.705005,858,1593
5964.710006,864,1592
5964.715006,819,1592
5964.720006,844,1595
5964.725006,871,1590
5964.730006,820,1595
5964.735005,842,1595
5964.740005,856,1595
5964.745006,850,1593
5964.750006,826,1599
5964.755007,863,1593
5964.760005,860,1602
5964.765007,818,1601
5964.770006,865,1605
5964.775005,849,1603
5964.780006,815,1605
5964.785005,843,1603
5964.790005,864,1604
5964.795005,834,1602
5964.800005,826,1605
5964.805006,882,1598
5964.810006,856,1606
5964.815005,823,1605
5964.820007,870,1603
5964.825007,859,1603
5964.830006,834,1604
5964.835007,826,1606
5964.840005,870,1607
5964.845006,834,1608
5964.850006,843,1607
5964.855006,865,1611
5964.860006,847,1611
5964.865005,843,1606
5964.870006,854,1606
5964.875007,858,1606
5964.880006,818,1610
5964.885006,852,1610
5964.890007,872,1604
5964.895006,848,1605
5964.900005,827,1612
5964.905007,864,1606
5964.910006,850,1605
5964.915006,837,1606
5964.920006,858,1604
5964.925007,857,1591
5964.930006,824,1607
5964.935005,843,1608
5964.940007,856,1609
5964.945007,843,1608
5964.950006,829,1610
5964.955006,858,1613
5964.960006,858,1613
5964.965006,824,1612
5964.970007,873,1608
5964.975006,860,1613
5964.980005,821,1618
5964.985007,850,1617
5964.990006,862,1616
5964.995007,833,1609
5965.000006,831,1628
5965.005006,866,1620
5965.010006,849,1624
5965.015007,838,1624
5965.020006,857,1626
5965.025006,852,1626
5965.030005,835,1623
5965.035006,835,1627
5965.040006,879,1622
5965.045007,840,1630
5965.050006,851,1624
5965.055006,866,1628
5965.060006,849,1627
5965.065005,845,1627
5965.070007,856,1627
5965.075007,875,1625
5965.080006,839,1620
5965.085005,842,1627
5965.090005,865,1627
5965.095006,837,1627
5965.100006,843,1618
5965.105007,877,1624
5965.110005,855,1625
5965.115006,822,1631
5965.120005,871,1621
5965.125005,874,1623
5965.130005,817,1624
5965.135006,843,1624
5965.140007,864,1625
5965.145005,842,1625
5965.150007,847,1625
5965.155006,863,1625
5965.160006,854,1626
5965.165006,821,1630
5965.170006,866,1628
5965.175006,859,1628
5965.180006,844,1630
5965.185006,836,1630
5965.190006,874,1628
5965.195005,831,1628
5965.200006,834,1624
5965.205006,873,1627
5965.210006,877,1621
5965.215006,838,1628
5965.220006,869,1625
5965.225006,869,1627
5965.230006,818,1627
5965.235006,836,1622
5965.240006,873,1619
5965.245005,832,1623
5965.250006,835,1621
5965.255007,879,1622
5965.260006,857,1619
5965.265006,819,1625
5965.270006,865,1618
5965.275005,858,1619
5965.280006,833,1616
5965.285006,848,1615
5965.290007,878,1614
5965.295006,825,1615
5965.300007,829,1612
5965.305006,872,1612
5965.310005,855,1613
5965.315007,837,1603
5965.320006,850,1610
5965.325005,869,1610
5965.330006,820,1610
5965.335007,830,1605
5965.340007,881,1606
5965.345006,830,1609
5965.350006,840,1602
5965.355006,861,1602
5965.360006,873,1599
5965.365006,830,1599
5965.370005,872,1599
5965.375006,861,1599
5965.380006,821,1600
5965.385007,849,1600
5965.390005,853,1600
5965.395007,830,1602
5965.400006,843,1599
5965.405005,876,1600
5965.410006,846,1603
5965.415006,828,1598
5965.420005,861,1602
5965.425005,860,1601
5965.430007,824,1594
5965.435005,827,1599
5965.440006,874,1601
5965.445005,829,1603
5965.450005,833,1603
5965.455005,877,1607
5965.460006,850,1606
5965.465006,836,1604
5965.470007,862,1599
5965.475006,852,1607
5965.480005,837,1608
5965.485007,834,1605
5965.490006,880,1608
5965.495005,839,1610
5965.500006,825,1611
5965.505006,878,1609
5965.510006,851,1611
5965.515006,834,1610
5965.520005,848,1617
5965.525006,867,1611
5965.530007,841,1609
5965.535006,850,1613
5965.540005,864,1612
5965.545005,840,1614
5965.550006,840,1608
5965.555007,863,1614
5965.560006,870,1615
5965.565006,829,1619
5965.570005,862,1619
5965.575006,864,1623
5965.580007,837,1620
5965.585005,837,1621
5965.590005,871,1621
5965.595007,843,1622
5965.600006,848,1617
5965.605006,862,1622
5965.610006,846,1622
5965.615005,818,1622
5965.620006,861,1620
5965.625006,852,1624
5965.630007,839,1616
5965.635006,834,1622
5965.640007,854,1618
5965.645006,840,1614
5965.650005,828,1617
5965.655006,877,1614
5965.660006,846,1617
5965.665006,827,1611
5965.670007,855,1602
5965.675005,858,1610
5965.680006,838,1609
5965.685005,841,1606
5965.690007,870,1607
5965.695006,846,1608
5965.700006,824,1609
5965.705006,869,1607
5965.710006,848,1609
5965.715006,831,1609
5965.720006,849,1606
5965.725006,870,1611
5965.730005,820,1615
5965.735006,841,1614
5965.740006,856,1616
5965.745005,847,1613
5965.750005,819,1617
5965.755006,859,1617
5965.760006,844,1611
5965.765006,840,1613
5965.770005,850,1617
5965.775006,847,1613
5965.780005,837,1614
5965.785005,844,1612
5965.790005,863,1614
5965.795005,846,1611
5965.800005,835,1614
5965.805006,859,1611
5965.810006,859,1600
5965.815006,827,1609
5965.820005,847,1612
5965.825005,857,1599
5965.830005,825,1611
5965.835005,832,1611
5965.840006,862,1609
5965.845006,831,1612
5965.850005,841,1608
5965.855007,856,1608
5965.860006,864,1609
5965.865005,822,1606
5965.870005,850,1604
5965.875005,859,1608
5965.880006,817,1607
5965.885006,848,1606
5965.890006,856,1609
5965.895006,841,1604
5965.900005,825,1608
5965.905006,870,1605
5965.910005,854,1608
5965.915006,840,1603
5965.920006,851,1605
5965.925006,860,1606
5965.930007,816,1608
5965.935006,843,1602
5965.940005,853,1606
5965.945007,837,1602
5965.950007,847,1598
5965.955007,857,1600
5965.960006,852,1596
5965.965006,833,1600
5965.970006,859,1599
5965.975006,859,1590
5965.980005,818,1597
5965.985007,840,1584
5965.990006,874,1597
5965.995005,828,1598
5966.000005,830,1597
5966.005005,851,1599
5966.010005,857,1598
5966.015006,836,1600
5966.020005,843,1599
5966.025006,869,1597
5966.030006,819,1600
5966.035006,844,1600
5966.040007,861,1592
5966.045006,832,1602
5966.050006,843,1602
5966.055006,862,1609
5966.060005,862,1596
5966.065006,827,1601
5966.070005,858,1601
5966.075005,861,1606
5966.080006,841,1606
5966.085006,836,1607
5966.090006,859,1607
5966.095006,848,1601
5966.100006,836,1607
5966.105005,874,1608
5966.110006,846,1614
5966.115006,823,1613
5966.120006,857,1612
5966.125006,873,1612
5966.130006,818,1614
5966.135007,835,1614
5966.140007,882,1610
5966.145005,834,1614
5966.150007,832,1616
5966.155007,869,1617
5966.160006,846,1617
5966.165006,826,1615
5966.170007,854,1614
5966.175005,858,1611
5966.180006,824,1615
5966.185007,853,1612
5966.190007,860,1616
5966.195007,835,1611
5966.200007,833,1613
5966.205006,874,1612
5966.210007,847,1608
5966.215005,822,1620
5966.220006,854,1613
5966.225005,874,1613
5966.230007,830,1619
5966.235005,829,1613
5966.240006,869,1619
5966.245005,852,1614
5966.250005,830,1614
5966.255005,873,1614
5966.260005,864,1612
5966.265006,828,1612
5966.270005,848,1612
5966.275007,852,1613
5966.280005,831,1608
5966.285005,834,1608
5966.290006,879,1608
5966.295006,841,1610
5966.300005,849,1607
5966.305007,862,1611
5966.310006,850,1611
5966.315005,827,1611
5966.320006,859,1604
5966.325006,857,1611
5966.330007,827,1613
5966.335006,832,1614
5966.340007,875,1611
5966.345006,832,1617
5966.350006,844,1618
5966.355005,863,1618
5966.360007,865,1620
5966.365007,827,1621
5966.370006,841,1627
5966.375006,853,1621
5966.380006,827,1625
5966.385007,843,1625
5966.390006,876,1623
5966.395005,844,1621
5966.400007,831,1625
5966.405007,859,1622
5966.410006,850,1623
5966.415006,841,1625
5966.420006,848,1626
5966.425007,853,1625
5966.430007,826,1627
5966.435005,844,1615
5966.440007,861,1625
5966.445007,854,1627
5966.450006,827,1628
5966.455005,866,1614
5966.460005,853,1628
5966.465006,824,1622
5966.470007,853,1628
5966.475006,858,1631
5966.480005,838,1628
5966.485006,838,1628
5966.490006,860,1634
5966.495006,844,1631
5966.500007,831,1628
5966.505006,869,1627
5966.510007,851,1624
5966.515006,829,1628
5966.520006,850,1617
5966.525005,863,1624
5966.530006,821,1626
5966.535006,849,1623
5966.540007,867,1621
5966.545005,842,1623
5966.550005,847,1619
5966.555007,866,1623
5966.560005,865,1618
5966.565007,819,1623
5966.570007,857,1615
5966.575005,854,1620
5966.580006,841,1615
5966.585006,844,1618
5966.590007,858,1618
5966.595006,838,1617
5966.600005,846,1615
5966.605006,858,1617
5966.610005,861,1605
5966.615005,826,1615
5966.620005,845,1613
5966.625005,860,1613
5966.630006,843,1610
5966.635006,833,1606
5966.640007,880,1612
5966.645007,836,1609
5966.650006,824,1609
5966.655006,870,1605
5966.660006,867,1605
5966.665007,823,1601
5966.670006,849,1604
5966.675007,869,1598
5966.680006,825,1597
5966.685006,848,1589
5966.690005,870,1590
5966.695006,831,1590
5966.700005,837,1593
5966.705006,852,1591
5966.710006,861,1588
5966.715007,815,1590
5966.720006,850,1589
5966.725006,850,1587
5966.730005,833,1584
5966.735006,830,1582
5966.740005,880,1578
5966.745005,849,1580
5966.750006,828,1579
5966.755005,853,1580
5966.760005,871,1573
5966.765005,824,1579
5966.770007,854,1575
5966.775007,854,1577
5966.780007,820,1576
5966.785006,828,1581
5966.790007,864,1576
5966.795005,846,1581
5966.800005,843,1573
5966.805007,861,1573
5966.810005,852,1569
5966.815006,814,1575
5966.820005,855,1569
5966.825006,860,1569
5966.830006,835,1566
5966.835006,827,1569
5966.840006,854,1567
5966.845006,849,1557
5966.850005,835,1569
5966.855006,869,1562
5966.860007,848,1568
5966.865006,836,1567
5966.870005,838,1568
5966.875005,856,1555
5966.880005,832,1565
5966.885006,826,1572
5966.890007,864,1567
5966.895007,836,1569
5966.900006,827,1571
5966.905006,865,1565
5966.910006,852,1572
5966.915006,817,1572
5966.920006,849,1572
5966.925006,854,1567
5966.930006,831,1572
5966.935005,841,1575
5966.940006,860,1575
5966.945006,832,1573
5966.950006,837,1575
5966.955007,850,1576
5966.960006,854,1574
5966.965006,831,1573
5966.970007,854,1572
5966.975006,861,1574
5966.980005,822,1571
5966.985007,822,1568
5966.990007,870,1570
5966.995005,830,1572
5967.000006,835,1572
5967.005007,859,1566
5967.010006,858,1564
5967.015006,826,1574
5967.020005,836,1574
5967.025006,872,1569
5967.030005,814,1578
5967.035006,845,1574
5967.040007,863,1576
5967.045007,830,1579
5967.050007,836,1577
5967.055006,854,1582
5967.060006,843,1575
5967.065005,813,1581
5967.070006,859,1578
5967.075005,866,1581
5967.080006,828,1581
5967.085007,826,1583
5967.090006,869,1582
5967.095006,829,1588
5967.100007,825,1587
5967.105006,877,1584
5967.110007,858,1587
5967.115006,814,1591
5967.120005,836,1592
5967.125005,873,1593
5967.130006,829,1591
5967.135007,842,1590
5967.140006,864,1598
5967.145005,854,1596
5967.150006,836,1601
5967.155006,852,1605
5967.160006,868,1603
5967.165007,825,1602
5967.170007,852,1608
5967.175007,851,1609
5967.180007,839,1608
5967.185006,830,1611
5967.190006,854,1614
5967.195005,845,1613
5967.200006,827,1614
5967.205006,856,1619
5967.210006,851,1619
5967.215007,841,1617
5967.220005,860,1619
5967.225006,866,1617
5967.230005,822,1621
5967.235006,854,1615
5967.240006,872,1620
5967.245006,854,1621
5967.250006,840,1619
5967.255006,852,1618
5967.260006,869,1621
5967.265007,834,1619
5967.270007,848,1621
5967.275006,854,1621
5967.280005,844,1619
5967.285005,840,1618
5967.290005,874,1621
5967.295005,853,1620
5967.300005,822,1622
5967.305006,856,1617
5967.310006,857,1621
5967.315007,821,1621
5967.320006,852,1619
5967.325007,859,1619
5967.330007,840,1616
5967.335006,844,1619
5967.340005,875,1619
5967.345006,844,1621
5967.350006,839,1611
5967.355005,863,1622
5967.360006,850,1624
5967.365005,836,1621
5967.370005,847,1624
5967.375005,857,1624
5967.380006,833,1622
5967.385006,829,1625
5967.390006,874,1621
5967.395006,846,1612
5967.400005,833,1623
5967.405007,857,1625
5967.410006,847,1627
5967.415006,828,1623
5967.420005,838,1626
5967.425005,866,1624
5967.430007,820,1631
5967.435006,832,1619
5967.440006,864,1627
5967.445006,856,1624
5967.450006,819,1628
5967.455007,861,1627
5967.460006,865,1624
5967.465006,826,1625
5967.470005,838,1624
5967.475007,865,1621
5967.480006,843,1617
5967.485005,829,1619
5967.490006,876,1617
5967.495006,847,1612
5967.500006,820,1620
5967.505007,867,1613
5967.510007,843,1616
5967.515006,833,1615
5967.520005,836,1615
5967.525007,850,1612
5967.530006,837,1615
5967.535005,826,1619
5967.540006,863,1614
5967.545006,842,1616
5967.550006,846,1617
5967.555006,868,1615
5967.560005,851,1616
5967.565007,843,1615
5967.570006,845,1618
5967.575005,857,1619
5967.580006,833,1618
5967.585007,848,1616
5967.590005,865,1618
5967.595006,834,1621
5967.600005,821,1619
5967.605007,866,1618
5967.610006,865,1618
5967.615007,820,1621
5967.620006,858,1619
5967.625007,861,1617
5967.630005,821,1618
5967.635006,840,1621
5967.640006,864,1620
5967.645005,838,1621
5967.650006,842,1620
5967.655005,870,1614
5967.660005,863,1622
5967.665006,819,1619
5967.670006,861,1616
5967.675007,862,1618
5967.680007,830,1616
5967.685006,831,1615
5967.690005,878,1617
5967.695007,854,1614
5967.700007,834,1611
5967.705006,852,1613
5967.710007,862,1597
5967.715007,833,1609
5967.720007,845,1604
5967.725006,868,1608
5967.730006,833,1607
5967.735006,828,1606
5967.740006,869,1608
5967.745005,841,1608
5967.750005,819,1611
5967.755006,873,1611
5967.760006,852,1611
5967.765006,820,1613
5967.770007,843,1611
5967.775007,857,1600
5967.780006,845,1608
5967.785005,845,1615
5967.790005,864,1613
5967.795006,836,1617
5967.800006,841,1611
5967.805005,861,1613
5967.810006,872,1611
5967.815006,818,1606
5967.820005,844,1611
5967.825005,860,1614
5967.830005,824,1614
5967.835005,848,1612
5967.840005,860,1615
5967.845006,853,1612
5967.850006,831,1611
5967.855005,858,1613
5967.860006,849,1610
5967.865007,837,1611
5967.870006,847,1610
5967.875007,856,1609
5967.880005,840,1608
5967.885005,826,1609
5967.890006,871,1603
5967.895005,855,1603
5967.900007,832,1601
5967.905006,853,1601
5967.910005,867,1602
5967.915005,840,1597
5967.920006,847,1598
5967.925006,861,1599
5967.930006,821,1597
5967.935005,841,1600
5967.940006,860,1599
5967.945006,840,1603
5967.950006,845,1599
5967.955006,861,1601
5967.960006,856,1602
5967.965007,817,1604
5967.970006,849,1604
5967.975005,860,1608
5967.980006,821,1612
5967.985007,839,1609
5967.990007,863,1611
5967.995006,857,1611
5968.000007,837,1613
5968.005006,854,1614
5968.010007,862,1605
5968.015005,837,1611
5968.020007,842,1612
5968.025006,872,1616
5968.030006,838,1613
5968.035005,826,1615
5968.040005,881,1610
5968.045005,851,1613
5968.050005,837,1603
5968.055006,862,1612
5968.060006,870,1616
5968.065005,827,1617
5968.070006,834,1619
5968.075006,874,1617
5968.080007,828,1621
5968.085006,837,1619
5968.090006,859,1627
5968.095007,856,1619
5968.100006,827,1618
5968.105005,869,1621
5968.110007,870,1625
5968.115006,834,1623
5968.120005,857,1621
5968.125005,861,1621
5968.130006,836,1621
5968.135007,832,1623
5968.140005,878,1623
5968.145006,848,1625
5968.150006,822,1629
5968.155006,863,1624
5968.160006,869,1621
5968.165006,823,1624
5968.170006,858,1626
5968.175006,862,1627
5968.180006,826,1628
5968.185005,844,1625
5968.190006,867,1629
5968.195006,855,1628
5968.200006,822,1627
5968.205005,871,1630
5968.210005,857,1626
5968.215005,840,1627
5968.220006,848,1625
5968.225006,854,1627
5968.230005,834,1625
5968.235006,852,1625
5968.240005,870,1624
5968.245006,838,1628
5968.250007,838,1622
5968.255006,858,1624
5968.260006,869,1622
5968.265006,817,1625
5968.270005,858,1620
5968.275006,862,1620
5968.280005,843,1617
5968.285005,828,1618
5968.290005,877,1614
5968.295006,847,1617
5968.300006,834,1613
5968.305007,854,1613
5968.310006,863,1609
5968.315006,825,1609
5968.320005,842,1612
5968.325006,858,1615
5968.330007,823,1604
5968.335005,842,1608
5968.340006,857,1615
5968.345007,857,1609
5968.350006,831,1606
5968.355005,852,1613
5968.360006,856,1612
5968.365006,821,1613
5968.370006,834,1610
5968.375006,874,1609
5968.380006,838,1613
5968.385006,831,1612
5968.390007,877,1618
5968.395006,843,1621
5968.400006,835,1610
5968.405005,874,1619
5968.410006,851,1623
5968.415006,836,1612
5968.420006,850,1621
5968.425006,875,1621
5968.430006,836,1619
5968.435005,834,1623
5968.440006,855,1626
5968.445007,839,1625
5968.450007,838,1623
5968.455005,870,1618
5968.460005,867,1620
5968.465006,818,1625
5968.470007,833,1623
5968.475007,857,1621
5968.480006,835,1622
5968.485006,827,1624
5968.490005,858,1629
5968.495006,862,1620
5968.500007,829,1623
5968.505006,854,1624
5968.510006,871,1619
5968.515006,832,1616
5968.520007,832,1619
5968.525006,861,1616
5968.530005,848,1613
5968.535005,835,1613
5968.540005,862,1614
5968.545005,861,1612
5968.550005,826,1614
5968.555006,874,1610
5968.560006,863,1614
5968.565006,820,1612
5968.570005,844,1614
5968.575005,860,1612
5968.580005,834,1610
5968.585006,832,1615
5968.590005,853,1616
5968.595007,856,1616
5968.600006,832,1614
5968.605006,859,1615
5968.610005,853,1616
5968.615005,824,1604
5968.620005,838,1612
5968.625005,872,1617
5968.630005,834,1616
5968.635005,829,1615
5968.640007,859,1616
5968.645006,841,1620
5968.650005,844,1615
5968.655006,860,1615
5968.660005,850,1620
5968.665005,843,1613
5968.670006,838,1615
5968.675007,878,1613
5968.680006,825,1616
5968.685006,825,1614
5968.690005,876,1613
5968.695006,853,1612
5968.700006,835,1609
5968.705007,848,1612
5968.710007,867,1611
5968.715005,831,1613
5968.720006,840,1604
5968.725005,868,1612
5968.730006,830,1614
5968.735006,829,1613
5968.740005,871,1613
5968.745006,848,1603
5968.750007,828,1614
5968.755006,860,1615
5968.760007,848,1617
5968.765006,819,1619
5968.770005,853,1610
5968.775007,859,1620
5968.780005,826,1626
5968.785005,847,1621
5968.790006,871,1622
5968.795006,850,1627
5968.800006,840,1627
5968.805006,872,1631
5968.810006,850,1633
5968.815005,843,1633
5968.820006,844,1636
5968.825006,876,1636
5968.830006,830,1639
5968.835006,851,1639
5968.840006,857,1645
5968.845006,845,1645
5968.850006,844,1645
5968.855005,858,1651
5968.860007,856,1648
5968.865006,841,1650
5968.870007,841,1651
5968.875006,877,1650
5968.880005,829,1656
5968.885006,831,1654
5968.890006,879,1656
5968.895006,850,1661
5968.900005,846,1658
5968.905006,869,1658
5968.910006,861,1662
5968.915006,827,1665
5968.920007,856,1666
5968.925006,868,1666
5968.930007,847,1667
5968.935006,829,1673
5968.940005,876,1669
5968.945006,853,1672
5968.950005,835,1665
5968.955005,868,1672
5968.960005,857,1676
5968.965005,836,1677
5968.970006,851,1674
5968.975005,876,1672
5968.980006,828,1673
5968.985005,841,1673
5968.990005,868,1669
5968.995005,852,1680
5969.000006,836,1670
5969.005006,864,1675
5969.010006,877,1673
5969.015006,830,1679
5969.020005,854,1678
5969.025007,864,1677
5969.030007,845,1678
5969.035006,836,1681
5969.040006,888,1680
5969.045007,856,1678
5969.050006,840,1683
5969.055006,868,1666
5969.060005,863,1681
5969.065007,842,1679
5969.070006,862,1673
5969.075006,873,1677
5969.080006,836,1676
5969.085006,834,1672
5969.090006,888,1668
5969.095006,861,1668
5969.100006,852,1660
5969.105006,858,1666
5969.110006,866,1662
5969.115005,840,1659
5969.120006,836,1657
5969.125005,865,1650
5969.130005,832,1654
5969.135005,840,1650
5969.140006,863,1651
5969.145006,856,1648
5969.150005,849,1643
5969.155006,865,1643
5969.160007,850,1643
5969.165006,829,1640
5969.170006,846,1639
5969.175007,880,1636
5969.180006,833,1638
5969.185006,832,1635
5969.190005,881,1631
5969.195006,849,1631
5969.200005,839,1629
5969.205006,863,1614
5969.210007,863,1627
5969.215006,831,1623
5969.220007,829,1623
5969.225006,869,1618
5969.230005,846,1612
5969.235007,836,1611
5969.240006,857,1600
5969.245005,854,1606
5969.250005,840,1603
5969.255005,864,1592
5969.260005,867,1594
5969.265006,833,1595
5969.270006,825,1594
5969.275006,860,1589
5969.280006,840,1592
5969.285005,823,1590
5969.290005,870,1586
5969.295005,839,1589
5969.300006,828,1586
5969.305007,862,1583
5969.310006,843,1585
5969.315005,822,1582
5969.320006,824,1586
5969.325006,859,1585
5969.330006,837,1585
5969.335006,840,1579
5969.340007,853,1585
5969.345006,857,1584
5969.350006,826,1583
5969.355005,865,1582
5969.360007,856,1585
5969.365007,830,1587
5969.370006,833,1586
5969.375006,849,1592
5969.380007,837,1588
5969.385005,827,1592
5969.390006,866,1590
5969.395006,847,1589
5969.400006,821,1592
5969.405006,865,1593
5969.410005,848,1596
5969.415005,837,1593
5969.420006,826,1596
5969.425006,879,1593
5969.430005,836,1594
5969.435006,823,1597
5969.440006,867,1595
5969.445005,848,1598
5969.450005,834,1599
5969.455005,847,1597
5969.460005,860,1598
5969.465005,820,1594
5969.470006,840,1594
5969.475006,871,1598
5969.480006,829,1599
5969.485005,849,1593
5969.490006,858,1600
5969.495005,849,1588
5969.500005,837,1595
5969.505005,854,1601
5969.510005,848,1602
5969.515007,826,1602
5969.520005,827,1604
5969.525006,862,1605
5969.530006,847,1601
5969.535006,826,1603
5969.540006,857,1599
5969.545006,860,1604
5969.550006,822,1607
5969.555006,865,1608
5969.560006,855,1610
5969.565006,833,1597
5969.570006,847,1606
5969.575006,860,1610
5969.580007,834,1607
5969.585006,844,1606
5969.590007,859,1610
5969.595005,859,1604
5969.600007,825,1603
5969.605007,850,1602
5969.610007,869,1597
5969.615007,821,1600
5969.620006,830,1599
5969.625007,873,1595
5969.630007,842,1592
5969.635006,829,1583
5969.640006,872,1593
5969.645006,859,1587
5969.650005,828,1587
5969.655007,864,1585
5969.660007,855,1588
5969.665007,818,1588
5969.670006,849,1585
5969.675007,852,1588
5969.680005,841,1589
5969.685006,832,1587
5969.690007,858,1589
5969.695007,846,1588
5969.700006,833,1586
5969.705006,857,1576
5969.710006,864,1588
5969.715005,818,1590
5969.720007,848,1588
5969.725006,867,1587
5969.730005,826,1591
5969.735006,839,1589
5969.740006,861,1593
5969.745005,854,1593
5969.750006,836,1594
5969.755006,854,1595
5969.760006,849,1596
5969.765006,841,1596
5969.770007,838,1594
5969.775007,868,1596
5969.780005,829,1595
5969.785006,841,1599
5969.790007,861,1601
5969.795007,856,1601
5969.800006,819,1605
5969.805007,862,1602
5969.810006,851,1608
5969.815005,843,1602
5969.820007,830,1606
5969.825007,881,1606
5969.830006,826,1613
5969.835006,837,1608
5969.840006,858,1612
5969.845005,862,1609
5969.850006,842,1605
5969.855006,848,1614
5969.860005,873,1608
5969.865005,822,1616
5969.870006,846,1617
5969.875007,878,1617
5969.880007,826,1619
5969.885005,831,1617
5969.890007,861,1620
5969.895006,874,1615
5969.900006,829,1620
5969.905006,857,1617
5969.910006,853,1621
5969.915006,836,1619
5969.920006,832,1620
5969.925006,880,1616
5969.930007,833,1618
5969.935005,846,1612
5969.940006,869,1614
5969.945006,864,1613
5969.950006,821,1618
5969.955006,865,1613
5969.960006,850,1614
5969.965007,827,1613
5969.970005,837,1601
5969.975006,866,1611
5969.980006,852,1608
5969.985005,831,1609
5969.990006,856,1607
5969.995005,848,1605
5970.000005,831,1604
5970.005005,865,1602
5970.010005,866,1593
5970.015007,825,1602
5970.020006,827,1599
5970.025005,880,1600
5970.030007,829,1599
5970.035007,845,1596
5970.040007,856,1600
5970.045005,849,1594
5970.050005,826,1593
5970.055007,846,1584
5970.060006,862,1588
5970.065005,832,1586
5970.070007,833,1586
5970.075005,873,1583
5970.080005,836,1584
5970.085005,823,1585
5970.090006,870,1586
5970.095007,866,1585
5970.100006,817,1588
5970.105005,856,1587
5970.110007,853,1589
5970.115007,814,1588
5970.120007,832,1587
5970.125006,857,1588
5970.130006,844,1587
5970.135007,845,1586
5970.140007,856,1588
5970.145006,850,1592
5970.150005,838,1592
5970.155007,854,1588
5970.160006,863,1586
5970.165006,815,1594
5970.170006,835,1589
5970.175006,854,1590
5970.180006,844,1593
5970.185005,846,1590
5970.190006,857,1593
5970.195006,852,1594
5970.200005,833,1587
5970.205005,851,1596
5970.210005,867,1592
5970.215005,816,1597
5970.220007,843,1597
5970.225007,865,1588
5970.230007,830,1594
5970.235006,838,1590
5970.240007,872,1593
5970.245006,849,1596
5970.250006,831,1594
5970.255006,841,1597
5970.260006,867,1588
5970.265006,826,1592
5970.270005,825,1594
5970.275006,858,1578
5970.280005,844,1590
5970.285006,824,1588
5970.290006,871,1585
5970.295006,852,1583
5970.300007,824,1588
5970.305006,840,1586
5970.310005,860,1583
5970.315007,821,1576
5970.320007,830,1581
5970.325007,866,1583
5970.330005,827,1582
5970.335005,833,1582
5970.340005,858,1584
5970.345006,860,1581
5970.350007,817,1586
5970.355006,858,1586
5970.360005,848,1587
5970.365005,834,1587
5970.370006,822,1591
5970.375006,864,1588
5970.380006,828,1594
5970.385006,844,1592
5970.390006,863,1590
5970.395005,865,1593
5970.400005,827,1596
5970.405007,843,1596
5970.410006,861,1593
5970.415006,824,1598
5970.420006,841,1598
5970.425006,870,1598
5970.430007,829,1601
5970.435005,820,1603
5970.440007,869,1599
5970.445006,858,1602
5970.450007,820,1605
5970.455007,862,1601
5970.460006,853,1600
5970.465006,832,1602
5970.470006,827,1602
5970.475005,861,1602
5970.480006,830,1600
5970.485006,819,1602
5970.490005,870,1598
5970.495005,848,1601
5970.500006,832,1595
5970.505006,858,1594
5970.510006,856,1596
5970.515006,825,1597
5970.520005,830,1594
5970.525006,872,1592
5970.530005,830,1598
5970.535005,835,1598
5970.540005,871,1594
5970.545005,854,1594
5970.550005,815,1595
5970.555007,855,1595
5970.560006,858,1595
5970.565005,816,1600
5970.570006,841,1600
5970.575005,869,1590
5970.580005,828,1599
5970.585005,824,1602
5970.590005,866,1599
5970.595006,860,1596
5970.600006,827,1603
5970.605005,848,1596
5970.610006,860,1604
5970.615007,819,1595
5970.620007,845,1603
5970.625007,857,1595
5970.630005,834,1603
5970.635006,839,1601
5970.640007,870,1601
5970.645006,848,1602
5970.650006,817,1600
5970.655005,854,1600
5970.660006,859,1602
5970.665006,819,1600
5970.670006,850,1598
5970.675006,866,1597
5970.680006,836,1596
5970.685005,824,1597
5970.690006,853,1594
5970.695005,858,1591
5970.700005,822,1589
5970.705005,842,1588
5970.710005,866,1586
5970.715005,835,1583
5970.720007,833,1585
5970.725006,850,1584
5970.730005,840,1585
5970.735006,825,1584
5970.740005,869,1584
5970.745006,843,1586
5970.750007,820,1589
5970.755007,859,1587
5970.760005,847,1589
5970.765006,816,1590
5970.770005,838,1591
5970.775006,859,1592
5970.780006,844,1595
5970.785005,829,1594
5970.790005,876,1591
5970.795005,845,1596
5970.800006,837,1594
5970.805006,853,1598
5970.810006,844,1601
5970.815006,829,1599
5970.820006,824,1606
5970.825006,874,1605
5970.830006,836,1606
5970.835005,840,1600
5970.840005,872,1609
5970.845006,854,1608
5970.850005,839,1609
5970.855006,844,1612
5970.860006,870,1612
5970.865005,830,1614
5970.870006,836,1612
5970.875007,856,1620
5970.880006,850,1617
5970.885007,825,1618
5970.890007,873,1617
5970.895007,861,1624
5970.900006,836,1620
5970.905006,853,1627
5970.910005,868,1623
5970.915005,816,1626
5970.920005,836,1627
5970.925005,881,1624
5970.930007,849,1625
5970.935006,841,1623
5970.940006,870,1627
5970.945005,854,1629
5970.950005,831,1626
5970.955006,848,1627
5970.960006,869,1621
5970.965007,838,1624
5970.970005,832,1629
5970.975006,858,1628
5970.980005,839,1628
5970.985006,828,1628
5970.990005,876,1625
5970.995005,855,1630
5971.000006,840,1623
5971.005007,859,1629
5971.010007,852,1631
5971.015005,838,1626
5971.020005,834,1627
5971.025006,862,1627
5971.030005,850,1617
5971.035005,836,1622
5971.040005,869,1624
5971.045005,855,1620
5971.050006,820,1625
5971.055006,867,1621
5971.060007,864,1621
5971.065006,819,1623
5971.070005,831,1624
5971.075005,863,1619
5971.080005,834,1617
5971.085005,844,1619
5971.090005,883,1616
5971.095006,865,1614
5971.100006,819,1619
5971.105006,861,1611
5971.110005,872,1612
5971.115005,825,1610
5971.120005,830,1611
5971.125005,867,1597
5971.130005,857,1605
5971.135006,823,1608
5971.140006,867,1604
5971.145005,858,1597
5971.150006,829,1605
5971.155005,839,1604
5971.160005,870,1604
5971.165005,833,1604
5971.170005,840,1604
5971.175006,861,1603
5971.180006,856,1600
5971.185006,835,1602
5971.190005,865,1603
5971.195007,845,1608
5971.200007,840,1604
5971.205006,852,1604
5971.210006,869,1604
5971.215006,814,1607
5971.220006,833,1602
5971.225005,865,1603
5971.230007,830,1606
5971.235006,832,1603
5971.240006,869,1594
5971.245006,858,1606
5971.250007,821,1603
5971.255005,841,1607
5971.260005,867,1604
5971.265006,822,1603
5971.270006,844,1603
5971.275005,858,1604
5971.280006,850,1606
5971.285005,827,1603
5971.290005,873,1601
5971.295005,853,1605
5971.300005,834,1601
5971.305006,860,1601
5971.310005,857,1599
5971.315007,814,1601
5971.320006,831,1596
5971.325006,857,1601
5971.330007,846,1602
5971.335006,821,1601
5971.340007,864,1598
5971.345006,845,1599
5971.350005,836,1595
5971.355006,847,1596
5971.360006,847,1593
5971.365006,826,1592
5971.370005,829,1601
5971.375005,873,1599
5971.380005,835,1599
5971.385006,837,1599
5971.390007,857,1600
5971.395006,867,1595
5971.400006,822,1601
5971.405006,861,1596
5971.410005,859,1600
5971.415006,828,1600
5971.420007,838,1603
5971.425006,861,1603
5971.430006,832,1604
5971.435005,849,1595
5971.440006,872,1602
5971.445006,856,1601
5971.450006,822,1601
5971.455006,862,1603
5971.460006,850,1605
5971.465007,836,1602
5971.470006,851,1598
5971.475007,862,1607
5971.480007,845,1603
5971.485005,828,1605
5971.490005,876,1604
5971.495005,856,1606
5971.500006,825,1604
5971.505007,847,1606
5971.510006,851,1611
5971.515006,837,1603
5971.520006,850,1604
5971.525006,870,1606
5971.530006,841,1603
5971.535005,831,1592
5971.540006,860,1604
5971.545007,870,1600
5971.550006,818,1606
5971.555006,859,1602
5971.560005,849,1604
5971.565006,843,1600
5971.570007,840,1599
5971.575006,864,1600
5971.580006,849,1598
5971.585007,824,1601
5971.590005,857,1600
5971.595006,871,1595
5971.600005,822,1600
5971.605006,859,1600
5971.610005,851,1601
5971.615006,838,1598
5971.620005,835,1600
5971.625005,867,1599
5971.630005,841,1588
5971.635005,835,1602
5971.640007,878,1603
5971.645006,851,1607
5971.650006,832,1607
5971.655006,848,1608
5971.660006,870,1610
5971.665006,822,1613
5971.670006,851,1613
5971.675006,862,1618
5971.680007,857,1614
5971.685006,826,1617
5971.690005,868,1614
5971.695007,849,1616
5971.700006,840,1616
5971.705005,844,1617
5971.710005,867,1616
5971.715005,840,1608
5971.720006,839,1617
5971.725005,880,1616
5971.730006,840,1614
5971.735005,847,1610
5971.740005,868,1612
5971.745005,858,1614
5971.750005,824,1615
5971.755005,859,1606
5971.760006,865,1611
5971.765006,819,1611
5971.770006,841,1603
5971.775006,874,1608
5971.780006,836,1614
5971.785006,833,1598
5971.790006,866,1613
5971.795007,851,1607
5971.800006,819,1610
5971.805007,858,1605
5971.810006,866,1607
5971.815006,830,1597
5971.820006,830,1608
5971.825005,871,1601
5971.830005,842,1607
5971.835006,829,1604
5971.840007,876,1604
5971.845006,865,1602
5971.850006,816,1608
5971.855007,840,1603
5971.860007,871,1598
5971.865006,820,1601
5971.870005,851,1597
5971.875006,865,1600
5971.880007,841,1593
5971.885005,833,1593
5971.890006,876,1590
5971.895006,856,1588
5971.900006,817,1586
5971.905005,858,1576
5971.910006,850,1586
5971.915006,843,1574
5971.920007,838,1581
5971.925006,861,1577
5971.930007,832,1578
5971.935006,834,1577
5971.940006,860,1576
5971.945005,866,1574
5971.950006,825,1579
5971.955006,835,1586
5971.960006,869,1583
5971.965007,819,1587
5971.970005,843,1585
5971.975006,865,1589
5971.980005,855,1586
5971.985006,828,1593
5971.990005,870,1593
5971.995006,857,1594
5972.000006,815,1600
5972.005007,849,1593
5972.010005,873,1595
5972.015007,817,1603
5972.020005,845,1599
5972.025006,864,1599
5972.030007,842,1599
5972.035007,821,1605
5972.040006,871,1604
5972.045007,870,1604
5972.050005,816,1610
5972.055006,849,1600
5972.060006,877,1606
5972.065005,824,1615
5972.070006,828,1610
5972.075005,870,1612
5972.080005,843,1618
5972.085006,825,1617
5972.090007,870,1615
5972.095007,850,1617
5972.100005,828,1616
5972.105007,858,1614
5972.110006,865,1620
5972.115005,829,1621
5972.120006,851,1621
5972.125007,870,1621
5972.130005,844,1624
5972.135005,837,1624
5972.140007,878,1626
5972.145006,853,1628
5972.150006,835,1628
5972.155005,852,1631
5972.160005,861,1630
5972.165006,842,1633
5972.170006,837,1636
5972.175006,858,1639
5972.180007,862,1638
5972.185006,836,1640
5972.190006,858,1643
5972.195006,869,1643
5972.200006,831,1641
5972.205006,858,1638
5972.210006,860,1646
5972.215005,824,1646
5972.220006,850,1643
5972.225005,879,1646
5972.230006,846,1638
5972.235006,838,1641
5972.240006,857,1648
5972.245005,867,1638
5972.250005,827,1638
5972.255006,842,1640
5972.260007,864,1636
5972.265005,846,1631
5972.270006,833,1632
5972.275005,882,1627
5972.280006,842,1626
5972.285005,840,1625
5972.290005,873,1624
5972.295005,849,1624
5972.300006,834,1620
5972.305007,842,1617
5972.310007,867,1613
5972.315006,818,1618
5972.320006,844,1612
5972.325006,867,1611
5972.330006,834,1613
5972.335007,843,1610
5972.340005,866,1609
5972.345007,849,1605
5972.350007,823,1610
5972.355007,844,1610
5972.360007,865,1608
5972.365005,819,1610
5972.370005,844,1607
5972.375005,865,1600
5972.380005,859,1604
5972.385005,833,1608
5972.390005,875,1608
5972.395006,852,1609
5972.400006,832,1607
5972.405006,837,1609
5972.410005,868,1605
5972.415005,817,1605
5972.420006,844,1602
5972.425006,859,1604
5972.430007,848,1604
5972.435006,836,1595
5972.440006,853,1605
5972.445005,864,1605
5972.450006,825,1604
5972.455007,840,1603
5972.460006,870,1606
5972.465007,829,1605
5972.470005,826,1609
5972.475007,866,1612
5972.480006,847,1608
5972.485005,846,1606
5972.490006,852,1611
5972.495006,861,1605
5972.500007,833,1604
5972.505006,854,1605
5972.510006,867,1604
5972.515006,836,1604
5972.520005,827,1604
5972.525007,869,1603
5972.530006,834,1606
5972.535007,835,1601
5972.540006,852,1602
5972.545006,846,1598
5972.550007,830,1598
5972.555006,837,1598
5972.560007,870,1584
5972.565007,821,1591
5972.570006,850,1589
5972.575005,861,1586
5972.580005,843,1584
5972.585005,821,1585
5972.590006,871,1584
5972.595007,856,1583
5972.600006,826,1582
5972.605005,836,1586
5972.610007,866,1584
5972.615006,819,1589
5972.620005,841,1577
5972.625005,871,1585
5972.630005,848,1587
5972.635005,826,1587
5972.640006,872,1587
5972.645006,853,1589
5972.650005,829,1581
5972.655007,845,1590
5972.660006,852,1591
5972.665006,823,1593
5972.670006,826,1593
5972.675005,867,1596
5972.680006,839,1595
5972.685005,837,1595
5972.690006,864,1600
5972.695006,854,1601
5972.700005,835,1600
5972.705005,846,1599
5972.710005,862,1598
5972.715005,827,1605
5972.720006,835,1596
5972.725007,868,1601
5972.730006,841,1606
5972.735005,836,1605
5972.740006,863,1598
5972.745005,866,1605
5972.750005,821,1611
5972.755005,858,1606
5972.760005,864,1610
5972.765007,838,1608
5972.770007,831,1610
5972.775006,857,1615
5972.780005,851,1617
5972.785005,819,1620
5972.790006,851,1619
5972.795006,859,1617
5972.800006,822,1623
5972.805007,860,1616
5972.810007,871,1619
5972.815006,825,1621
5972.820005,826,1627
5972.825006,873,1620
5972.830007,855,1617
5972.835006,831,1627
5972.840006,879,1626
5972.845006,848,1630
5972.850006,843,1626
5972.855006,846,1629
5972.860006,853,1625
5972.865006,833,1629
5972.870006,833,1629
5972.875006,883,1630
5972.880006,853,1626
5972.885006,824,1632
5972.890006,878,1625
5972.895005,849,1626
5972.900007,832,1627
5972.905006,842,1629
5972.910005,873,1627
5972.915005,844,1622
5972.920006,841,1626
5972.925007,878,1625
5972.930006,842,1624
5972.935006,840,1626
5972.940005,875,1624
5972.945006,861,1623
5972.950006,835,1623
5972.955006,837,1625
5972.960007,873,1622
5972.965005,823,1625
5972.970006,851,1620
5972.975007,864,1623
5972.980006,862,1620
5972.985006,830,1623
5972.990005,857,1624
5972.995005,872,1618
5973.000006,830,1619
5973.005007,844,1621
5973.010005,856,1622
5973.015006,842,1617
5973.020007,838,1619
5973.025007,867,1621
5973.030007,863,1616
5973.035006,825,1617
5973.040007,867,1618
5973.045006,860,1617
5973.050007,832,1614
5973.055006,842,1616
5973.060006,859,1615
5973.065006,840,1612
5973.070005,840,1612
5973.075005,872,1611
5973.080005,858,1606
5973.085006,833,1610
5973.090007,855,1609
5973.095005,873,1608
5973.100007,828,1606
5973.105007,835,1609
5973.110007,876,1605
5973.115007,832,1606
5973.120006,828,1607
5973.125006,868,1602
5973.130006,844,1605
5973.135006,845,1601
5973.140006,854,1606
5973.145006,858,1598
5973.150006,836,1596
5973.155005,854,1590
5973.160005,864,1600
5973.165006,829,1600
5973.170006,833,1604
5973.175006,867,1604
5973.180006,843,1606
5973.185006,843,1601
5973.190005,860,1609
5973.195006,869,1609
5973.200006,819,1604
5973.205007,855,1609
5973.210005,861,1611
5973.215005,842,1615
5973.220007,842,1614
5973.225007,861,1616
5973.230007,862,1615
5973.235006,832,1617
5973.240006,870,1617
5973.245005,853,1620
5973.250006,817,1623
5973.255006,849,1619
5973.260007,853,1623
5973.265005,831,1621
5973.270006,835,1622
5973.275005,882,1619
5973.280007,854,1623
5973.285007,845,1621
5973.290007,869,1623
5973.295006,848,1626
5973.300006,832,1623
5973.305007,835,1631
5973.310005,870,1621
5973.315006,828,1626
5973.320005,843,1623
5973.325005,870,1625
5973.330005,840,1629
5973.335005,833,1627
5973.340005,856,1622
5973.345006,867,1627
5973.350006,823,1628
5973.355006,848,1628
5973.360005,853,1632
5973.365006,838,1628
5973.370006,832,1629
5973.375006,869,1630
5973.380006,849,1631
5973.385006,845,1627
5973.390006,865,1631
5973.395007,855,1636
5973.400006,837,1633
5973.405005,859,1636
5973.410005,864,1637
5973.415006,819,1639
5973.420006,835,1640
5973.425006,860,1643
5973.430007,855,1644
5973.435006,839,1644
5973.440005,881,1640
5973.445006,858,1645
5973.450006,835,1644
5973.455006,840,1640
5973.460007,865,1646
5973.465005,826,1647
5973.470006,846,1645
5973.475005,863,1645
5973.480006,858,1644
5973.485005,838,1643
5973.490006,865,1644
5973.495005,855,1643
5973.500005,845,1639
5973.505005,838,1644
5973.510005,868,1637
5973.515007,848,1638
5973.520005,848,1636
5973.525006,866,1634
5973.530005,849,1632
5973.535005,843,1633
5973.540005,868,1635
5973.545005,851,1637
5973.550006,833,1628
5973.555007,841,1631
5973.560005,859,1631
5973.565005,850,1628
5973.570007,848,1628
5973.575007,872,1631
5973.580007,855,1626
5973.585006,829,1629
5973.590007,877,1624
5973.595007,868,1627
5973.600006,830,1626
5973.605006,856,1623
5973.610005,870,1623
5973.615005,832,1623
5973.620006,849,1621
5973.625007,867,1623
5973.630007,859,1617
5973.635006,831,1623
5973.640006,868,1615
5973.645005,856,1622
5973.650006,841,1625
5973.655005,844,1624
5973.660006,862,1623
5973.665006,834,1622
5973.670006,842,1619
5973.675006,861,1620
5973.680006,866,1619
5973.685005,836,1620
5973.690006,867,1616
5973.695005,870,1616
5973.700005,821,1618
5973.705006,851,1615
5973.710007,853,1621
5973.715005,824,1618
5973.720007,835,1614
5973.725006,882,1614
5973.730006,854,1617
5973.735006,820,1617
5973.740005,864,1604
5973.745006,863,1610
5973.750006,822,1615
5973.755007,848,1615
5973.760005,878,1612
5973.765006,832,1613
5973.770007,826,1616
5973.775006,871,1612
5973.780007,850,1613
5973.785007,839,1613
5973.790007,871,1613
5973.795005,851,1615
5973.800006,835,1613
5973.805007,846,1612
5973.810005,854,1617
5973.815007,830,1620
5973.820007,831,1617
5973.825007,876,1613
5973.830007,847,1615
5973.835005,845,1620
5973.840006,856,1614
5973.845006,847,1618
5973.850006,833,1617
5973.855005,843,1617
5973.860006,853,1616
5973.865005,823,1616
5973.870005,842,1613
5973.875005,880,1610
5973.880005,848,1614
5973.885006,818,1618
5973.890006,873,1612
5973.895006,862,1616
5973.900005,813,1616
5973.905006,829,1619
5973.910005,872,1617
5973.915006,828,1615
5973.920006,830,1616
5973.925006,858,1617
5973.930006,841,1619
5973.935006,838,1616
5973.940006,864,1615
5973.945005,854,1616
5973.950006,820,1613
5973.955006,852,1614
5973.960007,876,1614
5973.965006,822,1617
5973.970006,846,1613
5973.975005,857,1618
5973.980007,856,1615
5973.985006,827,1605
5973.990006,869,1614
5973.995005,852,1616
5974.000006,829,1614
5974.005006,827,1617
5974.010007,871,1614
5974.015006,836,1612
5974.020005,824,1614
5974.025006,874,1610
5974.030005,850,1610
5974.035005,822,1609
5974.040006,872,1604
5974.045007,852,1603
5974.050005,835,1604
5974.055006,832,1603
5974.060005,872,1589
5974.065006,824,1599
5974.070006,848,1599
5974.075006,864,1599
5974.080006,842,1601
5974.085006,841,1592
5974.090006,858,1594
5974.095006,859,1593
5974.100006,815,1595
5974.105006,848,1592
5974.110006,857,1594
5974.115005,836,1586
5974.120005,832,1590
5974.125005,870,1591
5974.130006,862,1591
5974.135007,819,1595
5974.140006,867,1590
5974.145006,849,1591
5974.150005,835,1589
5974.155006,839,1586
5974.160006,856,1588
5974.165007,844,1585
5974.170005,838,1581
5974.175006,861,1588
5974.180006,841,1587
5974.185005,827,1586
5974.190007,864,1584
5974.195006,851,1585
5974.200006,820,1584
5974.205006,833,1585
5974.210007,870,1574
5974.215006,829,1583
5974.220007,825,1584
5974.225006,870,1585
5974.230006,847,1581
5974.235006,844,1578
5974.240005,868,1582
5974.245006,848,1584
5974.250006,836,1577
5974.255006,846,1580
5974.260006,854,1584
5974.265007,847,1581
5974.270007,841,1574
5974.275006,871,1572
5974.280005,858,1583
5974.285005,830,1584
5974.290006,862,1584
5974.295006,855,1585
5974.300006,817,1587
5974.305006,852,1585
5974.310006,872,1587
5974.315005,831,1589
5974.320006,821,1588
5974.325006,853,1588
5974.330006,864,1587
5974.335006,817,1594
5974.340006,868,1588
5974.345006,846,1594
5974.350006,828,1593
5974.355005,837,1594
5974.360006,875,1595
5974.365006,842,1598
5974.370005,825,1599
5974.375006,862,1601
5974.380007,865,1601
5974.385006,822,1606
5974.390006,872,1603
5974.395006,854,1611
5974.400005,826,1610
5974.405006,832,1617
5974.410005,875,1610
5974.415006,843,1613
5974.420006,837,1613
5974.425007,868,1615
5974.430006,848,1612
5974.435006,830,1604
5974.440006,872,1611
5974.445006,864,1613
5974.450006,820,1613
5974.455006,832,1615
5974.460007,865,1615
5974.465006,838,1611
5974.470006,842,1611
5974.475005,863,1614
5974.480007,851,1613
5974.485007,837,1608
5974.490007,857,1615
5974.495006,867,1613
5974.500007,828,1615
5974.505007,839,1613
5974.510005,854,1617
5974.515007,848,1614
5974.520005,840,1621
5974.525006,872,1617
5974.530005,859,1618
5974.535005,825,1621
5974.540005,850,1624
5974.545005,869,1620
5974.550006,830,1624
5974.555007,835,1629
5974.560006,875,1627
5974.565005,843,1622
5974.570006,831,1625
5974.575005,877,1625
5974.580005,868,1626
5974.585005,820,1629
5974.590006,878,1622
5974.595005,863,1626
5974.600007,828,1626
5974.605007,840,1615
5974.610007,880,1625
5974.615007,835,1624
5974.620006,824,1626
5974.625006,859,1631
5974.630007,861,1626
5974.635006,822,1626
5974.640006,865,1624
5974.645006,855,1621
5974.650006,836,1623
5974.655006,830,1624
5974.660005,879,1619
5974.665005,841,1617
5974.670005,831,1621
5974.675005,878,1614
5974.680007,845,1617
5974.685006,836,1610
5974.690006,850,1616
5974.695005,849,1613
5974.700006,839,1606
5974.705006,842,1612
5974.710005,864,1614
5974.715005,842,1603
5974.720006,834,1606
5974.725006,857,1607
5974.730005,857,1611
5974.735007,826,1605
5974.740006,852,1605
5974.745006,849,1603
5974.750006,832,1601
5974.755006,831,1602
5974.760007,873,1597
5974.765007,842,1597
5974.770005,836,1596
5974.775006,859,1597
5974.780005,858,1587
5974.785005,834,1591
5974.790005,867,1592
5974.795005,848,1594
5974.800005,814,1593
5974.805007,836,1594
5974.810007,854,1596
5974.815006,850,1586
5974.820006,835,1585
5974.825006,856,1590
5974.830007,858,1585
5974.835006,829,1587
5974.840007,851,1588
5974.845006,845,1590
5974.850005,822,1586
5974.855007,841,1581
5974.860006,859,1581
5974.865006,819,1588
5974.870006,845,1582
5974.875007,865,1583
5974.880006,842,1584
5974.885006,832,1576
5974.890007,859,1580
5974.895005,859,1580
5974.900007,822,1579
5974.905007,819,1578
5974.910007,863,1575
5974.915006,830,1575
5974.920006,829,1578
5974.925006,858,1577
5974.930007,846,1579
5974.935006,822,1575
5974.940005,852,1577
5974.945006,865,1578
5974.950006,821,1580
5974.955006,828,1585
5974.960005,859,1573
5974.965005,820,1591
5974.970006,837,1583
5974.975005,867,1592
5974.980007,842,1595
5974.985006,832,1594
5974.990006,850,1599
5974.995005,850,1597
5975.000005,834,1597
5975.005006,843,1599
5975.010006,859,1600
5975.015006,830,1602
5975.020006,824,1604
5975.025006,881,1601
5975.030005,858,1602
5975.035005,815,1611
5975.040005,865,1606
5975.045005,849,1608
5975.050006,835,1609
5975.055007,828,1606
5975.060007,851,1611
5975.065006,828,1607
5975.070006,843,1608
5975.075007,866,1611
5975.080006,847,1615
5975.085005,823,1612
5975.090005,871,1609
5975.095006,861,1609
5975.100007,829,1610
5975.105006,830,1611
5975.110006,872,1613
5975.115005,840,1610
5975.120005,832,1612
5975.125005,865,1609
5975.130005,848,1612
5975.135005,839,1609
5975.140006,848,1608
5975.145005,849,1608
5975.150006,834,1608
5975.155005,843,1604
5975.160006,852,1610
5975.165007,849,1602
5975.170005,828,1608
5975.175005,874,1603
5975.180006,849,1606
5975.185006,820,1609
5975.190005,846,1609
5975.195006,859,1605
5975.200007,820,1605
5975.205006,840,1600
5975.210006,860,1607
5975.215006,843,1600
5975.220006,845,1604
5975.225005,866,1602
5975.230007,840,1608
5975.235007,826,1604
5975.240006,862,1592
5975.245005,856,1602
5975.250005,832,1598
5975.255005,835,1597
5975.260005,865,1599
5975.265005,827,1599
5975.270006,838,1596
5975.275007,857,1600
5975.280007,848,1596
5975.285007,841,1591
5975.290006,854,1597
5975.295006,849,1596
5975.300006,831,1597
5975.305006,836,1593
5975.310005,859,1584
5975.315007,835,1594
5975.320006,829,1592
5975.325005,856,1589
5975.330006,857,1589
5975.335006,826,1588
5975.340006,860,1590
5975.345006,868,1585
5975.350006,810,1593
5975.355005,839,1594
5975.360006,849,1594
5975.365007,829,1595
5975.370006,846,1589
5975.375006,872,1597
5975.380006,847,1601
5975.385006,829,1599
5975.390006,845,1602
5975.395005,871,1596
5975.400005,824,1603
5975.405007,825,1608
5975.410006,863,1611
5975.415006,845,1604
5975.420007,827,1614
5975.425007,875,1613
5975.430005,859,1617
5975.435006,828,1621
5975.440007,844,1625
5975.445006,857,1625
5975.450006,839,1626
5975.455006,844,1626
5975.460006,858,1629
5975.465006,848,1626
5975.470006,830,1632
5975.475006,854,1635
5975.480007,847,1632
5975.485006,819,1635
5975.490005,862,1634
5975.495005,857,1633
5975.500006,818,1635
5975.505007,839,1635
5975.510006,861,1637
5975.515007,829,1637
5975.520006,848,1632
5975.525006,877,1631
5975.530005,854,1629
5975.535006,827,1631
5975.540007,866,1628
5975.545005,860,1626
5975.550005,837,1621
5975.555007,835,1623
5975.560005,862,1626
5975.565007,835,1623
5975.570007,842,1612
5975.575006,863,1620
5975.580006,851,1617
5975.585007,821,1620
5975.590007,863,1618
5975.595005,864,1615
5975.600006,818,1617
5975.605006,828,1618
5975.610006,868,1615
5975.615006,833,1614
5975.620005,833,1615
5975.625005,874,1604
5975.630005,850,1618
5975.635005,831,1614
5975.640007,848,1616
5975.645007,858,1608
5975.650006,821,1612
5975.655005,830,1616
5975.660005,855,1617
5975.665006,846,1599
5975.670006,826,1615
5975.675006,868,1612
5975.680007,869,1609
5975.685007,830,1612
5975.690006,862,1609
5975.695005,863,1612
5975.700006,837,1605
5975.705007,833,1612
5975.710005,865,1610
5975.715005,832,1609
5975.720006,845,1608
5975.725005,864,1607
5975.730006,847,1603
5975.735006,834,1606
5975.740006,855,1606
5975.745005,852,1604
5975.750005,830,1607
5975.755006,835,1605
5975.760006,871,1605
5975.765006,831,1604
5975.770007,842,1605
5975.775006,869,1602
5975.780005,841,1604
5975.785005,820,1603
5975.790005,849,1604
5975.795005,850,1603
5975.800006,828,1600
5975.805007,849,1603
5975.810005,861,1602
5975.815006,826,1606
5975.820006,834,1605
5975.825006,858,1602
5975.830007,860,1607
5975.835005,824,1605
5975.840005,864,1603
5975.845007,853,1605
5975.850006,820,1606
5975.855006,845,1607
5975.860005,856,1607
5975.865006,840,1602
5975.870006,841,1600
5975.875007,868,1602
5975.880005,851,1601
5975.885005,815,1604
5975.890006,854,1603
5975.895006,865,1598
5975.900005,831,1593
5975.905006,832,1600
5975.910006,856,1602
5975.915006,848,1601
5975.920006,828,1604
5975.925006,869,1602
5975.930006,850,1602
5975.935006,836,1599
5975.940006,849,1604
5975.945005,846,1605
5975.950005,832,1603
5975.955006,834,1602
5975.960006,861,1602
5975.965006,831,1603
5975.970007,834,1601
5975.975006,862,1600
5975.980005,852,1601
5975.985006,840,1603
5975.990007,845,1604
5975.995006,861,1605
5976.000006,815,1604
5976.005007,836,1601
5976.010005,875,1601
5976.015006,844,1601
5976.020006,825,1601
5976.025006,876,1597
5976.030006,846,1604
5976.035005,838,1602
5976.040006,843,1604
5976.045006,858,1604
5976.050007,836,1598
5976.055005,824,1603
5976.060006,873,1602
5976.065005,834,1601
5976.070006,823,1600
5976.075006,863,1599
5976.080006,869,1600
5976.085007,818,1600
5976.090006,859,1600
5976.095007,846,1600
5976.100005,832,1596
5976.105006,827,1597
5976.110006,869,1599
5976.115006,824,1599
5976.120006,828,1594
5976.125007,853,1592
5976.130006,856,1592
5976.135007,833,1588
5976.140005,844,1592
5976.145006,863,1588
5976.150005,815,1589
5976.155007,841,1586
5976.160005,871,1589
5976.165005,833,1588
5976.170005,818,1590
5976.175006,864,1589
5976.180007,843,1585
5976.185007,832,1588
5976.190005,848,1588
5976.195006,868,1588
5976.200005,814,1590
5976.205006,837,1590
5976.210006,856,1589
5976.215006,849,1588
5976.220006,828,1588
5976.225005,849,1595
5976.230006,846,1590
5976.235007,837,1590
5976.240006,841,1597
5976.245006,860,1593
5976.250006,829,1593
5976.255006,826,1597
5976.260007,856,1597
5976.265005,849,1594
5976.270007,826,1597
5976.275005,858,1594
5976.280006,863,1590
5976.285005,818,1595
5976.290005,863,1588
5976.295006,862,1585
5976.300006,822,1588
5976.305006,839,1574
5976.310005,870,1586
5976.315006,832,1585
5976.320007,839,1587
5976.325007,859,1585
5976.330007,863,1585
5976.335006,819,1588
5976.340007,860,1593
5976.345005,856,1588
5976.350007,837,1591
5976.355006,830,1595
5976.360005,862,1583
5976.365006,843,1596
5976.370006,833,1603
5976.375007,856,1604
5976.380005,852,1601
5976.385006,841,1602
5976.390006,863,1601
5976.395007,851,1608
5976.400007,836,1599
5976.405006,848,1608
5976.410005,859,1608
5976.415005,834,1612
5976.420006,846,1609
5976.425006,870,1613
5976.430006,853,1617
5976.435005,843,1612
5976.440007,854,1613
5976.445006,852,1620
5976.450006,841,1618
5976.455006,831,1622
5976.460006,867,1618
5976.465006,835,1622
5976.470007,844,1619
5976.475005,864,1623
5976.480007,869,1621
5976.485007,836,1625
5976.490006,863,1623
5976.495005,867,1626
5976.500005,830,1627
5976.505005,833,1631
5976.510006,860,1630
5976.515007,847,1630
5976.520005,844,1632
5976.525006,868,1629
5976.530005,847,1628
5976.535006,837,1633
5976.540006,846,1633
5976.545006,868,1630
5976.550006,835,1628
5976.555006,836,1630
5976.560007,869,1629
5976.565007,836,1626
5976.570006,842,1626
5976.575006,860,1630
5976.580007,858,1623
5976.585006,829,1615
5976.590005,848,1621
5976.595006,852,1624
5976.600006,827,1619
5976.605005,838,1619
5976.610007,861,1609
5976.615007,850,1616
5976.620007,836,1617
5976.625006,854,1619
5976.630007,855,1606
5976.635005,834,1610
5976.640006,856,1619
5976.645006,860,1616
5976.650006,822,1616
5976.655005,823,1620
5976.660005,872,1613
5976.665005,841,1614
5976.670005,827,1613
5976.675005,856,1613
5976.680007,866,1610
5976.685006,825,1608
5976.690006,851,1606
5976.695005,860,1607
5976.700006,816,1613
5976.705005,827,1609
5976.710005,858,1610
5976.715005,836,1610
5976.720007,836,1605
5976.725005,861,1607
5976.730006,851,1609
5976.735005,818,1611
5976.740005,865,1610
5976.745005,865,1608
5976.750006,818,1615
5976.755006,832,1613
5976.760006,873,1605
5976.765005,848,1611
5976.770007,829,1614
5976.775006,869,1605
5976.780005,858,1611
5976.785005,823,1611
5976.790005,847,1609
5976.795005,857,1610
5976.800005,823,1599
5976.805006,834,1605
5976.810006,859,1609
5976.815005,833,1609
5976.820006,827,1605
5976.825006,882,1601
5976.830007,863,1602
5976.835007,823,1605
5976.840005,842,1604
5976.845007,869,1602
5976.850006,834,1602
5976.855006,839,1603
5976.860005,872,1602
5976.865005,830,1605
5976.870006,839,1601
5976.875007,854,1603
5976.880005,860,1602
5976.885005,833,1600
5976.890006,853,1600
5976.895006,850,1601
5976.900005,812,1602
5976.905006,840,1600
5976.910005,860,1600
5976.915005,831,1600
5976.920005,819,1598
5976.925006,863,1599
5976.930006,846,1599
5976.935006,813,1594
5976.940006,860,1595
5976.945006,854,1597
5976.950006,834,1594
5976.955006,831,1594
5976.960006,863,1595
5976.965007,828,1598
5976.970005,839,1595
5976.975007,856,1599
5976.980007,865,1591
5976.985007,816,1600
5976.990007,859,1595
5976.995006,856,1599
5977.000006,814,1603
5977.005006,843,1593
5977.010006,871,1599
5977.015006,836,1605
5977.020005,842,1602
5977.025007,876,1603
5977.030005,853,1604
5977.035006,818,1605
5977.040006,850,1603
5977.045007,853,1608
5977.050005,821,1608
5977.055006,827,1607
5977.060006,875,1606
5977.065005,845,1604
5977.070007,841,1602
5977.075007,864,1609
5977.080006,848,1612
5977.085006,820,1608
5977.090006,861,1607
5977.095007,864,1611
5977.100006,819,1615
5977.105005,839,1611
5977.110007,858,1613
5977.115007,857,1612
5977.120006,835,1610
5977.125007,864,1612
5977.130007,850,1615
5977.135006,825,1613
5977.140007,865,1615
5977.145006,853,1618
5977.150005,837,1615
5977.155006,838,1614
5977.160006,859,1615
5977.165007,849,1614
5977.170006,827,1614
5977.175005,876,1616
5977.180006,852,1619
5977.185006,824,1609
5977.190006,847,1617
5977.195005,877,1620
5977.200005,834,1616
5977.205005,847,1616
5977.210005,864,1620
5977.215006,837,1622
5977.220006,840,1623
5977.225006,866,1616
5977.230006,862,1620
5977.235005,830,1623
5977.240005,851,1622
5977.245006,852,1628
5977.250006,838,1625
5977.255007,837,1625
5977.260006,868,1624
5977.265007,852,1619
5977.270005,833,1627
5977.275006,861,1616
5977.280006,858,1625
5977.285006,832,1625
5977.290007,842,1628
5977.295007,863,1626
5977.300006,836,1627
5977.305006,831,1628
5977.310006,873,1628
5977.315006,836,1619
5977.320006,828,1620
5977.325006,872,1625
5977.330006,858,1628
5977.335006,821,1626
5977.340007,854,1623
5977.345007,856,1625
5977.350006,831,1621
5977.355005,830,1624
5977.360005,868,1616
5977.365006,841,1623
5977.370005,825,1624
5977.375005,882,1619
5977.380006,858,1620
5977.385007,838,1617
5977.390005,852,1618
5977.395007,868,1614
5977.400006,825,1620
5977.405005,838,1621
5977.410006,875,1619
5977.415007,836,1622
5977.420006,841,1624
5977.425006,859,1623
5977.430006,847,1627
5977.435005,837,1626
5977.440007,843,1628
5977.445006,872,1626
5977.450006,820,1630
5977.455007,839,1628
5977.460007,869,1629
5977.465005,836,1633
5977.470006,843,1629
5977.475005,859,1631
5977.480005,859,1629
5977.485006,825,1633
5977.490007,842,1631
5977.495006,875,1630
5977.500006,831,1628
5977.505007,852,1628
5977.510007,871,1628
5977.515005,835,1629
5977.520006,836,1631
5977.525005,859,1627
5977.530006,863,1625
5977.535005,833,1623
5977.540005,850,1613
5977.545005,872,1625
5977.550005,822,1620
5977.555006,838,1621
5977.560007,860,1624
5977.565006,852,1622
5977.570006,823,1625
5977.575006,878,1621
5977.580005,855,1617
5977.585005,834,1617
5977.590006,855,1621
5977.595006,860,1619
5977.600006,817,1621
5977.605005,848,1619
5977.610005,862,1622
5977.615005,835,1621
5977.620005,835,1609
5977.625005,874,1620
5977.630006,859,1618
5977.635006,831,1618
5977.640006,848,1619
5977.645005,850,1619
5977.650006,845,1613
5977.655006,840,1615
5977.660006,858,1620
5977.665006,852,1615
5977.670006,824,1614
5977.675006,877,1613
5977.680006,860,1614
5977.685005,818,1612
5977.690006,852,1611
5977.695006,850,1613
5977.700005,836,1609
5977.705005,829,1610
5977.710006,870,1607
5977.715007,831,1612
5977.720005,831,1607
5977.725006,852,1612
5977.730006,848,1607
5977.735006,831,1606
5977.740006,844,1597
5977.745005,851,1610
5977.750006,833,1607
5977.755007,848,1606
5977.760005,866,1608
5977.765006,837,1600
5977.770005,835,1606
5977.775006,853,1611
5977.780006,859,1609
5977.785005,840,1609
5977.790006,845,1609
5977.795006,853,1611
5977.800007,834,1612
5977.805006,827,1612
5977.810005,873,1611
5977.815006,837,1611
5977.820007,845,1607
5977.825007,867,1608
5977.830007,851,1606
5977.835005,822,1606
5977.840005,860,1601
5977.845006,854,1606
5977.850006,826,1599
5977.855005,830,1603
5977.860006,854,1606
5977.865005,850,1598
5977.870005,843,1599
5977.875005,872,1601
5977.880005,864,1601
5977.885005,835,1600
5977.890006,837,1600
5977.895006,873,1601
5977.900005,831,1603
5977.905007,827,1600
5977.910006,872,1596
5977.915006,849,1600
5977.920006,819,1599
5977.925006,863,1602
5977.930006,867,1603
5977.935006,817,1606
5977.940006,842,1601
5977.945005,859,1603
5977.950006,823,1610
5977.955007,836,1610
5977.960005,874,1610
5977.965005,841,1609
5977.970005,837,1608
5977.975006,858,1612
5977.980005,849,1615
5977.985006,827,1610
5977.990006,867,1611
5977.995005,866,1610
5978.000005,844,1610
5978.005006,834,1609
5978.010007,854,1611
5978.015005,856,1609
5978.020007,833,1606
5978.025006,863,1610
5978.030006,853,1608
5978.035005,813,1605
5978.040006,848,1610
5978.045006,866,1610
5978.050007,824,1607
5978.055005,833,1598
5978.060006,857,1611
5978.065005,854,1609
5978.070006,820,1611
5978.075005,872,1609
5978.080005,851,1611
5978.085006,822,1610
5978.090006,845,1611
5978.095005,850,1613
5978.100006,840,1612
5978.105007,825,1616
5978.110006,867,1614
5978.115006,835,1615
5978.120005,835,1612
5978.125006,853,1615
5978.130007,857,1612
5978.135005,820,1600
5978.140006,852,1610
5978.145007,857,1607
5978.150007,818,1607
5978.155006,843,1606
5978.160005,856,1609
5978.165006,851,1607
5978.170006,819,1609
5978.175007,867,1604
5978.180006,857,1608
5978.185006,820,1606
5978.190006,859,1608
5978.195005,853,1608
5978.200005,818,1609
5978.205005,846,1609
5978.210005,859,1613
5978.215005,861,1608
5978.220006,822,1613
5978.225006,862,1609
5978.230005,852,1611
5978.235007,818,1612
5978.240006,841,1600
5978.245006,869,1611
5978.250006,833,1609
5978.255007,824,1614
5978.260007,865,1612
5978.265006,841,1612
5978.270005,820,1619
5978.275006,873,1610
5978.280006,862,1613
5978.285005,821,1615
5978.290006,852,1608
5978.295006,865,1616
5978.300007,842,1614
5978.305006,835,1614
5978.310005,852,1616
5978.315007,852,1613
5978.320007,833,1617
5978.325006,860,1620
5978.330006,846,1619
5978.335006,826,1615
5978.340007,839,1619
5978.345005,871,1619
5978.350006,821,1620
5978.355006,838,1613
5978.360005,865,1621
5978.365005,843,1621
5978.370005,840,1621
5978.375005,853,1620
5978.380006,859,1620
5978.385007,839,1619
5978.390005,840,1621
5978.395006,867,1619
5978.400007,819,1624
5978.405007,840,1614
5978.410006,857,1620
5978.415006,838,1614
5978.420007,822,1622
5978.425005,862,1619
5978.430006,852,1620
5978.435005,816,1622
5978.440007,849,1618
5978.445006,860,1616
5978.450005,819,1617
5978.455005,847,1618
5978.460005,863,1616
5978.465005,835,1617
5978.470006,821,1617
5978.475007,862,1615
5978.480006,864,1602
5978.485005,816,1616
5978.490005,850,1610
5978.495005,872,1609
5978.500005,823,1610
5978.505005,839,1610
5978.510005,857,1608
5978.515007,833,1613
5978.520007,819,1610
5978.525006,858,1611
5978.530005,851,1602
5978.535005,827,1603
5978.540005,861,1602
5978.545006,874,1596
5978.550006,820,1600
5978.555006,824,1602
5978.560005,859,1598
5978.565006,852,1595
5978.570005,820,1598
5978.575005,863,1597
5978.580005,846,1599
5978.585005,819,1599
5978.590005,837,1598
5978.595007,869,1598
5978.600006,825,1596
5978.605005,828,1597
5978.610006,852,1598
5978.615006,847,1595
5978.620005,835,1594
5978.625006,852,1594
5978.630007,863,1593
5978.635006,813,1593
5978.640007,840,1590
5978.645006,870,1589
5978.650005,813,1593
5978.655007,837,1589
5978.660007,852,1586
5978.665005,844,1585
5978.670006,837,1582
5978.675006,856,1584
5978.680006,864,1583
5978.685005,816,1584
5978.690006,837,1585
5978.695006,846,1583
5978.700005,831,1584
5978.705006,823,1588
5978.710006,867,1587
5978.715006,831,1589
5978.720007,840,1587
5978.725006,850,1592
5978.730005,860,1589
5978.735005,830,1576
5978.740006,840,1592
5978.745005,846,1594
5978.750006,836,1594
5978.755007,830,1589
5978.760007,851,1594
5978.765007,833,1590
5978.770006,842,1592
5978.775006,856,1592
5978.780005,847,1593
5978.785005,817,1594
5978.790006,846,1592
5978.795007,850,1592
5978.800005,819,1594
5978.805007,846,1588
5978.810007,869,1593
5978.815006,844,1594
5978.820005,838,1593
5978.825005,849,1595
5978.830005,866,1592
5978.835005,818,1594
5978.840005,854,1593
5978.845006,851,1597
5978.850006,824,1600
5978.855006,823,1599
5978.860005,868,1600
5978.865005,840,1601
5978.870006,836,1603
5978.875005,849,1600
5978.880005,866,1602
5978.885005,819,1603
5978.890006,832,1604
5978.895006,874,1602
5978.900006,817,1607
5978.905006,843,1598
5978.910006,865,1602
5978.915007,844,1595
5978.920006,822,1605
5978.925007,865,1604
5978.930005,866,1603
5978.935006,824,1604
5978.940006,838,1597
5978.945006,866,1608
5978.950005,830,1606
5978.955005,826,1611
5978.960005,877,1606
5978.965006,842,1606
5978.970006,837,1601
5978.975007,863,1608
5978.980007,850,1615
5978.985007,825,1615
5978.990007,852,1615
5978.995006,877,1615
5979.000007,830,1622
5979.005005,832,1623
5979.010005,872,1621
5979.015006,858,1622
5979.020005,830,1627
5979.025006,865,1620
5979.030006,855,1633
5979.035005,833,1631
5979.040005,839,1636
5979.045006,875,1636
5979.050007,830,1638
5979.055006,843,1636
5979.060005,872,1629
5979.065006,862,1641
5979.070006,828,1640
5979.075005,865,1646
5979.080005,869,1643
5979.085005,841,1645
5979.090005,849,1640
5979.095006,872,1640
5979.100007,841,1642
5979.105006,834,1648
5979.110005,875,1645
5979.115006,857,1637
5979.120005,839,1645
5979.125005,857,1643
5979.130005,857,1641
5979.135005,836,1638
5979.140006,859,1637
5979.145006,854,1640
5979.150005,839,1635
5979.155006,839,1630
5979.160005,868,1622
5979.165005,856,1632
5979.170006,832,1636
5979.175007,870,1625
5979.180005,856,1633
5979.185006,818,1634
5979.190005,848,1632
5979.195006,854,1631
5979.200006,837,1630
5979.205007,846,1624
5979.210006,866,1627
5979.215006,856,1624
5979.220007,829,1622
5979.225006,859,1620
5979.230006,847,1624
5979.235005,840,1621
5979.240005,844,1620
5979.245005,852,1623
5979.250006,842,1620
5979.255006,825,1619
5979.260007,862,1620
5979.265005,857,1616
5979.270007,824,1615
5979.275006,856,1613
5979.280005,860,1614
5979.285006,831,1613
5979.290006,834,1614
5979.295006,870,1609
5979.300006,828,1610
5979.305007,847,1608
5979.310005,868,1604
5979.315006,842,1606
5979.320005,837,1604
5979.325006,864,1600
5979.330007,847,1601
5979.335006,834,1597
5979.340007,837,1597
5979.345005,868,1597
5979.350006,825,1594
5979.355007,844,1593
5979.360006,863,1594
5979.365005,843,1592
5979.370005,838,1592
5979.375005,854,1593
5979.380006,858,1593
5979.385007,835,1589
5979.390007,842,1592
5979.395006,869,1591
5979.400005,827,1595
5979.405007,832,1596
5979.410007,856,1596
5979.415006,857,1590
5979.420007,839,1594
5979.425006,853,1590
5979.430007,855,1593
5979.435007,832,1596
5979.440006,845,1595
5979.445005,851,1597
5979.450006,829,1596
5979.455007,829,1594
5979.460006,867,1594
5979.465006,860,1585
5979.470006,834,1592
5979.475007,856,1592
5979.480006,869,1593
5979.485005,821,1594
5979.490005,844,1590
5979.495005,858,1581
5979.500006,840,1587
5979.505006,836,1587
5979.510007,861,1587
5979.515007,840,1589
5979.520007,829,1588
5979.525007,852,1590
5979.530007,866,1588
5979.535006,824,1589
5979.540005,851,1587
5979.545005,868,1587
5979.550005,844,1586
5979.555006,825,1591
5979.560006,855,1593
5979.565005,842,1594
5979.570006,841,1591
5979.575005,867,1592
5979.580005,858,1591
5979.585005,814,1599
5979.590005,839,1592
5979.595006,868,1584
5979.600007,831,1595
5979.605007,823,1598
5979.610005,878,1596
5979.615005,860,1598
5979.620006,828,1597
5979.625006,851,1601
5979.630006,869,1597
5979.635007,822,1606
5979.640005,856,1604
5979.645006,862,1604
5979.650005,844,1605
5979.655006,833,1609
5979.660006,865,1605
5979.665007,841,1609
5979.670006,841,1605
5979.675006,856,1608
5979.680006,866,1602
5979.685007,820,1602
5979.690006,855,1603
5979.695005,874,1599
5979.700005,829,1602
5979.705005,834,1604
5979.710006,863,1602
5979.715007,843,1598
5979.720005,837,1598
5979.725006,876,1595
5979.730005,854,1598
5979.735006,820,1594
5979.740006,854,1598
5979.745006,865,1604
5979.750006,831,1599
5979.755006,833,1599
5979.760006,862,1600
5979.765006,854,1600
5979.770006,820,1604
5979.775006,866,1600
5979.780005,863,1601
5979.785005,830,1598
5979.790006,835,1605
5979.795007,860,1602
5979.800005,836,1600
5979.805007,850,1601
5979.810006,875,1599
5979.815006,862,1604
5979.820005,818,1604
5979.825006,851,1604
5979.830006,863,1605
5979.835007,827,1605
5979.840006,831,1611
5979.845007,856,1610
5979.850005,832,1601
5979.855006,829,1607
5979.860006,865,1608
5979.865005,849,1606
5979.870005,840,1606
5979.875006,852,1609
5979.880007,858,1610
5979.885005,842,1607
5979.890006,835,1611
5979.895005,874,1609
5979.900006,834,1609
5979.905005,826,1612
5979.910005,874,1609
5979.915005,851,1608
5979.920005,819,1607
5979.925005,869,1603
5979.930006,851,1606
5979.935005,818,1604
5979.940007,857,1601
5979.945005,864,1608
5979.950006,822,1610
5979.955007,840,1603
5979.960007,859,1602
5979.965006,857,1606
5979.970007,831,1599
5979.975007,855,1607
5979.980007,874,1603
5979.985007,834,1608
5979.990007,850,1605
5979.995007,851,1611
5980.000006,837,1603
5980.005006,824,1609
5980.010006,874,1605
5980.015006,843,1611
5980.020005,834,1608
5980.025007,857,1608
5980.030005,865,1605
5980.035005,823,1608
5980.040006,835,1602
5980.045006,863,1610
5980.050006,834,1601
5980.055007,840,1612
5980.060007,876,1613
5980.065007,865,1614
5980.070007,836,1611
5980.075006,852,1617
5980.080006,861,1616
5980.085006,821,1612
5980.090007,852,1617
5980.095007,860,1618
5980.100006,842,1622
5980.105005,846,1620
5980.110006,861,1622
5980.115006,867,1626
5980.120005,822,1627
5980.125005,871,1612
5980.130005,866,1625
5980.135005,828,1633
5980.140007,835,1632
5980.145005,878,1631
5980.150007,824,1636
5980.155005,845,1636
5980.160005,858,1639
5980.165005,849,1638
5980.170005,829,1636
5980.175005,876,1632
5980.180006,856,1635
5980.185005,827,1634
5980.190006,855,1632
5980.195005,861,1636
5980.200005,835,1631
5980.205006,847,1632
5980.210006,866,1633
5980.215006,863,1630
5980.220007,828,1629
5980.225006,873,1624
5980.230005,865,1626
5980.235007,839,1623
5980.240007,852,1623
5980.245005,863,1622
5980.250005,844,1613
5980.255005,836,1621
5980.260005,876,1618
5980.265006,872,1614
5980.270005,825,1616
5980.275006,850,1613
5980.280006,867,1615
5980.285006,827,1616
5980.290006,856,1612
5980.295006,863,1611
5980.300006,826,1613
5980.305006,834,1611
5980.310006,883,1611
5980.315006,849,1611
5980.320005,824,1610
5980.325005,849,1611
5980.330005,865,1608
5980.335005,842,1610
5980.340006,839,1608
5980.345007,855,1610
5980.350006,841,1610
5980.355006,827,1614
5980.360005,881,1615
5980.365006,863,1610
5980.370006,824,1618
5980.375006,862,1613
5980.380006,854,1621
5980.385006,835,1610
5980.390006,834,1618
5980.395005,866,1616
5980.400006,850,1614
5980.405006,829,1617
5980.410006,880,1610
5980.415007,855,1612
5980.420005,832,1613
5980.425006,849,1613
5980.430006,853,1616
5980.435005,837,1609
5980.440006,845,1613
5980.445007,866,1610
5980.450007,836,1605
5980.455007,837,1608
5980.460006,866,1608
5980.465007,850,1609
5980.470006,846,1608
5980.475006,860,1605
5980.480006,850,1608
5980.485005,835,1604
5980.490006,847,1603
5980.495006,870,1604
5980.500007,824,1603
5980.505006,844,1604
5980.510007,860,1606
5980.515006,864,1599
5980.520005,833,1601
5980.525007,858,1599
5980.530006,850,1602
5980.535005,822,1602
5980.540005,851,1594
5980.545006,861,1597
5980.550006,825,1598
5980.555006,842,1593
5980.560005,877,1592
5980.565007,845,1597
5980.570006,828,1597
5980.575007,861,1597
5980.580006,853,1597
5980.585005,822,1594
5980.590005,829,1596
5980.595006,875,1595
5980.600006,831,1595
5980.605006,821,1595
5980.610005,877,1597
5980.615005,857,1596
5980.620005,833,1594
5980.625005,844,1600
5980.630005,868,1599
5980.635006,832,1596
5980.640007,829,1603
5980.645006,857,1602
5980.650005,832,1599
5980.655006,843,1600
5980.660005,861,1600
5980.665005,857,1599
5980.670005,819,1603
5980.675005,872,1597
5980.680006,845,1603
5980.685006,822,1602
5980.690005,840,1602
5980.695006,859,1603
5980.700006,825,1608
5980.705006,849,1601
5980.710006,861,1603
5980.715005,865,1603
5980.720007,829,1603
5980.725005,848,1606
5980.730006,855,1603
5980.735005,827,1603
5980.740005,831,1605
5980.745006,875,1603
5980.750006,849,1603
5980.755006,845,1606
5980.760006,862,1606
5980.765006,845,1612
5980.770005,824,1609
5980.775006,864,1602
5980.780005,872,1609
5980.785005,823,1611
5980.790005,852,1610
5980.795006,874,1611
5980.800006,835,1613
5980.805007,848,1611
5980.810006,866,1616
5980.815005,852,1615
5980.820007,842,1611
5980.825006,867,1614
5980.830007,850,1615
5980.835007,841,1613
5980.840007,850,1615
5980.845005,860,1617
5980.850007,843,1615
5980.855006,825,1619
5980.860006,877,1620
5980.865005,856,1616
5980.870005,819,1617
5980.875006,868,1621
5980.880007,863,1620
5980.885005,824,1624
5980.890006,843,1612
5980.895005,875,1622
5980.900006,849,1622
5980.905006,837,1621
5980.910006,865,1619
5980.915006,848,1622
5980.920006,836,1619
5980.925007,858,1620
5980.930007,858,1618
5980.935005,838,1619
5980.940007,835,1620
5980.945005,860,1628
5980.950005,848,1620
5980.955006,844,1610
5980.960006,869,1621
5980.965006,856,1627
5980.970007,822,1623
5980.975007,866,1622
5980.980006,861,1625
5980.985005,841,1625
5980.990005,838,1629
5980.995006,873,1628
5981.000007,847,1624
5981.005006,833,1631
5981.010006,876,1629
5981.015007,855,1630
5981.020006,826,1623
5981.025005,853,1631
5981.030006,862,1628
5981.035006,824,1632
5981.040007,838,1629
5981.045005,860,1631
5981.050005,859,1622
5981.055006,847,1624
5981.060006,884,1619
5981.065006,853,1625
5981.070005,832,1621
5981.075006,852,1621
5981.080006,872,1617
5981.085007,835,1619
5981.090006,837,1619
5981.095006,866,1608
5981.100006,833,1615
5981.105005,828,1616
5981.110006,874,1614
5981.115007,854,1611
5981.120007,823,1611
5981.125006,866,1608
5981.130006,870,1605
5981.135007,822,1611
5981.140006,836,1606
5981.145005,868,1605
5981.150007,835,1604
5981.155006,843,1601
5981.160006,869,1602
5981.165006,854,1600
5981.170006,817,1604
5981.175006,873,1597
5981.180006,864,1601
5981.185006,816,1605
5981.190006,847,1601
5981.195006,873,1600
5981.200005,832,1602
5981.205006,826,1603
5981.210006,874,1600
5981.215006,858,1601
5981.220006,821,1601
5981.225006,854,1588
5981.230005,852,1601
5981.235006,821,1603
5981.240005,847,1597
5981.245006,865,1604
5981.250006,828,1604
5981.255007,839,1598
5981.260007,877,1601
5981.265005,858,1600
5981.270006,824,1604
5981.275005,847,1606
5981.280006,849,1603
5981.285006,825,1605
5981.290007,840,1604
5981.295006,855,1603
5981.300006,849,1600
5981.305006,826,1600
5981.310006,878,1602
5981.315005,852,1600
5981.320007,838,1598
5981.325006,846,1602
5981.330006,862,1601
5981.335006,819,1604
5981.340007,843,1598
5981.345005,876,1600
5981.350006,828,1602
5981.355006,842,1601
5981.360006,859,1599
5981.365005,846,1602
5981.370005,834,1601
5981.375006,851,1604
5981.380007,873,1598
5981.385007,827,1603
5981.390007,830,1607
5981.395005,868,1605
5981.400006,829,1608
5981.405005,834,1606
5981.410005,866,1610
5981.415005,852,1608
5981.420006,833,1603
5981.425007,863,1612
5981.430005,854,1614
5981.435006,843,1613
5981.440005,849,1614
5981.445006,858,1619
5981.450007,848,1614
5981.455006,827,1614
5981.460006,871,1617
5981.465007,851,1617
5981.470006,828,1609
5981.475006,855,1618
5981.480006,862,1623
5981.485006,825,1622
5981.490006,850,1619
5981.495005,860,1622
5981.500005,841,1622
5981.505006,830,1623
5981.510006,861,1627
5981.515007,856,1623
5981.520006,838,1625
5981.525005,860,1626
5981.530006,851,1623
5981.535006,827,1631
5981.540007,835,1627
5981.545007,877,1627
5981.550006,848,1624
5981.555006,840,1626
5981.560005,857,1633
5981.565007,846,1629
5981.570006,834,1626
5981.575006,865,1625
5981.580007,853,1621
5981.585006,835,1619
5981.590005,838,1621
5981.595006,861,1619
5981.600005,835,1619
5981.605006,848,1612
5981.610005,857,1615
5981.615005,860,1610
5981.620005,837,1607
5981.625006,852,1607
5981.630006,868,1608
5981.635006,825,1608
5981.640006,850,1596
5981.645007,867,1607
5981.650006,828,1609
5981.655006,842,1601
5981.660006,869,1604
5981.665007,848,1604
5981.670005,836,1604
5981.675006,854,1602
5981.680007,876,1599
5981.685006,841,1598
5981.690005,832,1600
5981.695006,855,1600
5981.700006,849,1599
5981.705007,828,1599
5981.710005,859,1600
5981.715006,865,1598
5981.720006,841,1596
5981.725005,858,1597
5981.730007,853,1600
5981.735007,839,1597
5981.740007,847,1598
5981.745006,858,1596
5981.750006,848,1598
5981.755005,841,1601
5981.760005,861,1603
5981.765006,846,1597
5981.770006,826,1598
5981.775005,846,1604
5981.780007,860,1600
5981.785007,833,1598
5981.790007,828,1602
5981.795006,860,1599
5981.800006,849,1597
5981.805006,827,1598
5981.810007,880,1596
5981.815007,849,1596
5981.820006,837,1596
5981.825005,851,1589
5981.830005,859,1597
5981.835005,822,1599
5981.840006,840,1600
5981.845006,882,1598
5981.850006,834,1600
5981.855006,822,1602
5981.860005,857,1603
5981.865005,862,1600
5981.870006,836,1594
5981.875007,854,1603
5981.880005,865,1592
5981.885005,830,1602
5981.890006,829,1608
5981.895005,880,1601
5981.900006,838,1603
5981.905005,828,1605
5981.910006,882,1600
5981.915006,858,1604
5981.920007,825,1604
5981.925005,865,1600
5981.930005,856,1606
5981.935006,838,1606
5981.940006,832,1606
5981.945006,876,1605
5981.950006,829,1609
5981.955006,839,1608
5981.960006,859,1609
5981.965006,866,1606
5981.970005,831,1608
5981.975006,850,1609
5981.980006,859,1607
5981.985005,822,1611
5981.990006,846,1610
5981.995005,860,1612
5982.000006,852,1610
5982.005006,832,1612
5982.010007,872,1605
5982.015005,852,1611
5982.020006,834,1613
5982.025005,864,1606
5982.030007,857,1615
5982.035007,818,1615
5982.040006,838,1613
5982.045007,869,1614
5982.050006,831,1618
5982.055006,826,1614
5982.060006,872,1618
5982.065005,855,1616
5982.070006,834,1619
5982.075006,855,1619
5982.080006,854,1619
5982.085007,842,1622
5982.090006,837,1624
5982.095006,859,1626
5982.100007,850,1620
5982.105005,848,1622
5982.110005,871,1624
5982.115005,850,1625
5982.120006,841,1622
5982.125006,856,1621
5982.130007,861,1624
5982.135007,841,1624
5982.140006,828,1626
5982.145006,869,1624
5982.150005,832,1632
5982.155005,838,1629
5982.160006,878,1625
5982.165007,866,1626
5982.170005,821,1632
5982.175005,857,1621
5982.180006,864,1627
5982.185007,842,1624
5982.190006,834,1630
5982.195005,873,1627
5982.200006,849,1630
5982.205006,831,1630
5982.210007,877,1627
5982.215005,862,1626
5982.220006,821,1632
5982.225005,851,1624
5982.230006,870,1625
5982.235005,828,1627
5982.240006,850,1624
5982.245005,871,1630
5982.250005,843,1629
5982.255005,833,1626
5982.260005,868,1615
5982.265006,868,1626
5982.270006,825,1626
5982.275007,848,1621
5982.280007,875,1623
5982.285006,830,1620
5982.290006,834,1620
5982.295007,861,1623
5982.300006,856,1618
5982.305006,836,1618
5982.310007,859,1617
5982.315007,868,1612
5982.320007,841,1608
5982.325007,852,1608
5982.330006,876,1606
5982.335005,825,1609
5982.340005,848,1602
5982.345007,867,1603
5982.350006,834,1602
5982.355006,832,1602
5982.360005,874,1599
5982.365005,846,1600
5982.370005,836,1595
5982.375006,865,1599
5982.380007,854,1600
5982.385006,833,1597
5982.390007,831,1592
5982.395006,874,1593
5982.400005,836,1595
5982.405006,831,1591
5982.410006,873,1591
5982.415006,842,1589
5982.420006,830,1592
5982.425006,846,1592
5982.430006,872,1585
5982.435005,831,1586
5982.440006,833,1591
5982.445006,855,1591
5982.450006,855,1589
5982.455005,825,1588
5982.460005,872,1585
5982.465006,866,1589
5982.470006,827,1585
5982.475006,844,1592
5982.480006,850,1591
5982.485006,839,1587
5982.490006,827,1592
5982.495005,864,1591
5982.500006,831,1595
5982.505005,849,1589
5982.510005,878,1588
5982.515006,854,1592
5982.520006,817,1597
5982.525006,855,1593
5982.530005,852,1601
5982.535005,839,1595
5982.540005,834,1597
5982.545005,859,1600
5982.550005,849,1590
5982.555005,842,1600
5982.560006,869,1592
5982.565006,864,1587
5982.570006,819,1600
5982.575006,858,1594
5982.580006,869,1598
5982.585005,821,1600
5982.590005,826,1598
5982.595006,873,1594
5982.600006,848,1587
5982.605005,839,1590
5982.610006,856,1590
5982.615007,864,1587
5982.620007,817,1588
5982.625007,861,1586
5982.630006,853,1589
5982.635007,838,1583
5982.640005,837,1587
5982.645006,852,1584
5982.650006,838,1584
5982.655005,848,1578
5982.660005,858,1588
5982.665005,844,1587
5982.670005,837,1586
5982.675005,845,1586
5982.680006,852,1589
5982.685006,833,1582
5982.690006,836,1591
5982.695006,854,1591
5982.700006,849,1589
5982.705007,839,1590
5982.710006,861,1597
5982.715006,849,1597
5982.720006,835,1594
5982.725006,840,1600
5982.730005,868,1599
5982.735006,817,1604
5982.740005,847,1605
5982.745006,858,1602
5982.750006,850,1606
5982.755007,822,1612
5982.760005,867,1610
5982.765006,872,1607
5982.770005,826,1610
5982.775006,866,1613
5982.780007,854,1612
5982.785006,837,1614
5982.790007,833,1611
5982.795006,880,1614
5982.800007,841,1611
5982.805005,848,1610
5982.810006,857,1616
5982.815005,845,1613
5982.820006,830,1616
5982.825005,848,1615
5982.830005,857,1620
5982.835006,821,1622
5982.840006,845,1620
5982.845007,863,1624
5982.850005,835,1621
5982.855006,849,1626
5982.860005,865,1625
5982.865005,874,1623
5982.870006,840,1625
5982.875006,858,1629
5982.880006,855,1629
5982.885006,836,1627
5982.890006,831,1627
5982.895006,860,1631
5982.900005,842,1628
5982.905006,845,1625
5982.910006,859,1630
5982.915007,869,1628
5982.920006,831,1629
5982.925007,845,1631
5982.930005,875,1620
5982.935006,840,1625
5982.940006,836,1627
5982.945005,879,1627
5982.950005,837,1625
5982.955005,831,1628
5982.960006,873,1626
5982.965007,868,1627
5982.970005,823,1630
5982.975006,858,1629
5982.980005,860,1629
5982.985006,837,1630
5982.990006,831,1630
5982.995005,876,1628
5983.000005,841,1627
5983.005005,830,1628
5983.010005,879,1626
5983.015006,864,1628
5983.020007,825,1625
5983.025006,863,1624
5983.030005,865,1617
5983.035006,824,1626
5983.040007,850,1619
5983.045005,867,1621
5983.050005,857,1617
5983.055006,824,1622
5983.060006,865,1615
5983.065007,869,1616
5983.070005,819,1615
5983.075005,858,1614
5983.080005,853,1611
5983.085006,828,1609
5983.090007,852,1604
5983.095005,863,1602
5983.100007,849,1599
5983.105006,837,1599
5983.110007,851,1599
5983.115006,859,1593
5983.120006,831,1593
5983.125006,841,1595
5983.130006,867,1588
5983.135005,817,1592
5983.140007,840,1588
5983.145005,873,1585
5983.150006,835,1588
5983.155005,843,1583
5983.160006,854,1586
5983.165006,865,1587
5983.170007,823,1584
5983.175005,856,1586
5983.180006,851,1589
5983.185005,836,1585
5983.190006,828,1594
5983.195006,875,1593
5983.200006,839,1596
5983.205006,819,1598
5983.210005,853,1599
5983.215005,869,1601
5983.220005,833,1596
5983.225007,843,1601
5983.230007,867,1592
5983.235007,830,1601
5983.240006,827,1601
5983.245005,855,1602
5983.250005,834,1603
5983.255005,828,1595
5983.260005,855,1599
5983.265007,864,1596
5983.270006,831,1595
5983.275005,842,1600
5983.280007,855,1599
5983.285006,842,1594
5983.290006,850,1595
5983.295007,858,1590
5983.300005,851,1594
5983.305006,841,1594
5983.310006,865,1594
5983.315005,846,1592
5983.320006,813,1595
5983.325005,853,1595
5983.330005,856,1596
5983.335005,841,1593
5983.340005,836,1594
5983.345006,853,1597
5983.350005,854,1591
5983.355006,826,1597
5983.360007,865,1598
5983.365006,844,1599
5983.370007,841,1597
5983.375006,841,1604
5983.380006,873,1603
5983.385005,833,1605
5983.390007,830,1608
5983.395006,874,1612
5983.400005,840,1611
5983.405006,819,1616
5983.410006,879,1616
5983.415007,846,1619
5983.420007,834,1618
5983.425007,839,1622
5983.430006,869,1624
5983.435006,828,1620
5983.440005,828,1620
5983.445006,877,1628
5983.450007,840,1628
5983.455005,832,1629
5983.460006,870,1627
5983.465005,853,1628
5983.470006,843,1626
5983.475005,858,1627
5983.480006,864,1627
5983.485006,831,1627
5983.490005,847,1622
5983.495006,878,1629
5983.500006,842,1631
5983.505007,843,1617
5983.510005,872,1629
5983.515006,851,1630
5983.520006,845,1629
5983.525006,852,1619
5983.530006,872,1627
5983.535005,835,1629
5983.540006,836,1619
5983.545006,863,1627
5983.550007,855,1622
5983.555006,831,1628
5983.560005,875,1628
5983.565006,865,1626
5983.570005,828,1627
5983.575006,846,1626
5983.580007,873,1624
5983.585006,834,1625
5983.590006,837,1612
5983.595005,874,1625
5983.600006,835,1626
5983.605005,843,1620
5983.610006,869,1622
5983.615006,849,1623
5983.620005,830,1621
5983.625005,859,1617
5983.630006,861,1615
5983.635006,821,1618
5983.640006,848,1619
5983.645006,860,1619
5983.650006,846,1621
5983.655005,829,1619
5983.660006,865,1617
5983.665007,860,1618
5983.670005,836,1617
5983.675005,864,1616
5983.680006,857,1616
5983.685005,828,1615
5983.690006,853,1617
5983.695005,873,1617
5983.700005,837,1619
5983.705006,842,1615
5983.710006,865,1616
5983.715006,867,1613
5983.720006,819,1622
5983.725006,861,1614
5983.730006,869,1612
5983.735005,845,1607
5983.740005,849,1611
5983.745005,854,1609
5983.750006,835,1608
5983.755007,841,1606
5983.760005,858,1604
5983.765007,862,1604
5983.770006,843,1598
5983.775005,849,1600
5983.780006,854,1597
5983.785007,844,1594
5983.790007,825,1594
5983.795005,868,1589
5983.800005,852,1583
5983.805006,821,1588
5983.810005,861,1584
5983.815006,864,1584
5983.820006,816,1581
5983.825006,842,1580
5983.830006,871,1578
5983.835005,817,1578
5983.840006,833,1574
5983.845006,870,1574
5983.850006,834,1578
5983.855006,829,1575
5983.860006,857,1578
5983.865005,857,1576
5983.870005,842,1572
5983.875005,858,1576
5983.880006,847,1572
5983.885006,828,1576
5983.890007,840,1565
5983.895007,865,1572
5983.900005,841,1574
5983.905006,831,1574
5983.910005,854,1576
5983.915005,858,1576
5983.920006,834,1574
5983.925006,843,1577
5983.930007,871,1579
5983.935006,826,1579
5983.940006,833,1572
5983.945005,860,1583
5983.950006,833,1586
5983.955006,837,1584
5983.960007,850,1592
5983.965005,852,1591
5983.970006,836,1589
5983.975006,841,1595
5983.980005,852,1595
5983.985006,833,1596
5983.990007,842,1598
5983.995007,854,1600
5984.000006,847,1595
5984.005006,825,1588
5984.010006,856,1599
5984.015006,871,1594
5984.020005,812,1602
5984.025006,851,1596
5984.030006,850,1601
5984.035006,834,1598
5984.040007,832,1600
5984.045005,857,1600
5984.050006,838,1599
5984.055006,819,1600
5984.060007,853,1593
5984.065007,865,1599
5984.070006,823,1604
5984.075006,835,1599
5984.080006,871,1607
5984.085005,823,1609
5984.090005,844,1608
5984.095006,865,1612
5984.100005,838,1615
5984.105007,831,1617
5984.110006,870,1622
5984.115005,850,1620
5984.120005,831,1622
5984.125005,839,1629
5984.130005,872,1629
5984.135006,832,1632
5984.140006,826,1633
5984.145007,870,1632
5984.150007,838,1636
5984.155007,848,1634
5984.160006,860,1641
5984.165007,854,1632
5984.170005,820,1645
5984.175005,857,1638
5984.180006,869,1644
5984.185005,838,1641
5984.190006,837,1651
5984.195005,882,1648
5984.200006,842,1652
5984.205006,840,1646
5984.210007,859,1650
5984.215006,855,1651
5984.220006,842,1650
5984.225006,841,1651
5984.230006,865,1639
5984.235005,837,1652
5984.240005,836,1650
5984.245006,865,1649
5984.250007,842,1648
5984.255006,846,1649
5984.260006,862,1647
5984.265006,864,1646
5984.270006,843,1647
5984.275005,844,1645
5984.280007,878,1644
5984.285007,826,1644
5984.290007,851,1644
5984.295007,858,1647
5984.300005,858,1642
5984.305007,831,1640
5984.310006,872,1639
5984.315005,869,1641
5984.320006,828,1640
5984.325007,858,1639
5984.330007,861,1643
5984.335006,839,1643
5984.340007,851,1638
5984.345005,868,1638
5984.350006,864,1636
5984.355005,825,1638
5984.360007,873,1640
5984.365007,853,1638
5984.370007,838,1631
5984.375006,861,1632
5984.380006,862,1634
5984.385007,830,1632
5984.390006,830,1635
5984.395005,880,1630
5984.400007,850,1629
5984.405007,844,1628
5984.410006,868,1629
5984.415006,853,1629
5984.420007,845,1626
5984.425005,850,1628
5984.430006,855,1627
5984.435005,833,1627
5984.440006,850,1626
5984.445005,875,1626
5984.450005,851,1626
5984.455006,833,1625
5984.460006,870,1627
5984.465006,850,1627
5984.470005,836,1628
5984.475006,845,1617
5984.480005,853,1629
5984.485006,828,1631
5984.490006,851,1622
5984.495005,874,1627
5984.500006,851,1631
5984.505006,825,1632
5984.510006,874,1630
5984.515006,869,1629
5984.520005,833,1630
5984.525007,837,1631
5984.530007,870,1630
5984.535006,829,1630
5984.540006,847,1627
5984.545007,869,1627
5984.550005,850,1626
5984.555006,829,1628
5984.560006,875,1627
5984.565005,853,1632
5984.570006,835,1627
5984.575005,849,1622
5984.580005,869,1622
5984.585006,824,1629
5984.590006,827,1626
5984.595006,870,1624
5984.600007,840,1631
5984.605007,822,1627
5984.610006,861,1626
5984.615006,868,1626
5984.620005,818,1630
5984.625005,847,1627
5984.630005,870,1620
5984.635006,836,1628
5984.640007,828,1627
5984.645006,882,1625
5984.650006,840,1628
5984.655005,835,1624
5984.660005,861,1625
5984.665005,846,1626
5984.670005,830,1622
5984.675005,841,1621
5984.680006,862,1622
5984.685006,837,1615
5984.690006,835,1620
5984.695006,876,1617
5984.700006,843,1618
5984.705007,843,1615
5984.710005,858,1617
5984.715005,870,1613
5984.720007,817,1618
5984.725006,845,1617
5984.730005,876,1613
5984.735006,831,1619
5984.740005,823,1620
5984.745006,857,1619
5984.750006,850,1618
5984.755006,822,1619
5984.760007,860,1617
5984.765006,863,1614
5984.770005,820,1617
5984.775006,834,1617
5984.780005,852,1616
5984.785006,819,1613
5984.790007,827,1608
5984.795005,874,1613
5984.800005,842,1610
5984.805007,820,1612
5984.810006,876,1608
5984.815005,857,1609
5984.820007,836,1609
5984.825006,842,1607
5984.830007,848,1610
5984.835005,827,1609
5984.840005,849,1606
5984.845006,874,1608
5984.850005,836,1610
5984.855006,819,1609
5984.860005,876,1608
5984.865005,856,1606
5984.870005,812,1610
5984.875005,831,1609
5984.880005,859,1606
5984.885006,842,1605
5984.890007,841,1605
5984.895007,855,1604
5984.900007,862,1605
5984.905006,820,1603
5984.910005,865,1602
5984.915006,864,1599
5984.920006,824,1600
5984.925007,832,1602
5984.930006,855,1603
5984.935005,829,1596
5984.940006,847,1595
5984.945005,864,1597
5984.950006,840,1596
5984.955007,829,1600
5984.960006,875,1592
5984.965006,848,1595
5984.970007,831,1590
5984.975006,850,1592
5984.980005,859,1595
5984.985005,818,1595
5984.990005,849,1588
5984.995006,862,1589
5985.000007,837,1590
5985.005006,827,1585
5985.010007,852,1588
5985.015006,860,1584
5985.020005,840,1583
5985.025007,837,1586
5985.030006,857,1581
5985.035005,845,1584
5985.040005,844,1586
5985.045005,866,1588
5985.050005,839,1588
5985.055006,828,1577
5985.060007,856,1590
5985.065006,868,1584
5985.070005,825,1597
5985.075006,849,1593
5985.080007,855,1596
5985.085007,835,1597
5985.090005,825,1599
5985.095006,876,1594
5985.100005,844,1593
5985.105006,837,1589
5985.110005,861,1590
5985.115006,853,1588
5985.120006,819,1591
5985.125006,858,1588
5985.130006,868,1584
5985.135007,824,1590
5985.140005,837,1588
5985.145006,863,1588
5985.150007,859,1587
5985.155007,834,1587
5985.160007,853,1591
5985.165005,858,1594
5985.170006,816,1598
5985.175006,844,1597
5985.180006,870,1599
5985.185005,832,1605
5985.190006,827,1608
5985.195006,883,1605
5985.200006,847,1610
5985.205007,838,1609
5985.210005,864,1616
5985.215005,848,1622
5985.220006,833,1618
5985.225005,852,1626
5985.230007,876,1625
5985.235006,824,1631
5985.240006,841,1632
5985.245006,881,1633
5985.250006,845,1640
5985.255006,840,1637
5985.260007,879,1637
5985.265006,856,1633
5985.270006,837,1640
5985.275006,836,1644
5985.280006,869,1643
5985.285006,827,1644
5985.290007,844,1635
5985.295006,882,1640
5985.300006,852,1639
5985.305006,827,1644
5985.310007,859,1642
5985.315006,872,1639
5985.320006,831,1639
5985.325006,839,1640
5985.330007,872,1630
5985.335007,844,1637
5985.340006,837,1633
5985.345006,881,1634
5985.350006,865,1635
5985.355005,827,1637
5985.360006,878,1633
5985.365005,861,1636
5985.370005,838,1629
5985.375005,841,1635
5985.380006,862,1631
5985.385007,850,1630
5985.390005,845,1633
5985.395006,882,1629
5985.400006,849,1632
5985.405005,819,1630
5985.410005,865,1628
5985.415005,855,1629
5985.420005,841,1627
5985.425006,852,1628
5985.430007,855,1627
5985.435005,841,1620
5985.440007,852,1616
5985.445007,869,1616
5985.450006,844,1617
5985.455006,833,1616
5985.460005,861,1615
5985.465006,875,1610
5985.470007,830,1611
5985.475006,846,1608
5985.480005,865,1603
5985.485006,834,1609
5985.490005,844,1602
5985.495006,865,1604
5985.500006,862,1606
5985.505007,826,1592
5985.510005,870,1602
5985.515006,868,1600
5985.520005,826,1597
5985.525006,843,1595
5985.530006,874,1595
5985.535005,828,1598
5985.540005,827,1598
5985.545005,874,1594
5985.550006,840,1598
5985.555007,837,1585
5985.560007,864,1590
5985.565006,852,1588
5985.570005,832,1589
5985.575005,831,1587
5985.580006,865,1583
5985.585007,821,1584
5985.590005,841,1583
5985.595006,858,1579
5985.600006,845,1571
5985.605005,832,1578
5985.610007,853,1577
5985.615007,866,1577
5985.620006,821,1581
5985.625007,838,1577
5985.630006,877,1575
5985.635007,836,1581
5985.640006,830,1573
5985.645005,867,1581
5985.650007,863,1580
5985.655007,838,1581
5985.660006,865,1581
5985.665006,869,1581
5985.670006,834,1583
5985.675006,834,1583
5985.680007,853,1584
5985.685005,820,1587
5985.690006,835,1585
5985.695006,858,1584
5985.700005,858,1584
5985.705005,828,1584
5985.710005,848,1586
5985.715005,867,1583
5985.720006,825,1582
5985.725005,831,1581
5985.730006,867,1586
5985.735006,824,1581
5985.740005,845,1583
5985.745005,860,1588
5985.750005,846,1587
5985.755005,825,1584
5985.760005,871,1585
5985.765006,862,1587
5985.770005,817,1590
5985.775006,840,1580
5985.780007,854,1586
5985.785005,824,1589
5985.790006,835,1587
5985.795007,857,1593
5985.800006,854,1588
5985.805005,824,1590
5985.810007,871,1592
5985.815007,846,1587
5985.820007,831,1592
5985.825007,839,1593
5985.830005,857,1597
5985.835005,849,1593
5985.840005,830,1597
5985.845007,861,1591
5985.850005,860,1603
5985.855006,822,1606
5985.860006,869,1604
5985.865005,873,1607
5985.870005,835,1605
5985.875006,849,1606
5985.880006,864,1613
5985.885006,838,1607
5985.890007,835,1616
5985.895006,874,1612
5985.900006,850,1616
5985.905005,821,1620
5985.910005,869,1624
5985.915005,855,1620
5985.920006,837,1618
5985.925007,838,1618
5985.930005,872,1620
5985.935006,844,1619
5985.940005,833,1620
5985.945006,860,1622
5985.950006,860,1619
5985.955006,824,1622
5985.960006,869,1621
5985.965006,861,1624
5985.970005,827,1623
5985.975006,834,1620
5985.980005,872,1621
5985.985007,825,1627
5985.990006,831,1619
5985.995005,885,1621
5986.000006,860,1624
5986.005006,828,1625
5986.010007,852,1626
5986.015005,865,1615
5986.020006,833,1625
5986.025005,835,1626
5986.030006,872,1617
5986.035006,839,1629
5986.040006,847,1627
5986.045006,873,1625
5986.050005,860,1628
5986.055007,819,1624
5986.060006,869,1627
5986.065006,852,1628
5986.070005,819,1634
5986.075006,854,1628
5986.080006,862,1629
5986.085006,844,1628
5986.090006,829,1632
5986.095006,862,1630
5986.100006,857,1619
5986.105005,834,1631
5986.110007,856,1632
5986.115006,877,1631
5986.120006,828,1620
5986.125006,846,1627
5986.130006,870,1628
5986.135006,825,1629
5986.140007,850,1624
5986.145007,871,1625
5986.150007,849,1616
5986.155006,834,1627
5986.160005,854,1626
5986.165005,873,1622
5986.170005,834,1622
5986.175005,848,1618
5986.180006,861,1621
5986.185007,834,1620
5986.190007,834,1619
5986.195007,858,1617
5986.200006,862,1617
5986.205006,827,1616
5986.210006,857,1616
5986.215007,870,1611
5986.220007,834,1605
5986.225006,839,1610
5986.230005,879,1601
5986.235007,846,1604
5986.240006,838,1602
5986.245006,854,1605
5986.250007,868,1598
5986.255007,831,1597
5986.260005,866,1595
5986.265006,854,1592
5986.270007,816,1596
5986.275006,840,1592
5986.280006,866,1583
5986.285005,840,1589
5986.290005,831,1587
5986.295005,881,1588
5986.300005,864,1585
5986.305006,835,1591
5986.310005,846,1587
5986.315006,872,1583
5986.320005,830,1583
5986.325005,828,1584
5986.330006,870,1582
5986.335006,828,1582
5986.340006,830,1579
5986.345006,873,1581
5986.350006,853,1586
5986.355005,827,1582
5986.360007,852,1583
5986.365007,871,1584
5986.370006,818,1586
5986.375006,843,1573
5986.380007,864,1586
5986.385007,822,1583
5986.390006,842,1583
5986.395006,866,1584
5986.400005,844,1588
5986.405006,837,1586
5986.410006,850,1588
5986.415007,858,1589
5986.420005,816,1589
5986.425005,842,1589
5986.430005,865,1587
5986.435007,830,1589
5986.440006,837,1581
5986.445006,866,1592
5986.450005,838,1594
5986.455006,834,1590
5986.460007,844,1596
5986.465006,867,1593
5986.470007,816,1597
5986.475005,835,1597
5986.480006,876,1597
5986.485006,836,1600
5986.490005,840,1596
5986.495006,874,1599
5986.500006,853,1599
5986.505007,814,1603
5986.510007,856,1604
5986.515007,852,1605
5986.520006,814,1608
5986.525005,849,1603
5986.530006,860,1608
5986.535006,826,1608
5986.540006,830,1596
5986.545006,873,1609
5986.550005,843,1605
5986.555006,835,1612
5986.560005,848,1611
5986.565006,847,1612
5986.570006,830,1616
5986.575005,827,1616
5986.580005,875,1616
5986.585006,826,1616
5986.590007,835,1615
5986.595007,854,1625
5986.600006,858,1619
5986.605005,820,1624
5986.610007,865,1620
5986.615007,847,1625
5986.620006,831,1629
5986.625006,833,1629
5986.630007,858,1627
5986.635005,841,1628
5986.640006,833,1634
5986.645005,881,1636
5986.650006,859,1636
5986.655006,833,1634
5986.660005,869,1636
5986.665005,852,1641
5986.670005,837,1637
5986.675005,834,1641
5986.680006,858,1644
5986.685005,842,1640
5986.690006,847,1637
5986.695005,873,1638
5986.700005,866,1642
5986.705006,829,1645
5986.710006,876,1639
5986.715006,859,1641
5986.720006,827,1641
5986.725005,852,1640
5986.730007,875,1637
5986.735007,832,1640
5986.740006,843,1636
5986.745007,871,1631
5986.750007,863,1636
5986.755006,826,1632
5986.760006,860,1635
5986.765007,867,1631
5986.770007,821,1632
5986.775006,847,1629
5986.780006,879,1628
5986.785006,832,1628
5986.790006,826,1630
5986.795006,859,1624
5986.800007,856,1626
5986.805006,823,1626
5986.810005,864,1624
5986.815006,853,1624
5986.820005,845,1617
5986.825005,845,1611
5986.830005,871,1614
5986.835006,827,1613
5986.840007,839,1616
5986.845006,861,1617
5986.850006,851,1613
5986.855006,844,1611
5986.860006,874,1606
5986.865006,870,1606
5986.870005,824,1608
5986.875005,826,1609
5986.880006,865,1607
5986.885006,848,1604
5986.890007,839,1602
5986.895006,880,1601
5986.900005,853,1601
5986.905006,816,1601
5986.910006,860,1597
5986.915007,852,1599
5986.920005,837,1596
5986.925006,835,1595
5986.930006,856,1597
5986.935005,843,1585
5986.940006,837,1590
5986.945005,879,1591
5986.950006,854,1588
5986.955006,825,1587
5986.960006,844,1587
5986.965006,863,1584
5986.970006,834,1583
5986.975006,841,1588
5986.980006,862,1585
5986.985005,828,1585
5986.990005,836,1587
5986.995006,881,1586
5987.000006,864,1587
5987.005006,819,1591
5987.010006,850,1580
5987.015007,861,1590
5987.020005,820,1593
5987.025006,842,1591
5987.030005,852,1593
5987.035006,834,1592
5987.040005,833,1593
5987.045006,857,1598
5987.050007,870,1591
5987.055006,818,1595
5987.060005,849,1598
5987.065007,875,1595
5987.070006,821,1597
5987.075005,850,1593
5987.080005,864,1593
5987.085005,845,1594
5987.090005,824,1595
5987.095007,878,1595
5987.100005,845,1595
5987.105006,834,1586
5987.110006,848,1587
5987.115006,862,1594
5987.120006,834,1597
5987.125006,845,1594
5987.130005,864,1593
5987.135006,828,1596
5987.140005,843,1593
5987.145006,870,1594
5987.150006,851,1594
5987.155005,821,1595
5987.160005,858,1595
5987.165005,865,1584
5987.170005,821,1597
5987.175006,844,1592
5987.180006,857,1598
5987.185005,845,1598
5987.190007,835,1600
5987.195006,874,1601
5987.200005,850,1609
5987.205005,814,1602
5987.210005,861,1610
5987.215005,865,1604
5987.220006,826,1611
5987.225005,837,1613
5987.230006,850,1612
5987.235006,833,1610
5987.240006,828,1618
5987.245005,861,1615
5987.250005,847,1620
5987.255005,832,1618
5987.260005,851,1619
5987.265007,874,1618
5987.270006,828,1618
5987.275006,830,1619
5987.280005,857,1617
5987.285005,848,1615
5987.290006,840,1618
5987.295006,862,1617
5987.300006,868,1619
5987.305006,840,1615
5987.310005,849,1618
5987.315006,848,1621
5987.320005,829,1617
5987.325005,837,1619
5987.330005,878,1613
5987.335005,843,1618
5987.340005,829,1619
5987.345006,858,1621
5987.350005,847,1622
5987.355007,830,1611
5987.360006,858,1617
5987.365006,869,1620
5987.370005,824,1620
5987.375005,845,1620
5987.380005,871,1612
5987.385005,832,1622
5987.390006,845,1622
5987.395005,871,1610
5987.400006,848,1622
5987.405005,843,1620
5987.410005,851,1621
5987.415006,871,1621
5987.420007,837,1621
5987.425005,844,1623
5987.430006,859,1626
5987.435007,844,1613
5987.440006,828,1622
5987.445006,860,1622
5987.450006,861,1619
5987.455006,824,1621
5987.460006,869,1619
5987.465005,868,1612
5987.470006,828,1615
5987.475005,830,1614
5987.480006,856,1615
5987.485005,847,1611
5987.490006,828,1608
5987.495006,859,1612
5987.500007,861,1611
5987.505006,841,1608
5987.510007,852,1609
5987.515005,854,1603
5987.520006,832,1608
5987.525006,847,1604
5987.530006,867,1605
5987.535005,851,1603
5987.540005,827,1605
5987.545005,878,1604
5987.550005,854,1603
5987.555006,823,1603
5987.560005,862,1600
5987.565007,863,1601
5987.570006,833,1601
5987.575005,841,1600
5987.580005,860,1601
5987.585005,834,1603
5987.590005,822,1606
5987.595006,870,1599
5987.600005,845,1604
5987.605006,836,1598
5987.610005,862,1600
5987.615005,853,1599
5987.620006,835,1598
5987.625005,827,1598
5987.630006,880,1595
5987.635007,834,1598
5987.640006,838,1591
5987.645005,863,1599
5987.650007,862,1598
5987.655007,823,1598
5987.660006,863,1596
5987.665006,846,1601
5987.670006,836,1597
5987.675006,841,1600
5987.680007,873,1596
5987.685006,830,1596
5987.690006,841,1593
5987.695005,859,1594
5987.700005,864,1591
5987.705006,820,1594
5987.710006,842,1594
5987.715007,853,1592
5987.720006,841,1593
5987.725006,834,1591
5987.730005,860,1595
5987.735006,850,1587
5987.740007,835,1589
5987.745006,868,1593
5987.750006,848,1594
5987.755005,835,1588
5987.760005,854,1592
5987.765006,856,1591
5987.770006,820,1592
5987.775006,825,1595
5987.780006,871,1594
5987.785005,833,1594
5987.790005,836,1580
5987.795005,868,1591
5987.800005,848,1597
5987.805006,840,1595
5987.810006,864,1592
5987.815005,851,1597
5987.820007,834,1597
5987.825007,833,1596
5987.830007,854,1603
5987.835005,853,1599
5987.840006,848,1600
5987.845006,871,1606
5987.850005,868,1603
5987.855006,822,1607
5987.860006,864,1609
5987.865006,857,1611
5987.870005,828,1614
5987.875005,854,1613
5987.880005,866,1615
5987.885006,858,1614
5987.890006,849,1615
5987.895005,877,1617
5987.900006,854,1618
5987.905005,844,1620
5987.910005,864,1620
5987.915006,849,1622
5987.920005,824,1620
5987.925005,849,1622
5987.930007,869,1618
5987.935005,850,1623
5987.940006,833,1627
5987.945005,875,1621
5987.950006,851,1625
5987.955007,839,1617
5987.960005,851,1624
5987.965005,873,1625
5987.970006,821,1627
5987.975006,840,1629
5987.980006,864,1627
5987.985006,838,1624
5987.990005,850,1626
5987.995005,877,1628
5988.000005,852,1627
5988.005005,840,1616
5988.010005,861,1626
5988.015006,860,1625
5988.020005,838,1625
5988.025006,830,1627
5988.030007,875,1622
5988.035006,839,1616
5988.040006,840,1624
5988.045006,859,1628
5988.050006,872,1620
5988.055007,824,1623
5988.060006,843,1624
5988.065007,859,1620
5988.070007,837,1622
5988.075007,852,1617
5988.080006,854,1618
5988.085006,836,1617
5988.090006,840,1612
5988.095006,875,1609
5988.100005,852,1609
5988.105006,841,1601
5988.110005,861,1600
5988.115006,856,1598
5988.120005,828,1596
5988.125006,843,1586
5988.130006,864,1592
5988.135005,830,1590
5988.140006,830,1592
5988.145007,860,1589
5988.150006,845,1591
5988.155005,837,1585
5988.160006,853,1589
5988.165007,854,1590
5988.170007,837,1588
5988.175005,829,1590
5988.180006,880,1581
5988.185005,846,1586
5988.190006,842,1584
5988.195006,858,1587
5988.200006,856,1586
5988.205007,816,1589
5988.210006,858,1582
5988.215007,865,1585
5988.220006,832,1586
5988.225006,827,1588
5988.230006,868,1580
5988.235006,830,1588
5988.240005,843,1589
5988.245005,850,1593
5988.250005,846,1593
5988.255005,841,1586
5988.260006,856,1595
5988.265006,866,1589
5988.270006,826,1594
5988.275005,826,1594
5988.280006,862,1595
5988.285006,837,1595
5988.290006,821,1597
5988.295006,863,1599
5988.300007,847,1601
5988.305005,836,1598
5988.310007,843,1601
5988.315006,872,1601
5988.320006,818,1606
5988.325006,841,1605
5988.330006,876,1606
5988.335006,836,1606
5988.340006,843,1609
5988.345006,874,1603
5988.350006,845,1610
5988.355006,829,1609
5988.360006,852,1604
5988.365006,870,1609
5988.370006,838,1609
5988.375006,838,1614
5988.380006,856,1617
5988.385006,851,1613
5988.390006,839,1615
5988.395005,877,1616
5988.400006,851,1619
5988.405006,818,1619
5988.410006,857,1617
5988.415006,855,1614
5988.420007,832,1620
5988.425006,855,1619
5988.430007,861,1619
5988.435006,842,1621
5988.440005,824,1618
5988.445007,880,1617
5988.450007,851,1619
5988.455007,833,1618
5988.460006,842,1618
5988.465006,871,1616
5988.470005,831,1616
5988.475007,833,1618
5988.480006,883,1616
5988.485005,837,1617
5988.490006,839,1619
5988.495005,872,1617
5988.500005,872,1618
5988.505006,820,1625
5988.510007,844,1622
5988.515006,871,1621
5988.520005,839,1617
5988.525006,842,1623
5988.530006,855,1626
5988.535006,845,1625
5988.540007,834,1616
5988.545006,864,1624
5988.550006,870,1624
5988.555007,831,1625
5988.560006,848,1629
5988.565006,869,1627
5988.570005,830,1627
5988.575005,830,1628
5988.580006,872,1626
5988.585007,843,1616
5988.590005,842,1622
5988.595007,861,1624
5988.600006,852,1619
5988.605006,840,1621
5988.610005,856,1613
5988.615005,867,1622
5988.620005,820,1625
5988.625005,851,1621
5988.630005,860,1626
5988.635005,848,1620
5988.640006,832,1621
5988.645007,875,1623
5988.650006,859,1624
5988.655005,843,1616
5988.660005,861,1625
5988.665005,866,1627
5988.670005,824,1627
5988.675006,844,1622
5988.680007,869,1624
5988.685007,835,1628
5988.690006,843,1625
5988.695006,863,1627
5988.700005,857,1611
5988.705006,827,1624
5988.710007,845,1625
5988.715006,872,1622
5988.720006,831,1622
5988.725007,851,1622
5988.730007,865,1620
5988.735007,840,1613
5988.740005,837,1621
5988.745006,877,1617
5988.750005,859,1618
5988.755005,830,1620
5988.760006,849,1619
5988.765006,876,1619
5988.770006,841,1620
5988.775005,842,1618
5988.780006,857,1617
5988.785007,846,1612
5988.790007,839,1612
5988.795005,863,1611
5988.800005,849,1604
5988.805007,829,1610
5988.810006,866,1604
5988.815005,859,1603
5988.820007,820,1609
5988.825006,840,1603
5988.830005,876,1597
5988.835005,835,1604
5988.840005,842,1596
5988.845006,863,1598
5988.850006,870,1597
5988.855005,828,1600
5988.860006,856,1599
5988.865005,874,1599
5988.870006,820,1603
5988.875007,852,1598
5988.880005,860,1602
5988.885005,836,1599
5988.890006,837,1602
5988.895006,860,1603
5988.900006,867,1600
5988.905005,832,1600
5988.910005,862,1601
5988.915005,851,1606
5988.920006,828,1603
5988.925006,851,1602
5988.930006,863,1607
5988.935007,835,1608
5988.940007,847,1602
5988.945006,867,1605
5988.950006,863,1602
5988.955006,835,1605
5988.960006,840,1608
5988.965005,862,1610
5988.970006,837,1611
5988.975006,834,1610
5988.980005,857,1611
5988.985006,844,1610
5988.990006,843,1609
5988.995005,876,1608
5989.000006,859,1610
5989.005007,817,1616
5989.010006,854,1610
5989.015007,874,1610
5989.020006,823,1610
5989.025006,847,1610
5989.030006,858,1613
5989.035006,849,1612
5989.040006,841,1614
5989.045007,853,1617
5989.050007,865,1614
5989.055005,842,1613
5989.060007,846,1614
5989.065007,863,1616
5989.070006,817,1620
5989.075006,841,1620
5989.080006,855,1619
5989.085006,852,1617
5989.090006,826,1617
5989.095006,870,1617
5989.100006,853,1616
5989.105006,822,1616
5989.110005,847,1615
5989.115006,873,1616
5989.120005,827,1612
5989.125005,851,1609
5989.130005,856,1612
5989.135006,838,1612
5989.140007,831,1609
5989.145006,858,1611
5989.150006,865,1607
5989.155005,822,1609
5989.160005,841,1605
5989.165006,870,1591
5989.170007,831,1607
5989.175006,844,1605
5989.180007,867,1608
5989.185005,834,1609
5989.190006,838,1607
5989.195005,856,1614
5989.200006,867,1607
5989.205006,818,1614
5989.210007,838,1612
5989.215006,851,1615
5989.220006,843,1613
5989.225005,843,1612
5989.230007,863,1616
5989.235006,835,1619
5989.240005,836,1618
5989.245006,868,1606
5989.250007,868,1618
5989.255005,825,1606
5989.260006,850,1617
5989.265006,870,1620
5989.270006,841,1620
5989.275005,842,1621
5989.280007,866,1623
5989.285007,851,1622
5989.290006,832,1626
5989.295005,861,1627
5989.300005,865,1627
5989.305005,820,1630
5989.310007,840,1632
5989.315007,874,1626
5989.320006,823,1629
5989.325005,840,1622
5989.330005,870,1629
5989.335006,852,1627
5989.340006,832,1633
5989.345006,879,1628
5989.350006,856,1632
5989.355006,819,1634
5989.360005,855,1633
5989.365005,865,1628
5989.370005,841,1632
5989.375006,834,1629
5989.380007,877,1629
5989.385006,843,1630
5989.390007,822,1631
5989.395005,872,1629
5989.400006,856,1628
5989.405005,821,1630
5989.410005,849,1630
5989.415005,877,1626
5989.420006,833,1630
5989.425006,832,1632
5989.430006,867,1626
5989.435006,835,1632
5989.440005,846,1631
5989.445006,864,1633
5989.450006,845,1635
5989.455007,837,1627
5989.460006,857,1630
5989.465007,872,1631
5989.470005,824,1629
5989.475006,847,1626
5989.480005,865,1628
5989.485005,840,1629
5989.490005,838,1625
5989.495005,861,1627
5989.500006,847,1623
5989.505006,829,1624
5989.510006,842,1625
5989.515007,862,1619
5989.520007,819,1621
5989.525006,849,1622
5989.530006,863,1618
5989.535005,857,1613
5989.540005,830,1612
5989.545006,874,1610
5989.550007,846,1612
5989.555006,838,1608
5989.560005,855,1605
5989.565006,855,1605
5989.570005,837,1596
5989.575006,831,1601
5989.580006,868,1597
5989.585006,853,1601
5989.590006,832,1598
5989.595005,857,1596
5989.600006,867,1595
5989.605005,828,1599
5989.610007,835,1598
5989.615007,861,1592
5989.620006,834,1580
5989.625006,845,1591
5989.630006,876,1592
5989.635007,841,1591
5989.640007,826,1592
5989.645007,869,1590
5989.650006,856,1595
5989.655007,834,1594
5989.660006,842,1592
5989.665006,867,1596
5989.670005,818,1598
5989.675006,843,1593
5989.680006,875,1592
5989.685005,854,1592
5989.690007,823,1596
5989.695006,849,1599
5989.700005,846,1596
5989.705005,827,1594
5989.710005,842,1597
5989.715005,852,1597
5989.720006,829,1594
5989.725005,833,1593
5989.730006,864,1595
5989.735005,851,1592
5989.740006,822,1598
5989.745005,866,1594
5989.750006,871,1589
5989.755007,834,1590
5989.760006,837,1591
5989.765006,849,1592
5989.770006,838,1589
5989.775006,829,1588
5989.780005,866,1589
5989.785006,851,1587
5989.790006,842,1585
5989.795006,868,1588
5989.800007,843,1581
5989.805005,826,1588
5989.810007,854,1586
5989.815006,863,1586
5989.820005,824,1587
5989.825005,828,1586
5989.830005,850,1589
5989.835006,854,1587
5989.840006,831,1591
5989.845006,871,1588
5989.850006,854,1593
5989.855006,824,1592
5989.860005,844,1595
5989.865005,851,1597
5989.870005,833,1590
5989.875005,841,1586
5989.880006,867,1599
5989.885006,835,1603
5989.890007,839,1606
5989.895005,866,1606
5989.900007,853,1608
5989.905007,815,1612
5989.910007,860,1606
5989.915006,869,1609
5989.920006,817,1614
5989.925005,843,1609
5989.930006,860,1612
5989.935006,859,1611
5989.940005,824,1613
5989.945007,854,1616
5989.950007,866,1612
5989.955007,822,1615
5989.960007,853,1613
5989.965006,859,1604
5989.970007,839,1616
5989.975007,834,1615
5989.980006,861,1618
5989.985005,851,1615
5989.990006,830,1616
5989.995005,872,1619
5990.000005,854,1619
5990.005005,835,1613
5990.010005,842,1618
5990.015006,868,1612
5990.020005,831,1618
5990.025007,843,1616
5990.030007,866,1617
5990.035006,841,1618
5990.040006,818,1611
5990.045007,867,1615
5990.050006,851,1616
5990.055006,840,1615
5990.060005,847,1618
5990.065006,858,1616
5990.070006,836,1614
5990.075005,833,1614
5990.080006,858,1619
5990.085007,857,1611
5990.090006,831,1612
5990.095007,872,1615
5990.100006,854,1614
5990.105006,820,1612
5990.110006,840,1614
5990.115005,873,1613
5990.120005,817,1617
5990.125006,844,1609
5990.130006,856,1612
5990.135006,854,1611
5990.140007,820,1612
5990.145005,859,1611
5990.150006,865,1608
5990.155006,825,1608
5990.160006,848,1609
5990.165006,859,1607
5990.170006,828,1605
5990.175007,825,1608
5990.180005,862,1604
5990.185007,853,1603
5990.190006,829,1602
5990.195005,870,1601
5990.200005,858,1598
5990.205006,820,1599
5990.210007,857,1597
5990.215005,850,1601
5990.220006,840,1604
5990.225006,833,1595
5990.230006,851,1603
5990.235005,855,1598
5990.240005,820,1598
5990.245006,868,1598
5990.250007,844,1606
5990.255005,813,1597
5990.260005,851,1597
5990.265007,856,1598
5990.270005,836,1598
5990.275006,828,1601
5990.280006,855,1599
5990.285005,840,1595
5990.290005,821,1597
5990.295005,871,1597
5990.300005,858,1598
5990.305006,816,1597
5990.310006,837,1597
5990.315006,876,1597
5990.320005,817,1597
5990.325005,824,1598
5990.330006,861,1598
5990.335006,861,1594
5990.340006,845,1599
5990.345007,861,1598
5990.350006,850,1600
5990.355005,826,1589
5990.360006,850,1597
5990.365005,862,1596
5990.370006,819,1604
5990.375006,834,1601
5990.380006,855,1608
5990.385006,849,1602
5990.390007,826,1593
5990.395005,862,1604
5990.400006,846,1608
5990.405006,825,1609
5990.410006,857,1608
5990.415007,861,1608
5990.420006,839,1610
5990.425006,829,1614
5990.430006,873,1611
5990.435006,835,1616
5990.440006,837,1610
5990.445005,859,1616
5990.450006,856,1612
5990.455006,833,1613
5990.460006,843,1615
5990.465007,877,1611
5990.470006,824,1613
5990.475007,847,1613
5990.480006,871,1611
5990.485006,841,1612
5990.490005,819,1614
5990.495006,868,1608
5990.500006,853,1613
5990.505006,816,1618
5990.510005,840,1613
5990.515005,877,1613
5990.520006,830,1613
5990.525005,847,1613
5990.530006,862,1618
5990.535006,858,1617
5990.540007,824,1614
5990.545006,851,1618
5990.550005,863,1618
5990.555006,819,1619
5990.560005,849,1620
5990.565006,855,1625
5990.570005,841,1619
5990.575005,836,1621
5990.580006,869,1619
5990.585006,860,1621
5990.590005,845,1617
5990.595007,852,1619
5990.600006,865,1618
5990.605005,825,1622
5990.610006,831,1621
5990.615005,861,1621
5990.620006,820,1623
5990.625007,834,1618
5990.630006,877,1617
5990.635006,849,1620
5990.640007,826,1620
5990.645006,868,1616
5990.650006,865,1618
5990.655005,819,1618
5990.660005,849,1618
5990.665005,875,1619
5990.670005,831,1616
5990.675005,830,1608
5990.680006,874,1610
5990.685005,840,1612
5990.690006,831,1613
5990.695006,869,1611
5990.700005,868,1609
5990.705006,828,1611
5990.710006,831,1611
5990.715006,873,1612
5990.720006,825,1613
5990.725006,845,1608
5990.730005,869,1606
5990.735007,845,1605
5990.740006,839,1604
5990.745006,851,1607
5990.750007,859,1604
5990.755006,821,1605
5990.760006,852,1602
5990.765007,860,1605
5990.770005,835,1599
5990.775006,838,1601
5990.780006,872,1601
5990.785005,857,1600
5990.790006,827,1602
5990.795006,869,1601
5990.800007,849,1601
5990.805007,814,1600
5990.810005,850,1602
5990.815006,864,1600
5990.820006,828,1600
5990.825006,846,1598
5990.830006,857,1602
5990.835006,847,1599
5990.840006,843,1596
5990.845007,850,1599
5990.850005,864,1596
5990.855007,832,1595
5990.860007,847,1594
5990.865006,853,1596
5990.870006,835,1594
5990.875007,830,1593
5990.880006,879,1594
5990.885006,843,1594
5990.890006,836,1590
5990.895006,857,1594
5990.900006,865,1594
5990.905006,822,1594
5990.910006,840,1593
5990.915006,855,1595
5990.920006,836,1592
5990.925006,844,1590
5990.930006,859,1592
5990.935007,857,1591
5990.940006,836,1587
5990.945007,851,1590
5990.950006,863,1588
5990.955006,815,1590
5990.960006,833,1591
5990.965005,858,1587
5990.970006,831,1594
5990.975006,838,1589
5990.980006,857,1594
5990.985005,857,1593
5990.990005,821,1596
5990.995005,872,1586
5991.000006,857,1593
5991.005007,824,1596
5991.010005,833,1590
5991.015006,862,1593
5991.020006,820,1598
5991.025005,847,1594
5991.030007,863,1593
5991.035007,838,1596
5991.040007,832,1595
5991.045005,852,1597
5991.050006,863,1594
5991.055006,837,1588
5991.060007,842,1592
5991.065007,870,1590
5991.070006,830,1594
5991.075006,842,1590
5991.080006,864,1589
5991.085006,855,1589
5991.090007,829,1590
5991.095006,876,1587
5991.100005,855,1594
5991.105006,824,1579
5991.110005,833,1590
5991.115005,854,1590
5991.120006,845,1588
5991.125007,829,1593
5991.130006,871,1592
5991.135007,863,1588
5991.140007,821,1595
5991.145006,864,1594
5991.150007,860,1590
5991.155006,820,1592
5991.160005,849,1593
5991.165005,869,1594
5991.170006,831,1597
5991.175006,837,1594
5991.180007,857,1598
5991.185006,851,1599
5991.190005,839,1596
5991.195006,869,1599
5991.200006,863,1602
5991.205006,817,1609
5991.210006,853,1605
5991.215006,859,1609
5991.220006,832,1610
5991.225006,855,1616
5991.230005,867,1615
5991.235006,862,1618
5991.240005,839,1617
5991.245006,872,1619
5991.250006,855,1621
5991.255006,839,1623
5991.260006,849,1622
5991.265006,861,1624
5991.270006,844,1626
5991.275006,843,1623
5991.280005,867,1617
5991.285005,859,1622
5991.290005,832,1623
5991.295005,868,1625
5991.300006,859,1625
5991.305006,842,1623
5991.310005,846,1623
5991.315006,865,1623
5991.320006,827,1618
5991.325006,844,1624
5991.330006,867,1621
5991.335006,864,1622
5991.340007,832,1618
5991.345005,852,1620
5991.350007,872,1613
5991.355007,824,1616
5991.360006,838,1614
5991.365005,854,1616
5991.370005,835,1612
5991.375005,843,1613
5991.380005,873,1612
5991.385005,840,1611
5991.390006,839,1612
5991.395007,860,1610
5991.400006,855,1610
5991.405005,817,1611
5991.410006,851,1611
5991.415007,858,1616
5991.420006,841,1613
5991.425006,834,1613
5991.430006,861,1618
5991.435006,863,1615
5991.440005,820,1617
5991.445007,867,1619
5991.450007,858,1623
5991.455007,818,1625
5991.460005,851,1623
5991.465005,857,1624
5991.470006,841,1627
5991.475005,837,1626
5991.480005,859,1627
5991.485007,866,1624
5991.490006,835,1624
5991.495005,857,1619
5991.500006,861,1610
5991.505006,832,1614
5991.510006,833,1614
5991.515007,874,1608
5991.520006,828,1608
5991.525005,837,1608
5991.530007,874,1603
5991.535006,852,1602
5991.540007,825,1601
5991.545006,865,1604
5991.550006,857,1590
5991.555006,827,1600
5991.560006,855,1600
5991.565006,861,1602
5991.570005,838,1600
5991.575005,850,1599
5991.580005,865,1601
5991.585005,846,1603
5991.590005,834,1601
5991.595006,856,1602
5991.600005,865,1592
5991.605006,827,1602
5991.610007,853,1596
5991.615006,868,1601
5991.620006,837,1599
5991.625006,828,1602
5991.630006,855,1605
5991.635006,862,1600
5991.640006,844,1595
5991.645007,863,1598
5991.650007,855,1602
5991.655007,816,1602
5991.660006,855,1599
5991.665006,863,1602
5991.670006,826,1604
5991.675006,853,1600
5991.680007,862,1602
5991.685005,842,1610
5991.690006,836,1603
5991.695006,852,1605
5991.700006,856,1606
5991.705007,838,1603
5991.710006,851,1606
5991.715007,856,1611
5991.720006,844,1607
5991.725005,838,1610
5991.730006,873,1604
5991.735006,852,1610
5991.740005,829,1611
5991.745005,857,1613
5991.750006,869,1614
5991.755007,835,1615
5991.760007,838,1614
5991.765006,857,1617
5991.770005,839,1618
5991.775006,830,1619
5991.780006,883,1618
5991.785005,847,1619
5991.790006,821,1622
5991.795007,871,1621
5991.800005,873,1621
5991.805006,830,1620
5991.810006,832,1623
5991.815005,876,1621
5991.820007,832,1625
5991.825006,835,1622
5991.830007,877,1622
5991.835006,848,1623
5991.840007,822,1622
5991.845006,863,1623
5991.850005,875,1624
5991.855007,831,1628
5991.860006,851,1623
5991.865005,868,1627
5991.870005,836,1624
5991.875005,849,1625
5991.880005,870,1624
5991.885006,848,1627
5991.890007,843,1622
5991.895007,859,1629
5991.900006,868,1624
5991.905006,836,1624
5991.910005,844,1627
5991.915005,868,1625
5991.920005,840,1626
5991.925006,831,1626
5991.930006,877,1629
5991.935006,847,1629
5991.940005,835,1628
5991.945006,866,1627
5991.950005,869,1627
5991.955005,825,1630
5991.960005,850,1620
5991.965005,861,1630
5991.970007,845,1625
5991.975006,830,1626
5991.980005,882,1629
5991.985007,860,1624
5991.990007,823,1626
5991.995007,868,1625
5992.000007,863,1623
5992.005006,839,1622
5992.010006,835,1623
5992.015007,874,1625
5992.020007,850,1619
5992.025006,831,1620
5992.030006,864,1621
5992.035005,850,1617
5992.040006,837,1606
5992.045006,857,1617
5992.050006,866,1615
5992.055007,825,1613
5992.060006,835,1613
5992.065006,878,1611
5992.070006,831,1613
5992.075006,847,1610
5992.080007,875,1612
5992.085006,850,1610
5992.090007,836,1597
5992.095006,868,1606
5992.100006,854,1612
5992.105006,835,1609
5992.110005,837,1612
5992.115005,873,1611
5992.120006,833,1611
5992.125007,831,1610
5992.130005,882,1608
5992.135005,855,1612
5992.140007,818,1606
5992.145007,876,1608
5992.150007,857,1608
5992.155007,821,1607
5992.160006,831,1604
5992.165006,874,1606
5992.170006,835,1607
5992.175007,833,1605
5992.180005,878,1603
5992.185006,853,1605
5992.190006,845,1599
5992.195005,857,1604
5992.200006,868,1602
5992.205006,830,1602
5992.210007,843,1598
5992.215005,862,1600
5992.220007,847,1598
5992.225005,846,1594
5992.230007,873,1595
5992.235007,842,1598
5992.240006,838,1601
5992.245007,849,1596
5992.250007,861,1593
5992.255005,834,1588
5992.260005,830,1594
5992.265007,854,1593
5992.270005,841,1583
5992.275006,837,1587
5992.280006,862,1592
5992.285006,863,1589
5992.290007,822,1590
5992.295007,859,1590
5992.300005,866,1586
5992.305007,815,1590
5992.310006,842,1588
5992.315006,853,1590
5992.320005,823,1590
5992.325005,843,1586
5992.330005,857,1589
5992.335006,851,1583
5992.340006,824,1595
5992.345007,868,1591
5992.350006,849,1594
5992.355006,828,1593
5992.360005,830,1596
5992.365005,872,1595
5992.370005,830,1599
5992.375005,825,1601
5992.380005,881,1597
5992.385006,853,1598
5992.390006,822,1599
5992.395005,864,1600
5992.400007,859,1604
5992.405007,815,1608
5992.410006,846,1603
5992.415006,854,1610
5992.420005,850,1605
5992.425006,833,1608
5992.430006,868,1598
5992.435006,858,1611
5992.440006,843,1609
5992.445005,852,1615
5992.450005,874,1610
5992.455006,830,1610
5992.460007,842,1613
5992.465005,857,1618
5992.470006,842,1613
5992.475005,832,1607
5992.480006,864,1616
5992.485006,863,1615
5992.490006,822,1618
5992.495005,867,1614
5992.500006,850,1620
5992.505007,836,1616
5992.510005,838,1617
5992.515005,876,1618
5992.520007,839,1617
5992.525007,830,1622
5992.530007,858,1621
5992.535007,861,1623
5992.540006,820,1625
5992.545006,863,1626
5992.550006,850,1626
5992.555007,838,1621
5992.560006,841,1625
5992.565006,864,1627
5992.570005,848,1624
5992.575006,831,1628
5992.580006,861,1623
5992.585006,861,1625
5992.590006,838,1617
5992.595006,862,1625
5992.600005,858,1628
5992.605006,821,1629
5992.610005,833,1627
5992.615005,873,1626
5992.620005,838,1627
5992.625005,829,1629
5992.630005,876,1626
5992.635006,856,1626
5992.640006,828,1625
5992.645005,859,1627
5992.650006,853,1627
5992.655005,829,1625
5992.660006,843,1628
5992.665006,879,1625
5992.670007,836,1624
5992.675005,832,1627
5992.680007,858,1627
5992.685007,861,1624
5992.690006,825,1627
5992.695007,850,1624
5992.700007,870,1621
5992.705006,824,1622
5992.710006,837,1617
5992.715005,855,1621
5992.720007,849,1617
5992.725007,834,1613
5992.730007,856,1615
5992.735006,846,1616
5992.740006,826,1613
5992.745006,849,1610
5992.750007,851,1611
5992.755006,824,1608
5992.760007,848,1606
5992.765005,874,1604
5992.770006,830,1607
5992.775006,843,1606
5992.780005,866,1603
5992.785005,852,1604
5992.790005,821,1605
5992.795006,866,1601
5992.800007,849,1603
5992.805006,837,1602
5992.810005,841,1604
5992.815006,858,1604
5992.820006,834,1593
5992.825005,831,1603
5992.830006,858,1606
5992.835005,866,1603
5992.840005,827,1605
5992.845007,868,1601
5992.850007,854,1600
5992.855006,838,1602
5992.860006,834,1608
5992.865005,859,1603
5992.870006,828,1605
5992.875005,845,1602
5992.880005,869,1602
5992.885005,845,1607
5992.890006,835,1604
5992.895006,861,1604
5992.900005,848,1604
5992.905006,823,1608
5992.910006,836,1606
5992.915006,856,1606
5992.920006,837,1604
5992.925006,837,1604
5992.930007,859,1605
5992.935005,861,1603
5992.940006,826,1607
5992.945005,867,1604
5992.950005,865,1604
5992.955005,828,1600
5992.960006,839,1596
5992.965006,869,1606
5992.970006,840,1605
5992.975005,838,1607
5992.980007,857,1594
5992.985006,867,1599
5992.990006,831,1605
5992.995005,865,1608
5993.000006,849,1612
5993.005006,840,1609
5993.010006,836,1609
5993.015006,864,1612
5993.020005,851,1613
5993.025006,842,1612
5993.030006,873,1615
5993.035005,865,1612
5993.040005,835,1619
5993.045005,849,1621
5993.050005,867,1619
5993.055006,823,1621
5993.060006,848,1618
5993.065005,868,1622
5993.070006,846,1618
5993.075006,843,1611
5993.080006,870,1625
5993.085006,859,1627
5993.090006,832,1628
5993.095006,875,1626
5993.100005,857,1629
5993.105005,844,1628
5993.110007,842,1626
5993.115007,858,1626
5993.120006,848,1628
5993.125007,841,1627
5993.130006,860,1633
5993.135006,848,1630
5993.140006,838,1628
5993.145005,859,1629
5993.150007,854,1631
5993.155005,841,1622
5993.160005,842,1626
5993.165005,863,1623
5993.170006,849,1624
5993.175005,831,1630
5993.180007,885,1627
5993.185006,856,1626
5993.190006,846,1622
5993.195006,867,1620
5993.200006,854,1621
5993.205006,845,1617
5993.210007,848,1606
5993.215006,869,1618
5993.220006,843,1618
5993.225007,836,1615
5993.230006,873,1617
5993.235005,865,1612
5993.240005,824,1618
5993.245005,872,1614
5993.250006,867,1611
5993.255005,823,1616
5993.260005,834,1613
5993.265006,868,1611
5993.270005,832,1612
5993.275007,850,1609
5993.280007,863,1611
5993.285005,867,1602
5993.290006,842,1606
5993.295007,847,1609
5993.300006,855,1608
5993.305006,835,1605
5993.310006,837,1600
5993.315005,878,1596
5993.320006,845,1585
5993.325005,838,1594
5993.330005,858,1597
5993.335005,857,1596
5993.340005,822,1593
5993.345006,852,1594
5993.350006,869,1589
5993.355006,832,1593
5993.360005,828,1597
5993.365005,880,1593
5993.370005,829,1595
5993.375005,843,1593
5993.380005,861,1598
5993.385005,846,1597
5993.390005,844,1590
5993.395006,856,1595
5993.400006,865,1592
5993.405006,825,1597
5993.410005,835,1592
5993.415006,853,1595
5993.420006,846,1592
5993.425007,841,1588
5993.430006,872,1591
5993.435007,848,1593
5993.440006,817,1592
5993.445005,861,1580
5993.450005,863,1590
5993.455005,827,1588
5993.460005,828,1592
5993.465005,872,1588
5993.470007,827,1595
5993.475007,845,1591
5993.480006,873,1593
5993.485005,854,1593
5993.490006,821,1598
5993.495006,863,1594
5993.500007,859,1593
5993.505006,820,1599
5993.510007,830,1602
5993.515005,861,1600
5993.520007,834,1595
5993.525007,838,1601
5993.530007,876,1600
5993.535006,863,1601
5993.540006,832,1600
5993.545006,848,1602
5993.550005,873,1604
5993.555006,824,1600
5993.560006,831,1603
5993.565006,878,1603
5993.570006,836,1605
5993.575005,845,1602
5993.580005,872,1603
5993.585006,847,1608
5993.590006,842,1605
5993.595006,851,1605
5993.600005,855,1605
5993.605006,822,1601
5993.610006,850,1598
5993.615006,877,1600
5993.620005,847,1598
5993.625006,838,1598
5993.630006,868,1596
5993.635007,847,1599
5993.640007,820,1598
5993.645006,847,1601
5993.650006,863,1599
5993.655006,819,1600
5993.660006,845,1597
5993.665006,862,1603
5993.670007,831,1603
5993.675006,848,1604
5993.680007,857,1603
5993.685006,866,1606
5993.690005,827,1605
5993.695006,847,1610
5993.700005,867,1608
5993.705005,838,1612
5993.710005,844,1610
5993.715006,868,1612
5993.720006,833,1611
5993.725006,850,1609
5993.730005,879,1611
5993.735006,860,1613
5993.740005,824,1614
5993.745005,844,1611
5993.750005,873,1611
5993.755005,842,1610
5993.760005,846,1611
5993.765007,862,1611
5993.770005,848,1606
5993.775006,843,1610
5993.780006,869,1610
5993.785006,852,1612
5993.790005,840,1606
5993.795005,844,1608
5993.800005,872,1605
5993.805007,818,1604
5993.810006,844,1604
5993.815005,864,1607
5993.820007,846,1600
5993.825007,833,1603
5993.830007,867,1601
5993.835006,847,1602
5993.840007,821,1601
5993.845006,843,1602
5993.850005,861,1603
5993.855006,836,1598
5993.860006,835,1599
5993.865006,876,1602
5993.870005,840,1601
5993.875006,822,1604
5993.880006,874,1604
5993.885006,850,1604
5993.890007,820,1604
5993.895005,854,1608
5993.900005,850,1614
5993.905006,837,1611
5993.910005,841,1614
5993.915005,858,1615
5993.920006,849,1614
5993.925007,835,1617
5993.930005,859,1616
5993.935007,857,1616
5993.940006,843,1616
5993.945005,852,1618
5993.950006,857,1618
5993.955007,832,1618
5993.960005,829,1620
5993.965006,880,1620
5993.970007,840,1618
5993.975006,843,1616
5993.980006,858,1622
5993.985006,861,1621
5993.990005,829,1621
5993.995005,849,1623
