t,x,y
3228.310006,980,1611
3228.315006,938,1613
3228.320005,835,1610
3228.325006,943,1611
3228.330007,962,1609
3228.335007,836,1612
3228.340007,881,1611
3228.345005,980,1614
3228.350007,881,1613
3228.355006,862,1611
3228.360006,990,1614
3228.365005,948,1614
3228.370006,840,1605
3228.375006,941,1609
3228.380006,960,1611
3228.385006,819,1614
3228.390006,865,1614
3228.395006,971,1612
3228.400006,872,1611
3228.405006,856,1613
3228.410006,981,1612
3228.415006,948,1610
3228.420007,842,1611
3228.425006,938,1609
3228.430006,959,1612
3228.435006,832,1610
3228.440005,878,1606
3228.445006,979,1607
3228.450006,868,1600
3228.455006,847,1607
3228.460007,981,1604
3228.465006,940,1604
3228.470005,843,1604
3228.475006,936,1602
3228.480005,961,1601
3228.485005,829,1602
3228.490006,874,1602
3228.495006,978,1593
3228.500007,880,1600
3228.505006,856,1591
3228.510006,984,1595
3228.515005,947,1598
3228.520006,839,1594
3228.525006,940,1592
3228.530005,937,1595
3228.535006,812,1596
3228.540005,874,1591
3228.545005,964,1594
3228.550006,866,1594
3228.555005,855,1592
3228.560006,978,1593
3228.565006,942,1593
3228.570005,833,1594
3228.575006,933,1593
3228.580006,948,1593
3228.585007,829,1594
3228.590006,870,1594
3228.595005,978,1594
3228.600006,877,1595
3228.605006,858,1594
3228.610005,984,1593
3228.615007,919,1597
3228.620005,835,1591
3228.625006,917,1597
3228.630006,939,1596
3228.635006,814,1599
3228.640006,860,1594
3228.645005,965,1594
3228.650006,868,1593
3228.655006,865,1591
3228.660005,981,1583
3228.665007,947,1589
3228.670007,820,1596
3228.675006,921,1594
3228.680005,942,1596
3228.685007,816,1595
3228.690007,856,1598
3228.695007,969,1596
3228.700006,871,1599
3228.705006,860,1597
3228.710005,982,1600
3228.715006,943,1601
3228.720005,845,1597
3228.725006,921,1601
3228.730006,941,1607
3228.735007,816,1607
3228.740006,862,1608
3228.745005,969,1608
3228.750007,866,1611
3228.755006,851,1610
3228.760006,977,1612
3228.765006,940,1612
3228.770007,844,1612
3228.775007,938,1611
3228.780006,956,1615
3228.785006,827,1614
3228.790006,879,1615
3228.795007,979,1613
3228.800007,881,1616
3228.805005,865,1618
3228.810007,983,1615
3228.815006,943,1615
3228.820006,842,1617
3228.825005,941,1616
3228.830006,957,1621
3228.835007,826,1619
3228.840006,859,1617
3228.845007,970,1619
3228.850006,877,1618
3228.855006,859,1624
3228.860006,986,1621
3228.865006,946,1621
3228.870005,848,1623
3228.875006,922,1624
3228.880007,950,1624
3228.885007,823,1624
3228.890006,864,1625
3228.895006,972,1624
3228.900007,874,1625
3228.905007,859,1622
3228.910007,980,1621
3228.915006,950,1618
3228.920006,848,1618
3228.925006,940,1617
3228.930006,961,1616
3228.935006,822,1616
3228.940005,872,1617
3228.945005,973,1616
3228.950006,879,1616
3228.955006,864,1614
3228.960006,986,1615
3228.965005,951,1614
3228.970006,831,1616
3228.975007,931,1617
3228.980006,950,1617
3228.985006,828,1617
3228.990005,875,1617
3228.995007,986,1618
3229.000006,863,1621
3229.005006,864,1620
3229.010006,971,1622
3229.015005,936,1619
3229.020007,841,1619
3229.025006,944,1619
3229.030006,964,1621
3229.035005,834,1617
3229.040006,860,1623
3229.045007,968,1617
3229.050007,873,1620
3229.055005,854,1619
3229.060006,977,1619
3229.065007,941,1619
3229.070007,844,1621
3229.075006,945,1615
3229.080006,967,1618
3229.085006,814,1621
3229.090006,861,1621
3229.095005,974,1620
3229.100007,878,1622
3229.105006,866,1619
3229.110005,969,1621
3229.115006,932,1620
3229.120006,836,1622
3229.125007,933,1621
3229.130006,958,1616
3229.135006,827,1616
3229.140005,871,1615
3229.145007,974,1616
3229.150006,881,1617
3229.155005,844,1619
3229.160006,972,1616
3229.165007,930,1615
3229.170007,844,1608
3229.175005,923,1613
3229.180006,947,1612
3229.185006,824,1610
3229.190006,865,1614
3229.195005,969,1612
3229.200006,868,1612
3229.205007,851,1611
3229.210006,977,1603
3229.215007,945,1606
3229.220007,846,1604
3229.225006,919,1608
3229.230006,958,1603
3229.235006,829,1603
3229.240006,878,1602
3229.245006,980,1603
3229.250006,876,1595
3229.255007,844,1607
3229.260006,966,1607
3229.265005,930,1607
3229.270006,830,1605
3229.275007,931,1606
3229.280007,951,1605
3229.285006,830,1606
3229.290006,876,1604
3229.295006,985,1603
3229.300005,884,1606
3229.305006,860,1597
3229.310007,966,1604
3229.315005,929,1604
3229.320005,827,1604
3229.325007,933,1601
3229.330006,962,1600
3229.335006,838,1601
3229.340005,875,1593
3229.345007,968,1600
3229.350006,871,1600
3229.355006,852,1600
3229.360006,976,1601
3229.365006,940,1600
3229.370006,843,1598
3229.375006,939,1597
3229.380006,944,1599
3229.385005,826,1600
3229.390006,867,1598
3229.395006,975,1599
3229.400006,883,1598
3229.405006,861,1600
3229.410005,987,1599
3229.415006,927,1601
3229.420006,845,1605
3229.425006,942,1602
3229.430006,940,1607
3229.435006,818,1608
3229.440007,865,1610
3229.445006,976,1611
3229.450006,883,1611
3229.455007,857,1613
3229.460007,987,1614
3229.465006,950,1615
3229.470006,841,1617
3229.475007,926,1615
3229.480006,949,1622
3229.485006,826,1620
3229.490006,881,1621
3229.495006,984,1621
3229.500007,890,1619
3229.505006,869,1616
3229.510006,969,1620
3229.515006,954,1614
3229.520007,825,1619
3229.525006,928,1619
3229.530005,958,1614
3229.535007,837,1613
3229.540007,870,1606
3229.545007,975,1614
3229.550006,876,1612
3229.555005,854,1611
3229.560006,982,1612
3229.565006,944,1611
3229.570006,841,1611
3229.575005,930,1609
3229.580006,961,1610
3229.585006,836,1609
3229.590005,882,1606
3229.595006,963,1612
3229.600006,868,1608
3229.605006,847,1611
3229.610005,974,1611
3229.615007,934,1613
3229.620006,832,1612
3229.625006,929,1611
3229.630007,965,1610
3229.635006,838,1611
3229.640005,880,1612
3229.645006,984,1612
3229.650007,884,1613
3229.655006,847,1611
3229.660005,972,1612
3229.665006,931,1612
3229.670006,830,1611
3229.675005,928,1610
3229.680006,952,1611
3229.685006,835,1609
3229.690006,880,1610
3229.695005,987,1608
3229.700006,865,1609
3229.705007,847,1613
3229.710006,974,1606
3229.715005,931,1608
3229.720006,826,1604
3229.725006,924,1607
3229.730006,948,1605
3229.735005,825,1601
3229.740005,864,1605
3229.745006,967,1604
3229.750006,873,1601
3229.755006,852,1598
3229.760006,977,1598
3229.765005,938,1598
3229.770006,842,1596
3229.775006,937,1593
3229.780005,960,1595
3229.785006,833,1593
3229.790007,855,1597
3229.795007,963,1596
3229.800006,869,1594
3229.805005,853,1592
3229.810006,978,1594
3229.815007,944,1591
3229.820006,841,1590
3229.825005,937,1589
3229.830006,963,1593
3229.835007,814,1597
3229.840006,865,1594
3229.845005,976,1595
3229.850005,888,1595
3229.855005,863,1594
3229.860006,987,1596
3229.865006,927,1597
3229.870005,822,1599
3229.875006,932,1599
3229.880007,960,1603
3229.885006,837,1603
3229.890005,878,1604
3229.895006,980,1606
3229.900006,882,1606
3229.905006,860,1610
3229.910005,987,1610
3229.915006,942,1611
3229.920006,821,1612
3229.925006,921,1611
3229.930006,946,1615
3229.935006,823,1617
3229.940006,869,1615
3229.945006,977,1614
3229.950006,883,1614
3229.955007,861,1615
3229.960006,988,1613
3229.965007,946,1614
3229.970006,837,1614
3229.975006,944,1612
3229.980006,966,1615
3229.985006,818,1614
3229.990006,865,1616
3229.995006,972,1613
3230.000006,875,1612
3230.005006,868,1610
3230.010005,970,1613
3230.015006,955,1609
3230.020006,827,1613
3230.025007,925,1612
3230.030006,955,1605
3230.035006,823,1612
3230.040006,879,1609
3230.045006,991,1612
3230.050006,886,1612
3230.055006,856,1603
3230.060006,970,1616
3230.065006,934,1615
3230.070006,840,1612
3230.075005,939,1614
3230.080005,965,1610
3230.085005,843,1610
3230.090005,877,1604
3230.095007,969,1612
3230.100007,876,1613
3230.105007,861,1613
3230.110005,985,1609
3230.115006,946,1608
3230.120006,828,1607
3230.125006,933,1603
3230.130006,965,1604
3230.135005,835,1603
3230.140007,885,1602
3230.145005,967,1602
3230.150005,873,1603
3230.155005,849,1606
3230.160006,978,1599
3230.165006,950,1602
3230.170006,846,1601
3230.175005,939,1597
3230.180006,965,1599
3230.185006,841,1597
3230.190006,858,1602
3230.195006,966,1598
3230.200005,881,1597
3230.205006,865,1598
3230.210007,986,1599
3230.215006,949,1600
3230.220006,840,1597
3230.225006,939,1598
3230.230007,942,1597
3230.235005,819,1599
3230.240006,865,1599
3230.245005,979,1598
3230.250006,882,1599
3230.255006,863,1599
3230.260005,985,1600
3230.265006,941,1589
3230.270007,847,1595
3230.275007,940,1598
3230.280006,956,1598
3230.285005,838,1598
3230.290006,855,1604
3230.295005,963,1606
3230.300005,869,1603
3230.305006,850,1603
3230.310006,978,1603
3230.315006,940,1606
3230.320005,846,1604
3230.325006,934,1598
3230.330007,964,1607
3230.335006,834,1608
3230.340006,874,1603
3230.345005,978,1606
3230.350007,886,1608
3230.355006,842,1614
3230.360006,971,1610
3230.365007,938,1610
3230.370006,844,1608
3230.375006,937,1609
3230.380006,959,1607
3230.385005,817,1615
3230.390007,863,1613
3230.395007,966,1611
3230.400006,875,1610
3230.405006,860,1609
3230.410005,992,1608
3230.415006,942,1608
3230.420006,824,1616
3230.425006,924,1613
3230.430005,955,1611
3230.435007,827,1613
3230.440005,870,1615
3230.445006,978,1614
3230.450006,884,1614
3230.455006,865,1612
3230.460006,988,1613
3230.465006,952,1613
3230.470005,824,1617
3230.475006,936,1613
3230.480007,958,1613
3230.485006,831,1616
3230.490006,874,1614
3230.495005,980,1614
3230.500006,866,1616
3230.505007,846,1617
3230.510006,970,1617
3230.515006,931,1620
3230.520007,828,1617
3230.525006,923,1620
3230.530005,956,1616
3230.535007,832,1619
3230.540005,861,1619
3230.545006,985,1612
3230.550006,892,1615
3230.555005,855,1608
3230.560006,993,1612
3230.565007,926,1620
3230.570005,827,1617
3230.575006,926,1617
3230.580007,954,1617
3230.585006,825,1618
3230.590005,873,1617
3230.595006,990,1614
3230.600006,888,1617
3230.605006,862,1616
3230.610005,985,1617
3230.615006,949,1615
3230.620006,836,1615
3230.625006,925,1611
3230.630006,963,1613
3230.635006,831,1614
3230.640005,856,1616
3230.645006,968,1616
3230.650007,871,1614
3230.655007,845,1614
3230.660005,969,1617
3230.665006,934,1616
3230.670006,836,1618
3230.675005,930,1617
3230.680007,953,1614
3230.685006,826,1613
3230.690007,875,1616
3230.695006,984,1615
3230.700007,886,1617
3230.705006,855,1616
3230.710007,984,1615
3230.715006,939,1620
3230.720005,832,1619
3230.725006,937,1618
3230.730006,965,1613
3230.735006,817,1621
3230.740006,869,1619
3230.745006,987,1618
3230.750006,891,1619
3230.755006,858,1621
3230.760006,983,1623
3230.765005,942,1622
3230.770007,841,1619
3230.775006,940,1621
3230.780007,964,1624
3230.785006,819,1628
3230.790007,860,1629
3230.795006,970,1627
3230.800005,873,1628
3230.805007,857,1624
3230.810006,986,1628
3230.815005,939,1620
3230.820005,828,1629
3230.825006,926,1625
3230.830006,959,1622
3230.835006,836,1623
3230.840006,873,1621
3230.845005,979,1621
3230.850007,885,1620
3230.855006,868,1622
3230.860007,989,1619
3230.865007,929,1621
3230.870006,827,1620
3230.875007,926,1619
3230.880006,956,1619
3230.885005,836,1617
3230.890006,880,1618
3230.895006,981,1618
3230.900006,889,1615
3230.905006,866,1614
3230.910006,984,1614
3230.915007,954,1612
3230.920007,827,1614
3230.925006,928,1611
3230.930005,954,1611
3230.935006,838,1609
3230.940005,877,1603
3230.945005,965,1609
3230.950007,886,1606
3230.955005,863,1601
3230.960005,971,1601
3230.965005,934,1598
3230.970007,834,1599
3230.975006,943,1596
3230.980006,943,1599
3230.985005,825,1595
3230.990006,869,1594
3230.995005,974,1593
3231.000006,884,1594
3231.005007,864,1592
3231.010006,988,1590
3231.015006,944,1588
3231.020007,826,1584
3231.025007,915,1594
3231.030007,950,1590
3231.035006,825,1589
3231.040007,871,1592
3231.045007,968,1595
3231.050006,881,1590
3231.055007,863,1594
3231.060006,982,1593
3231.065006,945,1594
3231.070006,839,1595
3231.075006,938,1595
3231.080007,963,1598
3231.085007,840,1598
3231.090006,875,1595
3231.095006,980,1600
3231.100006,868,1601
3231.105007,846,1602
3231.110005,976,1605
3231.115006,954,1602
3231.120007,825,1606
3231.125006,944,1600
3231.130006,944,1607
3231.135006,828,1596
3231.140006,864,1608
3231.145006,976,1606
3231.150006,880,1608
3231.155005,862,1605
3231.160006,986,1606
3231.165006,927,1611
3231.170006,828,1609
3231.175006,930,1610
3231.180005,960,1610
3231.185007,835,1609
3231.190005,875,1612
3231.195006,982,1609
3231.200005,867,1616
3231.205006,849,1615
3231.210006,978,1613
3231.215006,950,1614
3231.220005,842,1615
3231.225007,918,1618
3231.230006,946,1621
3231.235005,841,1617
3231.240007,857,1619
3231.245005,980,1620
3231.250006,885,1620
3231.255005,870,1618
3231.260006,992,1617
3231.265005,945,1614
3231.270006,821,1625
3231.275006,931,1622
3231.280006,955,1621
3231.285005,835,1624
3231.290007,857,1624
3231.295006,965,1626
3231.300005,888,1622
3231.305006,857,1619
3231.310007,974,1626
3231.315006,937,1626
3231.320005,838,1624
3231.325007,942,1626
3231.330005,962,1618
3231.335005,840,1621
3231.340006,876,1622
3231.345006,968,1623
3231.350006,876,1624
3231.355006,872,1616
3231.360006,973,1625
3231.365006,938,1622
3231.370005,842,1622
3231.375006,939,1620
3231.380006,944,1622
3231.385005,822,1621
3231.390006,865,1619
3231.395006,969,1624
3231.400006,874,1615
3231.405005,850,1614
3231.410006,977,1614
3231.415006,939,1614
3231.420006,839,1612
3231.425006,936,1611
3231.430005,965,1613
3231.435006,840,1609
3231.440006,878,1610
3231.445006,962,1609
3231.450005,870,1605
3231.455006,853,1605
3231.460007,976,1603
3231.465006,938,1602
3231.470006,842,1601
3231.475005,940,1598
3231.480006,952,1590
3231.485005,824,1598
3231.490006,869,1597
3231.495006,977,1594
3231.500007,881,1594
3231.505006,857,1593
3231.510005,987,1592
3231.515006,945,1591
3231.520006,839,1590
3231.525006,930,1589
3231.530005,938,1594
3231.535006,815,1593
3231.540006,858,1591
3231.545006,969,1591
3231.550005,877,1592
3231.555006,860,1593
3231.560006,985,1591
3231.565006,945,1595
3231.570007,836,1592
3231.575006,921,1593
3231.580005,945,1594
3231.585005,836,1595
3231.590006,857,1596
3231.595006,971,1598
3231.600005,878,1596
3231.605006,857,1598
3231.610005,985,1598
3231.615007,947,1598
3231.620006,842,1596
3231.625007,933,1594
3231.630005,943,1597
3231.635006,828,1596
3231.640005,874,1597
3231.645007,978,1597
3231.650006,885,1596
3231.655007,855,1598
3231.660005,985,1596
3231.665006,942,1598
3231.670007,827,1595
3231.675007,923,1595
3231.680006,948,1594
3231.685007,820,1594
3231.690007,859,1594
3231.695007,968,1593
3231.700005,878,1588
3231.705007,858,1590
3231.710007,979,1589
3231.715007,949,1591
3231.720005,843,1586
3231.725006,915,1591
3231.730005,951,1590
3231.735005,822,1592
3231.740006,865,1589
3231.745005,974,1591
3231.750006,879,1588
3231.755006,855,1589
3231.760006,985,1592
3231.765006,935,1592
3231.770006,833,1591
3231.775007,935,1591
3231.780006,957,1593
3231.785006,813,1596
3231.790006,855,1596
3231.795006,964,1597
3231.800006,869,1598
3231.805005,843,1598
3231.810006,965,1601
3231.815006,928,1600
3231.820006,826,1599
3231.825006,921,1598
3231.830007,948,1602
3231.835005,830,1604
3231.840005,876,1605
3231.845006,977,1606
3231.850007,882,1608
3231.855006,837,1611
3231.860006,963,1611
3231.865005,928,1613
3231.870007,820,1613
3231.875006,921,1612
3231.880006,946,1614
3231.885007,818,1616
3231.890007,861,1611
3231.895006,972,1612
3231.900005,869,1614
3231.905006,846,1618
3231.910006,975,1614
3231.915006,935,1616
3231.920006,829,1612
3231.925005,926,1612
3231.930006,949,1612
3231.935007,830,1612
3231.940006,875,1610
3231.945006,981,1611
3231.950006,887,1609
3231.955006,861,1610
3231.960006,982,1610
3231.965005,946,1601
3231.970006,843,1605
3231.975007,914,1612
3231.980007,949,1609
3231.985006,828,1609
3231.990006,880,1608
3231.995005,974,1609
3232.000006,879,1610
3232.005006,853,1612
3232.010006,984,1609
3232.015005,938,1611
3232.020006,839,1608
3232.025007,918,1612
3232.030006,946,1614
3232.035006,821,1617
3232.040006,865,1620
3232.045006,976,1616
3232.050006,876,1621
3232.055007,849,1621
3232.060005,979,1620
3232.065005,945,1618
3232.070006,844,1618
3232.075006,940,1621
3232.080007,943,1619
3232.085006,823,1621
3232.090005,885,1617
3232.095005,986,1616
3232.100006,870,1622
3232.105006,845,1621
3232.110005,976,1621
3232.115007,943,1622
3232.120007,836,1619
3232.125005,934,1620
3232.130006,965,1619
3232.135006,836,1620
3232.140005,878,1618
3232.145006,986,1621
3232.150006,888,1617
3232.155005,844,1623
3232.160006,970,1624
3232.165006,934,1621
3232.170006,851,1617
3232.175006,945,1622
3232.180005,945,1622
3232.185006,820,1622
3232.190006,866,1619
3232.195006,978,1620
3232.200005,882,1618
3232.205005,858,1618
3232.210005,980,1616
3232.215006,942,1614
3232.220005,838,1614
3232.225006,937,1613
3232.230006,963,1612
3232.235006,832,1610
3232.240005,875,1610
3232.245006,985,1609
3232.250007,875,1599
3232.255006,866,1606
3232.260005,965,1611
3232.265006,929,1611
3232.270007,823,1609
3232.275006,937,1609
3232.280005,968,1605
3232.285007,836,1606
3232.290006,859,1609
3232.295006,964,1612
3232.300006,873,1609
3232.305006,849,1611
3232.310006,979,1609
3232.315006,953,1607
3232.320005,839,1601
3232.325006,924,1603
3232.330007,948,1610
3232.335006,827,1609
3232.340007,867,1610
3232.345005,971,1611
3232.350006,880,1610
3232.355006,857,1613
3232.360005,976,1613
3232.365006,935,1611
3232.370006,828,1611
3232.375005,925,1612
3232.380005,954,1610
3232.385006,823,1612
3232.390005,866,1613
3232.395006,979,1614
3232.400007,878,1613
3232.405005,859,1611
3232.410006,978,1614
3232.415006,937,1615
3232.420006,841,1611
3232.425006,917,1615
3232.430006,959,1608
3232.435006,833,1609
3232.440006,857,1611
3232.445006,967,1606
3232.450006,872,1610
3232.455006,853,1611
3232.460005,975,1610
3232.465005,939,1609
3232.470005,835,1609
3232.475007,940,1609
3232.480007,941,1611
3232.485007,817,1612
3232.490007,858,1613
3232.495006,963,1615
3232.500007,873,1613
3232.505007,860,1611
3232.510006,985,1613
3232.515006,945,1611
3232.520006,838,1615
3232.525006,934,1614
3232.530005,956,1615
3232.535006,813,1616
3232.540006,858,1616
3232.545007,965,1619
3232.550007,873,1618
3232.555006,854,1618
3232.560006,978,1615
3232.565006,946,1616
3232.570006,844,1615
3232.575005,916,1619
3232.580006,941,1619
3232.585007,817,1620
3232.590006,860,1620
3232.595005,964,1621
3232.600006,876,1617
3232.605006,852,1615
3232.610005,974,1618
3232.615006,935,1614
3232.620005,843,1609
3232.625006,938,1611
3232.630006,961,1610
3232.635005,830,1611
3232.640006,857,1612
3232.645006,986,1608
3232.650006,875,1601
3232.655006,845,1610
3232.660006,978,1608
3232.665006,940,1607
3232.670007,840,1606
3232.675007,934,1607
3232.680005,943,1610
3232.685006,841,1604
3232.690006,861,1612
3232.695005,968,1611
3232.700007,875,1610
3232.705007,850,1611
3232.710006,976,1610
3232.715005,941,1609
3232.720006,825,1609
3232.725006,926,1607
3232.730006,958,1607
3232.735006,831,1608
3232.740006,878,1607
3232.745005,963,1608
3232.750007,874,1604
3232.755006,852,1605
3232.760006,984,1601
3232.765006,946,1603
3232.770007,844,1601
3232.775007,938,1602
3232.780006,963,1603
3232.785005,833,1601
3232.790007,857,1603
3232.795006,964,1606
3232.800005,881,1607
3232.805006,857,1606
3232.810006,977,1604
3232.815006,937,1604
3232.820005,837,1605
3232.825007,925,1602
3232.830005,953,1603
3232.835006,823,1604
3232.840005,863,1602
3232.845006,974,1601
3232.850006,889,1599
3232.855007,862,1602
3232.860007,982,1598
3232.865007,941,1600
3232.870005,829,1599
3232.875006,923,1600
3232.880006,961,1598
3232.885006,839,1595
3232.890007,855,1600
3232.895005,963,1604
3232.900006,879,1595
3232.905006,866,1597
3232.910005,971,1590
3232.915007,952,1593
3232.920007,835,1597
3232.925007,931,1595
3232.930006,957,1598
3232.935007,828,1598
3232.940006,869,1599
3232.945005,975,1598
3232.950005,880,1600
3232.955006,857,1599
3232.960006,986,1598
3232.965006,942,1601
3232.970005,835,1602
3232.975006,931,1602
3232.980007,958,1599
3232.985006,829,1601
3232.990006,869,1606
3232.995005,980,1602
3233.000007,875,1596
3233.005005,855,1601
3233.010005,977,1603
3233.015006,944,1606
3233.020006,839,1601
3233.025007,932,1605
3233.030006,954,1604
3233.035005,818,1609
3233.040006,856,1615
3233.045006,969,1612
3233.050006,886,1613
3233.055006,858,1614
3233.060006,986,1612
3233.065007,948,1614
3233.070007,836,1617
3233.075006,915,1621
3233.080006,952,1621
3233.085006,840,1622
3233.090006,857,1625
3233.095006,965,1628
3233.100006,877,1628
3233.105006,851,1630
3233.110005,981,1628
3233.115006,942,1629
3233.120005,835,1630
3233.125006,937,1631
3233.130007,964,1634
3233.135007,837,1635
3233.140006,877,1631
3233.145006,988,1632
3233.150006,888,1633
3233.155006,846,1636
3233.160006,984,1634
3233.165006,932,1630
3233.170006,824,1636
3233.175005,923,1634
3233.180006,947,1637
3233.185006,821,1637
3233.190006,871,1636
3233.195007,975,1633
3233.200005,892,1634
3233.205007,863,1632
3233.210006,972,1632
3233.215005,938,1632
3233.220006,835,1627
3233.225006,933,1627
3233.230006,972,1624
3233.235005,836,1627
3233.240006,881,1622
3233.245006,964,1627
3233.250006,886,1614
3233.255007,845,1624
3233.260006,972,1616
3233.265006,937,1616
3233.270006,832,1618
3233.275007,931,1616
3233.280006,964,1614
3233.285006,832,1610
3233.290006,870,1611
3233.295006,981,1606
3233.300005,886,1609
3233.305007,850,1609
3233.310006,987,1608
3233.315007,954,1605
3233.320005,842,1604
3233.325007,917,1606
3233.330006,953,1599
3233.335006,823,1606
3233.340005,869,1608
3233.345007,979,1604
3233.350006,878,1605
3233.355006,863,1601
3233.360005,987,1604
3233.365006,948,1597
3233.370005,823,1604
3233.375006,924,1602
3233.380006,952,1603
3233.385006,840,1600
3233.390005,879,1600
3233.395006,981,1599
3233.400006,880,1598
3233.405006,851,1600
3233.410005,983,1596
3233.415006,938,1598
3233.420006,833,1595
3233.425006,924,1597
3233.430005,953,1595
3233.435006,830,1596
3233.440007,873,1594
3233.445007,988,1590
3233.450005,889,1592
3233.455007,869,1587
3233.460007,986,1589
3233.465006,928,1595
3233.470005,826,1592
3233.475006,929,1593
3233.480006,957,1596
3233.485005,835,1596
3233.490007,885,1593
3233.495005,984,1592
3233.500007,885,1590
3233.505005,843,1601
3233.510005,976,1601
3233.515006,941,1602
3233.520006,841,1596
3233.525006,942,1603
3233.530006,942,1610
3233.535006,821,1611
3233.540007,875,1605
3233.545006,989,1606
3233.550007,869,1607
3233.555006,845,1609
3233.560006,969,1611
3233.565005,956,1609
3233.570006,822,1608
3233.575006,928,1606
3233.580007,956,1604
3233.585007,837,1604
3233.590007,878,1602
3233.595006,986,1603
3233.600006,863,1610
3233.605006,858,1600
3233.610007,981,1601
3233.615006,930,1605
3233.620005,837,1605
3233.625006,918,1603
3233.630005,941,1608
3233.635006,821,1604
3233.640005,871,1606
3233.645006,976,1605
3233.650005,879,1606
3233.655006,858,1606
3233.660006,979,1609
3233.665006,933,1599
3233.670007,823,1610
3233.675006,919,1609
3233.680006,957,1611
3233.685007,829,1609
3233.690006,872,1609
3233.695006,960,1609
3233.700006,865,1610
3233.705007,849,1606
3233.710006,968,1610
3233.715006,936,1605
3233.720006,832,1606
3233.725007,932,1604
3233.730005,937,1606
3233.735005,821,1605
3233.740007,875,1604
3233.745006,984,1605
3233.750006,866,1607
3233.755006,840,1606
3233.760005,964,1610
3233.765006,927,1607
3233.770006,821,1605
3233.775006,913,1606
3233.780005,943,1606
3233.785006,817,1607
3233.790006,865,1607
3233.795006,977,1607
3233.800006,867,1606
3233.805005,844,1609
3233.810007,976,1606
3233.815006,948,1607
3233.820005,817,1606
3233.825006,916,1608
3233.830007,950,1609
3233.835006,829,1609
3233.840006,856,1611
3233.845006,971,1611
3233.850007,881,1610
3233.855005,862,1611
3233.860006,982,1610
3233.865005,933,1613
3233.870007,827,1613
3233.875005,934,1614
3233.880006,957,1611
3233.885005,817,1613
3233.890007,867,1617
3233.895006,984,1612
3233.900006,881,1609
3233.905006,842,1615
3233.910006,973,1617
3233.915007,935,1613
3233.920007,833,1614
3233.925006,931,1612
3233.930006,940,1616
3233.935006,823,1613
3233.940006,870,1610
3233.945006,975,1599
3233.950006,865,1609
3233.955007,850,1608
3233.960007,972,1608
3233.965006,937,1605
3233.970005,831,1604
3233.975006,938,1605
3233.980006,958,1605
3233.985005,830,1603
3233.990006,874,1604
3233.995005,978,1606
3234.000007,886,1603
3234.005007,854,1602
3234.010006,960,1605
3234.015006,930,1598
3234.020007,820,1607
3234.025006,921,1602
3234.030006,950,1602
3234.035006,830,1603
3234.040006,874,1598
3234.045007,963,1602
3234.050005,870,1602
3234.055006,848,1602
3234.060007,968,1604
3234.065006,934,1603
3234.070005,836,1598
3234.075007,941,1598
3234.080006,943,1601
3234.085007,825,1600
3234.090006,872,1597
3234.095006,989,1600
3234.100006,866,1601
3234.105006,851,1604
3234.110006,974,1598
3234.115005,936,1601
3234.120005,834,1598
3234.125006,936,1598
3234.130006,968,1595
3234.135006,823,1593
3234.140006,858,1599
3234.145006,971,1601
3234.150006,873,1602
3234.155006,845,1603
3234.160005,977,1600
3234.165006,935,1603
3234.170007,828,1601
3234.175006,943,1602
3234.180005,962,1603
3234.185006,836,1600
3234.190005,859,1604
3234.195006,970,1604
3234.200006,870,1605
3234.205007,855,1595
3234.210007,980,1604
3234.215006,936,1603
3234.220006,831,1606
3234.225006,923,1606
3234.230006,948,1605
3234.235005,829,1610
3234.240006,872,1606
3234.245007,978,1609
3234.250007,884,1607
3234.255005,864,1610
3234.260006,990,1611
3234.265006,948,1610
3234.270007,827,1616
3234.275006,925,1614
3234.280005,951,1619
3234.285007,826,1617
3234.290006,870,1618
3234.295006,976,1620
3234.300005,881,1621
3234.305006,860,1621
3234.310006,984,1625
3234.315006,947,1624
3234.320005,838,1626
3234.325006,935,1625
3234.330007,963,1628
3234.335006,827,1620
3234.340005,862,1633
3234.345006,970,1631
3234.350007,874,1632
3234.355006,859,1631
3234.360006,990,1630
3234.365006,954,1628
3234.370006,845,1631
3234.375006,937,1628
3234.380006,967,1632
3234.385006,818,1631
3234.390007,865,1631
3234.395007,974,1631
3234.400006,883,1631
3234.405005,866,1632
3234.410007,984,1628
3234.415005,928,1634
3234.420005,825,1634
3234.425005,928,1632
3234.430006,955,1633
3234.435006,831,1636
3234.440006,872,1630
3234.445006,984,1631
3234.450005,889,1633
3234.455006,854,1637
3234.460006,979,1636
3234.465005,942,1633
3234.470006,839,1633
3234.475006,936,1632
3234.480006,941,1638
3234.485005,819,1638
3234.490006,864,1635
3234.495005,971,1636
3234.500007,880,1633
3234.505007,863,1633
3234.510007,987,1633
3234.515005,946,1634
3234.520006,840,1632
3234.525007,921,1632
3234.530007,960,1632
3234.535006,830,1632
3234.540006,865,1626
3234.545007,964,1630
3234.550006,876,1627
3234.555005,856,1630
3234.560006,984,1631
3234.565007,928,1630
3234.570005,822,1631
3234.575006,917,1631
3234.580006,944,1632
3234.585006,838,1625
3234.590006,878,1629
3234.595006,983,1626
3234.600007,882,1627
3234.605006,858,1624
3234.610005,973,1622
3234.615006,936,1620
3234.620005,832,1620
3234.625007,934,1620
3234.630006,961,1621
3234.635006,812,1619
3234.640005,862,1613
3234.645006,961,1617
3234.650006,871,1615
3234.655005,848,1616
3234.660006,974,1611
3234.665006,942,1612
3234.670006,834,1608
3234.675007,936,1609
3234.680006,964,1608
3234.685007,815,1610
3234.690006,857,1605
3234.695006,961,1607
3234.700005,864,1605
3234.705007,861,1600
3234.710006,963,1602
3234.715007,947,1599
3234.720005,836,1600
3234.725006,935,1597
3234.730006,963,1592
3234.735007,809,1596
3234.740006,853,1596
3234.745006,962,1591
3234.750007,866,1594
3234.755006,850,1588
3234.760006,977,1586
3234.765005,939,1586
3234.770006,834,1586
3234.775005,940,1585
3234.780006,956,1583
3234.785005,835,1581
3234.790006,877,1584
3234.795006,958,1582
3234.800006,865,1582
3234.805005,853,1581
3234.810006,976,1579
3234.815007,932,1582
3234.820007,829,1580
3234.825006,925,1583
3234.830007,958,1581
3234.835007,835,1583
3234.840006,877,1582
3234.845005,982,1582
3234.850007,885,1580
3234.855007,837,1586
3234.860006,965,1585
3234.865006,933,1587
3234.870005,825,1588
3234.875007,925,1587
3234.880006,964,1585
3234.885006,837,1590
3234.890006,857,1591
3234.895006,982,1590
3234.900006,892,1587
3234.905006,841,1591
3234.910005,968,1592
3234.915006,935,1591
3234.920006,830,1592
3234.925005,921,1595
3234.930007,945,1596
3234.935005,824,1597
3234.940005,860,1598
3234.945005,970,1596
3234.950006,873,1598
3234.955007,849,1599
3234.960006,973,1602
3234.965006,935,1601
3234.970006,833,1600
3234.975006,930,1603
3234.980006,958,1604
3234.985005,827,1605
3234.990007,874,1607
3234.995006,984,1609
3235.000007,890,1609
3235.005007,844,1612
3235.010006,973,1612
3235.015006,937,1612
3235.020005,835,1611
3235.025005,933,1612
3235.030006,968,1614
3235.035005,836,1615
3235.040006,881,1613
3235.045006,989,1610
3235.050007,885,1607
3235.055006,843,1616
3235.060006,965,1617
3235.065007,936,1614
3235.070006,830,1614
3235.075006,928,1614
3235.080006,956,1616
3235.085006,836,1614
3235.090006,879,1609
3235.095006,985,1616
3235.100006,882,1608
3235.105007,841,1617
3235.110006,965,1616
3235.115005,929,1618
3235.120006,826,1617
3235.125006,924,1617
3235.130006,955,1616
3235.135005,834,1616
3235.140007,878,1615
3235.145005,979,1617
3235.150005,884,1618
3235.155005,864,1617
3235.160007,979,1617
3235.165005,943,1620
3235.170005,839,1620
3235.175006,933,1621
3235.180005,958,1623
3235.185005,838,1619
3235.190005,881,1620
3235.195006,965,1625
3235.200005,871,1625
3235.205006,851,1623
3235.210007,979,1624
3235.215006,941,1626
3235.220005,833,1627
3235.225006,930,1622
3235.230006,959,1624
3235.235005,841,1620
3235.240007,860,1622
3235.245006,971,1621
3235.250007,882,1620
3235.255007,862,1624
3235.260006,983,1618
3235.265007,943,1617
3235.270005,843,1618
3235.275005,936,1617
3235.280005,957,1618
3235.285006,828,1616
3235.290006,875,1615
3235.295006,984,1611
3235.300006,861,1619
3235.305005,847,1615
3235.310007,984,1614
3235.315006,946,1610
3235.320006,835,1606
3235.325005,916,1614
3235.330006,944,1609
3235.335007,820,1609
3235.340006,862,1606
3235.345007,973,1606
3235.350005,877,1605
3235.355005,856,1603
3235.360005,975,1602
3235.365006,946,1600
3235.370006,819,1602
3235.375006,915,1604
3235.380006,946,1601
3235.385006,821,1601
3235.390005,866,1599
3235.395006,974,1598
3235.400006,876,1595
3235.405006,853,1597
3235.410005,982,1594
3235.415006,949,1590
3235.420006,834,1595
3235.425005,933,1597
3235.430006,956,1592
3235.435006,828,1594
3235.440006,869,1594
3235.445006,979,1592
3235.450006,874,1592
3235.455006,849,1593
3235.460006,973,1593
3235.465006,935,1587
3235.470006,836,1591
3235.475006,938,1593
3235.480006,958,1593
3235.485006,835,1592
3235.490005,876,1594
3235.495007,980,1596
3235.500006,868,1588
3235.505006,843,1595
3235.510006,972,1600
3235.515005,931,1599
3235.520006,830,1599
3235.525006,926,1599
3235.530006,959,1596
3235.535006,832,1599
3235.540005,880,1601
3235.545006,968,1596
3235.550006,866,1603
3235.555005,849,1604
3235.560007,978,1602
3235.565007,938,1603
3235.570006,835,1602
3235.575006,934,1603
3235.580007,942,1605
3235.585006,824,1603
3235.590006,865,1605
3235.595005,966,1606
3235.600006,866,1606
3235.605006,851,1598
3235.610005,968,1605
3235.615006,935,1608
3235.620005,831,1606
3235.625006,923,1609
3235.630006,956,1609
3235.635007,830,1607
3235.640006,872,1608
3235.645006,972,1608
3235.650006,889,1606
3235.655006,859,1607
3235.660006,966,1613
3235.665006,929,1613
3235.670007,827,1613
3235.675007,934,1611
3235.680006,960,1610
3235.685006,817,1618
3235.690006,861,1615
3235.695006,982,1610
3235.700006,884,1616
3235.705006,866,1616
3235.710006,982,1618
3235.715005,946,1620
3235.720005,840,1622
3235.725007,940,1616
3235.730006,942,1620
3235.735006,824,1619
3235.740006,869,1618
3235.745005,977,1620
3235.750006,883,1619
3235.755006,863,1620
3235.760006,983,1618
3235.765006,927,1617
3235.770007,820,1620
3235.775006,925,1620
3235.780005,950,1619
3235.785006,825,1617
3235.790006,866,1616
3235.795007,973,1614
3235.800006,874,1611
3235.805005,849,1613
3235.810006,970,1612
3235.815007,933,1612
3235.820007,829,1610
3235.825005,922,1611
3235.830006,959,1602
3235.835007,818,1607
3235.840005,865,1607
3235.845007,970,1605
3235.850006,872,1607
3235.855006,850,1604
3235.860005,969,1606
3235.865006,933,1603
3235.870007,838,1606
3235.875006,932,1601
3235.880007,958,1600
3235.885006,828,1601
3235.890005,879,1599
3235.895006,977,1599
3235.900007,874,1600
3235.905005,853,1598
3235.910006,982,1597
3235.915006,944,1599
3235.920007,833,1594
3235.925006,929,1592
3235.930006,936,1599
3235.935005,812,1600
3235.940006,857,1600
3235.945005,964,1599
3235.950006,863,1598
3235.955007,842,1597
3235.960007,972,1596
3235.965006,932,1596
3235.970005,825,1595
3235.975007,923,1597
3235.980007,943,1596
3235.985006,817,1599
3235.990005,861,1596
3235.995007,970,1597
3236.000006,873,1597
3236.005007,856,1594
3236.010005,980,1598
3236.015007,943,1596
3236.020006,819,1599
3236.025006,920,1600
3236.030005,952,1598
3236.035007,833,1600
3236.040006,879,1600
3236.045006,974,1598
3236.050005,876,1603
3236.055007,857,1599
3236.060006,981,1603
3236.065006,936,1604
3236.070006,829,1603
3236.075006,926,1603
3236.080006,958,1605
3236.085006,826,1603
3236.090005,870,1603
3236.095007,970,1606
3236.100007,876,1606
3236.105007,858,1607
3236.110006,978,1607
3236.115005,946,1607
3236.120007,842,1610
3236.125006,938,1610
3236.130007,961,1611
3236.135006,832,1608
3236.140006,870,1602
3236.145007,976,1609
3236.150006,876,1612
3236.155006,862,1610
3236.160006,976,1610
3236.165007,938,1609
3236.170005,827,1610
3236.175005,921,1612
3236.180007,942,1613
3236.185005,823,1610
3236.190005,871,1611
3236.195006,985,1612
3236.200005,891,1606
3236.205006,848,1607
3236.210007,968,1614
3236.215006,928,1611
3236.220005,826,1610
3236.225006,929,1608
3236.230007,949,1608
3236.235006,818,1609
3236.240006,863,1607
3236.245005,970,1608
3236.250007,871,1606
3236.255006,856,1606
3236.260007,994,1603
3236.265005,951,1607
3236.270006,822,1611
3236.275006,923,1610
3236.280006,945,1611
3236.285005,823,1611
3236.290006,869,1609
3236.295007,986,1611
3236.300007,867,1611
3236.305005,852,1610
3236.310006,986,1612
3236.315006,942,1610
3236.320005,830,1611
3236.325006,924,1610
3236.330007,946,1611
3236.335006,824,1612
3236.340007,863,1611
3236.345005,976,1609
3236.350006,883,1608
3236.355006,858,1609
3236.360007,984,1609
3236.365006,946,1608
3236.370005,831,1611
3236.375006,937,1601
3236.380007,957,1602
3236.385006,834,1614
3236.390006,873,1609
3236.395006,967,1616
3236.400006,869,1615
3236.405006,860,1615
3236.410005,989,1613
3236.415006,938,1615
3236.420006,826,1613
3236.425007,925,1618
3236.430005,947,1621
3236.435006,830,1616
3236.440006,875,1619
3236.445006,975,1620
3236.450005,878,1619
3236.455007,857,1617
3236.460005,983,1619
3236.465006,942,1618
3236.470005,845,1619
3236.475007,941,1616
3236.480006,958,1613
3236.485005,832,1617
3236.490006,866,1611
3236.495005,964,1620
3236.500007,865,1624
3236.505005,850,1625
3236.510006,972,1622
3236.515005,937,1622
3236.520007,826,1624
3236.525007,924,1625
3236.530006,947,1627
3236.535005,822,1625
3236.540007,864,1625
3236.545005,976,1625
3236.550005,886,1621
3236.555006,855,1624
3236.560006,978,1627
3236.565006,942,1625
3236.570005,837,1625
3236.575006,935,1625
3236.580006,966,1622
3236.585007,833,1625
3236.590007,875,1623
3236.595005,982,1624
3236.600006,886,1622
3236.605006,860,1616
3236.610005,967,1623
3236.615006,935,1620
3236.620006,831,1621
3236.625006,934,1618
3236.630006,963,1620
3236.635006,815,1620
3236.640005,865,1617
3236.645006,971,1615
3236.650007,879,1613
3236.655006,861,1609
3236.660006,966,1617
3236.665006,927,1614
3236.670006,821,1611
3236.675005,919,1616
3236.680006,944,1609
3236.685006,823,1608
3236.690006,868,1609
3236.695005,984,1606
3236.700006,876,1608
3236.705006,866,1606
3236.710006,982,1605
3236.715006,925,1606
3236.720005,826,1607
3236.725006,929,1602
3236.730006,957,1601
3236.735005,837,1598
3236.740007,880,1596
3236.745006,977,1596
3236.750007,880,1594
3236.755006,862,1596
3236.760005,975,1593
3236.765006,924,1594
3236.770007,825,1590
3236.775006,927,1594
3236.780005,957,1588
3236.785006,829,1589
3236.790007,863,1585
3236.795007,973,1581
3236.800005,877,1581
3236.805006,859,1587
3236.810007,985,1586
3236.815006,922,1592
3236.820005,824,1588
3236.825006,923,1590
3236.830006,944,1590
3236.835006,827,1587
3236.840005,861,1590
3236.845006,962,1591
3236.850006,865,1592
3236.855007,850,1586
3236.860006,977,1586
3236.865005,950,1587
3236.870006,844,1587
3236.875005,936,1587
3236.880005,953,1586
3236.885005,830,1585
3236.890006,859,1585
3236.895006,963,1587
3236.900006,865,1588
3236.905006,848,1585
3236.910005,974,1588
3236.915006,937,1587
3236.920007,839,1587
3236.925006,938,1589
3236.930006,952,1584
3236.935006,824,1593
3236.940006,880,1587
3236.945006,960,1593
3236.950006,872,1592
3236.955006,864,1594
3236.960006,984,1592
3236.965005,922,1603
3236.970006,821,1600
3236.975006,921,1600
3236.980006,945,1600
3236.985006,827,1601
3236.990006,881,1601
3236.995006,984,1599
3237.000006,878,1597
3237.005006,865,1602
3237.010005,987,1599
3237.015005,928,1602
3237.020006,822,1606
3237.025006,926,1603
3237.030006,948,1604
3237.035005,830,1605
3237.040006,878,1603
3237.045006,983,1604
3237.050006,880,1603
3237.055005,860,1599
3237.060007,968,1605
3237.065006,925,1610
3237.070006,822,1611
3237.075005,925,1611
3237.080006,947,1611
3237.085006,822,1612
3237.090005,869,1610
3237.095006,972,1610
3237.100006,884,1610
3237.105007,865,1611
3237.110006,984,1608
3237.115005,943,1613
3237.120006,841,1616
3237.125007,939,1615
3237.130006,962,1616
3237.135005,815,1620
3237.140007,863,1618
3237.145006,970,1621
3237.150006,871,1622
3237.155006,859,1623
3237.160006,989,1622
3237.165005,927,1624
3237.170005,827,1628
3237.175006,928,1630
3237.180005,970,1628
3237.185007,841,1626
3237.190006,879,1629
3237.195005,965,1630
3237.200006,873,1631
3237.205006,856,1628
3237.210007,985,1631
3237.215006,939,1632
3237.220007,832,1628
3237.225006,935,1629
3237.230007,952,1628
3237.235006,827,1631
3237.240005,872,1629
3237.245006,973,1630
3237.250006,876,1626
3237.255006,863,1627
3237.260006,990,1627
3237.265006,949,1627
3237.270006,824,1628
3237.275006,936,1628
3237.280005,947,1624
3237.285007,821,1627
3237.290006,875,1619
3237.295006,982,1623
3237.300007,865,1631
3237.305005,848,1629
3237.310007,970,1630
3237.315006,935,1626
3237.320006,834,1625
3237.325005,945,1619
3237.330007,947,1628
3237.335006,824,1625
3237.340006,862,1627
3237.345006,984,1617
3237.350006,866,1626
3237.355006,859,1613
3237.360006,969,1623
3237.365006,932,1622
3237.370005,834,1622
3237.375006,939,1618
3237.380006,964,1620
3237.385006,835,1612
3237.390006,859,1618
3237.395006,973,1616
3237.400006,879,1617
3237.405005,862,1617
3237.410007,985,1618
3237.415006,947,1613
3237.420007,840,1615
3237.425006,942,1612
3237.430006,936,1613
3237.435006,831,1610
3237.440006,856,1611
3237.445006,961,1611
3237.450005,865,1606
3237.455006,847,1607
3237.460006,972,1604
3237.465005,937,1603
3237.470007,821,1604
3237.475005,928,1601
3237.480006,953,1599
3237.485005,832,1600
3237.490007,876,1596
3237.495007,976,1597
3237.500006,873,1593
3237.505007,851,1589
3237.510007,963,1597
3237.515007,924,1598
3237.520005,824,1596
3237.525006,932,1598
3237.530005,957,1599
3237.535007,834,1591
3237.540007,873,1592
3237.545006,966,1598
3237.550006,865,1596
3237.555005,854,1597
3237.560007,986,1598
3237.565006,937,1599
3237.570005,815,1600
3237.575006,921,1601
3237.580006,950,1597
3237.585006,829,1600
3237.590005,876,1601
3237.595006,979,1601
3237.600006,875,1601
3237.605007,853,1602
3237.610007,971,1601
3237.615006,932,1602
3237.620006,829,1602
3237.625006,934,1602
3237.630006,954,1604
3237.635006,824,1604
3237.640006,866,1603
3237.645007,968,1604
3237.650005,865,1604
3237.655005,863,1605
3237.660007,977,1603
3237.665006,940,1603
3237.670007,832,1606
3237.675006,933,1604
3237.680005,963,1603
3237.685006,833,1607
3237.690006,881,1604
3237.695005,976,1606
3237.700007,862,1608
3237.705005,851,1609
3237.710005,986,1609
3237.715005,950,1604
3237.720006,828,1611
3237.725007,937,1609
3237.730006,959,1605
3237.735006,817,1609
3237.740006,865,1609
3237.745006,983,1609
3237.750006,881,1613
3237.755007,862,1612
3237.760007,991,1610
3237.765005,947,1610
3237.770006,820,1616
3237.775005,933,1615
3237.780005,963,1613
3237.785006,837,1613
3237.790006,857,1616
3237.795006,962,1616
3237.800006,869,1614
3237.805006,864,1613
3237.810006,987,1611
3237.815006,942,1614
3237.820006,843,1613
3237.825006,938,1605
3237.830007,941,1614
3237.835007,828,1612
3237.840006,872,1611
3237.845005,970,1610
3237.850006,872,1612
3237.855007,860,1609
3237.860006,982,1611
3237.865005,948,1609
3237.870007,834,1603
3237.875007,920,1614
3237.880005,962,1610
3237.885005,834,1612
3237.890007,858,1613
3237.895006,962,1612
3237.900007,884,1612
3237.905006,843,1614
3237.910005,973,1611
3237.915006,927,1614
3237.920007,844,1612
3237.925007,924,1617
3237.930007,943,1620
3237.935005,821,1615
3237.940005,864,1617
3237.945005,971,1616
3237.950007,870,1614
3237.955005,856,1615
3237.960005,976,1614
3237.965005,944,1613
3237.970006,847,1613
3237.975007,946,1610
3237.980006,956,1604
3237.985005,836,1612
3237.990006,857,1617
3237.995005,964,1613
3238.000007,865,1614
3238.005006,848,1615
3238.010006,976,1613
3238.015005,937,1616
3238.020006,837,1615
3238.025006,937,1613
3238.030005,953,1614
3238.035006,818,1616
3238.040006,862,1618
3238.045005,967,1617
3238.050006,864,1617
3238.055006,866,1616
3238.060006,977,1619
3238.065006,943,1617
3238.070006,835,1618
3238.075005,934,1619
3238.080007,952,1620
3238.085006,831,1621
3238.090005,871,1624
3238.095006,978,1622
3238.100007,881,1621
3238.105007,859,1624
3238.110006,988,1623
3238.115005,945,1624
3238.120006,846,1624
3238.125006,940,1626
3238.130006,956,1618
3238.135005,827,1629
3238.140006,881,1626
3238.145007,979,1625
3238.150007,859,1628
3238.155007,860,1621
3238.160007,991,1630
3238.165007,945,1628
3238.170006,822,1629
3238.175006,944,1625
3238.180005,941,1628
3238.185006,837,1623
3238.190006,883,1624
3238.195005,974,1621
3238.200006,874,1620
3238.205006,859,1620
3238.210006,979,1619
3238.215005,939,1617
3238.220006,829,1618
3238.225006,932,1616
3238.230007,948,1613
3238.235006,820,1614
3238.240006,861,1615
3238.245006,971,1611
3238.250006,873,1609
3238.255006,856,1609
3238.260005,983,1605
3238.265006,944,1607
3238.270006,835,1603
3238.275007,921,1607
3238.280007,940,1604
3238.285005,818,1603
3238.290006,859,1606
3238.295007,965,1606
3238.300007,869,1606
3238.305007,849,1601
3238.310006,972,1600
3238.315006,938,1600
3238.320005,836,1598
3238.325006,938,1600
3238.330006,953,1594
3238.335006,830,1595
3238.340006,871,1595
3238.345005,979,1595
3238.350006,877,1588
3238.355007,843,1592
3238.360007,968,1592
3238.365006,927,1593
3238.370006,831,1590
3238.375005,932,1591
3238.380006,954,1587
3238.385005,833,1587
3238.390006,876,1586
3238.395006,978,1585
3238.400006,871,1573
3238.405006,839,1586
3238.410005,963,1587
3238.415006,927,1583
3238.420006,824,1584
3238.425006,922,1588
3238.430005,945,1582
3238.435006,822,1586
3238.440006,873,1585
3238.445005,959,1586
3238.450005,863,1585
3238.455007,853,1588
3238.460007,990,1579
3238.465007,927,1581
3238.470006,819,1585
3238.475006,920,1591
3238.480007,937,1592
3238.485006,816,1593
3238.490006,883,1587
3238.495005,961,1595
3238.500007,858,1594
3238.505006,851,1594
3238.510005,970,1596
3238.515007,940,1592
3238.520006,831,1586
3238.525007,938,1588
3238.530006,937,1599
3238.535006,812,1601
3238.540006,870,1590
3238.545006,981,1600
3238.550005,860,1604
3238.555007,847,1604
3238.560005,970,1606
3238.565005,927,1609
3238.570006,842,1609
3238.575005,942,1609
3238.580007,960,1613
3238.585006,834,1614
3238.590006,878,1612
3238.595005,978,1613
3238.600007,873,1615
3238.605007,865,1614
3238.610006,980,1614
3238.615005,923,1626
3238.620007,823,1624
3238.625005,932,1621
3238.630006,953,1620
3238.635006,831,1623
3238.640005,873,1622
3238.645007,984,1623
3238.650007,858,1625
3238.655006,863,1620
3238.660005,970,1627
3238.665007,933,1623
3238.670006,832,1627
3238.675006,942,1628
3238.680005,962,1628
3238.685007,833,1625
3238.690006,878,1626
3238.695006,975,1625
3238.700006,875,1624
3238.705006,862,1623
3238.710006,981,1622
3238.715006,923,1627
3238.720005,821,1627
3238.725006,928,1625
3238.730006,945,1627
3238.735007,817,1626
3238.740006,866,1628
3238.745007,969,1628
3238.750006,869,1627
3238.755007,866,1625
3238.760006,987,1627
3238.765006,945,1626
3238.770007,836,1627
3238.775006,938,1625
3238.780005,960,1627
3238.785006,833,1629
3238.790005,871,1629
3238.795005,976,1625
3238.800006,876,1621
3238.805005,840,1627
3238.810006,977,1615
3238.815006,924,1630
3238.820006,824,1625
3238.825005,927,1626
3238.830006,945,1624
3238.835006,819,1624
3238.840005,864,1622
3238.845006,966,1619
3238.850006,869,1620
3238.855006,861,1618
3238.860006,984,1617
3238.865006,944,1614
3238.870006,844,1616
3238.875007,922,1615
3238.880006,941,1615
3238.885006,820,1613
3238.890006,866,1613
3238.895006,972,1609
3238.900006,869,1611
3238.905006,854,1607
3238.910005,978,1610
3238.915007,938,1606
3238.920007,836,1606
3238.925006,947,1606
3238.930007,957,1607
3238.935006,833,1604
3238.940006,877,1605
3238.945006,982,1604
3238.950006,871,1602
3238.955006,860,1606
3238.960007,986,1605
3238.965006,939,1610
3238.970006,835,1607
3238.975006,937,1607
3238.980007,939,1606
3238.985007,818,1598
3238.990007,859,1609
3238.995005,963,1604
3239.000006,861,1604
3239.005005,849,1597
3239.010005,971,1603
3239.015007,928,1603
3239.020006,833,1599
3239.025006,930,1600
3239.030006,945,1601
3239.035005,825,1597
3239.040006,872,1595
3239.045006,983,1596
3239.050005,879,1596
3239.055006,862,1594
3239.060006,993,1593
3239.065007,924,1594
3239.070007,825,1592
3239.075006,930,1591
3239.080006,947,1592
3239.085006,833,1590
3239.090006,878,1589
3239.095005,980,1593
3239.100006,876,1590
3239.105006,860,1588
3239.110005,981,1591
3239.115007,944,1587
3239.120007,839,1586
3239.125006,939,1588
3239.130007,960,1586
3239.135006,817,1588
3239.140005,863,1589
3239.145007,968,1585
3239.150007,869,1586
3239.155006,850,1587
3239.160006,984,1590
3239.165006,943,1588
3239.170006,841,1589
3239.175005,942,1590
3239.180006,958,1591
3239.185006,828,1587
3239.190006,878,1589
3239.195007,972,1586
3239.200005,854,1597
3239.205007,861,1594
3239.210007,965,1599
3239.215007,926,1601
3239.220007,824,1604
3239.225005,931,1602
3239.230006,956,1605
3239.235006,837,1605
3239.240006,880,1607
3239.245005,977,1612
3239.250006,873,1611
3239.255005,859,1614
3239.260006,982,1613
3239.265005,943,1617
3239.270006,845,1613
3239.275007,937,1616
3239.280007,957,1617
3239.285005,828,1619
3239.290006,876,1619
3239.295006,978,1621
3239.300005,871,1618
3239.305006,845,1621
3239.310007,967,1622
3239.315006,931,1620
3239.320006,832,1620
3239.325006,944,1618
3239.330006,960,1619
3239.335007,833,1620
3239.340006,878,1621
3239.345006,972,1616
3239.350006,867,1619
3239.355006,857,1617
3239.360005,980,1617
3239.365006,937,1619
3239.370006,831,1619
3239.375006,929,1622
3239.380006,952,1616
3239.385006,831,1618
3239.390006,873,1616
3239.395006,980,1619
3239.400006,874,1620
3239.405006,867,1615
3239.410005,976,1611
3239.415007,923,1622
3239.420007,825,1622
3239.425006,932,1622
3239.430006,950,1620
3239.435005,834,1622
3239.440006,876,1618
3239.445006,979,1617
3239.450006,873,1623
3239.455006,847,1625
3239.460006,970,1624
3239.465006,932,1624
3239.470005,834,1622
3239.475006,933,1621
3239.480006,945,1621
3239.485006,817,1626
3239.490005,864,1624
3239.495006,961,1624
3239.500005,877,1621
3239.505006,869,1618
3239.510005,968,1625
3239.515006,929,1624
3239.520006,829,1625
3239.525006,927,1623
3239.530006,943,1625
3239.535005,818,1623
3239.540007,862,1620
3239.545007,971,1612
3239.550007,860,1620
3239.555006,849,1621
3239.560006,984,1616
3239.565006,941,1615
3239.570005,846,1613
3239.575006,948,1614
3239.580007,959,1615
3239.585006,834,1612
3239.590005,875,1612
3239.595006,980,1612
3239.600006,873,1610
3239.605006,857,1611
3239.610005,985,1606
3239.615007,939,1606
3239.620007,833,1607
3239.625006,933,1610
3239.630006,951,1605
3239.635005,833,1606
3239.640006,869,1600
3239.645007,959,1605
3239.650007,868,1604
3239.655006,862,1604
3239.660006,965,1604
3239.665007,927,1602
3239.670006,833,1599
3239.675006,941,1598
3239.680005,944,1599
3239.685007,827,1600
3239.690007,872,1596
3239.695006,969,1594
3239.700006,863,1598
3239.705006,861,1593
3239.710007,981,1593
3239.715006,944,1590
3239.720006,834,1589
3239.725006,923,1593
3239.730006,939,1595
3239.735005,820,1589
3239.740006,863,1591
3239.745006,969,1589
3239.750006,870,1590
3239.755006,853,1593
3239.760005,986,1592
3239.765006,937,1587
3239.770006,841,1595
3239.775007,944,1594
3239.780006,932,1597
3239.785005,815,1598
3239.790006,860,1599
3239.795006,961,1601
3239.800005,859,1605
3239.805006,848,1601
3239.810006,968,1602
3239.815007,928,1605
3239.820006,837,1601
3239.825006,945,1603
3239.830007,955,1600
3239.835006,833,1602
3239.840007,873,1602
3239.845005,978,1601
3239.850006,869,1604
3239.855006,859,1601
3239.860006,982,1601
3239.865005,938,1600
3239.870006,834,1603
3239.875006,942,1601
3239.880006,950,1598
3239.885005,824,1600
3239.890006,867,1601
3239.895007,971,1601
3239.900006,865,1600
3239.905005,854,1601
3239.910006,976,1601
3239.915006,937,1601
3239.920007,837,1601
3239.925006,939,1601
3239.930005,953,1600
3239.935006,825,1602
3239.940006,866,1608
3239.945006,974,1602
3239.950006,868,1603
3239.955006,856,1605
3239.960006,981,1604
3239.965006,940,1595
3239.970005,843,1597
3239.975006,928,1608
3239.980007,943,1606
3239.985007,818,1608
3239.990006,861,1606
3239.995006,962,1608
3240.000006,863,1607
3240.005006,856,1607
3240.010005,975,1606
3240.015006,934,1606
3240.020006,831,1611
3240.025007,936,1609
3240.030007,951,1611
3240.035005,828,1607
3240.040007,875,1608
3240.045006,979,1602
3240.050005,874,1607
3240.055006,867,1610
3240.060006,986,1612
3240.065006,944,1613
3240.070006,844,1610
3240.075006,948,1612
3240.080007,953,1616
3240.085006,809,1617
3240.090005,863,1620
3240.095007,965,1620
3240.100006,873,1619
3240.105007,865,1617
3240.110006,970,1626
3240.115006,940,1623
3240.120005,841,1625
3240.125006,940,1616
3240.130006,940,1627
3240.135005,833,1626
3240.140007,884,1625
3240.145006,984,1628
3240.150006,876,1627
3240.155005,868,1626
3240.160007,973,1621
3240.165005,928,1626
3240.170005,828,1626
3240.175005,931,1627
3240.180006,948,1626
3240.185006,822,1624
3240.190006,881,1620
3240.195006,975,1624
3240.200006,867,1621
3240.205006,864,1621
3240.210006,992,1619
3240.215005,947,1616
3240.220006,838,1618
3240.225007,945,1617
3240.230007,950,1617
3240.235006,831,1614
3240.240006,880,1613
3240.245005,978,1613
3240.250006,877,1616
3240.255006,863,1612
3240.260006,991,1612
3240.265006,947,1611
3240.270007,821,1620
3240.275006,933,1612
3240.280006,947,1611
3240.285005,824,1610
3240.290007,875,1612
3240.295006,972,1611
3240.300005,865,1608
3240.305006,855,1609
3240.310006,987,1608
3240.315005,923,1610
3240.320005,826,1604
3240.325006,929,1606
3240.330006,952,1594
3240.335007,815,1604
3240.340006,864,1601
3240.345006,962,1605
3240.350007,859,1602
3240.355006,853,1603
3240.360005,981,1602
3240.365006,946,1602
3240.370006,844,1602
3240.375006,948,1602
3240.380007,934,1604
3240.385006,812,1605
3240.390006,870,1602
3240.395006,972,1605
3240.400006,876,1600
3240.405006,853,1596
3240.410005,982,1598
3240.415006,946,1600
3240.420007,838,1602
3240.425006,941,1605
3240.430005,954,1606
3240.435006,829,1603
3240.440006,871,1605
3240.445006,959,1608
3240.450006,864,1603
3240.455006,858,1604
3240.460007,977,1605
3240.465007,943,1605
3240.470007,819,1607
3240.475005,945,1603
3240.480005,959,1603
3240.485005,814,1605
3240.490007,866,1601
3240.495005,966,1602
3240.500006,853,1605
3240.505007,852,1596
3240.510006,968,1606
3240.515005,927,1604
3240.520006,829,1602
3240.525006,939,1600
3240.530007,953,1600
3240.535006,829,1600
3240.540006,870,1592
3240.545007,962,1601
3240.550006,863,1598
3240.555006,864,1601
3240.560006,971,1595
3240.565005,929,1599
3240.570006,840,1596
3240.575005,929,1603
3240.580007,940,1602
3240.585006,820,1601
3240.590005,864,1600
3240.595006,968,1600
3240.600006,856,1602
3240.605007,847,1601
3240.610006,973,1598
3240.615006,933,1597
3240.620006,844,1597
3240.625006,948,1595
3240.630007,955,1597
3240.635006,828,1596
3240.640005,876,1594
3240.645007,971,1587
3240.650007,869,1592
3240.655006,861,1598
3240.660005,984,1594
3240.665007,917,1597
3240.670006,824,1597
3240.675006,927,1598
3240.680005,940,1597
3240.685006,821,1598
3240.690007,870,1600
3240.695006,962,1600
3240.700006,860,1600
3240.705006,854,1599
3240.710007,979,1601
3240.715005,939,1602
3240.720007,840,1596
3240.725007,930,1605
3240.730006,962,1603
3240.735006,811,1609
3240.740006,881,1605
3240.745005,979,1606
3240.750007,873,1606
3240.755006,859,1606
3240.760006,976,1609
3240.765006,938,1608
3240.770006,844,1607
3240.775006,947,1609
3240.780007,954,1608
3240.785005,834,1609
3240.790007,857,1609
3240.795006,958,1612
3240.800007,859,1608
3240.805006,853,1602
3240.810007,989,1606
3240.815006,926,1601
3240.820006,842,1600
3240.825006,928,1608
3240.830006,937,1604
3240.835006,817,1603
3240.840006,874,1604
3240.845006,973,1603
3240.850006,871,1605
3240.855005,862,1599
3240.860005,972,1597
3240.865007,925,1600
3240.870006,827,1606
3240.875007,942,1601
3240.880006,953,1599
3240.885006,832,1600
3240.890006,871,1597
3240.895006,971,1600
3240.900006,869,1593
3240.905005,844,1602
3240.910006,971,1600
3240.915006,930,1603
3240.920006,830,1602
3240.925006,944,1601
3240.930006,948,1603
3240.935007,818,1603
3240.940007,861,1607
3240.945006,970,1603
3240.950005,853,1608
3240.955006,852,1609
3240.960007,973,1608
3240.965007,931,1609
3240.970005,826,1613
3240.975006,932,1613
3240.980007,943,1614
3240.985006,820,1613
3240.990006,877,1612
3240.995005,985,1615
3241.000006,851,1617
3241.005007,856,1615
3241.010006,981,1619
3241.015006,932,1614
3241.020007,836,1613
3241.025006,941,1616
3241.030006,944,1617
3241.035006,826,1617
3241.040006,869,1615
3241.045006,969,1614
3241.050005,865,1616
3241.055007,862,1613
3241.060006,985,1612
3241.065007,934,1612
3241.070007,837,1612
3241.075006,948,1613
3241.080006,950,1610
3241.085006,827,1610
3241.090005,880,1609
3241.095006,974,1609
3241.100007,866,1608
3241.105006,854,1610
3241.110006,976,1611
3241.115006,933,1610
3241.120005,833,1609
3241.125006,946,1606
3241.130006,951,1607
3241.135005,831,1604
3241.140006,880,1605
3241.145006,974,1604
3241.150006,868,1605
3241.155006,864,1602
3241.160006,982,1605
3241.165007,933,1601
3241.170006,840,1603
3241.175005,944,1602
3241.180007,955,1601
3241.185006,809,1602
3241.190006,876,1599
3241.195006,967,1591
3241.200006,854,1592
3241.205007,851,1596
3241.210006,972,1601
3241.215006,935,1600
3241.220006,840,1599
3241.225007,946,1603
3241.230006,946,1594
3241.235006,832,1599
3241.240006,861,1604
3241.245006,961,1605
3241.250006,859,1605
3241.255007,858,1606
3241.260007,983,1606
3241.265006,934,1607
3241.270006,847,1609
3241.275006,953,1608
3241.280006,956,1607
3241.285006,809,1611
3241.290006,861,1610
3241.295006,981,1611
3241.300005,853,1615
3241.305007,857,1613
3241.310006,981,1613
3241.315006,934,1613
3241.320006,833,1613
3241.325007,945,1617
3241.330005,947,1615
3241.335005,815,1621
3241.340006,871,1616
3241.345006,971,1615
3241.350006,862,1619
3241.355006,861,1616
3241.360006,985,1620
3241.365005,942,1618
3241.370006,842,1618
3241.375007,949,1618
3241.380006,937,1620
3241.385006,820,1623
3241.390005,875,1622
3241.395006,980,1624
3241.400006,870,1623
3241.405005,862,1624
3241.410006,985,1622
3241.415006,944,1623
3241.420007,838,1620
3241.425006,947,1626
3241.430005,938,1626
3241.435007,825,1621
3241.440006,871,1623
3241.445005,972,1622
3241.450006,870,1622
3241.455006,848,1622
3241.460007,976,1620
3241.465006,934,1620
3241.470005,841,1618
3241.475007,948,1618
3241.480006,953,1617
3241.485005,809,1622
3241.490007,861,1619
3241.495007,958,1618
3241.500005,858,1617
3241.505005,860,1618
3241.510005,979,1619
3241.515006,936,1616
3241.520006,836,1616
3241.525006,936,1619
3241.530006,945,1618
3241.535005,821,1619
3241.540006,867,1618
3241.545006,975,1621
3241.550006,872,1621
3241.555006,842,1620
3241.560006,967,1617
3241.565006,928,1616
3241.570006,838,1616
3241.575005,953,1615
3241.580006,941,1609
3241.585006,818,1614
3241.590005,871,1614
3241.595006,968,1616
3241.600007,845,1615
3241.605006,844,1617
3241.610006,975,1605
3241.615006,925,1612
3241.620005,829,1610
3241.625006,936,1609
3241.630006,948,1607
3241.635006,818,1606
3241.640006,867,1603
3241.645006,969,1606
3241.650006,860,1600
3241.655006,858,1604
3241.660006,982,1601
3241.665006,938,1598
3241.670006,823,1602
3241.675005,933,1597
3241.680007,942,1600
3241.685005,825,1601
3241.690005,870,1598
3241.695005,973,1597
3241.700006,861,1596
3241.705006,864,1597
3241.710006,984,1596
3241.715005,942,1594
3241.720006,835,1596
3241.725006,927,1600
3241.730006,937,1596
3241.735005,816,1594
3241.740006,867,1596
3241.745005,961,1594
3241.750007,852,1591
3241.755006,851,1593
3241.760005,973,1590
3241.765007,925,1592
3241.770007,829,1589
3241.775007,937,1590
3241.780005,937,1589
3241.785007,831,1588
3241.790005,874,1588
3241.795006,955,1588
3241.800005,850,1591
3241.805007,852,1592
3241.810005,972,1592
3241.815005,928,1594
3241.820005,834,1594
3241.825007,947,1593
3241.830007,955,1595
3241.835006,829,1595
3241.840006,873,1597
3241.845005,964,1593
3241.850006,866,1597
3241.855006,859,1600
3241.860005,977,1604
3241.865007,931,1603
3241.870007,841,1604
3241.875006,928,1609
3241.880006,933,1611
3241.885006,810,1610
3241.890006,861,1611
3241.895006,964,1612
3241.900007,853,1613
3241.905006,860,1611
3241.910006,980,1613
3241.915006,939,1615
3241.920006,844,1613
3241.925006,956,1613
3241.930005,953,1607
3241.935006,815,1618
3241.940006,862,1616
3241.945006,971,1616
3241.950006,862,1615
3241.955007,870,1619
3241.960006,989,1616
3241.965006,941,1618
3241.970005,829,1619
3241.975006,938,1623
3241.980006,948,1621
3241.985006,827,1625
3241.990006,883,1624
3241.995006,958,1631
3242.000006,859,1627
3242.005006,860,1629
3242.010005,979,1628
3242.015006,942,1629
3242.020007,840,1629
3242.025006,947,1629
3242.030005,955,1631
3242.035007,830,1630
3242.040006,879,1628
3242.045006,959,1635
3242.050006,853,1632
3242.055005,866,1635
3242.060006,986,1631
3242.065006,947,1628
3242.070006,829,1632
3242.075005,945,1631
3242.080007,947,1632
3242.085006,826,1634
3242.090006,875,1633
3242.095006,967,1622
3242.100006,846,1632
3242.105006,855,1629
3242.110006,978,1630
3242.115006,936,1628
3242.120005,847,1625
3242.125007,953,1624
3242.130006,955,1623
3242.135007,826,1622
3242.140005,875,1622
3242.145006,974,1620
3242.150007,866,1620
3242.155007,863,1620
3242.160006,978,1617
3242.165006,943,1613
3242.170006,829,1616
3242.175006,944,1613
3242.180005,944,1614
3242.185007,830,1612
3242.190006,880,1611
3242.195005,959,1613
3242.200006,856,1611
3242.205006,865,1612
3242.210006,985,1606
3242.215006,934,1600
3242.220006,822,1611
3242.225006,934,1605
3242.230006,943,1605
3242.235006,819,1608
3242.240006,877,1605
3242.245005,979,1606
3242.250006,867,1604
3242.255007,863,1603
3242.260006,967,1608
3242.265006,922,1605
3242.270007,845,1602
3242.275006,954,1603
3242.280007,954,1599
3242.285005,810,1606
3242.290007,861,1601
3242.295007,961,1600
3242.300006,849,1601
3242.305005,852,1601
3242.310007,975,1599
3242.315007,932,1599
3242.320007,833,1596
3242.325006,953,1595
3242.330006,954,1595
3242.335006,827,1594
3242.340005,869,1593
3242.345006,966,1595
3242.350006,856,1597
3242.355006,859,1595
3242.360006,978,1594
3242.365006,942,1595
3242.370007,841,1595
3242.375005,947,1597
3242.380006,949,1592
3242.385005,806,1598
3242.390006,868,1595
3242.395006,966,1595
3242.400006,861,1597
3242.405005,860,1596
3242.410006,963,1594
3242.415006,939,1593
3242.420006,838,1589
3242.425005,952,1592
3242.430006,952,1589
3242.435006,827,1592
3242.440006,854,1592
3242.445005,960,1592
3242.450007,852,1588
3242.455006,857,1588
3242.460006,981,1588
3242.465005,937,1586
3242.470007,820,1588
3242.475006,944,1574
3242.480006,951,1585
3242.485005,813,1586
3242.490006,872,1585
3242.495006,974,1586
3242.500006,858,1585
3242.505006,859,1584
3242.510006,980,1585
3242.515005,937,1588
3242.520006,836,1587
3242.525006,955,1589
3242.530005,955,1587
3242.535006,829,1590
3242.540006,872,1590
3242.545005,971,1594
3242.550006,838,1599
3242.555005,848,1598
3242.560005,970,1599
3242.565006,927,1598
3242.570006,830,1603
3242.575005,947,1601
3242.580006,954,1600
3242.585005,827,1596
3242.590005,859,1605
3242.595006,960,1608
3242.600006,845,1608
3242.605006,866,1605
3242.610006,973,1605
3242.615006,925,1609
3242.620005,828,1608
3242.625007,942,1608
3242.630006,949,1608
3242.635005,834,1610
3242.640006,866,1606
3242.645006,958,1610
3242.650006,859,1610
3242.655005,863,1615
3242.660007,992,1611
3242.665006,944,1615
3242.670007,841,1618
3242.675006,951,1618
3242.680006,953,1618
3242.685007,829,1620
3242.690006,872,1619
3242.695005,976,1622
3242.700006,864,1620
3242.705006,866,1620
3242.710006,969,1621
3242.715005,923,1622
3242.720007,828,1621
3242.725006,941,1622
3242.730006,947,1620
3242.735005,824,1619
3242.740006,875,1620
3242.745005,972,1620
3242.750006,864,1623
3242.755006,873,1619
3242.760006,975,1623
3242.765006,931,1620
3242.770007,846,1621
3242.775006,957,1620
3242.780006,956,1623
3242.785005,831,1622
3242.790006,884,1618
3242.795006,974,1617
3242.800006,859,1616
3242.805006,863,1614
3242.810006,985,1623
3242.815006,938,1620
3242.820005,840,1615
3242.825007,952,1619
3242.830006,956,1622
3242.835007,833,1622
3242.840006,859,1621
3242.845005,974,1620
3242.850006,853,1613
3242.855006,847,1621
3242.860006,975,1617
3242.865006,935,1618
3242.870006,840,1614
3242.875006,954,1613
3242.880007,955,1613
3242.885007,811,1614
3242.890006,864,1615
3242.895006,968,1614
3242.900007,854,1615
3242.905006,864,1610
3242.910006,985,1613
3242.915007,936,1610
3242.920007,845,1610
3242.925007,952,1602
3242.930005,937,1611
3242.935007,816,1610
3242.940006,865,1610
3242.945005,963,1607
3242.950006,848,1612
3242.955006,857,1606
3242.960005,974,1607
3242.965005,925,1606
3242.970006,828,1609
3242.975006,955,1596
3242.980006,942,1602
3242.985005,832,1601
3242.990005,881,1598
3242.995007,956,1604
3243.000006,847,1603
3243.005007,853,1601
3243.010006,979,1600
3243.015005,934,1599
3243.020005,833,1600
3243.025006,952,1600
3243.030005,952,1598
3243.035006,831,1600
3243.040007,882,1598
3243.045006,976,1599
3243.050005,861,1599
3243.055006,857,1590
3243.060007,980,1599
3243.065005,934,1597
3243.070005,843,1600
3243.075006,939,1591
3243.080006,948,1592
3243.085005,817,1596
3243.090006,872,1595
3243.095006,973,1595
3243.100006,850,1588
3243.105007,849,1594
3243.110006,973,1598
3243.115005,930,1598
3243.120007,841,1594
3243.125005,939,1598
3243.130005,944,1595
3243.135005,826,1596
3243.140007,876,1596
3243.145005,972,1594
3243.150005,855,1588
3243.155005,868,1594
3243.160006,984,1597
3243.165007,938,1592
3243.170006,821,1593
3243.175007,951,1587
3243.180006,929,1595
3243.185007,810,1593
3243.190007,881,1592
3243.195007,971,1588
3243.200005,852,1587
3243.205006,869,1591
3243.210006,965,1594
3243.215005,916,1593
3243.220007,825,1596
3243.225006,940,1595
3243.230006,936,1596
3243.235006,813,1598
3243.240005,884,1592
3243.245006,956,1598
3243.250006,847,1598
3243.255007,859,1595
3243.260007,972,1597
3243.265007,936,1599
3243.270006,842,1595
3243.275006,957,1599
3243.280005,930,1601
3243.285007,833,1599
3243.290006,874,1602
3243.295006,974,1602
3243.300005,854,1602
3243.305007,858,1603
3243.310006,976,1602
3243.315006,927,1601
3243.320006,831,1605
3243.325006,949,1603
3243.330007,937,1604
3243.335006,823,1606
3243.340005,883,1603
3243.345006,970,1604
3243.350006,837,1608
3243.355006,859,1606
3243.360006,985,1607
3243.365006,934,1609
3243.370005,839,1607
3243.375006,948,1611
3243.380007,948,1609
3243.385007,830,1610
3243.390005,879,1611
3243.395007,970,1610
3243.400006,860,1616
3243.405005,868,1613
3243.410007,982,1617
3243.415005,936,1617
3243.420005,845,1617
3243.425006,958,1619
3243.430006,946,1625
3243.435006,828,1622
3243.440006,880,1623
3243.445006,974,1623
3243.450006,837,1626
3243.455006,850,1628
3243.460007,976,1625
3243.465006,934,1626
3243.470006,845,1628
3243.475007,947,1628
3243.480006,952,1629
3243.485005,829,1628
3243.490006,865,1628
3243.495005,972,1622
3243.500006,842,1630
3243.505006,855,1630
3243.510005,992,1628
3243.515007,933,1629
3243.520005,843,1628
3243.525006,956,1629
3243.530005,954,1627
3243.535006,811,1629
3243.540007,870,1631
3243.545007,961,1631
3243.550006,850,1631
3243.555005,857,1634
3243.560006,986,1629
3243.565006,937,1632
3243.570005,852,1624
3243.575006,965,1626
3243.580006,950,1620
3243.585006,817,1620
3243.590006,868,1628
3243.595005,960,1626
3243.600006,845,1626
3243.605006,870,1624
3243.610005,971,1625
3243.615007,921,1624
3243.620005,833,1623
3243.625006,946,1624
3243.630006,945,1616
3243.635006,827,1619
3243.640005,882,1618
3243.645006,959,1622
3243.650006,847,1621
3243.655005,863,1618
3243.660007,991,1619
3243.665005,937,1618
3243.670006,845,1615
3243.675006,960,1617
3243.680006,954,1613
3243.685007,816,1619
3243.690006,872,1619
3243.695006,958,1619
3243.700006,848,1617
3243.705006,858,1619
3243.710006,976,1619
3243.715007,926,1618
3243.720005,843,1620
3243.725006,963,1620
3243.730006,937,1622
3243.735005,819,1622
3243.740006,879,1621
3243.745005,971,1622
3243.750006,863,1621
3243.755007,871,1623
3243.760006,991,1620
3243.765006,931,1626
3243.770006,842,1623
3243.775006,955,1619
3243.780005,947,1621
3243.785006,824,1618
3243.790006,877,1621
3243.795007,965,1623
3243.800007,860,1613
3243.805007,857,1617
3243.810005,982,1617
3243.815005,928,1606
3243.820006,830,1616
3243.825006,943,1617
3243.830006,953,1613
3243.835007,817,1615
3243.840006,880,1611
3243.845005,966,1612
3243.850006,853,1612
3243.855006,870,1610
3243.860006,991,1611
3243.865005,925,1600
3243.870006,832,1609
3243.875006,950,1611
3243.880006,949,1606
3243.885006,833,1607
3243.890006,887,1605
3243.895006,965,1603
3243.900006,853,1598
3243.905006,868,1602
3243.910006,965,1604
3243.915006,915,1598
3243.920006,830,1601
3243.925007,943,1603
3243.930005,941,1599
3243.935006,825,1588
3243.940007,868,1600
3243.945007,960,1596
3243.950006,845,1596
3243.955006,862,1595
3243.960006,987,1594
3243.965006,925,1593
3243.970006,838,1595
3243.975006,949,1597
3243.980007,947,1593
3243.985006,821,1592
3243.990005,880,1592
3243.995006,971,1593
3244.000007,849,1592
3244.005006,860,1586
3244.010005,986,1588
3244.015007,923,1592
3244.020007,839,1592
3244.025007,952,1592
3244.030006,943,1593
3244.035005,827,1595
3244.040006,887,1588
3244.045006,966,1592
3244.050005,851,1588
3244.055006,844,1596
3244.060006,970,1593
3244.065007,915,1595
3244.070006,837,1595
3244.075006,960,1591
3244.080006,928,1598
3244.085006,808,1593
3244.090005,866,1596
3244.095007,953,1595
3244.100005,834,1598
3244.105006,849,1593
3244.110006,968,1595
3244.115005,922,1595
3244.120006,844,1590
3244.125007,959,1593
3244.130006,938,1594
3244.135005,828,1591
3244.140007,883,1594
3244.145007,971,1593
3244.150007,830,1595
3244.155006,848,1597
3244.160005,972,1596
3244.165007,917,1593
3244.170006,835,1592
3244.175006,952,1596
3244.180006,943,1596
3244.185006,824,1593
3244.190006,889,1594
3244.195006,969,1595
3244.200006,852,1595
3244.205007,866,1594
3244.210006,980,1595
3244.215006,926,1595
3244.220005,840,1595
3244.225006,954,1598
3244.230006,923,1602
3244.235005,824,1593
3244.240007,884,1596
3244.245006,968,1600
3244.250007,852,1600
3244.255006,845,1601
3244.260006,962,1606
3244.265005,912,1604
3244.270007,829,1607
3244.275006,945,1605
3244.280005,938,1604
3244.285007,820,1606
3244.290006,885,1609
3244.295005,963,1609
3244.300005,842,1609
3244.305007,857,1607
3244.310006,976,1609
3244.315006,926,1611
3244.320006,847,1611
3244.325006,964,1611
3244.330006,946,1613
3244.335006,828,1614
3244.340005,869,1618
3244.345006,957,1617
3244.350007,842,1614
3244.355007,860,1617
3244.360006,973,1618
3244.365006,928,1615
3244.370005,847,1614
3244.375007,960,1614
3244.380007,951,1614
3244.385006,830,1615
3244.390005,893,1615
3244.395007,956,1616
3244.400006,844,1614
3244.405006,853,1617
3244.410006,971,1618
3244.415007,917,1620
3244.420006,843,1620
3244.425005,963,1619
3244.430006,958,1623
3244.435006,829,1624
3244.440006,891,1622
3244.445006,969,1622
3244.450005,847,1621
3244.455006,865,1625
3244.460005,989,1626
3244.465006,930,1624
3244.470006,850,1624
3244.475006,946,1627
3244.480006,951,1625
3244.485005,820,1622
3244.490007,875,1628
3244.495006,964,1628
3244.500006,848,1627
3244.505005,865,1627
3244.510005,989,1626
3244.515007,928,1626
3244.520005,842,1628
3244.525005,960,1627
3244.530006,943,1629
3244.535006,825,1630
3244.540006,885,1631
3244.545006,974,1629
3244.550006,853,1629
3244.555005,870,1627
3244.560007,984,1627
3244.565006,927,1626
3244.570006,845,1627
3244.575005,969,1622
3244.580006,947,1627
3244.585006,826,1619
3244.590006,891,1618
3244.595005,958,1618
3244.600006,846,1616
3244.605006,851,1623
3244.610006,968,1624
3244.615005,912,1623
3244.620006,838,1621
3244.625006,955,1621
3244.630006,951,1620
3244.635005,831,1618
3244.640007,894,1622
3244.645006,965,1617
3244.650007,852,1617
3244.655007,866,1618
3244.660006,985,1618
3244.665007,918,1617
3244.670006,841,1618
3244.675005,954,1618
3244.680006,938,1620
3244.685006,822,1617
3244.690006,887,1620
3244.695005,962,1619
3244.700006,845,1617
3244.705006,858,1618
3244.710006,981,1618
3244.715005,919,1610
3244.720006,846,1620
3244.725006,943,1621
3244.730006,931,1618
3244.735006,835,1615
3244.740006,870,1620
3244.745005,952,1620
3244.750006,838,1617
3244.755006,872,1616
3244.760005,980,1613
3244.765006,906,1618
3244.770007,836,1616
3244.775006,966,1615
3244.780005,928,1615
3244.785007,827,1610
3244.790005,873,1615
3244.795006,957,1613
3244.800005,836,1612
3244.805006,865,1610
3244.810006,980,1609
3244.815006,925,1606
3244.820007,829,1601
3244.825006,947,1608
3244.830006,931,1608
3244.835006,814,1607
3244.840005,893,1600
3244.845006,952,1604
3244.850006,838,1604
3244.855006,852,1601
3244.860005,970,1600
3244.865006,913,1598
3244.870005,840,1598
3244.875006,956,1600
3244.880006,943,1597
3244.885006,828,1596
3244.890006,894,1597
3244.895006,964,1595
3244.900006,841,1596
3244.905006,868,1589
3244.910005,974,1584
3244.915006,900,1596
3244.920007,844,1590
3244.925006,953,1584
3244.930006,928,1594
3244.935006,831,1592
3244.940005,898,1590
3244.945005,967,1593
3244.950006,842,1588
3244.955006,842,1592
3244.960007,984,1587
3244.965006,898,1593
3244.970005,826,1593
3244.975006,948,1595
3244.980006,929,1593
3244.985005,812,1594
3244.990006,894,1585
3244.995005,952,1589
3245.000007,833,1592
3245.005006,853,1590
3245.010005,974,1590
3245.015007,908,1590
3245.020005,841,1591
3245.025005,961,1594
3245.030005,946,1586
3245.035006,830,1595
3245.040007,893,1594
3245.045006,947,1599
3245.050007,833,1597
3245.055006,853,1595
3245.060007,972,1599
3245.065006,915,1597
3245.070005,845,1600
3245.075006,971,1597
3245.080007,951,1596
3245.085006,809,1601
3245.090005,879,1598
3245.095006,952,1601
3245.100006,831,1601
3245.105007,851,1603
3245.110007,968,1601
3245.115006,907,1602
3245.120006,840,1600
3245.125006,965,1601
3245.130006,949,1601
3245.135006,829,1600
3245.140006,892,1599
3245.145006,967,1599
3245.150007,843,1599
3245.155006,848,1605
3245.160005,966,1601
3245.165006,905,1597
3245.170006,830,1603
3245.175006,953,1602
3245.180006,943,1596
3245.185006,822,1601
3245.190005,892,1602
3245.195005,973,1600
3245.200006,846,1594
3245.205007,864,1601
3245.210007,964,1603
3245.215006,904,1600
3245.220006,833,1601
3245.225006,955,1602
3245.230007,943,1601
3245.235007,832,1603
3245.240006,881,1603
3245.245006,955,1606
3245.250007,831,1605
3245.255006,859,1604
3245.260006,981,1602
3245.265005,917,1603
3245.270006,850,1607
3245.275006,968,1605
3245.280006,949,1608
3245.285005,826,1607
3245.290006,899,1606
3245.295005,947,1610
3245.300005,829,1610
3245.305006,856,1612
3245.310006,979,1608
3245.315006,915,1603
3245.320005,828,1610
3245.325006,953,1611
3245.330005,934,1612
3245.335005,820,1609
3245.340005,891,1607
3245.345007,957,1607
3245.350006,833,1608
3245.355007,852,1608
3245.360006,974,1606
3245.365006,903,1609
3245.370006,841,1607
3245.375005,963,1605
3245.380006,939,1606
3245.385005,824,1604
3245.390007,898,1596
3245.395007,972,1600
3245.400007,840,1600
3245.405006,862,1598
3245.410005,984,1601
3245.415007,916,1600
3245.420006,822,1601
3245.425005,965,1600
3245.430006,939,1592
3245.435006,830,1599
3245.440006,875,1603
3245.445005,953,1600
3245.450006,831,1597
3245.455006,857,1597
3245.460007,988,1597
3245.465006,915,1598
3245.470006,831,1596
3245.475006,975,1593
3245.480006,950,1596
3245.485006,828,1597
3245.490005,897,1595
3245.495006,961,1589
3245.500006,824,1597
3245.505006,858,1597
3245.510006,979,1599
3245.515005,909,1597
3245.520006,847,1597
3245.525006,967,1594
3245.530006,927,1599
3245.535005,830,1597
3245.540006,885,1598
3245.545006,957,1599
3245.550006,850,1600
3245.555006,866,1600
3245.560006,976,1596
3245.565007,911,1601
3245.570005,840,1596
3245.575006,968,1603
3245.580006,939,1602
3245.585006,831,1612
3245.590006,883,1612
3245.595006,955,1614
3245.600006,833,1614
3245.605006,864,1616
3245.610005,981,1616
3245.615006,914,1620
3245.620006,851,1616
3245.625005,955,1617
3245.630005,931,1624
3245.635005,815,1624
3245.640006,897,1619
3245.645007,963,1623
3245.650006,848,1625
3245.655006,875,1626
3245.660005,987,1626
3245.665006,915,1622
3245.670007,832,1628
3245.675007,956,1631
3245.680006,938,1627
3245.685006,815,1631
3245.690006,888,1633
3245.695006,956,1634
3245.700006,833,1632
3245.705006,870,1630
3245.710006,988,1631
3245.715005,922,1632
3245.720006,852,1633
3245.725006,980,1632
3245.730006,953,1634
3245.735007,835,1633
3245.740006,908,1632
3245.745006,971,1632
3245.750006,823,1636
3245.755006,869,1631
3245.760005,966,1631
3245.765006,898,1631
3245.770006,839,1629
3245.775007,974,1624
3245.780007,945,1626
3245.785005,828,1624
3245.790006,905,1625
3245.795006,966,1618
3245.800006,841,1619
3245.805006,860,1620
3245.810007,981,1618
3245.815006,912,1619
3245.820006,845,1618
3245.825005,965,1609
3245.830006,931,1612
3245.835006,819,1616
3245.840005,899,1613
3245.845007,972,1612
3245.850005,844,1609
3245.855005,868,1605
3245.860005,989,1603
3245.865007,911,1605
3245.870006,844,1605
3245.875007,972,1603
3245.880006,946,1602
3245.885006,827,1604
3245.890005,908,1594
3245.895007,943,1602
3245.900006,819,1602
3245.905006,869,1594
3245.910006,987,1593
3245.915006,911,1596
3245.920005,854,1593
3245.925005,966,1593
3245.930007,925,1600
3245.935005,814,1600
3245.940005,889,1599
3245.945005,956,1591
3245.950007,822,1599
3245.955005,852,1600
3245.960005,981,1588
3245.965005,894,1595
3245.970006,845,1595
3245.975006,967,1595
3245.980006,949,1594
3245.985005,808,1598
3245.990006,908,1595
3245.995005,966,1596
3246.000006,837,1594
3246.005006,867,1597
3246.010006,978,1595
3246.015006,883,1598
3246.020007,849,1595
3246.025006,973,1594
3246.030005,944,1597
3246.035006,828,1595
3246.040006,899,1597
3246.045006,960,1600
3246.050006,830,1599
3246.055007,861,1601
3246.060005,974,1601
3246.065005,903,1603
3246.070005,849,1598
3246.075006,961,1596
3246.080006,924,1611
3246.085006,822,1609
3246.090005,897,1610
3246.095006,953,1612
3246.100007,825,1611
3246.105006,853,1615
3246.110005,970,1614
3246.115006,899,1614
3246.120006,835,1616
3246.125007,959,1621
3246.130006,939,1615
3246.135006,820,1618
3246.140005,897,1619
3246.145006,953,1621
3246.150006,829,1619
3246.155006,870,1617
3246.160005,989,1617
3246.165006,890,1620
3246.170007,838,1618
3246.175006,968,1617
3246.180006,944,1617
3246.185007,825,1615
3246.190007,908,1619
3246.195006,969,1615
3246.200005,840,1617
3246.205006,875,1612
3246.210006,984,1610
3246.215005,904,1614
3246.220006,847,1613
3246.225005,954,1611
3246.230005,930,1614
3246.235006,821,1612
3246.240005,903,1612
3246.245007,954,1611
3246.250007,830,1612
3246.255006,864,1615
3246.260005,989,1608
3246.265007,888,1612
3246.270006,836,1612
3246.275006,959,1613
3246.280006,932,1611
3246.285006,833,1604
3246.290006,895,1612
3246.295006,951,1616
3246.300006,826,1613
3246.305005,862,1617
3246.310005,976,1615
3246.315005,896,1617
3246.320005,836,1618
3246.325006,965,1620
3246.330006,938,1618
3246.335007,826,1617
3246.340006,913,1617
3246.345006,966,1620
3246.350006,845,1614
3246.355006,874,1617
3246.360006,977,1607
3246.365006,889,1617
3246.370005,841,1617
3246.375007,972,1613
3246.380007,943,1613
3246.385006,831,1601
3246.390006,912,1611
3246.395007,955,1603
3246.400006,822,1610
3246.405006,867,1608
3246.410005,977,1609
3246.415007,899,1605
3246.420007,853,1604
3246.425007,975,1603
3246.430005,952,1601
3246.435006,823,1592
3246.440006,909,1594
3246.445005,961,1599
3246.450006,820,1601
3246.455006,858,1597
3246.460007,980,1596
3246.465006,909,1593
3246.470006,849,1593
3246.475006,973,1588
3246.480006,941,1586
3246.485005,830,1587
3246.490006,906,1588
3246.495006,948,1585
3246.500006,818,1593
3246.505006,849,1594
3246.510006,965,1595
3246.515006,885,1592
3246.520007,837,1595
3246.525006,961,1596
3246.530005,935,1593
3246.535006,821,1593
3246.540006,899,1596
3246.545006,956,1599
3246.550005,833,1597
3246.555007,872,1599
3246.560006,982,1600
3246.565006,901,1595
3246.570005,832,1606
3246.575006,965,1606
3246.580007,942,1604
3246.585006,827,1606
3246.590005,913,1606
3246.595006,964,1607
3246.600005,833,1608
3246.605006,872,1612
3246.610006,983,1611
3246.615005,902,1606
3246.620006,834,1618
3246.625007,960,1618
3246.630006,928,1618
3246.635005,817,1617
3246.640007,908,1618
3246.645006,959,1616
3246.650006,842,1616
3246.655005,872,1618
3246.660007,985,1617
3246.665005,884,1620
3246.670006,841,1618
3246.675005,970,1617
3246.680006,942,1617
3246.685006,833,1615
3246.690006,913,1618
3246.695005,957,1616
3246.700006,837,1609
3246.705006,874,1616
3246.710007,981,1620
3246.715006,903,1616
3246.720005,854,1611
3246.725006,956,1617
3246.730007,930,1614
3246.735006,818,1618
3246.740006,912,1617
3246.745006,971,1616
3246.750006,819,1619
3246.755005,857,1617
3246.760005,971,1616
3246.765006,884,1619
3246.770006,837,1621
3246.775006,964,1614
3246.780006,932,1618
3246.785006,825,1615
3246.790006,907,1615
3246.795006,969,1613
3246.800006,842,1614
3246.805005,855,1614
3246.810006,984,1614
3246.815006,897,1613
3246.820006,845,1614
3246.825006,976,1618
3246.830007,925,1616
3246.835007,813,1612
3246.840006,898,1614
3246.845006,949,1609
3246.850007,820,1610
3246.855006,873,1602
3246.860005,982,1606
3246.865006,898,1602
3246.870007,851,1603
3246.875005,957,1605
3246.880006,945,1600
3246.885005,823,1601
3246.890006,917,1600
3246.895006,962,1598
3246.900006,832,1591
3246.905006,867,1597
3246.910006,959,1600
3246.915006,891,1595
3246.920006,856,1594
3246.925005,957,1604
3246.930006,934,1597
3246.935006,820,1597
3246.940007,902,1603
3246.945006,949,1601
3246.950006,824,1600
3246.955006,855,1600
3246.960007,971,1602
3246.965006,888,1603
3246.970005,841,1599
3246.975007,972,1603
3246.980006,945,1602
3246.985006,831,1603
3246.990005,908,1601
3246.995006,960,1604
3247.000007,841,1603
3247.005006,877,1598
3247.010005,982,1603
3247.015006,900,1602
3247.020006,849,1601
3247.025006,961,1604
3247.030006,928,1605
3247.035005,821,1603
3247.040005,910,1604
3247.045005,964,1601
3247.050006,819,1605
3247.055006,860,1605
3247.060007,982,1602
3247.065007,900,1605
3247.070007,854,1603
3247.075007,975,1598
3247.080005,942,1598
3247.085005,817,1604
3247.090006,907,1603
3247.095005,950,1601
3247.100006,829,1603
3247.105006,864,1600
3247.110006,985,1601
3247.115005,896,1601
3247.120006,853,1599
3247.125007,958,1602
3247.130006,928,1603
3247.135005,820,1603
3247.140007,904,1603
3247.145006,954,1598
3247.150006,828,1603
3247.155006,866,1602
3247.160005,977,1603
3247.165007,888,1602
3247.170006,848,1601
3247.175006,976,1601
3247.180005,946,1600
3247.185006,814,1604
3247.190006,902,1601
3247.195006,952,1599
3247.200006,832,1598
3247.205007,864,1599
3247.210006,977,1599
3247.215005,888,1599
3247.220007,859,1592
3247.225005,973,1592
3247.230005,924,1599
3247.235005,816,1601
3247.240006,909,1602
3247.245006,951,1603
3247.250006,837,1603
3247.255006,873,1603
3247.260007,984,1605
3247.265006,890,1606
3247.270006,853,1608
3247.275006,955,1613
3247.280007,926,1614
3247.285006,819,1612
3247.290006,910,1613
3247.295006,960,1613
3247.300006,832,1610
3247.305005,850,1616
3247.310005,965,1614
3247.315006,878,1613
3247.320006,845,1611
3247.325006,971,1613
3247.330006,940,1611
3247.335006,838,1609
3247.340005,926,1610
3247.345007,940,1613
3247.350006,822,1612
3247.355006,875,1613
3247.360007,983,1613
3247.365007,875,1619
3247.370005,840,1618
3247.375006,971,1620
3247.380007,945,1620
3247.385006,826,1614
3247.390006,926,1624
3247.395006,964,1623
3247.400006,833,1627
3247.405006,868,1627
3247.410005,983,1624
3247.415006,892,1633
3247.420006,850,1625
3247.425006,973,1622
3247.430005,940,1624
3247.435005,818,1625
3247.440006,901,1633
3247.445006,946,1631
3247.450006,829,1631
3247.455007,868,1629
3247.460006,985,1630
3247.465006,871,1636
3247.470005,839,1632
3247.475006,986,1629
3247.480005,927,1634
3247.485005,824,1632
3247.490006,909,1632
3247.495005,948,1634
3247.500006,818,1635
3247.505006,862,1631
3247.510005,970,1632
3247.515006,880,1633
3247.520006,844,1633
3247.525006,971,1633
3247.530005,933,1633
3247.535006,827,1632
3247.540006,923,1631
3247.545006,968,1632
3247.550006,836,1633
3247.555006,878,1626
3247.560006,980,1628
3247.565006,871,1632
3247.570005,856,1630
3247.575006,967,1629
3247.580006,942,1629
3247.585006,834,1628
3247.590006,922,1626
3247.595005,959,1625
3247.600006,832,1622
3247.605006,877,1615
3247.610006,976,1612
3247.615007,871,1616
3247.620006,852,1608
3247.625006,959,1614
3247.630006,925,1616
3247.635005,820,1614
3247.640007,908,1611
3247.645006,946,1606
3247.650007,830,1603
3247.655006,868,1604
3247.660006,984,1601
3247.665006,874,1595
3247.670006,840,1599
3247.675005,969,1595
3247.680006,941,1592
3247.685007,834,1593
3247.690006,925,1589
3247.695005,963,1583
3247.700006,808,1587
3247.705006,855,1586
3247.710006,965,1586
3247.715005,879,1582
3247.720006,846,1581
3247.725005,978,1580
3247.730005,934,1581
3247.735005,819,1582
3247.740006,913,1579
3247.745005,952,1581
3247.750006,825,1580
3247.755007,868,1582
3247.760006,981,1582
3247.765005,883,1579
3247.770005,832,1584
3247.775005,964,1584
3247.780006,932,1586
3247.785006,832,1583
3247.790007,913,1586
3247.795006,952,1583
3247.800005,822,1583
3247.805007,873,1578
3247.810005,974,1578
3247.815005,869,1580
3247.820006,844,1578
3247.825006,972,1579
3247.830006,931,1577
3247.835006,827,1578
3247.840006,919,1581
3247.845005,956,1577
3247.850007,811,1581
3247.855005,852,1584
3247.860005,965,1579
3247.865007,869,1585
3247.870005,837,1590
3247.875007,963,1590
3247.880006,928,1592
3247.885005,822,1597
3247.890006,918,1595
3247.895006,953,1598
3247.900007,834,1601
3247.905006,868,1603
3247.910005,980,1606
3247.915006,887,1608
3247.920006,836,1608
3247.925005,966,1609
3247.930007,932,1610
3247.935005,826,1612
3247.940005,924,1611
3247.945005,958,1615
3247.950006,829,1612
3247.955006,867,1612
3247.960006,978,1612
3247.965006,879,1616
3247.970006,849,1607
3247.975007,960,1619
3247.980007,921,1620
3247.985006,822,1615
3247.990005,915,1613
3247.995006,944,1618
3248.000006,815,1617
3248.005007,853,1619
3248.010007,966,1616
3248.015007,873,1617
3248.020005,843,1617
3248.025006,968,1615
3248.030005,928,1615
3248.035007,817,1618
3248.040006,914,1617
3248.045006,946,1619
3248.050006,818,1616
3248.055006,857,1617
3248.060007,961,1616
3248.065006,888,1613
3248.070005,855,1614
3248.075006,961,1617
3248.080006,927,1618
3248.085005,822,1615
3248.090005,927,1613
3248.095006,950,1614
3248.100006,826,1613
3248.105006,874,1613
3248.110005,977,1615
3248.115006,865,1613
3248.120005,854,1611
3248.125007,980,1610
3248.130007,941,1613
3248.135006,830,1616
3248.140005,923,1609
3248.145006,936,1613
3248.150007,812,1615
3248.155006,856,1616
3248.160005,965,1612
3248.165006,878,1611
3248.170007,851,1608
3248.175006,980,1608
3248.180006,941,1605
3248.185007,815,1606
3248.190006,913,1606
3248.195005,951,1604
3248.200006,831,1606
3248.205007,875,1596
3248.210006,978,1599
3248.215005,883,1601
3248.220006,853,1599
3248.225007,958,1599
3248.230006,920,1599
3248.235006,817,1610
3248.240006,913,1605
3248.245005,952,1604
3248.250005,827,1605
3248.255006,867,1605
3248.260005,976,1606
3248.265006,885,1608
3248.270006,850,1609
3248.275006,961,1612
3248.280005,923,1614
3248.285006,826,1608
3248.290006,918,1608
3248.295006,945,1606
3248.300005,822,1606
3248.305006,865,1602
3248.310006,969,1601
3248.315007,881,1603
3248.320007,854,1603
3248.325005,976,1601
3248.330006,938,1597
3248.335006,829,1599
3248.340005,930,1597
3248.345006,960,1600
3248.350007,827,1598
3248.355007,849,1601
3248.360005,971,1594
3248.365006,864,1605
3248.370006,841,1606
3248.375006,964,1611
3248.380007,925,1613
3248.385006,838,1609
3248.390005,911,1619
3248.395006,941,1614
3248.400006,817,1620
3248.405006,863,1619
3248.410005,973,1618
3248.415007,876,1621
3248.420006,859,1621
3248.425006,985,1620
3248.430006,943,1620
3248.435006,838,1621
3248.440006,916,1622
3248.445006,950,1622
3248.450006,823,1620
3248.455007,868,1621
3248.460006,975,1621
3248.465005,884,1623
3248.470007,863,1623
3248.475006,967,1626
3248.480006,935,1629
3248.485005,829,1630
3248.490006,931,1633
3248.495005,951,1637
3248.500006,832,1637
3248.505006,876,1638
3248.510005,981,1642
3248.515007,884,1642
3248.520006,858,1642
3248.525007,986,1645
3248.530006,943,1649
3248.535006,839,1649
3248.540007,934,1649
3248.545007,952,1649
3248.550006,835,1648
3248.555006,872,1642
3248.560006,985,1646
3248.565006,875,1639
3248.570005,841,1647
3248.575006,976,1643
3248.580007,938,1641
3248.585005,835,1639
3248.590005,917,1639
3248.595006,946,1638
3248.600006,820,1638
3248.605006,862,1637
3248.610005,977,1634
3248.615005,888,1634
3248.620007,859,1634
3248.625006,981,1634
3248.630006,934,1633
3248.635005,832,1630
3248.640006,937,1629
3248.645006,961,1626
3248.650006,810,1631
3248.655005,871,1625
3248.660006,980,1628
3248.665006,883,1627
3248.670006,859,1625
3248.675006,981,1625
3248.680007,941,1623
3248.685007,833,1625
3248.690005,923,1623
3248.695006,948,1620
3248.700005,827,1619
3248.705007,870,1613
3248.710006,959,1617
3248.715005,881,1614
3248.720006,853,1614
3248.725007,974,1615
3248.730007,943,1612
3248.735006,840,1610
3248.740006,935,1610
3248.745005,957,1609
3248.750006,827,1610
3248.755005,870,1611
3248.760005,979,1606
3248.765007,876,1609
3248.770006,853,1605
3248.775007,958,1610
3248.780007,925,1607
3248.785006,827,1604
3248.790006,936,1605
3248.795006,954,1602
3248.800005,830,1600
3248.805006,877,1600
3248.810006,977,1595
3248.815007,875,1595
3248.820007,837,1595
3248.825005,970,1593
3248.830005,934,1592
3248.835006,826,1594
3248.840005,932,1594
3248.845006,954,1592
3248.850007,830,1590
3248.855006,869,1584
3248.860006,978,1592
3248.865006,877,1585
3248.870005,835,1592
3248.875006,960,1592
3248.880007,924,1594
3248.885006,819,1596
3248.890005,941,1592
3248.895006,954,1593
3248.900006,833,1592
3248.905006,877,1592
3248.910006,968,1584
3248.915007,857,1597
3248.920007,842,1597
3248.925007,976,1592
3248.930006,932,1594
3248.935006,835,1594
3248.940006,937,1596
3248.945006,953,1594
3248.950005,811,1598
3248.955006,854,1599
3248.960006,959,1600
3248.965005,862,1601
3248.970006,849,1601
3248.975006,965,1601
3248.980007,926,1605
3248.985007,825,1606
3248.990006,924,1605
3248.995006,946,1605
3249.000006,823,1610
3249.005006,872,1611
3249.010005,976,1612
3249.015006,877,1612
3249.020007,861,1612
3249.025007,980,1614
3249.030006,940,1616
3249.035006,836,1615
3249.040006,931,1617
3249.045006,953,1614
3249.050006,831,1615
3249.055005,867,1615
3249.060006,969,1616
3249.065007,860,1614
3249.070005,846,1612
3249.075007,965,1616
3249.080006,923,1614
3249.085006,820,1614
3249.090006,918,1618
3249.095006,941,1617
3249.100006,814,1618
3249.105006,863,1617
3249.110006,977,1619
3249.115006,875,1618
3249.120006,862,1616
3249.125006,983,1620
3249.130007,941,1621
3249.135006,830,1623
3249.140006,927,1617
3249.145007,932,1628
3249.150006,826,1618
3249.155005,868,1619
3249.160006,960,1625
3249.165006,863,1626
3249.170006,858,1623
3249.175006,982,1625
3249.180005,941,1624
3249.185006,817,1630
3249.190007,918,1624
3249.195006,950,1622
3249.200006,831,1623
3249.205006,875,1622
3249.210006,981,1618
3249.215005,872,1619
3249.220007,836,1622
3249.225005,971,1621
3249.230005,938,1620
3249.235005,833,1618
3249.240006,941,1617
3249.245006,955,1617
3249.250006,828,1618
3249.255006,878,1611
3249.260005,973,1621
3249.265007,854,1617
3249.270005,843,1614
3249.275006,970,1615
3249.280005,927,1615
3249.285006,823,1613
3249.290006,922,1617
3249.295007,945,1610
3249.300006,828,1610
3249.305006,877,1609
3249.310006,977,1610
3249.315007,878,1609
3249.320006,864,1613
3249.325005,983,1608
3249.330007,923,1609
3249.335006,828,1606
3249.340006,924,1606
3249.345005,947,1605
3249.350006,828,1606
3249.355007,855,1607
3249.360007,962,1606
3249.365006,861,1600
3249.370007,846,1603
3249.375006,971,1602
3249.380006,936,1600
3249.385005,839,1600
3249.390006,924,1600
3249.395007,941,1597
3249.400006,818,1597
3249.405006,863,1595
3249.410006,973,1594
3249.415006,872,1591
3249.420007,866,1586
3249.425006,986,1587
3249.430005,939,1581
3249.435005,818,1586
3249.440005,928,1581
3249.445005,943,1584
3249.450007,820,1582
3249.455005,866,1578
3249.460005,976,1580
3249.465005,857,1580
3249.470007,850,1579
3249.475006,978,1582
3249.480005,942,1584
3249.485005,838,1582
3249.490006,933,1585
3249.495006,955,1585
3249.500006,810,1587
3249.505006,854,1590
3249.510007,969,1590
3249.515005,874,1591
3249.520007,862,1593
3249.525006,961,1597
3249.530005,930,1595
3249.535006,833,1597
3249.540007,933,1595
3249.545006,946,1595
3249.550006,828,1596
3249.555005,876,1597
3249.560005,977,1597
3249.565005,873,1597
3249.570005,860,1595
3249.575006,984,1594
3249.580006,935,1593
3249.585006,841,1593
3249.590005,929,1598
3249.595006,952,1597
3249.600006,827,1599
3249.605006,868,1597
3249.610005,969,1597
3249.615007,865,1600
3249.620006,859,1600
3249.625006,980,1603
3249.630006,936,1604
3249.635005,818,1609
3249.640006,926,1610
3249.645006,943,1608
3249.650006,827,1612
3249.655006,869,1605
3249.660005,963,1613
3249.665007,862,1614
3249.670006,856,1613
3249.675005,962,1617
3249.680007,931,1616
3249.685005,840,1615
3249.690005,924,1616
3249.695005,936,1617
3249.700006,824,1615
3249.705007,870,1616
3249.710007,972,1617
3249.715006,857,1619
3249.720005,844,1619
3249.725006,971,1619
3249.730006,928,1620
3249.735005,833,1617
3249.740006,931,1618
3249.745006,943,1620
3249.750007,819,1618
3249.755007,870,1616
3249.760006,973,1617
3249.765005,875,1617
3249.770006,866,1617
3249.775006,978,1610
3249.780006,921,1619
3249.785005,821,1616
3249.790006,927,1617
3249.795006,940,1617
3249.800006,820,1613
3249.805005,865,1615
3249.810006,976,1613
3249.815007,870,1612
3249.820006,863,1611
3249.825005,969,1606
3249.830006,938,1605
3249.835006,822,1610
3249.840007,936,1609
3249.845006,942,1608
3249.850006,821,1610
3249.855007,869,1607
3249.860006,971,1610
3249.865006,864,1610
3249.870006,853,1604
3249.875007,980,1605
3249.880007,921,1609
3249.885007,823,1608
3249.890006,935,1608
3249.895006,949,1604
3249.900006,825,1603
3249.905006,877,1602
3249.910005,973,1601
3249.915006,859,1602
3249.920006,857,1601
3249.925006,975,1602
3249.930006,938,1600
3249.935006,833,1602
3249.940006,939,1596
3249.945006,949,1597
3249.950005,829,1598
3249.955007,869,1597
3249.960006,970,1592
3249.965006,853,1598
3249.970005,852,1598
3249.975007,982,1599
3249.980006,941,1599
3249.985006,832,1595
3249.990005,920,1604
3249.995006,932,1604
3250.000007,811,1607
3250.005007,862,1604
3250.010005,973,1604
3250.015006,871,1606
3250.020006,859,1608
3250.025006,979,1607
3250.030006,932,1610
3250.035005,834,1611
3250.040007,936,1611
3250.045006,946,1609
3250.050006,827,1611
3250.055007,852,1609
3250.060006,960,1610
3250.065006,861,1607
3250.070006,860,1604
3250.075005,987,1603
3250.080006,918,1608
3250.085006,818,1605
3250.090005,928,1605
3250.095006,939,1604
3250.100006,813,1603
3250.105006,872,1598
3250.110006,976,1602
3250.115006,845,1602
3250.120006,849,1603
3250.125006,976,1603
3250.130007,938,1602
3250.135006,833,1604
3250.140006,943,1605
3250.145007,950,1604
3250.150006,801,1605
3250.155006,857,1606
3250.160005,965,1608
3250.165007,857,1606
3250.170005,852,1609
3250.175005,971,1609
3250.180006,929,1612
3250.185007,831,1610
3250.190006,938,1610
3250.195007,954,1610
3250.200007,825,1611
3250.205005,869,1609
3250.210005,961,1603
3250.215006,864,1610
3250.220005,849,1603
3250.225005,979,1608
3250.230005,914,1615
3250.235005,819,1614
3250.240006,930,1615
3250.245006,939,1614
3250.250006,815,1617
3250.255006,863,1617
3250.260006,968,1615
3250.265006,860,1619
3250.270007,865,1615
3250.275006,987,1619
3250.280006,917,1620
3250.285006,835,1620
3250.290007,948,1618
3250.295006,949,1619
3250.300007,830,1615
3250.305005,870,1612
3250.310006,969,1615
3250.315006,863,1616
3250.320005,858,1615
3250.325007,961,1618
3250.330005,918,1619
3250.335006,825,1615
3250.340005,938,1613
3250.345007,946,1613
3250.350005,821,1614
3250.355005,873,1611
3250.360005,957,1610
3250.365006,867,1615
3250.370007,849,1613
3250.375006,974,1610
3250.380006,926,1612
3250.385005,831,1612
3250.390006,938,1610
3250.395006,956,1608
3250.400007,807,1612
3250.405006,858,1609
3250.410006,957,1610
3250.415006,856,1609
3250.420006,856,1608
3250.425006,975,1605
3250.430006,935,1606
3250.435006,839,1605
3250.440006,949,1608
3250.445006,950,1606
3250.450006,824,1605
3250.455005,856,1603
3250.460005,961,1603
3250.465005,860,1602
3250.470006,840,1605
3250.475006,968,1604
3250.480006,925,1604
3250.485005,842,1599
3250.490007,951,1601
3250.495007,947,1601
3250.500005,808,1603
3250.505005,860,1600
3250.510005,963,1600
3250.515006,855,1599
3250.520006,861,1600
3250.525006,982,1596
3250.530006,932,1597
3250.535006,833,1599
3250.540006,944,1600
3250.545006,930,1602
3250.550005,818,1600
3250.555006,872,1598
3250.560006,952,1601
3250.565007,844,1600
3250.570007,856,1602
3250.575006,983,1604
3250.580006,932,1604
3250.585006,836,1599
3250.590006,930,1604
3250.595006,938,1606
3250.600007,816,1605
3250.605005,870,1604
3250.610005,974,1605
3250.615006,858,1602
3250.620006,859,1598
3250.625007,978,1603
3250.630007,916,1611
3250.635006,825,1608
3250.640007,950,1609
3250.645005,948,1599
3250.650005,829,1608
3250.655005,872,1603
3250.660006,954,1605
3250.665007,846,1609
3250.670007,855,1610
3250.675006,988,1604
3250.680005,934,1604
3250.685006,841,1604
3250.690006,949,1596
3250.695006,930,1604
3250.700006,818,1594
3250.705006,855,1606
3250.710007,979,1600
3250.715006,841,1605
3250.720006,850,1599
3250.725006,969,1604
3250.730007,928,1603
3250.735006,844,1605
3250.740005,951,1605
3250.745006,953,1606
3250.750006,830,1610
3250.755006,875,1609
3250.760006,960,1604
3250.765005,844,1615
3250.770006,853,1612
3250.775007,974,1613
3250.780007,935,1613
3250.785006,844,1613
3250.790006,935,1616
3250.795006,937,1614
3250.800005,821,1611
3250.805006,880,1608
3250.810006,960,1610
3250.815007,850,1608
3250.820006,866,1603
3250.825006,970,1611
3250.830006,923,1611
3250.835006,831,1604
3250.840006,951,1605
3250.845006,944,1608
3250.850007,826,1602
3250.855006,875,1601
3250.860006,977,1601
3250.865006,869,1601
3250.870006,864,1598
3250.875007,970,1604
3250.880007,933,1604
3250.885006,840,1605
3250.890007,950,1605
3250.895006,950,1604
3250.900006,831,1607
3250.905006,875,1602
3250.910006,975,1607
3250.915006,858,1610
3250.920006,867,1608
3250.925006,985,1609
3250.930005,917,1611
3250.935007,826,1614
3250.940006,943,1613
3250.945006,946,1611
3250.950006,827,1608
3250.955007,862,1612
3250.960007,959,1610
3250.965006,854,1610
3250.970007,865,1606
3250.975006,985,1606
3250.980006,936,1605
3250.985005,823,1611
3250.990007,938,1608
3250.995006,937,1606
3251.000006,812,1608
3251.005006,866,1605
3251.010006,956,1606
3251.015006,848,1603
3251.020007,857,1602
3251.025006,973,1600
3251.030006,923,1601
3251.035005,836,1600
3251.040006,957,1597
3251.045006,947,1601
3251.050005,828,1598
3251.055007,875,1596
3251.060006,964,1598
3251.065007,846,1595
3251.070006,858,1594
3251.075005,980,1594
3251.080006,912,1600
3251.085006,838,1596
3251.090007,955,1595
3251.095005,930,1592
3251.100006,830,1596
3251.105006,860,1596
3251.110006,953,1594
3251.115006,846,1595
3251.120005,853,1596
3251.125007,976,1594
3251.130006,928,1594
3251.135006,843,1594
3251.140005,934,1595
3251.145007,932,1596
3251.150006,814,1594
3251.155006,868,1595
3251.160006,973,1591
3251.165006,853,1593
3251.170006,864,1588
3251.175006,964,1586
3251.180005,919,1579
3251.185007,816,1592
3251.190007,933,1590
3251.195006,930,1587
3251.200006,816,1587
3251.205005,878,1588
3251.210006,970,1589
3251.215005,846,1588
3251.220007,856,1589
3251.225005,974,1588
3251.230006,921,1593
3251.235006,832,1594
3251.240006,952,1595
3251.245006,926,1598
3251.250006,831,1597
3251.255006,879,1601
3251.260005,970,1603
3251.265006,837,1608
3251.270006,849,1608
3251.275006,973,1610
3251.280006,922,1612
3251.285006,837,1612
3251.290006,957,1614
3251.295006,933,1614
3251.300005,812,1616
3251.305006,872,1614
3251.310006,960,1614
3251.315007,852,1612
3251.320007,866,1610
3251.325006,992,1608
3251.330007,934,1612
3251.335006,841,1608
3251.340005,946,1612
3251.345007,955,1609
3251.350006,813,1613
3251.355006,869,1615
3251.360006,964,1612
3251.365006,847,1612
3251.370006,868,1607
3251.375005,987,1613
3251.380006,910,1620
3251.385006,826,1617
3251.390006,947,1616
3251.395007,941,1614
3251.400006,835,1614
3251.405006,867,1619
3251.410005,964,1619
3251.415006,848,1616
3251.420006,863,1617
3251.425005,982,1614
3251.430006,935,1617
3251.435006,848,1612
3251.440006,958,1614
3251.445005,947,1615
3251.450006,831,1612
3251.455006,881,1612
3251.460006,951,1617
3251.465005,834,1617
3251.470006,847,1617
3251.475006,972,1616
3251.480006,918,1617
3251.485006,833,1618
3251.490005,960,1618
3251.495007,951,1622
3251.500005,831,1622
3251.505006,883,1616
3251.510006,952,1625
3251.515006,842,1626
3251.520006,857,1628
3251.525006,980,1626
3251.530006,918,1631
3251.535006,834,1630
3251.540006,954,1631
3251.545006,946,1627
3251.550005,827,1627
3251.555007,884,1629
3251.560005,977,1625
3251.565006,832,1625
3251.570006,868,1627
3251.575005,988,1624
3251.580007,929,1620
3251.585006,841,1616
3251.590005,946,1621
3251.595006,939,1619
3251.600006,822,1618
3251.605006,884,1620
3251.610005,973,1621
3251.615007,853,1617
3251.620005,862,1611
3251.625007,964,1623
3251.630007,909,1623
3251.635007,828,1625
3251.640007,948,1623
3251.645005,938,1623
3251.650006,830,1623
3251.655005,871,1625
3251.660005,972,1620
3251.665006,835,1625
3251.670006,858,1628
3251.675006,974,1622
3251.680005,917,1622
3251.685006,836,1626
3251.690007,953,1620
3251.695006,945,1622
3251.700006,830,1619
3251.705006,893,1619
3251.710006,950,1625
3251.715006,841,1622
3251.720005,868,1620
3251.725007,986,1620
3251.730006,908,1622
3251.735006,828,1622
3251.740005,955,1619
3251.745006,952,1617
3251.750006,835,1616
3251.755007,872,1620
3251.760007,958,1619
3251.765005,837,1618
3251.770006,861,1616
3251.775006,982,1617
3251.780005,927,1616
3251.785006,849,1612
3251.790006,944,1617
3251.795006,932,1612
3251.800006,814,1610
3251.805006,876,1613
3251.810006,962,1614
3251.815006,854,1611
3251.820005,869,1609
3251.825006,966,1611
3251.830006,905,1612
3251.835006,835,1608
3251.840007,954,1606
3251.845005,940,1604
3251.850006,819,1605
3251.855007,891,1603
3251.860006,954,1599
3251.865005,834,1605
3251.870006,863,1599
3251.875006,986,1601
3251.880006,922,1599
3251.885005,823,1603
3251.890006,952,1598
3251.895006,927,1605
3251.900006,811,1602
3251.905005,875,1604
3251.910006,955,1603
3251.915006,834,1601
3251.920006,855,1598
3251.925006,980,1598
3251.930005,922,1602
3251.935006,844,1600
3251.940006,965,1600
3251.945005,941,1603
3251.950007,812,1591
3251.955006,880,1603
3251.960007,960,1600
3251.965006,825,1601
3251.970007,848,1605
3251.975005,964,1604
3251.980005,905,1605
3251.985006,835,1602
3251.990005,956,1603
3251.995006,938,1604
3252.000007,824,1602
3252.005007,891,1602
3252.010006,954,1602
3252.015005,837,1602
3252.020006,849,1605
3252.025006,964,1603
3252.030005,921,1600
3252.035005,849,1601
3252.040007,964,1602
3252.045007,934,1596
3252.050006,811,1604
3252.055005,893,1605
3252.060007,961,1603
3252.065006,840,1604
3252.070006,865,1605
3252.075006,977,1605
3252.080007,912,1605
3252.085006,841,1604
3252.090006,961,1609
3252.095005,941,1609
3252.100007,829,1608
3252.105006,893,1609
3252.110005,963,1605
3252.115006,847,1610
3252.120006,868,1606
3252.125006,978,1612
3252.130007,916,1612
3252.135006,826,1614
3252.140006,965,1606
3252.145007,937,1615
3252.150006,828,1610
3252.155005,900,1612
3252.160006,969,1606
3252.165007,829,1608
3252.170006,852,1611
3252.175005,980,1609
3252.180007,915,1613
3252.185006,844,1609
3252.190006,962,1609
3252.195006,942,1609
3252.200006,831,1611
3252.205006,899,1608
3252.210006,967,1606
3252.215005,824,1611
3252.220006,856,1606
3252.225006,972,1609
3252.230006,916,1608
3252.235005,845,1610
3252.240007,961,1601
3252.245005,929,1613
3252.250006,817,1609
3252.255006,887,1615
3252.260005,965,1613
3252.265006,843,1614
3252.270006,849,1615
3252.275006,966,1617
3252.280005,906,1613
3252.285006,843,1613
3252.290006,973,1610
3252.295007,930,1611
3252.300006,816,1610
3252.305005,889,1611
3252.310006,968,1604
3252.315006,843,1606
3252.320005,848,1604
3252.325006,973,1601
3252.330006,912,1602
3252.335007,841,1599
3252.340007,965,1598
3252.345007,945,1600
3252.350005,827,1599
3252.355005,898,1595
3252.360006,945,1602
3252.365006,829,1597
3252.370006,854,1601
3252.375006,967,1607
3252.380006,907,1605
3252.385005,844,1609
3252.390006,968,1609
3252.395006,952,1607
3252.400006,817,1616
3252.405005,894,1613
3252.410006,962,1611
3252.415006,839,1611
3252.420006,845,1615
3252.425005,963,1620
3252.430006,908,1611
3252.435005,845,1611
3252.440005,954,1607
3252.445005,933,1614
3252.450007,811,1614
3252.455005,885,1610
3252.460006,947,1617
3252.465006,843,1612
3252.470005,848,1616
3252.475006,968,1612
3252.480006,897,1614
3252.485006,856,1613
3252.490006,973,1617
3252.495007,943,1616
3252.500005,809,1620
3252.505006,882,1618
3252.510006,950,1619
3252.515006,822,1622
3252.520006,849,1628
3252.525006,969,1622
3252.530006,908,1618
3252.535005,832,1622
3252.540005,963,1619
3252.545006,928,1619
3252.550006,819,1617
3252.555005,893,1619
3252.560007,955,1615
3252.565006,829,1614
3252.570006,858,1613
3252.575005,966,1614
3252.580007,893,1612
3252.585006,848,1609
3252.590006,951,1613
3252.595006,933,1608
3252.600006,831,1610
3252.605007,909,1604
3252.610007,969,1606
3252.615006,835,1601
3252.620005,847,1611
3252.625007,973,1611
3252.630006,890,1615
3252.635005,831,1615
3252.640006,952,1619
3252.645007,947,1610
3252.650006,835,1614
3252.655005,884,1619
3252.660006,952,1620
3252.665007,836,1618
3252.670007,863,1619
3252.675005,985,1621
3252.680006,912,1620
3252.685006,845,1616
3252.690007,951,1622
3252.695005,938,1620
3252.700006,820,1621
3252.705006,904,1621
3252.710007,966,1619
3252.715006,846,1616
3252.720006,852,1619
3252.725006,963,1618
3252.730006,894,1620
3252.735006,839,1618
3252.740005,972,1615
3252.745006,953,1614
3252.750006,815,1615
3252.755006,896,1615
3252.760005,956,1616
3252.765005,837,1609
3252.770006,867,1611
3252.775006,981,1607
3252.780006,905,1609
3252.785005,851,1609
3252.790006,971,1607
3252.795006,944,1606
3252.800007,832,1605
3252.805006,888,1606
3252.810006,975,1603
3252.815006,822,1603
3252.820006,854,1603
3252.825006,969,1600
3252.830006,901,1601
3252.835005,843,1595
3252.840005,961,1596
3252.845007,937,1595
3252.850006,833,1592
3252.855005,910,1590
3252.860006,957,1591
3252.865005,821,1589
3252.870006,854,1592
3252.875007,976,1577
3252.880006,908,1585
3252.885006,833,1587
3252.890006,974,1584
3252.895007,953,1578
3252.900007,831,1581
3252.905007,906,1581
3252.910007,949,1583
3252.915006,820,1584
3252.920007,853,1582
3252.925006,970,1578
3252.930006,896,1577
3252.935007,834,1577
3252.940006,963,1576
3252.945005,940,1572
3252.950006,830,1571
3252.955007,911,1570
3252.960006,943,1574
3252.965005,823,1573
3252.970007,854,1574
3252.975005,974,1577
3252.980005,902,1576
3252.985005,848,1578
3252.990006,949,1583
3252.995005,925,1582
3253.000006,812,1585
3253.005007,896,1585
3253.010005,947,1592
3253.015007,827,1590
3253.020006,864,1595
3253.025006,981,1595
3253.030006,899,1597
3253.035006,843,1598
3253.040007,968,1601
3253.045006,944,1600
3253.050006,821,1601
3253.055005,905,1603
3253.060006,962,1601
3253.065007,832,1612
3253.070006,840,1611
3253.075006,959,1609
3253.080007,902,1610
3253.085006,848,1610
3253.090006,972,1611
3253.095006,943,1613
3253.100005,805,1618
3253.105005,890,1619
3253.110006,952,1620
3253.115006,826,1623
3253.120005,861,1626
3253.125006,968,1618
3253.130006,890,1634
3253.135006,840,1633
3253.140006,966,1636
3253.145005,926,1642
3253.150005,814,1642
3253.155005,894,1643
3253.160007,961,1645
3253.165006,832,1645
3253.170006,867,1645
3253.175006,983,1643
3253.180006,902,1646
3253.185006,845,1644
3253.190006,976,1641
3253.195005,940,1642
3253.200006,811,1644
3253.205005,896,1643
3253.210005,950,1641
3253.215005,819,1641
3253.220006,856,1642
3253.225006,969,1639
3253.230007,901,1636
3253.235005,848,1636
3253.240007,954,1638
3253.245005,926,1638
3253.250007,820,1633
3253.255006,910,1630
3253.260007,962,1631
3253.265006,819,1632
3253.270006,859,1627
3253.275006,975,1624
3253.280006,904,1626
3253.285005,856,1620
3253.290006,956,1627
3253.295007,945,1623
3253.300006,835,1619
3253.305006,913,1618
3253.310006,962,1616
3253.315007,834,1616
3253.320006,867,1613
3253.325006,983,1610
3253.330007,884,1611
3253.335006,853,1606
3253.340007,974,1607
3253.345006,948,1600
3253.350006,826,1603
3253.355005,913,1605
3253.360005,958,1604
3253.365006,832,1602
3253.370007,866,1595
3253.375005,970,1596
3253.380006,899,1598
3253.385006,829,1599
3253.390005,956,1603
3253.395006,946,1598
3253.400006,828,1596
3253.405006,912,1601
3253.410006,945,1602
3253.415006,820,1604
3253.420005,858,1601
3253.425006,977,1600
3253.430006,893,1600
3253.435005,858,1601
3253.440005,965,1599
3253.445005,939,1601
3253.450006,824,1602
3253.455007,910,1602
3253.460006,965,1603
3253.465005,837,1605
3253.470006,874,1599
3253.475006,982,1603
3253.480006,879,1605
3253.485006,850,1600
3253.490006,958,1606
3253.495006,929,1603
3253.500006,817,1603
3253.505006,904,1602
3253.510005,961,1601
3253.515006,840,1601
3253.520005,868,1597
3253.525005,971,1599
3253.530005,899,1599
3253.535006,850,1598
3253.540006,978,1601
3253.545006,929,1598
3253.550005,817,1601
3253.555006,908,1601
3253.560006,960,1599
3253.565006,839,1601
3253.570006,848,1600
3253.575005,969,1602
3253.580006,884,1600
3253.585005,836,1601
3253.590006,966,1598
3253.595005,946,1601
3253.600006,829,1593
3253.605006,912,1592
3253.610006,947,1601
3253.615006,840,1597
3253.620006,848,1600
3253.625007,968,1599
3253.630007,893,1599
3253.635006,849,1593
3253.640006,975,1593
3253.645007,927,1599
3253.650006,820,1600
3253.655005,904,1603
3253.660007,959,1598
3253.665005,833,1599
3253.670006,868,1597
3253.675006,965,1595
3253.680005,880,1598
3253.685006,847,1595
3253.690007,977,1592
3253.695006,947,1595
3253.700006,829,1587
3253.705006,900,1591
3253.710006,944,1595
3253.715006,817,1598
3253.720006,854,1598
3253.725007,967,1597
3253.730006,881,1598
3253.735006,843,1600
3253.740005,961,1601
3253.745006,937,1601
3253.750006,837,1600
3253.755006,894,1606
3253.760006,959,1597
3253.765005,836,1605
3253.770007,860,1608
3253.775006,984,1605
3253.780007,893,1608
3253.785006,828,1611
3253.790007,962,1607
3253.795005,939,1609
3253.800005,809,1609
3253.805006,897,1608
3253.810006,947,1608
3253.815006,825,1605
3253.820006,864,1603
3253.825005,977,1602
3253.830007,892,1599
3253.835007,840,1593
3253.840005,959,1601
3253.845006,932,1602
3253.850006,825,1600
3253.855006,913,1604
3253.860006,955,1600
3253.865005,809,1605
3253.870006,849,1607
3253.875006,983,1605
3253.880006,889,1597
3253.885005,830,1606
3253.890007,957,1608
3253.895006,926,1610
3253.900006,821,1606
3253.905006,917,1609
3253.910006,945,1604
3253.915006,828,1605
3253.920006,868,1604
3253.925007,980,1602
3253.930005,881,1602
3253.935006,842,1603
3253.940007,977,1602
3253.945006,939,1597
3253.950005,814,1599
3253.955006,901,1601
3253.960005,946,1598
3253.965005,812,1601
3253.970006,854,1596
3253.975006,983,1597
3253.980006,872,1602
3253.985006,835,1601
3253.990005,958,1599
3253.995006,928,1600
3254.000007,835,1598
3254.005006,898,1603
3254.010005,952,1600
3254.015007,822,1601
3254.020005,854,1605
3254.025005,969,1601
3254.030005,882,1601
3254.035006,851,1600
3254.040006,975,1600
3254.045006,938,1599
3254.050005,829,1600
3254.055005,900,1601
3254.060006,945,1599
3254.065006,829,1600
3254.070005,873,1596
3254.075007,958,1596
3254.080006,871,1597
3254.085006,852,1587
3254.090005,959,1599
3254.095006,933,1595
3254.100005,822,1595
3254.105005,910,1600
3254.110006,953,1599
3254.115006,829,1597
3254.120005,872,1601
3254.125006,981,1602
3254.130007,888,1603
3254.135006,851,1605
3254.140005,973,1608
3254.145006,947,1608
3254.150007,829,1602
3254.155007,907,1611
3254.160005,950,1613
3254.165006,824,1614
3254.170006,865,1614
3254.175005,984,1613
3254.180007,877,1611
3254.185006,840,1618
3254.190006,969,1618
3254.195005,948,1615
3254.200006,816,1620
3254.205006,914,1616
3254.210006,962,1615
3254.215006,834,1616
3254.220006,860,1611
3254.225006,967,1613
3254.230006,882,1613
3254.235006,854,1613
3254.240005,985,1612
3254.245006,952,1608
3254.250005,839,1611
3254.255005,904,1613
3254.260005,944,1614
3254.265007,821,1610
3254.270006,861,1611
3254.275006,973,1609
3254.280006,902,1608
3254.285005,862,1610
3254.290007,986,1608
3254.295007,944,1605
3254.300007,834,1607
3254.305006,920,1613
3254.310006,960,1614
3254.315006,833,1614
3254.320006,867,1615
3254.325006,982,1617
3254.330007,890,1616
3254.335006,852,1618
3254.340005,974,1616
3254.345006,944,1613
3254.350006,833,1613
3254.355006,915,1607
3254.360005,940,1616
3254.365007,824,1615
3254.370005,866,1614
3254.375006,985,1616
3254.380007,888,1615
3254.385006,837,1618
3254.390006,962,1614
3254.395006,929,1617
3254.400005,824,1614
3254.405005,914,1619
3254.410006,953,1612
3254.415007,813,1617
3254.420007,858,1614
3254.425006,980,1609
3254.430005,888,1612
3254.435007,847,1610
3254.440006,974,1610
3254.445006,948,1608
3254.450006,828,1604
3254.455006,902,1611
3254.460006,944,1605
3254.465006,819,1611
3254.470006,870,1611
3254.475007,959,1612
3254.480006,873,1610
3254.485005,843,1609
3254.490006,970,1609
3254.495006,940,1601
3254.500006,813,1608
3254.505006,913,1606
3254.510006,954,1606
3254.515005,810,1608
3254.520005,862,1602
3254.525005,976,1604
3254.530006,863,1604
3254.535006,838,1600
3254.540006,970,1599
3254.545006,933,1599
3254.550006,827,1598
3254.555005,925,1600
3254.560006,952,1597
3254.565006,815,1600
3254.570007,847,1600
3254.575007,959,1599
3254.580005,884,1596
3254.585006,848,1589
3254.590005,958,1598
3254.595006,928,1594
3254.600006,830,1596
3254.605007,914,1593
3254.610005,951,1589
3254.615007,810,1593
3254.620006,860,1591
3254.625006,968,1589
3254.630005,881,1584
3254.635005,833,1593
3254.640006,969,1586
3254.645006,931,1589
3254.650006,818,1586
3254.655006,913,1587
3254.660005,956,1584
3254.665006,823,1584
3254.670006,844,1588
3254.675006,953,1588
3254.680006,863,1590
3254.685007,843,1585
3254.690005,972,1586
3254.695005,939,1585
3254.700006,812,1587
3254.705006,907,1590
3254.710007,936,1590
3254.715006,818,1588
3254.720006,857,1590
3254.725006,978,1590
3254.730006,884,1589
3254.735005,834,1597
3254.740007,961,1598
3254.745006,923,1602
3254.750006,814,1602
3254.755007,909,1605
3254.760005,944,1604
3254.765006,823,1606
3254.770007,870,1608
3254.775006,981,1605
3254.780006,885,1609
3254.785005,835,1609
3254.790006,968,1605
3254.795006,937,1607
3254.800005,829,1604
3254.805006,924,1602
3254.810007,953,1601
3254.815007,825,1599
3254.820006,866,1601
3254.825005,983,1598
3254.830006,883,1600
3254.835006,855,1599
3254.840005,976,1595
3254.845006,938,1595
3254.850005,817,1600
3254.855005,911,1601
3254.860005,938,1606
3254.865006,814,1609
3254.870006,857,1607
3254.875006,964,1609
3254.880007,885,1597
3254.885006,841,1610
3254.890005,965,1614
3254.895007,925,1614
3254.900007,820,1616
3254.905006,915,1619
3254.910006,952,1614
3254.915006,834,1613
3254.920007,877,1612
3254.925006,983,1617
3254.930005,885,1612
3254.935006,858,1614
3254.940006,978,1608
3254.945005,924,1617
3254.950006,823,1614
3254.955007,918,1614
3254.960006,955,1616
3254.965006,827,1614
3254.970005,872,1614
3254.975006,965,1612
3254.980007,874,1615
3254.985006,862,1613
3254.990005,965,1608
3254.995006,928,1617
3255.000005,822,1614
3255.005005,928,1612
3255.010006,962,1610
3255.015006,814,1615
3255.020006,865,1617
3255.025006,976,1615
3255.030005,893,1615
3255.035006,858,1618
3255.040006,977,1619
3255.045007,945,1622
3255.050006,842,1622
3255.055006,936,1625
3255.060007,955,1628
3255.065007,829,1628
3255.070006,871,1629
3255.075005,981,1629
3255.080007,874,1623
3255.085006,844,1635
3255.090006,975,1634
3255.095005,950,1639
3255.100006,834,1639
3255.105007,932,1638
3255.110006,963,1638
3255.115005,839,1636
3255.120006,863,1635
3255.125006,969,1639
3255.130006,881,1637
3255.135005,866,1636
3255.140006,966,1638
3255.145007,937,1634
3255.150006,834,1631
3255.155005,928,1628
3255.160007,959,1627
3255.165006,831,1623
3255.170007,877,1618
3255.175006,963,1619
3255.180005,867,1618
3255.185006,849,1611
3255.190006,973,1610
3255.195005,947,1608
3255.200006,835,1604
3255.205006,935,1601
3255.210007,955,1599
3255.215006,831,1599
3255.220006,867,1597
3255.225006,969,1596
3255.230007,876,1596
3255.235006,861,1598
3255.240006,964,1597
3255.245005,930,1599
3255.250007,825,1599
3255.255006,932,1599
3255.260006,942,1599
3255.265006,823,1598
3255.270006,869,1600
3255.275005,976,1597
3255.280005,875,1597
3255.285006,850,1597
3255.290006,978,1597
3255.295006,934,1596
3255.300006,829,1596
3255.305006,931,1591
3255.310005,953,1593
3255.315005,830,1589
3255.320006,874,1587
3255.325005,955,1591
3255.330005,859,1595
3255.335005,839,1593
3255.340005,962,1594
3255.345006,929,1591
3255.350006,823,1595
3255.355006,915,1597
3255.360006,938,1597
3255.365006,815,1600
3255.370005,858,1601
3255.375006,970,1599
3255.380006,873,1600
3255.385006,855,1603
3255.390005,981,1600
3255.395007,945,1602
3255.400007,829,1601
3255.405006,910,1606
3255.410006,948,1604
3255.415006,822,1605
3255.420006,864,1601
3255.425005,971,1601
3255.430006,871,1601
3255.435006,843,1605
3255.440006,971,1602
3255.445005,932,1599
3255.450006,829,1599
3255.455006,926,1600
3255.460006,953,1602
3255.465005,827,1604
3255.470006,874,1601
3255.475006,973,1607
3255.480007,875,1600
3255.485006,854,1602
3255.490006,981,1609
3255.495005,920,1612
3255.500006,823,1612
3255.505007,932,1612
3255.510007,933,1616
3255.515005,811,1617
3255.520006,862,1615
3255.525006,966,1619
3255.530005,876,1619
3255.535007,852,1617
3255.540006,973,1619
3255.545006,929,1620
3255.550007,833,1620
3255.555005,927,1621
3255.560007,947,1620
3255.565006,825,1620
3255.570005,870,1621
3255.575007,969,1611
3255.580006,863,1620
3255.585007,856,1618
3255.590006,980,1615
3255.595006,947,1614
3255.600006,820,1619
3255.605007,915,1619
3255.610006,961,1620
3255.615006,833,1618
3255.620005,868,1615
3255.625006,973,1617
3255.630006,860,1622
3255.635006,841,1627
3255.640006,970,1623
3255.645006,934,1624
3255.650006,832,1629
3255.655005,931,1627
3255.660007,936,1628
3255.665005,819,1630
3255.670005,871,1628
3255.675005,976,1625
3255.680006,857,1630
3255.685007,842,1629
3255.690006,965,1633
3255.695006,924,1632
3255.700005,824,1631
3255.705006,923,1630
3255.710006,946,1629
3255.715005,829,1633
3255.720007,858,1631
3255.725005,963,1636
3255.730006,867,1632
3255.735005,849,1632
3255.740006,983,1630
3255.745005,926,1634
3255.750007,824,1633
3255.755006,929,1633
3255.760006,950,1633
3255.765006,829,1631
3255.770007,871,1631
3255.775006,980,1630
3255.780006,860,1628
3255.785006,862,1628
3255.790007,982,1628
3255.795005,945,1624
3255.800005,820,1626
3255.805006,934,1625
3255.810006,957,1620
3255.815007,829,1621
3255.820007,873,1613
3255.825005,973,1619
3255.830006,854,1620
3255.835006,840,1618
3255.840005,965,1617
3255.845006,926,1618
3255.850006,821,1615
3255.855006,922,1614
3255.860006,941,1614
3255.865005,822,1612
3255.870006,862,1611
3255.875006,967,1610
3255.880006,864,1613
3255.885006,853,1606
3255.890005,990,1603
3255.895006,926,1603
3255.900007,829,1603
3255.905006,925,1606
3255.910007,957,1597
3255.915007,827,1598
3255.920005,865,1595
3255.925005,974,1592
3255.930006,868,1585
3255.935006,845,1593
3255.940006,976,1590
3255.945005,945,1583
3255.950006,815,1590
3255.955006,924,1587
3255.960006,951,1581
3255.965005,820,1586
3255.970007,868,1583
3255.975006,965,1586
3255.980006,869,1584
3255.985005,840,1589
3255.990006,970,1587
3255.995005,919,1593
3256.000006,821,1590
3256.005007,936,1597
3256.010006,956,1593
3256.015006,829,1594
3256.020006,867,1593
3256.025006,955,1596
3256.030005,856,1598
3256.035006,841,1600
3256.040006,964,1598
3256.045007,927,1596
3256.050005,838,1597
3256.055006,936,1587
3256.060006,935,1598
3256.065006,811,1596
3256.070006,856,1596
3256.075005,961,1597
3256.080005,873,1591
3256.085005,845,1596
3256.090005,968,1594
3256.095006,927,1594
3256.100007,828,1594
3256.105006,941,1594
3256.110006,959,1592
3256.115006,808,1599
3256.120005,862,1597
3256.125005,961,1603
3256.130005,868,1600
3256.135006,861,1604
3256.140005,977,1606
3256.145007,944,1605
3256.150006,834,1604
3256.155006,929,1612
3256.160006,951,1611
3256.165006,835,1611
3256.170006,854,1616
3256.175006,961,1616
3256.180005,857,1618
3256.185006,858,1616
3256.190007,983,1614
3256.195007,938,1611
3256.200006,819,1619
3256.205006,933,1608
3256.210006,941,1618
3256.215005,820,1620
3256.220007,867,1617
3256.225005,970,1617
3256.230005,874,1611
3256.235005,849,1613
3256.240006,972,1618
3256.245005,923,1616
3256.250006,826,1617
3256.255006,934,1617
3256.260006,946,1617
3256.265005,822,1616
3256.270006,874,1617
3256.275007,978,1613
3256.280007,872,1614
3256.285006,837,1622
3256.290006,962,1619
3256.295006,920,1618
3256.300006,845,1614
3256.305005,940,1615
3256.310005,949,1615
3256.315006,819,1616
3256.320005,858,1616
3256.325006,962,1615
3256.330007,864,1615
3256.335006,856,1615
3256.340005,977,1614
3256.345006,931,1613
3256.350006,830,1614
3256.355006,934,1616
3256.360007,940,1616
3256.365006,809,1620
3256.370006,853,1621
3256.375005,959,1618
3256.380005,869,1615
3256.385005,854,1615
3256.390006,978,1616
3256.395006,931,1616
3256.400005,833,1616
3256.405005,946,1610
3256.410006,948,1612
3256.415006,811,1613
3256.420006,866,1611
3256.425005,963,1611
3256.430007,861,1611
3256.435006,853,1608
3256.440006,975,1610
3256.445006,929,1609
3256.450006,813,1608
3256.455007,926,1607
3256.460006,944,1606
3256.465006,824,1606
3256.470005,851,1609
3256.475007,960,1606
3256.480007,861,1604
3256.485006,855,1598
3256.490005,968,1605
3256.495006,931,1601
3256.500006,838,1602
3256.505006,941,1602
3256.510005,927,1602
3256.515006,829,1602
3256.520005,874,1597
3256.525005,973,1596
3256.530005,865,1596
3256.535006,846,1591
3256.540006,960,1601
3256.545006,927,1602
3256.550007,831,1601
3256.555006,931,1603
3256.560006,954,1599
3256.565006,804,1606
3256.570005,861,1601
3256.575006,963,1602
3256.580006,861,1603
3256.585006,862,1600
3256.590005,960,1605
3256.595006,920,1604
3256.600005,827,1603
3256.605005,941,1603
3256.610006,941,1606
3256.615006,820,1604
3256.620006,858,1607
3256.625006,963,1606
3256.630005,861,1604
3256.635005,857,1606
3256.640007,981,1604
3256.645006,936,1603
3256.650007,833,1603
3256.655006,925,1600
3256.660005,943,1602
3256.665006,820,1600
3256.670006,870,1598
3256.675006,971,1595
3256.680005,845,1601
3256.685006,848,1593
3256.690006,976,1593
3256.695007,931,1593
3256.700005,836,1586
3256.705006,939,1583
3256.710006,933,1591
3256.715005,816,1587
3256.720006,866,1589
3256.725007,970,1584
3256.730006,866,1592
3256.735006,855,1592
3256.740005,960,1599
3256.745006,928,1595
3256.750006,826,1599
3256.755006,930,1601
3256.760006,943,1602
3256.765005,826,1604
3256.770006,870,1604
3256.775007,963,1607
3256.780007,863,1612
3256.785006,861,1606
3256.790007,963,1611
3256.795006,934,1610
3256.800006,832,1609
3256.805006,939,1605
3256.810007,928,1611
3256.815006,809,1605
3256.820005,862,1603
3256.825006,961,1604
3256.830007,857,1605
3256.835006,844,1604
3256.840005,980,1601
3256.845007,928,1603
3256.850006,834,1601
3256.855006,942,1603
3256.860006,948,1599
3256.865006,803,1605
3256.870006,861,1605
3256.875006,963,1608
3256.880007,854,1608
3256.885006,853,1608
3256.890005,978,1612
3256.895006,936,1614
3256.900006,834,1612
3256.905005,936,1616
3256.910006,939,1614
3256.915006,813,1618
3256.920006,865,1617
3256.925006,969,1617
3256.930006,862,1617
3256.935005,856,1620
3256.940005,978,1615
3256.945005,937,1619
3256.950006,814,1623
3256.955007,949,1616
3256.960006,927,1619
3256.965005,814,1620
3256.970006,869,1620
3256.975006,962,1618
3256.980006,848,1618
3256.985005,854,1614
3256.990006,977,1618
3256.995006,923,1619
3257.000006,827,1616
3257.005006,940,1616
3257.010006,952,1614
3257.015005,821,1617
3257.020007,873,1617
3257.025006,973,1614
3257.030006,841,1619
3257.035006,847,1620
3257.040006,970,1619
3257.045007,923,1621
3257.050005,820,1621
3257.055007,938,1622
3257.060005,948,1616
3257.065005,814,1617
3257.070005,859,1624
3257.075005,957,1622
3257.080006,853,1621
3257.085006,861,1620
3257.090005,981,1622
3257.095006,921,1623
3257.100005,833,1620
3257.105005,950,1620
3257.110005,949,1619
3257.115006,808,1621
3257.120005,858,1620
3257.125006,960,1619
3257.130007,849,1618
3257.135006,863,1616
3257.140006,978,1617
3257.145006,930,1615
3257.150006,842,1616
3257.155006,943,1609
3257.160005,932,1615
3257.165006,813,1617
3257.170006,861,1613
3257.175005,966,1613
3257.180007,856,1611
3257.185006,857,1610
3257.190006,979,1612
3257.195005,931,1611
3257.200006,838,1608
3257.205007,950,1608
3257.210007,946,1607
3257.215006,821,1606
3257.220005,871,1610
3257.225006,973,1603
3257.230006,856,1600
3257.235005,857,1605
3257.240006,959,1609
3257.245005,929,1612
3257.250006,840,1608
3257.255007,943,1608
3257.260007,929,1613
3257.265007,807,1613
3257.270007,855,1614
3257.275006,957,1615
3257.280005,854,1612
3257.285006,865,1612
3257.290006,985,1611
3257.295007,914,1615
3257.300006,827,1613
3257.305006,929,1617
3257.310006,954,1613
3257.315006,810,1610
3257.320006,863,1613
3257.325005,976,1609
3257.330006,839,1610
3257.335006,844,1612
3257.340006,969,1608
3257.345005,925,1609
3257.350007,844,1610
3257.355006,930,1612
3257.360006,933,1610
3257.365005,810,1613
3257.370006,859,1615
3257.375007,962,1613
3257.380006,857,1615
3257.385006,856,1615
3257.390005,966,1616
3257.395006,921,1620
3257.400006,824,1618
3257.405005,956,1617
3257.410006,930,1620
3257.415007,813,1619
3257.420007,866,1617
3257.425007,962,1617
3257.430005,849,1620
3257.435007,853,1614
3257.440006,973,1614
3257.445006,936,1613
3257.450005,835,1610
3257.455006,950,1609
3257.460007,928,1612
3257.465006,813,1610
3257.470006,862,1609
3257.475006,966,1609
3257.480006,853,1608
3257.485006,855,1611
3257.490005,981,1611
3257.495007,931,1610
3257.500005,837,1612
3257.505005,951,1613
3257.510005,952,1614
3257.515007,809,1616
3257.520006,862,1616
3257.525006,964,1617
3257.530005,847,1617
3257.535006,857,1617
3257.540006,979,1614
3257.545006,932,1616
3257.550006,834,1616
3257.555005,942,1613
3257.560007,942,1613
3257.565006,820,1611
3257.570007,865,1610
3257.575005,957,1608
3257.580005,844,1608
3257.585005,854,1601
3257.590005,974,1604
3257.595006,931,1601
3257.600006,837,1601
3257.605006,956,1599
3257.610006,947,1599
3257.615005,806,1601
3257.620006,865,1599
3257.625006,960,1598
3257.630006,849,1597
3257.635005,851,1597
3257.640006,977,1599
3257.645006,936,1598
3257.650006,818,1602
3257.655006,941,1598
3257.660005,945,1598
3257.665006,825,1597
3257.670006,880,1599
3257.675005,972,1595
3257.680007,853,1597
3257.685005,862,1599
3257.690005,964,1593
3257.695005,910,1597
3257.700006,831,1597
3257.705007,947,1597
3257.710007,943,1597
3257.715006,819,1596
3257.720006,873,1595
3257.725007,972,1594
3257.730007,850,1593
3257.735006,852,1588
3257.740007,961,1591
3257.745006,914,1595
3257.750006,829,1595
3257.755006,940,1595
3257.760006,936,1596
3257.765005,821,1594
3257.770006,873,1596
3257.775007,962,1597
3257.780006,851,1597
3257.785006,864,1596
3257.790006,985,1595
3257.795006,925,1588
3257.800005,820,1598
3257.805007,933,1598
3257.810006,932,1591
3257.815006,807,1599
3257.820006,867,1598
3257.825006,966,1595
3257.830007,849,1597
3257.835006,866,1595
3257.840005,982,1596
3257.845007,925,1592
3257.850005,824,1598
3257.855005,942,1598
3257.860005,934,1599
3257.865006,816,1601
3257.870007,870,1599
3257.875006,959,1604
3257.880006,843,1602
3257.885006,855,1603
3257.890006,966,1609
3257.895006,918,1603
3257.900006,828,1606
3257.905006,938,1605
3257.910005,935,1606
3257.915007,811,1606
3257.920006,862,1606
3257.925006,952,1607
3257.930006,838,1604
3257.935006,847,1603
3257.940006,965,1605
3257.945005,914,1601
3257.950007,827,1601
3257.955005,940,1603
3257.960006,937,1596
3257.965005,816,1601
3257.970007,871,1602
3257.975005,962,1600
3257.980005,844,1600
3257.985006,852,1603
3257.990005,977,1603
3257.995006,920,1608
3258.000006,834,1610
3258.005006,948,1612
3258.010007,946,1613
3258.015007,825,1614
3258.020005,862,1616
3258.025006,955,1614
3258.030006,834,1617
3258.035006,846,1619
3258.040006,988,1614
3258.045006,926,1616
3258.050005,837,1617
3258.055006,954,1610
3258.060007,950,1613
3258.065006,822,1610
3258.070005,878,1611
3258.075006,950,1616
3258.080006,843,1614
3258.085005,861,1609
3258.090006,988,1611
3258.095006,930,1611
3258.100005,842,1614
3258.105005,959,1606
3258.110005,942,1614
3258.115007,805,1614
3258.120006,865,1618
3258.125006,954,1619
3258.130007,845,1619
3258.135006,863,1618
3258.140005,982,1621
3258.145007,927,1622
3258.150006,831,1624
3258.155007,952,1625
3258.160006,948,1619
3258.165007,826,1621
3258.170006,867,1628
3258.175006,959,1628
3258.180006,847,1625
3258.185006,859,1627
3258.190006,973,1630
3258.195005,918,1627
3258.200007,824,1631
3258.205006,948,1631
3258.210006,937,1629
3258.215005,813,1632
3258.220006,874,1632
3258.225005,958,1632
3258.230006,840,1631
3258.235005,857,1632
3258.240007,974,1631
3258.245006,924,1630
3258.250006,837,1632
3258.255006,958,1632
3258.260005,949,1631
3258.265007,810,1630
3258.270005,867,1634
3258.275005,959,1635
3258.280006,845,1631
3258.285005,857,1634
3258.290006,980,1632
3258.295006,920,1630
3258.300006,834,1632
3258.305006,955,1631
3258.310006,940,1631
3258.315006,827,1631
3258.320007,878,1633
3258.325006,970,1629
3258.330006,853,1628
3258.335006,865,1628
3258.340006,979,1627
3258.345006,926,1628
3258.350007,842,1628
3258.355006,956,1626
3258.360006,936,1625
3258.365005,825,1625
3258.370007,884,1621
3258.375006,967,1615
3258.380007,836,1614
3258.385006,861,1612
3258.390005,962,1624
3258.395007,909,1625
3258.400006,829,1621
3258.405006,952,1622
3258.410005,941,1620
3258.415006,823,1617
3258.420006,884,1619
3258.425006,963,1617
3258.430006,849,1618
3258.435007,857,1615
3258.440007,974,1614
3258.445007,920,1616
3258.450006,844,1612
3258.455006,965,1612
3258.460006,951,1608
3258.465005,833,1608
3258.470006,867,1612
3258.475007,958,1610
3258.480007,836,1610
3258.485006,850,1608
3258.490006,968,1608
3258.495005,925,1605
3258.500006,829,1608
3258.505006,943,1612
3258.510006,951,1600
3258.515006,808,1603
3258.520006,874,1604
3258.525007,957,1600
3258.530006,837,1601
3258.535005,852,1601
3258.540006,973,1599
3258.545006,917,1597
3258.550006,843,1596
3258.555007,965,1594
3258.560006,928,1594
3258.565006,831,1594
3258.570005,890,1594
3258.575006,968,1593
3258.580007,833,1585
3258.585007,853,1594
3258.590006,968,1594
3258.595005,914,1592
3258.600006,835,1594
3258.605006,952,1592
3258.610006,932,1595
3258.615006,818,1593
3258.620006,884,1592
3258.625006,970,1591
3258.630006,826,1593
3258.635005,840,1592
3258.640006,966,1583
3258.645006,902,1591
3258.650007,822,1590
3258.655006,941,1588
3258.660006,940,1581
3258.665007,816,1578
3258.670007,869,1586
3258.675006,951,1586
3258.680006,831,1585
3258.685006,844,1585
3258.690006,962,1586
3258.695005,906,1584
3258.700005,831,1582
3258.705007,958,1582
3258.710006,942,1584
3258.715005,829,1583
3258.720006,884,1581
3258.725007,943,1589
3258.730006,825,1594
3258.735005,844,1594
3258.740006,965,1592
3258.745006,908,1596
3258.750006,831,1601
3258.755007,956,1602
3258.760007,938,1604
3258.765006,813,1605
3258.770006,873,1608
3258.775006,948,1608
3258.780005,838,1610
3258.785006,858,1611
3258.790007,972,1609
3258.795006,912,1610
3258.800006,841,1610
3258.805006,949,1612
3258.810007,935,1611
3258.815006,814,1609
3258.820005,890,1604
3258.825006,946,1611
3258.830007,837,1612
3258.835007,861,1610
3258.840006,978,1608
3258.845006,896,1612
3258.850006,826,1610
3258.855006,958,1611
3258.860006,935,1612
3258.865006,817,1616
3258.870005,887,1618
3258.875006,959,1619
3258.880006,841,1619
3258.885005,864,1620
3258.890006,973,1622
3258.895006,908,1626
3258.900006,831,1626
3258.905006,948,1627
3258.910005,937,1628
3258.915007,828,1625
3258.920007,888,1625
3258.925006,968,1629
3258.930006,843,1625
3258.935007,869,1623
3258.940007,972,1616
3258.945006,901,1626
3258.950005,829,1623
3258.955006,954,1622
3258.960007,932,1619
3258.965006,815,1621
3258.970006,881,1620
3258.975007,967,1619
3258.980006,831,1619
3258.985006,861,1620
3258.990005,980,1619
3258.995006,922,1620
3259.000005,835,1613
3259.005006,948,1622
3259.010005,933,1623
3259.015007,828,1621
3259.020006,893,1613
3259.025007,958,1612
3259.030006,832,1619
3259.035006,849,1627
3259.040007,966,1627
3259.045006,903,1627
3259.050007,829,1625
3259.055005,970,1619
3259.060007,936,1621
3259.065006,819,1618
3259.070006,885,1618
3259.075006,958,1617
3259.080006,835,1612
3259.085006,856,1614
3259.090006,973,1614
3259.095006,908,1615
3259.100006,847,1612
3259.105007,944,1614
3259.110006,930,1616
3259.115005,813,1613
3259.120005,879,1616
3259.125006,951,1613
3259.130007,826,1610
3259.135006,854,1607
3259.140006,963,1614
3259.145007,902,1612
3259.150007,829,1613
3259.155006,951,1615
3259.160005,953,1612
3259.165006,829,1607
3259.170006,876,1612
3259.175006,948,1613
3259.180005,848,1605
3259.185006,847,1611
3259.190006,965,1608
3259.195005,901,1606
3259.200006,829,1607
3259.205007,953,1603
3259.210007,938,1603
3259.215007,820,1603
3259.220006,898,1599
3259.225006,963,1592
3259.230006,823,1600
3259.235006,846,1601
3259.240005,974,1588
3259.245006,896,1597
3259.250006,837,1594
3259.255007,968,1590
3259.260006,924,1596
3259.265006,810,1593
3259.270007,877,1592
3259.275006,952,1590
3259.280007,824,1588
3259.285006,854,1586
3259.290007,974,1588
3259.295007,914,1586
3259.300006,820,1587
3259.305006,945,1589
3259.310006,931,1590
3259.315007,806,1591
3259.320006,877,1592
3259.325005,949,1591
3259.330006,850,1583
3259.335007,860,1584
3259.340006,962,1589
3259.345005,900,1591
3259.350006,841,1592
3259.355006,964,1590
3259.360007,925,1596
3259.365006,812,1594
3259.370005,885,1593
3259.375006,956,1595
3259.380006,829,1597
3259.385006,858,1595
3259.390005,973,1597
3259.395006,906,1591
3259.400006,823,1603
3259.405006,944,1601
3259.410006,928,1602
3259.415006,814,1603
3259.420006,885,1603
3259.425006,949,1602
3259.430006,830,1604
3259.435007,859,1604
3259.440007,976,1605
3259.445007,911,1608
3259.450006,844,1608
3259.455006,968,1608
3259.460006,920,1615
3259.465006,812,1613
3259.470006,889,1612
3259.475006,959,1613
3259.480007,830,1613
3259.485006,853,1615
3259.490005,971,1617
3259.495006,898,1617
3259.500006,843,1616
3259.505006,960,1611
3259.510006,945,1613
3259.515006,833,1617
3259.520006,898,1621
3259.525007,965,1618
3259.530005,835,1624
3259.535006,852,1618
3259.540006,974,1616
3259.545006,904,1619
3259.550006,847,1617
3259.555006,962,1618
3259.560006,942,1618
3259.565006,829,1617
3259.570007,885,1609
3259.575006,943,1616
3259.580006,823,1619
3259.585006,857,1614
3259.590005,974,1617
3259.595006,907,1615
3259.600005,823,1620
3259.605006,954,1620
3259.610005,933,1620
3259.615006,817,1618
3259.620005,895,1619
3259.625006,958,1621
3259.630006,831,1625
3259.635006,860,1622
3259.640006,977,1625
3259.645006,909,1622
3259.650007,842,1615
3259.655007,966,1622
3259.660006,944,1620
3259.665006,828,1618
3259.670007,878,1621
3259.675005,953,1619
3259.680006,832,1615
3259.685006,868,1615
3259.690006,981,1613
3259.695005,909,1613
3259.700006,829,1610
3259.705007,954,1610
3259.710006,942,1601
3259.715005,813,1609
3259.720006,889,1607
3259.725006,951,1609
3259.730006,844,1608
3259.735006,870,1603
3259.740006,977,1598
3259.745006,887,1611
3259.750006,827,1612
3259.755005,953,1612
3259.760005,928,1612
3259.765007,819,1613
3259.770006,896,1609
3259.775006,965,1606
3259.780007,837,1606
3259.785006,871,1605
3259.790006,979,1612
3259.795007,904,1606
3259.800006,834,1606
3259.805006,960,1606
3259.810006,944,1603
3259.815007,830,1601
3259.820006,905,1598
3259.825006,965,1594
3259.830006,835,1597
3259.835007,866,1595
3259.840006,966,1587
3259.845006,891,1597
3259.850007,833,1596
3259.855006,972,1596
3259.860005,934,1597
3259.865006,822,1599
3259.870005,899,1601
3259.875006,965,1602
3259.880007,821,1599
3259.885006,859,1608
3259.890005,976,1607
3259.895006,910,1604
3259.900006,827,1611
3259.905005,962,1612
3259.910007,942,1611
3259.915006,826,1608
3259.920006,886,1616
3259.925005,947,1613
3259.930007,826,1614
3259.935006,856,1613
3259.940007,970,1615
3259.945006,897,1614
3259.950005,843,1614
3259.955006,971,1613
3259.960006,943,1616
3259.965005,829,1611
3259.970006,885,1610
3259.975006,948,1611
3259.980007,826,1614
3259.985007,847,1615
3259.990006,965,1616
3259.995005,892,1614
3260.000006,849,1613
3260.005007,963,1616
3260.010006,940,1616
3260.015005,823,1618
3260.020006,900,1618
3260.025006,959,1617
3260.030005,830,1618
3260.035006,857,1619
3260.040006,978,1619
3260.045005,905,1618
3260.050005,846,1615
3260.055007,954,1621
3260.060005,949,1620
3260.065006,819,1612
3260.070006,910,1618
3260.075006,953,1619
3260.080006,833,1621
3260.085007,868,1620
3260.090007,983,1621
3260.095007,885,1621
3260.100005,837,1621
3260.105005,956,1625
3260.110006,928,1624
3260.115006,815,1622
3260.120005,900,1620
3260.125006,960,1619
3260.130007,828,1620
3260.135007,858,1619
3260.140005,972,1620
3260.145006,901,1621
3260.150005,848,1619
3260.155006,977,1617
3260.160005,949,1616
3260.165006,832,1612
3260.170006,908,1616
3260.175005,963,1614
3260.180007,832,1611
3260.185005,868,1611
3260.190006,957,1614
3260.195006,897,1611
3260.200006,839,1611
3260.205007,970,1610
3260.210006,938,1609
3260.215007,808,1611
3260.220006,900,1607
3260.225006,967,1608
3260.230006,818,1609
3260.235006,857,1605
3260.240006,970,1609
3260.245006,902,1607
3260.250007,848,1604
3260.255006,955,1613
3260.260006,928,1611
3260.265007,817,1612
3260.270005,899,1611
3260.275005,963,1611
3260.280005,838,1610
3260.285007,868,1611
3260.290005,980,1609
3260.295005,883,1609
3260.300006,837,1608
3260.305006,969,1604
3260.310006,927,1608
3260.315007,814,1605
3260.320006,896,1601
3260.325005,950,1602
3260.330007,832,1598
3260.335006,861,1597
3260.340007,983,1598
3260.345007,902,1596
3260.350005,828,1599
3260.355005,965,1599
3260.360005,936,1598
3260.365006,824,1596
3260.370005,904,1598
3260.375006,959,1599
3260.380006,818,1595
3260.385005,849,1601
3260.390007,969,1601
3260.395007,891,1602
3260.400006,836,1603
3260.405006,959,1601
3260.410006,932,1603
3260.415006,830,1599
3260.420006,908,1599
3260.425006,964,1596
3260.430006,814,1600
3260.435006,865,1585
3260.440006,983,1590
3260.445005,903,1593
3260.450006,842,1588
3260.455006,953,1593
3260.460006,927,1593
3260.465006,815,1592
3260.470005,898,1591
3260.475007,959,1592
3260.480005,832,1592
3260.485005,845,1596
3260.490006,978,1594
3260.495005,898,1592
3260.500006,832,1597
3260.505005,958,1599
3260.510006,932,1599
3260.515005,829,1601
3260.520006,913,1603
3260.525007,956,1599
3260.530006,817,1606
3260.535006,857,1605
3260.540007,974,1604
3260.545006,896,1603
3260.550006,850,1603
3260.555005,952,1606
3260.560006,930,1603
3260.565006,822,1601
3260.570005,910,1600
3260.575006,959,1601
3260.580006,837,1600
3260.585006,863,1594
3260.590005,959,1604
3260.595005,886,1604
3260.600007,848,1603
3260.605007,969,1604
3260.610006,927,1601
3260.615006,814,1610
3260.620006,903,1610
3260.625007,960,1612
3260.630006,835,1611
3260.635007,870,1617
3260.640007,964,1620
3260.645005,895,1621
3260.650006,851,1623
3260.655005,956,1627
3260.660006,925,1631
3260.665006,817,1630
3260.670006,907,1629
3260.675006,945,1632
3260.680005,827,1632
3260.685007,870,1634
3260.690007,978,1637
3260.695006,881,1640
3260.700005,838,1637
3260.705006,971,1636
3260.710006,951,1635
3260.715005,832,1639
3260.720006,891,1639
3260.725006,948,1638
3260.730006,824,1637
3260.735005,865,1634
3260.740006,982,1636
3260.745005,882,1637
3260.750006,833,1634
3260.755006,974,1634
3260.760005,925,1636
3260.765007,820,1632
3260.770006,906,1631
3260.775006,946,1631
3260.780006,828,1632
3260.785005,869,1629
3260.790006,962,1630
3260.795006,893,1627
3260.800005,836,1625
3260.805006,974,1625
3260.810007,944,1620
3260.815006,816,1625
3260.820005,898,1628
3260.825006,951,1621
3260.830006,836,1624
3260.835007,849,1627
3260.840007,969,1624
3260.845006,897,1622
3260.850006,857,1621
3260.855006,971,1614
3260.860006,928,1621
3260.865005,825,1620
3260.870006,910,1620
3260.875006,960,1622
3260.880006,814,1625
3260.885006,860,1618
3260.890005,973,1618
3260.895007,879,1617
3260.900006,838,1615
3260.905005,966,1616
3260.910006,934,1615
3260.915007,825,1614
3260.920005,916,1614
3260.925005,961,1609
3260.930006,838,1606
3260.935006,856,1608
3260.940006,970,1606
3260.945006,890,1606
3260.950006,844,1604
3260.955006,970,1604
3260.960007,945,1601
3260.965006,812,1605
3260.970006,900,1601
3260.975007,949,1599
3260.980007,823,1598
3260.985007,863,1599
3260.990007,973,1589
3260.995006,881,1595
3261.000007,853,1596
3261.005007,962,1587
3261.010006,922,1598
3261.015005,817,1591
3261.020006,910,1591
3261.025006,957,1591
3261.030006,829,1589
3261.035005,870,1590
3261.040006,962,1587
3261.045005,877,1590
3261.050005,834,1593
3261.055006,968,1588
3261.060007,933,1589
3261.065006,826,1587
3261.070005,917,1592
3261.075006,947,1590
3261.080006,823,1591
3261.085007,869,1590
3261.090007,976,1591
3261.095006,897,1587
3261.100006,831,1593
3261.105006,965,1592
3261.110005,940,1593
3261.115006,830,1593
3261.120006,898,1594
3261.125006,947,1593
3261.130007,814,1595
3261.135006,850,1595
3261.140005,966,1594
3261.145007,893,1592
3261.150007,847,1593
3261.155006,973,1592
3261.160006,922,1594
3261.165007,810,1595
3261.170007,908,1595
3261.175006,963,1599
3261.180005,837,1590
3261.185007,848,1596
3261.190006,963,1595
3261.195005,881,1594
3261.200006,848,1594
3261.205007,969,1593
3261.210007,942,1591
3261.215006,831,1596
3261.220006,916,1595
3261.225007,959,1597
3261.230007,825,1596
3261.235006,868,1595
3261.240006,956,1597
3261.245006,882,1592
3261.250007,835,1600
3261.255006,963,1600
3261.260005,934,1601
3261.265007,820,1604
3261.270006,915,1605
3261.275007,958,1600
3261.280005,834,1604
3261.285006,847,1609
3261.290007,963,1611
3261.295006,878,1608
3261.300007,842,1610
3261.305005,972,1609
3261.310006,943,1608
3261.315007,829,1605
3261.320007,898,1610
3261.325006,943,1612
3261.330006,831,1610
3261.335006,865,1611
3261.340005,975,1613
3261.345006,894,1611
3261.350007,849,1608
3261.355005,971,1602
3261.360006,924,1611
3261.365005,813,1615
3261.370006,906,1612
3261.375006,946,1612
3261.380006,819,1613
3261.385006,854,1611
3261.390005,967,1612
3261.395007,881,1615
3261.400006,844,1611
3261.405006,968,1610
3261.410007,939,1608
3261.415006,831,1610
3261.420007,923,1612
3261.425006,963,1609
3261.430005,822,1609
3261.435006,866,1611
3261.440006,961,1614
3261.445007,883,1612
3261.450005,840,1613
3261.455006,969,1614
3261.460007,939,1613
3261.465007,826,1612
3261.470005,915,1614
3261.475007,950,1613
3261.480006,831,1615
3261.485005,853,1617
3261.490006,966,1613
3261.495006,882,1613
3261.500006,846,1613
3261.505007,979,1612
3261.510006,941,1610
3261.515005,831,1610
3261.520006,912,1612
3261.525007,951,1611
3261.530006,830,1608
3261.535007,867,1609
3261.540005,972,1610
3261.545006,897,1607
3261.550005,849,1603
3261.555006,960,1611
3261.560006,934,1606
3261.565006,828,1606
3261.570005,925,1605
3261.575006,945,1610
3261.580007,818,1605
3261.585006,858,1606
3261.590007,980,1604
3261.595006,872,1604
3261.600007,835,1606
3261.605006,965,1607
3261.610005,931,1604
3261.615006,824,1605
3261.620006,915,1605
3261.625006,961,1607
3261.630006,835,1603
3261.635005,868,1608
3261.640006,973,1604
3261.645007,891,1605
3261.650006,848,1608
3261.655006,971,1605
3261.660005,934,1601
3261.665006,808,1613
3261.670006,903,1614
3261.675006,941,1612
3261.680005,812,1614
3261.685006,858,1608
3261.690006,972,1607
3261.695005,883,1609
3261.700006,844,1609
3261.705007,980,1605
3261.710006,946,1602
3261.715006,830,1606
3261.720006,917,1599
3261.725006,956,1606
3261.730006,829,1603
3261.735005,866,1604
3261.740006,978,1598
3261.745006,864,1605
3261.750006,837,1599
3261.755006,962,1601
3261.760005,924,1599
3261.765006,822,1600
3261.770007,919,1599
3261.775006,952,1597
3261.780006,823,1596
3261.785006,867,1597
3261.790005,970,1598
3261.795005,877,1597
3261.800005,847,1590
3261.805006,959,1598
3261.810005,920,1600
3261.815006,813,1598
3261.820006,906,1599
3261.825006,948,1599
3261.830006,831,1597
3261.835007,848,1600
3261.840007,968,1599
3261.845006,882,1601
3261.850006,858,1602
3261.855006,960,1603
3261.860006,931,1604
3261.865005,831,1605
3261.870007,923,1606
3261.875006,954,1608
3261.880006,827,1611
3261.885006,866,1605
3261.890005,981,1609
3261.895006,871,1611
3261.900006,837,1617
3261.905005,965,1617
3261.910007,946,1620
3261.915006,834,1618
3261.920007,918,1621
3261.925006,958,1620
3261.930005,823,1625
3261.935006,866,1621
3261.940006,965,1621
3261.945006,875,1622
3261.950006,846,1621
3261.955007,981,1621
3261.960007,943,1621
3261.965005,814,1624
3261.970007,915,1620
3261.975007,952,1623
3261.980006,832,1620
3261.985007,867,1620
3261.990006,972,1621
3261.995005,884,1612
3262.000006,850,1616
3262.005006,961,1622
3262.010005,932,1617
3262.015007,820,1619
3262.020005,915,1617
3262.025005,950,1617
3262.030005,823,1616
3262.035006,873,1613
3262.040005,981,1610
3262.045005,882,1611
3262.050005,841,1611
3262.055006,968,1608
3262.060006,934,1605
3262.065006,813,1607
3262.070005,911,1595
3262.075006,941,1601
3262.080006,817,1602
3262.085005,852,1600
3262.090005,969,1597
3262.095006,879,1599
3262.100007,851,1594
3262.105007,959,1596
3262.110006,925,1597
3262.115006,820,1593
3262.120006,907,1593
3262.125006,943,1591
3262.130005,821,1590
3262.135005,859,1587
3262.140007,970,1591
3262.145006,876,1590
3262.150006,841,1586
3262.155006,979,1585
3262.160006,924,1587
3262.165006,818,1587
3262.170006,914,1586
3262.175006,946,1585
3262.180005,831,1586
3262.185005,866,1583
3262.190005,974,1586
3262.195006,861,1589
3262.200006,855,1584
3262.205006,953,1588
3262.210007,938,1585
3262.215006,825,1584
3262.220005,915,1587
3262.225006,947,1587
3262.230006,817,1587
3262.235006,865,1590
3262.240006,971,1587
3262.245005,880,1590
3262.250006,846,1595
3262.255007,978,1592
3262.260006,917,1597
3262.265006,810,1596
3262.270007,904,1600
3262.275006,948,1600
3262.280005,826,1601
3262.285006,862,1603
3262.290006,967,1604
3262.295006,880,1603
3262.300005,857,1603
3262.305006,975,1602
3262.310007,926,1598
3262.315006,834,1607
3262.320005,926,1608
3262.325007,955,1610
3262.330005,829,1612
3262.335005,865,1612
3262.340006,974,1613
3262.345005,883,1613
3262.350006,851,1614
3262.355007,975,1614
3262.360006,937,1614
3262.365006,828,1606
3262.370005,923,1614
3262.375006,954,1614
3262.380006,807,1617
3262.385005,850,1618
3262.390006,960,1619
3262.395006,868,1618
3262.400006,842,1619
3262.405005,975,1617
3262.410006,940,1618
3262.415006,841,1612
3262.420005,910,1618
3262.425006,944,1619
3262.430006,828,1619
3262.435006,871,1617
3262.440005,958,1620
3262.445005,875,1618
3262.450006,853,1616
3262.455006,981,1616
3262.460006,943,1617
3262.465007,835,1614
3262.470006,923,1608
3262.475007,935,1618
3262.480006,814,1615
3262.485006,858,1614
3262.490006,972,1616
3262.495005,874,1614
3262.500006,842,1612
3262.505006,973,1612
3262.510006,933,1614
3262.515005,830,1613
3262.520006,920,1612
3262.525006,937,1614
3262.530006,812,1614
3262.535006,856,1616
3262.540006,974,1609
3262.545005,882,1613
3262.550005,858,1616
3262.555006,979,1612
3262.560005,943,1618
3262.565005,811,1615
3262.570005,908,1617
3262.575006,949,1611
3262.580007,825,1612
3262.585007,869,1615
3262.590006,981,1610
3262.595006,878,1611
3262.600006,851,1614
3262.605005,970,1605
3262.610005,927,1616
3262.615006,826,1615
3262.620006,925,1614
3262.625006,958,1613
3262.630006,826,1615
3262.635006,867,1614
3262.640005,973,1618
3262.645006,861,1619
3262.650006,843,1615
3262.655006,962,1619
3262.660005,940,1617
3262.665006,838,1617
3262.670006,932,1615
3262.675007,957,1617
3262.680005,830,1619
3262.685007,856,1618
3262.690005,973,1617
3262.695006,867,1613
3262.700006,836,1620
3262.705007,965,1619
3262.710006,929,1618
3262.715006,818,1618
3262.720005,921,1618
3262.725005,945,1619
3262.730005,820,1616
3262.735005,869,1613
3262.740006,975,1617
3262.745006,860,1617
3262.750006,836,1617
3262.755006,962,1618
3262.760005,923,1615
3262.765006,820,1613
3262.770007,922,1613
3262.775007,941,1613
3262.780006,818,1611
3262.785006,863,1611
3262.790007,971,1608
3262.795006,877,1610
3262.800005,852,1608
3262.805006,977,1608
3262.810006,941,1608
3262.815006,829,1603
3262.820006,930,1605
3262.825006,950,1604
3262.830006,822,1605
3262.835006,867,1603
3262.840006,974,1603
3262.845005,875,1601
3262.850007,834,1600
3262.855006,957,1603
3262.860005,919,1603
3262.865006,818,1605
3262.870005,915,1602
3262.875006,938,1605
3262.880006,813,1602
3262.885006,860,1594
3262.890006,959,1603
3262.895007,871,1603
3262.900006,844,1601
3262.905005,970,1602
3262.910006,929,1602
3262.915006,824,1604
3262.920006,926,1602
3262.925005,945,1601
3262.930006,824,1601
3262.935006,860,1600
3262.940007,966,1600
3262.945006,881,1602
3262.950007,853,1601
3262.955006,974,1600
3262.960006,938,1603
3262.965006,831,1601
3262.970006,931,1594
3262.975007,934,1602
3262.980006,808,1603
3262.985005,849,1603
3262.990006,961,1604
3262.995006,868,1602
3263.000007,852,1600
3263.005006,971,1603
3263.010005,930,1602
3263.015006,837,1599
3263.020007,908,1608
3263.025006,935,1607
3263.030005,814,1612
3263.035007,860,1606
3263.040005,970,1609
3263.045005,874,1611
3263.050005,850,1611
3263.055006,976,1611
3263.060007,936,1613
3263.065007,834,1614
3263.070007,910,1616
3263.075005,939,1621
3263.080007,815,1620
3263.085006,859,1610
3263.090006,961,1621
3263.095006,864,1617
3263.100006,838,1620
3263.105007,963,1615
3263.110007,949,1615
3263.115006,833,1612
3263.120006,914,1621
3263.125006,948,1616
3263.130007,818,1618
3263.135006,860,1617
3263.140006,966,1617
3263.145006,875,1608
3263.150006,857,1614
3263.155005,976,1612
3263.160006,917,1619
3263.165006,817,1617
3263.170006,925,1612
3263.175005,941,1614
3263.180006,820,1613
3263.185006,872,1611
3263.190005,975,1614
3263.195005,872,1611
3263.200006,851,1612
3263.205007,967,1610
3263.210006,931,1614
3263.215005,825,1612
3263.220007,936,1610
3263.225005,951,1602
3263.230006,830,1607
3263.235006,872,1608
3263.240005,976,1608
3263.245006,858,1608
3263.250006,845,1609
3263.255007,969,1603
3263.260006,931,1608
3263.265006,826,1602
3263.270006,913,1598
3263.275006,950,1605
3263.280006,818,1599
3263.285005,844,1608
3263.290006,953,1606
3263.295007,860,1602
3263.300006,838,1605
3263.305006,955,1604
3263.310007,934,1594
3263.315006,809,1604
3263.320006,913,1599
3263.325005,934,1599
3263.330007,815,1596
3263.335007,857,1594
3263.340007,963,1597
3263.345007,870,1595
3263.350007,844,1596
3263.355007,960,1597
3263.360006,937,1594
3263.365005,827,1594
3263.370007,925,1594
3263.375006,930,1594
3263.380007,804,1595
3263.385006,851,1595
3263.390005,956,1592
3263.395006,859,1592
3263.400006,841,1590
3263.405005,971,1587
3263.410006,927,1589
3263.415006,826,1590
3263.420006,931,1589
3263.425006,951,1590
3263.430005,825,1589
3263.435007,843,1588
3263.440005,970,1583
3263.445006,874,1589
3263.450006,857,1584
3263.455006,972,1589
3263.460007,932,1592
3263.465006,827,1590
3263.470006,922,1589
3263.475006,945,1589
3263.480007,815,1590
3263.485005,862,1591
3263.490007,966,1590
3263.495006,867,1587
3263.500006,848,1590
3263.505005,971,1588
3263.510005,932,1592
3263.515007,815,1591
3263.520006,927,1589
3263.525007,947,1585
3263.530006,826,1593
3263.535006,848,1596
3263.540006,964,1593
3263.545006,867,1593
3263.550006,856,1598
3263.555006,977,1596
3263.560006,934,1589
3263.565006,828,1591
3263.570005,930,1600
3263.575006,933,1600
3263.580006,805,1605
3263.585007,873,1599
3263.590006,977,1599
3263.595006,852,1604
3263.600006,839,1607
3263.605007,971,1603
3263.610007,929,1602
3263.615006,838,1602
3263.620006,939,1603
3263.625006,932,1607
3263.630006,812,1609
3263.635005,856,1608
3263.640006,959,1610
3263.645006,858,1611
3263.650006,850,1610
3263.655006,971,1608
3263.660006,938,1608
3263.665006,834,1611
3263.670006,915,1614
3263.675005,952,1611
3263.680006,825,1610
3263.685006,870,1614
3263.690006,953,1618
3263.695006,856,1618
3263.700006,841,1615
3263.705006,965,1618
3263.710006,927,1618
3263.715006,825,1616
3263.720006,929,1620
3263.725006,944,1619
3263.730006,819,1618
3263.735005,869,1621
3263.740007,974,1621
3263.745006,872,1623
3263.750006,836,1625
3263.755006,962,1628
3263.760005,941,1621
3263.765006,832,1627
3263.770005,934,1627
3263.775005,954,1629
3263.780005,823,1631
3263.785007,868,1631
3263.790006,951,1634
3263.795007,855,1632
3263.800006,846,1629
3263.805006,970,1629
3263.810007,932,1629
3263.815006,829,1631
3263.820006,922,1628
3263.825006,941,1629
3263.830006,823,1626
3263.835006,870,1628
3263.840005,951,1630
3263.845006,876,1624
3263.850006,859,1624
3263.855006,955,1625
3263.860005,916,1623
3263.865006,817,1624
3263.870005,920,1621
3263.875006,938,1622
3263.880006,813,1620
3263.885006,853,1621
3263.890006,966,1617
3263.895006,850,1619
3263.900006,840,1618
3263.905006,966,1615
3263.910005,931,1616
3263.915007,834,1615
3263.920006,935,1612
3263.925005,942,1611
3263.930007,799,1615
3263.935005,856,1612
3263.940005,967,1613
3263.945006,863,1614
3263.950005,852,1616
3263.955006,951,1614
3263.960006,933,1613
3263.965005,833,1613
3263.970007,927,1608
3263.975006,925,1616
3263.980006,805,1614
3263.985005,853,1615
3263.990006,958,1613
3263.995006,854,1613
3264.000006,840,1612
3264.005007,970,1610
3264.010005,936,1613
3264.015007,814,1611
3264.020005,930,1612
3264.025006,949,1613
3264.030005,824,1612
3264.035006,869,1611
3264.040006,948,1614
3264.045007,853,1612
3264.050006,847,1609
3264.055005,971,1610
3264.060007,928,1611
3264.065006,827,1611
3264.070006,936,1610
3264.075005,954,1609
3264.080006,804,1614
3264.085006,864,1612
3264.090005,968,1613
3264.095006,870,1608
3264.100006,838,1613
3264.105006,964,1609
3264.110005,929,1609
3264.115005,833,1608
3264.120007,938,1606
3264.125006,947,1606
3264.130006,825,1607
3264.135006,869,1608
3264.140005,971,1606
3264.145006,868,1606
3264.150006,856,1605
3264.155006,978,1611
3264.160006,925,1607
3264.165006,834,1607
3264.170006,937,1610
3264.175005,953,1611
3264.180006,827,1608
3264.185006,851,1610
3264.190007,956,1614
3264.195006,856,1611
3264.200006,845,1610
3264.205007,964,1613
3264.210006,933,1611
3264.215005,834,1609
3264.220006,944,1609
3264.225006,955,1611
3264.230006,821,1604
3264.235005,867,1604
3264.240006,971,1609
3264.245006,856,1612
3264.250007,849,1615
3264.255007,973,1610
3264.260006,932,1610
3264.265007,829,1602
3264.270005,921,1613
3264.275005,949,1601
3264.280005,826,1602
3264.285007,852,1608
3264.290006,961,1609
3264.295006,866,1607
3264.300006,862,1604
3264.305005,982,1608
3264.310006,940,1608
3264.315006,833,1607
3264.320005,934,1608
3264.325007,944,1608
3264.330006,824,1609
3264.335006,871,1609
3264.340006,956,1610
3264.345006,865,1609
3264.350006,864,1610
3264.355006,981,1611
3264.360005,923,1610
3264.365006,818,1613
3264.370005,929,1610
3264.375007,948,1610
3264.380007,821,1610
3264.385007,874,1610
3264.390006,954,1613
3264.395007,856,1613
3264.400006,849,1612
3264.405007,981,1609
3264.410005,941,1609
3264.415006,835,1609
3264.420007,922,1613
3264.425005,935,1612
3264.430007,814,1613
3264.435005,858,1612
3264.440005,961,1613
3264.445005,858,1614
3264.450006,846,1613
3264.455007,968,1610
3264.460005,926,1616
3264.465005,823,1615
3264.470006,931,1611
3264.475006,944,1611
3264.480006,817,1609
3264.485006,869,1605
3264.490005,975,1607
3264.495007,868,1605
3264.500006,856,1604
3264.505007,984,1605
3264.510006,922,1605
3264.515007,842,1603
3264.520005,923,1608
3264.525005,934,1605
3264.530005,814,1605
3264.535006,865,1604
3264.540006,971,1604
3264.545007,862,1604
3264.550006,853,1606
3264.555006,981,1607
3264.560006,935,1606
3264.565006,826,1610
3264.570006,938,1609
3264.575005,947,1606
3264.580006,817,1608
3264.585006,858,1611
3264.590006,960,1609
3264.595007,858,1610
3264.600006,847,1610
3264.605007,966,1611
3264.610007,921,1613
3264.615005,822,1613
3264.620006,929,1614
3264.625006,936,1616
3264.630006,829,1612
3264.635005,860,1613
3264.640007,959,1616
3264.645005,869,1612
3264.650006,843,1619
3264.655005,968,1616
3264.660006,929,1615
3264.665006,831,1615
3264.670007,947,1614
3264.675006,933,1619
3264.680005,813,1618
3264.685006,865,1616
3264.690006,961,1616
3264.695005,861,1617
3264.700007,852,1615
3264.705006,973,1618
3264.710006,936,1618
3264.715006,831,1616
3264.720006,942,1614
3264.725007,949,1617
3264.730007,808,1612
3264.735006,877,1613
3264.740006,969,1615
3264.745005,860,1614
3264.750006,853,1614
3264.755006,975,1614
3264.760005,935,1613
3264.765006,812,1617
3264.770006,921,1618
3264.775005,933,1615
3264.780006,809,1613
3264.785005,855,1615
3264.790006,960,1611
3264.795007,865,1614
3264.800006,854,1614
3264.805005,979,1614
3264.810006,933,1613
3264.815006,827,1612
3264.820005,936,1615
3264.825006,945,1613
3264.830005,824,1610
3264.835005,869,1612
3264.840006,952,1613
3264.845006,844,1614
3264.850006,843,1612
3264.855006,977,1611
3264.860006,938,1612
3264.865006,816,1614
3264.870006,924,1611
3264.875006,943,1607
3264.880006,828,1608
3264.885005,853,1606
3264.890006,954,1611
3264.895006,853,1605
3264.900006,853,1603
3264.905005,983,1603
3264.910007,927,1595
3264.915005,815,1606
3264.920006,925,1604
3264.925006,937,1601
3264.930006,813,1602
3264.935006,859,1599
3264.940007,964,1597
3264.945006,856,1600
3264.950005,849,1598
3264.955007,976,1595
3264.960006,931,1597
3264.965005,827,1594
3264.970006,940,1593
3264.975006,946,1589
3264.980006,804,1593
3264.985005,856,1592
3264.990007,970,1587
3264.995005,860,1585
3265.000006,856,1586
3265.005005,976,1587
3265.010005,933,1585
3265.015006,814,1587
3265.020006,925,1585
3265.025007,935,1583
3265.030006,809,1579
3265.035005,869,1583
3265.040006,950,1585
3265.045007,849,1586
3265.050006,848,1586
3265.055006,982,1587
3265.060006,917,1587
3265.065006,824,1588
3265.070006,936,1587
3265.075006,945,1587
3265.080005,825,1585
3265.085005,865,1584
3265.090006,970,1588
3265.095005,840,1592
3265.100007,839,1590
3265.105005,966,1589
3265.110005,925,1590
3265.115006,826,1584
3265.120005,942,1588
3265.125006,950,1583
3265.130006,820,1586
3265.135005,865,1588
3265.140007,969,1588
3265.145006,853,1581
3265.150007,858,1588
3265.155005,958,1592
3265.160006,933,1588
3265.165007,832,1591
3265.170006,943,1589
3265.175007,926,1596
3265.180006,806,1594
3265.185007,864,1594
3265.190006,966,1596
3265.195006,852,1596
3265.200005,849,1594
3265.205006,979,1597
3265.210006,933,1596
3265.215006,834,1599
3265.220006,941,1597
3265.225006,939,1596
3265.230007,824,1597
3265.235006,869,1595
3265.240006,965,1590
3265.245005,844,1593
3265.250006,836,1598
3265.255006,970,1597
3265.260006,929,1596
3265.265006,836,1595
3265.270006,948,1592
3265.275006,948,1598
3265.280006,819,1588
3265.285006,865,1594
3265.290007,968,1594
3265.295006,858,1594
3265.300007,853,1589
3265.305006,979,1596
3265.310006,930,1596
3265.315006,835,1594
3265.320006,936,1599
3265.325006,945,1598
3265.330007,807,1599
3265.335005,870,1599
3265.340005,962,1592
3265.345007,856,1591
3265.350006,837,1602
3265.355007,975,1599
3265.360006,939,1600
3265.365005,841,1599
3265.370006,944,1605
3265.375007,946,1601
3265.380007,822,1604
3265.385006,848,1606
3265.390006,951,1607
3265.395006,844,1606
3265.400007,845,1607
3265.405006,964,1611
3265.410006,921,1608
3265.415006,829,1608
3265.420007,933,1609
3265.425006,937,1607
3265.430006,814,1606
3265.435006,853,1610
3265.440006,954,1609
3265.445005,845,1610
3265.450006,859,1611
3265.455006,978,1604
3265.460006,922,1611
3265.465005,832,1610
3265.470006,935,1611
3265.475007,949,1606
3265.480006,822,1608
3265.485006,848,1610
3265.490005,951,1614
3265.495007,847,1613
3265.500005,851,1611
3265.505006,980,1611
3265.510006,929,1610
3265.515005,836,1614
3265.520006,943,1610
3265.525006,943,1614
3265.530005,810,1611
3265.535007,864,1611
3265.540006,965,1612
3265.545006,849,1611
3265.550006,859,1612
3265.555005,981,1613
3265.560006,934,1611
3265.565006,840,1608
3265.570005,924,1612
3265.575006,932,1603
3265.580006,803,1614
3265.585006,851,1611
3265.590006,975,1606
3265.595006,860,1603
3265.600006,853,1597
3265.605007,964,1604
3265.610006,933,1605
3265.615005,816,1606
3265.620006,935,1608
3265.625006,941,1605
3265.630007,821,1605
3265.635007,871,1607
3265.640006,960,1597
3265.645006,855,1606
3265.650006,856,1608
3265.655006,981,1606
3265.660006,932,1608
3265.665007,840,1604
3265.670006,947,1608
3265.675005,928,1608
3265.680006,805,1609
3265.685005,854,1608
3265.690005,973,1610
3265.695005,862,1607
3265.700007,854,1611
3265.705006,976,1609
3265.710006,927,1609
3265.715006,831,1611
3265.720006,943,1610
3265.725006,948,1609
3265.730006,805,1615
3265.735005,860,1610
3265.740007,953,1613
3265.745006,842,1611
3265.750006,849,1610
3265.755006,973,1612
3265.760005,937,1611
3265.765006,822,1614
3265.770006,935,1615
3265.775005,940,1616
3265.780005,811,1616
3265.785006,862,1617
3265.790006,959,1622
3265.795006,841,1621
3265.800005,846,1621
3265.805006,969,1624
3265.810007,925,1623
3265.815007,827,1622
3265.820006,946,1622
3265.825006,950,1622
3265.830006,824,1623
3265.835007,873,1625
3265.840007,964,1622
3265.845006,855,1625
3265.850006,861,1623
3265.855006,978,1624
3265.860005,934,1626
3265.865007,836,1626
3265.870005,949,1624
3265.875006,931,1625
3265.880005,811,1627
3265.885005,867,1625
3265.890007,967,1624
3265.895006,850,1623
3265.900006,857,1629
3265.905007,971,1624
3265.910006,924,1626
3265.915006,826,1628
3265.920005,949,1624
3265.925005,949,1624
3265.930007,828,1621
3265.935005,880,1624
3265.940005,969,1620
3265.945006,856,1618
3265.950005,859,1618
3265.955006,976,1617
3265.960006,932,1616
3265.965006,815,1619
3265.970005,941,1614
3265.975006,944,1615
3265.980006,821,1614
3265.985006,873,1612
3265.990006,964,1611
3265.995006,851,1611
3266.000006,858,1605
3266.005007,977,1601
3266.010006,932,1610
3266.015005,816,1611
3266.020006,936,1611
3266.025006,932,1611
3266.030006,811,1611
3266.035005,862,1610
3266.040006,963,1610
3266.045007,854,1608
3266.050006,863,1612
3266.055006,988,1605
3266.060006,936,1610
3266.065007,821,1610
3266.070006,932,1613
3266.075005,930,1618
3266.080007,808,1618
3266.085006,884,1611
3266.090006,951,1614
3266.095005,845,1616
3266.100006,862,1614
3266.105006,980,1613
3266.110005,927,1611
3266.115006,833,1614
3266.120005,944,1615
3266.125006,950,1615
3266.130006,829,1612
3266.135006,868,1608
3266.140005,970,1614
3266.145006,855,1614
3266.150006,839,1616
3266.155005,964,1619
3266.160006,916,1620
3266.165006,822,1619
3266.170007,945,1618
3266.175007,938,1617
3266.180006,822,1618
3266.185006,883,1612
3266.190007,951,1614
3266.195006,837,1613
3266.200005,851,1611
3266.205007,966,1611
3266.210006,920,1609
3266.215005,839,1604
3266.220007,941,1608
3266.225006,933,1607
3266.230006,817,1606
3266.235005,875,1600
3266.240007,964,1600
3266.245007,835,1605
3266.250005,850,1601
3266.255006,960,1603
3266.260005,913,1604
3266.265006,830,1600
3266.270006,941,1600
3266.275006,946,1601
3266.280006,819,1601
3266.285005,867,1602
3266.290006,955,1601
3266.295006,838,1599
3266.300005,852,1598
3266.305006,974,1599
3266.310006,926,1601
3266.315006,838,1599
3266.320005,929,1603
3266.325006,926,1601
3266.330007,811,1600
3266.335006,869,1602
3266.340006,965,1600
3266.345005,850,1598
3266.350006,842,1602
3266.355006,964,1601
3266.360005,915,1604
3266.365006,830,1600
3266.370005,944,1601
3266.375006,937,1601
3266.380006,807,1604
3266.385006,868,1601
3266.390005,962,1603
3266.395006,854,1605
3266.400006,860,1601
3266.405006,978,1602
3266.410005,930,1598
3266.415006,833,1598
3266.420007,929,1609
3266.425007,927,1605
3266.430005,808,1605
3266.435006,863,1606
3266.440007,955,1608
3266.445006,853,1606
3266.450005,860,1610
3266.455007,981,1609
3266.460006,926,1610
3266.465005,822,1613
3266.470006,946,1614
3266.475006,945,1614
3266.480007,827,1615
3266.485006,877,1619
3266.490005,964,1617
3266.495007,850,1617
3266.500006,862,1619
3266.505007,981,1617
3266.510007,929,1619
3266.515005,827,1621
3266.520006,946,1624
3266.525006,922,1626
3266.530006,802,1625
3266.535006,878,1626
3266.540006,961,1623
3266.545007,851,1626
3266.550006,853,1624
3266.555006,973,1624
3266.560005,924,1625
3266.565006,840,1625
3266.570005,932,1630
3266.575007,925,1629
3266.580005,815,1621
3266.585005,864,1627
3266.590005,964,1628
3266.595006,844,1626
3266.600006,860,1625
3266.605007,965,1629
3266.610006,908,1631
3266.615006,829,1627
3266.620006,954,1628
3266.625006,950,1630
3266.630006,823,1632
3266.635006,884,1629
3266.640005,967,1624
3266.645007,833,1625
3266.650007,859,1627
3266.655006,959,1632
3266.660006,909,1630
3266.665007,826,1631
3266.670006,959,1627
3266.675006,927,1632
3266.680006,811,1633
3266.685006,869,1629
3266.690006,956,1629
3266.695006,845,1628
3266.700006,858,1625
3266.705006,984,1622
3266.710006,904,1626
3266.715005,830,1625
3266.720007,947,1622
3266.725005,952,1625
3266.730005,805,1625
3266.735006,868,1624
3266.740005,956,1621
3266.745007,846,1618
3266.750006,853,1618
3266.755005,979,1617
3266.760005,925,1619
3266.765006,837,1618
3266.770006,948,1616
3266.775007,943,1617
3266.780005,822,1617
3266.785006,883,1616
3266.790007,962,1618
3266.795007,842,1615
3266.800006,848,1615
3266.805005,979,1614
3266.810007,904,1617
3266.815005,825,1616
3266.820005,960,1612
3266.825006,945,1612
3266.830006,827,1615
3266.835006,877,1613
3266.840007,958,1613
3266.845005,846,1614
3266.850006,851,1612
3266.855006,966,1614
3266.860006,908,1613
3266.865006,836,1615
3266.870005,951,1614
3266.875007,942,1613
3266.880007,825,1613
3266.885005,878,1612
3266.890006,952,1613
3266.895006,840,1612
3266.900007,852,1612
3266.905006,972,1612
3266.910006,922,1611
3266.915007,820,1612
3266.920006,939,1614
3266.925005,926,1613
3266.930007,805,1609
3266.935006,867,1612
3266.940006,948,1613
3266.945005,828,1613
3266.950006,845,1614
3266.955006,974,1609
3266.960006,917,1610
3266.965005,839,1609
3266.970006,958,1609
3266.975006,942,1611
3266.980006,802,1608
3266.985006,876,1601
3266.990006,962,1603
3266.995005,822,1607
3267.000006,845,1607
3267.005007,965,1605
3267.010006,904,1608
3267.015005,843,1601
3267.020007,943,1597
3267.025007,940,1601
3267.030007,805,1604
3267.035005,866,1604
3267.040006,947,1601
3267.045006,829,1598
3267.050005,846,1602
3267.055007,966,1602
3267.060005,916,1600
3267.065006,839,1602
3267.070005,952,1602
3267.075006,935,1593
3267.080006,808,1599
3267.085007,869,1602
3267.090006,951,1604
3267.095006,827,1603
3267.100007,840,1607
3267.105006,958,1608
3267.110007,906,1606
3267.115006,830,1605
3267.120005,954,1609
3267.125007,946,1607
3267.130006,822,1607
3267.135006,880,1600
3267.140006,942,1605
3267.145006,825,1603
3267.150006,841,1609
3267.155005,961,1609
3267.160006,916,1610
3267.165006,820,1610
3267.170007,965,1608
3267.175006,941,1608
3267.180006,806,1611
3267.185006,876,1612
3267.190007,957,1614
3267.195005,836,1614
3267.200006,859,1615
3267.205007,960,1617
3267.210006,911,1615
3267.215005,844,1614
3267.220007,963,1615
3267.225005,930,1614
3267.230006,814,1615
3267.235006,878,1613
3267.240006,955,1611
3267.245005,839,1613
3267.250006,857,1611
3267.255006,970,1612
3267.260005,905,1610
3267.265006,827,1613
3267.270005,959,1608
3267.275005,943,1612
3267.280006,824,1608
3267.285006,889,1610
3267.290006,957,1604
3267.295005,834,1610
3267.300005,860,1610
3267.305006,977,1610
3267.310007,920,1609
3267.315006,824,1612
3267.320006,948,1614
3267.325005,935,1610
3267.330006,816,1615
3267.335006,881,1610
3267.340005,961,1612
3267.345006,841,1612
3267.350006,860,1610
3267.355006,985,1611
3267.360005,924,1608
3267.365006,848,1608
3267.370006,961,1606
3267.375006,948,1606
3267.380006,824,1602
3267.385007,869,1610
3267.390006,949,1608
3267.395006,844,1604
3267.400007,866,1607
3267.405006,978,1604
3267.410005,895,1606
3267.415007,827,1605
3267.420006,963,1598
3267.425006,927,1605
3267.430005,814,1603
3267.435006,881,1605
3267.440006,952,1604
3267.445006,837,1602
3267.450006,855,1593
3267.455006,964,1604
3267.460007,901,1604
3267.465007,833,1603
3267.470006,962,1602
3267.475007,926,1602
3267.480006,815,1604
3267.485007,887,1601
3267.490007,962,1605
3267.495006,821,1606
3267.500007,844,1606
3267.505007,964,1602
3267.510007,907,1600
3267.515005,825,1605
3267.520007,949,1608
3267.525007,932,1603
3267.530005,823,1602
3267.535006,896,1604
3267.540006,964,1604
3267.545006,838,1604
3267.550006,857,1601
3267.555005,979,1602
3267.560006,907,1600
3267.565007,826,1596
3267.570006,954,1594
3267.575005,930,1600
3267.580005,815,1597
3267.585005,885,1598
3267.590006,959,1597
3267.595006,835,1598
3267.600006,861,1600
3267.605006,980,1600
3267.610006,910,1596
3267.615005,843,1599
3267.620006,960,1599
3267.625006,944,1598
3267.630006,825,1602
3267.635006,892,1596
3267.640005,948,1598
3267.645006,820,1606
3267.650006,866,1604
3267.655005,979,1606
3267.660007,908,1605
3267.665006,844,1602
3267.670006,962,1605
3267.675006,944,1604
3267.680006,806,1610
3267.685006,876,1606
3267.690007,950,1606
3267.695006,826,1609
3267.700005,848,1605
3267.705006,963,1607
3267.710006,902,1604
3267.715005,838,1606
3267.720006,957,1605
3267.725006,944,1605
3267.730006,809,1598
3267.735005,872,1609
3267.740005,945,1607
3267.745007,825,1606
3267.750006,848,1604
3267.755006,964,1603
3267.760006,894,1603
3267.765006,832,1601
3267.770005,958,1603
3267.775005,939,1601
3267.780006,822,1598
3267.785006,886,1595
3267.790007,942,1601
3267.795006,823,1602
3267.800005,854,1601
3267.805007,980,1601
3267.810006,890,1604
3267.815006,832,1603
3267.820006,959,1603
3267.825005,935,1605
3267.830007,815,1607
3267.835006,888,1609
3267.840005,943,1610
3267.845006,822,1607
3267.850006,847,1608
3267.855007,966,1608
3267.860006,895,1609
3267.865005,832,1608
3267.870006,957,1606
3267.875005,931,1609
3267.880005,812,1610
3267.885005,884,1611
3267.890006,958,1608
3267.895006,830,1610
3267.900007,856,1613
3267.905006,979,1609
3267.910006,913,1611
3267.915007,833,1612
3267.920007,963,1611
3267.925006,949,1613
3267.930005,829,1611
3267.935006,879,1612
3267.940006,950,1606
3267.945005,834,1611
3267.950006,869,1610
3267.955006,962,1613
3267.960006,894,1614
3267.965006,827,1614
3267.970006,954,1612
3267.975006,936,1609
3267.980006,824,1609
3267.985006,900,1611
3267.990006,964,1604
3267.995005,822,1613
3268.000007,857,1609
3268.005007,983,1610
3268.010006,900,1601
3268.015005,830,1612
3268.020006,953,1611
3268.025006,928,1611
3268.030006,828,1604
3268.035005,904,1608
3268.040006,963,1607
3268.045006,837,1599
3268.050005,846,1610
3268.055007,966,1605
3268.060005,900,1605
3268.065005,849,1609
3268.070005,964,1605
3268.075007,935,1607
3268.080006,825,1603
3268.085006,902,1608
3268.090005,964,1603
3268.095007,832,1605
3268.100005,861,1606
3268.105005,960,1608
3268.110005,890,1610
3268.115006,837,1609
3268.120005,959,1609
3268.125007,937,1613
3268.130006,828,1612
3268.135006,900,1611
3268.140005,961,1611
3268.145006,820,1614
3268.150007,845,1616
3268.155006,988,1611
3268.160006,887,1618
3268.165006,848,1616
3268.170006,949,1620
3268.175006,941,1615
3268.180006,829,1620
3268.185006,882,1621
3268.190006,950,1617
3268.195006,835,1615
3268.200006,866,1616
3268.205006,967,1617
3268.210007,902,1617
3268.215006,826,1615
3268.220006,952,1616
3268.225006,931,1615
3268.230006,818,1616
3268.235005,897,1616
3268.240006,961,1618
3268.245006,839,1615
3268.250007,865,1608
3268.255005,984,1612
3268.260005,906,1608
3268.265006,833,1616
3268.270007,966,1614
3268.275007,943,1613
3268.280007,827,1612
3268.285005,902,1614
3268.290006,959,1614
3268.295006,834,1612
3268.300006,860,1609
3268.305005,975,1612
3268.310006,905,1610
3268.315006,839,1612
3268.320006,969,1612
3268.325006,942,1609
3268.330007,824,1610
3268.335006,899,1609
3268.340006,959,1608
3268.345005,825,1610
3268.350007,852,1609
3268.355005,968,1610
3268.360005,889,1614
3268.365006,842,1612
3268.370005,974,1605
3268.375006,922,1613
3268.380006,808,1614
3268.385007,883,1617
3268.390005,948,1615
3268.395006,826,1616
3268.400006,866,1614
3268.405005,963,1617
3268.410006,890,1619
3268.415006,831,1620
3268.420006,974,1618
3268.425006,941,1616
3268.430006,828,1616
3268.435007,897,1616
3268.440006,960,1617
3268.445006,837,1615
3268.450006,845,1619
3268.455007,966,1617
3268.460007,899,1615
3268.465007,834,1614
3268.470005,961,1614
3268.475007,928,1614
3268.480007,818,1614
3268.485006,911,1611
3268.490005,962,1610
3268.495006,835,1609
3268.500006,849,1612
3268.505006,963,1609
3268.510007,892,1610
3268.515005,841,1610
3268.520005,970,1611
3268.525005,942,1606
3268.530005,826,1608
3268.535006,910,1605
3268.540006,960,1606
3268.545007,813,1609
3268.550006,852,1603
3268.555005,965,1603
3268.560006,899,1601
3268.565007,849,1600
3268.570006,966,1594
3268.575007,924,1600
3268.580005,819,1601
3268.585005,899,1599
3268.590006,958,1595
3268.595005,830,1594
3268.600007,861,1595
3268.605006,975,1593
3268.610005,893,1593
3268.615006,838,1594
3268.620005,960,1593
3268.625006,933,1595
3268.630006,816,1584
3268.635006,903,1590
3268.640006,943,1596
3268.645006,822,1594
3268.650006,851,1598
3268.655007,971,1593
3268.660005,895,1596
3268.665007,836,1595
3268.670007,962,1596
3268.675006,925,1595
3268.680005,811,1597
3268.685007,890,1599
3268.690005,956,1599
3268.695005,825,1588
3268.700007,845,1606
3268.705006,958,1601
3268.710006,900,1598
3268.715006,850,1595
3268.720005,968,1598
3268.725006,925,1602
3268.730006,815,1601
3268.735006,906,1599
3268.740005,960,1598
3268.745007,835,1600
3268.750006,866,1598
3268.755007,976,1600
3268.760006,899,1597
3268.765005,824,1602
3268.770006,947,1600
3268.775006,922,1604
3268.780005,810,1600
3268.785007,894,1600
3268.790006,951,1599
3268.795006,826,1599
3268.800005,850,1601
3268.805006,962,1602
3268.810007,892,1602
3268.815006,848,1596
3268.820006,947,1604
3268.825005,924,1601
3268.830006,812,1602
3268.835006,894,1600
3268.840006,950,1600
3268.845005,821,1600
3268.850006,853,1598
3268.855006,977,1599
3268.860006,896,1600
3268.865006,840,1601
3268.870005,968,1598
3268.875006,936,1600
3268.880006,819,1598
3268.885005,899,1594
3268.890006,933,1602
3268.895007,831,1601
3268.900006,857,1601
3268.905005,967,1602
3268.910007,888,1604
3268.915005,833,1602
3268.920005,960,1602
3268.925006,926,1606
3268.930005,814,1605
3268.935007,898,1606
3268.940007,944,1605
3268.945005,821,1603
3268.950006,856,1605
3268.955007,966,1605
3268.960006,888,1603
3268.965006,841,1602
3268.970006,959,1590
3268.975007,937,1594
3268.980006,824,1600
3268.985005,892,1591
3268.990007,946,1600
3268.995006,817,1600
3269.000007,857,1597
3269.005006,966,1599
3269.010006,883,1597
3269.015005,832,1598
3269.020006,955,1597
3269.025006,929,1598
3269.030006,814,1600
3269.035006,893,1598
3269.040006,942,1599
3269.045006,817,1598
3269.050005,857,1598
3269.055007,971,1598
3269.060005,878,1599
3269.065005,830,1597
3269.070005,959,1603
3269.075006,937,1599
3269.080006,832,1597
3269.085005,903,1590
3269.090006,944,1599
3269.095005,830,1596
3269.100005,869,1595
3269.105005,957,1602
3269.110006,879,1603
3269.115006,847,1597
3269.120006,969,1600
3269.125007,943,1602
3269.130006,823,1606
3269.135006,903,1605
3269.140005,957,1607
3269.145006,835,1605
3269.150007,850,1603
3269.155007,976,1606
3269.160006,901,1604
3269.165007,844,1608
3269.170006,950,1613
3269.175005,925,1614
3269.180007,819,1609
3269.185005,907,1612
3269.190006,955,1611
3269.195006,824,1611
3269.200006,863,1610
3269.205006,980,1609
3269.210006,893,1604
3269.215005,848,1610
3269.220006,968,1609
3269.225007,936,1609
3269.230006,819,1610
3269.235006,897,1610
3269.240006,942,1613
3269.245006,821,1609
3269.250006,865,1611
3269.255006,971,1614
3269.260006,895,1613
3269.265005,843,1613
3269.270006,963,1612
3269.275006,924,1616
3269.280006,834,1615
3269.285005,903,1608
3269.290007,941,1616
3269.295005,814,1617
3269.300005,851,1618
3269.305006,966,1616
3269.310006,881,1618
3269.315007,833,1621
3269.320006,956,1621
3269.325006,927,1623
3269.330007,820,1621
3269.335007,899,1618
3269.340007,946,1621
3269.345006,819,1622
3269.350006,855,1624
3269.355006,982,1615
3269.360006,899,1619
3269.365006,852,1621
3269.370006,973,1621
3269.375007,939,1620
3269.380007,827,1615
3269.385006,905,1614
3269.390006,941,1622
3269.395006,817,1621
3269.400006,868,1622
3269.405006,981,1622
3269.410006,891,1621
3269.415007,846,1622
3269.420006,975,1621
3269.425006,936,1622
3269.430006,825,1624
3269.435007,910,1624
3269.440005,953,1625
3269.445005,822,1626
3269.450006,864,1626
3269.455006,970,1624
3269.460006,891,1625
3269.465006,849,1627
3269.470005,971,1625
3269.475007,941,1622
3269.480007,805,1630
3269.485007,896,1629
3269.490006,948,1626
3269.495007,820,1630
3269.500006,855,1628
3269.505007,978,1625
3269.510006,891,1620
3269.515006,849,1624
3269.520006,974,1620
3269.525007,934,1616
3269.530006,804,1624
3269.535006,898,1609
3269.540007,943,1609
3269.545006,814,1615
3269.550005,850,1615
3269.555006,965,1613
3269.560006,885,1612
3269.565006,844,1609
3269.570006,972,1609
3269.575006,937,1602
3269.580006,828,1602
3269.585006,906,1601
3269.590005,937,1610
3269.595006,814,1608
3269.600006,857,1605
3269.605006,977,1606
3269.610006,892,1603
3269.615005,826,1611
3269.620006,958,1608
3269.625005,929,1602
3269.630006,810,1610
3269.635006,899,1608
3269.640005,947,1610
3269.645007,816,1611
3269.650007,851,1610
3269.655006,966,1608
3269.660005,889,1609
3269.665006,847,1611
3269.670005,955,1608
3269.675006,925,1612
3269.680005,812,1613
3269.685006,903,1613
3269.690006,945,1609
3269.695006,826,1607
3269.700006,858,1610
3269.705006,965,1610
3269.710006,884,1610
3269.715006,853,1608
3269.720005,980,1602
3269.725006,941,1606
3269.730006,826,1606
3269.735005,916,1605
3269.740006,952,1601
3269.745005,809,1608
3269.750006,854,1599
3269.755006,963,1599
3269.760006,894,1603
3269.765005,846,1603
3269.770006,972,1605
3269.775007,925,1597
3269.780007,807,1605
3269.785007,899,1606
3269.790006,952,1603
3269.795006,829,1603
3269.800006,856,1594
3269.805005,961,1602
3269.810007,878,1603
3269.815007,839,1599
3269.820006,971,1600
3269.825005,941,1600
3269.830007,830,1599
3269.835007,913,1600
3269.840006,957,1600
3269.845005,823,1602
3269.850006,856,1603
3269.855007,979,1602
3269.860006,892,1606
3269.865005,828,1604
3269.870006,958,1603
3269.875007,924,1605
3269.880006,815,1606
3269.885006,914,1606
3269.890006,955,1607
3269.895006,830,1606
3269.900006,864,1609
3269.905006,971,1609
3269.910006,879,1608
3269.915006,843,1607
3269.920006,974,1608
3269.925006,934,1609
3269.930005,834,1603
3269.935006,897,1611
3269.940006,944,1611
3269.945005,821,1609
3269.950007,863,1606
3269.955006,976,1605
3269.960005,887,1608
3269.965005,847,1606
3269.970007,978,1606
3269.975007,941,1604
3269.980007,828,1604
3269.985006,914,1603
3269.990005,937,1602
3269.995006,815,1606
3270.000006,853,1604
3270.005007,964,1606
3270.010006,875,1606
3270.015005,837,1608
3270.020006,974,1603
3270.025006,943,1604
3270.030005,812,1605
3270.035006,897,1607
3270.040005,956,1596
3270.045005,830,1603
3270.050005,866,1605
3270.055006,973,1601
3270.060007,885,1603
3270.065007,845,1602
3270.070006,965,1604
3270.075005,936,1600
3270.080006,808,1602
3270.085006,904,1602
3270.090006,945,1603
3270.095006,822,1604
3270.100006,857,1607
3270.105006,970,1604
3270.110006,883,1603
3270.115005,850,1603
3270.120006,977,1602
3270.125006,941,1602
3270.130006,825,1605
3270.135007,914,1608
3270.140005,955,1606
3270.145006,828,1605
3270.150006,844,1611
3270.155006,957,1609
3270.160005,866,1610
3270.165006,839,1609
3270.170007,959,1607
3270.175006,921,1608
3270.180006,820,1607
3270.185006,907,1609
3270.190005,948,1611
3270.195005,822,1612
3270.200006,862,1607
3270.205007,969,1608
3270.210007,881,1607
3270.215007,844,1606
3270.220007,971,1611
3270.225005,916,1609
3270.230006,812,1611
3270.235005,919,1604
3270.240005,940,1605
3270.245006,811,1611
3270.250006,860,1611
3270.255007,977,1610
3270.260006,880,1610
3270.265005,825,1613
3270.270006,959,1604
3270.275006,930,1606
3270.280005,808,1613
3270.285007,899,1615
3270.290005,939,1613
3270.295005,807,1616
3270.300005,849,1615
3270.305006,962,1613
3270.310007,876,1611
3270.315006,841,1615
3270.320006,964,1614
3270.325007,933,1611
3270.330005,816,1612
3270.335005,912,1612
3270.340006,948,1614
3270.345005,824,1613
3270.350006,863,1613
3270.355006,974,1613
3270.360005,879,1612
3270.365006,835,1607
3270.370006,955,1611
3270.375006,914,1617
3270.380007,810,1617
3270.385006,902,1619
3270.390005,936,1622
3270.395006,810,1617
3270.400006,851,1622
3270.405005,961,1622
3270.410006,869,1620
3270.415006,840,1622
3270.420007,964,1620
3270.425006,934,1620
3270.430006,818,1619
3270.435006,918,1622
3270.440006,952,1624
3270.445005,821,1622
3270.450006,854,1620
3270.455005,958,1624
3270.460006,868,1622
3270.465006,847,1617
3270.470005,977,1616
3270.475006,942,1617
3270.480006,825,1616
3270.485006,898,1619
3270.490006,938,1617
3270.495006,816,1617
3270.500005,859,1619
3270.505005,968,1615
3270.510005,882,1616
3270.515006,851,1617
3270.520007,975,1616
3270.525006,918,1621
3270.530006,811,1619
3270.535006,926,1613
3270.540006,956,1618
3270.545006,827,1617
3270.550006,864,1620
3270.555005,975,1620
3270.560006,877,1624
3270.565005,841,1624
3270.570005,961,1624
3270.575006,923,1626
3270.580007,814,1624
3270.585007,922,1621
3270.590006,950,1616
3270.595005,815,1626
3270.600005,856,1626
3270.605005,959,1626
3270.610005,870,1627
3270.615005,843,1628
3270.620006,967,1624
3270.625007,939,1626
3270.630007,830,1624
3270.635007,916,1625
3270.640006,954,1623
3270.645007,829,1625
3270.650007,864,1624
3270.655006,969,1624
3270.660006,881,1624
3270.665007,847,1625
3270.670007,972,1624
3270.675006,934,1622
3270.680005,821,1625
3270.685006,915,1625
3270.690007,944,1625
3270.695007,817,1619
3270.700006,846,1626
3270.705007,961,1621
3270.710006,865,1621
3270.715005,841,1616
3270.720006,962,1617
3270.725007,923,1617
3270.730006,816,1617
3270.735005,910,1617
3270.740006,942,1614
3270.745005,814,1616
3270.750007,853,1613
3270.755006,977,1605
3270.760005,884,1612
3270.765006,854,1613
3270.770006,977,1609
3270.775006,917,1612
3270.780007,819,1611
3270.785006,914,1611
3270.790006,947,1608
3270.795006,821,1611
3270.800006,863,1608
3270.805006,963,1610
3270.810006,866,1610
3270.815006,845,1611
3270.820005,971,1605
3270.825006,930,1607
3270.830007,819,1608
3270.835006,913,1608
3270.840006,938,1612
3270.845006,812,1608
3270.850006,857,1609
3270.855006,966,1605
3270.860006,868,1609
3270.865006,843,1607
3270.870005,974,1604
3270.875007,939,1601
3270.880007,826,1603
3270.885007,917,1600
3270.890006,945,1602
3270.895007,821,1598
3270.900006,865,1599
3270.905005,973,1598
3270.910006,873,1600
3270.915006,846,1589
3270.920006,956,1600
3270.925005,921,1600
3270.930006,826,1596
3270.935006,919,1596
3270.940006,947,1595
3270.945007,825,1595
3270.950006,858,1598
3270.955007,973,1598
3270.960007,876,1598
3270.965005,848,1599
3270.970006,954,1600
3270.975006,937,1597
3270.980006,831,1599
3270.985005,921,1598
3270.990006,955,1602
3270.995006,808,1603
3271.000007,850,1604
3271.005006,957,1606
3271.010006,861,1605
3271.015005,840,1608
3271.020006,965,1604
3271.025006,924,1610
3271.030005,820,1608
3271.035006,915,1610
3271.040006,943,1609
3271.045006,814,1610
3271.050006,865,1608
3271.055006,965,1608
3271.060006,869,1609
3271.065006,838,1610
3271.070006,965,1610
3271.075006,943,1604
3271.080006,839,1608
3271.085006,928,1605
3271.090006,959,1608
3271.095006,833,1606
3271.100006,849,1612
3271.105006,957,1613
3271.110005,869,1611
3271.115007,846,1610
3271.120005,970,1612
3271.125006,930,1610
3271.130006,824,1612
3271.135005,920,1610
3271.140007,937,1611
3271.145006,813,1611
3271.150006,852,1611
3271.155005,982,1607
3271.160006,885,1606
3271.165005,852,1609
3271.170006,977,1608
3271.175005,939,1607
3271.180007,835,1605
3271.185006,925,1604
3271.190006,941,1607
3271.195006,821,1608
3271.200005,865,1607
3271.205006,973,1606
3271.210006,878,1607
3271.215005,850,1606
3271.220006,978,1606
3271.225006,928,1600
3271.230006,817,1608
3271.235006,921,1607
3271.240006,955,1607
3271.245005,825,1604
3271.250007,864,1606
3271.255006,964,1605
3271.260006,868,1604
3271.265006,850,1604
3271.270006,976,1607
3271.275006,942,1603
3271.280006,813,1606
3271.285006,928,1600
3271.290007,933,1609
3271.295006,818,1608
3271.300006,862,1608
3271.305005,978,1608
3271.310006,858,1607
3271.315006,841,1607
3271.320006,961,1609
3271.325005,929,1608
3271.330006,836,1607
3271.335007,932,1606
3271.340007,950,1600
3271.345005,812,1610
3271.350006,863,1608
3271.355006,967,1604
3271.360005,875,1606
3271.365007,853,1605
3271.370006,972,1609
3271.375007,934,1606
3271.380007,826,1606
3271.385007,930,1605
3271.390005,948,1605
3271.395007,824,1600
3271.400006,850,1605
3271.405007,962,1605
3271.410005,868,1602
3271.415007,854,1603
3271.420006,973,1604
3271.425006,929,1600
3271.430005,830,1600
3271.435007,925,1599
3271.440006,948,1604
3271.445005,814,1592
3271.450007,865,1597
3271.455006,949,1603
3271.460006,855,1601
3271.465006,840,1597
3271.470006,971,1599
3271.475006,927,1599
3271.480006,825,1598
3271.485005,917,1598
3271.490006,945,1600
3271.495006,824,1595
3271.500006,859,1599
3271.505006,964,1597
3271.510005,866,1598
3271.515006,848,1599
3271.520006,972,1601
3271.525006,923,1593
3271.530006,826,1599
3271.535006,904,1602
3271.540006,931,1602
3271.545006,817,1600
3271.550006,860,1602
3271.555005,966,1600
3271.560006,867,1600
3271.565007,844,1601
3271.570006,974,1600
3271.575006,933,1599
3271.580007,830,1599
3271.585007,917,1598
3271.590006,945,1596
3271.595006,813,1598
3271.600006,858,1597
3271.605007,966,1596
3271.610006,867,1592
3271.615006,839,1593
3271.620006,972,1593
3271.625007,933,1590
3271.630005,802,1593
3271.635005,909,1593
3271.640007,933,1590
3271.645005,809,1590
3271.650005,849,1592
3271.655005,953,1590
3271.660006,857,1593
3271.665006,834,1592
3271.670006,964,1589
3271.675006,922,1592
3271.680005,816,1592
3271.685006,921,1587
3271.690006,939,1592
3271.695005,828,1587
3271.700007,861,1589
3271.705005,969,1590
3271.710005,868,1588
3271.715006,844,1586
3271.720005,950,1595
3271.725006,928,1589
3271.730007,824,1592
3271.735006,910,1594
3271.740006,928,1596
3271.745005,805,1597
3271.750006,854,1596
3271.755006,962,1597
3271.760006,861,1597
3271.765005,843,1596
3271.770006,971,1592
3271.775005,937,1595
3271.780005,826,1600
3271.785006,925,1601
3271.790007,944,1599
3271.795005,817,1598
3271.800006,860,1593
3271.805005,964,1604
3271.810006,864,1602
3271.815007,850,1604
3271.820007,971,1603
3271.825006,931,1605
3271.830006,826,1605
3271.835007,921,1610
3271.840006,947,1609
3271.845006,815,1611
3271.850006,870,1614
3271.855006,970,1610
3271.860006,855,1618
3271.865005,846,1618
3271.870007,976,1617
3271.875006,934,1622
3271.880007,829,1621
3271.885007,933,1625
3271.890006,945,1626
3271.895006,817,1627
3271.900007,859,1627
3271.905006,961,1630
3271.910006,859,1629
3271.915006,845,1629
3271.920006,969,1631
3271.925006,928,1632
3271.930006,824,1632
3271.935006,927,1632
3271.940007,938,1635
3271.945006,815,1634
3271.950006,857,1632
3271.955007,959,1634
3271.960006,860,1631
3271.965006,857,1632
3271.970006,981,1631
3271.975007,936,1631
3271.980006,833,1629
3271.985006,936,1630
3271.990005,948,1627
3271.995006,823,1626
3272.000007,872,1624
3272.005006,972,1623
3272.010005,864,1621
3272.015006,847,1619
3272.020006,969,1620
3272.025007,929,1616
3272.030006,819,1617
3272.035006,926,1615
3272.040007,941,1611
3272.045006,814,1610
3272.050005,864,1610
3272.055006,963,1609
3272.060006,869,1597
3272.065006,836,1608
3272.070005,971,1603
3272.075007,932,1604
3272.080006,828,1603
3272.085006,933,1601
3272.090007,951,1601
3272.095005,823,1601
3272.100006,848,1605
3272.105006,955,1605
3272.110007,854,1605
3272.115007,843,1604
3272.120006,964,1605
3272.125006,928,1602
3272.130006,834,1602
3272.135006,932,1601
3272.140005,952,1601
3272.145007,825,1606
3272.150006,868,1604
3272.155006,965,1603
3272.160006,866,1606
3272.165006,847,1603
3272.170006,969,1604
3272.175005,928,1605
3272.180007,824,1605
3272.185005,925,1607
3272.190006,940,1605
3272.195006,815,1607
3272.200006,860,1607
3272.205007,967,1607
3272.210006,868,1606
3272.215006,857,1608
3272.220005,971,1606
3272.225006,926,1610
3272.230005,831,1610
3272.235006,928,1608
3272.240006,944,1609
3272.245006,820,1610
3272.250006,863,1611
3272.255006,962,1611
3272.260005,872,1612
3272.265006,838,1613
3272.270007,966,1613
3272.275006,930,1612
3272.280007,830,1613
3272.285006,918,1612
3272.290006,937,1618
3272.295005,811,1619
3272.300005,870,1608
3272.305006,959,1618
3272.310006,862,1616
3272.315006,863,1617
3272.320005,981,1618
3272.325006,934,1619
3272.330006,835,1620
3272.335006,934,1619
3272.340006,947,1624
3272.345005,821,1616
3272.350007,854,1623
3272.355006,957,1625
3272.360005,854,1624
3272.365005,846,1623
3272.370007,976,1617
3272.375006,931,1620
3272.380006,835,1618
3272.385006,934,1618
3272.390006,946,1617
3272.395007,814,1618
3272.400006,867,1614
3272.405007,971,1613
3272.410005,867,1611
3272.415006,860,1612
3272.420006,962,1605
3272.425006,933,1610
3272.430006,812,1613
3272.435006,939,1608
3272.440006,928,1611
3272.445006,813,1609
3272.450005,873,1608
3272.455006,967,1599
3272.460006,851,1603
3272.465006,852,1603
3272.470005,972,1602
3272.475006,932,1603
3272.480006,837,1599
3272.485005,937,1600
3272.490006,949,1600
3272.495006,816,1599
3272.500006,869,1598
3272.505006,969,1599
3272.510006,843,1602
3272.515005,837,1601
3272.520005,961,1601
3272.525006,929,1598
3272.530006,828,1598
3272.535006,935,1595
3272.540006,949,1597
3272.545005,823,1596
3272.550006,864,1590
3272.555006,956,1598
3272.560006,856,1597
3272.565005,846,1597
3272.570006,972,1596
3272.575005,935,1587
3272.580007,811,1596
3272.585006,916,1599
3272.590005,933,1595
3272.595006,805,1595
3272.600007,852,1598
3272.605006,957,1595
3272.610006,859,1594
3272.615006,859,1591
3272.620006,983,1593
3272.625006,939,1592
3272.630007,833,1593
3272.635006,933,1593
3272.640006,928,1598
3272.645006,806,1600
3272.650006,849,1600
3272.655006,953,1605
3272.660006,851,1606
3272.665005,852,1605
3272.670006,979,1610
3272.675006,933,1610
3272.680006,833,1605
3272.685007,936,1611
3272.690007,948,1611
3272.695006,825,1614
3272.700006,872,1612
3272.705006,969,1610
3272.710007,843,1616
3272.715006,840,1614
3272.720006,977,1608
3272.725007,920,1615
3272.730007,820,1615
3272.735007,935,1613
3272.740006,947,1615
3272.745007,821,1615
3272.750006,872,1617
3272.755006,965,1615
3272.760006,858,1614
3272.765005,853,1616
3272.770006,970,1608
3272.775006,921,1617
3272.780005,815,1617
3272.785007,924,1617
3272.790006,937,1618
3272.795006,817,1622
3272.800007,860,1614
3272.805005,960,1614
3272.810006,858,1614
3272.815006,848,1615
3272.820005,978,1613
3272.825006,931,1613
3272.830007,829,1613
3272.835005,936,1610
3272.840006,954,1609
3272.845005,805,1611
3272.850006,850,1611
3272.855006,975,1611
3272.860005,864,1608
3272.865007,860,1605
3272.870006,959,1605
3272.875007,912,1611
3272.880006,830,1603
3272.885005,917,1610
3272.890006,936,1598
3272.895006,822,1603
3272.900006,852,1607
3272.905006,964,1603
3272.910006,845,1600
3272.915007,838,1601
3272.920006,959,1608
3272.925005,932,1602
3272.930007,830,1602
3272.935005,936,1604
3272.940005,946,1600
3272.945005,812,1602
3272.950006,862,1600
3272.955005,956,1601
3272.960005,851,1600
3272.965005,849,1600
3272.970006,965,1601
3272.975007,922,1599
3272.980006,825,1597
3272.985006,930,1599
3272.990006,941,1599
3272.995005,817,1598
3273.000006,864,1598
3273.005006,960,1591
3273.010005,843,1597
3273.015007,850,1596
3273.020006,976,1591
3273.025006,931,1592
3273.030006,828,1593
3273.035006,931,1589
3273.040007,942,1590
3273.045007,794,1598
3273.050006,845,1598
3273.055006,960,1592
3273.060007,844,1586
3273.065007,833,1595
3273.070006,981,1591
3273.075006,931,1594
3273.080007,821,1593
3273.085005,924,1594
3273.090006,932,1594
3273.095005,806,1594
3273.100006,857,1594
3273.105006,962,1593
3273.110006,849,1596
3273.115005,850,1596
3273.120006,969,1599
3273.125006,930,1598
3273.130006,832,1601
3273.135006,936,1600
3273.140006,940,1605
3273.145006,816,1603
3273.150005,861,1602
3273.155005,961,1603
3273.160006,851,1606
3273.165006,844,1607
3273.170006,969,1609
3273.175005,921,1608
3273.180006,821,1606
3273.185006,928,1609
3273.190006,931,1611
3273.195006,808,1609
3273.200006,862,1608
3273.205007,959,1609
3273.210007,847,1609
3273.215007,845,1609
3273.220005,966,1613
3273.225006,927,1609
3273.230006,821,1611
3273.235005,924,1613
3273.240006,932,1612
3273.245005,821,1614
3273.250006,875,1612
3273.255006,950,1613
3273.260006,845,1615
3273.265006,844,1616
3273.270006,968,1615
3273.275006,920,1614
3273.280007,826,1614
3273.285005,941,1616
3273.290006,944,1614
3273.295006,804,1618
3273.300005,854,1616
3273.305006,960,1616
3273.310007,862,1616
3273.315006,860,1613
3273.320005,981,1617
3273.325007,915,1616
3273.330006,819,1618
3273.335007,929,1621
3273.340007,940,1618
3273.345007,820,1618
3273.350006,858,1618
3273.355006,969,1613
3273.360006,860,1616
3273.365005,841,1622
3273.370007,978,1612
3273.375007,918,1627
3273.380007,826,1621
3273.385006,932,1623
3273.390005,944,1619
3273.395006,830,1622
3273.400006,871,1618
3273.405005,970,1620
3273.410007,859,1620
3273.415006,858,1618
3273.420006,986,1616
3273.425007,939,1618
3273.430006,832,1615
3273.435006,941,1613
3273.440007,937,1604
3273.445006,824,1611
3273.450006,869,1609
3273.455006,961,1603
3273.460006,844,1611
3273.465006,847,1608
3273.470006,969,1607
3273.475007,929,1604
3273.480007,831,1604
3273.485007,934,1602
3273.490006,946,1601
3273.495005,817,1599
3273.500006,867,1597
3273.505006,971,1594
3273.510006,861,1595
3273.515005,853,1593
3273.520006,969,1592
3273.525007,927,1592
3273.530007,829,1591
3273.535006,941,1592
3273.540007,944,1592
3273.545007,816,1592
3273.550006,869,1587
3273.555005,961,1590
3273.560006,857,1588
3273.565006,855,1588
3273.570006,954,1590
3273.575006,917,1589
3273.580007,824,1587
3273.585006,937,1586
3273.590007,939,1587
3273.595006,816,1587
3273.600006,867,1589
3273.605006,956,1586
3273.610006,851,1586
3273.615006,849,1586
3273.620005,973,1589
3273.625006,924,1585
3273.630006,819,1588
3273.635006,930,1586
3273.640006,937,1584
3273.645007,800,1581
3273.650006,843,1588
3273.655005,948,1590
3273.660006,845,1587
3273.665007,844,1586
3273.670006,964,1589
3273.675007,918,1590
3273.680005,833,1587
3273.685007,936,1590
3273.690007,938,1588
3273.695006,817,1589
3273.700005,852,1591
3273.705006,959,1592
3273.710006,854,1593
3273.715005,849,1591
3273.720006,954,1592
3273.725006,912,1594
3273.730006,811,1601
3273.735005,924,1600
3273.740006,925,1603
3273.745006,802,1603
3273.750006,850,1604
3273.755007,966,1597
3273.760006,855,1602
3273.765005,854,1606
3273.770006,956,1611
3273.775006,930,1611
3273.780005,831,1605
3273.785006,925,1618
3273.790006,929,1611
3273.795005,809,1618
3273.800005,868,1615
3273.805006,961,1617
3273.810006,852,1617
3273.815007,856,1621
3273.820006,972,1619
3273.825005,929,1622
3273.830006,829,1620
3273.835006,940,1622
3273.840006,922,1627
3273.845005,802,1628
3273.850006,868,1626
3273.855007,948,1630
3273.860006,843,1631
3273.865006,841,1631
3273.870006,970,1629
3273.875007,925,1628
3273.880007,829,1627
3273.885006,949,1629
3273.890006,948,1628
3273.895006,820,1629
3273.900007,868,1628
3273.905006,967,1628
3273.910005,853,1627
3273.915005,853,1628
3273.920006,978,1630
3273.925005,933,1624
3273.930006,830,1623
3273.935006,927,1626
3273.940006,927,1628
3273.945006,805,1628
3273.950005,876,1625
3273.955006,950,1626
3273.960006,861,1622
3273.965006,856,1620
3273.970005,958,1628
3273.975006,927,1617
3273.980006,836,1625
3273.985006,942,1626
3273.990005,937,1625
3273.995006,810,1623
3274.000007,858,1625
3274.005007,958,1623
3274.010007,841,1626
3274.015005,846,1621
3274.020006,969,1622
3274.025006,925,1622
3274.030006,841,1619
3274.035005,945,1616
3274.040007,944,1621
3274.045007,822,1619
3274.050006,866,1616
3274.055006,960,1617
3274.060006,843,1618
3274.065006,846,1617
3274.070007,965,1620
3274.075006,917,1616
3274.080006,822,1615
3274.085007,938,1616
3274.090006,944,1612
3274.095007,825,1612
3274.100005,875,1611
3274.105005,968,1609
3274.110005,853,1610
3274.115006,854,1609
3274.120006,969,1608
3274.125006,928,1608
3274.130006,834,1604
3274.135006,949,1605
3274.140006,939,1606
3274.145006,813,1605
3274.150006,862,1608
3274.155006,958,1605
3274.160006,850,1606
3274.165006,842,1605
3274.170007,964,1604
3274.175007,921,1604
3274.180005,829,1603
3274.185006,946,1602
3274.190006,945,1602
3274.195005,817,1604
3274.200006,872,1603
3274.205007,954,1594
3274.210006,855,1594
3274.215006,839,1601
3274.220005,966,1602
3274.225007,925,1600
3274.230006,835,1602
3274.235005,937,1601
3274.240006,937,1603
3274.245007,821,1602
3274.250006,872,1602
3274.255006,954,1599
3274.260006,838,1608
3274.265006,846,1606
3274.270006,977,1605
3274.275005,933,1607
3274.280006,833,1604
3274.285005,947,1606
3274.290007,927,1610
3274.295006,804,1612
3274.300006,856,1613
3274.305005,956,1609
3274.310007,852,1610
3274.315006,856,1602
3274.320005,960,1616
3274.325006,911,1613
3274.330007,820,1614
3274.335006,939,1617
3274.340006,936,1615
3274.345005,819,1615
3274.350007,866,1617
3274.355006,965,1618
3274.360005,847,1612
3274.365006,862,1616
3274.370006,959,1619
3274.375006,914,1620
3274.380007,821,1620
3274.385006,942,1612
3274.390007,926,1620
3274.395006,805,1624
3274.400006,862,1621
3274.405006,965,1620
3274.410005,849,1621
3274.415006,859,1621
3274.420007,974,1620
3274.425006,921,1623
3274.430006,820,1627
3274.435007,934,1622
3274.440006,937,1623
3274.445005,819,1621
3274.450007,865,1626
3274.455005,965,1622
3274.460005,850,1620
3274.465006,849,1620
3274.470005,976,1620
3274.475007,918,1620
3274.480006,825,1622
3274.485006,941,1623
3274.490006,940,1620
3274.495005,819,1621
3274.500006,875,1621
3274.505005,969,1618
3274.510006,825,1622
3274.515006,839,1622
3274.520006,963,1619
3274.525006,914,1621
3274.530005,826,1617
3274.535006,948,1618
3274.540005,940,1612
3274.545005,824,1618
3274.550006,874,1618
3274.555005,960,1617
3274.560006,845,1618
3274.565007,850,1619
3274.570006,972,1618
3274.575005,924,1616
3274.580006,830,1618
3274.585006,949,1619
3274.590005,947,1619
3274.595006,822,1617
3274.600006,869,1614
3274.605006,962,1614
3274.610005,850,1614
3274.615006,856,1613
3274.620005,979,1612
3274.625006,908,1615
3274.630007,820,1613
3274.635006,937,1614
3274.640006,931,1613
3274.645006,810,1615
3274.650005,866,1613
3274.655006,960,1610
3274.660005,851,1613
3274.665006,856,1613
3274.670006,973,1611
3274.675006,910,1613
3274.680005,820,1613
3274.685007,936,1613
3274.690006,941,1610
3274.695005,828,1610
3274.700006,884,1608
3274.705007,945,1609
3274.710007,841,1607
3274.715006,856,1607
3274.720006,977,1610
3274.725005,929,1607
3274.730005,838,1607
3274.735006,932,1608
3274.740005,945,1603
3274.745006,822,1602
3274.750006,881,1601
3274.755006,969,1599
3274.760005,842,1599
3274.765007,858,1598
3274.770006,976,1597
3274.775007,927,1598
3274.780007,840,1595
3274.785005,953,1595
3274.790006,942,1594
3274.795006,820,1597
3274.800007,878,1595
3274.805007,964,1595
3274.810007,848,1598
3274.815006,837,1600
3274.820006,960,1602
3274.825006,915,1590
3274.830006,818,1604
3274.835006,941,1600
3274.840007,941,1599
3274.845006,816,1602
3274.850006,872,1599
3274.855005,962,1601
3274.860005,848,1601
3274.865007,857,1602
3274.870005,980,1601
3274.875006,924,1600
3274.880006,818,1605
3274.885006,939,1601
3274.890006,943,1602
3274.895006,828,1603
3274.900005,880,1605
3274.905006,963,1605
3274.910005,842,1602
3274.915006,861,1607
3274.920007,976,1612
3274.925006,918,1612
3274.930006,836,1616
3274.935006,950,1611
3274.940006,921,1622
3274.945006,817,1606
3274.950007,864,1618
3274.955005,946,1622
3274.960006,833,1618
3274.965006,845,1618
3274.970005,972,1618
3274.975006,913,1620
3274.980006,841,1619
3274.985006,957,1619
3274.990005,944,1618
3274.995006,817,1618
3275.000006,877,1619
3275.005006,964,1618
3275.010005,841,1619
3275.015006,856,1618
3275.020006,977,1610
3275.025006,902,1616
3275.030006,825,1616
3275.035006,948,1617
3275.040007,933,1617
3275.045006,807,1615
3275.050005,876,1615
3275.055006,954,1617
3275.060006,837,1611
3275.065007,853,1616
3275.070007,971,1616
3275.075005,914,1616
3275.080006,836,1616
3275.085005,954,1616
3275.090005,942,1614
3275.095007,821,1615
3275.100005,882,1618
3275.105005,964,1618
3275.110006,844,1615
3275.115005,840,1614
3275.120006,963,1617
3275.125006,904,1617
3275.130006,836,1608
3275.135006,944,1621
3275.140006,932,1619
3275.145006,828,1617
3275.150006,872,1618
3275.155005,956,1613
3275.160007,849,1617
3275.165007,864,1615
3275.170005,979,1619
3275.175006,926,1619
3275.180005,845,1619
3275.185007,965,1621
3275.190006,943,1618
3275.195006,829,1621
3275.200005,891,1619
3275.205007,963,1620
3275.210007,843,1620
3275.215007,856,1622
3275.220005,969,1625
3275.225007,908,1623
3275.230006,831,1622
3275.235006,947,1625
3275.240005,938,1623
3275.245005,818,1623
3275.250007,874,1623
3275.255006,955,1623
3275.260005,837,1621
3275.265006,854,1622
3275.270006,968,1621
3275.275006,910,1618
3275.280005,831,1619
3275.285006,949,1620
3275.290006,934,1624
3275.295006,825,1619
3275.300005,889,1619
3275.305006,963,1619
3275.310006,840,1618
3275.315006,853,1618
3275.320006,971,1620
3275.325005,910,1620
3275.330006,845,1621
3275.335007,966,1618
3275.340005,944,1619
3275.345006,833,1619
3275.350007,872,1620
3275.355006,951,1619
3275.360005,832,1622
3275.365006,856,1619
3275.370005,978,1620
3275.375007,916,1616
3275.380006,843,1616
3275.385006,962,1614
3275.390005,945,1614
3275.395007,818,1610
3275.400006,887,1610
3275.405006,961,1612
3275.410006,848,1607
3275.415007,863,1606
3275.420006,980,1606
3275.425006,909,1599
3275.430006,822,1607
3275.435006,951,1602
3275.440006,937,1604
3275.445005,831,1600
3275.450006,891,1602
3275.455007,961,1599
3275.460005,838,1601
3275.465005,861,1599
3275.470007,974,1598
3275.475006,911,1602
3275.480006,834,1598
3275.485005,950,1597
3275.490006,930,1596
3275.495005,819,1597
3275.500006,889,1595
3275.505006,949,1588
3275.510006,837,1592
3275.515005,840,1601
3275.520006,959,1602
3275.525006,898,1596
3275.530006,829,1596
3275.535005,953,1594
3275.540006,938,1595
3275.545007,814,1594
3275.550007,876,1596
3275.555006,950,1595
3275.560006,831,1594
3275.565006,849,1597
3275.570005,965,1595
3275.575006,897,1597
3275.580006,827,1593
3275.585006,948,1595
3275.590006,934,1594
3275.595006,816,1594
3275.600006,892,1593
3275.605006,957,1594
3275.610006,831,1591
3275.615006,857,1592
3275.620005,977,1593
3275.625006,891,1600
3275.630006,822,1594
3275.635007,955,1587
3275.640006,923,1595
3275.645006,802,1596
3275.650006,871,1598
3275.655005,954,1589
3275.660006,818,1598
3275.665006,865,1597
3275.670007,975,1598
3275.675006,902,1600
3275.680005,835,1597
3275.685006,942,1596
3275.690005,922,1604
3275.695006,821,1600
3275.700006,885,1596
3275.705006,942,1605
3275.710005,825,1606
3275.715005,850,1607
3275.720007,975,1608
3275.725006,905,1610
3275.730006,841,1609
3275.735005,960,1610
3275.740007,917,1611
3275.745006,825,1612
3275.750006,885,1610
3275.755005,963,1614
3275.760005,834,1611
3275.765006,859,1611
3275.770006,972,1606
3275.775007,912,1609
3275.780006,840,1612
3275.785006,956,1611
3275.790006,939,1610
3275.795006,823,1610
3275.800006,891,1610
3275.805005,955,1608
3275.810007,834,1604
3275.815007,855,1608
3275.820006,978,1609
3275.825005,904,1610
3275.830005,829,1610
3275.835005,949,1609
3275.840005,930,1608
3275.845005,818,1609
3275.850006,890,1610
3275.855005,958,1608
3275.860005,829,1613
3275.865007,864,1608
3275.870005,978,1612
3275.875006,900,1611
3275.880005,834,1608
3275.885005,954,1612
3275.890006,930,1610
3275.895006,815,1612
3275.900005,883,1612
3275.905006,950,1613
3275.910005,825,1613
3275.915007,850,1613
3275.920006,966,1613
3275.925005,895,1613
3275.930007,829,1612
3275.935006,959,1613
3275.940007,936,1610
3275.945007,825,1609
3275.950005,889,1613
3275.955005,957,1610
3275.960006,830,1611
3275.965006,865,1610
3275.970005,983,1609
3275.975007,916,1608
3275.980007,846,1610
3275.985006,963,1610
3275.990006,945,1612
3275.995006,821,1606
3276.000007,878,1610
3276.005007,945,1610
3276.010007,821,1612
3276.015006,861,1608
3276.020007,980,1609
3276.025006,913,1608
3276.030006,824,1608
3276.035005,965,1600
3276.040007,923,1603
3276.045006,831,1601
3276.050005,897,1600
3276.055006,954,1591
3276.060007,842,1594
3276.065006,842,1603
3276.070006,961,1599
3276.075005,898,1596
3276.080006,844,1599
3276.085006,971,1596
3276.090005,930,1593
3276.095007,811,1595
3276.100007,891,1594
3276.105006,962,1595
3276.110007,834,1595
3276.115006,859,1589
3276.120005,959,1598
3276.125006,905,1588
3276.130006,841,1594
3276.135006,965,1598
3276.140006,940,1593
3276.145006,824,1596
3276.150006,894,1590
3276.155006,957,1587
3276.160005,817,1597
3276.165006,860,1593
3276.170006,978,1595
3276.175005,900,1587
3276.180007,822,1597
3276.185005,948,1595
3276.190006,929,1593
3276.195006,815,1593
3276.200006,904,1592
3276.205007,958,1586
3276.210006,816,1593
3276.215005,862,1591
3276.220006,978,1590
3276.225006,907,1593
3276.230007,837,1593
3276.235006,965,1592
3276.240005,918,1596
3276.245007,805,1598
3276.250006,883,1596
3276.255007,945,1595
3276.260006,818,1597
3276.265006,854,1597
3276.270006,977,1600
3276.275006,909,1597
3276.280005,848,1594
3276.285006,965,1598
3276.290006,937,1600
3276.295006,817,1599
3276.300006,894,1598
3276.305006,960,1598
3276.310007,811,1601
3276.315007,841,1603
3276.320007,962,1605
3276.325005,892,1601
3276.330007,840,1601
3276.335006,950,1606
3276.340005,926,1607
3276.345006,820,1606
3276.350006,895,1610
3276.355006,956,1612
3276.360005,838,1611
3276.365007,865,1617
3276.370005,977,1616
3276.375006,883,1621
3276.380006,832,1620
3276.385006,952,1622
3276.390005,933,1622
3276.395007,822,1624
3276.400006,900,1625
3276.405005,958,1625
3276.410006,837,1622
3276.415006,849,1625
3276.420007,971,1626
3276.425005,894,1624
3276.430006,836,1626
3276.435006,963,1624
3276.440006,941,1627
3276.445006,827,1622
3276.450006,881,1627
3276.455007,945,1624
3276.460006,822,1623
3276.465005,854,1626
3276.470007,968,1626
3276.475006,894,1627
3276.480006,845,1625
3276.485006,970,1623
3276.490005,943,1625
3276.495006,822,1622
3276.500006,899,1621
3276.505007,955,1621
3276.510007,829,1621
3276.515006,854,1611
3276.520005,981,1617
3276.525005,883,1622
3276.530006,834,1619
3276.535006,957,1621
3276.540007,937,1614
3276.545006,821,1612
3276.550007,902,1613
3276.555005,959,1613
3276.560005,838,1610
3276.565005,851,1608
3276.570006,971,1608
3276.575006,900,1609
3276.580006,838,1605
3276.585007,958,1603
3276.590007,928,1602
3276.595006,815,1602
3276.600006,891,1601
3276.605006,945,1601
3276.610006,825,1600
3276.615005,869,1596
3276.620006,979,1597
3276.625006,900,1597
3276.630006,839,1597
3276.635005,969,1597
3276.640006,941,1596
3276.645006,822,1595
3276.650005,901,1593
3276.655005,951,1592
3276.660006,820,1591
3276.665006,854,1590
3276.670007,971,1588
3276.675007,904,1587
3276.680006,834,1579
3276.685005,953,1586
3276.690006,930,1584
3276.695005,812,1580
3276.700006,888,1581
3276.705006,948,1579
3276.710007,823,1578
3276.715006,859,1579
3276.720005,973,1578
3276.725006,905,1579
3276.730006,832,1573
3276.735006,949,1585
3276.740005,926,1584
3276.745006,821,1583
3276.750007,900,1575
3276.755005,959,1583
3276.760006,832,1583
3276.765006,858,1577
3276.770006,960,1580
3276.775006,899,1582
3276.780006,824,1588
3276.785005,957,1586
3276.790006,936,1591
3276.795006,818,1586
3276.800006,891,1587
3276.805006,950,1588
3276.810007,821,1587
3276.815006,865,1589
3276.820005,957,1590
3276.825006,886,1588
3276.830007,827,1588
3276.835006,968,1584
3276.840006,946,1589
3276.845005,804,1594
3276.850005,899,1584
3276.855006,941,1596
3276.860005,820,1593
3276.865006,848,1598
3276.870006,967,1597
3276.875006,899,1597
3276.880006,843,1596
3276.885005,964,1600
3276.890006,942,1598
3276.895006,831,1598
3276.900007,906,1598
3276.905007,952,1603
3276.910006,822,1604
3276.915005,855,1605
3276.920005,979,1603
3276.925005,901,1604
3276.930006,842,1599
3276.935006,949,1611
3276.940007,923,1608
3276.945007,810,1611
3276.950006,890,1612
3276.955006,947,1612
3276.960007,824,1615
3276.965007,866,1612
3276.970005,984,1612
3276.975007,905,1610
3276.980006,825,1620
3276.985005,961,1620
3276.990006,939,1613
3276.995006,824,1620
3277.000006,886,1624
3277.005006,941,1624
3277.010006,820,1625
3277.015006,854,1624
3277.020006,970,1624
3277.025006,888,1625
3277.030005,833,1626
3277.035006,958,1629
3277.040006,928,1622
3277.045006,835,1621
3277.050006,911,1625
3277.055006,961,1629
3277.060006,831,1626
3277.065006,862,1627
3277.070006,975,1625
3277.075005,894,1627
3277.080006,836,1626
3277.085006,967,1624
3277.090005,941,1626
3277.095006,819,1625
3277.100006,900,1624
3277.105006,964,1620
3277.110006,833,1620
3277.115006,863,1623
3277.120006,970,1621
3277.125007,898,1622
3277.130005,842,1621
3277.135005,960,1619
3277.140007,934,1622
3277.145005,829,1618
3277.150005,903,1614
3277.155006,938,1621
3277.160006,811,1619
3277.165006,866,1617
3277.170006,981,1617
3277.175006,897,1614
3277.180005,847,1614
3277.185006,967,1613
3277.190006,934,1614
3277.195006,824,1613
3277.200005,905,1611
3277.205006,953,1608
3277.210007,831,1611
3277.215005,861,1612
3277.220007,975,1611
3277.225006,891,1610
3277.230007,834,1607
3277.235006,965,1609
3277.240006,942,1611
3277.245005,824,1611
3277.250006,887,1608
3277.255006,960,1611
3277.260005,816,1606
3277.265006,846,1613
3277.270006,964,1612
3277.275007,886,1614
3277.280007,841,1612
3277.285006,970,1614
3277.290007,941,1611
3277.295005,820,1611
3277.300006,910,1610
3277.305005,960,1610
3277.310006,812,1612
3277.315006,854,1610
3277.320006,969,1612
3277.325006,889,1612
3277.330006,840,1611
3277.335006,965,1611
3277.340006,926,1614
3277.345005,827,1614
3277.350006,886,1616
3277.355007,941,1615
3277.360006,835,1614
3277.365006,866,1612
3277.370006,979,1616
3277.375006,896,1611
3277.380007,845,1614
3277.385006,958,1617
3277.390005,927,1617
3277.395007,817,1616
3277.400006,902,1613
3277.405006,960,1615
3277.410006,830,1615
3277.415006,868,1610
3277.420007,958,1613
3277.425006,880,1610
3277.430006,833,1608
3277.435006,969,1606
3277.440006,937,1604
3277.445005,829,1603
3277.450006,908,1605
3277.455007,958,1603
3277.460007,831,1601
3277.465006,870,1598
3277.470006,974,1598
3277.475006,891,1595
3277.480006,845,1596
3277.485005,950,1601
3277.490007,921,1600
3277.495006,831,1593
3277.500005,911,1598
3277.505006,938,1598
3277.510005,813,1597
3277.515007,852,1595
3277.520005,966,1595
3277.525006,886,1595
3277.530005,837,1593
3277.535007,961,1592
3277.540006,929,1591
3277.545006,811,1593
3277.550005,896,1588
3277.555007,945,1586
3277.560006,820,1586
3277.565006,855,1586
3277.570006,968,1585
3277.575005,892,1581
3277.580007,846,1584
3277.585005,967,1581
3277.590005,940,1582
3277.595006,818,1584
3277.600007,906,1583
3277.605006,960,1584
3277.610006,828,1579
3277.615005,848,1587
3277.620006,966,1586
3277.625007,893,1587
3277.630007,844,1588
3277.635005,970,1588
3277.640006,923,1595
3277.645006,818,1593
3277.650006,908,1593
3277.655005,958,1594
3277.660006,837,1593
3277.665007,848,1596
3277.670007,961,1599
3277.675006,882,1596
3277.680007,842,1598
3277.685005,960,1595
3277.690005,926,1599
3277.695005,829,1597
3277.700007,914,1591
3277.705007,966,1598
3277.710006,832,1600
3277.715005,873,1599
3277.720007,962,1601
3277.725007,891,1603
3277.730006,848,1604
3277.735005,970,1605
3277.740007,939,1603
3277.745006,829,1608
3277.750006,914,1610
3277.755006,947,1599
3277.760007,831,1611
3277.765006,845,1613
3277.770007,959,1613
3277.775006,882,1607
3277.780006,832,1613
3277.785006,975,1612
3277.790006,943,1614
3277.795006,829,1616
3277.800005,891,1622
3277.805007,958,1616
3277.810005,813,1622
3277.815006,871,1617
3277.820005,980,1621
3277.825006,896,1617
3277.830006,846,1621
3277.835006,973,1622
3277.840005,939,1623
3277.845006,821,1624
3277.850006,908,1626
3277.855007,959,1626
3277.860007,829,1625
3277.865006,862,1628
3277.870006,974,1628
3277.875006,892,1630
3277.880006,848,1629
3277.885005,968,1627
3277.890006,922,1635
3277.895006,813,1630
3277.900007,899,1632
3277.905007,950,1631
3277.910006,836,1632
3277.915007,867,1632
3277.920006,981,1631
3277.925007,897,1629
3277.930006,849,1633
3277.935006,976,1634
3277.940006,941,1631
3277.945005,834,1626
3277.950006,911,1619
3277.955006,957,1618
3277.960006,835,1627
3277.965006,865,1626
3277.970007,977,1630
3277.975006,897,1625
3277.980006,844,1626
3277.985006,960,1623
3277.990006,927,1626
3277.995005,823,1626
3278.000006,910,1625
3278.005006,952,1624
3278.010007,819,1625
3278.015005,859,1625
3278.020006,973,1621
3278.025006,889,1620
3278.030005,849,1620
3278.035006,957,1622
3278.040006,944,1614
3278.045006,812,1619
3278.050005,901,1619
3278.055007,946,1612
3278.060005,822,1615
3278.065005,868,1612
3278.070006,981,1612
3278.075006,879,1610
3278.080007,837,1610
3278.085006,972,1612
3278.090005,941,1609
3278.095007,812,1612
3278.100006,909,1612
3278.105007,942,1613
3278.110007,816,1611
3278.115006,866,1610
3278.120005,980,1610
3278.125007,876,1608
3278.130007,832,1609
3278.135007,962,1611
3278.140005,942,1611
3278.145007,831,1608
3278.150007,911,1608
3278.155005,948,1607
3278.160006,832,1607
3278.165006,869,1608
3278.170007,977,1608
3278.175007,889,1609
3278.180005,849,1610
3278.185006,971,1604
3278.190006,938,1610
3278.195005,825,1609
3278.200007,917,1611
3278.205006,954,1605
3278.210006,809,1614
3278.215006,865,1604
3278.220005,957,1613
3278.225006,898,1608
3278.230006,834,1611
3278.235006,970,1610
3278.240005,941,1602
3278.245006,829,1606
3278.250006,896,1610
3278.255006,964,1602
3278.260005,829,1607
3278.265006,866,1608
3278.270006,977,1605
3278.275007,881,1610
3278.280005,846,1605
3278.285007,955,1610
3278.290005,936,1601
3278.295005,828,1611
3278.300006,912,1601
3278.305006,939,1613
3278.310006,813,1613
3278.315007,849,1614
3278.320006,965,1611
3278.325006,888,1614
3278.330006,851,1613
3278.335006,975,1614
3278.340005,937,1611
3278.345006,810,1616
3278.350006,909,1614
3278.355006,949,1614
3278.360005,822,1613
3278.365006,859,1615
3278.370005,966,1615
3278.375006,875,1613
3278.380006,839,1613
3278.385005,974,1612
3278.390006,944,1612
3278.395006,823,1611
3278.400007,910,1612
3278.405006,955,1610
3278.410005,829,1609
3278.415007,857,1613
3278.420005,970,1612
3278.425005,881,1603
3278.430007,841,1611
3278.435007,954,1614
3278.440006,928,1615
3278.445005,826,1616
3278.450006,913,1618
3278.455006,949,1615
3278.460007,804,1623
3278.465005,850,1620
3278.470006,967,1624
3278.475007,889,1625
3278.480006,827,1624
3278.485007,955,1627
3278.490006,936,1625
3278.495006,805,1631
3278.500006,900,1626
3278.505007,947,1627
3278.510006,825,1622
3278.515006,860,1624
3278.520006,974,1623
3278.525006,869,1619
3278.530005,844,1621
3278.535005,950,1618
3278.540006,932,1615
3278.545006,825,1614
3278.550005,905,1617
3278.555007,959,1607
3278.560005,808,1608
3278.565006,854,1610
3278.570006,971,1605
3278.575005,865,1608
3278.580005,843,1604
3278.585006,972,1601
3278.590006,920,1606
3278.595005,821,1604
3278.600006,918,1599
3278.605006,937,1603
3278.610006,827,1602
3278.615006,851,1596
3278.620006,958,1601
3278.625007,874,1605
3278.630006,848,1604
3278.635006,967,1604
3278.640005,918,1600
3278.645006,822,1601
3278.650006,914,1599
3278.655006,953,1601
3278.660005,806,1604
3278.665006,860,1598
3278.670006,975,1603
3278.675005,888,1601
3278.680007,827,1602
3278.685005,971,1592
3278.690006,940,1598
3278.695006,824,1592
3278.700005,908,1594
3278.705006,953,1592
3278.710006,828,1594
3278.715006,866,1588
3278.720006,951,1594
3278.725006,870,1593
3278.730006,842,1589
3278.735005,976,1587
3278.740006,918,1591
3278.745006,814,1587
3278.750006,907,1588
3278.755006,948,1587
3278.760006,826,1581
3278.765005,850,1587
3278.770007,964,1585
3278.775006,881,1584
3278.780006,854,1582
3278.785005,956,1588
3278.790006,923,1586
3278.795006,825,1586
3278.800006,913,1586
3278.805006,948,1582
3278.810006,826,1580
3278.815006,849,1585
3278.820005,963,1584
3278.825006,888,1584
3278.830006,830,1585
3278.835005,962,1585
3278.840006,929,1585
3278.845005,824,1584
3278.850006,922,1584
3278.855006,941,1589
3278.860006,828,1587
3278.865005,865,1583
3278.870007,951,1593
3278.875005,881,1589
3278.880005,852,1591
3278.885005,956,1595
3278.890006,926,1597
3278.895006,829,1596
3278.900006,915,1588
3278.905006,938,1601
3278.910006,808,1602
3278.915006,850,1600
3278.920006,965,1600
3278.925006,876,1602
3278.930005,848,1601
3278.935007,983,1601
3278.940006,944,1600
3278.945005,809,1601
3278.950006,901,1603
3278.955007,942,1605
3278.960006,817,1602
3278.965005,862,1603
3278.970007,977,1601
3278.975006,890,1601
3278.980006,829,1604
3278.985006,960,1606
3278.990005,929,1605
3278.995006,816,1606
3279.000006,914,1606
3279.005006,955,1609
3279.010005,829,1608
3279.015007,853,1601
3279.020005,965,1609
3279.025005,878,1614
3279.030006,841,1611
3279.035005,955,1615
3279.040006,923,1615
3279.045006,821,1612
3279.050005,924,1614
3279.055007,953,1617
3279.060005,831,1612
3279.065005,865,1617
3279.070006,972,1617
3279.075005,883,1620
3279.080006,845,1624
3279.085007,953,1624
3279.090006,922,1623
3279.095005,808,1629
3279.100006,909,1627
3279.105006,962,1622
3279.110006,824,1628
3279.115006,850,1630
3279.120006,959,1631
3279.125006,868,1633
3279.130006,830,1634
3279.135005,958,1634
3279.140006,927,1633
3279.145006,814,1640
3279.150005,908,1634
3279.155006,942,1635
3279.160005,813,1633
3279.165006,856,1634
3279.170007,968,1636
3279.175006,888,1636
3279.180005,850,1634
3279.185006,973,1634
3279.190006,936,1634
3279.195005,826,1636
3279.200007,918,1635
3279.205005,946,1638
3279.210005,813,1635
3279.215006,852,1636
3279.220006,973,1633
3279.225006,881,1636
3279.230006,826,1635
3279.235006,960,1634
3279.240007,929,1633
3279.245006,808,1635
3279.250007,907,1625
3279.255007,936,1630
3279.260007,816,1630
3279.265006,854,1627
3279.270006,973,1627
3279.275006,886,1624
3279.280006,847,1626
3279.285006,971,1626
3279.290006,922,1618
3279.295006,810,1624
3279.300006,905,1623
3279.305006,945,1620
3279.310006,821,1620
3279.315007,864,1618
3279.320006,971,1613
3279.325005,862,1617
3279.330006,833,1616
3279.335006,970,1613
3279.340005,933,1612
3279.345006,822,1611
3279.350007,917,1609
3279.355007,948,1607
3279.360006,818,1604
3279.365005,842,1608
3279.370006,955,1604
3279.375006,862,1600
3279.380006,848,1592
3279.385005,953,1603
3279.390006,918,1600
3279.395007,813,1598
3279.400006,908,1597
3279.405005,950,1596
3279.410006,825,1596
3279.415007,863,1596
3279.420007,956,1595
3279.425006,867,1593
3279.430006,844,1591
3279.435007,967,1594
3279.440006,940,1590
3279.445005,809,1594
3279.450006,912,1596
3279.455006,939,1592
3279.460006,813,1592
3279.465006,855,1594
3279.470006,967,1589
3279.475006,883,1586
3279.480006,832,1591
3279.485005,957,1593
3279.490006,923,1592
3279.495005,811,1591
3279.500006,908,1593
3279.505006,953,1592
3279.510006,828,1582
3279.515006,845,1592
3279.520006,958,1589
3279.525007,869,1588
3279.530006,852,1589
3279.535007,955,1593
3279.540005,918,1593
3279.545006,815,1593
3279.550005,903,1596
3279.555007,939,1595
3279.560006,814,1590
3279.565006,854,1595
3279.570005,969,1592
3279.575007,878,1592
3279.580006,850,1594
3279.585007,961,1594
3279.590006,942,1593
3279.595007,810,1598
3279.600005,916,1589
3279.605006,956,1597
3279.610005,828,1598
3279.615006,866,1597
3279.620006,962,1602
3279.625006,875,1601
3279.630007,843,1603
3279.635006,980,1602
3279.640006,936,1606
3279.645006,814,1608
3279.650007,908,1607
3279.655006,943,1611
3279.660005,816,1611
3279.665007,858,1612
3279.670005,967,1610
3279.675006,883,1612
3279.680006,850,1611
3279.685007,982,1612
3279.690007,923,1616
3279.695006,814,1616
3279.700007,909,1617
3279.705005,948,1614
3279.710006,829,1617
3279.715005,873,1618
3279.720006,980,1620
3279.725006,888,1617
3279.730006,850,1624
3279.735006,963,1622
3279.740006,923,1626
3279.745005,823,1624
3279.750006,925,1622
3279.755005,961,1624
3279.760006,810,1628
3279.765005,856,1628
3279.770007,967,1630
3279.775006,880,1625
3279.780006,859,1629
3279.785006,982,1628
3279.790005,921,1629
3279.795006,839,1623
3279.800005,911,1623
3279.805006,939,1631
3279.810006,814,1626
3279.815006,857,1625
3279.820007,987,1620
3279.825005,868,1624
3279.830007,840,1628
3279.835006,972,1622
3279.840006,938,1619
3279.845005,834,1621
3279.850006,925,1620
3279.855006,960,1617
3279.860006,831,1617
3279.865006,874,1617
3279.870006,955,1620
3279.875006,864,1621
3279.880006,838,1621
3279.885006,973,1618
3279.890006,940,1617
3279.895006,834,1615
3279.900006,924,1617
3279.905005,954,1615
3279.910007,828,1615
3279.915005,871,1613
3279.920005,973,1610
3279.925005,883,1612
3279.930006,849,1612
3279.935006,964,1611
3279.940005,933,1609
3279.945005,834,1607
3279.950007,923,1600
3279.955006,952,1605
3279.960007,807,1608
3279.965006,852,1607
3279.970006,962,1605
3279.975006,869,1607
3279.980006,843,1606
3279.985005,966,1606
3279.990006,928,1606
3279.995005,824,1603
3280.000007,926,1595
3280.005006,957,1605
3280.010005,820,1606
3280.015006,861,1603
3280.020007,970,1605
3280.025006,877,1606
3280.030005,848,1604
3280.035006,971,1604
3280.040006,926,1604
3280.045006,819,1605
3280.050006,910,1608
3280.055005,948,1608
3280.060006,827,1605
3280.065006,867,1605
3280.070006,969,1609
3280.075006,871,1608
3280.080007,850,1603
3280.085006,971,1605
3280.090006,928,1610
3280.095005,819,1607
3280.100006,913,1609
3280.105006,937,1605
3280.110006,819,1606
3280.115005,858,1603
3280.120006,973,1604
3280.125006,857,1608
3280.130007,837,1606
3280.135006,970,1604
3280.140006,936,1604
3280.145006,831,1603
3280.150006,925,1600
3280.155006,948,1603
3280.160005,820,1591
3280.165007,863,1598
3280.170006,970,1600
3280.175006,871,1597
3280.180006,853,1595
3280.185006,974,1599
3280.190006,930,1589
3280.195005,811,1599
3280.200006,921,1597
3280.205006,939,1600
3280.210006,821,1598
3280.215005,858,1601
3280.220006,960,1602
3280.225005,867,1600
3280.230006,842,1604
3280.235006,970,1604
3280.240006,941,1599
3280.245006,813,1606
3280.250006,926,1604
3280.255006,935,1610
3280.260005,815,1606
3280.265006,853,1612
3280.270006,956,1609
3280.275006,878,1602
3280.280006,845,1600
3280.285005,981,1603
3280.290006,934,1602
3280.295006,829,1606
3280.300006,924,1602
3280.305005,935,1603
3280.310007,815,1596
3280.315006,846,1606
3280.320006,954,1605
3280.325006,865,1607
3280.330006,849,1602
3280.335007,967,1604
3280.340006,929,1602
3280.345006,828,1603
3280.350007,917,1602
3280.355006,949,1602
3280.360007,814,1606
3280.365007,862,1603
3280.370006,967,1605
3280.375006,876,1605
3280.380006,848,1604
3280.385005,954,1607
3280.390007,914,1605
3280.395005,813,1606
3280.400005,914,1605
3280.405005,932,1608
3280.410005,817,1607
3280.415006,853,1604
3280.420007,960,1605
3280.425007,867,1606
3280.430006,851,1601
3280.435006,976,1598
3280.440006,937,1600
3280.445005,832,1601
3280.450006,923,1590
3280.455006,950,1600
3280.460006,818,1597
3280.465006,858,1597
3280.470005,972,1598
3280.475006,874,1597
3280.480006,847,1597
3280.485005,971,1595
3280.490007,938,1594
3280.495006,826,1594
3280.500007,921,1597
3280.505006,934,1601
3280.510005,811,1600
3280.515006,859,1600
3280.520006,965,1600
3280.525006,872,1601
3280.530006,852,1594
3280.535005,956,1604
3280.540006,933,1601
3280.545006,825,1603
3280.550005,922,1604
3280.555005,949,1604
3280.560006,816,1604
3280.565007,866,1603
3280.570007,968,1603
3280.575006,870,1602
3280.580006,847,1603
3280.585006,975,1605
3280.590005,934,1602
3280.595006,824,1604
3280.600006,929,1604
3280.605006,954,1605
3280.610006,829,1605
3280.615006,846,1609
3280.620006,959,1608
3280.625006,864,1610
3280.630006,841,1609
3280.635005,971,1614
3280.640006,930,1610
3280.645007,832,1611
3280.650006,924,1612
3280.655005,951,1613
3280.660006,824,1607
3280.665007,851,1616
3280.670006,957,1616
3280.675005,863,1616
3280.680006,845,1613
3280.685007,981,1612
3280.690007,943,1610
3280.695007,814,1615
3280.700006,912,1614
3280.705006,941,1614
3280.710006,814,1612
3280.715005,862,1610
3280.720006,964,1613
3280.725005,875,1611
3280.730005,852,1613
3280.735005,969,1613
3280.740006,931,1611
3280.745005,829,1612
3280.750006,925,1614
3280.755006,949,1615
3280.760005,822,1613
3280.765007,865,1609
3280.770005,970,1611
3280.775005,852,1617
3280.780006,837,1617
3280.785005,962,1617
3280.790006,923,1617
3280.795006,815,1619
3280.800006,917,1621
3280.805005,948,1618
3280.810007,817,1620
3280.815006,850,1624
3280.820006,957,1621
3280.825005,865,1626
3280.830006,841,1625
3280.835006,971,1621
3280.840005,928,1621
3280.845005,820,1626
3280.850007,923,1622
3280.855006,951,1624
3280.860006,828,1625
3280.865006,850,1624
3280.870006,961,1622
3280.875007,862,1625
3280.880006,846,1625
3280.885005,967,1625
3280.890006,930,1624
3280.895005,820,1625
3280.900005,923,1623
3280.905006,944,1613
3280.910005,809,1625
3280.915006,854,1624
3280.920006,957,1624
3280.925006,867,1623
3280.930006,848,1621
3280.935006,975,1626
3280.940005,936,1622
3280.945005,828,1623
3280.950006,927,1622
3280.955006,950,1625
3280.960007,821,1626
3280.965006,863,1623
3280.970006,967,1628
3280.975007,867,1626
3280.980007,846,1626
3280.985007,969,1625
3280.990006,931,1626
3280.995007,831,1622
3281.000006,906,1625
3281.005006,935,1624
3281.010005,819,1621
3281.015007,860,1622
3281.020006,968,1617
3281.025006,873,1618
3281.030005,851,1620
3281.035007,969,1609
3281.040007,931,1615
3281.045005,821,1616
3281.050005,928,1615
3281.055006,942,1613
3281.060006,822,1612
3281.065007,858,1613
3281.070006,963,1608
3281.075005,863,1610
3281.080006,853,1605
3281.085007,971,1606
3281.090006,929,1605
3281.095005,827,1603
3281.100007,921,1601
3281.105007,948,1604
3281.110007,819,1599
3281.115006,861,1601
3281.120006,963,1599
3281.125006,864,1598
3281.130006,844,1599
3281.135006,972,1598
3281.140005,936,1596
3281.145007,826,1598
3281.150007,905,1599
3281.155006,927,1598
3281.160005,823,1597
3281.165006,851,1592
3281.170006,955,1597
3281.175005,853,1600
3281.180006,853,1592
3281.185006,980,1595
3281.190006,917,1596
3281.195006,816,1596
3281.200006,934,1591
3281.205007,943,1597
3281.210006,817,1595
3281.215005,862,1597
3281.220007,970,1596
3281.225006,870,1596
3281.230006,843,1599
3281.235006,963,1601
3281.240005,916,1603
3281.245006,836,1598
3281.250006,934,1597
3281.255006,934,1601
3281.260005,812,1598
3281.265007,854,1600
3281.270006,958,1602
3281.275006,859,1600
3281.280005,837,1601
3281.285006,967,1600
3281.290006,926,1601
3281.295006,819,1602
3281.300005,919,1599
3281.305006,944,1600
3281.310006,831,1595
3281.315006,872,1593
3281.320005,971,1594
3281.325006,874,1595
3281.330006,850,1594
3281.335006,974,1596
3281.340005,934,1597
3281.345007,831,1593
3281.350006,909,1598
3281.355006,930,1600
3281.360005,814,1599
3281.365005,860,1603
3281.370007,961,1603
3281.375006,870,1605
3281.380006,857,1608
3281.385006,957,1611
3281.390005,918,1608
3281.395006,818,1608
3281.400006,925,1600
3281.405005,936,1611
3281.410006,816,1612
3281.415006,860,1605
3281.420006,971,1606
3281.425005,864,1608
3281.430006,858,1603
3281.435007,977,1603
3281.440006,930,1603
3281.445006,824,1601
3281.450006,923,1601
3281.455006,939,1602
3281.460006,816,1600
3281.465006,859,1601
3281.470005,972,1601
3281.475007,867,1601
3281.480006,851,1603
3281.485005,977,1604
3281.490006,936,1603
3281.495006,826,1604
3281.500007,929,1604
3281.505007,930,1606
3281.510006,806,1610
3281.515005,861,1605
3281.520007,966,1604
3281.525006,858,1608
3281.530005,852,1607
3281.535007,973,1605
3281.540005,937,1609
3281.545005,835,1604
3281.550005,927,1605
3281.555006,930,1606
3281.560006,808,1609
3281.565006,854,1610
3281.570006,958,1607
3281.575005,854,1607
3281.580007,843,1605
3281.585006,974,1608
3281.590005,917,1609
3281.595006,818,1608
3281.600006,921,1610
3281.605006,947,1613
3281.610005,815,1610
3281.615006,863,1613
3281.620005,968,1613
3281.625006,864,1616
3281.630006,850,1616
3281.635007,976,1616
3281.640006,930,1618
3281.645006,820,1619
3281.650007,927,1617
3281.655006,948,1619
3281.660006,817,1621
3281.665007,854,1621
3281.670007,964,1620
3281.675006,867,1622
3281.680006,833,1624
3281.685006,963,1623
3281.690005,920,1621
3281.695005,810,1624
3281.700006,911,1625
3281.705007,938,1620
3281.710006,812,1620
3281.715007,859,1620
3281.720007,960,1621
3281.725005,862,1620
3281.730006,846,1617
3281.735005,972,1620
3281.740006,925,1620
3281.745006,833,1617
3281.750007,927,1617
3281.755006,945,1618
3281.760006,807,1621
3281.765005,854,1620
3281.770006,971,1617
3281.775006,864,1618
3281.780006,849,1615
3281.785006,977,1616
3281.790007,923,1616
3281.795006,826,1616
3281.800005,925,1616
3281.805006,946,1617
3281.810006,802,1617
3281.815007,849,1621
3281.820006,952,1617
3281.825005,856,1617
3281.830006,845,1610
3281.835005,966,1617
3281.840005,924,1615
3281.845007,817,1618
3281.850006,926,1614
3281.855007,948,1617
3281.860006,825,1612
3281.865005,870,1613
3281.870006,973,1612
3281.875006,860,1604
3281.880006,835,1614
3281.885005,983,1609
3281.890006,923,1605
3281.895006,819,1611
3281.900007,925,1609
3281.905007,949,1610
3281.910007,826,1606
3281.915005,856,1610
3281.920005,959,1611
3281.925005,856,1611
3281.930006,849,1610
3281.935006,977,1608
3281.940007,932,1606
3281.945006,838,1606
3281.950005,934,1604
3281.955006,936,1603
3281.960006,809,1609
3281.965005,860,1600
3281.970006,956,1608
3281.975006,856,1610
3281.980006,846,1605
3281.985007,972,1606
3281.990006,939,1605
3281.995005,838,1608
3282.000006,940,1606
3282.005006,936,1605
3282.010005,810,1611
3282.015006,857,1612
3282.020005,960,1612
3282.025005,861,1611
3282.030006,839,1611
3282.035006,979,1602
3282.040007,932,1603
3282.045007,819,1612
3282.050007,927,1614
3282.055007,952,1612
3282.060005,828,1611
3282.065006,873,1611
3282.070005,955,1615
3282.075007,858,1613
3282.080006,844,1613
3282.085007,968,1616
3282.090006,922,1617
3282.095006,816,1618
3282.100007,935,1610
3282.105006,940,1618
3282.110005,814,1619
3282.115006,867,1618
3282.120005,973,1621
3282.125006,863,1620
3282.130006,846,1619
3282.135006,978,1621
3282.140005,940,1620
3282.145007,830,1615
3282.150007,939,1620
3282.155006,928,1624
3282.160005,814,1624
3282.165006,867,1621
3282.170006,969,1622
3282.175005,873,1618
3282.180007,851,1621
3282.185005,962,1614
3282.190006,919,1619
3282.195005,825,1617
3282.200006,937,1617
3282.205006,950,1618
3282.210007,820,1614
3282.215007,853,1615
3282.220005,954,1614
3282.225007,857,1611
3282.230006,855,1609
3282.235007,979,1606
3282.240005,927,1609
3282.245007,822,1607
3282.250006,927,1603
3282.255007,949,1602
3282.260006,821,1602
3282.265006,866,1601
3282.270006,964,1592
3282.275006,863,1594
3282.280007,834,1596
3282.285006,965,1593
3282.290006,924,1594
3282.295007,825,1592
3282.300006,928,1590
3282.305007,941,1589
3282.310007,826,1588
3282.315005,863,1584
3282.320006,970,1586
3282.325005,851,1579
3282.330005,832,1589
3282.335005,963,1586
3282.340006,921,1583
3282.345006,814,1585
3282.350006,917,1589
3282.355006,941,1586
3282.360006,817,1585
3282.365007,865,1585
3282.370005,966,1580
3282.375006,857,1587
3282.380006,853,1590
3282.385006,979,1592
3282.390006,916,1592
3282.395006,820,1592
3282.400006,932,1594
3282.405007,931,1595
3282.410005,819,1599
3282.415007,862,1596
3282.420006,972,1596
3282.425005,852,1599
3282.430007,844,1601
3282.435006,980,1595
3282.440007,932,1599
3282.445006,814,1601
3282.450006,918,1603
3282.455006,937,1604
3282.460006,813,1603
3282.465006,867,1603
3282.470005,968,1597
3282.475006,856,1595
3282.480006,836,1606
3282.485006,962,1607
3282.490006,923,1605
3282.495005,828,1608
3282.500006,929,1603
3282.505005,947,1604
3282.510005,816,1609
3282.515006,868,1605
3282.520006,976,1604
3282.525006,843,1612
3282.530005,835,1610
3282.535006,963,1611
3282.540006,927,1608
3282.545007,831,1609
3282.550005,937,1611
3282.555007,928,1612
3282.560006,809,1613
3282.565006,864,1612
3282.570007,969,1617
3282.575006,869,1614
3282.580007,859,1614
3282.585007,976,1615
3282.590006,936,1617
3282.595006,830,1617
3282.600006,930,1611
3282.605006,929,1619
3282.610006,810,1620
3282.615006,865,1617
3282.620005,960,1608
3282.625006,863,1611
3282.630006,850,1610
3282.635007,956,1620
3282.640007,917,1618
3282.645006,823,1615
3282.650006,932,1613
3282.655005,942,1611
3282.660007,818,1613
3282.665005,860,1609
3282.670006,965,1610
3282.675006,865,1607
3282.680005,857,1605
3282.685007,976,1606
3282.690006,916,1607
3282.695006,825,1608
3282.700006,930,1606
3282.705006,945,1605
3282.710006,812,1598
3282.715005,866,1602
3282.720006,950,1608
3282.725006,851,1606
3282.730006,843,1605
3282.735006,965,1605
3282.740006,933,1608
3282.745005,833,1605
3282.750006,931,1603
3282.755006,925,1609
3282.760007,808,1607
3282.765006,854,1608
3282.770006,963,1606
3282.775006,866,1605
3282.780006,851,1604
3282.785005,959,1604
3282.790006,918,1605
3282.795006,826,1603
3282.800005,934,1603
3282.805006,929,1604
3282.810006,806,1604
3282.815006,854,1602
3282.820006,961,1592
3282.825005,852,1602
3282.830007,841,1602
3282.835007,976,1601
3282.840007,935,1601
3282.845005,829,1607
3282.850006,938,1603
3282.855006,946,1604
3282.860006,811,1608
3282.865005,857,1608
3282.870007,959,1608
3282.875005,858,1609
3282.880006,848,1609
3282.885005,980,1612
3282.890006,936,1610
3282.895006,838,1612
3282.900006,934,1607
3282.905005,931,1614
3282.910006,812,1615
3282.915006,859,1614
3282.920007,962,1613
3282.925007,866,1612
3282.930005,862,1611
3282.935005,978,1604
3282.940005,922,1609
3282.945005,823,1611
3282.950006,930,1608
3282.955006,945,1609
3282.960006,806,1608
3282.965005,871,1601
3282.970006,969,1598
3282.975006,868,1605
3282.980005,837,1606
3282.985006,959,1608
3282.990006,917,1606
3282.995006,815,1605
3283.000006,925,1603
3283.005007,939,1602
3283.010006,819,1605
3283.015005,874,1604
3283.020006,952,1606
3283.025006,849,1604
3283.030007,841,1606
3283.035007,962,1606
3283.040006,921,1602
3283.045007,822,1602
3283.050006,921,1605
3283.055005,931,1604
3283.060006,812,1605
3283.065006,866,1598
3283.070007,969,1601
3283.075006,864,1601
3283.080007,857,1600
3283.085006,974,1602
3283.090006,930,1600
3283.095006,822,1600
3283.100006,929,1601
3283.105006,941,1601
3283.110007,820,1603
3283.115006,864,1603
3283.120006,966,1605
3283.125007,861,1602
3283.130006,853,1604
3283.135005,962,1605
3283.140006,923,1606
3283.145007,816,1609
3283.150006,924,1610
3283.155005,936,1607
3283.160007,811,1606
3283.165007,851,1609
3283.170007,956,1605
3283.175006,857,1603
3283.180006,854,1602
3283.185007,960,1603
3283.190007,920,1605
3283.195006,817,1606
3283.200005,931,1601
3283.205007,939,1601
3283.210006,815,1600
3283.215006,857,1599
3283.220005,958,1600
3283.225006,855,1600
3283.230006,843,1599
3283.235006,964,1600
3283.240006,929,1598
3283.245005,830,1596
3283.250006,937,1597
3283.255006,942,1598
3283.260006,824,1595
3283.265006,866,1597
3283.270006,965,1596
3283.275006,864,1598
3283.280006,834,1599
3283.285005,964,1599
3283.290007,923,1597
3283.295006,826,1595
3283.300007,936,1597
3283.305007,939,1597
3283.310005,827,1597
3283.315005,869,1597
3283.320005,970,1601
3283.325006,868,1596
3283.330007,854,1597
3283.335006,961,1602
3283.340006,916,1602
3283.345006,818,1604
3283.350007,927,1602
3283.355006,944,1601
3283.360005,830,1601
3283.365006,850,1604
3283.370005,962,1603
3283.375006,858,1602
3283.380006,855,1606
3283.385007,977,1603
3283.390006,937,1605
3283.395006,813,1606
3283.400006,938,1604
3283.405006,952,1605
3283.410006,826,1605
3283.415007,872,1605
3283.420006,969,1603
3283.425005,845,1603
3283.430006,838,1606
3283.435006,959,1611
3283.440006,924,1598
3283.445006,842,1600
3283.450005,933,1595
3283.455006,946,1594
3283.460007,810,1604
3283.465006,857,1606
3283.470006,967,1603
3283.475007,864,1599
3283.480005,842,1598
3283.485005,979,1604
3283.490006,931,1603
3283.495005,811,1604
3283.500006,918,1605
3283.505007,937,1605
3283.510006,818,1602
3283.515005,864,1604
3283.520006,965,1602
3283.525006,854,1602
3283.530006,848,1602
3283.535006,974,1604
3283.540006,932,1605
3283.545006,812,1604
3283.550006,940,1598
3283.555005,929,1602
3283.560006,813,1603
3283.565007,859,1606
3283.570006,963,1604
3283.575007,855,1604
3283.580005,857,1605
3283.585006,957,1609
3283.590006,917,1606
3283.595005,817,1611
3283.600006,934,1604
3283.605006,937,1607
3283.610005,822,1607
3283.615007,866,1606
3283.620005,963,1603
3283.625006,861,1604
3283.630006,848,1601
3283.635006,980,1601
3283.640005,933,1600
3283.645007,834,1602
3283.650006,922,1601
3283.655005,936,1599
3283.660007,810,1601
3283.665006,860,1599
3283.670007,962,1596
3283.675006,861,1597
3283.680006,853,1594
3283.685006,974,1594
3283.690007,932,1595
3283.695007,832,1592
3283.700006,934,1592
3283.705007,942,1593
3283.710006,822,1591
3283.715006,868,1590
3283.720006,970,1591
3283.725006,856,1593
3283.730006,849,1595
3283.735005,974,1595
3283.740006,932,1596
3283.745006,834,1600
3283.750007,940,1600
3283.755007,949,1597
3283.760006,799,1605
3283.765005,847,1604
3283.770006,957,1605
3283.775007,849,1605
3283.780006,845,1606
3283.785005,966,1606
3283.790006,924,1609
3283.795005,826,1610
3283.800006,932,1609
3283.805005,947,1608
3283.810006,824,1603
3283.815006,856,1613
3283.820006,964,1604
3283.825006,864,1604
3283.830007,847,1604
3283.835006,965,1614
3283.840005,926,1612
3283.845006,823,1615
3283.850005,935,1616
3283.855006,956,1615
3283.860005,833,1617
3283.865006,857,1615
3283.870005,956,1623
3283.875006,847,1623
3283.880006,842,1624
3283.885005,973,1623
3283.890006,934,1624
3283.895006,833,1627
3283.900007,936,1625
3283.905006,950,1627
3283.910006,815,1629
3283.915006,868,1630
3283.920006,954,1633
3283.925007,849,1633
3283.930005,845,1634
3283.935006,980,1630
3283.940007,941,1628
3283.945006,833,1630
3283.950005,936,1631
3283.955006,936,1634
3283.960006,817,1635
3283.965005,868,1633
3283.970007,964,1633
3283.975006,863,1632
3283.980006,865,1631
3283.985006,968,1632
3283.990006,926,1633
3283.995005,841,1631
3284.000006,941,1632
3284.005006,946,1634
3284.010005,828,1634
3284.015006,864,1622
3284.020007,976,1631
3284.025007,863,1634
3284.030006,856,1633
3284.035007,972,1624
3284.040005,918,1632
3284.045006,821,1636
3284.050005,937,1633
3284.055006,954,1632
3284.060006,824,1631
3284.065006,854,1637
3284.070005,965,1629
3284.075006,865,1629
3284.080006,847,1630
3284.085007,986,1626
3284.090006,937,1627
3284.095007,836,1629
3284.100005,944,1627
3284.105005,929,1631
3284.110005,816,1624
3284.115007,857,1625
3284.120006,961,1623
3284.125006,857,1624
3284.130007,855,1626
3284.135006,978,1630
3284.140005,936,1628
3284.145006,841,1620
3284.150006,940,1621
3284.155006,948,1622
3284.160005,827,1621
3284.165006,869,1611
3284.170006,973,1619
3284.175006,845,1615
3284.180006,841,1617
3284.185006,972,1618
3284.190006,940,1617
3284.195005,837,1614
3284.200007,938,1614
3284.205007,946,1615
3284.210006,822,1615
3284.215006,868,1620
3284.220005,970,1605
3284.225006,845,1619
3284.230006,845,1618
3284.235005,976,1619
3284.240006,934,1617
3284.245006,836,1619
3284.250006,925,1619
3284.255006,933,1619
3284.260005,812,1622
3284.265006,865,1616
3284.270006,967,1618
3284.275007,858,1616
3284.280007,864,1614
3284.285006,986,1614
3284.290006,919,1613
3284.295006,824,1612
3284.300005,937,1609
3284.305006,953,1609
3284.310006,824,1609
3284.315006,854,1602
3284.320007,954,1608
3284.325006,848,1608
3284.330007,857,1606
3284.335006,967,1605
3284.340007,931,1602
3284.345006,839,1603
3284.350006,929,1604
3284.355006,934,1604
3284.360005,807,1606
3284.365006,861,1605
3284.370006,971,1604
3284.375006,857,1606
3284.380006,860,1603
3284.385005,977,1605
3284.390006,932,1604
3284.395006,817,1607
3284.400005,927,1606
3284.405006,936,1603
3284.410005,823,1602
3284.415006,866,1604
3284.420007,959,1605
3284.425006,853,1604
3284.430006,853,1605
3284.435006,979,1601
3284.440006,934,1602
3284.445006,829,1600
3284.450005,938,1598
3284.455006,927,1603
3284.460006,802,1602
3284.465007,855,1604
3284.470007,958,1600
3284.475005,864,1597
3284.480006,840,1601
3284.485006,964,1599
3284.490005,916,1602
3284.495006,832,1600
3284.500006,934,1596
3284.505006,942,1599
3284.510006,813,1597
3284.515005,864,1595
3284.520006,966,1595
3284.525006,853,1595
3284.530005,854,1597
3284.535007,974,1595
3284.540006,909,1596
3284.545006,819,1598
3284.550005,932,1594
3284.555006,944,1593
3284.560006,821,1593
3284.565007,868,1593
3284.570007,949,1593
3284.575005,839,1594
3284.580007,841,1593
3284.585005,966,1593
3284.590005,922,1592
3284.595007,825,1592
3284.600006,939,1592
3284.605006,946,1592
3284.610005,814,1593
3284.615007,863,1596
3284.620006,964,1594
3284.625006,859,1596
3284.630006,851,1595
3284.635005,973,1598
3284.640006,933,1599
3284.645005,834,1596
3284.650005,922,1602
3284.655005,938,1600
3284.660006,814,1601
3284.665006,869,1600
3284.670006,966,1598
3284.675005,854,1600
3284.680006,834,1603
3284.685006,961,1609
3284.690006,926,1605
3284.695006,830,1607
3284.700005,950,1604
3284.705006,949,1608
3284.710006,821,1611
3284.715005,866,1614
3284.720006,968,1611
3284.725006,853,1606
3284.730007,858,1619
3284.735006,956,1619
3284.740007,917,1622
3284.745005,822,1624
3284.750006,939,1627
3284.755007,943,1626
3284.760006,820,1629
3284.765005,867,1629
3284.770006,970,1633
3284.775006,863,1633
3284.780006,856,1631
3284.785006,962,1638
3284.790005,927,1635
3284.795006,826,1638
3284.800006,938,1637
3284.805005,943,1639
3284.810006,828,1639
3284.815007,873,1634
3284.820006,969,1638
3284.825005,858,1639
3284.830006,852,1636
3284.835006,977,1637
3284.840005,940,1633
3284.845006,833,1625
3284.850006,925,1632
3284.855006,947,1622
3284.860006,828,1627
3284.865005,872,1628
3284.870007,969,1627
3284.875006,851,1625
3284.880007,851,1624
3284.885006,973,1622
3284.890005,936,1622
3284.895007,839,1621
3284.900006,947,1621
3284.905005,948,1616
3284.910006,805,1622
3284.915006,872,1618
3284.920006,959,1617
3284.925007,857,1618
3284.930006,864,1614
3284.935007,983,1614
3284.940006,932,1616
3284.945006,833,1614
3284.950006,946,1614
3284.955007,947,1612
3284.960006,809,1605
3284.965005,854,1616
3284.970006,959,1612
3284.975006,847,1610
3284.980007,843,1614
3284.985007,971,1608
3284.990005,927,1609
3284.995006,830,1607
3285.000006,943,1608
3285.005007,947,1603
3285.010007,805,1611
3285.015005,856,1610
3285.020006,960,1608
3285.025007,859,1603
3285.030006,863,1605
3285.035006,966,1603
3285.040007,929,1604
3285.045006,832,1601
3285.050006,947,1601
3285.055006,950,1602
3285.060006,804,1601
3285.065007,861,1600
3285.070006,965,1600
3285.075006,840,1600
3285.080007,839,1600
3285.085006,964,1597
3285.090005,923,1597
3285.095007,829,1598
3285.100006,950,1597
3285.105006,943,1591
3285.110005,803,1605
3285.115007,860,1599
3285.120006,960,1600
3285.125007,846,1602
3285.130006,859,1602
3285.135006,979,1602
3285.140005,911,1606
3285.145007,815,1604
3285.150006,926,1603
3285.155006,927,1605
3285.160005,821,1600
3285.165006,848,1606
3285.170007,947,1606
3285.175006,854,1602
3285.180005,836,1608
3285.185006,962,1602
3285.190006,929,1602
3285.195005,812,1608
3285.200005,926,1603
3285.205006,926,1602
3285.210006,802,1606
3285.215007,856,1604
3285.220005,951,1603
3285.225006,839,1603
3285.230006,841,1602
3285.235005,964,1602
3285.240005,916,1604
3285.245006,827,1599
3285.250007,947,1603
3285.255006,934,1595
3285.260006,802,1606
3285.265005,860,1603
3285.270006,960,1601
3285.275006,853,1600
3285.280006,856,1599
3285.285006,954,1604
3285.290006,913,1601
3285.295005,831,1601
3285.300006,925,1603
3285.305005,932,1603
3285.310006,815,1602
3285.315007,863,1600
3285.320006,965,1601
3285.325006,854,1602
3285.330007,837,1595
3285.335007,958,1605
3285.340006,920,1604
3285.345006,837,1603
3285.350006,926,1604
3285.355006,930,1603
3285.360005,807,1605
3285.365007,854,1602
3285.370006,960,1603
3285.375006,859,1601
3285.380006,838,1603
3285.385005,986,1595
3285.390006,936,1599
3285.395007,835,1597
3285.400006,948,1597
3285.405007,925,1601
3285.410005,805,1600
3285.415006,866,1597
3285.420005,965,1600
3285.425005,835,1602
3285.430006,846,1598
3285.435005,975,1599
3285.440006,926,1597
3285.445005,837,1590
3285.450006,934,1597
3285.455007,937,1599
3285.460006,822,1597
3285.465006,853,1600
3285.470005,963,1599
3285.475006,840,1604
3285.480006,850,1600
3285.485005,977,1600
3285.490005,930,1601
3285.495006,819,1603
3285.500006,939,1603
3285.505007,941,1602
3285.510006,827,1604
3285.515006,866,1597
3285.520006,954,1607
3285.525006,842,1608
3285.530005,846,1609
3285.535006,981,1610
3285.540007,932,1612
3285.545006,835,1608
3285.550005,946,1611
3285.555006,942,1611
3285.560006,823,1609
3285.565006,870,1612
3285.570006,965,1613
3285.575006,852,1616
3285.580006,853,1604
3285.585006,963,1617
3285.590005,925,1615
3285.595006,832,1617
3285.600007,956,1612
3285.605006,930,1620
3285.610005,832,1616
3285.615006,853,1619
3285.620006,955,1621
3285.625006,847,1619
3285.630006,849,1620
3285.635007,975,1620
3285.640006,934,1617
3285.645007,839,1615
3285.650006,936,1622
3285.655006,940,1618
3285.660006,814,1617
3285.665007,879,1618
3285.670007,976,1616
3285.675006,838,1619
3285.680005,850,1618
3285.685005,983,1614
3285.690005,924,1617
3285.695005,840,1616
3285.700007,949,1613
3285.705005,952,1618
3285.710005,808,1617
3285.715006,858,1618
3285.720006,967,1619
3285.725007,864,1616
3285.730006,845,1619
3285.735005,974,1619
3285.740006,934,1620
3285.745006,838,1621
3285.750006,951,1622
3285.755007,949,1620
3285.760006,805,1626
3285.765006,870,1622
3285.770006,964,1623
3285.775006,858,1616
3285.780005,843,1622
3285.785007,966,1621
3285.790005,926,1618
3285.795005,840,1620
3285.800005,949,1617
3285.805006,948,1615
3285.810006,829,1612
3285.815006,870,1609
3285.820007,971,1610
3285.825005,837,1613
3285.830006,844,1613
3285.835006,965,1612
3285.840005,922,1612
3285.845007,829,1613
3285.850005,938,1616
3285.855005,941,1615
3285.860005,816,1617
3285.865007,872,1618
3285.870006,965,1617
3285.875007,856,1619
3285.880007,842,1618
3285.885006,969,1623
3285.890005,937,1619
3285.895005,825,1621
3285.900006,948,1620
3285.905005,925,1622
3285.910006,806,1621
3285.915007,864,1616
3285.920007,964,1614
3285.925006,854,1614
3285.930006,842,1612
3285.935007,973,1610
3285.940006,935,1609
3285.945006,836,1610
3285.950006,947,1603
3285.955006,928,1607
3285.960007,815,1606
3285.965006,873,1603
3285.970006,944,1606
3285.975006,845,1604
3285.980007,857,1603
3285.985006,961,1600
3285.990005,912,1603
3285.995006,829,1598
3286.000006,953,1597
3286.005006,940,1595
3286.010005,806,1599
3286.015006,863,1600
3286.020006,959,1589
3286.025005,836,1602
3286.030005,849,1597
3286.035006,959,1598
3286.040006,915,1600
3286.045006,823,1599
3286.050005,932,1599
3286.055007,937,1598
3286.060006,802,1601
3286.065006,866,1597
3286.070006,948,1598
3286.075006,834,1602
3286.080007,837,1601
3286.085006,966,1602
3286.090005,923,1600
3286.095006,831,1601
3286.100006,945,1602
3286.105007,931,1594
3286.110007,801,1606
3286.115005,857,1603
3286.120006,959,1604
3286.125006,849,1604
3286.130006,861,1601
3286.135006,972,1602
3286.140006,906,1606
3286.145006,813,1605
3286.150007,931,1603
3286.155006,946,1604
3286.160006,825,1601
3286.165006,851,1606
3286.170006,947,1605
3286.175006,836,1607
3286.180006,853,1603
3286.185006,982,1604
3286.190006,925,1599
3286.195005,839,1604
3286.200006,940,1609
3286.205006,930,1611
3286.210006,812,1611
3286.215006,872,1611
3286.220005,958,1613
3286.225006,856,1617
3286.230005,843,1619
3286.235005,969,1619
3286.240006,920,1621
3286.245006,819,1620
3286.250007,937,1624
3286.255006,947,1625
3286.260005,818,1614
3286.265005,862,1626
3286.270006,963,1626
3286.275006,851,1627
3286.280005,865,1624
3286.285006,984,1627
3286.290007,926,1627
3286.295005,836,1625
3286.300005,936,1625
3286.305006,927,1632
3286.310007,817,1629
3286.315007,873,1630
3286.320006,952,1633
3286.325005,849,1630
3286.330006,852,1631
3286.335007,969,1633
3286.340007,921,1631
3286.345005,828,1632
3286.350006,943,1629
3286.355006,941,1631
3286.360006,831,1632
3286.365006,880,1631
3286.370005,954,1633
3286.375006,844,1631
3286.380006,854,1630
3286.385006,982,1630
3286.390005,934,1627
3286.395006,835,1631
3286.400007,946,1631
3286.405006,946,1630
3286.410006,828,1628
3286.415007,857,1631
3286.420006,953,1632
3286.425006,845,1629
3286.430005,858,1625
3286.435006,989,1622
3286.440006,931,1624
3286.445006,840,1622
3286.450006,958,1620
3286.455006,952,1616
3286.460006,828,1615
3286.465005,854,1622
3286.470007,955,1620
3286.475007,848,1618
3286.480006,859,1619
3286.485005,976,1619
3286.490007,936,1618
3286.495006,843,1615
3286.500007,930,1622
3286.505006,932,1622
3286.510006,812,1620
3286.515005,862,1619
3286.520006,954,1616
3286.525006,841,1614
3286.530006,846,1614
3286.535005,966,1613
3286.540006,938,1605
3286.545007,828,1608
3286.550006,947,1609
3286.555006,938,1608
3286.560007,817,1608
3286.565007,867,1607
3286.570006,971,1606
3286.575006,854,1605
3286.580006,866,1605
3286.585006,965,1607
3286.590005,928,1606
3286.595006,837,1606
3286.600006,944,1608
3286.605007,942,1606
3286.610006,822,1605
3286.615005,859,1609
3286.620006,961,1605
3286.625006,843,1606
3286.630006,855,1603
3286.635007,981,1604
3286.640005,925,1604
3286.645005,837,1602
3286.650006,943,1600
3286.655005,948,1598
3286.660007,828,1595
3286.665006,879,1595
3286.670005,970,1593
3286.675006,848,1592
3286.680005,842,1593
3286.685007,965,1588
3286.690006,916,1587
3286.695006,828,1588
3286.700005,946,1586
3286.705006,940,1588
3286.710005,823,1582
3286.715005,874,1583
3286.720006,944,1586
3286.725007,833,1583
3286.730006,840,1586
3286.735006,980,1578
3286.740005,926,1580
3286.745006,836,1578
3286.750006,954,1576
3286.755006,928,1576
3286.760005,812,1579
3286.765006,872,1578
3286.770007,966,1577
3286.775007,833,1573
3286.780007,837,1580
3286.785005,983,1578
3286.790007,928,1578
3286.795006,815,1580
3286.800006,929,1584
3286.805005,943,1580
3286.810006,820,1583
3286.815006,873,1578
3286.820006,946,1584
3286.825005,831,1588
3286.830006,841,1586
3286.835007,981,1581
3286.840007,926,1584
3286.845007,841,1582
3286.850005,950,1587
3286.855006,939,1586
3286.860005,803,1589
3286.865006,856,1591
3286.870005,947,1588
3286.875007,832,1589
3286.880006,850,1589
3286.885006,966,1592
3286.890005,915,1593
3286.895006,823,1593
3286.900006,945,1593
3286.905006,933,1592
3286.910006,820,1592
3286.915006,872,1598
3286.920005,964,1595
3286.925005,854,1595
3286.930006,838,1593
3286.935006,959,1596
3286.940006,909,1599
3286.945007,824,1595
3286.950007,938,1598
3286.955005,935,1599
3286.960005,826,1598
3286.965006,872,1596
3286.970006,959,1590
3286.975006,845,1598
3286.980006,837,1604
3286.985005,956,1605
3286.990006,906,1603
3286.995006,820,1603
3287.000007,932,1604
3287.005006,928,1604
3287.010006,806,1606
3287.015006,861,1604
3287.020006,958,1607
3287.025007,842,1606
3287.030007,857,1604
3287.035005,972,1605
3287.040007,921,1604
3287.045007,831,1606
3287.050006,946,1598
3287.055006,939,1601
3287.060006,799,1607
3287.065006,857,1603
3287.070006,950,1604
3287.075007,834,1606
3287.080006,840,1607
3287.085006,981,1608
3287.090006,924,1606
3287.095006,817,1609
3287.100005,938,1608
3287.105006,930,1609
3287.110006,817,1613
3287.115005,879,1610
3287.120007,958,1610
3287.125006,838,1613
3287.130006,854,1618
3287.135005,972,1616
3287.140007,926,1614
3287.145005,818,1619
3287.150006,948,1615
3287.155005,929,1618
3287.160006,805,1624
3287.165006,861,1627
3287.170005,961,1624
3287.175005,846,1623
3287.180006,865,1622
3287.185007,984,1625
3287.190005,916,1619
3287.195005,824,1630
3287.200006,945,1626
3287.205006,943,1625
3287.210007,827,1628
3287.215006,880,1629
3287.220005,964,1627
3287.225006,857,1631
3287.230006,844,1632
3287.235006,984,1622
3287.240005,930,1621
3287.245006,840,1625
3287.250006,938,1632
3287.255005,950,1628
3287.260006,828,1629
3287.265005,888,1629
3287.270006,959,1631
3287.275007,847,1631
3287.280006,861,1633
3287.285005,982,1632
3287.290007,929,1632
3287.295006,842,1634
3287.300006,940,1635
3287.305005,937,1637
3287.310006,820,1635
3287.315006,882,1634
3287.320006,965,1636
3287.325006,849,1634
3287.330006,869,1634
3287.335006,987,1633
3287.340005,931,1631
3287.345006,848,1626
3287.350006,937,1629
3287.355007,950,1627
3287.360005,816,1622
3287.365007,866,1626
3287.370005,955,1629
3287.375007,857,1621
3287.380006,873,1620
3287.385006,986,1617
3287.390006,931,1613
3287.395007,841,1616
3287.400006,952,1612
3287.405006,934,1617
3287.410007,820,1612
3287.415006,876,1614
3287.420005,965,1614
3287.425005,854,1609
3287.430007,859,1611
3287.435005,981,1609
3287.440005,923,1612
3287.445006,845,1604
3287.450005,959,1604
3287.455006,925,1610
3287.460006,823,1602
3287.465006,869,1605
3287.470006,966,1604
3287.475006,850,1603
3287.480006,858,1603
3287.485005,975,1602
3287.490006,919,1602
3287.495005,832,1600
3287.500006,950,1601
3287.505007,943,1598
3287.510006,806,1597
3287.515006,867,1588
3287.520006,958,1588
3287.525006,843,1597
3287.530005,853,1595
3287.535006,977,1596
3287.540007,920,1594
3287.545006,832,1594
3287.550005,955,1592
3287.555006,947,1589
3287.560006,819,1588
3287.565006,878,1587
3287.570006,943,1589
3287.575006,829,1588
3287.580006,854,1585
3287.585006,977,1582
3287.590006,922,1580
3287.595005,826,1584
3287.600007,934,1581
3287.605006,925,1581
3287.610006,809,1580
3287.615005,866,1582
3287.620006,953,1582
3287.625006,834,1579
3287.630006,848,1580
3287.635005,968,1579
3287.640007,922,1578
3287.645007,831,1581
3287.650007,944,1578
3287.655006,936,1575
3287.660007,819,1579
3287.665005,855,1582
3287.670005,941,1583
3287.675006,834,1584
3287.680005,849,1584
3287.685007,967,1584
3287.690006,920,1584
3287.695006,828,1581
3287.700005,946,1584
3287.705006,937,1582
3287.710006,819,1587
3287.715006,859,1581
3287.720006,942,1587
3287.725006,829,1585
3287.730005,851,1583
3287.735005,974,1585
3287.740007,917,1588
3287.745005,831,1589
3287.750006,950,1589
3287.755005,934,1591
3287.760006,814,1589
3287.765005,865,1592
3287.770006,960,1589
3287.775006,849,1591
3287.780006,844,1591
3287.785005,968,1592
3287.790007,925,1590
3287.795006,838,1590
3287.800006,947,1596
3287.805006,935,1595
3287.810006,816,1596
3287.815006,868,1597
3287.820007,957,1596
3287.825006,851,1597
3287.830007,838,1599
3287.835006,978,1598
3287.840005,906,1602
3287.845006,826,1604
3287.850006,946,1607
3287.855006,943,1608
3287.860006,829,1608
3287.865006,888,1606
3287.870005,951,1606
3287.875007,832,1616
3287.880006,850,1615
3287.885005,968,1614
3287.890007,914,1617
3287.895007,831,1618
3287.900006,944,1620
3287.905006,936,1622
3287.910006,814,1622
3287.915007,867,1622
3287.920006,953,1623
3287.925005,838,1619
3287.930005,850,1621
3287.935007,970,1623
3287.940006,915,1623
3287.945005,830,1620
3287.950006,955,1621
3287.955006,947,1618
3287.960007,832,1621
3287.965007,865,1625
3287.970005,955,1620
3287.975006,840,1623
3287.980006,860,1623
3287.985005,980,1624
3287.990006,928,1621
3287.995006,828,1627
3288.000005,943,1626
3288.005006,934,1627
3288.010005,818,1628
3288.015007,886,1625
3288.020007,970,1625
3288.025007,836,1632
3288.030007,853,1628
3288.035005,973,1629
3288.040006,927,1624
3288.045005,848,1626
3288.050006,965,1622
3288.055005,953,1625
3288.060006,829,1622
3288.065005,871,1623
3288.070006,959,1621
3288.075006,843,1621
3288.080006,853,1621
3288.085006,979,1619
3288.090006,925,1620
3288.095005,847,1616
3288.100007,954,1619
3288.105006,942,1617
3288.110005,827,1617
3288.115007,879,1608
3288.120005,946,1614
3288.125007,837,1612
3288.130006,847,1615
3288.135006,975,1611
3288.140005,925,1611
3288.145007,840,1603
3288.150007,943,1605
3288.155005,940,1604
3288.160006,820,1602
3288.165006,860,1605
3288.170006,949,1603
3288.175005,835,1604
3288.180007,851,1598
3288.185006,969,1597
3288.190007,911,1596
3288.195007,825,1596
3288.200005,959,1593
3288.205006,940,1593
3288.210006,817,1592
3288.215006,859,1593
3288.220005,957,1592
3288.225006,826,1591
3288.230006,849,1589
3288.235005,973,1588
3288.240006,917,1588
3288.245006,836,1588
3288.250006,951,1587
3288.255007,921,1592
3288.260006,803,1590
3288.265005,861,1590
3288.270006,948,1590
3288.275006,830,1593
3288.280006,841,1592
3288.285006,964,1591
3288.290006,913,1589
3288.295006,827,1592
3288.300006,946,1594
3288.305005,938,1593
3288.310006,816,1590
3288.315006,872,1589
3288.320006,956,1591
3288.325006,831,1590
3288.330007,846,1592
3288.335007,972,1591
3288.340007,915,1590
3288.345006,832,1592
3288.350006,958,1590
3288.355006,946,1593
3288.360006,825,1589
3288.365005,877,1590
3288.370006,940,1598
3288.375006,822,1596
3288.380006,844,1601
3288.385006,969,1600
3288.390005,917,1598
3288.395006,831,1603
3288.400006,937,1601
3288.405005,926,1604
3288.410006,810,1605
3288.415006,875,1607
3288.420006,957,1599
3288.425005,840,1602
3288.430005,841,1609
3288.435005,963,1613
3288.440006,907,1615
3288.445005,840,1613
3288.450006,954,1612
3288.455006,939,1612
3288.460006,829,1609
3288.465005,879,1606
3288.470006,963,1612
3288.475006,826,1614
3288.480007,843,1609
3288.485007,963,1618
3288.490007,907,1617
3288.495006,829,1615
3288.500006,957,1616
3288.505006,947,1618
3288.510006,825,1617
3288.515006,885,1616
3288.520007,968,1618
3288.525007,828,1611
3288.530006,842,1620
3288.535006,970,1619
3288.540006,928,1617
3288.545006,839,1620
3288.550005,947,1618
3288.555006,932,1616
3288.560007,824,1611
3288.565007,890,1614
3288.570006,947,1618
3288.575005,833,1616
3288.580006,857,1615
3288.585006,980,1611
3288.590006,915,1615
3288.595005,834,1613
3288.600006,948,1614
3288.605006,938,1612
3288.610005,814,1612
3288.615006,882,1610
3288.620006,969,1606
3288.625007,837,1601
3288.630006,847,1612
3288.635006,963,1611
3288.640006,905,1614
3288.645007,834,1605
3288.650007,962,1607
3288.655006,946,1602
3288.660006,824,1610
3288.665007,889,1607
3288.670006,960,1609
3288.675006,842,1607
3288.680006,858,1611
3288.685006,973,1610
3288.690006,920,1613
3288.695006,834,1612
3288.700006,951,1609
3288.705006,934,1613
3288.710007,823,1613
3288.715006,881,1614
3288.720006,968,1614
3288.725006,845,1616
3288.730007,842,1619
3288.735007,968,1619
3288.740007,905,1619
3288.745006,828,1621
3288.750007,947,1619
3288.755006,941,1620
3288.760005,822,1622
3288.765006,880,1620
3288.770007,967,1620
3288.775007,845,1618
3288.780007,863,1615
3288.785006,962,1618
3288.790006,908,1615
3288.795006,834,1614
3288.800007,949,1617
3288.805006,936,1613
3288.810006,819,1612
3288.815007,877,1610
3288.820007,961,1612
3288.825006,836,1611
3288.830007,859,1608
3288.835007,965,1612
3288.840007,927,1611
3288.845005,824,1612
3288.850006,952,1611
3288.855006,939,1611
3288.860005,818,1612
3288.865007,884,1611
3288.870005,968,1610
3288.875006,845,1611
3288.880006,846,1611
3288.885006,968,1613
3288.890005,918,1610
3288.895006,846,1610
3288.900007,955,1613
3288.905007,939,1612
3288.910005,814,1610
3288.915007,879,1609
3288.920006,962,1609
3288.925005,842,1608
3288.930007,865,1604
3288.935006,960,1608
3288.940006,916,1608
3288.945006,841,1606
3288.950006,935,1610
3288.955006,923,1608
3288.960006,820,1606
3288.965005,883,1606
3288.970006,969,1603
3288.975006,840,1606
3288.980007,861,1605
3288.985006,973,1608
3288.990006,916,1602
3288.995005,821,1607
3289.000007,953,1607
3289.005006,939,1609
3289.010005,826,1609
3289.015006,887,1609
3289.020006,961,1605
3289.025006,824,1613
3289.030005,851,1613
3289.035005,965,1610
3289.040006,916,1611
3289.045006,830,1613
3289.050006,953,1611
3289.055006,944,1612
3289.060006,826,1610
3289.065006,866,1613
3289.070005,951,1613
3289.075006,833,1612
3289.080006,857,1612
3289.085007,972,1613
3289.090006,915,1609
3289.095005,834,1608
3289.100006,956,1601
3289.105007,945,1605
3289.110006,811,1599
3289.115006,881,1606
3289.120005,967,1605
3289.125007,841,1606
3289.130006,855,1605
3289.135006,958,1607
3289.140006,905,1606
3289.145007,837,1608
3289.150006,950,1605
3289.155005,933,1605
3289.160006,816,1605
3289.165006,883,1605
3289.170006,961,1605
3289.175007,837,1601
3289.180007,850,1595
3289.185005,962,1605
3289.190005,909,1599
3289.195006,839,1595
3289.200005,957,1597
3289.205006,931,1595
3289.210006,822,1594
3289.215005,882,1596
3289.220006,964,1597
3289.225006,821,1598
3289.230006,848,1593
3289.235006,962,1599
3289.240006,904,1601
3289.245005,836,1597
3289.250006,939,1602
3289.255006,928,1600
3289.260005,813,1599
3289.265006,880,1598
3289.270007,953,1601
3289.275006,833,1600
3289.280006,864,1596
3289.285006,966,1601
3289.290007,896,1602
3289.295006,821,1600
3289.300005,943,1601
3289.305006,931,1597
3289.310007,813,1599
3289.315006,879,1597
3289.320006,969,1593
3289.325005,826,1598
3289.330006,849,1595
3289.335006,971,1593
3289.340007,915,1592
3289.345005,844,1588
3289.350007,963,1590
3289.355006,927,1593
3289.360006,818,1587
3289.365006,872,1596
3289.370005,960,1595
3289.375006,845,1593
3289.380006,858,1596
3289.385006,977,1596
3289.390006,920,1593
3289.395006,843,1593
3289.400006,958,1596
3289.405005,939,1595
3289.410006,822,1598
3289.415007,882,1597
3289.420007,959,1598
3289.425007,838,1589
3289.430005,848,1598
3289.435006,975,1599
3289.440006,915,1597
3289.445006,827,1589
3289.450005,943,1599
3289.455006,937,1597
3289.460006,820,1598
3289.465005,886,1596
3289.470006,964,1598
3289.475006,833,1599
3289.480006,856,1600
3289.485005,976,1599
3289.490005,923,1601
3289.495006,847,1603
3289.500005,943,1605
3289.505005,934,1600
3289.510005,814,1608
3289.515006,889,1606
3289.520007,972,1605
3289.525006,844,1607
3289.530005,868,1604
3289.535007,985,1605
3289.540007,898,1609
3289.545006,829,1608
3289.550006,963,1604
3289.555005,946,1603
3289.560007,828,1604
3289.565006,879,1605
3289.570006,971,1598
3289.575006,851,1598
3289.580006,863,1601
3289.585006,959,1603
3289.590007,916,1597
3289.595005,829,1601
3289.600007,958,1600
3289.605006,944,1595
3289.610005,827,1601
3289.615007,892,1597
3289.620006,961,1597
3289.625007,824,1605
3289.630006,861,1595
3289.635005,963,1607
3289.640006,918,1605
3289.645006,823,1609
3289.650006,943,1609
3289.655006,949,1605
3289.660006,825,1604
3289.665007,870,1604
3289.670006,955,1605
3289.675005,844,1598
3289.680006,848,1607
3289.685006,973,1604
3289.690006,913,1605
3289.695006,843,1604
3289.700005,941,1608
3289.705006,935,1610
3289.710006,826,1610
3289.715006,894,1606
3289.720006,957,1609
3289.725007,838,1610
3289.730006,845,1612
3289.735006,981,1611
3289.740005,916,1613
3289.745007,834,1612
3289.750005,952,1614
3289.755005,942,1616
3289.760006,816,1618
3289.765006,891,1618
3289.770006,967,1617
3289.775007,826,1612
3289.780006,859,1620
3289.785006,980,1618
3289.790006,913,1620
3289.795007,818,1621
3289.800007,941,1625
3289.805005,928,1622
3289.810006,806,1623
3289.815007,875,1622
3289.820006,950,1621
3289.825005,840,1619
3289.830007,861,1623
3289.835006,957,1622
3289.840006,900,1621
3289.845006,840,1619
3289.850007,938,1620
3289.855006,928,1621
3289.860006,818,1620
3289.865005,892,1615
3289.870006,952,1618
3289.875007,840,1619
3289.880006,856,1617
3289.885005,956,1621
3289.890007,907,1619
3289.895006,817,1619
3289.900006,957,1611
3289.905007,933,1613
3289.910006,806,1613
3289.915006,885,1612
3289.920006,948,1613
3289.925006,830,1611
3289.930005,861,1610
3289.935006,971,1602
3289.940007,895,1609
3289.945006,833,1607
3289.950006,961,1605
3289.955006,923,1606
3289.960006,815,1605
3289.965005,887,1603
3289.970006,961,1602
3289.975006,839,1602
3289.980006,845,1603
3289.985005,963,1602
3289.990006,909,1605
3289.995005,828,1604
3290.000006,963,1600
3290.005007,921,1605
3290.010006,813,1601
3290.015005,887,1603
3290.020006,959,1595
3290.025006,828,1603
3290.030006,848,1601
3290.035006,966,1605
3290.040006,908,1602
3290.045006,835,1604
3290.050006,964,1601
3290.055005,929,1605
3290.060006,817,1604
3290.065007,886,1605
3290.070006,968,1601
3290.075005,838,1602
3290.080006,842,1606
3290.085006,974,1603
3290.090006,918,1603
3290.095005,828,1606
3290.100006,949,1603
3290.105006,938,1602
3290.110006,818,1603
3290.115006,886,1602
3290.120005,969,1604
3290.125006,842,1597
3290.130005,861,1602
3290.135005,961,1603
3290.140006,904,1604
3290.145006,837,1600
3290.150006,961,1600
3290.155005,940,1601
3290.160006,804,1601
3290.165005,878,1601
3290.170006,948,1604
3290.175005,834,1602
3290.180006,852,1603
3290.185006,979,1604
3290.190007,923,1599
3290.195006,847,1602
3290.200005,947,1605
3290.205007,931,1608
3290.210007,828,1605
3290.215007,896,1606
3290.220006,964,1606
3290.225006,832,1607
3290.230007,857,1610
3290.235006,966,1606
3290.240005,900,1611
3290.245006,828,1613
3290.250006,947,1615
3290.255007,951,1611
3290.260007,814,1611
3290.265005,883,1616
3290.270007,957,1614
3290.275006,841,1614
3290.280006,865,1614
3290.285005,978,1614
3290.290007,912,1615
3290.295006,830,1616
3290.300005,952,1618
3290.305006,937,1617
3290.310006,826,1618
3290.315007,889,1617
3290.320006,966,1624
3290.325005,845,1614
3290.330006,852,1612
3290.335006,960,1625
3290.340006,906,1620
3290.345005,834,1624
3290.350006,953,1624
3290.355006,933,1623
3290.360007,822,1622
3290.365006,884,1625
3290.370006,959,1622
3290.375005,842,1624
3290.380006,859,1625
3290.385005,975,1622
3290.390006,918,1624
3290.395006,820,1626
3290.400006,943,1626
3290.405006,931,1628
3290.410006,819,1623
3290.415006,884,1622
3290.420006,958,1623
3290.425005,844,1621
3290.430006,853,1620
3290.435007,976,1619
3290.440006,913,1621
3290.445006,820,1619
3290.450005,966,1617
3290.455006,940,1616
3290.460006,815,1606
3290.465006,887,1616
3290.470005,960,1611
3290.475006,837,1615
3290.480006,853,1610
3290.485005,962,1617
3290.490006,905,1612
3290.495005,847,1614
3290.500006,942,1616
3290.505006,928,1613
3290.510005,829,1613
3290.515007,891,1614
3290.520006,969,1608
3290.525006,821,1619
3290.530005,849,1615
3290.535006,965,1615
3290.540006,906,1615
3290.545007,828,1618
3290.550006,954,1619
3290.555005,947,1618
3290.560005,831,1614
3290.565005,889,1609
3290.570006,944,1620
3290.575006,830,1620
3290.580007,856,1622
3290.585007,973,1622
3290.590006,911,1623
3290.595005,839,1624
3290.600007,962,1622
3290.605007,948,1620
3290.610007,822,1617
3290.615006,897,1623
3290.620006,964,1624
3290.625006,840,1620
3290.630006,865,1618
3290.635006,962,1625
3290.640005,901,1623
3290.645007,834,1621
3290.650007,955,1621
3290.655006,946,1619
3290.660006,829,1616
3290.665007,871,1620
3290.670007,948,1617
3290.675006,834,1615
3290.680005,858,1616
3290.685006,980,1613
3290.690007,915,1614
3290.695006,843,1606
3290.700005,960,1611
3290.705007,940,1611
3290.710006,822,1612
3290.715005,889,1615
3290.720007,958,1613
3290.725005,843,1613
3290.730005,858,1612
3290.735006,959,1611
3290.740005,897,1613
3290.745006,829,1615
3290.750006,947,1616
3290.755006,936,1613
3290.760006,827,1614
3290.765005,885,1605
3290.770006,949,1615
3290.775006,831,1614
3290.780005,851,1616
3290.785007,964,1616
3290.790007,898,1618
3290.795006,833,1613
3290.800006,961,1611
3290.805006,945,1609
3290.810006,818,1608
3290.815006,884,1605
3290.820007,957,1607
3290.825005,840,1608
3290.830006,841,1605
3290.835006,961,1601
3290.840007,899,1601
3290.845006,830,1602
3290.850007,952,1604
3290.855007,940,1601
3290.860006,831,1602
3290.865006,874,1597
3290.870005,953,1600
3290.875006,842,1601
3290.880006,842,1602
3290.885006,981,1598
3290.890006,912,1598
3290.895006,841,1593
3290.900005,942,1602
3290.905006,925,1600
3290.910006,818,1597
3290.915006,891,1598
3290.920007,963,1598
3290.925007,840,1598
3290.930005,858,1598
3290.935006,971,1599
3290.940005,913,1601
3290.945006,837,1600
3290.950006,961,1600
3290.955006,945,1598
3290.960007,822,1596
3290.965006,874,1593
3290.970006,960,1601
3290.975005,819,1603
3290.980005,848,1600
3290.985006,964,1604
3290.990005,906,1604
3290.995006,843,1603
3291.000006,964,1608
3291.005006,944,1606
3291.010007,825,1605
3291.015006,890,1608
3291.020006,963,1608
3291.025006,834,1607
3291.030005,853,1608
3291.035006,978,1608
3291.040006,911,1598
3291.045006,829,1608
3291.050006,955,1610
3291.055006,934,1609
3291.060006,819,1615
3291.065007,894,1611
3291.070006,962,1610
3291.075006,841,1611
3291.080006,852,1611
3291.085006,977,1612
3291.090005,915,1611
3291.095006,844,1612
3291.100006,944,1615
3291.105006,928,1615
3291.110005,816,1615
3291.115007,888,1613
3291.120005,965,1616
3291.125007,825,1616
3291.130007,849,1617
3291.135006,968,1617
3291.140005,905,1617
3291.145007,830,1616
3291.150006,958,1615
3291.155006,940,1616
3291.160006,821,1616
3291.165006,889,1616
3291.170006,966,1617
3291.175006,835,1611
3291.180005,848,1618
3291.185006,970,1617
3291.190006,914,1619
3291.195005,840,1617
3291.200006,962,1619
3291.205006,943,1617
3291.210006,830,1614
3291.215005,873,1618
3291.220005,946,1618
3291.225006,828,1618
3291.230007,853,1619
3291.235006,979,1617
3291.240006,909,1616
3291.245005,841,1616
3291.250006,961,1619
3291.255007,923,1619
3291.260006,829,1615
3291.265005,898,1616
3291.270006,941,1618
3291.275006,823,1616
3291.280005,852,1616
3291.285007,970,1616
3291.290007,907,1615
3291.295006,833,1613
3291.300006,964,1613
3291.305005,947,1614
3291.310006,825,1611
3291.315006,894,1609
3291.320006,959,1607
3291.325005,818,1613
3291.330007,842,1614
3291.335006,971,1606
3291.340006,906,1608
3291.345006,840,1607
3291.350006,947,1601
3291.355006,926,1611
3291.360006,808,1604
3291.365005,886,1603
3291.370006,955,1602
3291.375007,833,1604
3291.380006,864,1599
3291.385005,980,1601
3291.390006,915,1597
3291.395006,835,1598
3291.400006,961,1598
3291.405006,941,1601
3291.410005,825,1598
3291.415007,894,1598
3291.420006,938,1600
3291.425006,830,1598
3291.430005,853,1601
3291.435007,960,1596
3291.440006,891,1600
3291.445007,825,1601
3291.450005,970,1594
3291.455006,925,1601
3291.460006,820,1599
3291.465006,896,1598
3291.470005,962,1600
3291.475007,818,1603
3291.480006,845,1601
3291.485006,979,1598
3291.490006,910,1597
3291.495005,827,1606
3291.500006,953,1607
3291.505006,938,1610
3291.510006,823,1609
3291.515006,880,1607
3291.520007,949,1614
3291.525006,829,1614
3291.530005,855,1614
3291.535006,974,1615
3291.540006,909,1617
3291.545006,844,1616
3291.550005,950,1619
3291.555006,934,1619
3291.560006,828,1619
3291.565007,897,1616
3291.570006,967,1619
3291.575007,840,1619
3291.580006,847,1618
3291.585007,967,1620
3291.590006,906,1618
3291.595005,841,1618
3291.600006,965,1620
3291.605007,925,1620
3291.610006,816,1621
3291.615007,894,1621
3291.620006,966,1621
3291.625006,843,1620
3291.630006,860,1617
3291.635006,960,1617
3291.640005,920,1617
3291.645006,843,1620
3291.650005,943,1624
3291.655006,929,1621
3291.660006,818,1616
3291.665005,894,1611
3291.670005,949,1619
3291.675005,833,1620
3291.680006,863,1612
3291.685007,961,1620
3291.690005,906,1615
3291.695005,841,1614
3291.700007,965,1613
3291.705006,927,1614
3291.710006,813,1615
3291.715006,888,1612
3291.720005,971,1610
3291.725005,823,1615
3291.730005,863,1605
3291.735006,959,1610
3291.740005,894,1609
3291.745005,830,1608
3291.750006,960,1609
3291.755006,946,1603
3291.760007,827,1601
3291.765005,890,1603
3291.770006,963,1602
3291.775006,837,1594
3291.780005,844,1603
3291.785006,970,1589
3291.790006,892,1601
3291.795006,826,1597
3291.800005,949,1600
3291.805006,935,1600
3291.810006,815,1599
3291.815005,878,1601
3291.820005,954,1596
3291.825007,827,1599
3291.830006,850,1597
3291.835006,977,1596
3291.840005,909,1595
3291.845006,840,1594
3291.850006,959,1590
3291.855007,942,1587
3291.860006,805,1594
3291.865005,880,1593
3291.870006,945,1591
3291.875007,826,1592
3291.880006,851,1592
3291.885005,971,1592
3291.890006,908,1594
3291.895006,835,1595
3291.900006,966,1591
3291.905006,943,1595
3291.910005,819,1594
3291.915007,868,1599
3291.920006,966,1598
3291.925005,837,1598
3291.930006,861,1602
3291.935007,955,1600
3291.940006,887,1604
3291.945005,840,1602
3291.950006,944,1600
3291.955006,938,1600
3291.960006,827,1604
3291.965007,887,1602
3291.970006,942,1609
3291.975006,829,1605
3291.980006,860,1604
3291.985006,961,1599
3291.990005,890,1606
3291.995007,827,1607
3292.000005,955,1607
3292.005005,923,1609
3292.010006,806,1607
3292.015005,883,1598
3292.020005,948,1609
3292.025006,821,1610
3292.030005,847,1609
3292.035006,969,1607
3292.040005,904,1607
3292.045005,832,1611
3292.050005,955,1609
3292.055007,934,1611
3292.060006,814,1613
3292.065007,890,1611
3292.070007,959,1608
3292.075006,817,1615
3292.080006,846,1613
3292.085007,966,1614
3292.090006,899,1616
3292.095005,836,1615
3292.100006,957,1615
3292.105006,936,1617
3292.110005,828,1617
3292.115006,896,1616
3292.120005,950,1613
3292.125006,823,1619
3292.130006,852,1619
3292.135006,973,1622
3292.140006,913,1620
3292.145006,845,1619
3292.150007,958,1612
3292.155006,922,1621
3292.160006,809,1622
3292.165006,882,1619
3292.170006,964,1619
3292.175006,821,1619
3292.180005,847,1619
3292.185006,972,1617
3292.190006,910,1613
3292.195005,827,1617
3292.200006,955,1619
3292.205006,926,1619
3292.210007,816,1617
3292.215006,902,1614
3292.220006,944,1614
3292.225006,840,1610
3292.230006,864,1611
3292.235005,963,1617
3292.240006,916,1614
3292.245006,831,1611
3292.250007,954,1614
3292.255006,939,1613
3292.260006,829,1611
3292.265005,901,1610
3292.270006,944,1616
3292.275006,829,1612
3292.280006,858,1612
3292.285005,979,1611
3292.290006,911,1612
3292.295006,837,1611
3292.300006,965,1614
3292.305006,943,1611
3292.310006,829,1609
3292.315007,874,1613
3292.320006,951,1616
3292.325006,828,1618
3292.330006,858,1613
3292.335006,982,1612
3292.340005,911,1613
3292.345006,841,1616
3292.350005,961,1614
3292.355006,940,1613
3292.360005,826,1615
3292.365006,896,1616
3292.370005,958,1615
3292.375006,841,1618
3292.380007,864,1617
3292.385006,975,1617
3292.390005,907,1605
3292.395007,841,1611
3292.400005,949,1619
3292.405006,929,1616
3292.410005,815,1616
3292.415007,889,1614
3292.420005,959,1614
3292.425006,831,1614
3292.430006,866,1612
3292.435007,960,1614
3292.440006,898,1613
3292.445005,843,1610
3292.450006,945,1614
3292.455006,932,1611
3292.460006,813,1611
3292.465006,882,1606
3292.470006,950,1607
3292.475007,829,1608
3292.480006,853,1607
3292.485006,977,1607
3292.490006,905,1605
3292.495006,837,1605
3292.500007,952,1609
3292.505006,935,1608
3292.510005,819,1609
3292.515006,880,1610
3292.520006,950,1610
3292.525006,833,1609
3292.530006,865,1609
3292.535005,980,1605
3292.540007,885,1615
3292.545006,821,1616
3292.550005,949,1615
3292.555006,938,1613
3292.560006,820,1612
3292.565007,886,1611
3292.570006,950,1612
3292.575006,830,1613
3292.580006,845,1614
3292.585006,968,1613
3292.590006,911,1612
3292.595005,848,1609
3292.600007,960,1614
3292.605006,928,1611
3292.610006,829,1606
3292.615005,882,1611
3292.620006,949,1609
3292.625006,827,1611
3292.630007,851,1610
3292.635006,977,1610
3292.640005,912,1606
3292.645006,826,1608
3292.650006,954,1607
3292.655005,939,1605
3292.660007,810,1597
3292.665006,883,1604
3292.670006,952,1606
3292.675006,826,1604
3292.680005,853,1605
3292.685006,974,1603
3292.690006,907,1602
3292.695005,827,1606
3292.700007,947,1608
3292.705006,929,1604
3292.710007,830,1603
3292.715006,893,1601
3292.720005,965,1602
3292.725006,834,1598
3292.730007,844,1603
3292.735006,959,1603
3292.740006,898,1600
3292.745006,838,1599
3292.750006,952,1600
3292.755006,934,1597
3292.760006,831,1599
3292.765006,885,1598
3292.770005,957,1597
3292.775005,839,1599
3292.780005,846,1600
3292.785006,966,1600
3292.790006,899,1598
3292.795006,828,1599
3292.800005,954,1597
3292.805006,933,1599
3292.810006,814,1597
3292.815006,889,1598
3292.820006,960,1598
3292.825005,835,1599
3292.830006,864,1601
3292.835006,960,1604
3292.840005,893,1601
3292.845005,831,1604
3292.850006,954,1603
3292.855006,929,1606
3292.860005,813,1601
3292.865006,894,1595
3292.870006,945,1604
3292.875006,845,1602
3292.880006,868,1605
3292.885005,973,1606
3292.890007,911,1604
3292.895006,823,1608
3292.900006,966,1605
3292.905006,944,1603
3292.910006,826,1606
3292.915006,878,1610
3292.920006,970,1604
3292.925006,825,1608
3292.930006,851,1608
3292.935006,970,1609
3292.940006,905,1607
3292.945005,839,1599
3292.950006,952,1610
3292.955006,942,1609
3292.960006,825,1611
3292.965007,894,1611
3292.970006,966,1609
3292.975006,836,1610
3292.980007,859,1614
3292.985006,980,1611
3292.990005,909,1604
3292.995007,829,1614
3293.000006,953,1613
3293.005006,946,1615
3293.010005,827,1617
3293.015007,897,1617
3293.020006,962,1616
3293.025007,845,1612
3293.030007,863,1617
3293.035006,976,1618
3293.040006,905,1619
3293.045006,844,1612
3293.050006,947,1621
3293.055005,929,1621
3293.060006,823,1620
3293.065007,898,1620
3293.070006,968,1623
3293.075006,827,1623
3293.080006,854,1623
3293.085006,970,1626
3293.090007,898,1624
3293.095007,843,1622
3293.100005,969,1625
3293.105005,945,1626
3293.110005,824,1625
3293.115006,878,1626
3293.120005,951,1625
3293.125005,833,1623
3293.130006,861,1621
3293.135005,982,1620
3293.140006,909,1619
3293.145006,842,1620
3293.150006,962,1621
3293.155005,925,1621
3293.160006,808,1621
3293.165006,886,1617
3293.170006,951,1620
3293.175005,834,1617
3293.180007,857,1616
3293.185007,972,1616
3293.190006,905,1616
3293.195006,841,1617
3293.200005,956,1619
3293.205007,929,1619
3293.210006,814,1619
3293.215006,893,1618
3293.220006,962,1618
3293.225005,836,1619
3293.230006,843,1621
3293.235005,960,1624
3293.240006,903,1618
3293.245006,842,1621
3293.250006,965,1621
3293.255006,944,1619
3293.260006,804,1622
3293.265006,880,1621
3293.270006,946,1621
3293.275006,829,1620
3293.280007,856,1621
3293.285006,978,1619
3293.290007,906,1612
3293.295007,833,1618
3293.300007,962,1616
3293.305006,943,1612
3293.310007,821,1614
3293.315006,890,1615
3293.320005,956,1610
3293.325006,815,1617
3293.330005,843,1615
3293.335005,957,1613
3293.340005,885,1613
3293.345006,824,1612
3293.350006,968,1610
3293.355006,941,1609
3293.360005,817,1603
3293.365007,877,1606
3293.370006,945,1610
3293.375006,817,1611
3293.380007,853,1612
3293.385006,965,1614
3293.390005,908,1613
3293.395006,838,1611
3293.400006,965,1615
3293.405007,939,1608
3293.410006,802,1613
3293.415007,884,1613
3293.420006,955,1613
3293.425006,828,1612
3293.430005,857,1614
3293.435007,973,1613
3293.440006,907,1612
3293.445006,841,1610
3293.450005,948,1612
3293.455005,927,1611
3293.460005,816,1615
3293.465005,891,1609
3293.470006,957,1612
3293.475005,827,1609
3293.480006,856,1606
3293.485006,968,1607
3293.490006,903,1608
3293.495005,839,1608
3293.500007,961,1603
3293.505007,936,1603
3293.510006,823,1605
3293.515005,892,1605
3293.520007,955,1604
3293.525006,832,1603
3293.530005,861,1604
3293.535006,976,1602
3293.540006,907,1604
3293.545006,819,1605
3293.550006,961,1604
3293.555005,938,1605
3293.560007,805,1609
3293.565006,882,1607
3293.570005,948,1604
3293.575007,828,1604
3293.580005,853,1604
3293.585005,970,1602
3293.590005,911,1605
3293.595005,843,1601
3293.600007,967,1604
3293.605006,925,1606
3293.610005,813,1606
3293.615006,890,1603
3293.620006,967,1604
3293.625006,840,1604
3293.630006,865,1604
3293.635005,962,1604
3293.640006,912,1606
3293.645007,828,1606
3293.650006,963,1608
3293.655005,943,1608
3293.660007,822,1604
3293.665005,892,1608
3293.670006,949,1608
3293.675005,823,1608
3293.680007,848,1610
3293.685005,970,1609
3293.690006,904,1608
3293.695005,842,1606
3293.700006,974,1607
3293.705006,948,1609
3293.710006,809,1613
3293.715005,889,1612
3293.720007,943,1612
3293.725006,841,1609
3293.730006,848,1616
3293.735006,967,1611
3293.740006,890,1614
3293.745006,828,1615
3293.750007,952,1610
3293.755006,927,1613
3293.760006,811,1613
3293.765007,887,1612
3293.770006,960,1610
3293.775006,837,1608
3293.780007,860,1609
3293.785005,974,1608
3293.790006,905,1608
3293.795007,845,1605
3293.800006,963,1605
3293.805006,937,1598
3293.810007,803,1607
3293.815007,879,1605
3293.820006,950,1602
3293.825006,829,1604
3293.830007,851,1599
3293.835006,967,1598
3293.840006,903,1597
3293.845005,842,1598
3293.850006,962,1601
3293.855005,936,1595
3293.860005,828,1594
3293.865006,872,1596
3293.870006,943,1595
3293.875006,824,1593
3293.880006,850,1591
3293.885006,964,1591
3293.890006,894,1594
3293.895007,831,1592
3293.900006,956,1593
3293.905005,936,1590
3293.910006,823,1589
3293.915006,896,1588
3293.920005,963,1588
3293.925005,815,1592
3293.930006,844,1595
3293.935007,962,1592
3293.940006,889,1593
3293.945006,823,1599
3293.950006,955,1594
3293.955006,938,1596
3293.960005,823,1597
3293.965005,898,1598
3293.970007,956,1599
3293.975006,814,1606
3293.980006,842,1609
3293.985006,959,1608
3293.990005,896,1609
3293.995006,833,1608
3294.000007,959,1611
3294.005006,939,1614
3294.010006,804,1614
3294.015005,882,1613
3294.020006,952,1616
3294.025007,832,1614
3294.030006,868,1616
3294.035006,957,1623
3294.040006,892,1621
3294.045007,831,1618
3294.050006,969,1620
3294.055005,923,1624
3294.060006,809,1622
3294.065007,880,1626
3294.070007,949,1624
3294.075006,833,1624
3294.080006,846,1626
3294.085006,964,1625
3294.090007,893,1625
3294.095006,829,1625
3294.100006,953,1624
3294.105006,930,1625
3294.110005,813,1625
3294.115006,891,1622
3294.120006,956,1624
3294.125006,831,1623
3294.130006,859,1613
3294.135006,967,1622
3294.140005,902,1621
3294.145006,841,1621
3294.150007,962,1620
3294.155007,945,1623
3294.160005,827,1620
3294.165006,874,1625
3294.170006,945,1625
3294.175005,823,1626
3294.180006,848,1625
3294.185007,966,1621
3294.190006,900,1622
3294.195005,838,1620
3294.200007,962,1622
3294.205006,938,1623
3294.210006,823,1618
3294.215006,899,1620
3294.220005,964,1617
3294.225007,815,1617
3294.230006,841,1618
3294.235006,961,1615
3294.240006,889,1614
3294.245005,830,1613
3294.250006,948,1614
3294.255006,949,1608
3294.260007,806,1613
3294.265005,880,1614
3294.270006,950,1606
3294.275006,835,1605
3294.280005,860,1605
3294.285007,978,1605
3294.290005,905,1601
3294.295005,823,1606
3294.300005,949,1603
3294.305006,929,1601
3294.310007,811,1604
3294.315007,891,1598
3294.320007,956,1599
3294.325005,835,1597
3294.330006,866,1601
3294.335006,982,1596
3294.340005,894,1597
3294.345007,826,1598
3294.350006,973,1596
3294.355006,949,1598
3294.360005,805,1601
3294.365006,889,1597
3294.370006,961,1598
3294.375007,835,1601
3294.380005,865,1599
3294.385005,978,1596
3294.390006,893,1593
3294.395007,826,1596
3294.400006,955,1598
3294.405006,942,1595
3294.410005,827,1588
3294.415007,879,1598
3294.420006,956,1596
3294.425006,837,1597
3294.430006,861,1592
3294.435006,960,1592
3294.440007,893,1588
3294.445007,831,1587
3294.450006,964,1589
3294.455006,925,1598
3294.460006,811,1594
3294.465006,882,1595
3294.470005,954,1595
3294.475006,822,1597
3294.480007,857,1594
3294.485006,971,1595
3294.490006,917,1589
3294.495005,824,1598
3294.500006,949,1595
3294.505005,925,1598
3294.510005,810,1594
3294.515006,904,1593
3294.520006,967,1593
3294.525006,841,1589
3294.530006,841,1593
3294.535006,960,1595
3294.540006,895,1590
3294.545007,832,1591
3294.550006,963,1589
3294.555006,944,1592
3294.560006,826,1590
3294.565006,894,1586
3294.570006,942,1592
3294.575006,816,1593
3294.580007,847,1595
3294.585006,964,1594
3294.590007,895,1595
3294.595007,830,1594
3294.600006,959,1599
3294.605007,943,1586
3294.610006,808,1600
3294.615005,889,1600
3294.620006,957,1602
3294.625006,833,1602
3294.630006,860,1602
3294.635005,974,1600
3294.640007,906,1601
3294.645006,827,1599
3294.650007,951,1605
3294.655005,946,1602
3294.660006,825,1603
3294.665006,899,1602
3294.670006,954,1599
3294.675006,817,1609
3294.680005,853,1606
3294.685006,980,1608
3294.690006,909,1611
3294.695006,846,1606
3294.700005,944,1614
3294.705006,922,1616
3294.710007,807,1616
3294.715006,893,1617
3294.720006,964,1619
3294.725007,822,1617
3294.730007,854,1616
3294.735007,981,1616
3294.740006,912,1612
3294.745006,848,1617
3294.750006,966,1616
3294.755007,939,1615
3294.760006,801,1617
3294.765006,879,1616
3294.770006,945,1616
3294.775005,829,1615
3294.780006,863,1613
3294.785005,979,1613
3294.790006,908,1615
3294.795006,845,1613
3294.800006,950,1611
3294.805005,922,1615
3294.810007,806,1618
3294.815006,896,1610
3294.820007,942,1615
3294.825006,824,1616
3294.830006,853,1614
3294.835006,971,1612
3294.840005,900,1613
3294.845006,838,1612
3294.850006,962,1612
3294.855006,925,1610
3294.860006,821,1601
3294.865005,880,1610
3294.870007,944,1611
3294.875005,819,1610
3294.880006,853,1607
3294.885006,980,1607
3294.890006,913,1604
3294.895007,844,1605
3294.900007,968,1603
3294.905006,936,1602
3294.910006,802,1604
3294.915007,875,1604
3294.920007,943,1599
3294.925005,819,1604
3294.930006,850,1602
3294.935007,971,1600
3294.940007,902,1601
3294.945006,838,1600
3294.950005,958,1601
3294.955007,938,1599
3294.960006,827,1600
3294.965005,873,1604
3294.970006,942,1601
3294.975006,821,1602
3294.980006,848,1604
3294.985006,968,1602
3294.990006,899,1601
3294.995005,836,1601
3295.000006,958,1602
3295.005006,941,1602
3295.010006,822,1602
3295.015006,899,1603
3295.020007,955,1599
3295.025006,825,1597
3295.030005,842,1608
3295.035006,972,1603
3295.040007,904,1606
3295.045007,843,1604
3295.050007,963,1606
3295.055005,937,1606
3295.060006,820,1609
3295.065006,895,1599
3295.070006,956,1596
3295.075006,813,1606
3295.080006,842,1605
3295.085007,963,1605
3295.090006,897,1605
3295.095005,836,1603
3295.100006,954,1605
3295.105006,929,1602
3295.110006,825,1601
3295.115005,882,1604
3295.120006,952,1603
3295.125006,827,1603
3295.130006,869,1600
3295.135007,961,1603
3295.140006,892,1601
3295.145006,826,1603
3295.150006,949,1607
3295.155005,929,1602
3295.160006,814,1601
3295.165006,886,1600
3295.170007,949,1602
3295.175006,832,1601
3295.180005,869,1596
3295.185006,967,1593
3295.190006,887,1602
3295.195007,827,1597
3295.200005,954,1600
3295.205006,928,1601
3295.210006,816,1600
3295.215007,892,1598
3295.220005,965,1602
3295.225007,836,1600
3295.230007,864,1599
3295.235006,982,1599
3295.240005,908,1602
3295.245006,824,1605
3295.250006,955,1606
3295.255006,937,1606
3295.260005,826,1603
3295.265007,903,1605
3295.270006,964,1606
3295.275006,823,1598
3295.280006,846,1606
3295.285007,972,1608
3295.290007,905,1604
3295.295006,843,1605
3295.300005,963,1607
3295.305006,943,1605
3295.310007,808,1604
3295.315005,881,1606
3295.320005,945,1606
3295.325006,823,1606
3295.330006,852,1605
3295.335006,964,1605
3295.340005,905,1603
3295.345006,843,1597
3295.350006,947,1605
3295.355006,929,1604
3295.360006,817,1601
3295.365006,889,1602
3295.370005,951,1600
3295.375007,821,1600
3295.380007,866,1597
3295.385006,979,1593
3295.390005,890,1604
3295.395007,829,1604
3295.400006,956,1603
3295.405005,946,1602
3295.410006,808,1606
3295.415007,880,1607
3295.420007,943,1604
3295.425006,825,1597
3295.430006,846,1604
3295.435007,963,1606
3295.440006,893,1605
3295.445005,842,1601
3295.450007,969,1600
3295.455006,923,1604
3295.460006,807,1607
3295.465006,887,1606
3295.470005,967,1605
3295.475006,834,1598
3295.480006,848,1604
3295.485006,977,1602
3295.490005,904,1603
3295.495006,846,1602
3295.500006,965,1600
3295.505006,925,1602
3295.510006,821,1598
3295.515005,900,1600
3295.520006,963,1602
3295.525007,834,1598
3295.530006,842,1601
3295.535006,966,1599
3295.540007,901,1600
3295.545006,839,1602
3295.550006,970,1599
3295.555006,931,1602
3295.560006,822,1592
3295.565006,882,1597
3295.570006,941,1606
3295.575005,818,1601
3295.580006,845,1605
3295.585006,961,1604
3295.590007,890,1605
3295.595006,850,1605
3295.600007,965,1602
3295.605006,947,1599
3295.610005,807,1603
3295.615005,882,1602
3295.620006,957,1600
3295.625006,833,1601
3295.630007,857,1600
3295.635006,974,1600
3295.640005,903,1600
3295.645007,823,1608
3295.650006,955,1603
3295.655006,929,1604
3295.660006,816,1604
3295.665006,889,1603
3295.670006,948,1602
3295.675005,827,1604
3295.680007,862,1603
3295.685006,977,1598
3295.690007,905,1600
3295.695005,822,1610
3295.700006,953,1607
3295.705006,929,1606
3295.710006,807,1609
3295.715006,882,1609
3295.720006,944,1609
3295.725006,826,1611
3295.730006,856,1609
3295.735006,974,1608
3295.740006,900,1612
3295.745006,838,1609
3295.750006,971,1609
3295.755007,941,1609
3295.760007,825,1605
3295.765005,897,1610
3295.770006,961,1615
3295.775007,835,1616
3295.780006,864,1613
3295.785005,960,1613
3295.790006,898,1607
3295.795006,841,1605
3295.800006,964,1613
3295.805005,922,1617
3295.810006,813,1616
3295.815006,891,1614
3295.820006,955,1615
3295.825006,833,1612
3295.830006,862,1608
3295.835006,960,1619
3295.840006,906,1614
3295.845005,831,1614
3295.850006,955,1613
3295.855006,928,1616
3295.860006,814,1614
3295.865005,890,1610
3295.870006,965,1612
3295.875006,822,1611
3295.880007,856,1608
3295.885007,978,1604
3295.890005,886,1615
3295.895007,829,1610
3295.900005,952,1612
3295.905006,930,1607
3295.910005,818,1608
3295.915006,900,1608
3295.920007,960,1610
3295.925006,815,1613
3295.930006,867,1612
3295.935005,957,1616
3295.940006,888,1613
3295.945005,827,1615
3295.950007,948,1616
3295.955006,928,1615
3295.960006,822,1618
3295.965005,893,1618
3295.970006,964,1616
3295.975006,835,1618
3295.980006,859,1616
3295.985005,978,1619
3295.990006,882,1617
3295.995005,824,1622
3296.000006,954,1616
3296.005007,925,1622
3296.010007,813,1622
3296.015006,885,1619
3296.020006,954,1620
3296.025006,829,1620
3296.030005,858,1620
3296.035007,975,1621
3296.040005,901,1623
3296.045006,827,1623
3296.050006,958,1623
3296.055005,942,1620
3296.060007,814,1616
3296.065007,882,1623
3296.070006,947,1624
3296.075005,828,1625
3296.080006,858,1622
3296.085006,970,1624
3296.090006,900,1625
3296.095006,846,1623
3296.100006,969,1622
3296.105006,934,1624
3296.110006,818,1623
3296.115005,895,1623
3296.120006,961,1622
3296.125006,816,1624
3296.130005,852,1619
3296.135005,961,1621
3296.140006,893,1622
3296.145005,842,1618
3296.150005,963,1617
3296.155005,943,1616
3296.160006,829,1610
3296.165007,878,1617
3296.170006,942,1614
3296.175005,818,1614
3296.180006,864,1605
3296.185006,960,1611
3296.190006,896,1610
3296.195005,841,1610
3296.200006,964,1608
3296.205006,937,1608
3296.210007,827,1611
3296.215007,878,1611
3296.220006,948,1610
3296.225007,832,1610
3296.230006,863,1604
3296.235007,966,1608
3296.240006,896,1605
3296.245006,839,1605
3296.250006,969,1609
3296.255006,941,1603
3296.260007,807,1609
3296.265005,883,1607
3296.270007,948,1608
3296.275006,827,1604
3296.280006,865,1603
3296.285005,976,1604
3296.290006,905,1602
3296.295007,847,1602
3296.300006,948,1601
3296.305006,932,1605
3296.310006,813,1605
3296.315006,888,1602
3296.320005,954,1601
3296.325007,838,1601
3296.330006,864,1603
3296.335006,981,1600
3296.340006,881,1603
3296.345006,823,1602
3296.350007,950,1602
3296.355006,929,1603
3296.360005,811,1608
3296.365006,897,1602
3296.370006,965,1606
3296.375006,816,1606
3296.380006,863,1597
3296.385005,963,1603
3296.390005,910,1600
3296.395006,849,1600
3296.400007,965,1596
3296.405005,939,1599
3296.410006,807,1602
3296.415006,885,1603
3296.420005,944,1600
3296.425006,828,1597
3296.430006,858,1599
3296.435005,971,1597
3296.440005,893,1596
3296.445005,836,1599
3296.450006,970,1597
3296.455006,930,1590
3296.460005,824,1591
3296.465006,883,1593
3296.470005,942,1602
3296.475007,827,1599
3296.480006,860,1597
3296.485006,981,1595
3296.490006,883,1602
3296.495006,843,1593
3296.500006,952,1601
3296.505006,936,1603
3296.510005,824,1601
3296.515006,900,1602
3296.520006,958,1606
3296.525007,833,1603
3296.530006,859,1602
3296.535005,977,1599
3296.540007,882,1606
3296.545006,832,1607
3296.550006,953,1608
3296.555006,926,1609
3296.560005,814,1603
3296.565005,885,1609
3296.570006,944,1608
3296.575005,822,1609
3296.580006,850,1607
3296.585007,964,1609
3296.590007,899,1608
3296.595005,841,1608
3296.600006,973,1608
3296.605007,939,1604
3296.610006,821,1606
3296.615005,880,1608
3296.620007,946,1608
3296.625005,821,1612
3296.630005,854,1610
3296.635006,972,1610
3296.640006,899,1610
3296.645007,841,1610
3296.650007,968,1612
3296.655007,943,1610
3296.660007,824,1612
3296.665005,894,1610
3296.670005,938,1612
3296.675005,817,1609
3296.680007,846,1610
3296.685005,962,1610
3296.690006,901,1609
3296.695005,837,1608
3296.700006,954,1608
3296.705006,931,1604
3296.710006,813,1605
3296.715006,886,1603
3296.720005,956,1601
3296.725006,838,1602
3296.730007,860,1595
3296.735005,976,1604
3296.740007,898,1605
3296.745005,841,1605
3296.750006,957,1605
3296.755007,942,1605
3296.760006,803,1610
3296.765006,879,1610
3296.770006,940,1610
3296.775006,825,1611
3296.780006,854,1610
3296.785005,972,1611
3296.790007,906,1611
3296.795006,841,1606
3296.800005,947,1611
3296.805006,923,1617
3296.810007,819,1602
3296.815006,881,1608
3296.820005,961,1606
3296.825007,837,1611
3296.830006,861,1610
3296.835006,977,1615
3296.840006,899,1601
3296.845006,845,1606
3296.850006,947,1611
3296.855006,922,1612
3296.860006,807,1613
3296.865006,890,1610
3296.870005,955,1609
3296.875006,823,1613
3296.880007,852,1612
3296.885006,977,1609
3296.890006,903,1608
3296.895006,824,1612
3296.900005,948,1609
3296.905005,925,1616
3296.910006,809,1612
3296.915006,891,1611
3296.920006,950,1610
3296.925006,826,1609
3296.930007,860,1608
3296.935005,979,1609
3296.940005,888,1612
3296.945005,849,1610
3296.950006,955,1604
3296.955007,923,1613
3296.960006,814,1613
3296.965005,895,1610
3296.970006,962,1613
3296.975006,819,1614
3296.980006,850,1614
3296.985005,972,1613
3296.990006,904,1612
3296.995005,853,1610
3297.000006,969,1613
3297.005006,922,1616
3297.010006,810,1613
3297.015006,889,1615
3297.020006,953,1615
3297.025006,832,1611
3297.030006,857,1613
3297.035005,976,1613
3297.040006,908,1610
3297.045007,843,1606
3297.050006,969,1612
3297.055006,932,1603
3297.060006,816,1612
3297.065006,898,1611
3297.070005,965,1613
3297.075006,837,1613
3297.080006,860,1611
3297.085007,968,1612
3297.090006,902,1613
3297.095005,839,1611
3297.100007,971,1610
3297.105006,920,1614
3297.110006,831,1611
3297.115005,904,1615
3297.120007,961,1613
3297.125005,833,1613
3297.130005,844,1617
3297.135005,974,1612
3297.140006,902,1613
3297.145007,850,1613
3297.150006,968,1613
3297.155006,943,1616
3297.160005,827,1612
3297.165006,902,1612
3297.170006,960,1611
3297.175005,831,1607
3297.180007,843,1613
3297.185005,963,1614
3297.190006,892,1611
3297.195006,845,1611
3297.200006,957,1610
3297.205007,937,1610
3297.210006,825,1610
3297.215005,900,1609
3297.220006,964,1610
3297.225006,815,1616
3297.230006,849,1614
3297.235005,966,1613
3297.240007,898,1614
3297.245005,846,1614
3297.250006,954,1614
3297.255005,930,1616
3297.260005,819,1619
3297.265006,888,1617
3297.270006,950,1617
3297.275006,821,1624
3297.280006,852,1619
3297.285007,969,1620
3297.290006,890,1622
3297.295006,831,1621
3297.300005,964,1624
3297.305006,945,1621
3297.310006,829,1621
3297.315005,881,1625
3297.320006,943,1622
3297.325005,820,1620
3297.330006,851,1621
3297.335007,967,1618
3297.340007,899,1617
3297.345006,845,1618
3297.350007,962,1619
3297.355007,936,1617
3297.360005,829,1614
3297.365006,881,1616
3297.370006,947,1616
3297.375006,839,1612
3297.380006,862,1615
3297.385006,973,1612
3297.390005,891,1604
3297.395006,839,1613
3297.400006,952,1612
3297.405006,941,1610
3297.410006,816,1609
3297.415007,891,1612
3297.420006,949,1610
3297.425006,825,1610
3297.430006,863,1608
3297.435006,970,1612
3297.440007,903,1610
3297.445005,820,1612
3297.450007,964,1608
3297.455006,942,1608
3297.460006,822,1606
3297.465005,900,1605
3297.470007,940,1611
3297.475006,825,1605
3297.480006,855,1606
3297.485006,978,1604
3297.490005,884,1606
3297.495007,833,1603
3297.500006,955,1604
3297.505006,927,1603
3297.510006,830,1600
3297.515006,881,1601
3297.520007,944,1602
3297.525006,820,1601
3297.530005,848,1602
3297.535006,963,1601
3297.540006,892,1596
3297.545007,846,1597
3297.550007,966,1598
3297.555006,927,1598
3297.560006,809,1599
3297.565007,886,1599
3297.570006,945,1598
3297.575005,839,1599
3297.580006,863,1598
3297.585006,956,1600
3297.590006,908,1596
3297.595006,840,1587
3297.600005,948,1598
3297.605006,923,1600
3297.610006,808,1600
3297.615005,884,1598
3297.620007,944,1598
3297.625005,826,1599
3297.630005,862,1592
3297.635006,959,1599
3297.640005,886,1598
3297.645006,829,1599
3297.650006,960,1600
3297.655006,936,1599
3297.660005,821,1601
3297.665006,880,1605
3297.670005,958,1594
3297.675005,836,1603
3297.680006,863,1603
3297.685007,973,1603
3297.690006,900,1606
3297.695006,822,1611
3297.700006,948,1615
3297.705006,925,1615
3297.710006,820,1614
3297.715006,892,1609
3297.720005,946,1618
3297.725006,826,1618
3297.730006,854,1621
3297.735006,970,1620
3297.740006,898,1618
3297.745005,841,1620
3297.750007,960,1622
3297.755006,952,1620
3297.760006,828,1625
3297.765005,893,1621
3297.770006,959,1624
3297.775006,830,1624
3297.780007,865,1624
3297.785005,980,1623
3297.790006,906,1625
3297.795006,850,1621
3297.800005,949,1628
3297.805007,926,1628
3297.810006,819,1624
3297.815007,891,1624
3297.820007,964,1619
3297.825005,837,1620
3297.830007,850,1624
3297.835006,969,1622
3297.840006,896,1618
3297.845005,832,1621
3297.850006,954,1620
3297.855006,939,1618
3297.860006,821,1615
3297.865005,901,1612
3297.870006,955,1616
3297.875007,831,1611
3297.880006,857,1613
3297.885005,984,1613
3297.890006,901,1612
3297.895006,848,1610
3297.900007,965,1612
3297.905007,935,1610
3297.910006,821,1609
3297.915006,901,1611
3297.920006,958,1610
3297.925005,830,1610
3297.930006,860,1610
3297.935006,978,1609
3297.940006,906,1608
3297.945006,842,1613
3297.950006,969,1610
3297.955006,942,1611
3297.960006,804,1611
3297.965006,881,1615
3297.970006,944,1613
3297.975006,826,1611
3297.980006,869,1611
3297.985005,974,1611
3297.990006,882,1612
3297.995005,833,1611
3298.000006,955,1612
3298.005006,937,1614
3298.010006,824,1609
3298.015005,883,1613
3298.020007,967,1609
3298.025006,814,1615
3298.030005,845,1611
3298.035006,964,1607
3298.040007,904,1609
3298.045006,826,1615
3298.050006,961,1612
3298.055006,939,1612
3298.060007,818,1612
3298.065007,898,1613
3298.070006,953,1613
3298.075005,826,1612
3298.080007,861,1605
3298.085006,978,1610
3298.090006,899,1610
3298.095006,824,1611
3298.100007,950,1611
3298.105006,924,1612
3298.110006,813,1613
3298.115007,887,1611
3298.120006,949,1613
3298.125005,828,1613
3298.130006,865,1613
3298.135006,971,1611
3298.140005,906,1608
3298.145006,841,1606
3298.150007,962,1610
3298.155007,920,1614
3298.160006,811,1614
3298.165007,889,1611
3298.170007,955,1611
3298.175006,831,1611
3298.180005,858,1611
3298.185006,972,1610
3298.190006,889,1599
3298.195005,824,1611
3298.200006,959,1610
3298.205005,934,1605
3298.210006,820,1604
3298.215006,896,1608
3298.220005,963,1608
3298.225006,834,1606
3298.230005,864,1605
3298.235006,972,1605
3298.240005,901,1604
3298.245006,836,1604
3298.250007,963,1606
3298.255006,937,1607
3298.260006,818,1603
3298.265005,898,1602
3298.270006,948,1608
3298.275006,825,1603
3298.280005,860,1605
3298.285006,979,1603
3298.290006,904,1603
3298.295007,844,1605
3298.300006,969,1601
3298.305006,939,1602
3298.310005,820,1601
3298.315006,881,1601
3298.320005,940,1606
3298.325006,817,1603
3298.330007,864,1598
3298.335006,963,1603
3298.340005,892,1602
3298.345006,840,1601
3298.350006,965,1594
3298.355006,923,1604
3298.360005,809,1606
3298.365007,888,1601
3298.370007,948,1604
3298.375006,830,1595
3298.380006,845,1605
3298.385005,961,1605
3298.390007,890,1606
3298.395005,838,1607
3298.400006,969,1605
3298.405006,938,1608
3298.410005,823,1609
3298.415007,896,1608
3298.420006,960,1609
3298.425007,834,1609
3298.430006,843,1614
3298.435005,966,1612
3298.440006,907,1612
3298.445005,828,1612
3298.450006,952,1614
3298.455006,928,1615
3298.460006,829,1613
3298.465006,881,1616
3298.470005,943,1622
3298.475005,818,1616
3298.480005,845,1617
3298.485005,962,1618
3298.490006,896,1616
3298.495007,839,1614
3298.500006,959,1618
3298.505006,939,1616
3298.510005,806,1621
3298.515007,882,1621
3298.520005,942,1620
3298.525006,827,1618
3298.530005,868,1618
3298.535006,962,1620
3298.540005,884,1624
3298.545005,829,1623
3298.550006,952,1623
3298.555005,929,1620
3298.560007,812,1622
3298.565007,887,1621
3298.570006,956,1620
3298.575006,834,1619
3298.580006,844,1620
3298.585006,967,1611
3298.590006,884,1621
3298.595006,829,1619
3298.600006,953,1620
3298.605007,937,1616
3298.610007,818,1616
3298.615006,902,1618
3298.620006,962,1614
3298.625006,827,1617
3298.630006,856,1615
3298.635006,967,1614
3298.640005,896,1613
3298.645006,843,1617
3298.650006,970,1614
3298.655006,919,1617
3298.660007,809,1614
3298.665005,892,1617
3298.670006,957,1612
3298.675005,825,1613
3298.680006,848,1618
3298.685007,966,1614
3298.690005,894,1615
3298.695006,836,1616
3298.700005,965,1611
3298.705007,941,1612
3298.710007,825,1612
3298.715006,899,1605
3298.720005,942,1615
3298.725006,835,1611
3298.730006,845,1617
3298.735006,980,1609
3298.740007,883,1618
3298.745005,826,1616
3298.750006,953,1614
3298.755006,927,1617
3298.760005,815,1615
3298.765006,886,1616
3298.770006,965,1617
3298.775007,835,1613
3298.780007,864,1608
3298.785006,976,1612
3298.790006,889,1614
3298.795006,833,1615
3298.800006,960,1612
3298.805006,934,1612
3298.810007,808,1615
3298.815006,892,1616
3298.820007,950,1612
3298.825006,832,1604
3298.830006,850,1611
3298.835005,971,1612
3298.840005,900,1608
3298.845006,838,1611
3298.850007,965,1608
3298.855006,945,1604
3298.860005,820,1604
3298.865006,896,1601
3298.870005,937,1604
3298.875006,818,1603
3298.880006,852,1604
3298.885006,964,1601
3298.890006,891,1602
3298.895006,832,1603
3298.900006,957,1601
3298.905006,930,1602
3298.910006,824,1601
3298.915006,896,1601
3298.920007,937,1605
3298.925006,829,1597
3298.930006,863,1599
3298.935006,975,1603
3298.940006,896,1599
3298.945005,825,1608
3298.950006,949,1604
3298.955007,924,1605
3298.960007,814,1603
3298.965006,900,1604
3298.970005,941,1603
3298.975006,818,1603
3298.980006,847,1602
3298.985006,971,1600
3298.990007,902,1600
3298.995006,842,1598
3299.000007,952,1603
3299.005006,930,1598
3299.010006,818,1596
3299.015005,900,1597
3299.020007,958,1598
3299.025006,809,1599
3299.030006,864,1597
3299.035005,971,1596
3299.040007,897,1599
3299.045006,836,1596
3299.050006,963,1598
3299.055005,940,1597
3299.060007,818,1596
3299.065007,898,1598
3299.070006,958,1597
3299.075006,826,1599
3299.080007,851,1599
3299.085006,951,1601
3299.090006,880,1605
3299.095005,827,1606
3299.100007,949,1606
3299.105006,937,1605
3299.110005,825,1604
3299.115006,895,1608
3299.120006,962,1606
3299.125006,817,1601
3299.130006,841,1612
3299.135006,961,1610
3299.140005,886,1612
3299.145006,835,1610
3299.150006,967,1611
3299.155005,939,1610
3299.160005,829,1609
3299.165005,882,1612
3299.170005,950,1613
3299.175005,832,1612
3299.180006,854,1610
3299.185007,976,1611
3299.190007,897,1610
3299.195005,835,1610
3299.200006,966,1611
3299.205006,936,1609
3299.210005,817,1614
3299.215006,888,1610
3299.220006,954,1612
3299.225007,827,1612
3299.230006,861,1609
3299.235005,974,1610
3299.240006,899,1611
3299.245005,836,1612
3299.250007,960,1613
3299.255007,935,1613
3299.260007,822,1616
3299.265006,904,1615
3299.270006,942,1618
3299.275006,828,1618
3299.280005,859,1618
3299.285006,973,1616
3299.290006,902,1621
3299.295007,836,1619
3299.300006,964,1621
3299.305005,938,1621
3299.310006,820,1620
3299.315006,896,1621
3299.320005,961,1626
3299.325006,841,1620
3299.330007,871,1623
3299.335006,977,1624
3299.340005,907,1622
3299.345007,847,1625
3299.350006,973,1625
3299.355006,939,1623
3299.360006,809,1626
3299.365005,906,1625
3299.370006,960,1625
3299.375007,830,1621
3299.380006,848,1626
3299.385006,971,1625
3299.390005,900,1627
3299.395006,841,1624
3299.400006,974,1616
3299.405005,941,1619
3299.410006,824,1615
3299.415006,884,1618
3299.420007,950,1618
3299.425006,827,1616
3299.430006,864,1614
3299.435007,961,1606
3299.440006,884,1612
3299.445005,841,1601
3299.450006,958,1608
3299.455007,930,1605
3299.460006,814,1604
3299.465006,893,1604
3299.470005,956,1601
3299.475006,837,1603
3299.480006,864,1598
3299.485006,974,1599
3299.490005,898,1598
3299.495006,838,1596
3299.500006,966,1596
3299.505006,935,1593
3299.510006,813,1589
3299.515005,898,1594
3299.520006,941,1594
3299.525006,819,1590
3299.530006,851,1592
3299.535005,964,1588
3299.540006,902,1588
3299.545006,844,1585
3299.550006,972,1583
3299.555005,928,1579
3299.560006,809,1586
3299.565006,882,1585
3299.570006,963,1579
3299.575006,836,1578
3299.580006,864,1583
3299.585005,974,1584
3299.590005,900,1582
3299.595005,838,1583
3299.600007,948,1583
3299.605006,924,1582
3299.610005,814,1584
3299.615006,889,1583
3299.620005,956,1584
3299.625006,836,1580
3299.630006,863,1586
3299.635005,966,1589
3299.640007,897,1588
3299.645006,838,1583
3299.650006,966,1584
3299.655006,938,1586
3299.660005,820,1584
3299.665005,901,1582
3299.670006,941,1581
3299.675005,833,1582
3299.680006,857,1585
3299.685006,971,1585
3299.690006,897,1585
3299.695005,841,1582
3299.700006,942,1587
3299.705006,940,1588
3299.710007,825,1585
3299.715006,895,1588
3299.720005,957,1587
3299.725007,828,1588
3299.730006,858,1588
3299.735007,974,1589
3299.740006,894,1585
3299.745006,827,1591
3299.750006,958,1594
3299.755007,932,1594
3299.760006,825,1592
3299.765006,900,1594
3299.770007,937,1596
3299.775006,814,1596
3299.780006,845,1596
3299.785005,958,1601
3299.790007,883,1598
3299.795007,830,1590
3299.800006,959,1596
3299.805006,939,1596
3299.810005,827,1597
3299.815006,900,1596
3299.820006,954,1586
3299.825005,811,1595
3299.830006,848,1596
3299.835006,961,1596
3299.840005,887,1598
3299.845006,839,1596
3299.850006,967,1596
3299.855007,940,1595
3299.860006,822,1597
3299.865005,898,1596
3299.870006,956,1597
3299.875006,809,1602
3299.880007,859,1597
3299.885006,976,1600
3299.890006,901,1599
3299.895006,837,1601
3299.900006,942,1604
3299.905006,928,1604
3299.910006,816,1606
3299.915006,901,1605
3299.920006,955,1602
3299.925006,834,1608
3299.930005,844,1616
3299.935007,962,1613
3299.940006,893,1613
3299.945005,845,1614
3299.950007,972,1614
3299.955006,938,1609
3299.960007,806,1618
3299.965006,888,1616
3299.970006,953,1615
3299.975007,836,1620
3299.980007,861,1619
3299.985006,982,1615
3299.990005,901,1618
3299.995007,839,1611
3300.000006,948,1618
3300.005007,925,1621
3300.010006,813,1619
3300.015006,887,1619
3300.020006,943,1621
3300.025007,821,1622
3300.030006,862,1610
3300.035006,985,1614
3300.040007,908,1615
3300.045007,845,1618
3300.050006,969,1613
3300.055006,920,1616
3300.060005,812,1616
3300.065006,887,1615
3300.070006,954,1613
3300.075005,828,1613
3300.080006,864,1614
3300.085006,982,1610
3300.090005,904,1604
3300.095006,825,1613
3300.100006,950,1609
3300.105006,929,1610
3300.110005,818,1610
3300.115006,893,1610
3300.120006,950,1609
3300.125006,830,1606
3300.130006,858,1609
3300.135006,972,1605
3300.140005,898,1608
3300.145006,838,1606
3300.150006,970,1608
3300.155005,941,1606
3300.160006,819,1606
3300.165006,892,1605
3300.170006,951,1607
3300.175005,825,1603
3300.180007,865,1602
3300.185006,976,1604
3300.190006,882,1605
3300.195005,834,1605
3300.200006,960,1604
3300.205006,935,1605
3300.210006,817,1603
3300.215006,898,1604
3300.220006,959,1606
3300.225006,837,1605
3300.230006,843,1606
3300.235006,983,1602
3300.240005,881,1608
3300.245007,830,1605
3300.250006,957,1603
3300.255006,934,1603
3300.260006,829,1602
3300.265006,907,1600
3300.270006,960,1600
3300.275005,814,1604
3300.280005,849,1606
3300.285006,964,1605
3300.290006,889,1603
3300.295006,829,1606
3300.300005,953,1607
3300.305006,926,1606
3300.310007,834,1604
3300.315007,905,1605
3300.320007,961,1606
3300.325005,838,1610
3300.330006,863,1603
3300.335007,963,1608
3300.340006,892,1611
3300.345006,842,1608
3300.350006,970,1610
3300.355006,938,1604
3300.360006,810,1613
3300.365005,889,1613
3300.370007,945,1615
3300.375006,822,1615
3300.380006,852,1613
3300.385006,972,1616
3300.390006,908,1616
3300.395006,848,1615
3300.400006,971,1615
3300.405005,944,1617
3300.410007,821,1617
3300.415007,883,1618
3300.420006,946,1618
3300.425006,821,1620
3300.430005,855,1618
3300.435006,973,1617
3300.440007,903,1617
3300.445005,844,1614
3300.450006,967,1612
3300.455006,924,1622
3300.460007,812,1617
3300.465007,885,1618
3300.470006,959,1617
3300.475006,839,1611
3300.480006,854,1609
3300.485007,960,1621
3300.490007,890,1620
3300.495006,842,1618
3300.500007,972,1621
3300.505006,922,1617
3300.510007,812,1621
3300.515006,897,1619
3300.520006,957,1619
3300.525006,829,1618
3300.530006,862,1620
3300.535005,971,1620
3300.540006,906,1621
3300.545005,845,1622
3300.550005,965,1619
3300.555006,919,1623
3300.560006,806,1622
3300.565007,883,1625
3300.570007,950,1618
3300.575006,828,1618
3300.580006,856,1617
3300.585006,976,1614
3300.590005,896,1616
3300.595006,847,1615
3300.600007,964,1610
3300.605007,938,1612
3300.610006,807,1613
3300.615005,888,1615
3300.620007,950,1611
3300.625006,827,1609
3300.630006,859,1609
3300.635005,978,1607
3300.640007,899,1612
3300.645006,824,1605
3300.650006,949,1612
3300.655006,931,1610
3300.660006,819,1606
3300.665006,899,1608
3300.670006,963,1605
3300.675006,829,1610
3300.680006,859,1609
3300.685007,976,1605
3300.690006,896,1606
3300.695006,840,1601
3300.700005,970,1606
3300.705007,917,1610
3300.710006,811,1608
3300.715006,898,1608
3300.720006,950,1607
3300.725007,821,1609
3300.730006,858,1610
3300.735006,978,1604
3300.740005,886,1608
3300.745007,835,1605
3300.750007,965,1604
3300.755006,940,1606
3300.760006,827,1603
3300.765005,883,1604
3300.770006,952,1603
3300.775006,821,1603
3300.780005,854,1602
3300.785006,969,1605
3300.790006,891,1603
3300.795006,837,1604
3300.800006,960,1605
3300.805006,942,1599
3300.810007,825,1605
3300.815006,904,1601
3300.820005,956,1600
3300.825006,832,1599
3300.830007,860,1600
3300.835006,974,1599
3300.840005,893,1590
3300.845006,830,1602
3300.850007,966,1599
3300.855006,942,1600
3300.860005,821,1600
3300.865006,903,1600
3300.870006,959,1602
3300.875006,830,1602
3300.880005,861,1603
3300.885005,977,1599
3300.890006,897,1604
3300.895006,838,1604
3300.900006,960,1603
3300.905006,943,1602
3300.910005,826,1605
3300.915006,897,1606
3300.920006,938,1610
3300.925006,815,1613
3300.930006,853,1609
3300.935007,972,1614
3300.940006,896,1613
3300.945006,845,1615
3300.950005,963,1613
3300.955006,937,1617
3300.960007,824,1615
3300.965006,900,1616
3300.970006,955,1619
3300.975006,831,1617
3300.980006,863,1617
3300.985005,968,1617
3300.990006,894,1617
3300.995006,841,1619
3301.000005,971,1617
3301.005005,940,1615
3301.010005,826,1618
3301.015006,897,1620
3301.020006,965,1613
3301.025006,822,1606
3301.030006,853,1618
3301.035006,973,1615
3301.040006,898,1617
3301.045007,847,1618
3301.050006,970,1616
3301.055005,922,1621
3301.060006,812,1615
3301.065006,888,1618
3301.070006,963,1618
3301.075005,819,1616
3301.080005,854,1618
3301.085006,978,1620
3301.090005,905,1619
3301.095006,849,1621
3301.100006,966,1620
3301.105006,939,1620
3301.110006,822,1620
3301.115006,905,1622
3301.120005,959,1621
3301.125007,833,1620
3301.130007,857,1621
3301.135007,969,1622
3301.140005,905,1622
3301.145006,842,1623
3301.150006,966,1616
3301.155006,944,1623
3301.160005,824,1624
3301.165007,895,1624
3301.170006,958,1620
3301.175006,823,1623
3301.180005,853,1622
3301.185007,964,1625
3301.190007,891,1622
3301.195006,839,1621
3301.200006,970,1622
3301.205007,948,1619
3301.210007,827,1621
3301.215006,905,1619
3301.220005,942,1619
3301.225006,824,1618
3301.230005,858,1619
3301.235006,977,1616
3301.240005,881,1619
3301.245006,832,1612
3301.250006,953,1618
3301.255006,929,1616
3301.260005,822,1615
3301.265006,907,1615
3301.270007,960,1615
3301.275006,836,1614
3301.280006,849,1608
3301.285007,957,1614
3301.290006,887,1612
3301.295007,831,1611
3301.300006,950,1614
3301.305006,924,1613
3301.310006,820,1610
3301.315006,901,1607
3301.320005,967,1603
3301.325006,830,1599
3301.330005,859,1603
3301.335006,972,1602
3301.340006,900,1603
3301.345005,840,1599
3301.350006,946,1600
3301.355007,921,1599
3301.360006,810,1599
3301.365006,891,1597
3301.370005,963,1593
3301.375006,810,1599
3301.380006,842,1597
3301.385006,957,1597
3301.390006,886,1594
3301.395007,831,1592
3301.400007,964,1591
3301.405007,936,1590
3301.410007,822,1592
3301.415006,896,1588
3301.420006,949,1583
3301.425005,825,1581
3301.430007,861,1583
3301.435005,973,1586
3301.440005,892,1587
3301.445005,818,1593
3301.450006,942,1589
3301.455006,918,1585
3301.460006,802,1593
3301.465006,882,1590
3301.470005,945,1590
3301.475005,829,1587
3301.480006,850,1590
3301.485005,966,1588
3301.490007,880,1591
3301.495006,824,1594
3301.500007,948,1594
3301.505006,927,1590
3301.510006,815,1594
3301.515005,889,1593
3301.520007,948,1596
3301.525006,828,1593
3301.530005,851,1598
3301.535006,968,1593
3301.540007,901,1596
3301.545006,837,1592
3301.550005,965,1598
3301.555006,927,1590
3301.560005,826,1598
3301.565005,877,1603
3301.570005,943,1600
3301.575005,822,1600
3301.580006,854,1605
3301.585006,969,1603
3301.590005,903,1604
3301.595006,829,1596
3301.600006,964,1609
3301.605006,941,1608
3301.610005,805,1610
3301.615006,882,1613
3301.620005,940,1611
3301.625006,835,1611
3301.630006,865,1610
3301.635005,955,1619
3301.640006,880,1616
3301.645006,830,1616
3301.650007,953,1616
3301.655007,937,1617
3301.660005,818,1616
3301.665006,897,1617
3301.670006,956,1623
3301.675005,830,1618
3301.680006,862,1620
3301.685006,971,1617
3301.690006,892,1613
3301.695006,827,1609
3301.700006,942,1621
3301.705007,918,1622
3301.710007,806,1620
3301.715006,884,1621
3301.720005,942,1619
3301.725006,816,1620
3301.730006,845,1619
3301.735006,960,1619
3301.740006,887,1621
3301.745006,837,1614
3301.750006,959,1618
3301.755006,932,1617
3301.760005,821,1615
3301.765006,893,1614
3301.770005,954,1613
3301.775006,826,1614
3301.780005,848,1615
3301.785007,973,1614
3301.790006,896,1613
3301.795006,840,1612
3301.800005,960,1610
3301.805006,916,1615
3301.810006,819,1605
3301.815006,879,1613
3301.820005,949,1609
3301.825006,825,1610
3301.830006,860,1609
3301.835006,968,1603
3301.840006,877,1613
3301.845005,823,1612
3301.850006,966,1607
3301.855007,927,1610
3301.860007,815,1608
3301.865007,896,1610
3301.870005,955,1608
3301.875006,830,1609
3301.880006,864,1607
3301.885005,976,1608
3301.890007,880,1609
3301.895005,825,1609
3301.900005,953,1604
3301.905006,924,1606
3301.910006,815,1604
3301.915006,895,1600
3301.920006,960,1601
3301.925006,836,1595
3301.930005,846,1605
3301.935006,970,1599
3301.940005,898,1599
3301.945006,843,1598
3301.950006,969,1601
3301.955006,923,1600
3301.960006,813,1602
3301.965006,889,1601
3301.970005,963,1600
3301.975006,813,1602
3301.980006,849,1604
3301.985006,970,1601
3301.990006,906,1604
3301.995005,850,1605
3302.000006,969,1605
3302.005006,933,1597
3302.010005,812,1608
3302.015007,892,1606
3302.020005,950,1607
3302.025005,834,1605
3302.030006,870,1605
3302.035006,977,1605
3302.040006,883,1610
3302.045007,835,1600
3302.050006,953,1610
3302.055005,930,1609
3302.060006,815,1609
3302.065006,894,1604
3302.070006,959,1602
3302.075005,833,1607
3302.080006,859,1602
3302.085006,972,1605
3302.090005,900,1605
3302.095006,842,1605
3302.100007,963,1606
3302.105005,939,1609
3302.110005,827,1606
3302.115006,906,1604
3302.120005,958,1604
3302.125006,836,1609
3302.130006,845,1609
3302.135005,968,1608
3302.140006,895,1609
3302.145006,837,1610
3302.150006,959,1613
3302.155006,935,1615
3302.160006,831,1613
3302.165006,909,1614
3302.170006,955,1609
3302.175006,834,1608
3302.180006,870,1616
3302.185006,961,1618
3302.190006,890,1618
3302.195006,840,1616
3302.200005,969,1616
3302.205006,939,1616
3302.210007,825,1620
3302.215007,896,1616
3302.220006,960,1617
3302.225006,840,1614
3302.230006,862,1617
3302.235006,976,1617
3302.240005,886,1614
3302.245007,843,1611
3302.250007,953,1618
3302.255006,929,1622
3302.260005,813,1619
3302.265006,889,1614
3302.270007,948,1613
3302.275006,820,1614
3302.280007,853,1615
3302.285006,969,1613
3302.290006,905,1613
3302.295007,825,1611
3302.300006,961,1609
3302.305006,938,1607
3302.310006,820,1607
3302.315006,900,1608
3302.320005,954,1606
3302.325006,834,1605
3302.330006,863,1602
3302.335006,974,1600
3302.340005,902,1601
3302.345006,842,1605
3302.350005,961,1593
3302.355005,917,1603
3302.360005,808,1601
3302.365007,880,1601
3302.370006,944,1599
3302.375007,817,1601
3302.380006,849,1596
3302.385006,963,1600
3302.390005,894,1597
3302.395005,850,1598
3302.400005,972,1595
3302.405006,923,1598
3302.410005,818,1600
3302.415006,890,1598
3302.420007,960,1601
3302.425006,829,1594
3302.430006,860,1602
3302.435006,979,1602
3302.440006,898,1604
3302.445006,837,1601
3302.450005,961,1602
3302.455006,942,1603
3302.460007,824,1605
3302.465007,882,1605
3302.470007,945,1604
3302.475006,836,1604
3302.480006,842,1608
3302.485006,977,1604
3302.490005,889,1608
3302.495006,833,1607
3302.500006,957,1609
3302.505007,930,1609
3302.510006,815,1610
3302.515006,892,1608
3302.520006,962,1610
3302.525006,833,1600
3302.530006,870,1602
3302.535005,980,1608
3302.540007,901,1610
3302.545007,840,1610
3302.550006,964,1610
3302.555006,931,1615
3302.560006,819,1614
3302.565006,897,1609
3302.570005,938,1619
3302.575007,817,1617
3302.580006,863,1612
3302.585006,981,1612
3302.590006,905,1613
3302.595005,844,1617
3302.600006,962,1613
3302.605006,922,1617
3302.610005,808,1620
3302.615007,893,1615
3302.620006,958,1615
3302.625006,832,1615
3302.630006,857,1617
3302.635005,979,1616
3302.640006,904,1614
3302.645007,838,1608
3302.650007,963,1611
3302.655007,921,1619
3302.660006,810,1617
3302.665006,889,1617
3302.670006,965,1617
3302.675005,835,1618
3302.680006,842,1620
3302.685006,964,1619
3302.690007,891,1619
3302.695006,835,1617
3302.700006,953,1619
3302.705006,933,1617
3302.710007,816,1621
3302.715006,888,1619
3302.720005,945,1621
3302.725006,827,1619
3302.730006,849,1621
3302.735006,966,1618
3302.740005,897,1618
3302.745006,839,1621
3302.750006,954,1622
3302.755006,937,1620
3302.760006,825,1620
3302.765006,906,1621
3302.770006,955,1620
3302.775006,835,1619
3302.780006,858,1618
3302.785006,978,1620
3302.790006,902,1618
3302.795007,823,1622
3302.800007,955,1619
3302.805006,926,1620
3302.810007,820,1617
3302.815006,891,1617
3302.820006,957,1617
3302.825005,834,1617
3302.830006,863,1617
3302.835006,977,1615
3302.840005,904,1618
3302.845007,845,1617
3302.850006,945,1622
3302.855006,923,1619
3302.860006,811,1619
3302.865005,884,1621
3302.870006,945,1620
3302.875006,827,1620
3302.880006,857,1620
3302.885006,970,1622
3302.890005,898,1621
3302.895006,846,1623
3302.900007,965,1617
3302.905006,924,1624
3302.910006,818,1624
3302.915006,890,1624
3302.920005,951,1626
3302.925006,830,1624
3302.930006,856,1624
3302.935006,968,1628
3302.940006,891,1627
3302.945005,838,1627
3302.950006,965,1626
3302.955006,938,1628
3302.960006,821,1623
3302.965006,896,1626
3302.970006,940,1628
3302.975006,816,1629
3302.980007,848,1627
3302.985007,972,1626
3302.990006,901,1623
3302.995005,843,1618
3303.000006,969,1625
3303.005006,944,1624
3303.010006,821,1624
3303.015007,894,1623
3303.020005,960,1623
3303.025006,834,1624
3303.030005,864,1622
3303.035006,979,1620
3303.040006,905,1621
3303.045006,841,1624
3303.050006,964,1621
3303.055006,933,1623
3303.060007,816,1621
3303.065007,901,1622
3303.070006,938,1623
3303.075006,820,1620
3303.080006,850,1621
3303.085006,978,1619
3303.090005,901,1617
3303.095006,850,1615
3303.100006,970,1616
3303.105006,939,1614
3303.110005,804,1614
3303.115006,887,1615
3303.120006,947,1612
3303.125006,822,1611
3303.130006,853,1606
3303.135005,969,1609
3303.140006,902,1607
3303.145006,826,1606
3303.150006,958,1603
3303.155005,944,1600
3303.160006,824,1602
3303.165006,877,1602
3303.170006,942,1597
3303.175005,818,1597
3303.180007,844,1596
3303.185005,963,1596
3303.190005,892,1590
3303.195005,837,1590
3303.200006,962,1589
3303.205006,940,1589
3303.210006,825,1587
3303.215006,896,1586
3303.220005,937,1587
3303.225007,812,1588
3303.230007,848,1584
3303.235007,963,1587
3303.240006,890,1586
3303.245005,843,1586
3303.250006,965,1585
3303.255006,935,1580
3303.260006,816,1583
3303.265006,880,1589
3303.270007,952,1590
3303.275006,831,1589
3303.280007,860,1590
3303.285005,971,1591
3303.290006,897,1592
3303.295006,837,1593
3303.300006,956,1594
3303.305005,933,1596
3303.310005,812,1594
3303.315005,888,1594
3303.320005,945,1597
3303.325006,824,1596
3303.330007,858,1599
3303.335006,976,1594
3303.340006,895,1599
3303.345006,819,1601
3303.350006,945,1601
3303.355006,925,1601
3303.360006,807,1603
3303.365006,888,1599
3303.370006,955,1599
3303.375006,830,1599
3303.380006,863,1598
3303.385005,972,1601
3303.390007,905,1596
3303.395006,821,1599
3303.400006,949,1601
3303.405007,931,1596
3303.410005,818,1598
3303.415006,890,1599
3303.420006,954,1598
3303.425006,830,1597
3303.430006,857,1596
3303.435007,972,1597
3303.440007,895,1599
3303.445007,834,1598
3303.450005,961,1597
3303.455005,933,1599
3303.460005,815,1597
3303.465005,892,1598
3303.470006,955,1601
3303.475006,831,1598
3303.480007,858,1598
3303.485007,976,1603
3303.490006,878,1606
3303.495006,829,1606
3303.500006,952,1606
3303.505005,940,1607
3303.510005,826,1606
3303.515006,894,1605
3303.520007,954,1603
3303.525006,813,1611
3303.530005,852,1604
3303.535006,956,1610
3303.540006,886,1613
3303.545006,833,1611
3303.550006,974,1603
3303.555005,940,1611
3303.560006,825,1610
3303.565007,896,1609
3303.570006,952,1611
3303.575005,827,1609
3303.580006,852,1607
3303.585007,975,1609
3303.590006,906,1603
3303.595005,843,1607
3303.600006,959,1608
3303.605006,937,1608
3303.610006,804,1603
3303.615006,879,1612
3303.620006,952,1604
3303.625006,828,1606
3303.630007,858,1605
3303.635006,980,1602
3303.640007,892,1597
3303.645005,840,1602
3303.650005,968,1606
3303.655005,917,1608
3303.660006,804,1609
3303.665006,899,1598
3303.670006,939,1610
3303.675006,820,1610
3303.680006,853,1607
3303.685006,973,1608
3303.690006,903,1608
3303.695005,824,1612
3303.700006,973,1609
3303.705006,943,1611
3303.710006,825,1612
3303.715005,899,1614
3303.720006,961,1613
3303.725007,832,1615
3303.730007,863,1613
3303.735006,954,1619
3303.740005,883,1617
3303.745007,829,1616
3303.750005,955,1617
3303.755006,929,1615
3303.760006,817,1616
3303.765006,893,1619
3303.770006,947,1617
3303.775006,828,1617
3303.780006,857,1614
3303.785005,979,1616
3303.790006,900,1616
3303.795006,844,1614
3303.800006,968,1613
3303.805006,936,1610
3303.810006,820,1608
3303.815006,878,1615
3303.820005,964,1607
3303.825007,830,1611
3303.830006,857,1610
3303.835006,971,1609
3303.840006,895,1607
3303.845006,839,1608
3303.850005,962,1608
3303.855005,931,1607
3303.860005,813,1606
3303.865007,892,1603
3303.870005,955,1601
3303.875006,823,1605
3303.880007,852,1606
3303.885006,962,1604
3303.890005,885,1602
3303.895006,827,1604
3303.900007,954,1604
3303.905006,931,1602
3303.910005,814,1602
3303.915006,893,1603
3303.920006,947,1601
3303.925006,829,1600
3303.930005,860,1604
3303.935007,960,1602
3303.940007,885,1597
3303.945006,825,1602
3303.950007,956,1600
3303.955006,929,1597
3303.960007,820,1599
3303.965006,897,1597
3303.970005,952,1597
3303.975007,827,1598
3303.980007,852,1595
3303.985006,962,1596
3303.990005,889,1596
3303.995006,834,1594
3304.000006,962,1596
3304.005006,927,1594
3304.010005,810,1593
3304.015007,887,1593
3304.020005,946,1592
3304.025006,815,1592
3304.030006,844,1594
3304.035006,975,1581
3304.040006,898,1586
3304.045006,826,1589
3304.050005,955,1587
3304.055006,928,1594
3304.060006,812,1588
3304.065006,886,1588
3304.070006,944,1590
3304.075006,821,1591
3304.080006,863,1590
3304.085007,976,1589
3304.090006,902,1588
3304.095005,841,1593
3304.100006,965,1592
3304.105006,934,1583
3304.110005,801,1594
3304.115006,884,1595
3304.120006,947,1597
3304.125006,830,1597
3304.130006,861,1594
3304.135005,961,1597
3304.140006,885,1604
3304.145006,825,1598
3304.150006,968,1593
3304.155006,941,1601
3304.160006,828,1602
3304.165006,900,1603
3304.170005,955,1606
3304.175005,827,1604
3304.180006,855,1606
3304.185006,969,1606
3304.190007,906,1610
3304.195007,842,1609
3304.200007,965,1609
3304.205005,939,1610
3304.210006,824,1613
3304.215006,902,1614
3304.220006,949,1606
3304.225006,826,1606
3304.230006,844,1616
3304.235005,961,1615
3304.240006,884,1617
3304.245006,831,1617
3304.250006,955,1617
3304.255006,928,1619
3304.260006,811,1619
3304.265005,889,1616
3304.270006,965,1613
3304.275006,820,1612
3304.280006,856,1611
3304.285005,964,1618
3304.290007,896,1617
3304.295007,840,1616
3304.300007,970,1615
3304.305006,936,1617
3304.310006,816,1618
3304.315006,901,1616
3304.320005,944,1620
3304.325006,824,1615
3304.330006,851,1618
3304.335007,977,1609
3304.340007,905,1611
3304.345005,827,1619
3304.350006,955,1617
3304.355006,929,1618
3304.360006,810,1619
3304.365007,893,1617
3304.370006,950,1619
3304.375006,826,1617
3304.380007,859,1616
3304.385006,971,1615
3304.390005,898,1613
3304.395006,841,1611
3304.400006,965,1610
3304.405005,940,1611
3304.410006,808,1614
3304.415006,885,1613
3304.420006,963,1610
3304.425006,829,1602
3304.430006,845,1613
3304.435007,986,1606
3304.440006,902,1615
3304.445005,842,1615
3304.450006,967,1618
3304.455007,946,1616
3304.460005,826,1618
3304.465006,897,1618
3304.470006,954,1617
3304.475006,833,1618
3304.480006,843,1625
3304.485006,960,1624
3304.490005,889,1625
3304.495006,828,1626
3304.500006,965,1614
3304.505006,929,1623
3304.510005,820,1620
3304.515007,888,1621
3304.520006,949,1620
3304.525007,825,1620
3304.530006,851,1620
3304.535006,971,1617
3304.540006,889,1616
3304.545006,833,1614
3304.550005,954,1618
3304.555006,928,1617
3304.560007,819,1613
3304.565005,893,1614
3304.570006,956,1612
3304.575006,833,1610
3304.580006,865,1614
3304.585005,969,1612
3304.590005,892,1610
3304.595006,841,1610
3304.600006,968,1615
3304.605006,938,1612
3304.610006,823,1614
3304.615005,898,1613
3304.620007,960,1611
3304.625005,829,1612
3304.630006,861,1612
3304.635005,979,1612
3304.640006,899,1608
3304.645007,821,1612
3304.650007,947,1615
3304.655005,924,1613
3304.660007,816,1613
3304.665005,892,1616
3304.670005,964,1611
3304.675006,832,1610
3304.680005,866,1614
3304.685007,979,1612
3304.690006,899,1612
3304.695006,838,1613
3304.700006,945,1614
3304.705007,922,1614
3304.710007,815,1611
3304.715006,893,1611
3304.720006,952,1611
3304.725007,835,1610
3304.730006,860,1610
3304.735006,968,1610
3304.740006,893,1611
3304.745005,833,1611
3304.750006,960,1603
3304.755007,938,1605
3304.760006,821,1606
3304.765006,899,1602
3304.770006,954,1605
3304.775007,823,1604
3304.780007,847,1606
3304.785005,963,1604
3304.790006,889,1605
3304.795006,831,1605
3304.800006,953,1604
3304.805005,926,1604
3304.810007,822,1601
3304.815006,904,1602
3304.820005,959,1598
3304.825007,818,1605
3304.830005,855,1604
3304.835006,966,1606
3304.840006,891,1605
3304.845006,844,1605
3304.850007,970,1606
3304.855006,942,1607
3304.860006,824,1608
3304.865006,903,1605
3304.870005,955,1597
3304.875007,832,1602
3304.880006,863,1606
3304.885006,955,1613
3304.890006,880,1612
3304.895006,827,1611
3304.900007,968,1603
3304.905006,933,1604
3304.910006,810,1612
3304.915006,902,1611
3304.920007,960,1614
3304.925006,832,1614
3304.930005,866,1616
3304.935005,978,1614
3304.940006,894,1609
3304.945005,824,1621
3304.950007,954,1619
3304.955006,925,1619
3304.960006,814,1612
3304.965006,885,1624
3304.970006,951,1621
3304.975007,820,1624
3304.980006,850,1621
3304.985006,964,1624
3304.990005,891,1623
3304.995006,834,1623
3305.000006,958,1622
3305.005006,936,1613
3305.010005,834,1614
3305.015006,910,1616
3305.020006,968,1613
3305.025006,836,1616
3305.030006,868,1612
3305.035006,979,1612
3305.040006,880,1616
3305.045005,824,1616
3305.050005,952,1613
3305.055006,929,1608
3305.060006,817,1608
3305.065007,892,1607
3305.070006,945,1606
3305.075006,820,1611
3305.080007,853,1606
3305.085007,962,1608
3305.090006,887,1605
3305.095006,832,1604
3305.100006,957,1602
3305.105006,925,1605
3305.110006,810,1603
3305.115005,888,1603
3305.120006,948,1601
3305.125006,823,1603
3305.130007,851,1605
3305.135006,970,1601
3305.140006,907,1597
3305.145006,826,1601
3305.150006,951,1600
3305.155006,932,1598
3305.160005,818,1599
3305.165007,893,1600
3305.170006,957,1599
3305.175006,825,1598
3305.180005,850,1601
3305.185005,959,1603
3305.190005,882,1605
3305.195005,829,1603
3305.200006,954,1605
3305.205006,924,1604
3305.210006,805,1605
3305.215006,896,1598
3305.220006,958,1606
3305.225007,831,1599
3305.230006,851,1607
3305.235007,976,1605
3305.240006,900,1606
3305.245005,838,1603
3305.250007,943,1609
3305.255006,917,1610
3305.260006,805,1608
3305.265005,889,1607
3305.270006,952,1606
3305.275006,827,1604
3305.280006,857,1605
3305.285006,972,1602
3305.290006,900,1601
3305.295006,837,1593
3305.300007,943,1602
3305.305005,924,1600
3305.310007,810,1601
3305.315006,897,1599
3305.320005,958,1597
3305.325006,826,1598
3305.330007,864,1595
3305.335005,969,1598
3305.340005,899,1595
3305.345007,840,1595
3305.350005,965,1596
3305.355006,939,1590
3305.360005,801,1598
3305.365007,889,1596
3305.370006,948,1597
3305.375007,828,1599
3305.380006,863,1600
3305.385006,972,1599
3305.390005,893,1600
3305.395006,834,1602
3305.400006,963,1602
3305.405006,933,1605
3305.410005,815,1608
3305.415007,896,1606
3305.420006,945,1610
3305.425006,820,1611
3305.430005,849,1613
3305.435006,978,1611
3305.440006,893,1612
3305.445005,842,1615
3305.450007,967,1613
3305.455006,925,1606
3305.460006,806,1614
3305.465005,881,1616
3305.470006,958,1613
3305.475006,829,1610
3305.480006,865,1612
3305.485006,972,1610
3305.490006,903,1610
3305.495006,837,1611
3305.500006,949,1612
3305.505006,920,1614
3305.510005,809,1612
3305.515007,892,1612
3305.520007,947,1614
3305.525006,824,1611
3305.530006,861,1611
3305.535005,976,1613
3305.540006,903,1611
3305.545006,847,1611
3305.550006,959,1613
3305.555006,936,1614
3305.560006,813,1616
3305.565006,900,1616
3305.570006,958,1613
3305.575007,833,1614
3305.580005,857,1616
3305.585005,980,1617
3305.590006,896,1617
3305.595005,840,1618
3305.600007,970,1617
3305.605006,943,1618
3305.610005,822,1614
3305.615007,902,1619
3305.620005,959,1620
3305.625006,837,1615
3305.630006,853,1611
3305.635006,961,1622
3305.640005,888,1620
3305.645006,834,1619
3305.650006,956,1623
3305.655005,942,1616
3305.660006,831,1618
3305.665006,911,1613
3305.670006,941,1616
3305.675005,828,1607
3305.680006,846,1617
3305.685006,974,1606
3305.690007,901,1610
3305.695006,851,1610
3305.700007,968,1608
3305.705006,921,1612
3305.710005,808,1613
3305.715005,892,1611
3305.720006,948,1611
3305.725006,821,1607
3305.730006,854,1609
3305.735006,970,1608
3305.740005,895,1608
3305.745006,834,1607
3305.750007,965,1605
3305.755007,940,1604
3305.760006,827,1606
3305.765006,906,1604
3305.770006,957,1606
3305.775005,827,1605
3305.780005,860,1604
3305.785006,965,1603
3305.790006,894,1602
3305.795005,844,1603
3305.800006,971,1599
3305.805006,940,1602
3305.810005,817,1602
3305.815005,898,1599
3305.820005,954,1599
3305.825007,833,1597
3305.830006,853,1602
3305.835006,971,1596
3305.840006,879,1603
3305.845005,827,1598
3305.850007,949,1600
3305.855007,923,1595
3305.860006,825,1592
3305.865006,883,1596
3305.870006,945,1592
3305.875006,823,1592
3305.880006,855,1591
3305.885006,974,1591
3305.890006,896,1584
3305.895007,829,1579
3305.900006,971,1587
3305.905006,937,1581
3305.910006,803,1589
3305.915006,892,1588
3305.920006,949,1588
3305.925006,814,1587
3305.930005,851,1591
3305.935006,966,1588
3305.940006,899,1588
3305.945005,840,1591
3305.950007,961,1584
3305.955006,939,1587
3305.960006,803,1590
3305.965005,904,1591
3305.970006,953,1593
3305.975007,825,1593
3305.980006,840,1592
3305.985006,956,1599
3305.990005,884,1598
3305.995007,826,1600
3306.000005,955,1600
3306.005006,928,1602
3306.010005,821,1600
3306.015006,900,1598
3306.020007,956,1603
3306.025006,826,1605
3306.030006,866,1601
3306.035007,970,1608
3306.040005,893,1606
3306.045005,843,1606
3306.050006,962,1601
3306.055006,940,1605
3306.060006,801,1613
3306.065006,882,1611
3306.070005,938,1613
3306.075006,812,1613
3306.080007,866,1610
3306.085006,980,1608
3306.090006,879,1611
3306.095007,823,1612
3306.100005,953,1612
3306.105005,934,1609
3306.110005,828,1614
3306.115006,899,1609
3306.120005,957,1613
3306.125006,827,1611
3306.130006,862,1613
3306.135006,973,1610
3306.140006,892,1614
3306.145005,841,1615
3306.150006,946,1615
3306.155006,917,1614
3306.160005,806,1613
3306.165006,907,1617
3306.170007,957,1617
3306.175006,827,1613
3306.180006,858,1615
3306.185007,976,1620
3306.190007,878,1621
3306.195006,826,1620
3306.200006,950,1621
3306.205006,920,1621
3306.210006,807,1624
3306.215007,907,1615
3306.220005,961,1618
3306.225007,829,1615
3306.230006,861,1617
3306.235006,962,1614
3306.240006,902,1619
3306.245005,844,1614
3306.250006,964,1617
3306.255006,918,1620
3306.260005,812,1613
3306.265007,884,1618
3306.270006,950,1617
3306.275007,813,1617
3306.280006,857,1609
3306.285005,982,1613
3306.290006,898,1616
3306.295006,845,1614
3306.300006,965,1608
3306.305007,917,1615
3306.310006,806,1617
3306.315006,888,1614
3306.320005,946,1615
3306.325006,819,1615
3306.330006,850,1615
3306.335006,965,1618
3306.340005,889,1617
3306.345006,838,1614
3306.350006,962,1615
3306.355006,926,1614
3306.360006,813,1615
3306.365006,889,1617
3306.370005,947,1613
3306.375006,822,1614
3306.380006,852,1616
3306.385005,970,1611
3306.390006,903,1614
3306.395006,827,1614
3306.400006,950,1618
3306.405005,928,1609
3306.410007,809,1616
3306.415006,889,1613
3306.420006,959,1606
3306.425006,834,1611
3306.430005,846,1614
3306.435006,966,1614
3306.440007,887,1614
3306.445006,836,1611
3306.450005,961,1613
3306.455006,933,1609
3306.460006,822,1610
3306.465005,909,1610
3306.470006,955,1610
3306.475006,831,1610
3306.480006,865,1609
3306.485006,974,1606
3306.490005,884,1604
3306.495007,845,1605
3306.500005,968,1604
3306.505005,922,1610
3306.510005,814,1610
3306.515007,889,1613
3306.520005,950,1611
3306.525005,829,1601
3306.530005,852,1610
3306.535007,962,1610
3306.540006,887,1612
3306.545006,834,1611
3306.550007,963,1609
3306.555005,939,1609
3306.560006,826,1606
3306.565007,896,1608
3306.570006,947,1608
3306.575005,822,1607
3306.580006,850,1607
3306.585006,966,1606
3306.590005,888,1605
3306.595007,835,1605
3306.600007,965,1604
3306.605006,941,1604
3306.610006,827,1606
3306.615007,907,1603
3306.620006,958,1600
3306.625006,832,1603
3306.630006,859,1602
3306.635005,974,1603
3306.640006,887,1591
3306.645006,827,1603
3306.650007,948,1603
3306.655006,928,1598
3306.660005,826,1600
3306.665006,901,1597
3306.670006,953,1599
3306.675007,829,1598
3306.680006,863,1599
3306.685006,978,1595
3306.690006,899,1598
3306.695006,829,1597
3306.700006,948,1601
3306.705006,925,1597
3306.710005,818,1599
3306.715006,900,1597
3306.720006,959,1598
3306.725006,832,1596
3306.730006,865,1594
3306.735006,970,1596
3306.740006,876,1601
3306.745005,829,1598
3306.750006,963,1597
3306.755006,938,1600
3306.760006,821,1601
3306.765005,886,1595
3306.770006,956,1596
3306.775007,829,1598
3306.780006,841,1602
3306.785005,957,1606
3306.790006,889,1602
3306.795007,832,1605
3306.800006,960,1606
3306.805006,929,1605
3306.810006,816,1604
3306.815006,897,1608
3306.820005,950,1608
3306.825007,824,1611
3306.830005,857,1609
3306.835005,966,1610
3306.840005,885,1612
3306.845006,838,1611
3306.850006,965,1612
3306.855006,937,1616
3306.860006,823,1608
3306.865005,884,1616
3306.870006,940,1618
3306.875006,822,1618
3306.880006,855,1617
3306.885006,971,1620
3306.890005,892,1620
3306.895007,826,1624
3306.900006,953,1622
3306.905006,924,1624
3306.910006,815,1623
3306.915005,896,1624
3306.920005,951,1626
3306.925005,825,1627
3306.930006,857,1625
3306.935006,966,1628
3306.940007,893,1627
3306.945006,850,1625
3306.950005,951,1628
3306.955007,931,1626
3306.960006,824,1629
3306.965005,905,1625
3306.970006,955,1626
3306.975007,828,1625
3306.980007,868,1626
3306.985006,977,1625
3306.990006,898,1625
3306.995006,841,1626
3307.000006,970,1622
3307.005007,940,1624
3307.010006,830,1619
3307.015005,904,1621
3307.020006,965,1618
3307.025006,815,1621
3307.030006,852,1618
3307.035005,972,1614
3307.040006,896,1615
3307.045006,837,1613
3307.050005,963,1613
3307.055006,931,1611
3307.060006,818,1612
3307.065006,896,1610
3307.070006,949,1610
3307.075007,820,1609
3307.080006,853,1608
3307.085006,968,1610
3307.090006,895,1610
3307.095005,847,1608
3307.100006,967,1607
3307.105006,934,1605
3307.110005,821,1607
3307.115006,897,1609
3307.120007,954,1606
3307.125005,832,1602
3307.130005,861,1600
3307.135005,973,1605
3307.140006,891,1603
3307.145006,824,1599
3307.150007,946,1605
3307.155007,921,1601
3307.160005,808,1604
3307.165005,885,1601
3307.170005,941,1600
3307.175006,816,1603
3307.180005,845,1604
3307.185006,960,1600
3307.190006,877,1605
3307.195006,826,1604
3307.200005,953,1602
3307.205005,934,1592
3307.210006,806,1603
3307.215005,890,1602
3307.220005,942,1603
3307.225006,819,1601
3307.230006,854,1603
3307.235005,964,1605
3307.240007,892,1601
3307.245006,833,1601
3307.250006,960,1601
3307.255006,930,1600
3307.260006,821,1602
3307.265005,900,1600
3307.270006,956,1596
3307.275006,827,1599
3307.280006,857,1599
3307.285005,955,1602
3307.290006,878,1602
3307.295006,830,1602
3307.300006,960,1603
3307.305005,931,1603
3307.310006,823,1601
3307.315006,903,1602
3307.320005,958,1602
3307.325007,824,1604
3307.330005,849,1603
3307.335005,964,1604
3307.340005,888,1604
3307.345005,836,1604
3307.350006,957,1603
3307.355006,925,1607
3307.360005,815,1605
3307.365006,900,1605
3307.370005,947,1605
3307.375006,820,1608
3307.380005,863,1602
3307.385006,976,1602
3307.390005,895,1603
3307.395006,844,1606
3307.400006,964,1602
3307.405006,939,1600
3307.410006,826,1604
3307.415006,906,1606
3307.420007,935,1608
3307.425006,813,1605
3307.430006,863,1604
3307.435006,975,1596
3307.440006,886,1593
3307.445006,838,1593
3307.450005,968,1603
3307.455006,919,1603
3307.460007,816,1603
3307.465006,905,1598
3307.470006,944,1604
3307.475006,825,1603
3307.480006,858,1603
3307.485006,967,1604
3307.490005,887,1606
3307.495006,840,1603
3307.500006,962,1599
3307.505006,933,1603
3307.510006,821,1602
3307.515006,904,1599
3307.520006,959,1601
3307.525006,827,1604
3307.530005,854,1601
3307.535006,965,1603
3307.540006,889,1603
3307.545007,836,1602
3307.550007,960,1603
3307.555005,935,1604
3307.560007,830,1605
3307.565006,889,1606
3307.570005,944,1608
3307.575006,820,1607
3307.580007,851,1608
3307.585006,964,1608
3307.590005,896,1607
3307.595006,845,1607
3307.600006,968,1608
3307.605007,942,1605
3307.610006,820,1598
3307.615006,905,1607
3307.620005,953,1604
3307.625005,821,1603
3307.630006,858,1602
3307.635005,978,1605
3307.640006,899,1600
3307.645006,846,1602
3307.650007,969,1601
3307.655006,922,1601
3307.660005,823,1605
3307.665006,895,1603
3307.670006,947,1603
3307.675005,832,1601
3307.680006,861,1600
3307.685007,956,1606
3307.690005,875,1605
3307.695006,827,1601
3307.700006,964,1604
3307.705006,934,1603
3307.710006,823,1601
3307.715006,908,1600
3307.720006,954,1598
3307.725007,827,1597
3307.730006,840,1596
3307.735005,957,1600
3307.740006,884,1597
3307.745005,842,1597
3307.750006,971,1597
3307.755006,938,1598
3307.760005,828,1595
3307.765006,900,1592
3307.770005,950,1589
3307.775005,819,1593
3307.780005,848,1601
3307.785006,962,1601
3307.790006,878,1602
3307.795006,830,1604
3307.800006,960,1602
3307.805006,937,1605
3307.810006,831,1603
3307.815007,884,1605
3307.820006,948,1604
3307.825005,818,1608
3307.830006,858,1602
3307.835006,966,1602
3307.840006,885,1604
3307.845006,840,1603
3307.850007,961,1602
3307.855006,931,1604
3307.860006,831,1603
3307.865006,908,1602
3307.870005,940,1606
3307.875006,817,1603
3307.880006,852,1602
3307.885006,963,1601
3307.890005,894,1602
3307.895006,836,1602
3307.900006,956,1604
3307.905006,931,1602
3307.910006,817,1602
3307.915007,897,1603
3307.920006,951,1601
3307.925005,830,1604
3307.930006,864,1604
3307.935005,977,1603
3307.940006,880,1602
3307.945006,831,1604
3307.950006,956,1606
3307.955007,925,1606
3307.960006,825,1597
3307.965005,891,1603
3307.970007,947,1602
3307.975006,815,1605
3307.980005,853,1604
3307.985005,971,1601
3307.990007,897,1602
3307.995006,848,1603
3308.000006,949,1604
3308.005005,921,1606
3308.010006,814,1604
3308.015005,900,1603
3308.020006,952,1602
3308.025006,826,1603
3308.030006,862,1606
3308.035006,968,1602
3308.040006,891,1603
3308.045007,842,1604
3308.050006,972,1603
3308.055005,939,1606
3308.060006,826,1605
3308.065006,882,1612
3308.070006,936,1609
3308.075005,811,1612
3308.080006,848,1610
3308.085006,961,1612
3308.090006,887,1609
3308.095005,846,1610
3308.100007,970,1608
3308.105007,939,1608
3308.110006,821,1608
3308.115006,887,1614
3308.120005,938,1617
3308.125006,834,1615
3308.130006,870,1613
3308.135005,956,1620
3308.140006,880,1616
3308.145006,845,1619
3308.150006,972,1619
3308.155005,940,1621
3308.160006,825,1621
3308.165006,910,1619
3308.170007,959,1619
3308.175007,808,1621
3308.180006,852,1622
3308.185007,965,1621
3308.190007,888,1622
3308.195006,845,1621
3308.200005,973,1622
3308.205006,922,1625
3308.210007,827,1617
3308.215006,890,1627
3308.220005,947,1627
3308.225006,821,1623
3308.230006,853,1628
3308.235006,972,1625
3308.240006,897,1624
3308.245005,852,1623
3308.250006,961,1615
3308.255005,946,1624
3308.260005,811,1626
3308.265007,891,1623
3308.270005,939,1624
3308.275006,818,1622
3308.280006,852,1623
3308.285005,964,1625
3308.290007,889,1621
3308.295006,843,1621
3308.300005,973,1621
3308.305006,944,1620
3308.310006,806,1627
3308.315006,888,1626
3308.320006,942,1624
3308.325006,815,1625
3308.330006,854,1621
3308.335006,970,1622
3308.340006,891,1624
3308.345006,846,1621
3308.350006,974,1622
3308.355007,944,1620
3308.360007,826,1619
3308.365006,904,1612
3308.370007,945,1613
3308.375006,810,1620
3308.380006,847,1620
3308.385006,978,1618
3308.390006,901,1622
3308.395007,829,1623
3308.400006,954,1621
3308.405007,927,1624
3308.410005,815,1622
3308.415006,894,1622
3308.420006,948,1621
3308.425006,822,1624
3308.430005,854,1622
3308.435006,973,1623
3308.440006,899,1622
3308.445006,843,1621
3308.450005,969,1621
3308.455006,941,1620
3308.460005,828,1624
3308.465005,906,1620
3308.470007,938,1625
3308.475005,814,1623
3308.480006,848,1625
3308.485005,961,1626
3308.490006,885,1622
3308.495006,833,1624
3308.500006,959,1622
3308.505006,931,1620
3308.510005,818,1621
3308.515006,905,1618
3308.520006,961,1620
3308.525006,832,1613
3308.530005,855,1618
3308.535006,973,1618
3308.540007,901,1618
3308.545005,846,1616
3308.550006,966,1616
3308.555006,934,1616
3308.560007,818,1611
3308.565006,897,1613
3308.570006,956,1611
3308.575006,811,1613
3308.580006,868,1613
3308.585006,973,1614
3308.590006,879,1609
3308.595005,829,1612
3308.600006,955,1612
3308.605006,934,1612
3308.610006,834,1610
3308.615005,909,1606
3308.620006,955,1609
3308.625007,810,1610
3308.630007,846,1609
3308.635006,966,1607
3308.640005,889,1607
3308.645006,843,1606
3308.650007,969,1608
3308.655006,942,1607
3308.660006,826,1606
3308.665007,898,1604
3308.670006,962,1604
3308.675006,821,1595
3308.680006,843,1606
3308.685006,957,1607
3308.690005,898,1599
3308.695006,831,1604
3308.700006,974,1603
3308.705007,925,1602
3308.710006,819,1605
3308.715007,897,1605
3308.720005,957,1603
3308.725006,828,1601
3308.730007,860,1599
3308.735007,957,1604
3308.740006,878,1604
3308.745005,827,1606
3308.750005,954,1603
3308.755005,925,1606
3308.760006,816,1602
3308.765006,896,1603
3308.770007,938,1602
3308.775006,821,1601
3308.780006,851,1600
3308.785005,969,1601
3308.790006,894,1600
3308.795006,837,1596
3308.800007,960,1600
3308.805005,932,1599
3308.810007,822,1601
3308.815006,908,1600
3308.820006,940,1602
3308.825005,822,1600
3308.830006,854,1602
3308.835006,970,1600
3308.840006,891,1602
3308.845005,831,1595
3308.850006,954,1603
3308.855005,932,1602
3308.860006,821,1602
3308.865006,903,1603
3308.870005,954,1605
3308.875006,824,1598
3308.880006,842,1600
3308.885006,961,1603
3308.890006,892,1603
3308.895006,837,1603
3308.900007,963,1602
3308.905006,927,1603
3308.910006,818,1604
3308.915006,905,1601
3308.920005,946,1603
3308.925006,814,1604
3308.930006,861,1602
3308.935006,953,1602
3308.940006,882,1606
3308.945005,835,1603
3308.950006,961,1601
3308.955006,913,1609
3308.960006,821,1599
3308.965005,881,1610
3308.970007,933,1607
3308.975005,810,1606
3308.980006,841,1613
3308.985005,957,1615
3308.990007,884,1613
3308.995006,832,1610
3309.000006,950,1613
3309.005007,923,1608
3309.010007,824,1613
3309.015007,897,1614
3309.020005,945,1612
3309.025005,823,1614
3309.030005,861,1612
3309.035006,974,1610
3309.040007,885,1612
3309.045006,840,1612
3309.050005,969,1606
3309.055006,935,1612
3309.060007,800,1615
3309.065006,884,1610
3309.070005,941,1610
3309.075007,814,1609
3309.080005,850,1613
3309.085006,970,1610
3309.090006,897,1611
3309.095006,847,1611
3309.100006,964,1611
3309.105006,915,1618
3309.110006,812,1614
3309.115005,898,1614
3309.120006,952,1615
3309.125007,825,1615
3309.130006,858,1615
3309.135006,967,1617
3309.140005,886,1616
3309.145007,836,1618
3309.150006,964,1609
3309.155006,940,1619
3309.160006,804,1620
3309.165007,885,1622
3309.170006,944,1620
3309.175006,817,1621
3309.180006,858,1619
3309.185006,968,1621
3309.190006,886,1621
3309.195006,837,1618
3309.200005,965,1619
3309.205006,934,1618
3309.210006,819,1620
3309.215006,899,1616
3309.220005,947,1616
3309.225006,831,1616
3309.230007,856,1614
3309.235005,963,1615
3309.240006,885,1612
3309.245005,840,1612
3309.250007,951,1613
3309.255006,919,1616
3309.260005,811,1611
3309.265006,899,1611
3309.270006,957,1610
3309.275006,826,1608
3309.280006,851,1609
3309.285006,972,1605
3309.290006,889,1607
3309.295006,835,1603
3309.300006,958,1606
3309.305006,935,1601
3309.310007,822,1603
3309.315007,904,1600
3309.320006,955,1597
3309.325006,802,1601
3309.330007,845,1596
3309.335007,954,1601
3309.340006,877,1600
3309.345005,827,1598
3309.350007,950,1600
3309.355007,927,1600
3309.360007,827,1595
3309.365006,899,1597
3309.370005,950,1596
3309.375006,820,1598
3309.380006,860,1599
3309.385005,974,1596
3309.390006,892,1597
3309.395006,837,1593
3309.400006,946,1601
3309.405005,924,1597
3309.410007,809,1593
3309.415006,883,1602
3309.420006,944,1599
3309.425005,825,1600
3309.430006,851,1603
3309.435006,968,1602
3309.440006,878,1600
3309.445006,831,1600
3309.450007,957,1600
3309.455005,929,1599
3309.460006,821,1601
3309.465005,887,1598
3309.470006,955,1596
3309.475007,829,1598
3309.480006,842,1599
3309.485006,960,1599
3309.490006,876,1598
3309.495006,825,1603
3309.500006,975,1598
3309.505007,930,1599
3309.510005,812,1601
3309.515006,896,1601
3309.520006,948,1601
3309.525006,817,1606
3309.530006,851,1601
3309.535005,971,1604
3309.540006,892,1604
3309.545006,832,1596
3309.550006,947,1605
3309.555005,918,1607
3309.560006,806,1606
3309.565006,890,1606
3309.570006,939,1608
3309.575005,814,1606
3309.580005,853,1607
3309.585005,964,1610
3309.590005,888,1605
3309.595006,846,1600
3309.600006,958,1598
3309.605007,920,1610
3309.610006,811,1607
3309.615005,890,1609
3309.620006,940,1610
3309.625006,831,1600
3309.630006,862,1602
3309.635005,956,1609
3309.640006,877,1611
3309.645007,828,1611
3309.650007,969,1603
3309.655006,921,1609
3309.660005,809,1608
3309.665007,890,1607
3309.670007,958,1603
3309.675006,812,1610
3309.680006,850,1608
3309.685006,961,1611
3309.690006,880,1610
3309.695005,831,1609
3309.700007,959,1608
3309.705005,934,1611
3309.710006,824,1607
3309.715006,904,1606
3309.720006,949,1608
3309.725006,826,1607
3309.730006,863,1607
3309.735005,965,1598
3309.740006,896,1605
3309.745005,849,1603
3309.750006,965,1605
3309.755006,940,1608
3309.760006,819,1597
3309.765005,901,1605
3309.770006,961,1601
3309.775005,808,1605
3309.780006,846,1606
3309.785005,968,1601
3309.790006,883,1605
3309.795007,838,1603
3309.800006,964,1605
3309.805007,940,1605
3309.810006,827,1604
3309.815006,909,1604
3309.820005,937,1606
3309.825005,832,1605
3309.830006,861,1601
3309.835006,978,1604
3309.840005,883,1599
3309.845006,829,1605
3309.850006,956,1606
3309.855006,928,1605
3309.860005,817,1607
3309.865006,896,1605
3309.870005,950,1606
3309.875006,824,1605
3309.880006,857,1606
3309.885006,973,1609
3309.890006,897,1609
3309.895006,840,1608
3309.900005,965,1606
3309.905006,923,1613
3309.910005,815,1613
3309.915006,902,1613
3309.920006,951,1612
3309.925005,826,1614
3309.930006,841,1616
3309.935006,980,1612
3309.940006,894,1610
3309.945006,849,1608
3309.950006,952,1610
3309.955007,926,1609
3309.960007,818,1613
3309.965006,898,1609
3309.970005,960,1608
3309.975006,828,1605
3309.980007,860,1598
3309.985005,972,1602
3309.990006,872,1601
3309.995006,847,1600
3310.000006,965,1603
3310.005006,918,1603
3310.010005,812,1601
3310.015006,890,1600
3310.020006,950,1599
3310.025006,822,1601
3310.030006,856,1601
3310.035005,971,1601
3310.040007,891,1600
3310.045007,836,1601
3310.050006,955,1602
3310.055005,916,1603
3310.060006,803,1604
3310.065006,888,1602
3310.070007,942,1605
3310.075005,815,1602
3310.080007,849,1603
3310.085006,960,1605
3310.090005,886,1602
3310.095006,836,1603
3310.100006,959,1606
3310.105006,934,1606
3310.110007,824,1605
3310.115006,897,1604
3310.120006,948,1606
3310.125006,826,1605
3310.130006,853,1603
3310.135005,975,1601
3310.140006,893,1603
3310.145006,834,1600
3310.150007,960,1605
3310.155006,913,1607
3310.160006,806,1603
3310.165006,901,1602
3310.170006,947,1604
3310.175006,829,1602
3310.180005,861,1600
3310.185006,975,1601
3310.190006,891,1600
3310.195005,840,1601
3310.200006,964,1601
3310.205005,936,1600
3310.210005,800,1599
3310.215006,884,1602
3310.220006,938,1600
3310.225006,819,1601
3310.230005,848,1598
3310.235005,971,1600
3310.240007,879,1600
3310.245005,837,1594
3310.250007,962,1594
3310.255006,945,1592
3310.260006,803,1596
3310.265006,886,1598
3310.270007,939,1595
3310.275006,817,1593
3310.280005,861,1592
3310.285006,969,1594
3310.290006,901,1591
3310.295006,834,1593
3310.300005,953,1597
3310.305007,919,1598
3310.310006,808,1602
3310.315007,895,1598
3310.320006,942,1600
3310.325005,818,1600
3310.330007,855,1601
3310.335007,968,1601
3310.340006,883,1601
3310.345006,834,1604
3310.350006,959,1602
3310.355007,925,1607
3310.360007,810,1606
3310.365006,912,1606
3310.370005,960,1601
3310.375006,818,1601
3310.380006,869,1606
3310.385006,955,1606
3310.390005,881,1606
3310.395007,829,1608
3310.400006,963,1609
3310.405005,941,1608
3310.410006,810,1608
3310.415006,898,1609
3310.420006,943,1608
3310.425005,822,1609
3310.430006,851,1610
3310.435006,961,1610
3310.440005,881,1610
3310.445005,836,1609
3310.450007,958,1608
3310.455005,926,1609
3310.460005,815,1607
3310.465005,896,1609
3310.470006,946,1607
3310.475006,829,1606
3310.480006,872,1605
3310.485005,979,1607
3310.490005,894,1606
3310.495007,847,1608
3310.500006,965,1599
3310.505006,937,1602
3310.510005,814,1609
3310.515007,893,1610
3310.520006,951,1608
3310.525006,826,1611
3310.530006,858,1610
3310.535005,973,1614
3310.540006,897,1610
3310.545006,843,1609
3310.550006,962,1611
3310.555006,928,1614
3310.560006,812,1612
3310.565006,889,1614
3310.570006,945,1615
3310.575006,818,1616
3310.580006,846,1617
3310.585006,963,1618
3310.590005,884,1617
3310.595007,834,1618
3310.600007,960,1618
3310.605006,929,1618
3310.610006,818,1619
3310.615005,898,1621
3310.620006,964,1618
3310.625006,830,1618
3310.630006,864,1622
3310.635006,973,1621
3310.640006,888,1624
3310.645007,846,1624
3310.650006,954,1616
3310.655006,924,1627
3310.660006,817,1626
3310.665007,907,1623
3310.670007,953,1626
3310.675006,817,1628
3310.680006,852,1626
3310.685006,975,1627
3310.690006,890,1627
3310.695006,836,1627
3310.700005,968,1627
3310.705006,938,1624
3310.710006,807,1629
3310.715006,892,1630
3310.720005,951,1631
3310.725006,824,1628
3310.730006,866,1628
3310.735005,970,1625
3310.740006,878,1631
3310.745005,840,1632
3310.750006,958,1631
3310.755006,937,1630
3310.760005,823,1634
3310.765006,886,1636
3310.770006,949,1633
3310.775007,827,1632
3310.780006,854,1634
3310.785005,957,1633
3310.790007,876,1633
3310.795007,834,1635
3310.800007,961,1633
3310.805006,933,1631
3310.810005,826,1631
3310.815005,889,1633
3310.820005,944,1631
3310.825007,818,1632
3310.830007,854,1630
3310.835006,967,1629
3310.840005,883,1629
3310.845006,831,1630
3310.850006,955,1626
3310.855006,925,1626
3310.860006,815,1627
3310.865005,898,1626
3310.870007,954,1622
3310.875006,833,1623
3310.880006,854,1621
3310.885006,961,1617
3310.890005,884,1617
3310.895007,838,1616
3310.900007,958,1613
3310.905007,930,1614
3310.910006,825,1605
3310.915006,908,1602
3310.920006,958,1604
3310.925005,824,1603
3310.930006,838,1607
3310.935007,955,1606
3310.940007,878,1599
3310.945006,837,1594
3310.950006,952,1600
3310.955005,924,1600
3310.960005,821,1598
3310.965005,912,1596
3310.970007,952,1598
3310.975005,823,1594
3310.980005,858,1594
3310.985006,971,1597
3310.990006,897,1596
3310.995005,844,1596
3311.000006,963,1596
3311.005007,921,1588
3311.010007,811,1594
3311.015006,901,1595
3311.020006,958,1595
3311.025006,811,1597
3311.030005,860,1593
3311.035005,969,1594
3311.040007,889,1595
3311.045006,834,1594
3311.050007,957,1595
3311.055007,929,1593
3311.060006,821,1597
3311.065007,905,1595
3311.070006,953,1593
3311.075005,816,1600
3311.080006,856,1595
3311.085007,969,1596
3311.090006,888,1596
3311.095007,838,1598
3311.100006,964,1595
3311.105006,939,1594
3311.110006,824,1596
3311.115005,884,1596
3311.120006,940,1595
3311.125006,814,1598
3311.130006,849,1597
3311.135005,965,1594
3311.140006,885,1595
3311.145006,844,1595
3311.150006,974,1595
3311.155006,935,1598
3311.160005,825,1600
3311.165006,906,1600
3311.170006,942,1602
3311.175006,818,1605
3311.180006,858,1601
3311.185007,973,1603
3311.190007,894,1603
3311.195006,849,1605
3311.200005,971,1604
3311.205006,942,1606
3311.210007,828,1606
3311.215006,906,1609
3311.220006,941,1612
3311.225005,817,1612
3311.230005,852,1617
3311.235006,965,1616
3311.240005,881,1617
3311.245006,835,1619
3311.250006,958,1618
3311.255007,930,1622
3311.260007,812,1624
3311.265005,899,1627
3311.270006,945,1627
3311.275006,822,1627
3311.280006,860,1624
3311.285006,971,1627
3311.290006,889,1625
3311.295006,846,1626
3311.300005,969,1628
3311.305006,936,1627
3311.310005,829,1628
3311.315005,903,1625
3311.320005,950,1628
3311.325007,829,1624
3311.330006,862,1621
3311.335006,974,1621
3311.340005,878,1624
3311.345007,846,1619
3311.350006,950,1626
3311.355006,939,1621
3311.360006,806,1620
3311.365005,894,1619
3311.370006,955,1618
3311.375006,830,1617
3311.380006,854,1617
3311.385006,967,1620
3311.390006,890,1617
3311.395007,849,1615
3311.400005,972,1615
3311.405005,937,1615
3311.410006,818,1616
3311.415007,905,1612
3311.420007,955,1614
3311.425006,816,1605
3311.430005,842,1614
3311.435006,959,1617
3311.440007,883,1615
3311.445006,844,1614
3311.450005,963,1614
3311.455006,929,1614
3311.460006,822,1613
3311.465005,898,1610
3311.470006,947,1613
3311.475007,821,1610
3311.480006,851,1611
3311.485005,972,1607
3311.490007,896,1607
3311.495005,847,1604
3311.500006,946,1606
3311.505006,922,1607
3311.510005,816,1605
3311.515006,898,1603
3311.520006,953,1603
3311.525006,818,1605
3311.530006,851,1602
3311.535006,962,1602
3311.540007,881,1605
3311.545006,827,1606
3311.550006,952,1604
3311.555006,927,1604
3311.560007,820,1602
3311.565006,902,1601
3311.570005,951,1600
3311.575006,827,1601
3311.580006,840,1600
3311.585006,955,1603
3311.590006,875,1604
3311.595005,826,1603
3311.600007,951,1601
3311.605007,923,1603
3311.610006,816,1600
3311.615005,908,1602
3311.620006,957,1595
3311.625006,831,1598
3311.630006,854,1592
3311.635006,951,1599
3311.640005,875,1601
3311.645006,825,1598
3311.650006,949,1600
3311.655005,933,1588
3311.660006,822,1593
3311.665006,884,1595
3311.670007,937,1595
3311.675006,810,1597
3311.680005,845,1594
3311.685006,956,1593
3311.690007,889,1584
3311.695006,826,1593
3311.700005,952,1592
3311.705006,920,1593
3311.710006,806,1594
3311.715006,901,1589
3311.720006,959,1587
3311.725007,830,1590
3311.730006,859,1588
3311.735005,968,1589
3311.740006,889,1589
3311.745006,840,1588
3311.750005,961,1589
3311.755005,933,1588
3311.760005,819,1588
3311.765006,895,1593
3311.770006,941,1594
3311.775007,819,1593
3311.780006,851,1594
3311.785006,974,1591
3311.790006,893,1593
3311.795006,841,1594
3311.800006,963,1590
3311.805006,915,1599
3311.810006,804,1600
3311.815006,912,1597
3311.820005,935,1601
3311.825006,812,1600
3311.830006,844,1601
3311.835006,974,1592
3311.840005,896,1602
3311.845007,840,1601
3311.850006,962,1602
3311.855006,943,1601
3311.860006,829,1600
3311.865005,904,1605
3311.870006,955,1602
3311.875006,807,1612
3311.880006,843,1608
3311.885006,965,1607
3311.890006,876,1616
3311.895007,829,1615
3311.900006,958,1616
3311.905005,931,1618
3311.910006,818,1615
3311.915007,906,1618
3311.920007,953,1618
3311.925006,836,1618
3311.930006,848,1622
3311.935006,964,1622
3311.940007,884,1621
3311.945006,834,1623
3311.950005,961,1620
3311.955005,930,1620
3311.960006,822,1618
3311.965005,902,1621
3311.970007,950,1620
3311.975006,825,1620
3311.980006,854,1619
3311.985006,966,1620
3311.990007,891,1619
3311.995006,850,1620
3312.000007,974,1620
3312.005006,936,1613
3312.010005,807,1625
3312.015006,892,1622
3312.020007,948,1619
3312.025006,816,1615
3312.030005,868,1618
3312.035007,978,1618
3312.040005,890,1616
3312.045006,841,1618
3312.050006,954,1616
3312.055006,918,1619
3312.060006,808,1620
3312.065006,911,1617
3312.070006,954,1611
3312.075005,814,1618
3312.080006,845,1619
3312.085006,962,1619
3312.090005,879,1620
3312.095006,852,1615
3312.100006,973,1617
3312.105006,940,1619
3312.110006,821,1618
3312.115006,906,1617
3312.120005,954,1617
3312.125006,826,1615
3312.130006,854,1619
3312.135005,970,1615
3312.140006,896,1608
3312.145006,843,1615
3312.150005,955,1608
3312.155006,941,1612
3312.160005,826,1610
3312.165007,905,1609
3312.170007,949,1612
3312.175005,819,1609
3312.180007,847,1612
3312.185006,956,1610
3312.190007,885,1606
3312.195007,831,1608
3312.200005,961,1608
3312.205007,936,1606
3312.210007,826,1608
3312.215006,898,1608
3312.220006,944,1611
3312.225006,815,1611
3312.230006,857,1609
3312.235006,968,1606
3312.240005,886,1608
3312.245007,836,1608
3312.250006,964,1604
3312.255006,930,1604
3312.260005,817,1605
3312.265006,899,1604
3312.270006,958,1605
3312.275005,827,1603
3312.280005,865,1600
3312.285006,976,1602
3312.290006,868,1605
3312.295006,833,1600
3312.300006,955,1602
3312.305005,931,1601
3312.310006,820,1601
3312.315007,902,1602
3312.320007,959,1601
3312.325007,829,1601
3312.330006,862,1603
3312.335006,972,1603
3312.340006,886,1606
3312.345005,832,1608
3312.350007,958,1605
3312.355005,935,1607
3312.360006,822,1607
3312.365006,901,1609
3312.370006,957,1609
3312.375007,825,1611
3312.380006,840,1610
3312.385005,957,1609
3312.390006,889,1610
3312.395006,842,1609
3312.400006,973,1609
3312.405005,934,1608
3312.410005,826,1609
3312.415006,908,1607
3312.420006,933,1608
3312.425006,828,1606
3312.430006,848,1611
3312.435006,974,1608
3312.440007,886,1610
3312.445007,834,1613
3312.450006,958,1613
3312.455005,942,1611
3312.460006,828,1610
3312.465005,909,1611
3312.470006,957,1609
3312.475006,830,1612
3312.480006,861,1612
3312.485005,969,1613
3312.490006,889,1618
3312.495005,837,1617
3312.500006,966,1614
3312.505006,943,1613
3312.510007,821,1615
3312.515005,901,1609
3312.520006,959,1615
3312.525006,825,1615
3312.530006,862,1616
3312.535005,978,1614
3312.540006,895,1614
3312.545007,844,1614
3312.550005,964,1614
3312.555006,929,1615
3312.560006,817,1615
3312.565006,896,1612
3312.570006,955,1613
3312.575005,822,1613
3312.580006,863,1612
3312.585006,954,1614
3312.590005,876,1615
3312.595006,846,1610
3312.600006,952,1619
3312.605006,930,1614
3312.610005,832,1616
3312.615006,911,1615
3312.620005,956,1615
3312.625006,826,1614
3312.630007,862,1615
3312.635006,965,1606
3312.640006,872,1615
3312.645006,830,1619
3312.650006,956,1615
3312.655005,932,1617
3312.660007,819,1622
3312.665007,902,1618
3312.670005,955,1622
3312.675005,832,1618
3312.680006,864,1619
3312.685006,972,1617
3312.690006,885,1620
3312.695005,838,1619
3312.700007,965,1619
3312.705006,929,1616
3312.710005,814,1618
3312.715005,897,1617
3312.720007,952,1618
3312.725006,829,1618
3312.730006,855,1610
3312.735006,953,1620
3312.740005,877,1616
3312.745007,826,1620
3312.750005,951,1621
3312.755005,929,1614
3312.760006,822,1614
3312.765006,907,1613
3312.770005,957,1616
3312.775005,824,1613
3312.780005,861,1614
3312.785006,969,1604
3312.790006,891,1611
3312.795007,844,1616
3312.800006,968,1613
3312.805005,940,1614
3312.810007,817,1606
3312.815007,881,1616
3312.820007,935,1619
3312.825006,815,1613
3312.830007,849,1616
3312.835007,962,1613
3312.840007,884,1614
3312.845005,834,1614
3312.850007,955,1614
3312.855007,927,1615
3312.860005,815,1612
3312.865006,900,1616
3312.870006,948,1613
3312.875006,820,1610
3312.880006,862,1611
3312.885006,973,1607
3312.890005,876,1613
3312.895007,826,1608
3312.900006,949,1612
3312.905006,926,1608
3312.910005,817,1607
3312.915006,902,1608
3312.920006,960,1608
3312.925005,834,1605
3312.930006,844,1609
3312.935006,964,1606
3312.940006,893,1608
3312.945005,845,1603
3312.950006,964,1604
3312.955006,937,1606
3312.960006,818,1606
3312.965006,900,1605
3312.970005,954,1606
3312.975006,826,1600
3312.980007,841,1609
3312.985006,969,1604
3312.990006,891,1604
3312.995006,840,1606
3313.000007,960,1606
3313.005007,930,1604
3313.010006,822,1605
3313.015005,905,1603
3313.020006,960,1602
3313.025006,825,1599
3313.030007,841,1608
3313.035005,956,1607
3313.040007,876,1605
3313.045006,832,1603
3313.050006,957,1603
3313.055005,926,1600
3313.060006,827,1594
3313.065006,911,1600
3313.070006,955,1602
3313.075006,824,1601
3313.080006,864,1599
3313.085007,973,1598
3313.090007,893,1594
3313.095006,825,1604
3313.100007,949,1605
3313.105006,925,1602
3313.110006,812,1601
3313.115006,899,1600
3313.120006,953,1602
3313.125006,821,1602
3313.130007,863,1602
3313.135007,957,1606
3313.140005,896,1599
3313.145006,843,1599
3313.150006,966,1599
3313.155005,924,1606
3313.160006,811,1606
3313.165005,892,1607
3313.170005,949,1609
3313.175005,824,1610
3313.180006,856,1613
3313.185006,976,1610
3313.190007,892,1613
3313.195007,822,1617
3313.200006,954,1616
3313.205007,924,1618
3313.210007,809,1622
3313.215006,891,1615
3313.220007,941,1620
3313.225005,831,1613
3313.230005,865,1616
3313.235006,975,1619
3313.240006,873,1618
3313.245005,828,1620
3313.250006,953,1619
3313.255006,925,1617
3313.260006,826,1609
3313.265005,908,1616
3313.270006,937,1618
3313.275006,818,1612
3313.280006,863,1613
3313.285006,971,1613
3313.290007,895,1613
3313.295007,842,1614
3313.300006,969,1612
3313.305005,914,1618
3313.310006,805,1617
3313.315006,888,1617
3313.320005,940,1616
3313.325006,814,1617
3313.330006,851,1616
3313.335006,967,1613
3313.340005,889,1612
3313.345006,839,1612
3313.350005,973,1609
3313.355006,937,1611
3313.360005,822,1611
3313.365006,882,1611
3313.370006,944,1608
3313.375007,820,1606
3313.380006,853,1607
3313.385005,964,1609
3313.390007,885,1608
3313.395005,837,1606
3313.400005,964,1605
3313.405006,937,1605
3313.410005,815,1607
3313.415006,903,1603
3313.420007,957,1600
3313.425006,822,1605
3313.430006,859,1605
3313.435005,966,1605
3313.440006,892,1603
3313.445005,840,1603
3313.450006,964,1605
3313.455007,934,1602
3313.460006,820,1603
3313.465005,893,1601
3313.470006,942,1599
3313.475006,823,1599
3313.480006,853,1600
3313.485006,956,1598
3313.490005,880,1599
3313.495006,835,1599
3313.500007,962,1598
3313.505006,929,1596
3313.510006,820,1598
3313.515005,882,1597
3313.520006,939,1600
3313.525006,816,1596
3313.530005,859,1593
3313.535007,969,1593
3313.540006,893,1593
3313.545007,844,1595
3313.550006,968,1593
3313.555006,937,1596
3313.560006,824,1599
3313.565006,881,1600
3313.570005,936,1600
3313.575006,812,1602
3313.580006,844,1598
3313.585006,974,1589
3313.590006,874,1599
3313.595005,836,1598
3313.600006,964,1597
3313.605007,938,1595
3313.610007,819,1599
3313.615006,904,1597
3313.620005,957,1598
3313.625006,824,1595
3313.630006,857,1597
3313.635005,970,1596
3313.640006,887,1599
3313.645005,843,1598
3313.650005,962,1599
3313.655005,942,1601
3313.660005,820,1594
3313.665006,883,1601
3313.670006,944,1600
3313.675006,820,1599
3313.680005,854,1600
3313.685007,959,1603
3313.690007,879,1604
3313.695006,831,1604
3313.700005,960,1604
3313.705006,933,1602
3313.710006,815,1607
3313.715005,897,1607
3313.720006,949,1608
3313.725006,824,1610
3313.730006,858,1611
3313.735007,972,1610
3313.740006,890,1608
3313.745006,834,1611
3313.750006,963,1610
3313.755006,941,1612
3313.760006,818,1614
3313.765006,899,1615
3313.770007,950,1612
3313.775006,822,1616
3313.780005,853,1616
3313.785007,972,1616
3313.790005,893,1616
3313.795005,845,1617
3313.800005,964,1620
3313.805007,935,1616
3313.810006,822,1616
3313.815006,906,1613
3313.820005,955,1609
3313.825006,816,1613
3313.830007,849,1616
3313.835006,965,1615
3313.840006,882,1614
3313.845005,843,1613
3313.850006,965,1610
3313.855006,938,1613
3313.860005,827,1613
3313.865006,909,1610
3313.870007,960,1607
3313.875006,809,1615
3313.880006,853,1611
3313.885006,970,1612
3313.890005,888,1612
3313.895006,833,1613
3313.900006,958,1609
3313.905005,924,1612
3313.910006,815,1611
3313.915007,889,1613
3313.920006,951,1609
3313.925006,826,1614
3313.930006,857,1609
3313.935006,976,1609
3313.940006,896,1605
3313.945005,821,1606
3313.950006,949,1608
3313.955007,924,1606
3313.960005,811,1608
3313.965005,898,1599
3313.970006,947,1604
3313.975007,820,1602
3313.980007,854,1603
3313.985006,975,1600
3313.990006,892,1602
3313.995006,833,1601
3314.000007,957,1600
3314.005006,929,1602
3314.010005,799,1604
3314.015006,886,1603
3314.020007,937,1605
3314.025007,825,1601
3314.030006,855,1597
3314.035005,952,1604
3314.040006,877,1605
3314.045007,833,1603
3314.050007,956,1601
3314.055006,935,1602
3314.060006,815,1601
3314.065006,898,1603
3314.070005,942,1600
3314.075007,822,1604
3314.080005,836,1599
3314.085006,957,1601
3314.090005,888,1600
3314.095007,838,1601
3314.100005,957,1597
3314.105005,928,1601
3314.110005,814,1597
3314.115006,898,1598
3314.120006,948,1599
3314.125006,818,1599
3314.130006,848,1600
3314.135005,969,1598
3314.140006,887,1593
3314.145007,819,1597
3314.150007,946,1597
3314.155006,921,1599
3314.160006,806,1596
3314.165006,890,1596
3314.170006,936,1599
3314.175006,813,1597
3314.180005,846,1600
3314.185006,961,1597
3314.190006,885,1595
3314.195006,835,1597
3314.200006,954,1599
3314.205006,932,1597
3314.210006,820,1602
3314.215007,879,1602
3314.220006,933,1603
3314.225006,810,1602
3314.230005,842,1601
3314.235005,958,1605
3314.240006,875,1605
3314.245005,825,1606
3314.250007,952,1605
3314.255006,921,1611
3314.260005,811,1606
3314.265006,903,1610
3314.270007,953,1609
3314.275006,829,1612
3314.280005,853,1605
3314.285006,956,1612
3314.290007,884,1614
3314.295006,834,1614
3314.300006,959,1616
3314.305005,931,1617
3314.310006,817,1618
3314.315007,903,1618
3314.320006,937,1615
3314.325005,814,1620
3314.330006,848,1619
3314.335006,961,1619
3314.340005,884,1617
3314.345007,826,1621
3314.350006,958,1621
3314.355005,936,1620
3314.360005,815,1610
3314.365006,890,1622
3314.370006,947,1620
3314.375007,824,1621
3314.380006,848,1620
3314.385005,968,1619
3314.390006,897,1619
3314.395006,839,1621
3314.400006,964,1619
3314.405005,938,1615
3314.410006,802,1621
3314.415006,909,1619
3314.420006,953,1620
3314.425006,810,1619
3314.430005,844,1623
3314.435006,959,1623
3314.440006,882,1621
3314.445006,828,1624
3314.450005,956,1621
3314.455006,924,1622
3314.460006,805,1623
3314.465006,897,1619
3314.470006,946,1618
3314.475007,824,1617
3314.480007,864,1619
3314.485006,979,1614
