t,x,y
5322.795007,862,1645
5322.800006,856,1642
5322.805007,874,1639
5322.810005,862,1630
5322.815006,856,1633
5322.820006,858,1633
5322.825005,860,1635
5322.830006,845,1634
5322.835006,841,1632
5322.840007,866,1632
5322.845006,852,1629
5322.850005,835,1630
5322.855006,864,1632
5322.860006,865,1630
5322.865006,832,1629
5322.870006,866,1629
5322.875007,870,1630
5322.880007,834,1632
5322.885006,840,1633
5322.890007,865,1629
5322.895006,853,1635
5322.900005,837,1635
5322.905007,862,1639
5322.910006,871,1637
5322.915006,833,1641
5322.920006,852,1641
5322.925007,875,1637
5322.930005,844,1640
5322.935006,839,1640
5322.940006,863,1643
5322.945005,861,1634
5322.950005,838,1634
5322.955006,859,1637
5322.960007,872,1629
5322.965005,836,1626
5322.970006,846,1626
5322.975006,870,1621
5322.980006,832,1622
5322.985006,853,1617
5322.990006,861,1613
5322.995005,832,1611
5323.000006,834,1612
5323.005006,858,1609
5323.010006,872,1605
5323.015007,836,1605
5323.020005,843,1605
5323.025006,870,1603
5323.030007,821,1605
5323.035006,849,1601
5323.040006,866,1602
5323.045006,848,1598
5323.050006,821,1603
5323.055007,874,1594
5323.060005,860,1600
5323.065006,820,1601
5323.070005,840,1604
5323.075006,854,1595
5323.080006,835,1600
5323.085006,823,1602
5323.090006,867,1598
5323.095006,851,1599
5323.100006,827,1600
5323.105005,857,1598
5323.110006,864,1597
5323.115006,824,1597
5323.120005,845,1597
5323.125005,848,1597
5323.130006,831,1598
5323.135007,835,1596
5323.140006,854,1599
5323.145006,848,1595
5323.150006,836,1596
5323.155005,869,1600
5323.160005,857,1598
5323.165005,821,1601
5323.170005,839,1599
5323.175005,872,1597
5323.180006,827,1599
5323.185006,835,1599
5323.190007,851,1603
5323.195006,828,1598
5323.200006,823,1600
5323.205006,865,1594
5323.210007,867,1592
5323.215005,818,1594
5323.220006,854,1592
5323.225005,859,1594
5323.230006,834,1593
5323.235005,838,1594
5323.240006,853,1597
5323.245005,832,1598
5323.250005,835,1599
5323.255005,851,1603
5323.260006,843,1607
5323.265006,842,1604
5323.270005,853,1606
5323.275006,862,1611
5323.280006,822,1615
5323.285006,831,1616
5323.290007,880,1618
5323.295005,849,1622
5323.300006,822,1624
5323.305007,870,1627
5323.310005,852,1629
5323.315006,824,1633
5323.320005,841,1637
5323.325005,872,1638
5323.330005,839,1639
5323.335005,837,1641
5323.340005,870,1647
5323.345007,838,1649
5323.350006,827,1653
5323.355005,874,1654
5323.360006,867,1656
5323.365005,827,1661
5323.370006,845,1667
5323.375007,869,1665
5323.380006,836,1670
5323.385006,834,1671
5323.390006,873,1670
5323.395005,839,1673
5323.400006,845,1674
5323.405005,865,1675
5323.410006,871,1672
5323.415007,827,1677
5323.420005,866,1678
5323.425005,866,1677
5323.430006,828,1676
5323.435006,858,1670
5323.440006,870,1676
5323.445005,841,1677
5323.450005,843,1673
5323.455005,887,1669
5323.460005,859,1675
5323.465006,827,1671
5323.470006,857,1670
5323.475007,880,1666
5323.480005,828,1669
5323.485005,845,1667
5323.490005,864,1668
5323.495005,862,1662
5323.500005,841,1662
5323.505005,881,1657
5323.510005,861,1660
5323.515006,835,1646
5323.520005,870,1656
5323.525006,878,1653
5323.530006,841,1651
5323.535006,845,1653
5323.540006,865,1647
5323.545006,862,1649
5323.550006,842,1640
5323.555006,862,1640
5323.560005,869,1635
5323.565006,840,1634
5323.570006,857,1618
5323.575006,877,1619
5323.580007,828,1615
5323.585006,833,1611
5323.590006,863,1606
5323.595006,841,1597
5323.600005,848,1595
5323.605006,865,1590
5323.610005,851,1588
5323.615005,817,1584
5323.620005,849,1582
5323.625006,856,1575
5323.630006,830,1574
5323.635007,827,1572
5323.640006,873,1565
5323.645005,841,1564
5323.650006,845,1558
5323.655006,854,1559
5323.660005,850,1553
5323.665006,834,1549
5323.670006,852,1545
5323.675007,851,1543
5323.680005,839,1539
5323.685006,830,1533
5323.690005,872,1530
5323.695007,839,1526
5323.700007,836,1524
5323.705006,856,1523
5323.710006,863,1520
5323.715006,828,1520
5323.720006,836,1518
5323.725005,849,1518
5323.730006,815,1519
5323.735006,836,1516
5323.740005,853,1515
5323.745006,827,1523
5323.750007,829,1519
5323.755007,852,1518
5323.760006,858,1520
5323.765006,816,1524
5323.770007,851,1520
5323.775006,851,1531
5323.780006,813,1533
5323.785005,844,1538
5323.790006,865,1548
5323.795007,839,1549
5323.800006,817,1561
5323.805006,867,1560
5323.810005,846,1568
5323.815006,819,1573
5323.820006,858,1576
5323.825005,858,1582
5323.830005,820,1587
5323.835005,842,1589
5323.840005,853,1600
5323.845006,850,1596
5323.850005,826,1601
5323.855006,878,1600
5323.860006,863,1603
5323.865005,824,1603
5323.870005,840,1608
5323.875006,868,1604
5323.880007,824,1603
5323.885005,832,1603
5323.890007,856,1602
5323.895005,854,1602
5323.900006,841,1602
5323.905005,861,1606
5323.910006,861,1601
5323.915006,821,1603
5323.920007,858,1600
5323.925007,851,1610
5323.930005,839,1602
5323.935007,847,1604
5323.940006,876,1606
5323.945005,846,1608
5323.950005,824,1611
5323.955005,853,1609
5323.960005,866,1616
5323.965006,841,1618
5323.970007,844,1620
5323.975006,850,1627
5323.980005,827,1630
5323.985005,845,1631
5323.990005,861,1632
5323.995005,846,1637
5324.000005,825,1643
5324.005006,860,1645
5324.010007,865,1644
5324.015005,837,1640
5324.020006,845,1649
5324.025005,879,1646
5324.030007,833,1650
5324.035007,851,1646
5324.040006,863,1650
5324.045006,855,1648
5324.050006,836,1646
5324.055006,860,1647
5324.060006,870,1645
5324.065005,828,1643
5324.070006,851,1636
5324.075006,871,1634
5324.080006,827,1639
5324.085007,843,1635
5324.090006,865,1634
5324.095007,862,1632
5324.100005,833,1628
5324.105006,859,1630
5324.110007,858,1627
5324.115006,824,1625
5324.120005,863,1624
5324.125006,862,1623
5324.130006,830,1619
5324.135006,846,1616
5324.140006,860,1615
5324.145007,851,1613
5324.150007,823,1612
5324.155006,866,1611
5324.160007,854,1609
5324.165007,837,1608
5324.170006,841,1607
5324.175006,868,1606
5324.180006,832,1605
5324.185007,836,1605
5324.190006,871,1605
5324.195006,847,1607
5324.200006,843,1602
5324.205006,861,1603
5324.210007,846,1610
5324.215005,836,1603
5324.220006,849,1600
5324.225005,865,1605
5324.230006,825,1606
5324.235005,847,1600
5324.240005,861,1603
5324.245005,850,1602
5324.250006,824,1608
5324.255007,876,1603
5324.260005,854,1605
5324.265007,822,1607
5324.270005,860,1608
5324.275007,868,1606
5324.280007,822,1612
5324.285005,846,1612
5324.290005,871,1612
5324.295006,846,1613
5324.300006,845,1613
5324.305006,860,1614
5324.310006,851,1616
5324.315005,842,1612
5324.320006,854,1612
5324.325006,862,1615
5324.330006,825,1613
5324.335006,843,1613
5324.340007,874,1612
5324.345005,859,1612
5324.350006,829,1613
5324.355006,855,1615
5324.360005,853,1617
5324.365006,829,1606
5324.370006,863,1610
5324.375007,863,1614
5324.380005,837,1613
5324.385005,835,1619
5324.390007,860,1616
5324.395006,848,1618
5324.400006,829,1619
5324.405005,876,1618
5324.410005,857,1621
5324.415005,823,1625
5324.420005,838,1623
5324.425005,857,1618
5324.430007,840,1624
5324.435006,834,1625
5324.440005,865,1627
5324.445006,857,1621
5324.450005,827,1627
5324.455005,867,1623
5324.460005,847,1626
5324.465005,833,1622
5324.470007,842,1625
5324.475006,857,1622
5324.480006,827,1621
5324.485006,831,1620
5324.490005,876,1615
5324.495006,843,1617
5324.500006,849,1615
5324.505006,866,1615
5324.510006,850,1616
5324.515007,834,1610
5324.520005,847,1612
5324.525007,860,1613
5324.530005,829,1610
5324.535006,828,1613
5324.540006,879,1608
5324.545007,842,1611
5324.550005,822,1614
5324.555006,861,1611
5324.560005,851,1611
5324.565007,830,1610
5324.570007,839,1613
5324.575006,870,1612
5324.580007,827,1611
5324.585006,830,1610
5324.590007,860,1613
5324.595005,855,1613
5324.600006,828,1610
5324.605006,859,1611
5324.610006,870,1606
5324.615006,826,1612
5324.620005,857,1605
5324.625006,870,1612
5324.630007,834,1611
5324.635006,829,1612
5324.640006,854,1611
5324.645005,850,1614
5324.650007,837,1611
5324.655007,859,1613
5324.660007,847,1615
5324.665007,837,1608
5324.670005,837,1621
5324.675005,873,1619
5324.680007,841,1622
5324.685006,842,1624
5324.690006,864,1629
5324.695006,841,1631
5324.700006,832,1630
5324.705006,856,1634
5324.710006,868,1632
5324.715005,824,1637
5324.720006,855,1636
5324.725005,856,1641
5324.730006,846,1641
5324.735005,843,1643
5324.740005,860,1649
5324.745005,842,1650
5324.750005,844,1640
5324.755005,870,1651
5324.760005,861,1652
5324.765006,844,1649
5324.770005,844,1650
5324.775006,881,1643
5324.780007,831,1645
5324.785007,831,1650
5324.790006,883,1642
5324.795007,861,1641
5324.800005,834,1639
5324.805007,882,1635
5324.810006,864,1636
5324.815006,821,1637
5324.820006,855,1633
5324.825005,865,1634
5324.830005,834,1632
5324.835005,831,1636
5324.840005,888,1629
5324.845006,862,1629
5324.850005,833,1628
5324.855007,866,1631
5324.860007,851,1631
5324.865006,845,1629
5324.870006,848,1627
5324.875007,869,1625
5324.880006,830,1627
5324.885006,829,1628
5324.890007,876,1625
5324.895006,855,1624
5324.900006,836,1622
5324.905006,871,1621
5324.910005,856,1625
5324.915006,840,1620
5324.920007,847,1617
5324.925005,855,1619
5324.930006,845,1612
5324.935007,827,1614
5324.940006,872,1608
5324.945007,846,1613
5324.950006,841,1611
5324.955007,854,1611
5324.960006,858,1608
5324.965006,830,1610
5324.970007,833,1610
5324.975005,866,1605
5324.980005,828,1609
5324.985007,827,1613
5324.990006,883,1605
5324.995005,854,1610
5325.000005,832,1609
5325.005005,854,1610
5325.010006,868,1600
5325.015006,837,1610
5325.020005,834,1613
5325.025007,875,1608
5325.030007,838,1609
5325.035006,843,1606
5325.040006,852,1607
5325.045006,855,1608
5325.050007,821,1604
5325.055006,853,1604
5325.060006,865,1601
5325.065005,828,1600
5325.070006,841,1601
5325.075006,857,1599
5325.080005,843,1597
5325.085005,838,1595
5325.090006,860,1595
5325.095006,838,1593
5325.100005,824,1592
5325.105006,854,1595
5325.110005,868,1590
5325.115006,825,1589
5325.120005,847,1589
5325.125005,857,1590
5325.130005,818,1590
5325.135005,831,1582
5325.140006,877,1588
5325.145005,857,1591
5325.150007,820,1595
5325.155006,857,1595
5325.160005,859,1596
5325.165005,821,1598
5325.170006,833,1601
5325.175006,854,1605
5325.180005,837,1605
5325.185007,835,1605
5325.190007,858,1607
5325.195007,859,1605
5325.200006,847,1605
5325.205006,864,1610
5325.210007,848,1613
5325.215006,839,1610
5325.220006,842,1614
5325.225006,854,1613
5325.230006,836,1610
5325.235005,827,1611
5325.240005,862,1602
5325.245006,852,1611
5325.250005,842,1608
5325.255006,856,1610
5325.260006,864,1608
5325.265006,822,1604
5325.270005,834,1603
5325.275007,875,1598
5325.280006,832,1597
5325.285006,832,1596
5325.290006,854,1597
5325.295006,848,1590
5325.300007,818,1594
5325.305005,873,1586
5325.310007,849,1586
5325.315006,840,1579
5325.320006,838,1581
5325.325005,866,1576
5325.330005,833,1575
5325.335005,831,1577
5325.340005,853,1575
5325.345007,834,1573
5325.350006,832,1561
5325.355005,847,1570
5325.360005,857,1565
5325.365005,822,1570
5325.370006,835,1570
5325.375007,849,1573
5325.380005,820,1573
5325.385005,843,1570
5325.390007,859,1570
5325.395006,857,1574
5325.400006,825,1581
5325.405005,855,1582
5325.410005,844,1589
5325.415005,815,1591
5325.420006,848,1592
5325.425006,851,1597
5325.430006,838,1600
5325.435006,826,1608
5325.440006,877,1610
5325.445007,844,1613
5325.450007,819,1620
5325.455005,847,1624
5325.460005,858,1625
5325.465006,819,1630
5325.470007,840,1632
5325.475006,879,1630
5325.480005,843,1634
5325.485007,836,1638
5325.490006,861,1638
5325.495005,859,1634
5325.500005,838,1641
5325.505005,858,1640
5325.510005,850,1642
5325.515006,824,1641
5325.520006,853,1641
5325.525005,859,1639
5325.530007,849,1633
5325.535006,839,1634
5325.540006,856,1632
5325.545007,861,1632
5325.550005,824,1639
5325.555007,878,1635
5325.560006,863,1635
5325.565007,832,1636
5325.570006,833,1640
5325.575006,876,1638
5325.580006,831,1638
5325.585007,833,1640
5325.590005,881,1642
5325.595006,851,1641
5325.600006,839,1643
5325.605006,862,1644
5325.610005,860,1645
5325.615005,827,1642
5325.620005,837,1646
5325.625006,868,1639
5325.630005,827,1639
5325.635006,838,1638
5325.640007,863,1640
5325.645005,865,1634
5325.650006,845,1633
5325.655007,854,1633
5325.660007,872,1629
5325.665006,821,1633
5325.670006,857,1625
5325.675006,859,1620
5325.680007,841,1619
5325.685007,828,1627
5325.690006,869,1624
5325.695007,843,1629
5325.700007,824,1625
5325.705006,866,1625
5325.710006,852,1630
5325.715007,843,1625
5325.720006,844,1631
5325.725006,876,1622
5325.730005,834,1630
5325.735006,836,1631
5325.740006,878,1632
5325.745006,852,1631
5325.750007,829,1632
5325.755005,854,1628
5325.760005,868,1633
5325.765006,821,1639
5325.770006,850,1634
5325.775005,861,1631
5325.780006,848,1627
5325.785006,830,1631
5325.790006,867,1630
5325.795006,862,1626
5325.800005,831,1627
5325.805006,870,1625
5325.810006,853,1626
5325.815005,844,1625
5325.820007,840,1624
5325.825007,874,1625
5325.830006,830,1626
5325.835006,848,1625
5325.840007,860,1624
5325.845006,867,1624
5325.850005,834,1622
5325.855007,854,1624
5325.860007,877,1617
5325.865007,841,1619
5325.870006,846,1619
5325.875007,860,1619
5325.880007,844,1614
5325.885005,838,1616
5325.890006,857,1617
5325.895006,843,1615
5325.900005,844,1613
5325.905006,864,1613
5325.910005,868,1605
5325.915005,839,1606
5325.920005,838,1604
5325.925006,860,1603
5325.930006,826,1601
5325.935006,827,1600
5325.940005,864,1597
5325.945006,865,1596
5325.950006,837,1594
5325.955006,851,1593
5325.960006,860,1594
5325.965006,817,1594
5325.970006,851,1587
5325.975005,866,1592
5325.980006,830,1592
5325.985006,834,1593
5325.990006,879,1592
5325.995005,861,1592
5326.000006,828,1585
5326.005006,859,1590
5326.010007,846,1593
5326.015007,829,1588
5326.020006,829,1593
5326.025006,872,1589
5326.030005,834,1583
5326.035005,833,1589
5326.040005,864,1589
5326.045006,865,1587
5326.050007,833,1586
5326.055006,850,1590
5326.060006,861,1590
5326.065006,815,1592
5326.070005,844,1589
5326.075005,856,1590
5326.080005,826,1592
5326.085005,825,1592
5326.090005,876,1587
5326.095006,843,1592
5326.100006,833,1579
5326.105006,873,1586
5326.110005,846,1592
5326.115005,828,1587
5326.120006,829,1592
5326.125007,868,1592
5326.130007,829,1591
5326.135006,828,1597
5326.140006,855,1597
5326.145006,853,1594
5326.150006,820,1598
5326.155005,860,1599
5326.160005,858,1600
5326.165005,815,1605
5326.170005,849,1605
5326.175005,856,1606
5326.180006,822,1610
5326.185007,831,1608
5326.190007,878,1607
5326.195006,848,1611
5326.200006,820,1611
5326.205006,873,1609
5326.210007,866,1610
5326.215006,828,1612
5326.220007,829,1613
5326.225007,873,1612
5326.230005,831,1613
5326.235006,822,1616
5326.240006,874,1612
5326.245006,851,1613
5326.250006,816,1617
5326.255006,862,1613
5326.260007,845,1616
5326.265005,835,1613
5326.270007,830,1617
5326.275007,852,1615
5326.280007,833,1615
5326.285007,849,1615
5326.290006,881,1611
5326.295007,860,1614
5326.300006,835,1616
5326.305006,854,1619
5326.310005,853,1616
5326.315007,830,1614
5326.320005,836,1616
5326.325005,864,1614
5326.330005,826,1616
5326.335005,846,1614
5326.340005,861,1616
5326.345005,865,1612
5326.350007,830,1610
5326.355007,854,1610
5326.360006,850,1609
5326.365005,822,1615
5326.370006,856,1606
5326.375007,863,1610
5326.380007,821,1613
5326.385006,837,1611
5326.390007,866,1610
5326.395006,853,1613
5326.400006,820,1614
5326.405006,870,1611
5326.410006,866,1611
5326.415006,821,1612
5326.420006,835,1613
5326.425006,854,1613
5326.430007,823,1614
5326.435006,842,1614
5326.440005,855,1614
5326.445007,858,1616
5326.450007,821,1620
5326.455006,849,1619
5326.460007,856,1616
5326.465006,835,1612
5326.470006,838,1613
5326.475007,869,1611
5326.480005,832,1614
5326.485006,826,1608
5326.490006,854,1614
5326.495005,859,1602
5326.500005,830,1605
5326.505006,858,1605
5326.510007,857,1602
5326.515006,817,1605
5326.520006,833,1602
5326.525006,849,1609
5326.530006,835,1604
5326.535006,824,1600
5326.540006,865,1606
5326.545007,862,1601
5326.550007,827,1601
5326.555006,851,1602
5326.560005,851,1604
5326.565006,820,1604
5326.570005,828,1605
5326.575006,856,1598
5326.580006,837,1600
5326.585006,829,1603
5326.590007,875,1598
5326.595005,843,1604
5326.600006,829,1600
5326.605005,843,1602
5326.610007,864,1596
5326.615006,834,1596
5326.620005,830,1596
5326.625006,847,1597
5326.630006,829,1600
5326.635006,827,1597
5326.640006,867,1599
5326.645006,846,1599
5326.650006,819,1604
5326.655005,850,1603
5326.660006,872,1600
5326.665005,835,1604
5326.670006,837,1609
5326.675006,851,1610
5326.680007,827,1614
5326.685006,836,1600
5326.690006,854,1618
5326.695005,868,1613
5326.700005,826,1621
5326.705006,857,1617
5326.710006,847,1621
5326.715007,835,1620
5326.720006,842,1622
5326.725006,854,1620
5326.730006,839,1616
5326.735006,825,1625
5326.740006,865,1616
5326.745005,851,1613
5326.750005,835,1605
5326.755005,859,1610
5326.760005,853,1605
5326.765007,832,1601
5326.770005,825,1606
5326.775005,869,1601
5326.780007,825,1600
5326.785006,822,1600
5326.790006,854,1600
5326.795006,858,1596
5326.800005,820,1589
5326.805006,858,1594
5326.810006,854,1596
5326.815005,823,1595
5326.820006,825,1598
5326.825006,865,1589
5326.830007,840,1597
5326.835006,827,1597
5326.840006,858,1595
5326.845007,846,1598
5326.850006,827,1590
5326.855005,863,1599
5326.860007,853,1598
5326.865005,837,1595
5326.870006,825,1599
5326.875007,873,1596
5326.880006,827,1597
5326.885006,822,1601
5326.890006,873,1598
5326.895005,848,1595
5326.900006,820,1596
5326.905006,867,1594
5326.910007,850,1593
5326.915006,820,1594
5326.920007,843,1584
5326.925007,874,1587
5326.930005,819,1594
5326.935006,836,1593
5326.940006,858,1589
5326.945005,846,1588
5326.950006,815,1590
5326.955006,857,1580
5326.960007,856,1590
5326.965006,818,1590
5326.970007,827,1591
5326.975006,874,1590
5326.980006,833,1582
5326.985006,833,1591
5326.990005,859,1591
5326.995005,862,1592
5327.000006,833,1592
5327.005006,852,1595
5327.010006,854,1593
5327.015007,818,1595
5327.020007,829,1598
5327.025007,856,1596
5327.030006,844,1596
5327.035005,830,1598
5327.040005,857,1597
5327.045005,846,1597
5327.050006,821,1597
5327.055006,853,1585
5327.060005,870,1594
5327.065006,832,1593
5327.070006,837,1589
5327.075005,859,1593
5327.080005,828,1593
5327.085006,828,1589
5327.090006,861,1591
5327.095007,863,1588
5327.100005,833,1588
5327.105006,864,1589
5327.110006,853,1589
5327.115005,823,1594
5327.120006,829,1591
5327.125006,857,1591
5327.130007,845,1579
5327.135007,839,1588
5327.140005,869,1590
5327.145006,857,1587
5327.150007,823,1591
5327.155006,845,1594
5327.160005,872,1587
5327.165005,842,1583
5327.170006,835,1590
5327.175006,856,1593
5327.180006,832,1589
5327.185005,827,1593
5327.190006,881,1588
5327.195006,868,1592
5327.200005,833,1591
5327.205005,851,1595
5327.210005,850,1594
5327.215005,818,1594
5327.220006,849,1595
5327.225005,863,1593
5327.230006,824,1596
5327.235006,825,1597
5327.240006,859,1592
5327.245005,848,1591
5327.250006,843,1591
5327.255007,867,1593
5327.260006,858,1595
5327.265006,821,1599
5327.270006,832,1595
5327.275006,854,1597
5327.280006,848,1600
5327.285005,832,1603
5327.290005,860,1606
5327.295005,849,1607
5327.300006,826,1608
5327.305007,852,1607
5327.310007,875,1609
5327.315006,839,1611
5327.320005,843,1613
5327.325006,855,1619
5327.330007,832,1617
5327.335005,831,1613
5327.340005,863,1621
5327.345006,847,1625
5327.350005,834,1620
5327.355006,855,1625
5327.360005,853,1625
5327.365005,821,1627
5327.370006,856,1623
5327.375007,865,1624
5327.380006,842,1623
5327.385006,834,1628
5327.390006,880,1625
5327.395007,862,1622
5327.400006,828,1624
5327.405005,864,1621
5327.410005,851,1624
5327.415005,835,1616
5327.420005,839,1616
5327.425006,857,1611
5327.430006,846,1612
5327.435006,830,1616
5327.440006,855,1616
5327.445006,861,1611
5327.450005,822,1610
5327.455006,863,1610
5327.460007,859,1606
5327.465006,820,1612
5327.470007,833,1607
5327.475005,863,1602
5327.480006,845,1607
5327.485005,833,1609
5327.490005,882,1608
5327.495006,865,1608
5327.500006,831,1608
5327.505006,846,1613
5327.510007,869,1611
5327.515007,823,1611
5327.520006,855,1613
5327.525005,866,1612
5327.530006,838,1617
5327.535006,835,1615
5327.540007,879,1612
5327.545007,847,1617
5327.550006,819,1620
5327.555007,866,1616
5327.560006,847,1619
5327.565006,842,1616
5327.570006,834,1618
5327.575005,854,1623
5327.580005,833,1621
5327.585005,827,1622
5327.590006,858,1622
5327.595005,852,1621
5327.600006,841,1614
5327.605005,858,1619
5327.610007,863,1620
5327.615006,831,1611
5327.620005,846,1619
5327.625006,865,1618
5327.630007,833,1619
5327.635005,825,1617
5327.640006,876,1618
5327.645005,853,1619
5327.650006,836,1613
5327.655006,849,1621
5327.660005,853,1621
5327.665006,845,1617
5327.670006,838,1624
5327.675007,857,1626
5327.680005,854,1618
5327.685006,842,1620
5327.690006,862,1614
5327.695005,858,1627
5327.700005,823,1626
5327.705005,867,1619
5327.710005,853,1625
5327.715006,821,1629
5327.720007,838,1626
5327.725006,862,1628
5327.730005,835,1623
5327.735007,842,1628
5327.740007,867,1627
5327.745007,867,1626
5327.750007,830,1629
5327.755006,856,1629
5327.760006,870,1630
5327.765006,828,1628
5327.770006,834,1629
5327.775005,859,1626
5327.780007,854,1626
5327.785006,834,1627
5327.790006,854,1625
5327.795007,863,1621
5327.800006,822,1622
5327.805007,860,1619
5327.810005,855,1618
5327.815007,838,1613
5327.820007,839,1613
5327.825007,871,1612
5327.830006,832,1614
5327.835006,837,1604
5327.840006,866,1609
5327.845006,862,1601
5327.850005,828,1610
5327.855006,852,1607
5327.860006,852,1609
5327.865006,819,1608
5327.870006,841,1607
5327.875006,864,1608
5327.880007,853,1603
5327.885007,830,1603
5327.890005,868,1596
5327.895006,857,1603
5327.900005,820,1602
5327.905007,843,1602
5327.910007,859,1589
5327.915006,830,1595
5327.920005,836,1593
5327.925005,859,1592
5327.930007,833,1589
5327.935005,837,1590
5327.940006,854,1591
5327.945005,851,1578
5327.950005,827,1590
5327.955005,848,1594
5327.960005,872,1589
5327.965006,817,1594
5327.970007,842,1597
5327.975006,851,1601
5327.980006,846,1600
5327.985006,833,1604
5327.990006,861,1607
5327.995005,846,1611
5328.000005,840,1610
5328.005005,845,1612
5328.010005,850,1620
5328.015006,840,1619
5328.020005,836,1619
5328.025007,867,1619
5328.030005,831,1626
5328.035005,840,1624
5328.040006,878,1621
5328.045007,855,1625
5328.050005,828,1627
5328.055006,854,1631
5328.060006,850,1635
5328.065006,845,1631
5328.070006,849,1630
5328.075005,859,1632
5328.080005,848,1636
5328.085006,832,1635
5328.090006,877,1634
5328.095006,851,1640
5328.100005,835,1637
5328.105006,864,1635
5328.110007,860,1636
5328.115006,829,1638
5328.120006,836,1641
5328.125007,870,1639
5328.130006,837,1643
5328.135006,831,1643
5328.140005,863,1645
5328.145007,875,1637
5328.150006,837,1643
5328.155006,852,1647
5328.160006,858,1648
5328.165007,843,1648
5328.170006,843,1653
5328.175007,869,1650
5328.180005,843,1651
5328.185006,828,1654
5328.190005,879,1649
5328.195006,865,1653
5328.200006,822,1653
5328.205007,861,1652
5328.210005,874,1649
5328.215005,829,1648
5328.220006,849,1645
5328.225005,862,1644
5328.230006,852,1637
5328.235006,833,1639
5328.240006,862,1640
5328.245005,861,1634
5328.250006,831,1635
5328.255006,865,1630
5328.260006,869,1626
5328.265007,831,1627
5328.270006,831,1626
5328.275005,857,1626
5328.280006,854,1621
5328.285006,840,1616
5328.290007,862,1618
5328.295006,849,1621
5328.300006,821,1619
5328.305006,867,1614
5328.310006,866,1617
5328.315006,827,1618
5328.320006,832,1616
5328.325005,880,1613
5328.330005,845,1617
5328.335006,823,1619
5328.340006,854,1619
5328.345006,865,1614
5328.350005,830,1618
5328.355006,849,1618
5328.360005,853,1623
5328.365005,837,1623
5328.370005,838,1624
5328.375006,865,1623
5328.380006,835,1630
5328.385006,845,1628
5328.390007,864,1628
5328.395005,852,1630
5328.400007,842,1629
5328.405006,855,1632
5328.410006,857,1633
5328.415006,842,1633
5328.420006,840,1634
5328.425006,854,1637
5328.430007,853,1636
5328.435005,832,1635
5328.440007,856,1637
5328.445006,863,1635
5328.450006,824,1635
5328.455006,846,1636
5328.460006,876,1634
5328.465006,834,1636
5328.470007,839,1637
5328.475006,863,1637
5328.480006,851,1634
5328.485005,848,1638
5328.490006,866,1639
5328.495006,847,1642
5328.500007,840,1639
5328.505006,851,1643
5328.510006,853,1648
5328.515006,818,1642
5328.520005,855,1642
5328.525005,871,1649
5328.530006,841,1647
5328.535006,834,1648
5328.540007,855,1654
5328.545006,862,1643
5328.550006,838,1651
5328.555007,850,1653
5328.560005,856,1658
5328.565007,838,1655
5328.570006,838,1652
5328.575006,879,1658
5328.580007,841,1657
5328.585005,827,1659
5328.590006,860,1654
5328.595006,872,1654
5328.600005,828,1654
5328.605007,848,1651
5328.610006,858,1647
5328.615005,842,1645
5328.620005,828,1644
5328.625005,879,1640
5328.630006,845,1636
5328.635007,840,1633
5328.640006,855,1634
5328.645006,857,1630
5328.650005,824,1627
5328.655006,843,1627
5328.660007,862,1623
5328.665006,828,1623
5328.670006,825,1625
5328.675006,867,1627
5328.680006,842,1617
5328.685007,842,1626
5328.690007,862,1627
5328.695006,851,1629
5328.700006,817,1635
5328.705007,851,1633
5328.710006,853,1634
5328.715006,824,1637
5328.720006,834,1642
5328.725006,863,1638
5328.730005,843,1643
5328.735007,833,1642
5328.740005,857,1643
5328.745006,852,1645
5328.750006,849,1640
5328.755006,849,1644
5328.760006,857,1643
5328.765006,841,1629
5328.770006,850,1639
5328.775006,857,1638
5328.780006,835,1638
5328.785005,843,1634
5328.790005,867,1630
5328.795005,858,1632
5328.800005,837,1629
5328.805007,852,1625
5328.810006,860,1625
5328.815006,828,1621
5328.820005,848,1624
5328.825006,865,1623
5328.830007,837,1619
5328.835005,830,1618
5328.840005,879,1615
5328.845006,847,1614
5328.850005,841,1611
5328.855007,849,1608
5328.860007,859,1605
5328.865006,829,1610
5328.870006,838,1603
5328.875006,866,1599
5328.880007,835,1603
5328.885007,833,1602
5328.890005,860,1598
5328.895006,866,1594
5328.900007,823,1595
5328.905006,863,1594
5328.910006,851,1596
5328.915006,843,1588
5328.920006,847,1591
5328.925006,858,1589
5328.930006,851,1585
5328.935005,821,1592
5328.940007,860,1587
5328.945007,862,1585
5328.950007,821,1587
5328.955007,848,1584
5328.960006,857,1586
5328.965006,840,1587
5328.970006,824,1588
5328.975006,864,1588
5328.980005,836,1589
5328.985006,841,1588
5328.990006,851,1592
5328.995005,855,1586
5329.000005,817,1592
5329.005005,858,1587
5329.010005,856,1589
5329.015006,824,1587
5329.020006,830,1581
5329.025005,876,1587
5329.030007,838,1587
5329.035006,827,1589
5329.040006,880,1582
5329.045006,860,1585
5329.050007,821,1590
5329.055005,859,1587
5329.060006,852,1594
5329.065007,834,1594
5329.070005,826,1592
5329.075006,855,1593
5329.080006,839,1585
5329.085006,839,1592
5329.090006,864,1592
5329.095006,870,1595
5329.100005,831,1595
5329.105006,854,1591
5329.110005,866,1599
5329.115006,826,1599
5329.120005,835,1599
5329.125005,876,1602
5329.130005,844,1606
5329.135006,827,1610
5329.140007,853,1612
5329.145006,849,1614
5329.150005,838,1614
5329.155007,847,1618
5329.160007,850,1620
5329.165006,843,1618
5329.170006,841,1620
5329.175005,867,1619
5329.180006,857,1618
5329.185007,846,1618
5329.190006,874,1617
5329.195007,865,1617
5329.200007,840,1616
5329.205007,861,1615
5329.210006,870,1616
5329.215007,818,1617
5329.220007,830,1614
5329.225005,860,1615
5329.230007,842,1616
5329.235007,831,1613
5329.240006,859,1616
5329.245005,868,1609
5329.250005,834,1612
5329.255005,864,1607
5329.260006,872,1606
5329.265007,821,1607
5329.270006,831,1608
5329.275005,856,1607
5329.280006,854,1604
5329.285006,835,1606
5329.290007,859,1603
5329.295006,846,1607
5329.300006,829,1609
5329.305006,843,1608
5329.310007,870,1605
5329.315007,824,1609
5329.320006,841,1601
5329.325006,873,1606
5329.330007,852,1603
5329.335006,833,1605
5329.340007,852,1609
5329.345005,865,1602
5329.350006,832,1601
5329.355005,846,1602
5329.360006,873,1595
5329.365006,822,1600
5329.370005,835,1592
5329.375006,859,1594
5329.380006,828,1597
5329.385006,832,1594
5329.390006,871,1594
5329.395005,867,1592
5329.400007,819,1593
5329.405006,855,1592
5329.410005,857,1590
5329.415005,824,1590
5329.420005,832,1595
5329.425005,858,1593
5329.430006,836,1595
5329.435006,848,1592
5329.440006,865,1595
5329.445006,849,1595
5329.450006,821,1598
5329.455007,842,1596
5329.460006,853,1600
5329.465006,849,1597
5329.470006,840,1601
5329.475006,861,1601
5329.480005,835,1609
5329.485007,827,1601
5329.490006,869,1606
5329.495006,853,1608
5329.500006,821,1611
5329.505007,849,1603
5329.510006,863,1612
5329.515006,829,1613
5329.520006,831,1615
5329.525006,881,1615
5329.530006,841,1616
5329.535006,837,1615
5329.540007,858,1619
5329.545006,857,1623
5329.550007,825,1623
5329.555005,858,1621
5329.560006,862,1623
5329.565005,835,1621
5329.570006,845,1624
5329.575007,861,1625
5329.580007,847,1624
5329.585005,827,1628
5329.590006,874,1626
5329.595007,862,1624
5329.600007,824,1627
5329.605006,858,1626
5329.610007,859,1626
5329.615007,828,1619
5329.620006,847,1623
5329.625007,862,1626
5329.630005,858,1623
5329.635005,827,1622
5329.640006,876,1619
5329.645006,856,1620
5329.650007,826,1608
5329.655006,848,1608
5329.660006,873,1615
5329.665006,830,1614
5329.670007,833,1616
5329.675005,884,1610
5329.680007,847,1616
5329.685005,825,1615
5329.690005,880,1615
5329.695006,860,1617
5329.700006,827,1615
5329.705006,850,1615
5329.710007,857,1615
5329.715005,838,1610
5329.720006,834,1618
5329.725006,882,1612
5329.730006,852,1617
5329.735006,827,1619
5329.740005,854,1621
5329.745005,855,1619
5329.750006,840,1617
5329.755006,856,1618
5329.760007,860,1621
5329.765007,839,1619
5329.770007,842,1617
5329.775006,858,1622
5329.780006,858,1615
5329.785006,828,1619
5329.790006,877,1615
5329.795007,860,1605
5329.800005,842,1617
5329.805006,852,1614
5329.810006,860,1610
5329.815006,824,1607
5329.820006,849,1611
5329.825006,860,1610
5329.830006,859,1605
5329.835006,827,1610
5329.840006,866,1611
5329.845007,849,1611
5329.850005,841,1607
5329.855006,848,1611
5329.860006,854,1615
5329.865005,828,1609
5329.870006,853,1615
5329.875007,869,1616
5329.880007,839,1616
5329.885005,844,1619
5329.890006,870,1616
5329.895006,854,1618
5329.900005,842,1618
5329.905006,863,1619
5329.910007,863,1617
5329.915005,832,1616
5329.920006,852,1612
5329.925006,866,1613
5329.930007,836,1616
5329.935005,839,1613
5329.940006,865,1612
5329.945005,858,1609
5329.950006,827,1612
5329.955006,862,1609
5329.960006,858,1610
5329.965006,841,1610
5329.970006,843,1609
5329.975006,874,1608
5329.980005,853,1608
5329.985006,831,1607
5329.990005,857,1609
5329.995005,862,1611
5330.000005,820,1609
5330.005006,861,1605
5330.010007,858,1612
5330.015006,833,1609
5330.020007,856,1607
5330.025005,871,1609
5330.030006,846,1606
5330.035005,826,1613
5330.040005,868,1609
5330.045005,862,1611
5330.050005,833,1611
5330.055006,863,1613
5330.060006,862,1612
5330.065005,824,1613
5330.070006,845,1608
5330.075005,873,1609
5330.080006,841,1611
5330.085006,840,1605
5330.090006,858,1611
5330.095006,864,1609
5330.100006,832,1611
5330.105006,841,1610
5330.110005,874,1609
5330.115005,828,1610
5330.120005,848,1606
5330.125005,862,1608
5330.130006,839,1608
5330.135006,842,1603
5330.140006,874,1605
5330.145007,863,1602
5330.150006,840,1604
5330.155005,846,1604
5330.160006,849,1604
5330.165006,834,1604
5330.170006,846,1604
5330.175007,867,1605
5330.180006,836,1605
5330.185006,836,1603
5330.190005,858,1605
5330.195006,863,1600
5330.200007,829,1600
5330.205005,836,1603
5330.210006,870,1600
5330.215006,824,1600
5330.220007,828,1602
5330.225005,879,1600
5330.230006,848,1598
5330.235007,843,1590
5330.240006,858,1597
5330.245005,851,1597
5330.250005,834,1595
5330.255005,852,1592
5330.260006,854,1593
5330.265007,834,1595
5330.270005,834,1593
5330.275006,874,1594
5330.280006,836,1591
5330.285005,824,1591
5330.290005,858,1592
5330.295005,859,1590
5330.300006,817,1590
5330.305007,855,1588
5330.310006,870,1587
5330.315005,826,1586
5330.320007,820,1587
5330.325006,857,1585
5330.330007,856,1583
5330.335005,838,1586
5330.340005,870,1584
5330.345006,841,1585
5330.350006,831,1581
5330.355006,849,1580
5330.360005,847,1582
5330.365005,829,1580
5330.370005,831,1579
5330.375006,852,1578
5330.380007,853,1575
5330.385007,825,1574
5330.390007,867,1569
5330.395006,855,1571
5330.400005,817,1572
5330.405007,834,1571
5330.410006,870,1569
5330.415007,827,1570
5330.420005,831,1571
5330.425005,852,1572
5330.430006,852,1570
5330.435006,826,1574
5330.440006,860,1571
5330.445006,845,1578
5330.450005,821,1578
5330.455006,835,1573
5330.460007,859,1578
5330.465006,834,1580
5330.470007,824,1583
5330.475007,859,1573
5330.480006,845,1580
5330.485006,826,1582
5330.490006,865,1582
5330.495006,855,1582
5330.500007,818,1583
5330.505005,835,1587
5330.510005,858,1583
5330.515007,835,1582
5330.520006,825,1588
5330.525005,872,1581
5330.530006,837,1583
5330.535007,836,1582
5330.540006,872,1578
5330.545006,858,1576
5330.550005,816,1576
5330.555006,852,1570
5330.560006,865,1572
5330.565005,820,1576
5330.570007,837,1571
5330.575006,859,1571
5330.580007,836,1572
5330.585005,821,1573
5330.590005,874,1573
5330.595007,846,1577
5330.600005,818,1576
5330.605007,833,1577
5330.610006,873,1574
5330.615006,842,1576
5330.620005,842,1575
5330.625005,869,1580
5330.630005,836,1578
5330.635005,842,1576
5330.640007,864,1577
5330.645006,853,1580
5330.650006,814,1580
5330.655006,834,1582
5330.660006,866,1578
5330.665007,827,1582
5330.670005,834,1583
5330.675005,875,1585
5330.680006,853,1585
5330.685005,833,1586
5330.690007,858,1585
5330.695006,847,1589
5330.700005,813,1592
5330.705005,849,1594
5330.710005,852,1595
5330.715006,819,1594
5330.720007,827,1597
5330.725005,877,1596
5330.730006,844,1596
5330.735005,824,1600
5330.740005,855,1599
5330.745005,850,1601
5330.750006,841,1604
5330.755006,855,1602
5330.760006,857,1603
5330.765007,826,1606
5330.770005,850,1602
5330.775007,870,1608
5330.780005,846,1604
5330.785005,822,1608
5330.790005,852,1612
5330.795005,864,1605
5330.800006,826,1609
5330.805007,839,1612
5330.810006,852,1611
5330.815006,837,1605
5330.820006,831,1607
5330.825006,858,1609
5330.830007,860,1605
5330.835006,832,1604
5330.840005,852,1607
5330.845007,863,1607
5330.850006,821,1608
5330.855005,857,1608
5330.860006,858,1610
5330.865005,824,1608
5330.870006,836,1608
5330.875007,875,1610
5330.880006,841,1604
5330.885007,841,1609
5330.890006,859,1616
5330.895006,848,1616
5330.900005,838,1614
5330.905007,840,1616
5330.910007,873,1617
5330.915006,822,1622
5330.920007,836,1622
5330.925006,861,1620
5330.930007,862,1619
5330.935007,832,1621
5330.940007,860,1622
5330.945006,868,1618
5330.950006,826,1619
5330.955006,845,1616
5330.960006,863,1616
5330.965005,825,1618
5330.970007,841,1615
5330.975006,864,1614
5330.980006,841,1617
5330.985005,846,1614
5330.990005,872,1599
5330.995005,862,1609
5331.000005,823,1610
5331.005006,837,1610
5331.010006,873,1608
5331.015006,833,1608
5331.020005,830,1609
5331.025007,881,1607
5331.030006,848,1596
5331.035007,844,1609
5331.040006,867,1605
5331.045006,851,1606
5331.050006,820,1600
5331.055006,846,1606
5331.060006,854,1609
5331.065005,839,1609
5331.070007,833,1603
5331.075006,857,1609
5331.080007,858,1608
5331.085006,839,1606
5331.090006,860,1608
5331.095006,854,1608
5331.100006,836,1603
5331.105005,844,1608
5331.110006,851,1611
5331.115005,823,1607
5331.120005,829,1609
5331.125005,863,1606
5331.130006,846,1597
5331.135006,848,1605
5331.140006,865,1604
5331.145005,854,1603
5331.150005,819,1605
5331.155006,853,1604
5331.160006,860,1602
5331.165006,831,1604
5331.170006,838,1603
5331.175005,854,1610
5331.180007,853,1604
5331.185006,820,1610
5331.190005,861,1606
5331.195006,859,1599
5331.200006,841,1606
5331.205006,851,1608
5331.210006,858,1605
5331.215007,834,1609
5331.220005,828,1615
5331.225006,874,1611
5331.230005,843,1610
5331.235006,828,1611
5331.240005,853,1611
5331.245005,868,1608
5331.250005,828,1609
5331.255005,834,1612
5331.260005,860,1605
5331.265007,825,1605
5331.270006,845,1605
5331.275005,861,1606
5331.280006,860,1604
5331.285006,836,1602
5331.290006,852,1608
5331.295006,863,1603
5331.300006,828,1606
5331.305006,837,1605
5331.310006,877,1604
5331.315006,838,1602
5331.320005,840,1604
5331.325005,859,1608
5331.330005,845,1598
5331.335005,834,1609
5331.340006,855,1602
5331.345007,853,1609
5331.350006,835,1602
5331.355005,849,1608
5331.360006,854,1610
5331.365006,839,1610
5331.370005,838,1611
5331.375006,860,1614
5331.380006,840,1614
5331.385006,842,1614
5331.390006,860,1614
5331.395006,849,1619
5331.400005,821,1619
5331.405006,851,1615
5331.410005,877,1614
5331.415005,830,1620
5331.420006,827,1620
5331.425006,877,1618
5331.430007,860,1618
5331.435006,832,1622
5331.440005,872,1610
5331.445006,855,1622
5331.450006,822,1624
5331.455006,836,1628
5331.460006,872,1614
5331.465006,831,1624
5331.470006,831,1620
5331.475005,878,1624
5331.480007,849,1629
5331.485006,825,1629
5331.490006,862,1628
5331.495005,874,1627
5331.500005,834,1631
5331.505006,847,1629
5331.510007,861,1633
5331.515005,843,1628
5331.520006,848,1626
5331.525006,876,1632
5331.530006,858,1630
5331.535005,830,1626
5331.540005,868,1623
5331.545006,861,1628
5331.550005,830,1628
5331.555006,845,1626
5331.560005,857,1626
5331.565006,849,1620
5331.570005,838,1620
5331.575005,861,1625
5331.580006,858,1619
5331.585006,834,1619
5331.590006,858,1620
5331.595006,862,1614
5331.600005,827,1617
5331.605006,855,1613
5331.610005,862,1617
5331.615006,830,1619
5331.620006,845,1608
5331.625006,875,1608
5331.630006,865,1616
5331.635007,819,1611
5331.640006,870,1614
5331.645006,852,1614
5331.650006,833,1613
5331.655006,836,1612
5331.660005,863,1611
5331.665006,824,1614
5331.670006,850,1608
5331.675007,860,1610
5331.680006,853,1606
5331.685005,840,1601
5331.690007,869,1601
5331.695006,859,1602
5331.700006,825,1603
5331.705007,834,1604
5331.710007,866,1601
5331.715005,824,1600
5331.720007,824,1602
5331.725006,876,1599
5331.730005,844,1599
5331.735006,841,1597
5331.740005,860,1597
5331.745005,854,1600
5331.750005,819,1600
5331.755005,848,1600
5331.760006,858,1597
5331.765006,845,1595
5331.770007,832,1599
5331.775006,872,1598
5331.780007,846,1599
5331.785006,817,1604
5331.790007,869,1602
5331.795006,851,1601
5331.800006,827,1601
5331.805005,829,1606
5331.810007,870,1604
5331.815006,836,1603
5331.820007,831,1608
5331.825005,852,1612
5331.830005,854,1595
5331.835006,835,1603
5331.840006,850,1599
5331.845007,863,1596
5331.850006,824,1598
5331.855006,829,1600
5331.860005,866,1591
5331.865006,832,1597
5331.870005,835,1598
5331.875005,853,1598
5331.880005,857,1596
5331.885006,824,1598
5331.890007,849,1598
5331.895006,863,1596
5331.900005,831,1598
5331.905007,836,1597
5331.910006,852,1603
5331.915007,832,1600
5331.920005,831,1602
5331.925005,857,1604
5331.930006,852,1604
5331.935005,826,1602
5331.940007,876,1603
5331.945006,867,1606
5331.950005,831,1609
5331.955005,845,1609
5331.960006,857,1609
5331.965007,817,1610
5331.970006,834,1612
5331.975005,865,1612
5331.980007,852,1617
5331.985006,824,1617
5331.990006,864,1606
5331.995005,864,1612
5332.000005,813,1616
5332.005006,847,1616
5332.010006,866,1614
5332.015006,833,1611
5332.020005,826,1616
5332.025006,852,1616
5332.030005,853,1601
5332.035005,830,1617
5332.040006,850,1615
5332.045006,863,1607
5332.050006,832,1616
5332.055006,828,1617
5332.060005,874,1614
5332.065006,833,1617
5332.070005,837,1616
5332.075006,858,1617
5332.080007,845,1613
5332.085006,822,1622
5332.090006,873,1616
5332.095006,863,1615
5332.100006,826,1619
5332.105005,837,1620
5332.110006,879,1619
5332.115005,845,1619
5332.120006,839,1621
5332.125007,861,1625
5332.130007,846,1625
5332.135007,834,1624
5332.140006,876,1621
5332.145005,872,1624
5332.150006,838,1624
5332.155006,845,1622
5332.160005,858,1628
5332.165006,847,1625
5332.170007,847,1624
5332.175006,866,1626
5332.180007,848,1629
5332.185006,849,1622
5332.190007,867,1625
5332.195006,849,1624
5332.200006,841,1625
5332.205006,843,1623
5332.210006,857,1628
5332.215007,846,1626
5332.220005,850,1620
5332.225006,861,1623
5332.230006,870,1620
5332.235006,824,1620
5332.240006,872,1618
5332.245005,859,1614
5332.250005,826,1615
5332.255005,849,1602
5332.260006,870,1609
5332.265007,830,1603
5332.270005,827,1602
5332.275006,875,1599
5332.280006,853,1595
5332.285006,824,1598
5332.290006,874,1597
5332.295007,850,1596
5332.300005,836,1586
5332.305006,833,1593
5332.310006,869,1593
5332.315005,828,1594
5332.320006,851,1587
5332.325006,875,1592
5332.330006,853,1593
5332.335006,823,1592
5332.340006,873,1589
5332.345006,854,1592
5332.350007,837,1592
5332.355005,840,1592
5332.360006,855,1594
5332.365005,835,1585
5332.370006,840,1590
5332.375006,861,1593
5332.380007,856,1596
5332.385005,825,1592
5332.390006,872,1589
5332.395007,856,1588
5332.400005,821,1591
5332.405006,849,1589
5332.410005,857,1587
5332.415005,840,1582
5332.420005,832,1585
5332.425006,873,1584
5332.430006,856,1585
5332.435007,823,1584
5332.440006,872,1579
5332.445007,853,1582
5332.450007,813,1586
5332.455007,844,1584
5332.460006,857,1579
5332.465006,848,1581
5332.470006,843,1585
5332.475005,869,1584
5332.480007,838,1589
5332.485006,820,1586
5332.490006,862,1584
5332.495005,850,1587
5332.500005,820,1590
5332.505006,830,1590
5332.510006,854,1591
5332.515006,828,1591
5332.520007,853,1590
5332.525007,863,1594
5332.530007,862,1589
5332.535007,827,1597
5332.540007,856,1596
5332.545006,851,1597
5332.550006,826,1601
5332.555006,835,1598
5332.560007,859,1605
5332.565006,828,1606
5332.570007,849,1605
5332.575006,873,1605
5332.580006,847,1612
5332.585006,843,1612
5332.590006,865,1607
5332.595007,854,1601
5332.600007,835,1608
5332.605006,835,1610
5332.610006,872,1609
5332.615006,836,1612
5332.620005,826,1613
5332.625005,875,1606
5332.630006,859,1610
5332.635006,822,1613
5332.640006,867,1608
5332.645006,864,1610
5332.650005,830,1614
5332.655007,829,1615
5332.660007,853,1613
5332.665007,831,1613
5332.670006,826,1614
5332.675006,873,1612
5332.680006,861,1610
5332.685005,818,1614
5332.690006,849,1611
5332.695006,853,1618
5332.700005,836,1611
5332.705005,828,1620
5332.710006,880,1615
5332.715007,833,1621
5332.720006,833,1620
5332.725005,874,1609
5332.730006,864,1621
5332.735005,827,1623
5332.740005,851,1627
5332.745005,872,1622
5332.750006,829,1628
5332.755007,840,1616
5332.760006,870,1628
5332.765006,829,1633
5332.770006,851,1624
5332.775006,875,1629
5332.780006,855,1629
5332.785006,820,1631
5332.790006,870,1624
5332.795006,863,1627
5332.800006,820,1626
5332.805006,850,1620
5332.810006,863,1623
5332.815005,852,1621
5332.820006,837,1617
5332.825006,862,1620
5332.830007,858,1619
5332.835006,826,1618
5332.840007,852,1619
5332.845005,859,1610
5332.850007,828,1620
5332.855006,838,1616
5332.860005,859,1619
5332.865005,847,1616
5332.870005,831,1616
5332.875005,879,1616
5332.880005,856,1618
5332.885006,840,1609
5332.890006,872,1616
5332.895005,850,1620
5332.900007,838,1613
5332.905005,832,1618
5332.910006,870,1612
5332.915006,824,1619
5332.920006,835,1600
5332.925007,867,1614
5332.930005,845,1613
5332.935006,836,1609
5332.940006,851,1611
5332.945005,849,1612
5332.950005,822,1611
5332.955006,850,1605
5332.960007,879,1606
5332.965006,849,1603
5332.970006,840,1592
5332.975006,868,1602
5332.980006,855,1602
5332.985006,833,1589
5332.990006,859,1595
5332.995005,847,1593
5333.000006,837,1587
5333.005006,844,1588
5333.010006,854,1588
5333.015007,821,1584
5333.020007,823,1587
5333.025006,862,1581
5333.030006,863,1577
5333.035006,827,1580
5333.040006,842,1580
5333.045005,858,1577
5333.050005,814,1576
5333.055006,841,1573
5333.060007,861,1575
5333.065007,824,1578
5333.070005,838,1575
5333.075006,854,1575
5333.080006,867,1570
5333.085006,825,1574
5333.090007,870,1573
5333.095006,844,1575
5333.100006,832,1573
5333.105006,843,1576
5333.110005,856,1579
5333.115005,836,1580
5333.120005,822,1583
5333.125005,861,1585
5333.130006,865,1586
5333.135007,831,1588
5333.140007,849,1595
5333.145006,856,1594
5333.150005,839,1598
5333.155007,840,1605
5333.160006,863,1604
5333.165006,823,1614
5333.170005,837,1601
5333.175006,869,1614
5333.180007,847,1620
5333.185007,839,1621
5333.190006,853,1624
5333.195005,866,1624
5333.200006,820,1628
5333.205006,854,1628
5333.210007,866,1629
5333.215006,830,1633
5333.220006,848,1632
5333.225006,869,1632
5333.230006,862,1634
5333.235006,841,1628
5333.240005,869,1631
5333.245005,855,1637
5333.250006,840,1631
5333.255006,851,1637
5333.260007,862,1642
5333.265007,845,1643
5333.270006,831,1644
5333.275005,870,1635
5333.280006,875,1644
5333.285006,836,1654
5333.290006,859,1649
5333.295005,853,1655
5333.300005,839,1654
5333.305007,850,1655
5333.310006,860,1659
5333.315005,859,1656
5333.320007,843,1659
5333.325007,865,1658
5333.330007,863,1662
5333.335007,844,1659
5333.340005,856,1663
5333.345006,866,1660
5333.350005,828,1660
5333.355007,852,1658
5333.360006,868,1661
5333.365005,843,1652
5333.370005,847,1659
5333.375006,879,1655
5333.380006,857,1655
5333.385007,841,1652
5333.390005,873,1652
5333.395006,868,1648
5333.400005,828,1652
5333.405006,848,1648
5333.410005,875,1640
5333.415005,847,1651
5333.420006,835,1645
5333.425006,875,1640
5333.430006,865,1645
5333.435006,830,1644
5333.440005,853,1642
5333.445006,853,1642
5333.450006,846,1634
5333.455006,845,1632
5333.460006,857,1635
5333.465007,850,1624
5333.470005,834,1620
5333.475007,859,1618
5333.480006,855,1614
5333.485007,841,1605
5333.490006,867,1607
5333.495006,859,1599
5333.500006,826,1605
5333.505006,832,1606
5333.510007,877,1600
5333.515005,837,1602
5333.520007,829,1599
5333.525006,870,1602
5333.530006,858,1603
5333.535006,819,1603
5333.540006,862,1592
5333.545006,861,1599
5333.550006,818,1602
5333.555006,829,1605
5333.560007,878,1599
5333.565007,845,1600
5333.570007,834,1601
5333.575006,879,1601
5333.580006,856,1601
5333.585006,822,1605
5333.590006,863,1600
5333.595006,859,1603
5333.600006,819,1604
5333.605006,841,1601
5333.610006,853,1602
5333.615005,844,1599
5333.620005,835,1596
5333.625006,860,1597
5333.630006,847,1596
5333.635006,833,1591
5333.640006,861,1581
5333.645005,854,1593
5333.650006,839,1590
5333.655005,841,1587
5333.660006,862,1577
5333.665006,837,1585
5333.670006,834,1583
5333.675006,856,1582
5333.680007,858,1582
5333.685007,832,1581
5333.690006,853,1582
5333.695005,849,1584
5333.700005,844,1574
5333.705005,831,1581
5333.710006,878,1580
5333.715006,847,1577
5333.720006,834,1580
5333.725006,876,1579
5333.730006,861,1578
5333.735005,823,1582
5333.740005,862,1580
5333.745005,847,1582
5333.750005,839,1579
5333.755005,840,1581
5333.760006,863,1582
5333.765006,844,1576
5333.770006,841,1584
5333.775006,863,1586
5333.780005,848,1587
5333.785006,844,1581
5333.790007,858,1587
5333.795007,847,1588
5333.800005,834,1587
5333.805006,832,1591
5333.810005,874,1592
5333.815007,841,1590
5333.820006,829,1596
5333.825005,859,1600
5333.830005,866,1596
5333.835005,841,1602
5333.840006,862,1598
5333.845006,851,1608
5333.850007,827,1608
5333.855005,831,1617
5333.860006,861,1613
5333.865006,833,1615
5333.870005,851,1613
5333.875005,880,1618
5333.880006,853,1616
5333.885006,821,1618
5333.890007,869,1618
5333.895007,856,1624
5333.900007,824,1622
5333.905007,856,1620
5333.910006,868,1623
5333.915007,839,1621
5333.920007,831,1624
5333.925006,882,1625
5333.930007,864,1626
5333.935006,829,1627
5333.940006,870,1626
5333.945005,863,1625
5333.950005,826,1628
5333.955005,832,1630
5333.960005,866,1630
5333.965006,858,1628
5333.970006,848,1631
5333.975006,873,1629
5333.980005,853,1634
5333.985006,842,1634
5333.990006,862,1634
5333.995006,866,1634
5334.000006,830,1636
5334.005006,834,1638
5334.010006,884,1636
5334.015006,844,1640
5334.020005,835,1641
5334.025006,865,1639
5334.030005,872,1637
5334.035005,837,1636
5334.040005,866,1636
5334.045006,873,1635
5334.050006,834,1632
5334.055006,845,1634
5334.060006,858,1631
5334.065006,854,1629
5334.070006,845,1619
5334.075005,869,1628
5334.080006,856,1625
5334.085006,825,1624
5334.090006,867,1618
5334.095006,871,1614
5334.100005,833,1614
5334.105005,840,1616
5334.110006,856,1616
5334.115006,858,1605
5334.120005,850,1607
5334.125006,872,1603
5334.130006,849,1609
5334.135007,826,1608
5334.140006,847,1610
5334.145005,868,1606
5334.150006,829,1608
5334.155005,837,1607
5334.160005,861,1610
5334.165006,849,1606
5334.170006,833,1610
5334.175006,854,1614
5334.180006,872,1606
5334.185006,837,1607
5334.190006,856,1609
5334.195006,853,1612
5334.200006,819,1616
5334.205005,846,1611
5334.210005,874,1612
5334.215006,835,1609
5334.220007,827,1611
5334.225007,877,1609
5334.230006,861,1611
5334.235006,837,1610
5334.240005,848,1613
5334.245006,851,1613
5334.250006,841,1610
5334.255006,845,1609
5334.260006,864,1612
5334.265007,842,1611
5334.270006,832,1609
5334.275005,870,1603
5334.280006,863,1613
5334.285006,827,1618
5334.290006,856,1616
5334.295006,850,1619
5334.300006,824,1618
5334.305006,855,1616
5334.310006,867,1618
5334.315005,835,1614
5334.320006,837,1610
5334.325005,872,1620
5334.330005,859,1621
5334.335006,831,1622
5334.340006,850,1624
5334.345006,858,1614
5334.350005,833,1623
5334.355007,832,1621
5334.360006,879,1622
5334.365005,845,1622
5334.370006,836,1622
5334.375007,872,1620
5334.380006,852,1622
5334.385006,840,1619
5334.390007,852,1612
5334.395006,870,1619
5334.400005,825,1620
5334.405005,852,1620
5334.410005,859,1625
5334.415006,857,1620
5334.420007,836,1621
5334.425007,870,1620
5334.430005,865,1618
5334.435006,844,1622
5334.440006,849,1625
5334.445006,870,1621
5334.450006,836,1622
5334.455007,838,1624
5334.460006,864,1624
5334.465007,857,1618
5334.470006,835,1623
5334.475006,863,1622
5334.480005,849,1621
5334.485006,842,1619
5334.490005,867,1617
5334.495005,868,1618
5334.500005,830,1616
5334.505005,831,1618
5334.510005,857,1619
5334.515006,855,1615
5334.520006,832,1613
5334.525005,864,1615
5334.530005,869,1613
5334.535005,828,1615
5334.540005,865,1613
5334.545006,864,1615
5334.550006,838,1616
5334.555006,829,1619
5334.560005,871,1620
5334.565007,851,1612
5334.570007,844,1619
5334.575006,868,1617
5334.580006,855,1621
5334.585007,827,1618
5334.590005,855,1618
5334.595006,862,1617
5334.600006,823,1619
5334.605007,840,1615
5334.610006,877,1605
5334.615005,852,1614
5334.620005,838,1612
5334.625006,866,1612
5334.630006,849,1608
5334.635006,836,1608
5334.640006,849,1613
5334.645006,854,1613
5334.650005,828,1612
5334.655007,856,1610
5334.660007,874,1608
5334.665006,851,1615
5334.670006,845,1614
5334.675007,864,1616
5334.680006,849,1619
5334.685005,827,1616
5334.690006,858,1617
5334.695006,857,1622
5334.700005,831,1611
5334.705006,845,1620
5334.710006,877,1619
5334.715006,838,1620
5334.720007,828,1623
5334.725005,863,1625
5334.730006,875,1623
5334.735006,843,1620
5334.740006,855,1621
5334.745005,872,1616
5334.750006,844,1617
5334.755007,843,1617
5334.760007,873,1615
5334.765006,842,1618
5334.770005,835,1616
5334.775005,864,1617
5334.780006,850,1616
5334.785006,848,1610
5334.790006,861,1611
5334.795007,860,1614
5334.800006,843,1617
5334.805006,843,1617
5334.810005,873,1621
5334.815006,844,1619
5334.820006,836,1618
5334.825006,856,1621
5334.830006,869,1618
5334.835006,833,1618
5334.840006,846,1622
5334.845006,859,1619
5334.850006,849,1616
5334.855005,844,1614
5334.860006,872,1618
5334.865005,839,1623
5334.870005,827,1618
5334.875005,857,1625
5334.880006,875,1616
5334.885006,838,1616
5334.890007,852,1617
5334.895005,866,1614
5334.900006,837,1617
5334.905006,834,1615
5334.910006,866,1618
5334.915006,858,1614
5334.920006,823,1621
5334.925006,864,1600
5334.930006,866,1615
5334.935005,819,1618
5334.940006,847,1619
5334.945007,854,1622
5334.950005,828,1616
5334.955006,850,1608
5334.960006,883,1620
5334.965005,849,1623
5334.970006,834,1623
5334.975005,865,1626
5334.980006,873,1624
5334.985005,834,1626
5334.990005,853,1628
5334.995005,855,1628
5335.000006,823,1630
5335.005007,833,1629
5335.010006,878,1622
5335.015006,843,1617
5335.020006,851,1625
5335.025005,874,1626
5335.030006,861,1628
5335.035006,825,1630
5335.040006,861,1626
5335.045006,861,1629
5335.050006,821,1630
5335.055007,849,1626
5335.060005,866,1627
5335.065006,849,1626
5335.070006,828,1628
5335.075006,869,1623
5335.080006,865,1625
5335.085006,834,1625
5335.090007,869,1623
5335.095005,870,1622
5335.100007,824,1625
5335.105007,854,1621
5335.110006,869,1621
5335.115006,844,1620
5335.120005,825,1624
5335.125005,879,1619
5335.130006,863,1619
5335.135007,821,1619
5335.140005,852,1618
5335.145006,852,1619
5335.150005,831,1617
5335.155006,834,1617
5335.160007,883,1615
5335.165006,854,1611
5335.170006,847,1611
5335.175006,870,1608
5335.180006,859,1609
5335.185006,825,1610
5335.190006,846,1610
5335.195005,857,1607
5335.200005,825,1605
5335.205005,852,1608
5335.210005,867,1604
5335.215005,858,1605
5335.220006,832,1605
5335.225006,857,1607
5335.230005,864,1604
5335.235006,832,1603
5335.240005,851,1606
5335.245005,857,1603
5335.250005,840,1602
5335.255005,835,1604
5335.260006,871,1603
5335.265006,842,1605
5335.270005,847,1600
5335.275006,870,1602
5335.280005,853,1603
5335.285005,818,1608
5335.290005,863,1604
5335.295005,864,1605
5335.300005,833,1603
5335.305006,830,1603
5335.310005,855,1609
5335.315006,856,1602
5335.320006,830,1602
5335.325005,859,1603
5335.330006,849,1600
5335.335006,833,1597
5335.340006,850,1600
5335.345006,859,1598
5335.350006,822,1600
5335.355005,853,1592
5335.360006,869,1597
5335.365006,843,1598
5335.370005,847,1595
5335.375005,865,1595
5335.380006,847,1597
5335.385006,837,1596
5335.390007,852,1594
5335.395005,854,1596
5335.400006,827,1594
5335.405006,831,1599
5335.410006,859,1597
5335.415006,835,1596
5335.420006,844,1595
5335.425006,869,1593
5335.430007,855,1592
5335.435005,833,1589
5335.440007,845,1592
5335.445006,856,1592
5335.450006,841,1585
5335.455005,834,1585
5335.460005,859,1587
5335.465006,857,1583
5335.470006,848,1578
5335.475005,861,1583
5335.480007,853,1580
5335.485007,837,1581
5335.490006,843,1580
5335.495005,847,1579
5335.500006,822,1569
5335.505006,842,1576
5335.510006,856,1578
5335.515007,841,1569
5335.520006,845,1570
5335.525005,868,1572
5335.530007,846,1577
5335.535006,825,1568
5335.540006,854,1572
5335.545005,858,1571
5335.550005,832,1570
5335.555006,840,1565
5335.560005,867,1565
5335.565006,849,1565
5335.570006,830,1566
5335.575005,854,1564
5335.580005,841,1567
5335.585005,814,1567
5335.590006,853,1560
5335.595006,862,1566
5335.600005,824,1555
5335.605006,839,1566
5335.610007,859,1571
5335.615007,832,1573
5335.620006,833,1571
5335.625007,850,1576
5335.630006,846,1578
5335.635007,819,1577
5335.640005,840,1582
5335.645007,867,1574
5335.650007,828,1580
5335.655005,840,1582
5335.660005,855,1587
5335.665005,843,1587
5335.670006,835,1588
5335.675007,855,1592
5335.680006,862,1591
5335.685006,824,1595
5335.690006,838,1601
5335.695006,865,1598
5335.700005,821,1599
5335.705006,847,1599
5335.710007,854,1603
5335.715006,850,1601
5335.720007,834,1603
5335.725006,860,1604
5335.730005,844,1606
5335.735007,816,1609
5335.740007,860,1604
5335.745007,863,1608
5335.750007,821,1610
5335.755005,827,1613
5335.760006,855,1612
5335.765007,846,1610
5335.770006,827,1614
5335.775005,872,1612
5335.780007,862,1615
5335.785007,824,1615
5335.790006,841,1619
5335.795006,859,1613
5335.800007,821,1619
5335.805005,841,1615
5335.810006,868,1614
5335.815006,837,1614
5335.820005,839,1614
5335.825005,857,1612
5335.830006,862,1613
5335.835007,829,1607
5335.840006,842,1606
5335.845007,864,1599
5335.850007,828,1604
5335.855006,830,1601
5335.860007,862,1601
5335.865006,843,1599
5335.870005,822,1600
5335.875005,857,1600
5335.880006,852,1597
5335.885006,831,1597
5335.890007,840,1600
5335.895006,852,1600
5335.900006,837,1601
5335.905006,834,1603
5335.910005,854,1604
5335.915005,836,1605
5335.920005,832,1607
5335.925005,873,1605
5335.930006,862,1608
5335.935005,820,1611
5335.940007,835,1612
5335.945006,874,1612
5335.950006,828,1605
5335.955006,839,1613
5335.960006,854,1613
5335.965006,853,1613
5335.970007,838,1613
5335.975005,857,1616
5335.980006,854,1615
5335.985006,818,1613
5335.990006,838,1612
5335.995005,850,1614
5336.000005,833,1613
5336.005005,832,1612
5336.010006,859,1614
5336.015007,837,1606
5336.020006,835,1609
5336.025005,859,1610
5336.030006,851,1611
5336.035006,819,1610
5336.040007,839,1612
5336.045005,878,1606
5336.050006,827,1609
5336.055006,844,1609
5336.060005,875,1609
5336.065006,843,1612
5336.070005,826,1610
5336.075005,854,1611
5336.080006,868,1609
5336.085006,840,1607
5336.090006,851,1608
5336.095006,851,1609
5336.100006,831,1610
5336.105006,832,1608
5336.110005,857,1612
5336.115005,833,1609
5336.120006,847,1604
5336.125006,857,1608
5336.130006,853,1607
5336.135006,823,1605
5336.140007,852,1607
5336.145005,856,1608
5336.150006,837,1604
5336.155006,838,1608
5336.160005,856,1610
5336.165005,834,1610
5336.170005,823,1611
5336.175005,859,1610
5336.180007,849,1611
5336.185005,838,1609
5336.190007,847,1611
5336.195006,864,1608
5336.200005,828,1610
5336.205005,848,1608
5336.210006,863,1607
5336.215007,853,1606
5336.220006,832,1608
5336.225005,862,1609
5336.230006,842,1613
5336.235006,836,1608
5336.240006,852,1610
5336.245006,859,1610
5336.250006,815,1612
5336.255007,845,1610
5336.260006,860,1610
5336.265007,837,1608
5336.270005,838,1607
5336.275005,865,1606
5336.280007,847,1606
5336.285007,824,1604
5336.290006,847,1595
5336.295006,851,1601
5336.300006,841,1594
5336.305007,843,1595
5336.310005,860,1597
5336.315006,849,1594
5336.320005,827,1595
5336.325005,862,1593
5336.330005,845,1593
5336.335006,833,1594
5336.340005,838,1594
5336.345007,845,1596
5336.350006,827,1594
5336.355006,840,1595
5336.360006,873,1597
5336.365006,836,1600
5336.370005,826,1599
5336.375006,871,1603
5336.380006,854,1602
5336.385006,819,1604
5336.390006,832,1608
5336.395005,865,1594
5336.400007,817,1603
5336.405006,846,1605
5336.410005,864,1609
5336.415005,834,1612
5336.420006,837,1608
5336.425007,856,1611
5336.430006,850,1613
5336.435006,817,1609
5336.440005,857,1610
5336.445007,860,1615
5336.450007,818,1617
5336.455006,830,1611
5336.460007,873,1616
5336.465006,847,1615
5336.470006,826,1617
5336.475006,857,1619
5336.480006,848,1620
5336.485006,844,1618
5336.490005,848,1621
5336.495006,850,1628
5336.500007,839,1621
5336.505005,829,1624
5336.510005,856,1625
5336.515007,855,1624
5336.520005,839,1624
5336.525007,864,1626
5336.530006,846,1626
5336.535005,844,1623
5336.540005,856,1624
5336.545006,868,1625
5336.550006,820,1630
5336.555005,847,1620
5336.560007,856,1629
5336.565007,833,1619
5336.570006,840,1621
5336.575006,860,1616
5336.580007,849,1621
5336.585006,840,1618
5336.590007,843,1615
5336.595005,864,1614
5336.600006,838,1614
5336.605006,822,1618
5336.610005,853,1614
5336.615006,856,1609
5336.620005,841,1609
5336.625005,861,1610
5336.630005,852,1612
5336.635006,834,1614
5336.640006,839,1614
5336.645006,853,1612
5336.650006,824,1613
5336.655005,851,1612
5336.660006,867,1611
5336.665006,844,1615
5336.670006,828,1614
5336.675007,872,1605
5336.680007,864,1615
5336.685006,825,1613
5336.690005,835,1614
5336.695007,871,1611
5336.700006,838,1611
5336.705007,836,1613
5336.710006,862,1611
5336.715007,840,1610
5336.720006,840,1605
5336.725005,856,1613
5336.730007,851,1609
5336.735006,837,1606
5336.740006,842,1611
5336.745006,856,1600
5336.750007,834,1609
5336.755006,834,1609
5336.760007,854,1609
5336.765005,836,1608
5336.770006,842,1607
5336.775006,865,1604
5336.780006,850,1604
5336.785006,837,1602
5336.790006,848,1605
5336.795007,868,1602
5336.800006,817,1602
5336.805006,843,1600
5336.810007,873,1602
5336.815007,851,1602
5336.820006,828,1600
5336.825005,858,1601
5336.830005,863,1598
5336.835006,834,1600
5336.840006,836,1601
5336.845007,854,1602
5336.850005,839,1597
5336.855006,824,1600
5336.860006,853,1598
5336.865005,857,1591
5336.870006,834,1598
5336.875006,853,1598
5336.880006,862,1591
5336.885006,825,1594
5336.890006,833,1597
5336.895006,851,1599
5336.900005,845,1595
5336.905005,833,1596
5336.910005,857,1596
5336.915005,861,1596
5336.920006,824,1597
5336.925006,862,1597
5336.930005,864,1590
5336.935006,831,1597
5336.940006,850,1599
5336.945005,857,1601
5336.950005,826,1604
5336.955006,848,1602
5336.960006,859,1602
5336.965006,858,1603
5336.970006,832,1605
5336.975005,854,1605
5336.980007,865,1603
5336.985007,821,1605
5336.990006,839,1603
5336.995006,858,1603
5337.000006,841,1600
5337.005007,841,1601
5337.010005,871,1599
5337.015006,849,1596
5337.020005,828,1599
5337.025006,858,1600
5337.030006,850,1598
5337.035005,841,1597
5337.040006,844,1595
5337.045006,865,1602
5337.050006,832,1600
5337.055006,839,1598
5337.060005,870,1593
5337.065007,857,1597
5337.070007,823,1606
5337.075007,851,1606
5337.080007,867,1600
5337.085005,840,1603
5337.090005,850,1594
5337.095006,866,1602
5337.100005,829,1610
5337.105007,834,1610
5337.110006,859,1609
5337.115005,841,1609
5337.120005,843,1607
5337.125006,867,1609
5337.130007,862,1608
5337.135005,822,1609
5337.140006,835,1608
5337.145005,862,1597
5337.150006,831,1608
5337.155005,845,1607
5337.160005,864,1605
5337.165006,842,1609
5337.170006,840,1605
5337.175006,866,1608
5337.180006,856,1612
5337.185005,816,1614
5337.190006,848,1611
5337.195005,854,1612
5337.200005,848,1603
5337.205006,834,1613
5337.210006,857,1617
5337.215007,840,1613
5337.220006,846,1613
5337.225006,866,1611
5337.230005,861,1612
5337.235007,817,1617
5337.240006,835,1618
5337.245005,874,1610
5337.250006,838,1602
5337.255006,843,1612
5337.260006,864,1613
5337.265006,838,1613
5337.270005,834,1612
5337.275007,867,1608
5337.280007,853,1613
5337.285005,825,1613
5337.290006,836,1614
5337.295007,853,1614
5337.300005,825,1610
5337.305006,852,1611
5337.310006,875,1614
5337.315005,858,1611
5337.320006,826,1613
5337.325005,855,1616
5337.330005,853,1618
5337.335005,821,1616
5337.340006,854,1614
5337.345006,855,1621
5337.350005,846,1614
5337.355005,852,1613
5337.360006,879,1614
5337.365005,852,1619
5337.370005,826,1619
5337.375005,856,1620
5337.380005,870,1612
5337.385005,832,1619
5337.390007,845,1617
5337.395006,858,1622
5337.400005,835,1609
5337.405007,840,1619
5337.410006,858,1619
5337.415005,860,1618
5337.420005,830,1616
5337.425006,854,1617
5337.430006,877,1609
5337.435006,835,1613
5337.440005,835,1619
5337.445006,874,1614
5337.450006,834,1615
5337.455006,843,1611
5337.460007,869,1615
5337.465006,849,1616
5337.470007,828,1614
5337.475005,872,1613
5337.480006,865,1615
5337.485007,843,1613
5337.490007,849,1613
5337.495006,868,1613
5337.500006,837,1614
5337.505007,849,1612
5337.510006,872,1612
5337.515006,856,1614
5337.520005,837,1613
5337.525007,863,1615
5337.530006,864,1613
5337.535007,820,1615
5337.540007,837,1613
5337.545006,856,1615
5337.550007,840,1611
5337.555006,838,1612
5337.560006,864,1614
5337.565006,850,1613
5337.570005,838,1609
5337.575005,866,1608
5337.580005,862,1608
5337.585006,825,1611
5337.590007,835,1614
5337.595006,859,1613
5337.600005,832,1606
5337.605006,847,1612
5337.610006,880,1610
5337.615005,863,1608
5337.620005,840,1613
5337.625005,859,1613
5337.630005,860,1614
5337.635005,824,1610
5337.640006,836,1615
5337.645005,875,1613
5337.650006,840,1607
5337.655006,837,1611
5337.660005,855,1615
5337.665006,847,1607
5337.670007,839,1606
5337.675006,852,1615
5337.680007,852,1614
5337.685005,842,1612
5337.690006,843,1613
5337.695006,863,1615
5337.700006,830,1614
5337.705005,830,1616
5337.710006,873,1606
5337.715006,843,1619
5337.720006,830,1614
5337.725006,853,1619
5337.730006,876,1614
5337.735005,833,1611
5337.740006,842,1612
5337.745006,865,1613
5337.750006,838,1613
5337.755006,836,1615
5337.760005,865,1602
5337.765006,854,1612
5337.770005,819,1611
5337.775006,861,1616
5337.780005,854,1614
5337.785006,817,1614
5337.790007,848,1614
5337.795006,858,1619
5337.800007,823,1619
5337.805006,847,1616
5337.810006,859,1617
5337.815005,842,1620
5337.820006,840,1618
5337.825006,868,1620
5337.830006,863,1619
5337.835007,827,1619
5337.840006,845,1620
5337.845007,860,1618
5337.850005,830,1621
5337.855006,827,1621
5337.860005,877,1619
5337.865005,856,1622
5337.870006,825,1626
5337.875007,872,1626
5337.880005,871,1624
5337.885006,841,1626
5337.890006,836,1631
5337.895007,855,1632
5337.900006,849,1629
5337.905006,847,1629
5337.910005,876,1633
5337.915005,847,1633
5337.920006,822,1638
5337.925006,860,1639
5337.930006,849,1638
5337.935005,839,1627
5337.940006,846,1638
5337.945007,856,1640
5337.950007,849,1635
5337.955007,836,1635
5337.960006,881,1631
5337.965006,861,1635
5337.970007,841,1633
5337.975005,875,1632
5337.980006,863,1634
5337.985006,829,1630
5337.990005,834,1628
5337.995006,854,1629
5338.000007,840,1627
5338.005006,837,1624
5338.010007,858,1626
5338.015006,845,1626
5338.020006,843,1619
5338.025006,867,1622
5338.030006,852,1630
5338.035005,833,1614
5338.040006,861,1620
5338.045006,875,1625
5338.050006,828,1622
5338.055006,848,1620
5338.060005,873,1614
5338.065006,857,1617
5338.070006,840,1613
5338.075005,874,1610
5338.080005,859,1608
5338.085005,825,1609
5338.090005,833,1607
5338.095005,856,1607
5338.100007,830,1601
5338.105007,827,1604
5338.110007,860,1599
5338.115007,862,1590
5338.120006,838,1594
5338.125007,868,1596
5338.130005,866,1592
5338.135005,834,1593
5338.140006,840,1592
5338.145005,868,1585
5338.150006,838,1586
5338.155006,837,1582
5338.160005,860,1582
5338.165005,860,1573
5338.170005,838,1577
5338.175006,857,1576
5338.180006,859,1573
5338.185005,824,1573
5338.190007,843,1571
5338.195006,858,1570
5338.200007,835,1570
5338.205006,830,1571
5338.210006,860,1567
5338.215006,845,1569
5338.220007,837,1571
5338.225006,856,1569
5338.230005,846,1571
5338.235007,819,1568
5338.240006,853,1571
5338.245005,865,1570
5338.250005,824,1575
5338.255005,844,1574
5338.260005,864,1580
5338.265006,854,1579
5338.270006,819,1585
5338.275005,849,1584
5338.280006,869,1581
5338.285005,818,1589
5338.290006,850,1581
5338.295007,862,1589
5338.300005,844,1587
5338.305007,846,1588
5338.310005,872,1589
5338.315005,844,1589
5338.320006,829,1579
5338.325006,873,1590
5338.330007,868,1588
5338.335005,830,1593
5338.340005,831,1596
5338.345007,851,1598
5338.350006,846,1597
5338.355005,840,1601
5338.360007,875,1602
5338.365006,854,1603
5338.370006,824,1606
5338.375006,866,1603
5338.380006,860,1609
5338.385006,829,1608
5338.390005,842,1612
5338.395006,869,1617
5338.400006,837,1616
5338.405006,830,1624
5338.410005,883,1620
5338.415005,861,1623
5338.420005,829,1627
5338.425005,876,1627
5338.430007,855,1632
5338.435006,834,1630
5338.440006,840,1633
5338.445006,870,1630
5338.450006,827,1635
5338.455006,840,1635
5338.460006,871,1624
5338.465006,865,1634
5338.470007,838,1632
5338.475006,859,1633
5338.480006,857,1635
5338.485005,826,1631
5338.490005,852,1627
5338.495006,862,1631
5338.500007,834,1622
5338.505007,845,1630
5338.510005,881,1628
5338.515007,862,1625
5338.520006,832,1627
5338.525006,857,1624
5338.530005,854,1624
5338.535005,843,1621
5338.540006,842,1627
5338.545007,868,1623
5338.550005,841,1612
5338.555006,837,1625
5338.560006,884,1621
5338.565006,861,1624
5338.570006,824,1628
5338.575006,855,1628
5338.580007,868,1627
5338.585006,828,1631
5338.590007,850,1618
5338.595005,872,1627
5338.600006,828,1630
5338.605005,831,1624
5338.610006,880,1629
5338.615007,853,1629
5338.620006,823,1631
5338.625006,874,1628
5338.630007,860,1630
5338.635005,826,1629
5338.640006,834,1631
5338.645006,880,1629
5338.650005,833,1628
5338.655006,853,1625
5338.660005,870,1628
5338.665005,874,1626
5338.670005,829,1627
5338.675006,850,1629
5338.680007,850,1626
5338.685006,832,1614
5338.690005,854,1620
5338.695006,877,1623
5338.700007,833,1627
5338.705006,831,1626
5338.710006,876,1623
5338.715007,853,1624
5338.720006,825,1622
5338.725006,863,1619
5338.730006,854,1623
5338.735006,839,1618
5338.740005,839,1617
5338.745006,860,1617
5338.750006,846,1616
5338.755006,841,1610
5338.760006,864,1612
5338.765006,864,1607
5338.770005,824,1610
5338.775005,874,1602
5338.780006,867,1603
5338.785005,826,1599
5338.790005,833,1603
5338.795005,874,1597
5338.800006,850,1599
5338.805006,838,1600
5338.810005,873,1591
5338.815007,862,1598
5338.820007,832,1597
5338.825006,855,1599
5338.830007,849,1598
5338.835006,837,1597
5338.840007,835,1595
5338.845005,878,1597
5338.850006,832,1598
5338.855005,836,1601
5338.860006,863,1599
5338.865006,848,1597
5338.870005,847,1592
5338.875005,866,1596
5338.880006,862,1594
5338.885006,824,1596
5338.890006,829,1595
5338.895005,857,1593
5338.900007,831,1588
5338.905006,843,1588
5338.910006,865,1591
5338.915006,870,1588
5338.920005,829,1586
5338.925006,856,1587
5338.930006,869,1588
5338.935006,829,1584
5338.940007,830,1591
5338.945007,877,1585
5338.950006,845,1586
5338.955005,840,1582
5338.960005,864,1585
5338.965005,857,1581
5338.970006,831,1580
5338.975006,870,1578
5338.980005,858,1581
5338.985007,819,1575
5338.990006,837,1579
5338.995006,853,1584
5339.000007,846,1576
5339.005007,843,1579
5339.010006,857,1583
5339.015006,844,1584
5339.020006,840,1580
5339.025006,863,1581
5339.030006,857,1587
5339.035006,829,1584
5339.040007,847,1584
5339.045006,868,1588
5339.050006,835,1586
5339.055007,825,1592
5339.060006,875,1589
5339.065006,861,1593
5339.070006,837,1593
5339.075005,867,1595
5339.080006,856,1596
5339.085006,825,1596
5339.090007,834,1597
5339.095006,856,1601
5339.100005,853,1596
5339.105006,847,1600
5339.110006,866,1599
5339.115005,855,1602
5339.120005,826,1603
5339.125006,849,1605
5339.130007,876,1600
5339.135006,834,1602
5339.140006,829,1606
5339.145006,873,1602
5339.150006,833,1606
5339.155005,834,1605
5339.160006,870,1605
5339.165006,852,1604
5339.170006,824,1606
5339.175007,849,1605
5339.180005,863,1603
5339.185006,847,1598
5339.190005,842,1604
5339.195006,866,1604
5339.200005,833,1603
5339.205005,852,1597
5339.210006,876,1604
5339.215007,853,1604
5339.220007,827,1606
5339.225005,860,1605
5339.230006,864,1602
5339.235005,826,1606
5339.240005,831,1613
5339.245005,858,1608
5339.250005,843,1617
5339.255006,832,1614
5339.260007,860,1619
5339.265005,867,1616
5339.270006,826,1617
5339.275006,870,1614
5339.280006,868,1616
5339.285006,844,1611
5339.290006,847,1609
5339.295006,877,1614
5339.300007,835,1613
5339.305007,833,1611
5339.310005,865,1612
5339.315007,871,1612
5339.320005,837,1615
5339.325006,854,1616
5339.330006,849,1619
5339.335005,839,1615
5339.340005,849,1614
5339.345007,865,1617
5339.350006,836,1619
5339.355005,828,1625
5339.360006,863,1624
5339.365005,852,1625
5339.370005,845,1625
5339.375006,866,1626
5339.380007,866,1628
5339.385005,822,1623
5339.390007,845,1629
5339.395006,856,1634
5339.400005,827,1636
5339.405006,847,1634
5339.410005,869,1639
5339.415006,851,1633
5339.420006,820,1643
5339.425006,847,1646
5339.430006,864,1637
5339.435005,840,1636
5339.440005,851,1644
5339.445006,871,1643
5339.450006,846,1645
5339.455007,845,1643
5339.460006,879,1644
5339.465006,861,1643
5339.470006,832,1645
5339.475006,848,1648
5339.480006,848,1646
5339.485005,837,1647
5339.490006,841,1646
5339.495005,858,1647
5339.500006,842,1644
5339.505006,835,1646
5339.510005,880,1645
5339.515005,849,1645
5339.520006,825,1643
5339.525006,852,1645
5339.530006,854,1647
5339.535006,827,1636
5339.540007,854,1642
5339.545006,868,1642
5339.550007,847,1642
5339.555005,838,1641
5339.560006,868,1640
5339.565006,846,1647
5339.570007,835,1641
5339.575006,854,1641
5339.580006,854,1644
5339.585005,826,1639
5339.590005,830,1645
5339.595007,860,1638
5339.600006,851,1635
5339.605005,843,1632
5339.610007,866,1633
5339.615007,846,1632
5339.620007,834,1627
5339.625005,848,1627
5339.630006,860,1626
5339.635007,820,1623
5339.640006,836,1622
5339.645005,857,1625
5339.650007,848,1617
5339.655006,827,1616
5339.660006,860,1618
5339.665007,862,1613
5339.670006,822,1616
5339.675007,861,1614
5339.680005,858,1612
5339.685006,825,1613
5339.690005,832,1613
5339.695006,861,1614
5339.700005,833,1615
5339.705005,828,1611
5339.710005,875,1606
5339.715005,854,1607
5339.720007,817,1611
5339.725007,853,1608
5339.730007,856,1600
5339.735006,835,1609
5339.740006,828,1609
5339.745006,875,1608
5339.750006,840,1606
5339.755006,825,1606
5339.760007,876,1604
5339.765007,857,1606
5339.770006,823,1604
5339.775006,849,1597
5339.780006,864,1604
5339.785005,824,1601
5339.790005,829,1602
5339.795006,855,1603
5339.800007,836,1602
5339.805006,828,1601
5339.810005,869,1600
5339.815006,866,1600
5339.820005,840,1599
5339.825005,859,1598
5339.830005,853,1598
5339.835006,842,1597
5339.840006,846,1597
5339.845006,870,1597
5339.850005,833,1597
5339.855006,827,1597
5339.860007,865,1597
5339.865007,857,1592
5339.870007,821,1596
5339.875007,852,1597
5339.880006,868,1593
5339.885006,832,1601
5339.890007,832,1598
5339.895005,862,1598
5339.900006,839,1593
5339.905005,829,1601
5339.910005,858,1601
5339.915005,865,1600
5339.920005,829,1595
5339.925005,854,1600
5339.930006,875,1597
5339.935005,835,1599
5339.940007,831,1598
5339.945007,877,1600
5339.950006,838,1599
5339.955005,826,1603
5339.960005,874,1601
5339.965006,857,1602
5339.970007,828,1604
5339.975005,852,1606
5339.980006,851,1610
5339.985005,835,1609
5339.990005,834,1612
5339.995005,873,1611
5340.000005,847,1612
5340.005005,827,1616
5340.010005,861,1617
5340.015007,869,1612
5340.020006,835,1610
5340.025006,868,1614
5340.030005,861,1619
5340.035005,823,1621
5340.040006,830,1621
5340.045006,878,1617
5340.050006,840,1605
5340.055007,840,1620
5340.060006,868,1617
5340.065005,856,1617
5340.070006,831,1618
5340.075005,871,1621
5340.080006,855,1619
5340.085007,822,1621
5340.090007,850,1616
5340.095006,861,1617
5340.100006,840,1618
5340.105005,834,1618
5340.110007,863,1618
5340.115005,877,1611
5340.120006,840,1608
5340.125006,858,1616
5340.130006,852,1618
5340.135006,842,1613
5340.140006,840,1612
5340.145006,867,1610
5340.150005,832,1619
5340.155006,839,1615
5340.160006,871,1617
5340.165006,851,1618
5340.170006,841,1613
5340.175005,856,1614
5340.180006,863,1614
5340.185005,829,1613
5340.190006,836,1613
5340.195005,861,1610
5340.200006,833,1619
5340.205006,849,1615
5340.210006,870,1614
5340.215005,853,1614
5340.220007,826,1614
5340.225005,851,1605
5340.230007,871,1612
5340.235006,831,1611
5340.240006,829,1619
5340.245005,879,1614
5340.250006,841,1614
5340.255007,829,1618
5340.260006,879,1612
5340.265006,857,1614
5340.270005,825,1612
5340.275007,859,1612
5340.280007,854,1610
5340.285006,819,1606
5340.290007,842,1607
5340.295006,858,1612
5340.300006,852,1606
5340.305006,849,1603
5340.310005,864,1605
5340.315007,852,1606
5340.320006,830,1606
5340.325007,860,1606
5340.330006,852,1606
5340.335005,823,1606
5340.340006,837,1603
5340.345006,864,1604
5340.350006,833,1604
5340.355006,838,1601
5340.360006,859,1600
5340.365005,870,1598
5340.370005,829,1600
5340.375006,853,1598
5340.380006,853,1601
5340.385005,819,1599
5340.390007,850,1596
5340.395006,864,1596
5340.400005,840,1592
5340.405007,836,1592
5340.410006,877,1595
5340.415006,861,1595
5340.420007,822,1592
5340.425007,850,1581
5340.430006,857,1593
5340.435005,838,1586
5340.440006,832,1593
5340.445006,855,1595
5340.450005,851,1595
5340.455005,842,1593
5340.460005,851,1595
5340.465005,860,1590
5340.470007,832,1597
5340.475006,842,1595
5340.480005,864,1597
5340.485007,815,1599
5340.490006,843,1596
5340.495006,854,1597
5340.500007,847,1596
5340.505005,823,1598
5340.510006,870,1589
5340.515007,860,1587
5340.520007,820,1590
5340.525006,863,1592
5340.530005,863,1589
5340.535005,825,1588
5340.540005,831,1592
5340.545005,874,1587
5340.550005,848,1589
5340.555005,828,1591
5340.560007,869,1588
5340.565006,842,1591
5340.570005,834,1581
5340.575005,846,1587
5340.580006,852,1588
5340.585007,832,1586
5340.590005,839,1582
5340.595006,853,1588
5340.600007,844,1583
5340.605007,834,1580
5340.610006,856,1571
5340.615007,864,1579
5340.620006,834,1578
5340.625006,841,1581
5340.630007,864,1576
5340.635007,815,1577
5340.640007,848,1571
5340.645006,859,1574
5340.650006,829,1576
5340.655006,830,1562
5340.660005,871,1576
5340.665006,855,1574
5340.670007,821,1577
5340.675006,845,1579
5340.680007,862,1576
5340.685006,822,1580
5340.690005,840,1582
5340.695005,855,1583
5340.700005,850,1583
5340.705005,832,1584
5340.710006,858,1586
5340.715007,845,1589
5340.720005,839,1588
5340.725006,848,1593
5340.730005,861,1593
5340.735006,843,1592
5340.740006,836,1597
5340.745005,867,1596
5340.750005,833,1601
5340.755005,845,1604
5340.760005,867,1599
5340.765006,855,1606
5340.770005,837,1601
5340.775007,857,1610
5340.780007,855,1611
5340.785007,844,1611
5340.790007,840,1613
5340.795005,862,1617
5340.800005,843,1620
5340.805006,826,1629
5340.810005,880,1617
5340.815006,852,1621
5340.820006,820,1620
5340.825005,854,1621
5340.830006,874,1624
5340.835005,826,1626
5340.840005,853,1625
5340.845006,857,1629
5340.850006,853,1629
5340.855006,837,1631
5340.860006,854,1632
5340.865005,864,1622
5340.870005,840,1627
5340.875006,858,1628
5340.880006,846,1632
5340.885006,841,1629
5340.890006,830,1627
5340.895005,873,1621
5340.900007,838,1622
5340.905007,839,1613
5340.910007,869,1618
5340.915006,845,1619
5340.920005,838,1615
5340.925006,842,1619
5340.930006,866,1615
5340.935006,843,1617
5340.940005,842,1616
5340.945006,865,1618
5340.950007,832,1620
5340.955007,843,1622
5340.960007,862,1628
5340.965006,846,1631
5340.970006,836,1628
5340.975005,855,1633
5340.980007,851,1637
5340.985005,838,1635
5340.990006,836,1639
5340.995005,864,1638
5341.000005,832,1641
5341.005006,837,1638
5341.010006,858,1640
5341.015006,849,1639
5341.020005,836,1635
5341.025006,848,1629
5341.030006,853,1633
5341.035005,837,1630
5341.040006,837,1627
5341.045006,863,1627
5341.050006,851,1619
5341.055006,837,1626
5341.060005,864,1621
5341.065006,850,1623
5341.070007,839,1621
5341.075006,855,1619
5341.080006,854,1623
5341.085007,832,1616
5341.090007,846,1621
5341.095005,865,1624
5341.100007,838,1625
5341.105006,830,1613
5341.110006,868,1618
5341.115005,856,1624
5341.120005,814,1628
5341.125005,851,1624
5341.130005,866,1625
5341.135006,826,1622
5341.140006,827,1623
5341.145005,872,1619
5341.150007,838,1617
5341.155006,818,1619
5341.160005,870,1614
5341.165006,851,1611
5341.170006,834,1613
5341.175006,838,1610
5341.180007,863,1608
5341.185005,812,1611
5341.190006,837,1607
5341.195006,860,1597
5341.200006,838,1603
5341.205006,827,1601
5341.210006,854,1603
5341.215007,846,1600
5341.220005,816,1600
5341.225006,858,1598
5341.230006,868,1597
5341.235006,831,1596
5341.240006,831,1598
5341.245006,856,1599
5341.250006,833,1598
5341.255007,824,1599
5341.260006,868,1594
5341.265007,852,1594
5341.270005,834,1600
5341.275006,844,1599
5341.280006,843,1603
5341.285006,834,1601
5341.290006,830,1601
5341.295006,870,1597
5341.300006,832,1592
5341.305007,833,1598
5341.310005,852,1593
5341.315006,864,1600
5341.320006,830,1602
5341.325006,842,1600
5341.330006,852,1593
5341.335006,826,1599
5341.340006,831,1605
5341.345006,853,1604
5341.350006,851,1603
5341.355006,836,1605
5341.360006,860,1606
5341.365005,849,1605
5341.370005,822,1610
5341.375005,839,1613
5341.380006,859,1608
5341.385006,838,1607
5341.390006,832,1609
5341.395005,858,1606
5341.400007,848,1605
5341.405006,837,1602
5341.410005,860,1591
5341.415005,864,1602
5341.420006,818,1603
5341.425007,846,1598
5341.430005,869,1602
5341.435006,826,1604
5341.440006,852,1600
5341.445005,875,1601
5341.450006,841,1608
5341.455006,825,1613
5341.460007,879,1609
5341.465005,866,1615
5341.470006,827,1620
5341.475005,846,1621
5341.480007,865,1626
5341.485006,842,1627
5341.490005,836,1630
5341.495005,867,1632
5341.500005,848,1633
5341.505005,834,1635
5341.510005,856,1637
5341.515006,866,1633
5341.520005,819,1633
5341.525006,852,1632
5341.530005,875,1626
5341.535006,824,1629
5341.540006,848,1623
5341.545006,877,1620
5341.550006,847,1615
5341.555006,830,1617
5341.560005,858,1613
5341.565006,864,1605
5341.570007,820,1611
5341.575007,860,1608
5341.580007,857,1605
5341.585006,836,1603
5341.590006,845,1606
5341.595006,857,1605
5341.600005,831,1606
5341.605006,836,1601
5341.610005,868,1604
5341.615006,851,1603
5341.620005,823,1600
5341.625005,861,1603
5341.630005,868,1605
5341.635005,828,1605
5341.640006,832,1605
5341.645006,854,1614
5341.650006,846,1605
5341.655006,819,1612
5341.660005,874,1610
5341.665005,852,1606
5341.670005,818,1613
5341.675006,854,1606
5341.680006,859,1608
5341.685007,825,1614
5341.690006,829,1614
5341.695006,858,1613
5341.700005,842,1604
5341.705006,832,1615
5341.710006,871,1613
5341.715006,854,1613
5341.720006,820,1618
5341.725005,854,1614
5341.730006,851,1618
5341.735006,819,1616
5341.740006,848,1612
5341.745007,854,1618
5341.750006,846,1616
5341.755006,835,1615
5341.760007,854,1610
5341.765005,860,1616
5341.770006,821,1616
5341.775005,843,1617
5341.780006,875,1608
5341.785006,828,1611
5341.790006,830,1615
5341.795006,878,1607
5341.800006,832,1612
5341.805006,838,1604
5341.810006,856,1606
5341.815005,860,1603
5341.820006,844,1595
5341.825006,847,1600
5341.830006,850,1598
5341.835007,840,1599
5341.840006,827,1600
5341.845007,872,1599
5341.850005,834,1603
5341.855006,845,1602
5341.860006,856,1606
5341.865006,856,1602
5341.870006,844,1602
5341.875006,854,1601
5341.880006,852,1604
5341.885006,837,1600
5341.890007,840,1597
5341.895005,859,1596
5341.900006,835,1595
5341.905005,847,1591
5341.910006,861,1592
5341.915007,849,1592
5341.920007,830,1590
5341.925006,850,1590
5341.930006,875,1588
5341.935006,827,1588
5341.940006,827,1596
5341.945005,873,1594
5341.950005,845,1593
5341.955005,827,1603
5341.960006,874,1600
5341.965006,859,1589
5341.970006,833,1605
5341.975006,841,1613
5341.980007,872,1616
5341.985006,821,1624
5341.990005,848,1622
5341.995006,876,1629
5342.000007,835,1631
5342.005006,835,1632
5342.010006,860,1639
5342.015006,868,1634
5342.020006,829,1636
5342.025005,842,1638
5342.030007,870,1635
5342.035007,835,1629
5342.040006,840,1627
5342.045007,879,1625
5342.050005,843,1624
5342.055006,847,1620
5342.060005,870,1617
5342.065006,850,1621
5342.070005,831,1619
5342.075006,841,1619
5342.080006,864,1616
5342.085006,831,1606
5342.090007,835,1621
5342.095005,874,1619
5342.100007,841,1625
5342.105006,846,1624
5342.110006,859,1630
5342.115006,867,1631
5342.120005,820,1632
5342.125006,865,1628
5342.130006,865,1629
5342.135007,833,1630
5342.140007,848,1627
5342.145006,864,1626
5342.150006,835,1625
5342.155005,846,1621
5342.160005,874,1618
5342.165005,861,1614
5342.170006,826,1609
5342.175006,836,1607
5342.180007,861,1604
5342.185006,830,1592
5342.190005,847,1597
5342.195006,868,1597
5342.200006,845,1585
5342.205006,831,1600
5342.210006,864,1596
5342.215007,852,1599
5342.220007,838,1596
5342.225006,848,1596
5342.230005,852,1600
5342.235005,820,1601
5342.240005,849,1601
5342.245006,866,1599
5342.250007,836,1599
5342.255006,821,1601
5342.260006,858,1597
5342.265006,848,1597
5342.270006,833,1591
5342.275005,842,1590
5342.280006,870,1586
5342.285006,820,1585
5342.290007,829,1583
5342.295005,873,1576
5342.300005,846,1578
5342.305007,835,1573
5342.310005,877,1576
5342.315006,855,1578
5342.320006,816,1579
5342.325007,840,1579
5342.330007,854,1582
5342.335005,843,1580
5342.340006,840,1584
5342.345007,863,1587
5342.350006,837,1592
5342.355005,820,1596
5342.360007,866,1600
5342.365006,855,1596
5342.370005,824,1600
5342.375005,840,1605
5342.380005,867,1605
5342.385005,825,1606
5342.390006,839,1599
5342.395007,874,1596
5342.400007,844,1605
5342.405006,822,1611
5342.410006,871,1603
5342.415006,857,1605
5342.420007,835,1602
5342.425006,849,1608
5342.430006,848,1603
5342.435006,841,1601
5342.440005,837,1604
5342.445006,861,1602
5342.450005,839,1604
5342.455005,829,1599
5342.460005,875,1603
5342.465006,849,1603
5342.470006,819,1603
5342.475006,857,1603
5342.480005,870,1599
5342.485006,828,1606
5342.490005,850,1602
5342.495006,869,1604
5342.500006,835,1610
5342.505006,842,1604
5342.510007,875,1607
5342.515005,858,1606
5342.520006,825,1609
5342.525005,842,1609
5342.530005,860,1602
5342.535006,841,1611
5342.540007,841,1609
5342.545005,865,1607
5342.550005,845,1610
5342.555007,832,1611
5342.560006,855,1611
5342.565006,867,1607
5342.570006,825,1609
5342.575005,858,1609
5342.580005,857,1609
5342.585005,839,1601
5342.590006,830,1607
5342.595006,861,1607
5342.600006,838,1607
5342.605005,832,1607
5342.610006,873,1596
5342.615006,871,1600
5342.620006,835,1601
5342.625006,841,1599
5342.630007,870,1596
5342.635006,834,1597
5342.640006,835,1596
5342.645007,858,1594
5342.650007,861,1591
5342.655006,827,1592
5342.660006,858,1593
5342.665007,873,1587
5342.670005,827,1586
5342.675005,841,1587
5342.680006,870,1579
5342.685006,831,1585
5342.690005,848,1584
5342.695006,858,1586
5342.700005,853,1588
5342.705005,837,1591
5342.710005,868,1590
5342.715006,858,1589
5342.720006,813,1601
5342.725006,844,1597
5342.730006,851,1604
5342.735005,836,1605
5342.740005,828,1609
5342.745005,875,1609
5342.750005,847,1613
5342.755005,823,1614
5342.760005,869,1613
5342.765006,856,1614
5342.770006,818,1616
5342.775005,835,1619
5342.780006,870,1616
5342.785007,830,1614
5342.790006,831,1613
5342.795006,861,1617
5342.800006,838,1619
5342.805007,838,1618
5342.810006,861,1613
5342.815005,849,1618
5342.820006,816,1622
5342.825007,840,1620
5342.830007,875,1619
5342.835006,833,1621
5342.840006,842,1626
5342.845006,865,1629
5342.850006,842,1631
5342.855006,827,1636
5342.860006,856,1637
5342.865005,846,1644
5342.870005,839,1642
5342.875005,848,1645
5342.880005,875,1646
5342.885006,829,1651
5342.890007,824,1655
5342.895005,867,1651
5342.900006,856,1652
5342.905005,828,1655
5342.910006,856,1655
5342.915006,863,1651
5342.920006,832,1656
5342.925006,837,1655
5342.930007,870,1652
5342.935006,831,1652
5342.940005,828,1653
5342.945006,873,1656
5342.950006,840,1654
5342.955006,840,1652
5342.960006,851,1653
5342.965006,864,1648
5342.970006,818,1650
5342.975007,856,1649
5342.980005,866,1646
5342.985007,843,1642
5342.990005,850,1641
5342.995006,872,1641
5343.000007,849,1637
5343.005006,833,1638
5343.010007,852,1637
5343.015006,866,1633
5343.020005,825,1631
5343.025006,840,1629
5343.030006,853,1626
5343.035006,842,1622
5343.040007,842,1623
5343.045005,857,1622
5343.050006,864,1611
5343.055006,828,1615
5343.060005,877,1615
5343.065007,869,1612
5343.070007,821,1612
5343.075007,859,1607
5343.080006,873,1607
5343.085006,833,1606
5343.090006,834,1603
5343.095006,859,1607
5343.100006,838,1604
5343.105005,822,1602
5343.110006,867,1599
5343.115005,851,1601
5343.120005,817,1598
5343.125005,837,1598
5343.130006,869,1592
5343.135007,830,1589
5343.140006,834,1587
5343.145006,871,1574
5343.150006,864,1580
5343.155005,831,1578
5343.160006,866,1580
5343.165006,859,1573
5343.170006,837,1567
5343.175007,845,1567
5343.180005,856,1563
5343.185007,823,1565
5343.190006,830,1564
5343.195006,876,1559
5343.200006,848,1562
5343.205006,823,1566
5343.210007,854,1566
5343.215006,853,1568
5343.220007,825,1573
5343.225007,865,1571
5343.230006,861,1578
5343.235005,831,1582
5343.240005,831,1586
5343.245005,876,1588
5343.250005,856,1590
5343.255005,823,1590
5343.260005,869,1593
5343.265006,859,1590
5343.270006,825,1589
5343.275005,855,1583
5343.280006,863,1593
5343.285005,822,1590
5343.290005,853,1589
5343.295005,862,1589
5343.300006,861,1591
5343.305007,831,1587
5343.310006,860,1587
5343.315005,866,1585
5343.320006,826,1587
5343.325005,836,1592
5343.330005,875,1594
5343.335006,838,1596
5343.340007,836,1599
5343.345005,857,1605
5343.350006,856,1606
5343.355005,829,1616
5343.360007,868,1617
5343.365007,852,1620
5343.370006,821,1622
5343.375006,856,1624
5343.380006,877,1627
5343.385006,819,1635
5343.390006,841,1633
5343.395006,881,1630
5343.400006,848,1638
5343.405006,826,1637
5343.410006,852,1640
5343.415007,865,1636
5343.420005,836,1636
5343.425005,854,1634
5343.430006,853,1634
5343.435006,842,1633
5343.440006,838,1631
5343.445005,861,1632
5343.450005,842,1625
5343.455005,837,1625
5343.460006,854,1627
5343.465006,866,1625
5343.470007,833,1626
5343.475006,839,1624
5343.480006,874,1619
5343.485005,827,1618
5343.490006,830,1620
5343.495006,869,1614
5343.500006,838,1618
5343.505006,830,1615
5343.510007,858,1610
5343.515005,865,1598
5343.520006,827,1610
5343.525006,854,1609
5343.530006,857,1609
5343.535005,840,1606
5343.540006,822,1606
5343.545007,878,1604
5343.550005,838,1607
5343.555006,836,1604
5343.560006,868,1599
5343.565006,864,1601
5343.570005,818,1606
5343.575005,835,1602
5343.580006,853,1601
5343.585006,844,1600
5343.590006,847,1597
5343.595006,867,1596
5343.600006,843,1598
5343.605005,833,1597
5343.610007,861,1596
5343.615006,860,1594
5343.620006,831,1594
5343.625006,842,1592
5343.630006,856,1590
5343.635006,822,1593
5343.640006,826,1590
5343.645006,858,1588
5343.650006,844,1589
5343.655005,846,1582
5343.660006,875,1580
5343.665006,869,1578
5343.670007,828,1580
5343.675005,836,1582
5343.680007,854,1580
5343.685006,829,1579
5343.690005,828,1581
5343.695006,881,1580
5343.700006,845,1583
5343.705006,824,1588
5343.710006,853,1591
5343.715006,867,1590
5343.720007,822,1596
5343.725005,861,1597
5343.730007,863,1601
5343.735006,833,1604
5343.740005,841,1607
5343.745005,884,1603
5343.750005,851,1611
5343.755005,820,1612
5343.760006,874,1612
5343.765007,856,1608
5343.770007,825,1609
5343.775006,843,1609
5343.780006,856,1606
5343.785005,826,1605
5343.790005,853,1597
5343.795005,870,1597
5343.800005,842,1596
5343.805007,835,1582
5343.810005,871,1588
5343.815007,852,1586
5343.820007,822,1588
5343.825006,845,1585
5343.830006,859,1587
5343.835006,849,1583
5343.840006,837,1589
5343.845007,860,1589
5343.850006,844,1589
5343.855006,846,1590
5343.860005,851,1596
5343.865005,865,1597
5343.870005,826,1600
5343.875005,838,1602
5343.880005,867,1603
5343.885005,828,1606
5343.890007,826,1607
5343.895007,874,1607
5343.900007,857,1605
5343.905007,826,1603
5343.910006,853,1607
5343.915007,850,1608
5343.920006,820,1604
5343.925007,855,1601
5343.930006,865,1598
5343.935005,836,1597
5343.940006,834,1592
5343.945007,854,1593
5343.950007,841,1593
5343.955006,829,1589
5343.960006,848,1592
5343.965006,856,1580
5343.970007,831,1589
5343.975005,836,1592
5343.980007,867,1590
5343.985007,827,1593
5343.990006,821,1592
5343.995006,855,1593
5344.000007,859,1594
5344.005005,818,1597
5344.010005,862,1598
5344.015006,845,1599
5344.020006,833,1597
5344.025005,843,1595
5344.030006,858,1598
5344.035006,821,1602
5344.040007,845,1600
5344.045005,873,1599
5344.050006,856,1600
5344.055006,831,1599
5344.060006,852,1604
5344.065005,862,1597
5344.070007,816,1600
5344.075007,853,1600
5344.080006,868,1600
5344.085006,835,1604
5344.090006,837,1600
5344.095006,880,1599
5344.100007,848,1600
5344.105007,817,1603
5344.110006,866,1602
5344.115005,851,1604
5344.120006,832,1608
5344.125006,848,1594
5344.130006,856,1605
5344.135007,820,1609
5344.140005,848,1609
5344.145006,869,1611
5344.150007,843,1614
5344.155007,841,1611
5344.160006,862,1611
5344.165007,848,1620
5344.170006,843,1614
5344.175007,850,1618
5344.180006,866,1620
5344.185006,828,1617
5344.190005,831,1620
5344.195007,858,1622
5344.200006,845,1618
5344.205006,837,1618
5344.210006,857,1619
5344.215006,864,1617
5344.220006,839,1612
5344.225005,844,1616
5344.230007,852,1622
5344.235005,832,1617
5344.240005,834,1616
5344.245006,864,1614
5344.250006,843,1612
5344.255007,828,1617
5344.260006,874,1611
5344.265006,873,1615
5344.270006,830,1613
5344.275007,838,1618
5344.280007,876,1617
5344.285006,833,1616
5344.290006,829,1621
5344.295006,882,1617
5344.300007,853,1621
5344.305006,838,1623
5344.310006,868,1618
5344.315006,860,1624
5344.320005,830,1622
5344.325005,845,1625
5344.330006,861,1625
5344.335007,829,1627
5344.340006,838,1625
5344.345006,877,1625
5344.350005,856,1627
5344.355007,834,1625
5344.360006,862,1628
5344.365005,861,1629
5344.370006,829,1626
5344.375007,849,1623
5344.380006,864,1621
5344.385007,826,1620
5344.390006,846,1617
5344.395006,865,1618
5344.400005,844,1611
5344.405006,848,1610
5344.410006,861,1613
5344.415007,855,1605
5344.420006,846,1602
5344.425006,846,1604
5344.430006,862,1607
5344.435006,831,1606
5344.440005,827,1608
5344.445006,881,1605
5344.450005,863,1612
5344.455006,830,1610
5344.460006,856,1616
5344.465007,851,1608
5344.470005,828,1624
5344.475006,839,1626
5344.480006,854,1629
5344.485005,849,1627
5344.490005,827,1634
5344.495005,863,1635
5344.500006,868,1634
5344.505005,824,1638
5344.510005,861,1635
5344.515006,848,1643
5344.520006,830,1636
5344.525006,845,1636
5344.530005,866,1633
5344.535005,835,1625
5344.540005,835,1626
5344.545005,879,1616
5344.550005,856,1621
5344.555006,824,1617
5344.560006,865,1609
5344.565006,866,1618
5344.570006,831,1614
5344.575006,846,1617
5344.580006,863,1616
5344.585007,823,1621
5344.590005,828,1621
5344.595006,877,1619
5344.600006,861,1624
5344.605005,831,1632
5344.610006,854,1631
5344.615005,850,1628
5344.620005,831,1635
5344.625005,837,1641
5344.630005,854,1642
5344.635005,850,1639
5344.640006,845,1631
5344.645006,870,1638
5344.650006,858,1639
5344.655005,825,1638
5344.660005,851,1633
5344.665005,872,1632
5344.670006,834,1634
5344.675006,841,1635
5344.680006,854,1630
5344.685006,822,1631
5344.690005,828,1628
5344.695007,856,1623
5344.700006,866,1618
5344.705006,837,1617
5344.710006,855,1612
5344.715006,850,1609
5344.720007,819,1602
5344.725005,848,1600
5344.730007,853,1597
5344.735006,848,1588
5344.740006,832,1591
5344.745005,859,1588
5344.750005,837,1592
5344.755006,828,1584
5344.760006,850,1584
5344.765005,868,1580
5344.770007,828,1580
5344.775006,833,1585
5344.780005,851,1582
5344.785005,820,1583
5344.790005,844,1582
5344.795005,867,1583
5344.800006,847,1583
5344.805007,835,1575
5344.810007,870,1581
5344.815007,854,1586
5344.820006,819,1582
5344.825005,831,1587
5344.830006,859,1585
5344.835006,829,1589
5344.840006,842,1587
5344.845007,875,1590
5344.850006,847,1592
5344.855005,832,1583
5344.860006,861,1591
5344.865005,850,1592
5344.870005,830,1582
5344.875005,852,1587
5344.880005,864,1589
5344.885005,834,1589
5344.890006,832,1587
5344.895006,862,1586
5344.900005,850,1586
5344.905006,836,1581
5344.910005,870,1585
5344.915005,852,1586
5344.920005,821,1584
5344.925006,831,1587
5344.930006,870,1581
5344.935005,831,1585
5344.940006,846,1579
5344.945006,871,1586
5344.950006,849,1588
5344.955006,838,1584
5344.960006,860,1590
5344.965007,846,1593
5344.970006,818,1599
5344.975006,851,1600
5344.980005,860,1604
5344.985006,830,1605
5344.990006,830,1606
5344.995006,857,1609
5345.000007,871,1605
5345.005005,838,1608
5345.010005,865,1608
5345.015006,849,1608
5345.020006,817,1609
5345.025005,849,1613
5345.030007,870,1598
5345.035007,837,1605
5345.040006,827,1604
5345.045006,877,1599
5345.050007,860,1599
5345.055006,832,1600
5345.060006,861,1597
5345.065006,866,1600
5345.070006,833,1606
5345.075005,840,1609
5345.080005,865,1611
5345.085005,828,1615
5345.090005,831,1619
5345.095006,862,1625
5345.100005,868,1618
5345.105007,841,1633
5345.110007,859,1637
5345.115007,869,1629
5345.120006,840,1640
5345.125006,840,1645
5345.130007,857,1648
5345.135007,852,1645
5345.140006,845,1644
5345.145005,868,1645
5345.150006,862,1643
5345.155007,830,1644
5345.160006,856,1650
5345.165006,867,1638
5345.170006,828,1639
5345.175006,839,1636
5345.180006,867,1638
5345.185006,839,1636
5345.190005,835,1637
5345.195006,863,1637
5345.200006,854,1636
5345.205007,844,1635
5345.210006,875,1639
5345.215006,866,1638
5345.220006,827,1643
5345.225007,839,1636
5345.230007,872,1649
5345.235007,833,1652
5345.240006,840,1641
5345.245005,877,1648
5345.250005,864,1658
5345.255006,831,1651
5345.260007,860,1650
5345.265005,857,1648
5345.270006,821,1649
5345.275006,852,1637
5345.280006,878,1640
5345.285006,831,1636
5345.290006,831,1634
5345.295007,874,1624
5345.300005,869,1621
5345.305005,826,1621
5345.310006,850,1620
5345.315007,849,1614
5345.320006,838,1614
5345.325005,832,1611
5345.330005,855,1610
5345.335005,844,1603
5345.340005,850,1611
5345.345007,871,1612
5345.350006,858,1613
5345.355005,821,1612
5345.360007,851,1614
5345.365006,853,1614
5345.370005,817,1614
5345.375005,847,1612
5345.380006,859,1612
5345.385006,841,1597
5345.390006,830,1607
5345.395007,871,1604
5345.400007,847,1605
5345.405006,818,1606
5345.410005,868,1600
5345.415005,860,1596
5345.420005,817,1602
5345.425005,826,1603
5345.430006,855,1599
5345.435005,845,1596
5345.440006,829,1595
5345.445007,859,1591
5345.450005,868,1593
5345.455006,830,1592
5345.460006,854,1593
5345.465006,854,1594
5345.470007,836,1587
5345.475006,848,1591
5345.480006,866,1590
5345.485006,832,1589
5345.490006,827,1593
5345.495006,854,1593
5345.500007,843,1588
5345.505006,823,1587
5345.510006,869,1584
5345.515006,857,1582
5345.520006,837,1580
5345.525005,844,1580
5345.530006,871,1580
5345.535007,829,1578
5345.540006,823,1580
5345.545006,872,1577
5345.550006,845,1577
5345.555006,838,1573
5345.560007,860,1575
5345.565006,850,1581
5345.570005,819,1581
5345.575006,829,1579
5345.580006,867,1570
5345.585006,842,1579
5345.590005,845,1578
5345.595006,862,1583
5345.600005,845,1583
5345.605006,830,1583
5345.610005,857,1579
5345.615006,852,1581
5345.620005,842,1578
5345.625005,838,1582
5345.630005,862,1583
5345.635005,825,1587
5345.640006,838,1581
5345.645006,880,1583
5345.650006,857,1587
5345.655005,834,1588
5345.660006,849,1593
5345.665007,876,1589
5345.670006,837,1593
5345.675006,840,1595
5345.680006,862,1599
5345.685006,830,1598
5345.690006,845,1599
5345.695006,870,1606
5345.700006,849,1605
5345.705006,846,1608
5345.710006,864,1611
5345.715007,854,1616
5345.720007,845,1613
5345.725006,848,1616
5345.730005,866,1615
5345.735006,838,1617
5345.740006,826,1621
5345.745005,881,1618
5345.750006,861,1618
5345.755007,830,1620
5345.760005,851,1621
5345.765006,869,1619
5345.770005,834,1620
5345.775006,836,1616
5345.780007,879,1616
5345.785005,852,1613
5345.790005,844,1616
5345.795006,866,1618
5345.800006,848,1616
5345.805006,843,1613
5345.810005,864,1605
5345.815006,847,1618
5345.820006,836,1617
5345.825006,851,1617
5345.830007,866,1618
5345.835006,832,1620
5345.840006,849,1621
5345.845006,882,1618
5345.850006,858,1617
5345.855005,834,1619
5345.860006,860,1621
5345.865005,858,1620
5345.870005,822,1619
5345.875006,831,1619
5345.880007,878,1615
5345.885005,849,1614
5345.890007,827,1615
5345.895007,858,1617
5345.900006,844,1618
5345.905006,826,1609
5345.910005,847,1610
5345.915006,852,1606
5345.920007,836,1599
5345.925007,846,1603
5345.930006,868,1601
5345.935006,833,1600
5345.940005,836,1601
5345.945007,857,1604
5345.950007,862,1598
5345.955006,835,1602
5345.960006,859,1606
5345.965006,862,1606
5345.970006,817,1612
5345.975005,838,1613
5345.980006,857,1620
5345.985005,843,1611
5345.990005,844,1622
5345.995005,873,1617
5346.000005,866,1625
5346.005005,821,1626
5346.010005,860,1627
5346.015007,853,1625
5346.020007,843,1621
5346.025006,850,1621
5346.030006,869,1621
5346.035005,828,1620
5346.040006,842,1618
5346.045006,862,1616
5346.050006,863,1607
5346.055006,833,1616
5346.060005,851,1617
5346.065006,853,1612
5346.070005,844,1614
5346.075005,837,1616
5346.080005,867,1616
5346.085005,834,1616
5346.090005,848,1619
5346.095007,874,1622
5346.100005,860,1624
5346.105007,821,1628
5346.110006,849,1629
5346.115007,847,1632
5346.120007,820,1627
5346.125007,831,1627
5346.130006,874,1633
5346.135007,835,1627
5346.140006,833,1626
5346.145006,857,1627
5346.150005,845,1624
5346.155006,830,1611
5346.160005,863,1618
5346.165006,858,1617
5346.170006,815,1616
5346.175006,842,1615
5346.180006,855,1615
5346.185005,845,1613
5346.190006,833,1617
5346.195006,861,1615
5346.200005,851,1616
5346.205005,845,1618
5346.210005,863,1619
5346.215006,857,1624
5346.220006,826,1628
5346.225006,846,1633
5346.230005,861,1633
5346.235006,847,1633
5346.240007,837,1635
5346.245006,868,1635
5346.250007,850,1636
5346.255006,832,1640
5346.260007,858,1637
5346.265005,850,1638
5346.270007,822,1634
5346.275006,830,1636
5346.280005,856,1628
5346.285005,854,1630
5346.290005,835,1626
5346.295005,871,1625
5346.300006,853,1622
5346.305006,821,1621
5346.310006,868,1617
5346.315005,869,1620
5346.320006,832,1618
5346.325005,832,1617
5346.330005,869,1609
5346.335005,844,1617
5346.340005,830,1613
5346.345006,865,1621
5346.350005,849,1628
5346.355006,837,1626
5346.360006,852,1627
5346.365005,850,1632
5346.370006,822,1631
5346.375006,845,1630
5346.380006,857,1633
5346.385006,844,1631
5346.390007,843,1632
5346.395005,869,1629
5346.400006,850,1628
5346.405007,844,1621
5346.410007,860,1624
5346.415007,861,1622
5346.420006,832,1620
5346.425006,834,1620
5346.430006,856,1620
5346.435006,832,1612
5346.440005,841,1607
5346.445006,877,1613
5346.450005,857,1609
5346.455005,823,1611
5346.460006,846,1610
5346.465006,873,1607
5346.470005,834,1603
5346.475007,826,1612
5346.480007,853,1612
5346.485006,833,1606
5346.490006,832,1606
5346.495005,863,1606
5346.500006,858,1605
5346.505006,826,1608
5346.510006,850,1605
5346.515006,858,1609
5346.520005,821,1607
5346.525006,832,1613
5346.530005,860,1611
5346.535006,843,1606
5346.540006,837,1609
5346.545006,868,1606
5346.550006,851,1611
5346.555007,826,1609
5346.560005,856,1608
5346.565006,857,1609
5346.570006,825,1611
5346.575006,847,1606
5346.580007,877,1606
5346.585006,835,1612
5346.590007,829,1610
5346.595007,855,1613
5346.600006,851,1610
5346.605006,837,1608
5346.610006,854,1610
5346.615006,858,1608
5346.620006,818,1610
5346.625006,853,1602
5346.630007,870,1604
5346.635006,837,1602
5346.640006,845,1600
5346.645006,865,1599
5346.650005,845,1600
5346.655005,839,1593
5346.660006,850,1594
5346.665006,853,1593
5346.670006,822,1591
5346.675006,849,1582
5346.680007,869,1588
5346.685006,843,1588
5346.690005,832,1587
5346.695007,857,1589
5346.700006,851,1587
5346.705006,841,1594
5346.710006,864,1590
5346.715006,864,1593
5346.720006,831,1596
5346.725005,830,1598
5346.730006,872,1589
5346.735005,854,1599
5346.740005,835,1601
5346.745005,857,1606
5346.750005,857,1603
5346.755006,821,1605
5346.760006,845,1607
5346.765006,856,1606
5346.770006,822,1602
5346.775005,849,1600
5346.780006,855,1601
5346.785005,842,1597
5346.790006,824,1600
5346.795006,854,1597
5346.800006,864,1587
5346.805006,835,1589
5346.810007,843,1593
5346.815006,869,1590
5346.820006,829,1592
5346.825005,833,1591
5346.830005,857,1597
5346.835006,843,1592
5346.840005,834,1598
5346.845007,866,1603
5346.850006,856,1604
5346.855006,820,1614
5346.860005,842,1618
5346.865006,847,1615
5346.870005,834,1618
5346.875006,838,1627
5346.880006,852,1628
5346.885007,828,1634
5346.890007,839,1625
5346.895006,872,1633
5346.900006,845,1634
5346.905005,835,1634
5346.910005,858,1636
5346.915005,860,1634
5346.920005,826,1635
5346.925005,829,1635
5346.930006,854,1629
5346.935006,851,1629
5346.940006,836,1633
5346.945005,867,1632
5346.950006,853,1626
5346.955007,819,1630
5346.960005,865,1625
5346.965006,865,1623
5346.970006,819,1619
5346.975005,851,1612
5346.980005,859,1606
5346.985007,831,1614
5346.990006,823,1612
5346.995005,853,1609
5347.000006,862,1610
5347.005007,815,1602
5347.010005,860,1602
5347.015006,847,1606
5347.020005,820,1606
5347.025006,827,1606
5347.030006,852,1607
5347.035005,850,1603
5347.040005,844,1604
5347.045005,874,1604
5347.050006,850,1601
5347.055007,823,1603
5347.060006,849,1602
5347.065005,851,1599
5347.070006,825,1600
5347.075005,847,1597
5347.080005,869,1593
5347.085005,826,1599
5347.090006,838,1593
5347.095005,860,1594
5347.100006,843,1597
5347.105005,818,1595
5347.110006,860,1590
5347.115005,863,1590
5347.120005,824,1588
5347.125005,833,1590
5347.130005,874,1585
5347.135006,835,1586
5347.140006,821,1589
5347.145006,853,1592
5347.150006,844,1593
5347.155005,819,1591
5347.160006,843,1593
5347.165006,869,1585
5347.170006,831,1586
5347.175007,845,1594
5347.180005,862,1598
5347.185006,831,1600
5347.190006,840,1588
5347.195005,853,1597
5347.200005,869,1602
5347.205005,838,1602
5347.210006,852,1602
5347.215006,852,1605
5347.220006,825,1605
5347.225006,834,1604
5347.230006,864,1606
5347.235005,832,1611
5347.240005,834,1601
5347.245006,871,1609
5347.250007,854,1611
5347.255006,842,1611
5347.260007,853,1615
5347.265006,866,1607
5347.270005,835,1616
5347.275006,829,1618
5347.280006,856,1620
5347.285006,831,1622
5347.290006,840,1619
5347.295006,873,1623
5347.300006,855,1621
5347.305005,830,1623
5347.310006,851,1622
5347.315005,869,1624
5347.320006,841,1621
5347.325006,830,1623
5347.330007,855,1626
5347.335006,848,1623
5347.340006,828,1624
5347.345005,859,1615
5347.350007,857,1626
5347.355007,823,1627
5347.360007,864,1624
5347.365006,850,1626
5347.370006,843,1622
5347.375006,838,1622
5347.380006,866,1623
5347.385006,834,1622
5347.390006,844,1619
5347.395006,866,1618
5347.400006,851,1614
5347.405006,838,1609
5347.410005,851,1614
5347.415006,848,1614
5347.420007,835,1610
5347.425005,839,1608
5347.430007,861,1608
5347.435006,837,1608
5347.440006,823,1607
5347.445005,877,1606
5347.450005,856,1606
5347.455006,836,1606
5347.460007,842,1608
5347.465005,855,1607
5347.470006,822,1607
5347.475005,836,1610
5347.480006,874,1609
5347.485005,838,1616
5347.490005,829,1617
5347.495005,859,1616
5347.500006,850,1616
5347.505007,820,1616
5347.510006,853,1613
5347.515006,847,1617
5347.520005,814,1614
5347.525006,844,1602
5347.530005,875,1605
5347.535006,834,1605
5347.540006,820,1603
5347.545007,868,1597
5347.550005,853,1597
5347.555006,820,1598
5347.560005,842,1600
5347.565006,850,1593
5347.570006,820,1592
5347.575005,824,1596
5347.580005,854,1593
5347.585005,848,1593
5347.590006,830,1594
5347.595007,875,1590
5347.600006,848,1597
5347.605006,813,1599
5347.610005,837,1596
5347.615006,863,1594
5347.620006,819,1595
5347.625007,826,1592
5347.630005,857,1589
5347.635005,825,1589
5347.640007,828,1584
5347.645005,867,1578
5347.650006,843,1577
5347.655005,813,1578
5347.660005,854,1574
5347.665005,850,1570
5347.670005,813,1569
5347.675005,824,1567
5347.680007,852,1570
5347.685007,848,1567
5347.690006,829,1569
5347.695005,865,1571
5347.700006,850,1573
5347.705006,818,1574
5347.710007,857,1580
5347.715005,845,1584
5347.720007,822,1586
5347.725006,826,1591
5347.730006,853,1595
5347.735005,845,1598
5347.740005,821,1604
5347.745005,869,1600
5347.750005,864,1601
5347.755005,826,1603
5347.760005,835,1608
5347.765006,869,1606
5347.770005,832,1604
5347.775006,837,1605
5347.780005,854,1605
5347.785005,828,1608
5347.790005,841,1602
5347.795005,870,1601
5347.800005,850,1603
5347.805006,824,1604
5347.810005,847,1604
5347.815006,859,1603
5347.820005,826,1608
5347.825006,856,1605
5347.830006,859,1603
5347.835006,857,1606
5347.840007,822,1615
5347.845006,858,1615
5347.850005,871,1615
5347.855006,841,1619
5347.860006,846,1626
5347.865006,860,1627
5347.870005,820,1632
5347.875006,847,1626
5347.880006,875,1632
5347.885005,853,1632
5347.890007,831,1633
5347.895006,870,1632
5347.900005,871,1631
5347.905007,836,1636
5347.910006,841,1637
5347.915006,869,1633
5347.920007,824,1635
5347.925007,831,1634
5347.930005,867,1624
5347.935007,850,1621
5347.940007,841,1630
5347.945006,868,1626
5347.950006,849,1628
5347.955006,835,1621
5347.960006,856,1624
5347.965006,850,1624
5347.970007,842,1620
5347.975006,834,1622
5347.980006,864,1621
5347.985005,834,1621
5347.990006,825,1621
5347.995005,876,1619
5348.000006,870,1616
5348.005007,845,1610
5348.010006,863,1608
5348.015007,870,1611
5348.020005,818,1609
5348.025007,848,1601
5348.030007,868,1598
5348.035006,833,1600
5348.040005,828,1600
5348.045006,859,1596
5348.050006,853,1593
5348.055006,824,1592
5348.060005,868,1590
5348.065007,865,1589
5348.070006,831,1589
5348.075006,829,1594
5348.080006,882,1589
5348.085005,858,1591
5348.090006,836,1593
5348.095007,872,1593
5348.100006,868,1597
5348.105006,834,1595
5348.110006,851,1599
5348.115005,866,1599
5348.120005,825,1602
5348.125005,834,1601
5348.130005,877,1602
5348.135005,848,1603
5348.140006,829,1604
5348.145005,882,1600
5348.150006,864,1603
5348.155005,825,1605
5348.160006,851,1605
5348.165005,873,1605
5348.170005,826,1608
5348.175005,832,1612
5348.180007,859,1609
5348.185006,853,1609
5348.190006,843,1609
5348.195005,866,1610
5348.200005,859,1608
5348.205005,828,1611
5348.210005,845,1611
5348.215005,853,1614
5348.220006,841,1604
5348.225006,846,1613
5348.230005,861,1614
5348.235006,844,1614
5348.240005,827,1613
5348.245005,860,1614
5348.250005,872,1613
5348.255006,839,1616
5348.260005,850,1616
5348.265007,854,1615
5348.270005,849,1614
5348.275006,836,1615
5348.280006,875,1615
5348.285006,839,1616
5348.290006,835,1604
5348.295006,864,1616
5348.300007,864,1610
5348.305005,840,1617
5348.310007,841,1619
5348.315005,872,1617
5348.320005,834,1614
5348.325005,831,1617
5348.330006,860,1616
5348.335006,838,1615
5348.340007,849,1611
5348.345006,862,1611
5348.350006,849,1612
5348.355005,826,1610
5348.360006,841,1609
5348.365006,852,1610
5348.370005,837,1601
5348.375005,830,1608
5348.380005,859,1607
5348.385005,841,1607
5348.390006,826,1603
5348.395005,874,1594
5348.400007,848,1600
5348.405006,838,1594
5348.410005,858,1601
5348.415006,856,1605
5348.420006,820,1606
5348.425006,851,1602
5348.430007,863,1602
5348.435005,845,1603
5348.440007,832,1602
5348.445007,870,1595
5348.450006,854,1610
5348.455007,820,1612
5348.460006,845,1615
5348.465007,861,1616
5348.470007,825,1624
5348.475005,838,1623
5348.480007,866,1631
5348.485006,846,1632
5348.490007,829,1637
5348.495007,859,1639
5348.500007,851,1640
5348.505006,826,1642
5348.510007,848,1642
5348.515006,855,1644
5348.520006,825,1641
5348.525005,856,1635
5348.530007,869,1624
5348.535007,861,1629
5348.540006,846,1628
5348.545006,856,1627
5348.550006,864,1624
5348.555006,826,1620
5348.560005,840,1621
5348.565006,872,1613
5348.570007,842,1615
5348.575007,836,1617
5348.580006,872,1614
5348.585007,852,1615
5348.590006,836,1618
5348.595007,857,1620
5348.600005,849,1624
5348.605006,839,1622
5348.610006,859,1626
5348.615005,873,1627
5348.620005,833,1631
5348.625005,843,1629
5348.630005,861,1632
5348.635006,850,1627
5348.640007,834,1632
5348.645006,875,1631
5348.650006,860,1630
5348.655006,823,1634
5348.660005,858,1629
5348.665005,863,1630
5348.670005,825,1629
5348.675005,839,1630
5348.680006,879,1625
5348.685005,852,1626
5348.690006,833,1625
5348.695006,861,1624
5348.700006,846,1626
5348.705006,824,1624
5348.710006,861,1623
5348.715006,862,1625
5348.720006,835,1625
5348.725006,832,1625
5348.730005,877,1626
5348.735006,851,1626
5348.740005,837,1631
5348.745005,861,1630
5348.750005,857,1628
5348.755006,822,1629
5348.760007,847,1632
5348.765005,860,1625
5348.770006,826,1630
5348.775006,853,1623
5348.780007,870,1623
5348.785005,850,1621
5348.790005,842,1622
5348.795005,870,1622
5348.800006,847,1625
5348.805006,841,1619
5348.810006,850,1618
5348.815006,860,1617
5348.820006,824,1617
5348.825006,837,1614
5348.830007,861,1610
5348.835006,850,1600
5348.840006,829,1607
5348.845007,874,1611
5348.850006,862,1607
5348.855005,830,1605
5348.860006,844,1605
5348.865006,855,1604
5348.870005,837,1600
5348.875005,844,1600
5348.880005,862,1598
5348.885005,857,1600
5348.890006,841,1596
5348.895005,872,1594
5348.900006,853,1593
5348.905006,820,1592
5348.910006,854,1587
5348.915006,858,1587
5348.920006,849,1582
5348.925006,840,1582
5348.930006,861,1582
5348.935006,839,1581
5348.940006,852,1579
5348.945005,875,1582
5348.950005,859,1585
5348.955005,826,1584
5348.960005,843,1589
5348.965005,859,1588
5348.970006,825,1592
5348.975006,848,1590
5348.980006,872,1590
5348.985005,838,1592
5348.990006,850,1590
5348.995006,862,1593
5349.000006,847,1596
5349.005006,838,1587
5349.010007,865,1587
5349.015006,862,1588
5349.020005,839,1586
5349.025006,841,1583
5349.030005,861,1582
5349.035005,849,1577
5349.040006,833,1571
5349.045006,870,1570
5349.050007,866,1570
5349.055006,831,1569
5349.060005,838,1571
5349.065007,848,1566
5349.070006,838,1566
5349.075005,850,1569
5349.080005,872,1571
5349.085006,845,1573
5349.090007,836,1577
5349.095006,863,1578
5349.100005,848,1585
5349.105006,816,1589
5349.110006,850,1591
5349.115005,859,1595
5349.120005,827,1597
5349.125006,828,1600
5349.130006,863,1599
5349.135007,838,1606
5349.140006,841,1600
5349.145005,878,1601
5349.150006,861,1603
5349.155006,832,1603
5349.160007,841,1601
5349.165006,854,1600
5349.170006,837,1592
5349.175007,836,1597
5349.180006,879,1597
5349.185006,848,1601
5349.190005,829,1600
5349.195006,873,1597
5349.200006,847,1605
5349.205007,822,1609
5349.210007,843,1608
5349.215005,873,1608
5349.220007,833,1614
5349.225005,830,1620
5349.230006,872,1622
5349.235005,852,1625
5349.240006,826,1631
5349.245005,873,1636
5349.250006,851,1638
5349.255007,841,1641
5349.260006,852,1641
5349.265006,859,1641
5349.270006,841,1642
5349.275006,836,1642
5349.280006,861,1642
5349.285006,860,1635
5349.290007,846,1639
5349.295007,868,1634
5349.300007,866,1634
5349.305007,829,1635
5349.310007,841,1638
5349.315007,857,1630
5349.320007,850,1635
5349.325006,853,1631
5349.330006,879,1632
5349.335006,853,1634
5349.340006,831,1638
5349.345007,856,1646
5349.350005,870,1646
5349.355007,833,1646
5349.360006,862,1650
5349.365005,864,1656
5349.370006,828,1658
5349.375007,846,1656
5349.380006,861,1660
5349.385007,864,1662
5349.390006,834,1664
5349.395005,881,1660
5349.400006,858,1662
5349.405006,842,1659
5349.410005,855,1659
5349.415005,856,1662
5349.420005,844,1658
5349.425005,840,1657
5349.430006,868,1648
5349.435005,840,1657
5349.440007,845,1651
5349.445006,880,1653
5349.450005,869,1648
5349.455005,839,1646
5349.460006,853,1647
5349.465007,860,1650
5349.470007,844,1642
5349.475005,851,1643
5349.480006,865,1643
5349.485005,859,1641
5349.490005,842,1638
5349.495005,872,1636
5349.500005,851,1637
5349.505005,847,1633
5349.510005,857,1635
5349.515006,871,1632
5349.520005,833,1629
5349.525006,830,1629
5349.530006,874,1620
5349.535006,844,1627
5349.540006,821,1624
5349.545005,868,1620
5349.550006,874,1614
5349.555007,834,1616
5349.560005,847,1614
5349.565007,852,1612
5349.570006,837,1610
5349.575007,831,1606
5349.580006,857,1608
5349.585007,857,1596
5349.590006,836,1602
5349.595007,875,1603
5349.600005,851,1597
5349.605007,820,1601
5349.610006,862,1597
5349.615006,861,1593
5349.620006,819,1597
5349.625007,843,1594
5349.630005,861,1594
5349.635005,841,1590
5349.640006,822,1592
5349.645005,877,1584
5349.650006,849,1585
5349.655006,819,1582
5349.660005,857,1589
5349.665005,858,1581
5349.670006,820,1584
5349.675007,843,1578
5349.680006,862,1578
5349.685006,856,1577
5349.690006,833,1579
5349.695005,876,1578
5349.700005,856,1582
5349.705006,821,1585
5349.710006,847,1582
5349.715006,862,1585
5349.720006,832,1586
5349.725006,831,1593
5349.730005,860,1593
5349.735007,841,1595
5349.740007,843,1594
5349.745006,869,1596
5349.750007,857,1597
5349.755006,842,1597
5349.760006,853,1599
5349.765005,869,1597
5349.770007,835,1597
5349.775005,833,1598
5349.780006,872,1592
5349.785006,844,1599
5349.790006,822,1598
5349.795006,860,1591
5349.800006,854,1593
5349.805006,833,1596
5349.810006,845,1593
5349.815005,859,1593
5349.820007,842,1596
5349.825006,841,1595
5349.830006,860,1602
5349.835006,844,1603
5349.840007,825,1607
5349.845006,873,1599
5349.850006,857,1612
5349.855005,820,1613
5349.860006,841,1619
5349.865005,854,1620
5349.870006,824,1628
5349.875007,830,1628
5349.880006,880,1628
5349.885007,856,1628
5349.890006,838,1628
5349.895005,862,1630
5349.900006,855,1629
5349.905005,822,1634
5349.910005,844,1630
5349.915005,877,1628
5349.920006,838,1630
5349.925007,846,1625
5349.930006,860,1631
5349.935005,838,1628
5349.940007,829,1618
5349.945006,866,1626
5349.950007,851,1630
5349.955007,821,1627
5349.960007,842,1618
5349.965006,876,1620
5349.970007,834,1624
5349.975006,826,1621
5349.980006,868,1622
5349.985005,843,1618
5349.990005,843,1618
5349.995005,862,1617
5350.000006,856,1611
5350.005006,821,1611
5350.010005,849,1606
5350.015006,860,1605
5350.020006,822,1607
5350.025005,828,1603
5350.030006,875,1590
5350.035006,837,1590
5350.040006,842,1594
5350.045007,869,1588
5350.050006,860,1586
5350.055006,828,1582
5350.060006,856,1582
5350.065005,863,1582
5350.070006,822,1582
5350.075006,845,1576
5350.080006,876,1574
5350.085006,852,1579
5350.090006,832,1580
5350.095007,857,1581
5350.100006,853,1580
5350.105005,821,1580
5350.110006,836,1584
5350.115007,874,1578
5350.120006,830,1583
5350.125006,832,1583
5350.130007,854,1587
5350.135005,856,1589
5350.140006,839,1585
5350.145007,859,1589
5350.150006,848,1593
5350.155005,838,1593
5350.160006,841,1591
5350.165006,858,1593
5350.170007,826,1595
5350.175006,828,1599
5350.180006,854,1601
5350.185006,856,1594
5350.190005,839,1599
5350.195006,870,1603
5350.200006,868,1598
5350.205006,837,1598
5350.210006,848,1598
5350.215007,863,1600
5350.220007,821,1600
5350.225006,824,1604
5350.230007,860,1600
5350.235006,843,1605
5350.240006,842,1604
5350.245006,853,1608
5350.250006,875,1606
5350.255006,828,1608
5350.260006,847,1608
5350.265005,857,1610
5350.270007,825,1612
5350.275006,853,1611
5350.280007,881,1613
5350.285007,847,1615
5350.290007,846,1611
5350.295007,871,1615
5350.300006,869,1612
5350.305006,832,1612
5350.310006,847,1613
5350.315005,870,1613
5350.320006,844,1613
5350.325005,843,1613
5350.330005,873,1609
5350.335005,859,1614
5350.340005,834,1614
5350.345006,857,1615
5350.350006,865,1611
5350.355005,829,1614
5350.360007,839,1612
5350.365007,870,1609
5350.370006,833,1604
5350.375007,838,1605
5350.380006,861,1606
5350.385007,842,1603
5350.390006,827,1600
5350.395005,860,1598
5350.400007,853,1591
5350.405007,838,1579
5350.410007,837,1589
5350.415007,875,1579
5350.420005,849,1577
5350.425005,830,1577
5350.430006,879,1575
5350.435007,848,1574
5350.440007,846,1573
5350.445007,864,1574
5350.450006,848,1582
5350.455006,826,1581
5350.460006,840,1585
5350.465007,872,1584
5350.470005,835,1588
5350.475007,832,1584
5350.480006,874,1582
5350.485006,852,1599
5350.490005,829,1599
5350.495005,850,1607
5350.500005,848,1610
5350.505006,821,1613
5350.510007,843,1613
5350.515006,856,1615
5350.520005,842,1612
5350.525007,844,1613
5350.530006,873,1612
5350.535005,850,1610
5350.540005,828,1618
5350.545005,856,1616
5350.550005,864,1605
5350.555007,844,1610
5350.560007,857,1611
5350.565005,866,1610
5350.570007,831,1615
5350.575006,831,1618
5350.580007,861,1621
5350.585006,852,1622
5350.590007,833,1623
5350.595005,865,1626
5350.600007,858,1634
5350.605006,825,1635
5350.610006,855,1636
5350.615006,864,1634
5350.620005,840,1630
5350.625005,846,1637
5350.630005,865,1634
5350.635005,850,1631
5350.640007,827,1633
5350.645005,855,1627
5350.650006,849,1619
5350.655006,838,1611
5350.660006,834,1619
5350.665006,865,1613
5350.670006,824,1608
5350.675006,829,1605
5350.680005,854,1601
5350.685006,863,1596
5350.690006,844,1590
5350.695005,859,1595
5350.700005,856,1592
5350.705005,818,1591
5350.710006,844,1587
5350.715006,854,1589
5350.720006,818,1589
5350.725005,843,1583
5350.730006,867,1589
5350.735007,837,1593
5350.740006,824,1595
5350.745006,852,1592
5350.750006,847,1595
5350.755006,827,1598
5350.760006,839,1598
5350.765006,852,1597
5350.770007,843,1597
5350.775005,843,1601
5350.780006,872,1598
5350.785007,860,1594
5350.790006,828,1601
5350.795006,870,1600
5350.800006,842,1604
5350.805005,835,1600
5350.810006,842,1601
5350.815005,860,1600
5350.820006,821,1605
5350.825006,828,1605
5350.830006,857,1610
5350.835006,863,1605
5350.840005,837,1605
5350.845006,865,1604
5350.850005,855,1606
5350.855007,827,1607
5350.860006,844,1604
5350.865006,858,1608
5350.870006,826,1608
5350.875006,825,1608
5350.880006,874,1596
5350.885007,851,1603
5350.890005,828,1601
5350.895006,858,1602
5350.900005,853,1600
5350.905006,818,1601
5350.910006,841,1590
5350.915007,874,1597
5350.920006,845,1597
5350.925006,835,1599
5350.930007,871,1594
5350.935007,845,1601
5350.940005,830,1594
5350.945006,862,1604
5350.950007,857,1610
5350.955007,825,1610
5350.960006,853,1601
5350.965007,874,1616
5350.970006,827,1621
5350.975005,844,1622
5350.980006,870,1630
5350.985006,855,1630
5350.990006,837,1630
5350.995005,862,1634
5351.000005,853,1635
5351.005005,818,1636
5351.010006,837,1630
5351.015006,855,1635
5351.020006,845,1630
5351.025005,843,1626
5351.030006,865,1628
5351.035006,848,1620
5351.040007,830,1620
5351.045006,852,1618
5351.050007,867,1608
5351.055005,835,1610
5351.060006,845,1606
5351.065005,853,1612
5351.070007,824,1613
5351.075006,828,1609
5351.080007,882,1609
5351.085006,842,1611
5351.090006,827,1613
5351.095007,877,1611
5351.100006,864,1615
5351.105006,827,1610
5351.110006,852,1620
5351.115006,875,1622
5351.120006,831,1625
5351.125006,827,1629
5351.130006,852,1630
5351.135007,852,1628
5351.140005,837,1626
5351.145006,863,1624
5351.150006,863,1622
5351.155005,829,1626
5351.160005,836,1622
5351.165005,859,1622
5351.170005,821,1622
5351.175005,852,1613
5351.180007,868,1620
5351.185006,842,1619
5351.190005,818,1616
5351.195006,864,1612
5351.200005,860,1621
5351.205006,817,1626
5351.210007,852,1626
5351.215005,859,1628
5351.220006,839,1628
5351.225006,843,1632
5351.230005,862,1636
5351.235007,864,1634
5351.240005,833,1634
5351.245006,859,1643
5351.250006,853,1645
5351.255006,814,1647
5351.260006,844,1645
5351.265007,854,1645
5351.270007,825,1642
5351.275006,848,1629
5351.280005,876,1624
5351.285006,864,1633
5351.290006,832,1630
5351.295006,851,1629
5351.300007,869,1622
5351.305005,835,1621
5351.310006,844,1618
5351.315006,858,1621
5351.320005,834,1620
5351.325005,837,1617
5351.330005,864,1618
5351.335006,866,1620
5351.340006,840,1624
5351.345005,851,1622
5351.350006,870,1622
5351.355006,837,1629
5351.360006,831,1637
5351.365005,858,1633
5351.370005,851,1634
5351.375005,832,1640
5351.380005,859,1641
5351.385005,857,1632
5351.390005,835,1640
5351.395007,868,1641
5351.400007,852,1640
5351.405006,841,1639
5351.410005,840,1641
5351.415005,866,1642
5351.420005,830,1636
5351.425005,847,1629
5351.430007,867,1637
5351.435005,849,1636
5351.440006,823,1638
5351.445005,872,1633
5351.450005,857,1632
5351.455005,845,1631
5351.460005,845,1633
5351.465006,857,1627
5351.470006,847,1627
5351.475006,845,1628
5351.480006,860,1633
5351.485005,869,1628
5351.490006,840,1627
5351.495005,865,1626
5351.500005,858,1624
5351.505006,829,1621
5351.510007,835,1620
5351.515006,873,1612
5351.520006,837,1618
5351.525005,837,1606
5351.530007,868,1618
5351.535007,854,1615
5351.540006,831,1618
5351.545006,851,1608
5351.550006,856,1608
5351.555006,839,1611
5351.560006,840,1610
5351.565005,877,1609
5351.570006,843,1607
5351.575005,837,1595
5351.580006,854,1605
5351.585006,867,1597
5351.590007,838,1598
5351.595006,869,1597
5351.600005,863,1597
5351.605006,836,1593
5351.610006,847,1591
5351.615005,854,1585
5351.620006,821,1588
5351.625006,843,1581
5351.630006,852,1580
5351.635007,843,1578
5351.640005,822,1578
5351.645007,867,1572
5351.650006,870,1567
5351.655005,827,1565
5351.660005,849,1566
5351.665005,875,1561
5351.670005,832,1564
5351.675006,845,1561
5351.680006,870,1562
5351.685006,843,1565
5351.690007,822,1565
5351.695007,868,1565
5351.700007,848,1573
5351.705006,836,1566
5351.710007,843,1575
5351.715006,853,1576
5351.720006,849,1574
5351.725007,846,1581
5351.730007,870,1584
5351.735007,862,1586
5351.740006,832,1587
5351.745007,855,1589
5351.750005,854,1595
5351.755005,822,1587
5351.760006,840,1593
5351.765007,867,1588
5351.770005,844,1595
5351.775006,830,1594
5351.780006,872,1590
5351.785005,839,1589
5351.790006,832,1593
5351.795006,855,1589
5351.800007,868,1591
5351.805006,826,1589
5351.810005,841,1591
5351.815006,865,1581
5351.820007,843,1593
5351.825007,829,1594
5351.830006,860,1600
5351.835006,863,1599
5351.840007,833,1602
5351.845005,855,1607
5351.850006,865,1610
5351.855007,817,1617
5351.860006,829,1619
5351.865006,853,1621
5351.870006,841,1616
5351.875007,848,1621
5351.880006,863,1624
5351.885006,850,1622
5351.890006,825,1625
5351.895006,853,1623
5351.900006,852,1627
5351.905006,823,1623
5351.910006,841,1617
5351.915006,851,1622
5351.920006,843,1618
5351.925006,837,1615
5351.930007,853,1617
5351.935005,860,1609
5351.940006,826,1613
5351.945005,860,1614
5351.950005,854,1613
5351.955006,813,1617
5351.960006,852,1608
5351.965007,871,1611
5351.970007,829,1610
5351.975005,825,1612
5351.980006,875,1612
5351.985005,860,1609
5351.990005,832,1608
5351.995005,855,1612
5352.000006,862,1609
5352.005006,820,1605
5352.010007,841,1613
5352.015006,860,1612
5352.020006,830,1615
5352.025006,844,1611
5352.030006,876,1610
5352.035006,852,1616
5352.040006,819,1616
5352.045007,869,1615
5352.050006,860,1615
5352.055007,826,1622
5352.060006,836,1608
5352.065006,870,1618
5352.070006,836,1618
5352.075006,831,1616
5352.080006,878,1618
5352.085006,858,1618
5352.090006,829,1617
5352.095006,860,1622
5352.100005,851,1620
5352.105006,825,1618
5352.110006,854,1617
5352.115006,870,1614
5352.120005,831,1615
5352.125005,851,1616
5352.130005,876,1613
5352.135005,856,1614
5352.140006,823,1617
5352.145006,873,1607
5352.150005,856,1610
5352.155006,818,1615
5352.160007,841,1610
5352.165006,863,1610
5352.170006,852,1604
5352.175006,838,1606
5352.180006,859,1607
5352.185005,863,1603
5352.190006,827,1604
5352.195006,854,1604
5352.200006,850,1604
5352.205007,824,1595
5352.210007,835,1599
5352.215006,872,1600
5352.220007,840,1595
5352.225005,831,1598
5352.230006,875,1584
5352.235006,861,1593
5352.240005,826,1591
5352.245005,851,1593
5352.250005,863,1589
5352.255006,823,1592
5352.260007,832,1591
5352.265005,861,1587
5352.270007,832,1590
5352.275006,830,1586
5352.280005,880,1587
5352.285005,869,1587
5352.290005,841,1594
5352.295005,853,1591
5352.300006,863,1581
5352.305006,834,1591
5352.310005,840,1591
5352.315006,851,1592
5352.320006,832,1580
5352.325006,840,1585
5352.330007,857,1589
5352.335006,847,1586
5352.340007,829,1581
5352.345006,851,1584
5352.350006,868,1574
5352.355005,825,1576
5352.360007,847,1573
5352.365006,864,1572
5352.370006,840,1568
5352.375007,835,1563
5352.380005,858,1564
5352.385005,844,1560
5352.390007,820,1557
5352.395006,847,1557
5352.400006,870,1547
5352.405005,827,1552
5352.410006,842,1547
5352.415006,860,1545
5352.420006,825,1550
5352.425007,841,1547
5352.430007,864,1552
5352.435006,846,1556
5352.440005,820,1557
5352.445007,854,1547
5352.450006,864,1567
5352.455005,835,1557
5352.460006,844,1564
5352.465006,868,1582
5352.470006,832,1581
5352.475006,832,1590
5352.480006,855,1599
5352.485006,865,1602
5352.490005,825,1609
5352.495005,870,1612
5352.500005,865,1612
5352.505006,832,1619
5352.510006,831,1626
5352.515006,872,1628
5352.520005,830,1627
5352.525006,829,1629
5352.530007,877,1626
5352.535007,861,1629
5352.540006,833,1629
5352.545007,853,1632
5352.550006,858,1634
5352.555007,844,1633
5352.560007,850,1633
5352.565007,863,1638
5352.570006,836,1637
5352.575007,836,1637
5352.580007,869,1641
5352.585005,861,1635
5352.590005,839,1645
5352.595007,852,1653
5352.600006,874,1645
5352.605005,842,1651
5352.610006,849,1656
5352.615006,857,1662
5352.620006,848,1660
5352.625006,835,1663
5352.630006,861,1665
5352.635006,872,1659
5352.640007,837,1661
5352.645006,861,1664
5352.650006,862,1660
5352.655005,835,1655
5352.660005,856,1652
5352.665006,866,1654
5352.670006,835,1650
5352.675007,835,1649
5352.680006,868,1639
5352.685006,867,1645
5352.690005,830,1646
5352.695006,862,1635
5352.700006,867,1644
5352.705006,825,1647
5352.710006,849,1643
5352.715007,869,1645
5352.720005,838,1648
5352.725006,840,1647
5352.730006,862,1648
5352.735006,869,1644
5352.740005,838,1649
5352.745005,859,1648
5352.750005,854,1649
5352.755006,834,1637
5352.760007,843,1644
5352.765005,869,1642
5352.770006,830,1641
5352.775006,830,1640
5352.780005,883,1631
5352.785006,868,1627
5352.790007,837,1625
5352.795006,857,1624
5352.800007,856,1621
5352.805005,826,1621
5352.810006,852,1616
5352.815006,866,1612
5352.820005,837,1615
5352.825005,832,1608
5352.830006,872,1613
5352.835006,851,1617
5352.840006,824,1621
5352.845007,866,1619
5352.850006,872,1620
5352.855005,833,1622
5352.860007,831,1630
5352.865006,883,1623
5352.870005,839,1629
5352.875005,835,1630
5352.880005,861,1621
5352.885006,854,1631
5352.890007,825,1629
5352.895006,869,1627
5352.900007,874,1623
5352.905006,820,1626
5352.910007,855,1619
5352.915007,864,1622
5352.920006,834,1618
5352.925006,834,1614
5352.930006,858,1614
5352.935006,856,1602
5352.940005,844,1603
5352.945007,863,1593
5352.950006,864,1601
5352.955006,838,1595
5352.960006,848,1589
5352.965006,862,1594
5352.970006,826,1590
5352.975005,828,1589
5352.980006,853,1591
5352.985006,849,1586
5352.990005,827,1585
5352.995005,848,1584
5353.000005,848,1590
5353.005005,839,1585
5353.010005,844,1585
5353.015006,867,1585
5353.020006,836,1584
5353.025006,825,1586
5353.030005,859,1583
5353.035005,859,1587
5353.040005,821,1585
5353.045006,845,1588
5353.050007,863,1582
5353.055005,834,1585
5353.060006,844,1585
5353.065005,862,1582
5353.070006,825,1590
5353.075006,825,1596
5353.080007,857,1590
5353.085005,868,1588
5353.090006,835,1592
5353.095007,858,1592
5353.100005,852,1594
5353.105007,838,1597
5353.110006,848,1599
5353.115006,863,1596
5353.120006,840,1599
5353.125006,828,1604
5353.130005,855,1604
5353.135005,862,1605
5353.140006,828,1607
5353.145005,845,1613
5353.150006,869,1608
5353.155005,841,1609
5353.160005,837,1605
5353.165005,863,1601
5353.170005,850,1613
5353.175005,838,1614
5353.180007,861,1615
5353.185007,848,1614
5353.190007,821,1614
5353.195007,861,1616
5353.200006,861,1615
5353.205006,826,1618
5353.210006,841,1620
5353.215006,868,1619
5353.220006,838,1621
5353.225006,830,1625
5353.230006,883,1624
5353.235005,858,1625
5353.240005,830,1630
5353.245005,863,1625
5353.250005,871,1633
5353.255006,825,1638
5353.260006,851,1639
5353.265006,872,1642
5353.270006,850,1642
5353.275005,837,1641
5353.280006,866,1648
5353.285006,855,1642
5353.290006,836,1648
5353.295006,853,1650
5353.300006,854,1641
5353.305007,826,1646
5353.310006,845,1641
5353.315006,869,1649
5353.320005,831,1649
5353.325005,828,1647
5353.330005,860,1648
5353.335006,872,1642
5353.340006,832,1643
5353.345007,849,1644
5353.350007,867,1636
5353.355006,825,1637
5353.360005,840,1633
5353.365005,862,1628
5353.370005,829,1628
5353.375005,827,1624
5353.380005,863,1621
5353.385005,852,1618
5353.390006,821,1617
5353.395006,857,1612
5353.400005,859,1609
5353.405006,836,1609
5353.410007,853,1604
5353.415006,868,1604
5353.420007,846,1600
5353.425006,829,1603
5353.430006,874,1599
5353.435005,847,1597
5353.440006,836,1603
5353.445006,863,1600
5353.450006,867,1600
5353.455006,832,1603
5353.460005,845,1601
5353.465005,874,1597
5353.470007,843,1602
5353.475005,822,1601
5353.480006,873,1602
5353.485006,843,1601
5353.490005,816,1597
5353.495006,864,1595
5353.500006,853,1597
5353.505006,837,1592
5353.510006,829,1590
5353.515006,852,1591
5353.520006,845,1584
5353.525005,829,1584
5353.530006,859,1576
5353.535005,854,1575
5353.540005,817,1571
5353.545006,837,1568
5353.550006,862,1567
5353.555006,819,1569
5353.560006,827,1567
5353.565006,873,1565
5353.570006,839,1564
5353.575005,830,1566
5353.580005,858,1567
5353.585005,846,1570
5353.590005,813,1577
5353.595006,861,1570
5353.600007,863,1570
5353.605007,828,1575
5353.610007,837,1582
5353.615006,858,1584
5353.620007,830,1586
5353.625006,827,1589
5353.630006,872,1584
5353.635006,858,1590
5353.640006,826,1592
5353.645006,849,1591
5353.650005,854,1593
5353.655007,818,1593
5353.660007,831,1594
5353.665007,857,1595
5353.670006,831,1594
5353.675006,819,1599
5353.680007,850,1600
5353.685005,841,1599
5353.690007,840,1592
5353.695007,849,1594
5353.700006,855,1596
5353.705006,820,1595
5353.710006,835,1595
5353.715006,850,1595
5353.720006,842,1587
5353.725005,838,1594
5353.730005,862,1595
5353.735006,844,1594
5353.740006,815,1597
5353.745006,857,1594
5353.750006,859,1594
5353.755006,822,1596
5353.760006,830,1595
5353.765006,853,1595
5353.770005,835,1593
5353.775006,825,1593
5353.780005,869,1588
5353.785006,867,1592
5353.790007,821,1593
5353.795006,840,1597
5353.800006,851,1593
5353.805006,828,1580
5353.810006,836,1596
5353.815005,860,1596
5353.820006,827,1598
5353.825005,841,1594
5353.830005,858,1599
5353.835005,869,1592
5353.840005,832,1596
5353.845006,846,1595
5353.850007,861,1592
5353.855006,828,1593
5353.860005,825,1593
5353.865005,853,1594
5353.870005,853,1586
5353.875005,842,1586
5353.880005,855,1585
5353.885006,867,1580
5353.890006,828,1583
5353.895005,841,1581
5353.900006,869,1580
5353.905006,838,1575
5353.910006,842,1580
5353.915006,854,1577
5353.920006,829,1579
5353.925007,823,1578
5353.930005,853,1579
5353.935006,848,1578
5353.940005,827,1578
5353.945007,853,1578
5353.950007,864,1578
5353.955007,833,1579
5353.960005,839,1581
5353.965006,872,1581
5353.970006,844,1584
5353.975007,837,1583
5353.980007,864,1587
5353.985006,844,1588
5353.990005,817,1589
5353.995006,866,1584
5354.000006,867,1587
5354.005006,841,1585
5354.010006,841,1585
5354.015006,864,1585
5354.020005,831,1584
5354.025005,846,1581
5354.030006,862,1583
5354.035006,845,1583
5354.040007,836,1582
5354.045007,851,1583
5354.050006,864,1584
5354.055006,834,1582
5354.060005,844,1584
5354.065006,860,1586
5354.070006,826,1594
5354.075006,821,1598
5354.080007,863,1598
5354.085006,857,1601
5354.090007,829,1602
5354.095007,847,1606
5354.100005,859,1612
5354.105007,830,1616
5354.110006,831,1618
5354.115007,855,1616
5354.120006,846,1625
5354.125007,827,1628
5354.130007,865,1627
5354.135006,851,1627
5354.140006,831,1627
5354.145006,847,1630
5354.150005,874,1627
5354.155007,837,1627
5354.160007,843,1625
5354.165006,859,1624
5354.170006,835,1624
5354.175006,822,1623
5354.180006,859,1622
5354.185006,864,1618
5354.190005,844,1619
5354.195006,847,1618
5354.200006,860,1618
5354.205006,834,1628
5354.210005,843,1630
5354.215005,858,1629
5354.220006,829,1636
5354.225007,844,1638
5354.230007,872,1641
5354.235007,864,1646
5354.240006,827,1651
5354.245006,849,1650
5354.250006,863,1650
5354.255005,843,1652
5354.260006,834,1654
5354.265006,873,1653
5354.270005,828,1652
5354.275007,827,1647
5354.280007,856,1649
5354.285006,866,1646
5354.290006,827,1644
5354.295006,859,1642
5354.300007,859,1642
5354.305006,829,1637
5354.310005,836,1637
5354.315007,861,1633
5354.320007,837,1632
5354.325006,829,1636
5354.330006,878,1630
5354.335007,862,1631
5354.340006,834,1630
5354.345007,845,1633
5354.350006,854,1634
5354.355007,823,1635
5354.360007,833,1629
5354.365007,877,1633
5354.370006,847,1634
5354.375006,831,1638
5354.380006,857,1638
5354.385006,846,1641
5354.390006,823,1640
5354.395007,861,1624
5354.400006,868,1634
5354.405007,840,1634
5354.410007,832,1639
5354.415006,856,1636
5354.420005,834,1634
5354.425005,848,1632
5354.430006,873,1629
5354.435005,862,1629
5354.440006,835,1630
5354.445005,851,1628
5354.450005,867,1629
5354.455006,828,1627
5354.460007,830,1628
5354.465006,859,1627
5354.470006,858,1628
5354.475006,834,1620
5354.480006,858,1623
5354.485005,863,1627
5354.490005,837,1625
5354.495005,844,1629
5354.500006,854,1628
5354.505005,840,1627
5354.510005,847,1627
5354.515006,872,1627
5354.520006,836,1627
5354.525005,834,1628
5354.530006,858,1630
5354.535005,866,1629
5354.540005,844,1625
5354.545006,859,1625
5354.550007,854,1629
5354.555005,823,1626
5354.560006,829,1628
5354.565006,878,1625
5354.570005,842,1625
5354.575005,827,1621
5354.580005,882,1617
5354.585005,867,1618
5354.590005,820,1619
5354.595007,859,1615
5354.600006,859,1617
5354.605006,826,1621
5354.610005,841,1616
5354.615005,865,1617
5354.620005,848,1615
5354.625005,830,1613
5354.630005,858,1614
5354.635006,868,1603
5354.640006,838,1614
5354.645007,852,1609
5354.650006,861,1607
5354.655005,827,1611
5354.660005,853,1605
5354.665006,870,1603
5354.670007,843,1606
5354.675006,841,1602
5354.680007,861,1602
5354.685005,849,1606
5354.690006,842,1599
5354.695006,857,1597
5354.700006,864,1600
5354.705006,825,1599
5354.710006,832,1596
5354.715006,866,1587
5354.720006,856,1590
5354.725005,841,1594
5354.730007,871,1596
5354.735006,865,1592
5354.740005,831,1586
5354.745005,846,1588
5354.750006,851,1590
5354.755007,821,1590
5354.760005,835,1586
5354.765006,870,1585
5354.770005,839,1586
5354.775006,827,1584
5354.780006,852,1584
5354.785005,844,1589
5354.790005,822,1586
5354.795005,847,1585
5354.800005,859,1586
5354.805006,833,1585
5354.810006,835,1588
5354.815006,863,1586
5354.820005,847,1589
5354.825005,841,1588
5354.830006,861,1588
5354.835006,854,1591
5354.840007,817,1592
5354.845005,848,1590
5354.850006,865,1590
5354.855005,827,1592
5354.860007,834,1589
5354.865006,856,1585
5354.870005,833,1592
5354.875005,840,1590
5354.880005,866,1590
5354.885006,853,1589
5354.890007,837,1590
5354.895005,846,1587
5354.900007,852,1589
5354.905007,832,1589
5354.910007,844,1588
5354.915006,868,1589
5354.920006,834,1586
5354.925006,841,1584
5354.930007,867,1587
5354.935006,850,1588
5354.940006,830,1585
5354.945006,846,1589
5354.950006,846,1589
5354.955007,814,1593
5354.960005,842,1587
5354.965006,849,1593
5354.970007,853,1592
5354.975005,844,1592
5354.980006,864,1597
5354.985005,848,1599
5354.990005,813,1597
5354.995005,842,1602
5355.000006,872,1602
5355.005007,843,1600
5355.010006,841,1603
5355.015007,871,1604
5355.020005,850,1605
5355.025005,826,1606
5355.030006,854,1606
5355.035006,866,1605
5355.040007,818,1610
5355.045006,840,1611
5355.050007,858,1610
5355.055005,824,1611
5355.060006,829,1612
5355.065005,863,1612
5355.070006,836,1616
5355.075005,825,1618
5355.080005,870,1605
5355.085005,865,1614
5355.090006,837,1616
5355.095007,853,1618
5355.100005,853,1621
5355.105007,845,1619
5355.110007,837,1621
5355.115006,866,1621
5355.120007,838,1623
5355.125006,827,1624
5355.130006,876,1619
5355.135006,857,1620
5355.140006,821,1621
5355.145005,859,1621
5355.150006,856,1619
5355.155006,821,1618
5355.160005,856,1614
5355.165005,861,1616
5355.170006,847,1615
5355.175006,823,1616
5355.180007,882,1607
5355.185005,860,1609
5355.190007,832,1609
5355.195006,840,1610
5355.200005,868,1597
5355.205005,833,1608
5355.210005,833,1602
5355.215006,866,1602
5355.220006,838,1599
5355.225005,824,1602
5355.230006,863,1599
5355.235006,855,1598
5355.240005,824,1595
5355.245006,857,1582
5355.250006,871,1590
5355.255006,841,1589
5355.260007,827,1586
5355.265005,853,1591
5355.270007,854,1586
5355.275007,842,1583
5355.280007,865,1581
5355.285007,851,1579
5355.290006,831,1574
5355.295007,849,1572
5355.300005,855,1571
5355.305006,815,1575
5355.310007,825,1571
5355.315006,870,1567
5355.320005,831,1570
5355.325005,840,1566
5355.330006,863,1571
5355.335006,856,1566
5355.340006,836,1563
5355.345006,849,1570
5355.350006,856,1573
5355.355006,818,1571
5355.360005,836,1564
5355.365006,870,1572
5355.370005,850,1572
5355.375006,829,1573
5355.380006,868,1573
5355.385005,863,1574
5355.390007,825,1580
5355.395005,843,1580
5355.400006,866,1581
5355.405006,835,1582
5355.410005,837,1585
5355.415005,871,1583
5355.420005,833,1587
5355.425006,823,1586
5355.430006,853,1590
5355.435006,862,1588
5355.440005,836,1593
5355.445006,846,1593
5355.450005,846,1596
5355.455005,831,1596
5355.460006,827,1599
5355.465007,871,1596
5355.470005,844,1598
5355.475006,829,1598
5355.480006,856,1600
5355.485006,868,1603
5355.490005,815,1601
5355.495005,856,1601
5355.500005,848,1603
5355.505006,842,1599
5355.510007,845,1601
5355.515006,858,1608
5355.520005,837,1604
5355.525007,820,1608
5355.530006,878,1607
5355.535005,843,1613
5355.540006,817,1610
5355.545006,858,1609
5355.550006,860,1611
5355.555007,827,1612
5355.560006,835,1614
5355.565005,863,1612
5355.570006,836,1618
5355.575006,849,1613
5355.580006,868,1617
5355.585006,850,1616
5355.590007,841,1618
5355.595005,856,1620
5355.600006,853,1620
5355.605006,827,1625
5355.610006,837,1624
5355.615006,863,1626
5355.620005,856,1627
5355.625006,830,1628
5355.630007,874,1627
5355.635006,864,1622
5355.640006,833,1631
5355.645006,851,1629
5355.650005,875,1623
5355.655005,828,1627
5355.660005,838,1630
5355.665006,857,1630
5355.670007,856,1628
5355.675007,845,1627
5355.680005,876,1626
5355.685007,857,1631
5355.690006,816,1629
5355.695007,852,1627
5355.700007,856,1633
5355.705006,841,1628
5355.710006,843,1631
5355.715007,867,1631
5355.720005,840,1634
5355.725006,842,1633
5355.730006,870,1634
5355.735005,864,1632
5355.740006,832,1633
5355.745006,853,1633
5355.750006,874,1629
5355.755006,828,1631
5355.760007,837,1628
5355.765006,856,1630
5355.770006,849,1627
5355.775005,833,1626
5355.780007,868,1623
5355.785007,856,1624
5355.790005,822,1625
5355.795005,865,1621
5355.800006,857,1626
5355.805006,828,1623
5355.810006,833,1622
5355.815006,857,1624
5355.820005,845,1617
5355.825006,826,1623
5355.830006,879,1616
5355.835006,869,1617
5355.840007,836,1618
5355.845005,839,1622
5355.850007,866,1614
5355.855007,824,1617
5355.860006,828,1620
5355.865005,875,1618
5355.870005,852,1614
5355.875005,829,1616
5355.880006,857,1616
5355.885006,854,1614
5355.890006,823,1617
5355.895007,847,1615
5355.900006,866,1618
5355.905005,835,1619
5355.910005,827,1626
5355.915006,878,1623
5355.920007,856,1621
5355.925005,839,1623
5355.930007,866,1624
5355.935005,861,1624
5355.940006,829,1624
5355.945005,859,1626
5355.950005,872,1627
5355.955005,842,1620
5355.960005,834,1625
5355.965005,861,1626
5355.970007,843,1624
5355.975005,837,1620
5355.980007,861,1621
5355.985006,855,1618
5355.990007,830,1617
5355.995007,850,1616
5356.000007,862,1611
5356.005006,828,1611
5356.010006,831,1610
5356.015005,868,1597
5356.020007,836,1603
5356.025006,826,1601
5356.030007,854,1603
5356.035006,866,1587
5356.040006,830,1599
5356.045007,848,1594
5356.050006,858,1595
5356.055006,836,1596
5356.060007,824,1600
5356.065006,859,1594
5356.070006,859,1597
5356.075006,841,1604
5356.080007,865,1608
5356.085005,856,1609
5356.090005,824,1613
5356.095007,842,1617
5356.100007,870,1614
5356.105007,825,1621
5356.110007,847,1627
5356.115006,861,1630
5356.120006,841,1632
5356.125006,827,1636
5356.130006,881,1637
5356.135006,870,1641
5356.140007,827,1642
5356.145006,838,1650
5356.150006,869,1646
5356.155006,827,1652
5356.160005,834,1651
5356.165005,864,1644
5356.170005,866,1649
5356.175005,842,1652
5356.180007,862,1651
5356.185006,869,1646
5356.190005,831,1652
5356.195006,842,1653
5356.200005,873,1652
5356.205005,826,1651
5356.210005,851,1648
5356.215006,869,1646
5356.220006,843,1649
5356.225005,825,1649
5356.230007,872,1650
5356.235007,857,1648
5356.240005,829,1647
5356.245006,850,1646
5356.250006,856,1646
5356.255006,827,1650
5356.260006,841,1647
5356.265007,873,1645
5356.270007,848,1646
5356.275007,832,1646
5356.280006,865,1643
5356.285006,851,1641
5356.290006,847,1640
5356.295007,854,1637
5356.300006,863,1630
5356.305006,840,1636
5356.310005,831,1637
5356.315007,876,1634
5356.320006,846,1633
5356.325005,846,1628
5356.330006,861,1633
5356.335007,855,1630
5356.340007,827,1627
5356.345005,847,1631
5356.350006,865,1628
5356.355007,826,1623
5356.360006,842,1626
5356.365005,866,1624
5356.370006,843,1625
5356.375005,834,1619
5356.380006,863,1623
5356.385007,871,1617
5356.390005,825,1613
5356.395007,843,1609
5356.400006,862,1611
5356.405006,829,1605
5356.410005,831,1605
5356.415005,876,1599
5356.420005,855,1601
5356.425005,835,1598
5356.430007,858,1595
5356.435006,846,1593
5356.440006,818,1596
5356.445005,861,1593
5356.450006,865,1594
5356.455006,819,1593
5356.460007,843,1591
5356.465005,864,1593
5356.470007,844,1593
5356.475006,827,1595
5356.480005,862,1594
5356.485006,857,1600
5356.490005,819,1601
5356.495005,856,1600
5356.500005,861,1607
5356.505006,822,1610
5356.510006,837,1601
5356.515007,866,1610
5356.520005,848,1610
5356.525006,825,1614
5356.530007,867,1612
5356.535006,859,1611
5356.540006,822,1616
5356.545006,836,1614
5356.550006,878,1615
5356.555006,838,1617
5356.560006,847,1614
5356.565006,864,1615
5356.570005,845,1613
5356.575005,841,1613
5356.580005,863,1611
5356.585006,854,1611
5356.590006,836,1602
5356.595006,837,1611
5356.600005,869,1608
5356.605007,835,1607
5356.610006,827,1611
5356.615006,878,1607
5356.620006,849,1611
5356.625006,829,1606
5356.630006,859,1607
5356.635006,848,1602
5356.640006,837,1610
5356.645006,847,1611
5356.650005,861,1610
5356.655006,832,1612
5356.660005,836,1614
5356.665005,865,1614
5356.670005,846,1614
5356.675005,845,1618
5356.680006,874,1614
5356.685006,862,1615
5356.690005,831,1617
5356.695007,842,1620
5356.700006,856,1624
5356.705007,820,1624
5356.710007,853,1624
5356.715005,878,1625
5356.720006,858,1628
5356.725006,835,1627
5356.730007,853,1631
5356.735007,866,1624
5356.740006,840,1631
5356.745006,849,1634
5356.750006,852,1639
5356.755006,841,1636
5356.760006,838,1639
5356.765006,860,1641
5356.770006,855,1637
5356.775006,839,1644
5356.780006,855,1641
5356.785006,857,1631
5356.790006,820,1644
5356.795006,842,1633
5356.800007,872,1636
5356.805006,832,1638
5356.810005,838,1637
5356.815006,862,1635
5356.820005,856,1626
5356.825005,848,1634
5356.830005,878,1630
5356.835005,857,1630
5356.840006,823,1627
5356.845006,855,1630
5356.850006,867,1629
5356.855005,831,1629
5356.860006,843,1627
5356.865005,870,1626
5356.870006,844,1628
5356.875007,828,1628
5356.880005,852,1631
5356.885006,849,1628
5356.890007,820,1628
5356.895006,848,1625
5356.900006,867,1625
5356.905006,828,1623
5356.910005,826,1626
5356.915005,879,1624
5356.920006,850,1620
5356.925007,823,1621
5356.930006,869,1618
5356.935005,853,1619
5356.940007,825,1615
5356.945006,841,1615
5356.950005,859,1615
5356.955005,830,1602
5356.960006,849,1609
5356.965006,871,1608
5356.970005,847,1608
5356.975007,821,1609
5356.980006,872,1605
5356.985006,851,1608
5356.990006,824,1603
5356.995005,841,1606
5357.000005,864,1607
5357.005005,835,1604
5357.010006,843,1606
5357.015006,875,1603
5357.020005,853,1604
5357.025006,827,1604
5357.030006,856,1608
5357.035005,854,1604
5357.040005,820,1605
5357.045006,836,1604
5357.050006,857,1603
5357.055006,821,1604
5357.060005,828,1606
5357.065006,875,1603
5357.070007,857,1598
5357.075007,834,1598
5357.080006,861,1597
5357.085007,849,1597
5357.090007,822,1597
5357.095005,833,1599
5357.100007,856,1595
5357.105006,838,1596
5357.110005,836,1592
5357.115005,859,1584
5357.120005,845,1593
5357.125005,844,1588
5357.130005,867,1589
5357.135005,853,1588
5357.140007,814,1588
5357.145005,846,1582
5357.150007,854,1583
5357.155006,819,1582
5357.160006,843,1581
5357.165006,869,1579
5357.170006,854,1576
5357.175007,816,1577
5357.180005,848,1576
5357.185006,842,1580
5357.190005,834,1572
5357.195007,835,1576
5357.200007,853,1577
5357.205007,818,1573
5357.210006,832,1577
5357.215006,859,1573
5357.220006,837,1574
5357.225006,822,1563
5357.230006,859,1574
5357.235005,838,1577
5357.240005,828,1571
5357.245005,837,1571
5357.250005,851,1571
5357.255006,816,1577
5357.260006,839,1564
5357.265007,861,1572
5357.270006,834,1577
5357.275006,832,1570
5357.280006,845,1574
5357.285006,861,1570
5357.290007,820,1571
5357.295006,846,1573
5357.300006,856,1578
5357.305006,814,1579
5357.310006,841,1576
5357.315006,860,1580
5357.320005,835,1580
5357.325005,826,1581
5357.330006,851,1582
5357.335007,849,1584
5357.340006,831,1583
5357.345006,838,1584
5357.350005,861,1585
5357.355007,824,1592
5357.360006,829,1594
5357.365007,871,1591
5357.370006,849,1594
5357.375006,825,1596
5357.380006,866,1597
5357.385006,853,1603
5357.390006,838,1602
5357.395005,857,1600
5357.400006,870,1608
5357.405005,822,1608
5357.410006,845,1605
5357.415006,876,1613
5357.420007,843,1616
5357.425007,841,1613
5357.430005,857,1617
5357.435007,866,1617
5357.440006,835,1617
5357.445006,837,1620
5357.450005,867,1618
5357.455005,837,1624
5357.460005,835,1623
5357.465005,874,1627
5357.470006,857,1624
5357.475005,831,1626
5357.480007,873,1623
5357.485006,868,1612
5357.490005,837,1627
5357.495006,843,1626
5357.500006,870,1627
5357.505007,831,1631
5357.510006,832,1630
5357.515007,882,1629
5357.520005,859,1630
5357.525006,838,1628
5357.530005,858,1632
5357.535005,852,1637
5357.540006,848,1633
5357.545007,854,1632
5357.550005,865,1635
5357.555006,839,1634
5357.560005,850,1630
5357.565006,877,1633
5357.570007,855,1632
5357.575007,823,1634
5357.580007,858,1631
5357.585007,861,1630
5357.590006,828,1632
5357.595006,853,1630
5357.600007,860,1631
5357.605007,828,1634
5357.610007,831,1627
5357.615007,876,1624
5357.620007,869,1625
5357.625006,844,1624
5357.630007,865,1627
5357.635005,869,1618
5357.640007,836,1622
5357.645005,843,1620
5357.650006,857,1622
5357.655006,843,1617
5357.660005,835,1617
5357.665005,872,1616
5357.670006,854,1615
5357.675006,826,1612
5357.680006,856,1612
5357.685006,875,1611
5357.690006,828,1613
5357.695005,837,1614
5357.700006,880,1613
5357.705006,849,1613
5357.710006,838,1615
5357.715006,857,1617
5357.720007,847,1618
5357.725005,823,1620
5357.730006,869,1609
5357.735006,866,1617
5357.740007,829,1614
5357.745007,840,1615
5357.750006,858,1614
5357.755006,828,1613
5357.760006,833,1611
5357.765006,865,1610
5357.770006,855,1610
5357.775005,832,1608
5357.780007,875,1610
5357.785006,863,1611
5357.790006,827,1609
5357.795006,837,1610
5357.800006,861,1609
5357.805006,845,1602
5357.810005,838,1605
5357.815007,863,1605
5357.820006,868,1602
5357.825005,837,1601
5357.830006,853,1602
5357.835007,851,1601
5357.840006,836,1593
5357.845006,847,1584
5357.850005,863,1597
5357.855006,834,1596
5357.860005,831,1596
5357.865005,861,1597
5357.870005,848,1601
5357.875005,836,1598
5357.880005,861,1601
5357.885005,850,1605
5357.890007,842,1603
5357.895005,849,1609
5357.900006,861,1611
5357.905006,826,1609
5357.910005,830,1611
5357.915005,863,1616
5357.920005,849,1614
5357.925006,830,1616
5357.930006,859,1613
5357.935005,874,1608
5357.940006,824,1614
5357.945005,834,1617
5357.950005,854,1618
5357.955006,847,1613
5357.960007,834,1615
5357.965006,863,1613
5357.970007,868,1609
5357.975005,829,1612
5357.980005,850,1616
5357.985006,868,1609
5357.990006,825,1609
5357.995006,836,1612
5358.000006,868,1600
5358.005006,836,1611
5358.010006,832,1608
5358.015007,857,1611
5358.020006,847,1612
5358.025005,839,1608
5358.030006,868,1605
5358.035005,857,1610
5358.040005,835,1610
5358.045005,852,1609
5358.050005,873,1606
5358.055006,835,1605
5358.060006,849,1606
5358.065006,868,1604
5358.070006,850,1605
5358.075006,833,1600
5358.080006,864,1596
5358.085006,859,1599
5358.090007,827,1596
5358.095005,845,1593
5358.100006,859,1590
5358.105006,829,1590
5358.110006,830,1589
5358.115005,858,1587
5358.120005,861,1584
5358.125006,839,1585
5358.130006,872,1583
5358.135006,854,1584
5358.140006,821,1587
5358.145006,836,1576
5358.150005,866,1590
5358.155006,823,1589
5358.160006,830,1591
5358.165006,857,1587
5358.170005,859,1590
5358.175006,833,1593
5358.180006,872,1593
5358.185006,863,1594
5358.190005,829,1598
5358.195006,829,1592
5358.200006,855,1602
5358.205005,840,1595
5358.210005,828,1599
5358.215005,856,1600
5358.220007,853,1600
5358.225006,828,1598
5358.230005,851,1598
5358.235006,852,1599
5358.240006,817,1602
5358.245005,853,1596
5358.250006,864,1600
5358.255007,840,1598
5358.260006,840,1601
5358.265006,857,1603
5358.270006,846,1602
5358.275005,822,1608
5358.280006,869,1603
5358.285006,869,1606
5358.290007,837,1604
5358.295006,847,1609
5358.300006,871,1608
5358.305007,835,1609
5358.310005,830,1610
5358.315006,869,1611
5358.320006,846,1612
5358.325005,818,1617
5358.330005,867,1603
5358.335006,859,1611
5358.340006,822,1614
5358.345006,832,1613
5358.350006,870,1606
5358.355005,831,1611
5358.360007,825,1614
5358.365007,875,1608
5358.370006,863,1610
5358.375006,828,1612
5358.380006,862,1608
5358.385006,857,1606
5358.390006,841,1606
5358.395005,837,1610
5358.400006,876,1606
5358.405005,836,1608
5358.410005,831,1608
5358.415005,858,1610
5358.420005,864,1609
5358.425005,825,1610
5358.430007,872,1608
5358.435007,865,1612
5358.440006,820,1613
5358.445005,828,1612
5358.450006,862,1600
5358.455007,839,1614
5358.460006,844,1614
5358.465006,860,1616
5358.470006,848,1616
5358.475006,817,1614
5358.480006,851,1617
5358.485006,852,1614
5358.490006,818,1614
5358.495005,851,1611
5358.500005,861,1615
5358.505006,824,1612
5358.510007,848,1615
5358.515007,870,1615
5358.520005,853,1615
5358.525006,835,1611
5358.530007,864,1616
5358.535007,856,1614
5358.540007,828,1617
5358.545005,838,1614
5358.550005,857,1615
5358.555005,830,1617
5358.560006,825,1618
5358.565006,868,1615
5358.570005,851,1618
5358.575006,842,1614
5358.580006,870,1613
5358.585006,857,1615
5358.590006,818,1618
5358.595006,827,1616
5358.600006,871,1610
5358.605005,826,1616
5358.610006,845,1613
5358.615005,861,1612
5358.620005,852,1614
5358.625005,819,1612
5358.630005,872,1608
5358.635006,860,1609
5358.640006,819,1608
5358.645005,828,1606
5358.650007,853,1607
5358.655005,845,1599
5358.660005,845,1600
5358.665005,874,1598
5358.670005,855,1598
5358.675005,836,1596
5358.680007,843,1596
5358.685006,842,1598
5358.690005,832,1593
5358.695007,831,1592
5358.700006,860,1588
5358.705006,822,1588
5358.710007,832,1579
5358.715005,872,1582
5358.720006,854,1584
5358.725005,837,1578
5358.730006,854,1578
5358.735006,839,1583
5358.740006,834,1578
5358.745006,827,1577
5358.750006,870,1577
5358.755007,834,1576
5358.760005,824,1574
5358.765007,851,1578
5358.770005,840,1578
5358.775007,831,1576
5358.780007,855,1578
5358.785007,849,1581
5358.790007,831,1580
5358.795005,827,1583
5358.800005,859,1581
5358.805005,828,1581
5358.810006,821,1584
5358.815005,865,1582
5358.820006,848,1585
5358.825006,821,1586
5358.830007,870,1584
5358.835006,863,1588
5358.840006,816,1592
5358.845007,843,1590
5358.850005,861,1591
5358.855006,824,1592
5358.860005,825,1593
5358.865006,854,1596
5358.870006,868,1594
5358.875007,831,1596
5358.880005,847,1597
5358.885005,869,1595
5358.890007,832,1596
5358.895006,833,1597
5358.900005,861,1597
5358.905007,824,1605
5358.910006,844,1595
5358.915007,855,1601
5358.920006,847,1601
5358.925006,830,1603
5358.930006,856,1600
5358.935006,853,1603
5358.940006,823,1605
5358.945005,837,1602
5358.950006,864,1606
5358.955007,848,1603
5358.960005,827,1608
5358.965006,875,1602
5358.970006,857,1603
5358.975006,825,1604
5358.980006,869,1604
5358.985006,863,1606
5358.990006,815,1611
5358.995006,851,1605
5359.000007,867,1602
5359.005006,841,1607
5359.010007,835,1603
5359.015006,852,1608
5359.020005,862,1605
5359.025007,820,1606
5359.030007,865,1604
5359.035006,863,1606
5359.040007,821,1606
5359.045005,844,1603
5359.050006,867,1609
5359.055006,838,1606
5359.060007,822,1609
5359.065006,872,1608
5359.070005,845,1613
5359.075005,819,1607
5359.080005,845,1608
5359.085006,858,1598
5359.090006,841,1603
5359.095006,844,1602
5359.100006,874,1605
5359.105006,839,1605
5359.110005,825,1606
5359.115005,861,1604
5359.120006,846,1606
5359.125007,818,1606
5359.130006,862,1601
5359.135007,856,1603
5359.140006,818,1605
5359.145006,845,1606
5359.150006,866,1606
5359.155005,829,1608
5359.160005,842,1610
5359.165006,854,1613
5359.170006,863,1613
5359.175007,832,1613
5359.180005,852,1615
5359.185006,859,1615
5359.190005,821,1620
5359.195006,829,1619
5359.200006,864,1619
5359.205007,845,1620
5359.210007,836,1623
5359.215006,862,1624
5359.220006,862,1621
5359.225005,820,1628
5359.230006,855,1626
5359.235006,854,1629
5359.240005,835,1629
5359.245005,839,1629
5359.250006,866,1620
5359.255007,848,1628
5359.260006,830,1628
5359.265006,853,1632
5359.270007,860,1627
5359.275006,829,1628
5359.280005,846,1631
5359.285006,867,1625
5359.290006,827,1623
5359.295006,836,1615
5359.300005,870,1621
5359.305006,838,1623
5359.310005,836,1617
5359.315007,867,1621
5359.320006,846,1625
5359.325006,823,1621
5359.330006,850,1625
5359.335007,871,1624
5359.340005,828,1628
5359.345007,848,1625
5359.350006,864,1626
5359.355006,834,1618
5359.360005,847,1626
5359.365006,867,1631
5359.370005,860,1622
5359.375005,825,1633
5359.380005,871,1632
5359.385006,861,1631
5359.390006,821,1635
5359.395005,833,1637
5359.400007,879,1636
5359.405007,836,1638
5359.410007,827,1639
5359.415006,858,1646
5359.420006,849,1648
5359.425007,825,1643
5359.430006,862,1641
5359.435005,870,1644
5359.440007,827,1647
5359.445007,847,1646
5359.450006,859,1645
5359.455006,831,1647
5359.460007,847,1644
5359.465006,862,1645
5359.470006,853,1642
5359.475006,831,1638
5359.480006,867,1640
5359.485006,872,1643
5359.490006,824,1647
5359.495005,840,1635
5359.500005,861,1646
5359.505005,833,1647
5359.510005,856,1641
5359.515006,876,1641
5359.520006,853,1639
5359.525006,823,1641
5359.530005,857,1643
5359.535005,857,1633
5359.540006,829,1636
5359.545006,858,1631
5359.550006,870,1630
5359.555006,832,1636
5359.560005,848,1629
5359.565006,859,1629
5359.570006,865,1628
5359.575006,823,1629
5359.580006,849,1622
5359.585006,868,1620
5359.590006,823,1623
5359.595006,847,1618
5359.600005,865,1617
5359.605006,834,1617
5359.610005,825,1619
5359.615006,864,1615
5359.620005,849,1611
5359.625006,832,1609
5359.630007,848,1610
5359.635007,852,1607
5359.640007,841,1602
5359.645005,838,1603
5359.650006,863,1601
5359.655006,832,1600
5359.660005,841,1599
5359.665005,879,1595
5359.670006,866,1593
5359.675007,830,1594
5359.680005,852,1596
5359.685007,845,1598
5359.690007,838,1590
5359.695006,832,1595
5359.700006,851,1598
5359.705006,847,1591
5359.710006,837,1592
5359.715006,870,1594
5359.720006,859,1595
5359.725005,828,1592
5359.730007,848,1593
5359.735006,850,1595
5359.740005,819,1595
5359.745006,850,1596
5359.750006,869,1594
5359.755006,831,1599
5359.760007,842,1585
5359.765006,863,1595
5359.770006,848,1601
5359.775006,826,1600
5359.780005,848,1600
5359.785006,866,1601
5359.790006,835,1604
5359.795006,840,1602
5359.800006,862,1601
5359.805007,840,1602
5359.810005,835,1605
5359.815006,867,1605
5359.820007,844,1605
5359.825007,833,1605
5359.830006,854,1597
5359.835007,865,1602
5359.840006,831,1605
5359.845007,835,1603
5359.850007,859,1605
5359.855006,827,1600
5359.860006,823,1604
5359.865006,856,1604
5359.870005,844,1602
5359.875005,835,1601
5359.880005,846,1601
5359.885006,869,1599
5359.890006,818,1599
5359.895006,844,1599
5359.900005,853,1599
5359.905007,836,1588
5359.910006,838,1599
5359.915006,874,1597
5359.920006,854,1597
5359.925007,820,1600
5359.930005,867,1594
5359.935006,849,1600
5359.940005,820,1597
5359.945006,836,1601
5359.950006,864,1595
5359.955007,839,1599
5359.960006,825,1602
5359.965006,872,1598
5359.970006,851,1602
5359.975006,828,1600
5359.980006,847,1600
5359.985005,850,1599
5359.990005,819,1603
5359.995006,827,1599
5360.000007,873,1600
5360.005006,835,1601
5360.010006,824,1600
5360.015007,875,1600
5360.020006,849,1601
5360.025005,841,1596
5360.030006,862,1598
5360.035006,863,1598
5360.040006,828,1600
5360.045007,831,1598
5360.050006,851,1605
5360.055006,839,1602
5360.060006,837,1600
5360.065006,860,1601
5360.070007,852,1602
5360.075006,820,1604
5360.080007,848,1601
5360.085007,868,1595
5360.090006,828,1599
5360.095006,828,1597
5360.100006,869,1596
5360.105006,826,1597
5360.110005,837,1591
5360.115005,864,1594
5360.120006,844,1590
5360.125007,838,1589
5360.130005,844,1590
5360.135006,863,1587
5360.140006,829,1588
5360.145006,827,1591
5360.150007,859,1590
5360.155006,846,1589
5360.160006,844,1588
5360.165006,865,1594
5360.170007,845,1592
5360.175006,818,1593
5360.180006,841,1593
5360.185005,865,1596
5360.190006,816,1598
5360.195006,850,1597
5360.200005,858,1596
5360.205005,831,1598
5360.210006,830,1599
5360.215006,867,1598
5360.220007,861,1602
5360.225006,837,1601
5360.230006,857,1601
5360.235005,861,1607
5360.240006,827,1605
5360.245006,838,1605
5360.250007,864,1612
5360.255006,832,1610
5360.260007,843,1608
5360.265005,869,1608
5360.270006,863,1611
5360.275007,830,1611
5360.280006,840,1614
5360.285006,865,1613
5360.290006,821,1612
5360.295006,831,1615
5360.300006,855,1616
5360.305007,852,1614
5360.310007,831,1616
5360.315006,865,1608
5360.320006,863,1618
5360.325005,829,1617
5360.330006,859,1610
5360.335007,851,1620
5360.340005,836,1618
5360.345007,835,1616
5360.350006,854,1621
5360.355005,848,1618
5360.360006,828,1616
5360.365005,873,1615
5360.370006,849,1616
5360.375006,841,1616
5360.380007,842,1616
5360.385006,859,1617
5360.390006,817,1616
5360.395005,847,1612
5360.400007,870,1612
5360.405007,836,1613
5360.410006,822,1613
5360.415006,873,1603
5360.420006,860,1610
5360.425007,827,1612
5360.430005,850,1613
5360.435006,858,1609
5360.440005,819,1617
5360.445006,847,1609
5360.450006,866,1611
5360.455006,837,1613
5360.460006,829,1611
5360.465006,878,1608
5360.470006,861,1612
5360.475007,827,1612
5360.480006,863,1609
5360.485006,849,1612
5360.490006,836,1613
5360.495006,845,1605
5360.500007,864,1609
5360.505005,831,1609
5360.510005,847,1601
5360.515006,864,1604
5360.520006,844,1605
5360.525006,839,1599
5360.530006,840,1601
5360.535005,847,1601
5360.540006,826,1597
5360.545007,829,1599
5360.550005,868,1594
5360.555006,831,1594
5360.560005,834,1583
5360.565006,870,1585
5360.570006,854,1590
5360.575005,829,1589
5360.580006,840,1589
5360.585006,871,1586
5360.590006,821,1587
5360.595007,824,1589
5360.600007,870,1580
5360.605006,851,1582
5360.610006,834,1581
5360.615006,861,1582
5360.620006,845,1581
5360.625006,814,1583
5360.630007,842,1578
5360.635006,848,1576
5360.640006,826,1572
5360.645006,830,1571
5360.650006,853,1572
5360.655005,848,1567
5360.660005,825,1568
5360.665005,870,1565
5360.670006,853,1562
5360.675007,813,1567
5360.680006,837,1568
5360.685005,862,1564
5360.690005,825,1565
5360.695007,842,1566
5360.700006,851,1568
5360.705006,845,1569
5360.710007,821,1566
5360.715005,851,1575
5360.720005,846,1570
5360.725006,834,1574
5360.730006,842,1579
5360.735006,850,1577
5360.740005,814,1585
5360.745006,836,1587
5360.750005,861,1589
5360.755005,834,1590
5360.760006,834,1593
5360.765006,854,1596
5360.770005,863,1596
5360.775006,829,1597
5360.780006,841,1601
5360.785005,873,1601
5360.790006,822,1607
5360.795005,843,1606
5360.800005,861,1605
5360.805006,852,1607
5360.810007,826,1609
5360.815006,873,1603
5360.820005,863,1610
5360.825006,825,1608
5360.830006,842,1613
5360.835006,859,1613
5360.840007,817,1616
5360.845005,841,1614
5360.850006,855,1617
5360.855006,849,1618
5360.860006,831,1617
5360.865005,872,1616
5360.870006,858,1620
5360.875006,825,1622
5360.880005,863,1621
5360.885005,847,1627
5360.890006,830,1624
5360.895005,830,1629
5360.900006,877,1628
5360.905006,833,1630
5360.910006,843,1631
5360.915007,869,1631
5360.920006,846,1633
5360.925006,838,1633
5360.930006,862,1631
5360.935006,869,1635
5360.940006,827,1635
5360.945006,838,1634
5360.950006,854,1636
5360.955007,841,1624
5360.960005,840,1633
5360.965005,857,1636
5360.970006,859,1633
5360.975005,824,1632
5360.980006,861,1624
5360.985006,869,1624
5360.990005,817,1624
5360.995005,845,1625
5361.000005,867,1622
5361.005005,833,1624
5361.010005,842,1620
5361.015005,859,1622
5361.020007,851,1624
5361.025006,823,1628
5361.030006,850,1627
5361.035005,864,1614
5361.040005,823,1628
5361.045006,832,1631
5361.050007,859,1631
5361.055007,848,1631
5361.060005,828,1635
5361.065005,881,1630
5361.070006,857,1632
5361.075006,842,1633
5361.080006,850,1635
5361.085007,868,1633
5361.090005,824,1637
5361.095006,834,1629
5361.100005,871,1636
5361.105006,841,1636
5361.110005,842,1634
5361.115005,866,1635
5361.120005,868,1633
5361.125006,830,1635
5361.130007,843,1637
5361.135005,874,1633
5361.140007,828,1634
5361.145006,850,1634
5361.150005,868,1632
5361.155006,834,1637
5361.160006,848,1629
5361.165006,861,1633
5361.170007,863,1631
5361.175006,826,1633
5361.180006,850,1630
5361.185006,857,1632
5361.190005,840,1626
5361.195006,843,1631
5361.200006,862,1628
5361.205006,844,1626
5361.210007,836,1627
5361.215007,861,1624
5361.220006,867,1623
5361.225006,830,1623
5361.230005,856,1622
5361.235006,866,1622
5361.240005,836,1619
5361.245006,835,1617
5361.250007,878,1611
5361.255006,834,1616
5361.260006,832,1604
5361.265006,870,1608
5361.270005,855,1610
5361.275006,828,1606
5361.280006,847,1608
5361.285006,870,1608
5361.290007,839,1604
5361.295007,834,1606
5361.300005,852,1604
5361.305006,844,1597
5361.310005,828,1602
5361.315006,852,1601
5361.320005,857,1599
5361.325005,838,1599
5361.330005,840,1598
5361.335006,862,1595
5361.340006,825,1595
5361.345006,841,1596
5361.350005,859,1596
5361.355006,857,1592
5361.360005,840,1597
5361.365006,864,1597
5361.370006,853,1596
5361.375006,818,1596
5361.380005,843,1594
5361.385005,855,1594
5361.390007,836,1594
5361.395005,849,1592
5361.400007,857,1592
5361.405006,842,1583
5361.410006,826,1585
5361.415006,856,1597
5361.420007,867,1595
5361.425005,837,1595
5361.430006,853,1597
5361.435005,845,1604
5361.440007,831,1600
5361.445006,837,1601
5361.450006,863,1603
5361.455006,834,1603
5361.460006,823,1605
5361.465006,870,1604
5361.470006,855,1605
5361.475006,824,1600
5361.480005,837,1604
5361.485007,866,1608
5361.490006,821,1610
5361.495006,844,1605
5361.500005,874,1608
5361.505005,850,1608
5361.510005,826,1611
5361.515006,854,1614
5361.520006,865,1614
5361.525006,816,1617
5361.530005,860,1615
5361.535005,860,1615
5361.540005,819,1621
5361.545006,832,1618
5361.550006,856,1619
5361.555006,853,1618
5361.560007,841,1619
5361.565006,862,1620
5361.570006,867,1619
5361.575005,832,1620
5361.580006,840,1626
5361.585006,852,1621
5361.590007,843,1617
5361.595006,833,1620
5361.600006,870,1620
5361.605006,852,1614
5361.610005,843,1612
5361.615005,864,1609
5361.620006,853,1606
5361.625007,827,1606
5361.630006,849,1602
5361.635006,865,1601
5361.640005,824,1602
5361.645006,830,1597
5361.650007,855,1597
5361.655006,836,1593
5361.660005,849,1592
5361.665005,870,1592
5361.670005,850,1595
5361.675005,838,1592
5361.680006,844,1595
5361.685006,849,1595
5361.690006,833,1594
5361.695005,840,1596
5361.700006,855,1601
5361.705006,851,1603
5361.710006,839,1603
5361.715006,866,1597
5361.720006,845,1611
5361.725005,831,1599
5361.730007,848,1612
5361.735007,852,1615
5361.740006,838,1613
5361.745006,845,1616
5361.750006,865,1617
5361.755006,835,1624
5361.760006,838,1620
5361.765006,878,1624
5361.770006,852,1625
5361.775005,819,1627
5361.780007,858,1626
5361.785007,863,1622
5361.790006,822,1632
5361.795007,844,1625
5361.800006,873,1629
5361.805005,844,1632
5361.810007,850,1630
5361.815007,865,1635
5361.820006,853,1635
5361.825006,824,1636
5361.830006,859,1636
5361.835005,863,1637
5361.840005,825,1637
5361.845006,831,1640
5361.850006,874,1636
5361.855005,844,1637
5361.860006,850,1638
5361.865005,878,1636
5361.870006,862,1637
5361.875006,836,1636
5361.880005,851,1636
5361.885005,870,1636
5361.890006,835,1635
5361.895006,843,1630
5361.900006,860,1636
5361.905006,849,1625
5361.910006,848,1631
5361.915006,868,1636
5361.920006,851,1632
5361.925007,836,1633
5361.930005,850,1629
5361.935006,875,1625
5361.940006,821,1626
5361.945005,843,1624
5361.950006,861,1621
5361.955007,848,1622
5361.960007,828,1621
5361.965006,862,1619
5361.970007,872,1618
5361.975006,826,1616
5361.980006,848,1614
5361.985006,850,1614
5361.990006,842,1609
5361.995005,841,1609
5362.000005,858,1608
5362.005005,855,1600
5362.010005,829,1599
5362.015006,856,1596
5362.020006,863,1589
5362.025005,825,1587
5362.030007,841,1584
5362.035007,870,1576
5362.040007,829,1570
5362.045005,833,1567
5362.050006,853,1567
5362.055007,842,1564
5362.060006,842,1558
5362.065007,869,1556
5362.070006,850,1558
5362.075007,840,1558
5362.080007,835,1561
5362.085006,847,1561
5362.090005,834,1561
5362.095007,826,1566
5362.100007,869,1565
5362.105007,856,1565
5362.110006,829,1568
5362.115005,859,1568
5362.120005,852,1570
5362.125005,827,1573
5362.130005,842,1575
5362.135005,873,1576
5362.140007,846,1577
5362.145005,827,1580
5362.150006,864,1582
5362.155005,850,1582
5362.160005,828,1584
5362.165006,859,1588
5362.170006,845,1591
5362.175006,830,1591
5362.180006,840,1592
5362.185005,870,1592
5362.190006,819,1589
5362.195005,837,1596
5362.200005,873,1590
5362.205006,840,1600
5362.210006,839,1597
5362.215006,858,1603
5362.220007,849,1602
5362.225006,835,1603
5362.230005,845,1605
5362.235006,877,1606
5362.240005,847,1608
5362.245005,853,1606
5362.250006,861,1614
5362.255006,854,1617
5362.260007,844,1618
5362.265006,867,1618
5362.270006,870,1618
5362.275006,830,1620
5362.280006,843,1626
5362.285006,869,1624
5362.290006,824,1626
5362.295006,850,1624
5362.300006,860,1629
5362.305006,865,1624
5362.310005,833,1630
5362.315007,874,1629
5362.320007,856,1630
5362.325006,837,1630
5362.330006,846,1627
5362.335007,870,1631
5362.340005,825,1632
5362.345006,835,1632
5362.350005,862,1627
5362.355006,856,1635
5362.360006,821,1637
5362.365006,860,1640
5362.370005,872,1639
5362.375005,824,1644
5362.380005,859,1645
5362.385006,856,1647
5362.390007,845,1649
5362.395005,827,1657
5362.400006,874,1653
5362.405006,847,1654
5362.410006,824,1660
5362.415006,874,1660
5362.420006,858,1659
5362.425006,821,1665
5362.430007,841,1664
5362.435005,864,1660
5362.440007,830,1656
5362.445006,848,1660
5362.450005,861,1664
5362.455006,848,1658
5362.460007,846,1660
5362.465006,865,1662
5362.470007,874,1660
5362.475006,845,1659
5362.480006,839,1655
5362.485006,876,1655
5362.490005,825,1659
5362.495006,841,1656
5362.500006,859,1653
5362.505006,855,1655
5362.510006,851,1654
5362.515006,863,1657
5362.520006,863,1653
5362.525005,825,1655
5362.530007,850,1654
5362.535006,858,1657
5362.540005,839,1653
5362.545006,850,1649
5362.550006,862,1651
5362.555007,856,1651
5362.560006,844,1643
5362.565005,866,1653
5362.570006,850,1651
5362.575005,840,1650
5362.580006,845,1651
5362.585005,868,1650
5362.590005,829,1651
5362.595006,832,1649
5362.600007,866,1648
5362.605006,863,1645
5362.610006,838,1646
5362.615005,860,1646
5362.620005,852,1649
5362.625005,836,1644
5362.630006,845,1643
5362.635006,862,1642
5362.640006,824,1641
5362.645006,847,1636
5362.650006,866,1634
5362.655006,849,1632
5362.660005,831,1636
5362.665005,863,1632
5362.670005,867,1627
5362.675006,831,1625
5362.680006,841,1624
5362.685007,867,1627
5362.690007,842,1623
5362.695006,837,1621
5362.700005,860,1620
5362.705006,845,1618
5362.710007,828,1616
5362.715006,873,1614
5362.720006,860,1614
5362.725006,825,1616
5362.730005,859,1609
5362.735007,874,1609
5362.740007,833,1610
5362.745007,829,1609
5362.750006,880,1605
5362.755006,851,1603
5362.760006,836,1600
5362.765006,861,1598
5362.770005,852,1598
5362.775006,836,1597
5362.780006,847,1594
5362.785005,859,1594
5362.790006,828,1592
5362.795006,826,1597
5362.800006,858,1593
5362.805007,861,1584
5362.810005,830,1584
5362.815007,856,1581
5362.820006,866,1578
5362.825006,834,1575
5362.830006,852,1576
5362.835007,851,1576
5362.840006,821,1574
5362.845007,842,1574
5362.850006,862,1571
5362.855006,842,1568
5362.860005,839,1565
5362.865006,860,1570
5362.870006,854,1567
5362.875006,818,1572
5362.880006,848,1562
5362.885006,866,1570
5362.890007,828,1573
5362.895005,826,1578
5362.900006,880,1578
5362.905007,833,1580
5362.910007,836,1582
5362.915007,860,1581
5362.920007,848,1589
5362.925005,838,1587
5362.930006,860,1587
5362.935006,860,1589
5362.940006,822,1594
5362.945006,829,1596
5362.950005,859,1594
5362.955005,839,1602
5362.960006,843,1598
5362.965007,862,1600
5362.970006,848,1605
5362.975005,832,1605
5362.980006,853,1605
5362.985006,864,1606
5362.990006,821,1609
5362.995006,847,1609
5363.000006,882,1605
5363.005007,858,1612
5363.010006,826,1611
5363.015007,852,1614
5363.020006,865,1613
5363.025005,832,1614
5363.030006,843,1615
5363.035007,872,1618
5363.040006,826,1615
5363.045006,845,1617
5363.050006,863,1617
5363.055007,858,1617
5363.060007,844,1617
5363.065006,856,1619
5363.070005,873,1619
5363.075005,820,1620
5363.080005,836,1621
5363.085005,862,1619
5363.090005,822,1622
5363.095006,837,1617
5363.100006,878,1611
5363.105007,859,1618
5363.110006,843,1618
5363.115006,866,1619
5363.120005,847,1622
5363.125005,841,1620
5363.130005,854,1622
5363.135005,851,1622
5363.140006,839,1618
5363.145006,833,1621
5363.150005,857,1622
5363.155006,858,1620
5363.160005,829,1622
5363.165005,873,1617
5363.170006,855,1621
5363.175006,823,1622
5363.180007,840,1625
5363.185006,860,1621
5363.190005,842,1621
5363.195007,852,1619
5363.200007,873,1617
5363.205005,856,1611
5363.210005,833,1614
5363.215005,867,1614
5363.220006,858,1613
5363.225005,822,1612
5363.230007,854,1605
5363.235007,872,1611
5363.240006,830,1610
5363.245006,827,1612
5363.250006,876,1606
5363.255006,846,1608
5363.260007,840,1603
5363.265007,853,1608
5363.270007,863,1606
5363.275006,836,1609
5363.280005,839,1610
5363.285005,852,1614
5363.290006,829,1608
5363.295007,830,1612
5363.300006,869,1615
5363.305006,843,1614
5363.310006,845,1615
5363.315006,868,1614
5363.320005,854,1615
5363.325005,822,1616
5363.330005,846,1617
5363.335005,856,1620
5363.340005,837,1608
5363.345006,834,1620
5363.350007,864,1622
5363.355006,847,1614
5363.360007,841,1622
5363.365007,854,1622
5363.370006,863,1618
5363.375007,830,1621
5363.380005,838,1620
5363.385005,867,1611
5363.390007,845,1618
5363.395005,832,1621
5363.400006,874,1619
5363.405006,856,1616
5363.410005,841,1620
5363.415005,858,1621
5363.420005,846,1626
5363.425005,841,1621
5363.430007,848,1622
5363.435005,860,1622
5363.440007,841,1621
5363.445007,846,1625
5363.450006,861,1624
5363.455006,838,1629
5363.460006,833,1624
5363.465006,852,1627
5363.470007,868,1625
5363.475006,834,1618
5363.480006,848,1622
5363.485005,850,1624
5363.490006,839,1618
5363.495005,834,1620
5363.500005,874,1620
5363.505006,857,1619
5363.510007,821,1616
5363.515005,852,1618
5363.520007,847,1615
5363.525006,838,1613
5363.530005,842,1616
5363.535005,871,1613
5363.540006,824,1614
5363.545007,841,1613
5363.550005,853,1614
5363.555006,851,1609
5363.560006,827,1609
5363.565005,851,1610
5363.570006,860,1605
5363.575006,817,1612
5363.580006,853,1603
5363.585007,868,1603
5363.590005,828,1603
5363.595006,830,1606
5363.600007,877,1601
5363.605006,859,1607
5363.610005,830,1606
5363.615006,850,1610
5363.620005,865,1608
5363.625006,828,1608
5363.630007,839,1610
5363.635005,854,1611
5363.640006,840,1608
5363.645006,832,1608
5363.650006,875,1602
5363.655006,845,1608
5363.660006,837,1603
5363.665007,862,1605
5363.670006,859,1607
5363.675006,817,1608
5363.680006,838,1599
5363.685006,871,1601
5363.690005,821,1606
5363.695006,840,1605
5363.700006,853,1606
5363.705007,857,1607
5363.710006,827,1604
5363.715007,859,1596
5363.720006,857,1605
5363.725006,821,1603
5363.730006,849,1599
5363.735007,869,1584
5363.740006,827,1596
5363.745005,844,1594
5363.750006,860,1597
5363.755007,854,1590
5363.760006,843,1585
5363.765006,865,1578
5363.770006,840,1589
5363.775005,832,1581
5363.780006,845,1579
5363.785006,849,1584
5363.790006,824,1575
5363.795006,826,1578
5363.800007,878,1571
5363.805006,842,1571
5363.810005,818,1573
5363.815006,865,1568
5363.820006,853,1562
5363.825005,815,1563
5363.830005,843,1563
5363.835005,849,1566
5363.840005,834,1557
5363.845007,820,1561
5363.850005,867,1556
5363.855006,835,1554
5363.860005,840,1546
5363.865005,864,1550
5363.870006,850,1553
5363.875007,812,1550
5363.880005,827,1550
5363.885005,860,1547
5363.890006,823,1551
5363.895005,837,1540
5363.900007,861,1548
5363.905006,857,1546
5363.910005,822,1547
5363.915006,849,1549
5363.920007,857,1546
5363.925006,820,1550
5363.930006,829,1551
5363.935006,851,1550
5363.940006,818,1553
5363.945005,843,1552
5363.950005,861,1554
5363.955005,837,1556
5363.960005,818,1559
5363.965006,853,1557
5363.970007,858,1560
5363.975006,834,1563
5363.980006,843,1564
5363.985006,849,1566
5363.990006,827,1567
5363.995005,842,1563
5364.000005,867,1572
5364.005005,838,1573
5364.010005,835,1567
5364.015006,860,1576
5364.020007,849,1580
5364.025006,816,1582
5364.030005,848,1584
5364.035006,852,1585
5364.040007,818,1586
5364.045005,840,1581
5364.050005,873,1584
5364.055006,843,1591
5364.060005,843,1585
5364.065006,853,1590
5364.070006,866,1589
5364.075006,821,1594
5364.080006,828,1596
5364.085007,866,1595
5364.090005,835,1600
5364.095006,843,1598
5364.100005,859,1603
5364.105007,847,1597
5364.110005,820,1612
5364.115005,871,1608
5364.120006,848,1615
5364.125006,832,1613
5364.130006,831,1610
5364.135006,869,1615
5364.140006,830,1621
5364.145005,841,1614
5364.150006,871,1619
5364.155005,848,1621
5364.160005,834,1623
5364.165006,856,1626
5364.170007,845,1626
5364.175006,828,1629
5364.180006,852,1616
5364.185006,873,1629
5364.190005,823,1636
5364.195007,826,1634
5364.200007,876,1631
5364.205007,861,1633
5364.210006,826,1634
5364.215006,860,1634
5364.220006,866,1636
5364.225006,822,1640
5364.230005,854,1640
5364.235006,863,1640
5364.240005,834,1632
5364.245006,840,1640
5364.250007,872,1643
5364.255006,859,1643
5364.260006,826,1637
5364.265006,876,1646
5364.270006,854,1648
5364.275006,817,1651
5364.280006,850,1641
5364.285005,877,1651
5364.290006,835,1647
5364.295006,830,1651
5364.300006,869,1649
5364.305007,858,1641
5364.310007,838,1647
5364.315007,861,1647
5364.320007,860,1641
5364.325007,824,1646
5364.330007,854,1642
5364.335006,864,1642
5364.340006,825,1644
5364.345006,849,1638
5364.350005,869,1635
5364.355006,846,1635
5364.360007,825,1637
5364.365006,880,1631
5364.370005,862,1630
5364.375005,824,1633
5364.380006,859,1630
5364.385007,863,1628
5364.390007,828,1626
5364.395006,829,1624
5364.400005,878,1622
5364.405007,847,1622
5364.410006,829,1607
5364.415007,871,1615
5364.420005,851,1613
5364.425006,822,1610
5364.430007,853,1608
5364.435007,875,1609
5364.440007,843,1606
5364.445006,836,1607
5364.450005,855,1609
5364.455005,862,1606
5364.460006,831,1610
5364.465007,861,1612
5364.470006,857,1614
5364.475006,821,1620
5364.480005,835,1619
5364.485006,873,1624
5364.490005,835,1625
5364.495005,832,1631
5364.500006,875,1627
5364.505006,852,1633
5364.510007,842,1633
5364.515007,855,1638
5364.520005,857,1633
5364.525007,843,1638
5364.530007,843,1642
5364.535007,858,1642
5364.540006,843,1645
5364.545007,837,1644
5364.550006,876,1634
5364.555006,868,1639
5364.560006,831,1645
5364.565005,869,1643
5364.570006,857,1645
5364.575006,820,1647
5364.580006,835,1649
5364.585006,880,1641
5364.590006,832,1648
5364.595006,845,1646
5364.600005,869,1652
5364.605006,848,1650
5364.610007,824,1650
5364.615007,876,1648
5364.620007,853,1648
5364.625006,837,1638
5364.630007,851,1646
5364.635006,872,1640
5364.640007,841,1642
5364.645005,836,1640
5364.650006,878,1641
5364.655006,851,1631
5364.660005,841,1634
5364.665005,859,1634
5364.670005,872,1633
5364.675006,836,1632
5364.680007,834,1632
5364.685006,856,1632
5364.690005,847,1620
5364.695007,836,1627
5364.700007,860,1626
5364.705007,865,1618
5364.710006,822,1622
5364.715005,870,1614
5364.720006,867,1614
5364.725007,825,1611
5364.730006,835,1609
5364.735006,877,1603
5364.740006,831,1605
5364.745006,843,1600
5364.750006,865,1602
5364.755007,851,1599
5364.760007,823,1599
5364.765007,867,1596
5364.770006,852,1597
5364.775005,825,1594
5364.780006,832,1596
5364.785007,876,1587
5364.790006,843,1589
5364.795006,837,1588
5364.800006,864,1587
5364.805006,844,1590
5364.810005,841,1584
5364.815006,851,1588
5364.820006,869,1585
5364.825005,830,1585
5364.830006,843,1582
5364.835007,849,1586
5364.840005,825,1576
5364.845006,826,1583
5364.850005,875,1581
5364.855006,848,1580
5364.860006,829,1572
5364.865006,860,1578
5364.870005,849,1581
5364.875005,835,1576
5364.880005,835,1577
5364.885005,870,1574
5364.890007,836,1571
5364.895007,822,1571
5364.900006,863,1570
5364.905005,862,1565
5364.910005,829,1569
5364.915005,849,1566
5364.920006,841,1563
5364.925007,832,1565
5364.930005,834,1564
5364.935005,849,1564
5364.940007,842,1561
5364.945006,833,1563
5364.950006,854,1564
5364.955006,859,1564
5364.960006,817,1566
5364.965007,858,1565
5364.970006,847,1569
5364.975006,831,1559
5364.980006,844,1566
5364.985006,849,1571
5364.990005,826,1570
5364.995005,846,1572
5365.000005,858,1572
5365.005006,845,1574
5365.010007,840,1567
5365.015006,852,1579
5365.020005,864,1572
5365.025006,826,1576
5365.030006,833,1573
5365.035006,868,1568
5365.040006,841,1579
5365.045007,823,1583
5365.050005,867,1578
5365.055006,846,1579
5365.060005,836,1581
5365.065006,853,1581
5365.070006,847,1582
5365.075005,835,1576
5365.080006,842,1584
5365.085007,860,1586
5365.090005,826,1581
5365.095006,825,1583
5365.100006,880,1581
5365.105006,842,1583
5365.110006,831,1582
5365.115006,852,1582
5365.120005,864,1584
5365.125005,820,1582
5365.130005,851,1581
5365.135005,864,1585
5365.140007,839,1583
5365.145006,843,1583
5365.150006,865,1587
5365.155006,843,1589
5365.160005,844,1592
5365.165005,849,1593
5365.170006,857,1594
5365.175006,838,1594
5365.180006,840,1596
5365.185005,856,1599
5365.190007,844,1599
5365.195006,831,1601
5365.200007,874,1601
5365.205006,862,1602
5365.210006,831,1603
5365.215007,866,1609
5365.220006,849,1611
5365.225006,829,1608
5365.230006,833,1606
5365.235005,859,1614
5365.240005,848,1612
5365.245006,846,1614
5365.250007,861,1616
5365.255005,866,1614
5365.260005,834,1615
5365.265006,857,1619
5365.270006,855,1618
5365.275006,820,1618
5365.280006,843,1620
5365.285005,857,1621
5365.290006,844,1614
5365.295006,842,1619
5365.300006,864,1618
5365.305006,862,1616
5365.310005,836,1618
5365.315006,872,1622
5365.320006,865,1622
5365.325006,823,1624
5365.330007,841,1619
5365.335005,862,1621
5365.340005,824,1622
5365.345006,841,1624
5365.350007,863,1621
5365.355007,851,1625
5365.360007,840,1612
5365.365006,861,1620
5365.370006,853,1623
5365.375006,821,1616
5365.380006,843,1622
5365.385006,861,1623
5365.390006,845,1619
5365.395006,830,1618
5365.400005,857,1620
5365.405006,865,1609
5365.410005,829,1619
5365.415005,862,1609
5365.420006,859,1619
5365.425006,821,1618
5365.430006,847,1615
5365.435005,862,1617
5365.440007,846,1616
5365.445006,832,1618
5365.450006,869,1613
5365.455005,870,1608
5365.460005,820,1614
5365.465006,860,1612
5365.470007,850,1612
5365.475005,843,1605
5365.480007,836,1609
5365.485006,850,1613
5365.490005,835,1610
5365.495005,847,1606
5365.500005,853,1609
5365.505006,851,1601
5365.510007,820,1602
5365.515006,872,1594
5365.520006,866,1595
5365.525005,828,1595
5365.530006,831,1593
5365.535006,860,1592
5365.540005,842,1589
5365.545005,827,1588
5365.550006,869,1585
5365.555006,843,1584
5365.560005,835,1584
5365.565007,857,1584
5365.570005,862,1582
5365.575006,817,1584
5365.580006,828,1584
5365.585007,879,1581
5365.590005,835,1578
5365.595006,825,1583
5365.600006,865,1576
5365.605005,854,1577
5365.610006,818,1575
5365.615005,868,1576
5365.620006,860,1574
5365.625007,831,1574
5365.630006,832,1573
5365.635007,851,1575
5365.640005,840,1569
5365.645007,839,1573
5365.650006,866,1570
5365.655007,841,1572
5365.660007,838,1573
5365.665006,846,1574
5365.670007,855,1566
5365.675005,827,1571
5365.680006,828,1576
5365.685005,858,1572
5365.690006,843,1578
5365.695006,833,1584
5365.700005,856,1588
5365.705006,858,1588
5365.710006,824,1593
5365.715006,845,1599
5365.720007,867,1597
5365.725006,821,1599
5365.730006,843,1602
5365.735005,859,1606
5365.740005,828,1608
5365.745005,842,1606
5365.750006,868,1616
5365.755006,851,1618
5365.760006,836,1618
5365.765006,870,1618
5365.770006,851,1625
5365.775006,836,1624
5365.780005,848,1622
5365.785006,860,1627
5365.790006,828,1631
5365.795007,845,1633
5365.800006,879,1630
5365.805006,855,1633
5365.810005,821,1634
5365.815006,872,1631
5365.820007,857,1633
5365.825006,819,1637
5365.830007,829,1637
5365.835005,862,1634
5365.840005,844,1634
5365.845006,827,1637
5365.850006,863,1636
5365.855005,860,1631
5365.860007,846,1632
5365.865006,852,1637
5365.870006,871,1636
5365.875007,821,1642
5365.880005,844,1641
5365.885005,883,1639
5365.890006,834,1643
5365.895006,835,1634
5365.900006,878,1638
5365.905005,874,1638
5365.910006,842,1639
5365.915007,860,1641
5365.920005,857,1641
5365.925005,828,1633
5365.930006,845,1639
5365.935006,868,1634
5365.940005,846,1634
5365.945007,837,1641
5365.950006,864,1645
5365.955006,875,1643
5365.960006,828,1644
5365.965006,872,1644
5365.970006,859,1642
5365.975005,846,1640
5365.980006,836,1637
5365.985006,879,1643
5365.990005,841,1642
5365.995005,837,1643
5366.000006,864,1645
5366.005006,854,1642
5366.010007,829,1639
5366.015006,875,1638
5366.020005,859,1640
5366.025006,842,1634
5366.030005,837,1636
5366.035005,874,1636
5366.040005,832,1633
5366.045005,846,1632
5366.050005,869,1631
5366.055006,851,1630
5366.060007,849,1629
5366.065005,851,1632
5366.070007,866,1625
5366.075006,838,1626
5366.080005,834,1629
5366.085005,869,1621
5366.090006,833,1623
5366.095005,831,1622
5366.100007,883,1619
5366.105007,847,1619
5366.110007,846,1615
5366.115006,848,1619
5366.120005,851,1613
5366.125006,848,1611
5366.130007,847,1609
5366.135006,864,1607
5366.140006,836,1608
5366.145005,851,1602
5366.150006,859,1606
5366.155006,858,1603
5366.160005,823,1602
5366.165006,861,1601
5366.170007,864,1599
5366.175006,836,1594
5366.180006,838,1599
5366.185006,855,1599
5366.190005,846,1596
5366.195007,838,1593
5366.200006,858,1589
5366.205006,869,1590
5366.210006,833,1591
5366.215006,849,1590
5366.220006,850,1588
5366.225007,838,1585
5366.230005,840,1588
5366.235006,856,1590
5366.240007,843,1579
5366.245006,837,1587
5366.250005,862,1585
5366.255005,864,1587
5366.260005,833,1582
5366.265006,852,1584
5366.270005,850,1588
5366.275007,838,1582
5366.280006,835,1588
5366.285006,871,1582
5366.290007,840,1583
5366.295005,829,1587
5366.300005,861,1581
5366.305007,846,1582
5366.310005,831,1587
5366.315006,857,1588
5366.320006,869,1579
5366.325005,830,1585
5366.330006,851,1584
5366.335006,852,1595
5366.340006,851,1589
5366.345006,826,1589
5366.350006,857,1584
5366.355006,860,1585
5366.360005,819,1594
5366.365005,870,1588
5366.370006,858,1589
5366.375007,819,1591
5366.380005,845,1586
5366.385005,864,1589
5366.390007,825,1590
5366.395005,837,1590
5366.400006,856,1592
5366.405006,864,1589
5366.410005,826,1590
5366.415006,846,1602
5366.420007,858,1593
5366.425006,844,1592
5366.430007,842,1595
5366.435006,854,1596
5366.440005,847,1592
5366.445006,833,1596
5366.450006,859,1600
5366.455007,848,1603
5366.460005,836,1602
5366.465005,852,1606
5366.470006,856,1603
5366.475006,827,1605
5366.480006,832,1611
5366.485005,879,1604
5366.490005,836,1609
5366.495005,827,1613
5366.500005,858,1611
5366.505005,873,1611
5366.510005,830,1613
5366.515006,859,1611
5366.520005,863,1613
5366.525007,826,1615
5366.530006,832,1613
5366.535007,858,1615
5366.540007,836,1605
5366.545006,850,1613
5366.550006,868,1613
5366.555006,865,1612
5366.560006,826,1611
5366.565005,848,1612
5366.570006,869,1607
5366.575006,838,1609
5366.580007,837,1609
5366.585006,855,1612
5366.590005,853,1609
5366.595006,842,1610
5366.600006,862,1608
5366.605006,863,1601
5366.610006,819,1610
5366.615005,854,1612
5366.620006,859,1599
5366.625006,836,1602
5366.630006,848,1611
5366.635005,861,1611
5366.640006,828,1610
5366.645006,851,1611
5366.650005,866,1608
5366.655006,852,1602
5366.660006,837,1608
5366.665006,859,1609
5366.670007,864,1609
5366.675007,826,1607
5366.680005,831,1608
5366.685007,861,1608
5366.690005,848,1609
5366.695006,830,1609
5366.700006,882,1606
5366.705007,852,1606
5366.710005,838,1608
5366.715006,851,1611
5366.720007,868,1606
5366.725006,825,1608
5366.730005,828,1601
5366.735005,877,1606
5366.740005,838,1611
5366.745005,844,1609
5366.750006,881,1606
5366.755006,857,1612
5366.760006,831,1611
5366.765007,856,1612
5366.770007,870,1616
5366.775007,838,1615
5366.780006,838,1615
5366.785005,862,1619
5366.790005,839,1604
5366.795006,846,1620
5366.800007,866,1619
5366.805006,845,1622
5366.810005,844,1622
5366.815006,860,1622
5366.820005,871,1621
5366.825005,828,1626
5366.830005,833,1624
5366.835006,871,1624
5366.840007,834,1628
5366.845006,844,1622
5366.850006,870,1628
5366.855005,853,1629
5366.860007,822,1633
5366.865006,863,1629
5366.870006,854,1633
5366.875007,834,1630
5366.880006,858,1629
5366.885007,868,1632
5366.890005,841,1630
5366.895007,840,1631
5366.900006,861,1631
5366.905005,853,1632
5366.910006,840,1628
5366.915006,853,1628
5366.920007,869,1623
5366.925005,834,1627
5366.930006,829,1628
5366.935005,874,1629
5366.940007,840,1626
5366.945007,829,1627
5366.950006,878,1614
5366.955006,860,1620
5366.960006,843,1622
5366.965006,849,1620
5366.970006,851,1616
5366.975006,835,1616
5366.980006,839,1617
5366.985005,859,1616
5366.990005,846,1618
5366.995005,828,1615
5367.000005,872,1607
5367.005005,863,1608
5367.010006,833,1611
5367.015006,842,1612
5367.020006,862,1610
5367.025006,825,1608
5367.030005,828,1610
5367.035006,876,1606
5367.040006,838,1607
5367.045006,825,1605
5367.050006,866,1606
5367.055007,868,1604
5367.060006,835,1598
5367.065006,851,1604
5367.070005,853,1603
5367.075005,839,1600
5367.080005,830,1604
5367.085005,876,1602
5367.090005,832,1604
5367.095005,843,1598
5367.100007,855,1602
5367.105007,866,1601
5367.110007,826,1595
5367.115007,847,1596
5367.120007,870,1594
5367.125006,823,1594
5367.130006,829,1585
5367.135006,855,1593
5367.140006,829,1594
5367.145006,848,1587
5367.150006,869,1590
5367.155006,848,1589
5367.160005,816,1593
5367.165006,845,1588
5367.170006,862,1589
5367.175007,840,1588
5367.180005,835,1590
5367.185007,859,1591
5367.190007,830,1592
5367.195007,842,1594
5367.200006,859,1594
5367.205006,848,1598
5367.210006,825,1599
5367.215007,843,1600
5367.220005,865,1598
5367.225006,824,1598
5367.230007,851,1594
5367.235006,873,1600
5367.240005,831,1601
5367.245006,837,1592
5367.250006,864,1603
5367.255005,859,1603
5367.260005,821,1605
5367.265006,865,1602
5367.270006,865,1606
5367.275007,824,1605
5367.280005,839,1600
5367.285005,859,1606
5367.290006,832,1607
5367.295006,837,1601
5367.300007,851,1608
5367.305006,850,1609
5367.310007,834,1606
5367.315006,848,1612
5367.320006,872,1610
5367.325005,829,1611
5367.330006,834,1613
5367.335007,854,1618
5367.340005,836,1609
5367.345007,824,1620
5367.350005,874,1615
5367.355007,857,1619
5367.360006,821,1624
5367.365006,853,1615
5367.370006,871,1623
5367.375007,821,1627
5367.380006,851,1630
5367.385006,857,1632
5367.390007,852,1627
5367.395005,837,1629
5367.400005,862,1633
5367.405006,855,1628
5367.410005,843,1635
5367.415006,851,1639
5367.420006,870,1634
5367.425006,833,1642
5367.430006,857,1636
5367.435006,855,1646
5367.440005,857,1637
5367.445006,843,1642
5367.450006,859,1643
5367.455007,866,1640
5367.460006,821,1640
5367.465006,863,1639
5367.470006,857,1637
5367.475005,845,1637
5367.480007,836,1634
5367.485007,874,1635
5367.490006,835,1636
5367.495006,844,1632
5367.500006,857,1630
5367.505006,861,1631
5367.510007,826,1633
5367.515005,847,1637
5367.520007,872,1632
5367.525007,836,1633
5367.530007,839,1636
5367.535007,863,1635
5367.540007,846,1634
5367.545005,833,1631
5367.550005,877,1632
5367.555005,852,1634
5367.560006,846,1630
5367.565007,865,1631
5367.570007,855,1631
5367.575007,824,1629
5367.580006,854,1624
5367.585006,862,1625
5367.590007,856,1621
5367.595006,834,1621
5367.600005,857,1624
5367.605007,852,1618
5367.610005,841,1614
5367.615005,868,1609
5367.620005,859,1608
5367.625006,843,1602
5367.630006,847,1603
5367.635006,861,1600
5367.640006,853,1599
5367.645005,836,1596
5367.650006,862,1596
5367.655005,860,1587
5367.660005,833,1596
5367.665006,867,1593
5367.670007,856,1594
5367.675006,829,1593
5367.680007,829,1595
5367.685006,873,1580
5367.690005,850,1595
5367.695006,834,1594
5367.700007,859,1584
5367.705006,868,1595
5367.710006,823,1596
5367.715006,856,1598
5367.720006,852,1599
5367.725005,835,1601
5367.730006,835,1603
5367.735006,880,1602
5367.740006,852,1603
5367.745007,836,1611
5367.750007,857,1612
5367.755006,860,1612
5367.760007,842,1613
5367.765006,858,1615
5367.770005,856,1615
5367.775006,835,1618
5367.780005,838,1618
5367.785005,866,1612
5367.790005,839,1618
5367.795005,827,1624
5367.800005,874,1619
5367.805006,872,1618
5367.810006,821,1624
5367.815005,863,1627
5367.820006,855,1624
5367.825005,835,1627
5367.830006,855,1622
5367.835006,868,1624
5367.840006,834,1622
5367.845007,847,1625
5367.850006,868,1626
5367.855006,864,1614
5367.860005,822,1629
5367.865005,862,1623
5367.870006,851,1626
5367.875006,841,1622
5367.880006,832,1625
5367.885006,863,1619
5367.890007,858,1619
5367.895006,840,1619
5367.900005,858,1624
5367.905007,866,1613
5367.910006,832,1619
5367.915006,845,1623
5367.920006,867,1618
5367.925006,825,1616
5367.930006,830,1619
5367.935006,881,1620
5367.940006,833,1619
5367.945006,849,1619
5367.950005,863,1621
5367.955005,853,1619
5367.960006,829,1620
5367.965007,860,1621
5367.970006,857,1618
5367.975006,842,1618
5367.980006,835,1618
5367.985006,879,1618
5367.990006,837,1621
5367.995006,846,1619
5368.000006,857,1621
5368.005007,870,1616
5368.010006,817,1621
5368.015007,859,1617
5368.020006,852,1621
5368.025005,834,1610
5368.030007,835,1622
5368.035007,878,1612
5368.040007,841,1617
5368.045005,820,1617
5368.050005,869,1613
5368.055007,852,1600
5368.060005,825,1606
5368.065006,859,1605
5368.070005,855,1604
5368.075005,837,1608
5368.080005,847,1603
5368.085006,854,1606
5368.090007,838,1594
5368.095005,843,1597
5368.100007,864,1594
5368.105005,844,1599
5368.110006,836,1590
5368.115005,846,1590
5368.120006,869,1590
5368.125005,837,1589
5368.130006,827,1588
5368.135006,868,1588
5368.140006,835,1587
5368.145005,829,1583
5368.150006,868,1586
5368.155005,847,1585
5368.160005,840,1585
5368.165005,852,1580
5368.170005,847,1583
5368.175006,836,1580
5368.180007,826,1580
5368.185005,864,1577
5368.190006,854,1572
5368.195006,831,1572
5368.200005,853,1574
5368.205006,869,1568
5368.210006,827,1570
5368.215006,857,1572
5368.220006,862,1567
5368.225005,817,1567
5368.230006,844,1564
5368.235006,865,1565
5368.240005,826,1570
5368.245006,837,1567
5368.250007,853,1572
5368.255005,857,1573
5368.260006,818,1570
5368.265007,851,1569
5368.270006,851,1569
5368.275005,837,1572
5368.280006,827,1576
5368.285007,873,1574
5368.290006,835,1578
5368.295006,830,1576
5368.300006,871,1578
5368.305006,854,1580
5368.310005,815,1589
5368.315006,853,1584
5368.320005,852,1587
5368.325005,840,1588
5368.330005,838,1589
5368.335006,853,1598
5368.340006,856,1592
5368.345005,823,1601
5368.350006,858,1598
5368.355005,869,1601
5368.360007,829,1601
5368.365007,840,1603
5368.370007,864,1604
5368.375006,823,1607
5368.380006,844,1599
5368.385007,864,1607
5368.390005,850,1608
5368.395006,825,1613
5368.400006,856,1615
5368.405006,864,1614
5368.410006,823,1616
5368.415006,858,1616
5368.420006,861,1614
5368.425007,820,1621
5368.430006,847,1612
5368.435006,860,1617
5368.440005,854,1611
5368.445006,843,1618
5368.450005,857,1622
5368.455005,867,1617
5368.460005,839,1617
5368.465005,861,1621
5368.470006,850,1624
5368.475005,828,1625
5368.480006,829,1625
5368.485005,863,1631
5368.490005,845,1626
5368.495005,840,1617
5368.500005,861,1626
5368.505005,867,1625
5368.510005,826,1627
5368.515007,861,1614
5368.520006,863,1626
5368.525006,837,1627
5368.530006,842,1627
5368.535006,855,1628
5368.540007,851,1622
5368.545006,824,1620
5368.550006,867,1621
5368.555006,863,1619
5368.560005,822,1620
5368.565007,862,1614
5368.570006,858,1613
5368.575006,845,1611
5368.580006,841,1611
5368.585007,865,1602
5368.590005,836,1609
5368.595006,848,1606
5368.600006,872,1605
5368.605005,857,1605
5368.610007,840,1603
5368.615007,847,1604
5368.620006,874,1600
5368.625006,826,1605
5368.630006,841,1607
5368.635006,864,1602
5368.640007,854,1600
5368.645006,834,1601
5368.650005,851,1606
5368.655006,854,1603
5368.660007,826,1602
5368.665006,845,1602
5368.670006,873,1595
5368.675006,836,1601
5368.680006,835,1599
5368.685005,876,1595
5368.690006,844,1596
5368.695005,827,1596
5368.700005,868,1593
5368.705005,845,1595
5368.710005,833,1586
5368.715006,857,1594
5368.720006,859,1592
5368.725007,814,1594
5368.730005,840,1588
5368.735007,855,1593
5368.740006,830,1586
5368.745006,834,1583
5368.750007,855,1584
5368.755005,861,1574
5368.760005,819,1588
5368.765007,858,1586
5368.770006,853,1586
5368.775006,834,1577
5368.780005,837,1584
5368.785006,869,1587
5368.790006,848,1587
5368.795006,834,1589
5368.800006,861,1594
5368.805006,848,1597
5368.810006,820,1602
5368.815006,854,1599
5368.820006,855,1603
5368.825006,836,1604
5368.830006,836,1604
5368.835007,871,1607
5368.840005,834,1613
5368.845007,842,1613
5368.850006,854,1614
5368.855005,865,1614
5368.860006,832,1617
5368.865006,848,1611
5368.870005,853,1617
5368.875005,831,1623
5368.880005,834,1617
5368.885006,857,1627
5368.890005,850,1624
5368.895006,829,1626
5368.900005,875,1616
5368.905007,872,1621
5368.910005,822,1628
5368.915006,860,1626
5368.920007,864,1628
5368.925005,831,1631
5368.930006,845,1630
5368.935007,860,1629
5368.940007,859,1626
5368.945006,829,1628
5368.950006,879,1632
5368.955007,846,1635
5368.960007,836,1632
5368.965006,848,1634
5368.970007,869,1632
5368.975005,826,1636
5368.980007,850,1633
5368.985006,863,1633
5368.990005,859,1635
5368.995005,828,1638
5369.000006,874,1631
5369.005006,852,1635
5369.010006,822,1633
5369.015007,855,1630
5369.020006,872,1628
5369.025005,840,1628
5369.030007,840,1625
5369.035007,861,1627
5369.040007,852,1616
5369.045005,832,1624
5369.050005,872,1621
5369.055006,852,1619
5369.060006,841,1619
5369.065006,847,1619
5369.070006,868,1608
5369.075006,826,1616
5369.080007,845,1614
5369.085006,859,1613
5369.090006,846,1612
5369.095007,841,1608
5369.100006,869,1611
5369.105006,873,1608
5369.110005,837,1612
5369.115005,840,1615
5369.120005,860,1617
5369.125005,845,1609
5369.130006,830,1613
5369.135006,874,1612
5369.140006,838,1614
5369.145005,843,1612
5369.150006,861,1616
5369.155007,860,1614
5369.160005,828,1618
5369.165005,846,1615
5369.170005,874,1618
5369.175006,827,1617
5369.180006,850,1618
5369.185006,871,1618
5369.190005,844,1619
5369.195007,844,1621
5369.200006,858,1624
5369.205006,849,1615
5369.210006,837,1621
5369.215006,846,1625
5369.220006,873,1621
5369.225006,821,1620
5369.230005,841,1624
5369.235007,864,1624
5369.240007,841,1628
5369.245006,848,1622
5369.250007,874,1622
5369.255005,860,1627
5369.260006,820,1625
5369.265007,850,1625
5369.270006,872,1623
5369.275005,829,1621
5369.280006,845,1621
5369.285006,879,1622
5369.290007,836,1621
5369.295006,835,1618
5369.300006,878,1615
5369.305007,852,1618
5369.310006,840,1612
5369.315006,850,1615
5369.320006,866,1614
5369.325005,834,1612
5369.330005,849,1610
5369.335005,861,1618
5369.340005,858,1617
5369.345006,834,1616
5369.350005,861,1621
5369.355006,869,1621
5369.360006,828,1625
5369.365006,859,1614
5369.370006,866,1626
5369.375006,831,1626
5369.380006,847,1628
5369.385007,862,1624
5369.390007,847,1632
5369.395006,843,1622
5369.400005,878,1633
5369.405005,856,1636
5369.410006,822,1639
5369.415007,850,1630
5369.420005,858,1637
5369.425005,829,1638
5369.430007,853,1636
5369.435005,868,1637
5369.440007,834,1641
5369.445006,845,1635
5369.450006,859,1637
5369.455006,870,1633
5369.460005,821,1637
5369.465005,864,1632
5369.470006,857,1632
5369.475007,841,1629
5369.480007,826,1627
5369.485007,861,1624
5369.490006,836,1623
5369.495005,842,1620
5369.500006,859,1620
5369.505006,861,1618
5369.510006,835,1614
5369.515006,846,1611
5369.520006,851,1607
5369.525006,828,1613
5369.530006,843,1604
5369.535006,859,1610
5369.540006,857,1601
5369.545007,825,1607
5369.550005,871,1606
5369.555006,846,1606
5369.560005,833,1604
5369.565006,854,1601
5369.570006,853,1603
5369.575005,826,1592
5369.580005,831,1604
5369.585005,872,1603
5369.590005,832,1602
5369.595007,836,1602
5369.600005,864,1601
5369.605006,847,1605
5369.610006,831,1602
5369.615005,858,1597
5369.620005,857,1603
5369.625005,824,1607
5369.630005,846,1607
5369.635005,856,1611
5369.640006,853,1610
5369.645006,829,1612
5369.650007,869,1612
5369.655006,865,1615
5369.660006,824,1605
5369.665007,852,1617
5369.670006,859,1613
5369.675007,835,1618
5369.680005,853,1619
5369.685007,860,1621
5369.690007,856,1624
5369.695007,827,1620
5369.700007,861,1626
5369.705007,866,1627
5369.710006,835,1629
5369.715007,845,1628
5369.720007,853,1630
5369.725005,837,1630
5369.730007,831,1632
5369.735007,871,1631
5369.740006,837,1631
5369.745005,841,1631
5369.750005,882,1627
5369.755005,862,1631
5369.760006,826,1628
5369.765006,861,1624
5369.770005,870,1627
5369.775006,821,1627
5369.780006,848,1621
5369.785005,861,1624
5369.790005,854,1616
5369.795006,839,1621
5369.800007,857,1618
5369.805006,876,1612
5369.810006,830,1612
5369.815006,860,1605
5369.820005,851,1616
5369.825005,830,1610
5369.830006,826,1613
5369.835006,877,1610
5369.840007,850,1604
5369.845006,827,1607
5369.850005,866,1604
5369.855006,847,1608
5369.860005,826,1598
5369.865005,862,1599
5369.870006,853,1598
5369.875006,837,1595
5369.880006,835,1595
5369.885006,859,1589
5369.890007,851,1594
5369.895006,826,1595
5369.900005,855,1597
5369.905006,863,1594
5369.910006,837,1596
5369.915007,844,1599
5369.920006,873,1599
5369.925006,831,1600
5369.930007,830,1603
5369.935005,872,1595
5369.940007,842,1614
5369.945007,841,1605
5369.950006,856,1612
5369.955006,860,1613
5369.960007,843,1609
5369.965006,857,1610
5369.970006,858,1618
5369.975006,819,1614
5369.980006,840,1614
5369.985006,867,1619
5369.990006,833,1620
5369.995005,843,1624
5370.000005,852,1626
5370.005005,861,1626
5370.010005,832,1625
5370.015006,838,1631
5370.020006,875,1626
5370.025006,830,1629
5370.030005,840,1626
5370.035005,878,1632
5370.040005,848,1630
5370.045005,843,1629
5370.050006,872,1629
5370.055007,851,1631
5370.060006,831,1628
5370.065006,858,1631
5370.070006,858,1634
5370.075006,834,1629
5370.080006,831,1630
5370.085006,870,1627
5370.090007,863,1627
5370.095005,830,1629
5370.100006,880,1632
5370.105006,854,1632
5370.110006,824,1633
5370.115005,858,1629
5370.120005,855,1631
5370.125006,832,1629
5370.130006,850,1625
5370.135007,868,1627
5370.140007,855,1625
5370.145006,836,1626
5370.150006,858,1629
5370.155005,865,1625
5370.160005,841,1624
5370.165005,844,1623
5370.170005,866,1620
5370.175006,822,1621
5370.180006,837,1614
5370.185005,856,1607
5370.190005,858,1607
5370.195006,827,1604
5370.200005,877,1595
5370.205006,864,1594
5370.210007,830,1588
5370.215007,840,1587
5370.220006,852,1581
5370.225006,829,1578
5370.230006,841,1571
5370.235005,873,1569
5370.240005,854,1566
5370.245006,823,1567
5370.250006,869,1563
5370.255006,849,1560
5370.260006,831,1560
5370.265006,857,1554
5370.270005,849,1560
5370.275007,835,1562
5370.280006,822,1565
5370.285006,862,1558
5370.290005,832,1563
5370.295005,838,1565
5370.300005,854,1564
5370.305006,863,1558
5370.310007,815,1572
5370.315006,850,1566
5370.320006,862,1569
5370.325006,826,1572
5370.330007,847,1570
5370.335007,868,1572
5370.340005,841,1573
5370.345007,839,1570
5370.350006,850,1578
5370.355005,868,1572
5370.360006,815,1575
5370.365005,849,1574
5370.370006,869,1572
5370.375006,819,1576
5370.380006,838,1572
5370.385006,856,1576
5370.390006,849,1574
5370.395006,837,1573
5370.400007,860,1576
5370.405007,846,1580
5370.410007,830,1581
5370.415006,836,1582
5370.420006,869,1582
5370.425006,827,1585
5370.430006,847,1591
5370.435005,881,1589
5370.440006,836,1600
5370.445006,833,1599
5370.450006,878,1600
5370.455006,849,1611
5370.460006,843,1609
5370.465007,848,1617
5370.470005,853,1622
5370.475006,840,1624
5370.480006,840,1629
5370.485006,877,1632
5370.490005,848,1635
5370.495005,846,1637
5370.500005,856,1644
5370.505006,861,1644
5370.510006,835,1648
5370.515006,859,1644
5370.520005,857,1653
5370.525006,833,1651
5370.530006,834,1656
5370.535006,876,1650
5370.540006,867,1648
5370.545005,848,1650
5370.550006,857,1651
5370.555006,875,1645
5370.560005,847,1644
5370.565007,850,1647
5370.570005,881,1642
5370.575005,825,1640
5370.580005,847,1644
5370.585005,867,1645
5370.590005,845,1642
5370.595005,846,1644
5370.600006,867,1644
5370.605007,854,1645
5370.610006,831,1640
5370.615006,867,1641
5370.620006,865,1632
5370.625007,841,1647
5370.630006,831,1651
5370.635007,866,1648
5370.640006,865,1647
5370.645006,831,1648
5370.650006,870,1646
5370.655005,852,1651
5370.660006,826,1640
5370.665007,858,1645
5370.670006,868,1648
5370.675007,831,1646
5370.680005,852,1647
5370.685006,866,1640
5370.690006,854,1646
5370.695005,850,1643
5370.700006,865,1647
5370.705007,877,1643
5370.710006,832,1645
5370.715007,860,1645
5370.720006,859,1649
5370.725006,836,1645
5370.730006,854,1645
5370.735006,860,1647
5370.740005,853,1641
5370.745005,832,1644
5370.750005,880,1642
5370.755005,857,1642
5370.760006,846,1638
5370.765006,845,1635
5370.770005,872,1642
5370.775006,849,1636
5370.780005,844,1627
5370.785005,870,1633
5370.790005,862,1635
5370.795005,830,1634
5370.800005,877,1627
5370.805006,859,1630
5370.810005,845,1625
5370.815006,842,1629
5370.820006,875,1622
5370.825006,828,1624
5370.830006,828,1622
5370.835006,878,1622
5370.840006,843,1621
5370.845006,842,1616
5370.850005,863,1615
5370.855006,866,1615
5370.860005,833,1614
5370.865005,846,1610
5370.870006,851,1611
5370.875006,829,1615
5370.880006,850,1608
5370.885006,860,1611
5370.890006,858,1603
5370.895005,825,1605
5370.900006,853,1603
5370.905005,851,1604
5370.910005,832,1600
5370.915006,848,1597
5370.920007,859,1590
5370.925005,843,1590
5370.930006,830,1596
5370.935005,875,1590
5370.940006,837,1593
5370.945007,830,1591
5370.950006,868,1591
5370.955006,869,1594
5370.960006,829,1594
5370.965006,840,1595
5370.970007,856,1596
5370.975005,840,1597
5370.980006,828,1603
5370.985006,877,1600
5370.990005,846,1602
5370.995006,828,1593
5371.000006,871,1605
5371.005006,851,1607
5371.010006,833,1612
5371.015006,854,1612
5371.020005,858,1613
5371.025006,842,1614
5371.030006,848,1613
5371.035006,860,1617
5371.040006,856,1616
5371.045007,827,1619
5371.050005,871,1617
5371.055006,851,1621
5371.060006,838,1618
5371.065006,841,1624
5371.070006,875,1621
5371.075006,828,1619
5371.080007,853,1615
5371.085006,864,1618
5371.090006,864,1618
5371.095006,824,1618
5371.100005,871,1620
5371.105006,864,1619
5371.110005,825,1620
5371.115005,840,1622
5371.120006,877,1619
5371.125006,828,1621
5371.130007,835,1613
5371.135005,866,1621
5371.140006,843,1627
5371.145005,829,1625
5371.150006,880,1624
5371.155006,861,1622
5371.160006,837,1614
5371.165006,848,1622
5371.170007,876,1620
5371.175006,835,1622
5371.180007,845,1612
5371.185005,863,1621
5371.190006,842,1623
5371.195005,828,1616
5371.200005,869,1620
5371.205005,873,1619
5371.210005,839,1620
5371.215005,840,1620
5371.220005,866,1621
5371.225006,828,1619
5371.230005,827,1626
5371.235007,872,1621
5371.240007,847,1624
5371.245006,849,1625
5371.250006,860,1628
5371.255006,864,1614
5371.260006,827,1628
5371.265006,858,1627
5371.270006,856,1629
5371.275006,842,1626
5371.280006,827,1626
5371.285006,862,1628
5371.290006,856,1619
5371.295006,840,1626
5371.300006,857,1624
5371.305006,848,1621
5371.310005,821,1617
5371.315007,852,1620
5371.320007,856,1620
5371.325007,840,1607
5371.330007,837,1617
5371.335006,879,1608
5371.340007,842,1608
5371.345006,820,1609
5371.350005,864,1600
5371.355006,845,1599
5371.360006,827,1594
5371.365005,859,1585
5371.370006,856,1584
5371.375006,823,1584
5371.380007,843,1580
5371.385007,867,1576
5371.390006,836,1577
5371.395006,820,1576
5371.400005,858,1571
5371.405007,852,1570
5371.410007,840,1564
5371.415006,837,1565
5371.420006,851,1562
5371.425006,835,1563
5371.430007,830,1559
5371.435006,859,1558
5371.440005,856,1553
5371.445006,827,1555
5371.450005,850,1558
5371.455005,860,1555
5371.460006,814,1554
5371.465006,828,1555
5371.470006,867,1557
5371.475006,829,1556
5371.480005,829,1557
5371.485006,849,1562
5371.490006,854,1559
5371.495006,820,1560
5371.500007,868,1556
5371.505007,847,1565
5371.510007,811,1565
5371.515006,845,1563
5371.520005,866,1565
5371.525007,829,1561
5371.530007,827,1557
5371.535007,852,1569
5371.540007,854,1570
5371.545007,831,1571
5371.550005,849,1571
5371.555006,858,1571
5371.560006,822,1573
5371.565005,834,1576
5371.570006,852,1571
5371.575005,830,1564
5371.580006,821,1573
5371.585007,866,1567
5371.590006,836,1569
5371.595006,826,1560
5371.600006,857,1569
5371.605005,843,1568
5371.610006,829,1569
5371.615006,841,1569
5371.620005,863,1558
5371.625005,821,1567
5371.630005,837,1561
5371.635006,848,1566
5371.640006,830,1562
5371.645006,827,1562
5371.650006,853,1560
5371.655006,849,1560
5371.660006,832,1554
5371.665006,832,1562
5371.670007,864,1558
5371.675006,817,1563
5371.680007,834,1561
5371.685005,866,1561
5371.690006,846,1564
5371.695005,813,1571
5371.700006,848,1572
5371.705006,839,1575
5371.710006,818,1574
5371.715006,845,1575
5371.720006,846,1585
5371.725005,831,1584
5371.730006,834,1587
5371.735005,854,1587
5371.740005,850,1589
5371.745005,818,1592
5371.750005,872,1588
5371.755006,853,1593
5371.760007,819,1584
5371.765005,836,1595
5371.770007,857,1578
5371.775006,819,1598
5371.780005,839,1595
5371.785005,858,1596
5371.790006,845,1597
5371.795007,817,1598
5371.800005,853,1595
5371.805007,850,1598
5371.810006,833,1598
5371.815005,831,1598
5371.820006,866,1597
5371.825007,825,1598
5371.830007,844,1600
5371.835006,866,1596
5371.840006,843,1600
5371.845007,831,1591
5371.850005,862,1597
5371.855007,857,1596
5371.860006,813,1600
5371.865006,841,1597
5371.870006,865,1596
5371.875006,826,1596
5371.880006,839,1596
5371.885006,858,1596
5371.890006,838,1598
5371.895006,841,1596
5371.900005,853,1595
5371.905006,844,1595
5371.910007,834,1594
5371.915006,832,1594
5371.920007,868,1583
5371.925006,837,1592
5371.930007,826,1589
5371.935005,858,1588
5371.940006,857,1587
5371.945005,824,1588
5371.950005,869,1588
5371.955005,857,1588
5371.960006,813,1587
5371.965006,849,1585
5371.970007,848,1588
5371.975007,833,1584
5371.980006,822,1586
5371.985005,865,1579
5371.990005,837,1585
5371.995006,829,1578
5372.000007,852,1578
5372.005006,858,1575
5372.010006,821,1573
5372.015006,842,1572
5372.020006,853,1569
5372.025005,838,1564
5372.030006,840,1568
5372.035006,850,1570
5372.040006,844,1560
5372.045007,822,1567
5372.050005,861,1565
5372.055006,850,1569
5372.060005,828,1557
5372.065007,847,1571
5372.070006,857,1575
5372.075005,822,1572
5372.080005,836,1573
5372.085005,859,1582
5372.090005,839,1581
5372.095007,814,1583
5372.100005,863,1580
5372.105007,866,1584
5372.110006,821,1589
5372.115006,833,1592
5372.120006,848,1595
5372.125006,842,1593
5372.130006,839,1596
5372.135006,856,1596
5372.140006,861,1593
5372.145007,820,1601
5372.150005,847,1604
5372.155007,863,1602
5372.160007,816,1603
5372.165006,855,1598
5372.170007,873,1600
5372.175006,828,1603
5372.180006,831,1605
5372.185006,872,1605
5372.190007,842,1609
5372.195006,819,1607
5372.200007,859,1608
5372.205006,852,1595
5372.210007,833,1604
5372.215006,841,1604
5372.220007,869,1603
5372.225005,832,1601
5372.230006,840,1592
5372.235006,872,1601
5372.240005,843,1602
5372.245005,835,1601
5372.250005,851,1590
5372.255005,844,1605
5372.260005,826,1599
5372.265006,835,1599
5372.270006,853,1600
5372.275006,844,1600
5372.280005,838,1598
5372.285006,855,1601
5372.290007,839,1603
5372.295005,842,1595
5372.300005,852,1599
5372.305007,855,1599
5372.310005,812,1596
5372.315006,847,1598
5372.320005,861,1594
5372.325006,822,1594
5372.330006,825,1594
5372.335007,870,1588
5372.340005,852,1593
5372.345007,840,1593
5372.350007,853,1596
5372.355006,841,1600
5372.360005,833,1601
5372.365005,829,1606
5372.370006,867,1601
5372.375007,833,1604
5372.380005,847,1601
5372.385006,856,1608
5372.390006,849,1606
5372.395006,818,1610
5372.400006,858,1611
5372.405006,857,1611
5372.410006,834,1607
5372.415007,827,1612
5372.420006,870,1612
5372.425006,834,1615
5372.430006,840,1612
5372.435005,866,1612
5372.440006,838,1617
5372.445006,836,1615
5372.450006,849,1616
5372.455006,865,1618
5372.460007,816,1616
5372.465005,829,1620
5372.470006,850,1612
5372.475005,826,1619
5372.480007,844,1616
5372.485006,866,1617
5372.490005,844,1616
5372.495005,838,1616
5372.500005,872,1613
5372.505005,861,1614
5372.510006,824,1616
5372.515006,834,1615
5372.520005,873,1614
5372.525006,838,1611
5372.530006,835,1615
5372.535005,869,1617
5372.540005,856,1612
5372.545005,833,1613
5372.550006,855,1612
5372.555007,844,1613
5372.560006,816,1615
5372.565006,848,1615
5372.570005,857,1613
5372.575005,822,1614
5372.580005,849,1612
5372.585005,875,1614
5372.590006,846,1613
5372.595007,827,1610
5372.600005,852,1615
5372.605007,845,1612
5372.610006,824,1609
5372.615006,831,1611
5372.620005,879,1606
5372.625005,833,1606
5372.630005,836,1605
5372.635006,873,1604
5372.640006,854,1599
5372.645007,822,1604
5372.650006,873,1599
5372.655005,851,1604
5372.660006,830,1599
5372.665006,833,1599
5372.670006,877,1593
5372.675006,831,1599
5372.680007,843,1596
5372.685005,874,1597
5372.690007,844,1600
5372.695006,825,1592
5372.700007,863,1601
5372.705007,857,1603
5372.710005,820,1606
5372.715006,846,1602
5372.720006,859,1600
5372.725005,832,1603
5372.730006,826,1607
5372.735005,870,1605
5372.740006,862,1603
5372.745006,833,1603
5372.750006,872,1603
5372.755006,851,1606
5372.760007,816,1605
5372.765006,846,1602
5372.770005,860,1604
5372.775005,824,1604
5372.780006,837,1601
5372.785005,864,1602
5372.790006,866,1604
5372.795007,826,1600
5372.800005,864,1601
5372.805007,857,1603
5372.810006,831,1601
5372.815006,850,1600
5372.820005,859,1600
5372.825006,827,1604
5372.830006,843,1600
5372.835006,860,1602
5372.840006,862,1600
5372.845006,821,1603
5372.850005,864,1599
5372.855006,853,1602
5372.860007,838,1601
5372.865006,852,1599
5372.870005,870,1599
5372.875005,827,1604
5372.880005,827,1601
5372.885006,869,1603
5372.890007,844,1606
5372.895005,842,1604
5372.900006,867,1606
5372.905006,848,1608
5372.910007,830,1605
5372.915006,851,1609
5372.920005,867,1604
5372.925006,822,1611
5372.930007,843,1606
5372.935005,874,1608
5372.940006,847,1611
5372.945005,827,1611
5372.950005,852,1611
5372.955005,875,1608
5372.960005,840,1608
5372.965005,843,1609
5372.970006,864,1612
5372.975007,842,1611
5372.980005,841,1612
5372.985006,857,1614
5372.990006,852,1613
5372.995006,842,1610
5373.000006,863,1615
5373.005007,856,1616
5373.010006,832,1619
5373.015006,836,1620
5373.020006,873,1620
5373.025006,829,1622
5373.030005,848,1622
5373.035006,870,1626
5373.040006,849,1627
5373.045006,834,1628
5373.050006,857,1628
5373.055005,858,1624
5373.060006,843,1627
5373.065005,843,1630
5373.070006,872,1626
5373.075006,835,1629
5373.080006,835,1634
5373.085007,863,1632
5373.090006,856,1622
5373.095006,843,1631
5373.100006,864,1631
5373.105005,860,1631
5373.110007,825,1633
5373.115007,831,1631
5373.120007,867,1631
5373.125005,829,1632
5373.130006,854,1629
5373.135006,872,1628
5373.140006,853,1629
5373.145006,842,1627
5373.150006,851,1632
5373.155005,866,1628
5373.160006,833,1628
5373.165007,845,1629
5373.170006,869,1628
5373.175006,837,1632
5373.180006,833,1633
5373.185006,860,1635
5373.190006,868,1627
5373.195005,843,1631
5373.200005,861,1633
5373.205006,852,1635
5373.210006,822,1635
5373.215007,832,1638
5373.220005,877,1636
5373.225005,841,1634
5373.230007,842,1637
5373.235007,858,1643
5373.240006,871,1634
5373.245007,840,1636
5373.250006,856,1637
5373.255006,857,1637
5373.260007,825,1636
5373.265006,831,1638
5373.270005,874,1638
5373.275006,836,1635
5373.280005,849,1634
5373.285006,866,1635
5373.290006,847,1634
5373.295006,828,1631
5373.300006,871,1629
5373.305006,873,1629
5373.310005,832,1628
5373.315007,836,1629
5373.320006,857,1630
5373.325005,833,1630
5373.330005,840,1616
5373.335005,875,1625
5373.340005,851,1626
5373.345006,843,1623
5373.350006,865,1621
5373.355006,861,1622
5373.360006,830,1623
5373.365005,837,1624
5373.370005,869,1620
5373.375006,832,1622
5373.380006,840,1622
5373.385006,861,1626
5373.390006,866,1619
5373.395005,833,1621
5373.400007,850,1621
5373.405007,875,1616
5373.410006,840,1615
5373.415007,838,1615
5373.420006,855,1617
5373.425006,851,1612
5373.430007,847,1611
5373.435007,863,1610
5373.440006,857,1600
5373.445005,831,1606
5373.450006,860,1604
5373.455006,872,1600
5373.460006,837,1598
5373.465007,835,1599
5373.470005,856,1597
5373.475006,850,1589
5373.480005,824,1597
5373.485007,865,1593
5373.490006,856,1593
5373.495005,838,1589
5373.500006,856,1587
5373.505007,866,1585
5373.510006,825,1585
5373.515007,843,1582
5373.520005,856,1585
5373.525007,845,1581
5373.530006,840,1582
5373.535005,859,1581
5373.540005,848,1578
5373.545005,833,1577
5373.550005,855,1578
5373.555005,859,1575
5373.560007,824,1578
5373.565006,834,1578
5373.570005,868,1579
5373.575006,840,1572
5373.580006,827,1578
5373.585006,858,1585
5373.590006,870,1578
5373.595006,840,1579
5373.600005,856,1584
5373.605006,862,1582
5373.610006,820,1585
5373.615005,837,1586
5373.620005,857,1588
5373.625005,824,1590
5373.630006,842,1589
5373.635006,869,1593
5373.640007,849,1593
5373.645005,842,1592
5373.650007,860,1591
5373.655006,857,1595
5373.660005,818,1598
5373.665006,847,1596
5373.670006,854,1599
5373.675007,829,1596
5373.680007,845,1595
5373.685005,874,1599
5373.690006,854,1601
5373.695005,828,1602
5373.700006,855,1605
5373.705007,852,1606
5373.710007,824,1606
5373.715005,829,1609
5373.720006,879,1609
5373.725007,844,1613
5373.730007,836,1610
5373.735006,863,1614
5373.740007,855,1615
5373.745006,824,1615
5373.750005,857,1613
5373.755006,859,1617
5373.760006,825,1620
5373.765006,834,1623
5373.770007,883,1616
5373.775007,851,1620
5373.780006,841,1621
5373.785006,867,1622
5373.790007,861,1622
5373.795006,832,1622
5373.800005,854,1627
5373.805006,875,1622
5373.810006,842,1626
5373.815005,855,1624
5373.820007,873,1627
5373.825007,841,1627
5373.830006,833,1631
5373.835006,858,1632
5373.840006,862,1629
5373.845006,840,1630
5373.850005,869,1634
5373.855007,852,1633
5373.860006,837,1624
5373.865006,845,1636
5373.870006,873,1637
5373.875007,843,1634
5373.880006,832,1640
5373.885005,862,1644
5373.890006,870,1639
5373.895006,829,1642
5373.900005,853,1645
5373.905007,872,1639
5373.910006,837,1643
5373.915006,846,1643
5373.920006,864,1644
5373.925007,847,1638
5373.930005,837,1642
5373.935006,864,1641
5373.940005,851,1644
5373.945005,846,1639
5373.950005,867,1640
5373.955006,861,1638
5373.960006,824,1642
5373.965006,852,1635
5373.970006,876,1634
5373.975006,844,1634
5373.980006,838,1632
5373.985005,859,1635
5373.990005,867,1632
5373.995005,827,1633
5374.000006,871,1631
5374.005007,863,1630
5374.010006,823,1631
5374.015006,833,1628
5374.020006,873,1626
5374.025005,845,1622
5374.030006,837,1622
5374.035005,862,1624
5374.040005,858,1621
5374.045006,828,1622
5374.050007,860,1618
5374.055005,859,1621
5374.060006,829,1618
5374.065005,840,1619
5374.070006,863,1617
5374.075006,827,1619
5374.080006,837,1608
5374.085007,875,1615
5374.090006,864,1612
5374.095006,828,1617
5374.100005,869,1612
5374.105007,851,1615
5374.110006,831,1603
5374.115005,847,1609
5374.120006,860,1611
5374.125006,831,1612
5374.130005,843,1600
5374.135005,857,1608
5374.140006,860,1607
5374.145006,824,1610
5374.150006,868,1605
5374.155005,863,1604
5374.160005,830,1604
5374.165006,834,1604
5374.170007,855,1597
5374.175006,852,1601
5374.180006,845,1601
5374.185006,862,1598
5374.190005,849,1601
5374.195007,822,1601
5374.200005,866,1596
5374.205005,853,1601
5374.210005,840,1599
5374.215005,843,1598
5374.220006,863,1599
5374.225007,846,1598
5374.230006,834,1600
5374.235006,867,1597
5374.240006,855,1598
5374.245006,818,1601
5374.250006,870,1596
5374.255006,856,1599
5374.260007,823,1600
5374.265006,832,1598
5374.270005,865,1593
5374.275006,841,1595
5374.280006,841,1596
5374.285006,865,1597
5374.290007,858,1597
5374.295005,821,1599
5374.300005,845,1600
5374.305006,859,1589
5374.310005,837,1595
5374.315007,829,1597
5374.320005,857,1597
5374.325005,828,1598
5374.330006,825,1597
5374.335007,871,1593
5374.340006,855,1592
5374.345007,837,1590
5374.350007,857,1592
5374.355006,851,1591
5374.360005,825,1580
5374.365005,834,1578
5374.370005,870,1582
5374.375005,842,1582
5374.380005,830,1584
5374.385005,854,1584
5374.390007,857,1580
5374.395006,830,1579
5374.400006,861,1578
5374.405005,854,1583
5374.410006,815,1579
5374.415006,846,1580
5374.420007,854,1582
5374.425005,826,1585
5374.430006,836,1582
5374.435006,868,1584
5374.440005,848,1587
5374.445007,831,1578
5374.450006,869,1585
5374.455006,858,1587
5374.460007,818,1592
5374.465007,840,1589
5374.470005,857,1594
5374.475007,843,1594
5374.480006,831,1595
5374.485005,875,1597
5374.490006,857,1597
5374.495006,823,1601
5374.500007,844,1602
5374.505007,851,1603
5374.510005,826,1603
5374.515006,839,1604
5374.520005,867,1600
5374.525006,844,1608
5374.530005,832,1607
5374.535005,854,1608
5374.540006,862,1606
5374.545006,828,1610
5374.550007,850,1611
5374.555005,853,1610
5374.560006,821,1611
5374.565006,848,1614
5374.570005,871,1613
5374.575005,848,1615
5374.580006,826,1619
5374.585007,862,1621
5374.590006,874,1618
5374.595006,843,1624
5374.600005,865,1625
5374.605007,865,1630
5374.610007,826,1629
5374.615007,834,1634
5374.620007,874,1627
5374.625006,847,1638
5374.630006,845,1638
5374.635005,875,1642
5374.640007,859,1642
5374.645005,835,1646
5374.650007,858,1646
5374.655007,863,1647
5374.660006,832,1649
5374.665007,838,1651
5374.670005,862,1653
5374.675005,849,1652
5374.680007,838,1656
5374.685006,866,1658
5374.690007,855,1659
5374.695006,846,1657
5374.700005,867,1662
5374.705005,862,1662
5374.710005,834,1664
5374.715005,845,1663
5374.720005,868,1665
5374.725006,848,1665
5374.730006,839,1665
5374.735005,890,1664
5374.740006,871,1668
5374.745006,841,1672
5374.750006,861,1672
5374.755007,859,1679
5374.760006,826,1676
5374.765007,848,1678
5374.770006,863,1679
5374.775005,842,1684
5374.780006,840,1687
5374.785005,867,1688
5374.790005,880,1685
5374.795006,837,1690
5374.800006,857,1689
5374.805006,886,1686
5374.810006,850,1690
5374.815005,853,1689
5374.820006,872,1690
5374.825006,863,1687
5374.830007,836,1693
5374.835006,891,1689
5374.840007,873,1691
5374.845005,837,1692
5374.850007,853,1686
5374.855006,874,1689
5374.860007,835,1688
5374.865007,840,1692
5374.870006,888,1686
5374.875007,845,1685
5374.880007,846,1684
5374.885005,876,1686
5374.890006,859,1687
5374.895006,849,1680
5374.900005,860,1683
5374.905006,873,1682
5374.910005,835,1675
5374.915006,855,1678
5374.920006,869,1678
5374.925006,842,1678
5374.930006,856,1677
5374.935006,881,1674
5374.940005,866,1676
5374.945007,838,1673
5374.950007,868,1676
5374.955006,869,1675
5374.960007,832,1670
5374.965005,838,1677
5374.970006,868,1676
5374.975007,847,1675
5374.980006,846,1673
5374.985005,876,1671
5374.990006,861,1669
5374.995005,845,1666
5375.000006,863,1666
5375.005006,871,1662
5375.010006,848,1660
5375.015006,840,1661
5375.020005,869,1657
5375.025006,843,1658
5375.030006,835,1655
5375.035006,880,1643
5375.040007,853,1650
5375.045005,845,1646
5375.050006,859,1646
5375.055006,858,1643
5375.060005,837,1641
5375.065007,854,1636
5375.070007,875,1633
5375.075006,847,1630
5375.080006,842,1629
5375.085006,863,1628
5375.090005,854,1624
5375.095007,841,1618
5375.100006,854,1618
5375.105006,868,1612
5375.110005,831,1613
5375.115006,840,1613
5375.120005,870,1613
5375.125005,841,1608
5375.130006,835,1606
5375.135006,873,1605
5375.140005,853,1604
5375.145006,820,1606
5375.150005,849,1601
5375.155006,850,1598
5375.160007,818,1597
5375.165007,849,1595
5375.170005,877,1592
5375.175005,837,1594
5375.180006,842,1587
5375.185005,852,1596
5375.190007,848,1589
5375.195007,837,1586
5375.200005,853,1587
5375.205005,859,1585
5375.210006,840,1586
5375.215007,836,1584
5375.220005,862,1584
5375.225006,838,1579
5375.230005,820,1579
5375.235006,872,1578
5375.240005,852,1576
5375.245005,816,1576
5375.250006,858,1570
5375.255006,858,1572
5375.260006,830,1572
5375.265007,824,1568
5375.270006,853,1574
5375.275005,827,1574
5375.280007,822,1578
5375.285006,861,1573
5375.290006,849,1576
5375.295007,826,1577
5375.300006,850,1578
5375.305006,855,1579
5375.310005,813,1584
5375.315007,846,1580
5375.320007,865,1575
5375.325006,831,1583
5375.330007,827,1583
5375.335006,869,1575
5375.340007,863,1583
5375.345005,831,1584
5375.350007,849,1585
5375.355006,842,1588
5375.360005,815,1577
5375.365006,839,1585
5375.370005,860,1584
5375.375006,823,1588
5375.380006,842,1586
5375.385006,873,1587
5375.390006,861,1589
5375.395005,831,1586
5375.400006,848,1589
5375.405007,844,1595
5375.410007,830,1593
5375.415006,846,1594
5375.420006,862,1596
5375.425007,822,1600
5375.430006,845,1597
5375.435006,852,1601
5375.440005,841,1604
5375.445006,836,1602
5375.450006,856,1604
5375.455006,857,1606
5375.460006,819,1608
5375.465006,825,1612
5375.470007,875,1610
5375.475006,846,1615
5375.480005,837,1615
5375.485007,861,1616
5375.490006,847,1624
5375.495006,840,1619
5375.500006,852,1623
5375.505006,854,1628
5375.510007,841,1627
5375.515006,844,1628
5375.520006,858,1634
5375.525006,831,1635
5375.530005,844,1632
5375.535006,864,1636
5375.540007,847,1638
5375.545005,840,1636
5375.550006,854,1640
5375.555007,856,1641
5375.560006,830,1637
5375.565006,844,1637
5375.570006,867,1637
5375.575005,838,1638
5375.580006,832,1640
5375.585007,865,1638
5375.590005,873,1630
5375.595006,841,1635
5375.600006,853,1637
5375.605006,862,1637
5375.610005,829,1634
5375.615005,831,1636
5375.620006,869,1633
5375.625007,855,1629
5375.630005,835,1634
5375.635006,866,1630
5375.640006,863,1621
5375.645006,840,1630
5375.650006,849,1631
5375.655005,854,1631
5375.660006,834,1624
5375.665007,826,1628
5375.670007,871,1625
5375.675005,846,1626
5375.680005,836,1624
5375.685006,860,1626
5375.690005,863,1615
5375.695006,833,1621
5375.700007,843,1627
5375.705006,868,1607
5375.710007,832,1619
5375.715006,841,1617
5375.720006,854,1620
5375.725006,856,1616
5375.730005,844,1609
5375.735006,877,1613
5375.740005,861,1612
5375.745006,831,1611
5375.750007,844,1614
5375.755005,850,1611
5375.760006,840,1612
5375.765007,844,1608
5375.770006,866,1609
5375.775006,834,1610
5375.780005,835,1598
5375.785005,866,1607
5375.790005,851,1609
5375.795006,838,1601
5375.800006,869,1605
5375.805006,871,1604
5375.810006,838,1602
5375.815005,837,1608
5375.820006,855,1608
5375.825005,832,1609
5375.830006,826,1610
5375.835007,868,1604
5375.840006,851,1608
5375.845007,841,1601
5375.850005,850,1607
5375.855006,853,1604
5375.860006,822,1606
5375.865005,846,1603
5375.870005,864,1605
5375.875005,834,1606
5375.880005,843,1602
5375.885005,873,1601
5375.890006,854,1601
5375.895006,821,1602
5375.900005,865,1596
5375.905007,869,1600
5375.910006,824,1603
5375.915006,833,1601
5375.920006,873,1598
5375.925007,845,1598
5375.930005,833,1598
5375.935006,859,1597
5375.940005,847,1599
5375.945007,833,1594
5375.950006,861,1593
5375.955006,868,1594
5375.960006,815,1592
5375.965006,833,1589
5375.970006,856,1590
5375.975006,831,1590
5375.980005,844,1589
5375.985007,877,1589
5375.990007,856,1588
5375.995007,837,1584
5376.000007,851,1591
5376.005007,860,1588
5376.010005,817,1593
5376.015006,852,1585
5376.020006,863,1589
5376.025006,850,1589
5376.030005,829,1589
5376.035005,859,1595
5376.040006,848,1591
5376.045007,826,1589
5376.050005,843,1594
5376.055006,867,1589
5376.060006,816,1595
5376.065006,842,1592
5376.070006,869,1585
5376.075005,845,1594
5376.080005,826,1594
5376.085005,862,1592
5376.090005,845,1594
5376.095007,830,1594
5376.100006,860,1582
5376.105006,867,1592
5376.110005,822,1595
5376.115006,846,1589
5376.120005,863,1593
5376.125005,831,1592
5376.130005,845,1587
5376.135005,862,1593
5376.140007,845,1593
5376.145006,820,1595
5376.150005,843,1594
5376.155006,851,1597
5376.160005,820,1595
5376.165005,849,1595
5376.170005,871,1595
5376.175005,842,1597
5376.180006,824,1598
5376.185006,872,1596
5376.190006,847,1597
5376.195005,840,1599
5376.200005,864,1595
5376.205005,856,1596
5376.210005,833,1595
5376.215005,832,1597
5376.220006,856,1600
5376.225005,841,1593
5376.230007,844,1598
5376.235007,870,1600
5376.240006,859,1598
5376.245006,827,1600
5376.250006,847,1599
5376.255006,847,1603
5376.260006,819,1601
5376.265007,831,1594
5376.270006,863,1600
5376.275005,848,1597
5376.280007,836,1595
5376.285006,860,1598
5376.290006,843,1594
5376.295006,827,1594
5376.300006,842,1597
5376.305006,865,1597
5376.310005,823,1595
5376.315006,847,1596
5376.320005,872,1598
5376.325006,830,1601
5376.330006,834,1584
5376.335006,871,1590
5376.340006,861,1597
5376.345006,833,1598
5376.350006,852,1598
5376.355005,849,1601
5376.360006,823,1589
5376.365005,844,1595
5376.370006,861,1596
5376.375006,850,1595
5376.380007,830,1594
5376.385006,858,1600
5376.390007,847,1598
5376.395005,838,1590
5376.400007,859,1590
5376.405007,855,1592
5376.410006,820,1596
5376.415006,840,1593
5376.420007,857,1595
5376.425005,850,1595
5376.430006,838,1590
5376.435005,858,1594
5376.440006,845,1594
5376.445006,821,1595
5376.450006,844,1592
5376.455006,862,1589
5376.460006,826,1590
5376.465007,848,1585
5376.470005,874,1590
5376.475006,851,1589
5376.480006,830,1588
5376.485006,854,1589
5376.490005,862,1576
5376.495006,826,1587
5376.500006,850,1587
5376.505005,860,1574
5376.510005,834,1586
5376.515006,833,1585
5376.520005,869,1584
5376.525006,831,1589
5376.530006,828,1590
5376.535005,878,1584
5376.540006,853,1585
5376.545006,821,1588
5376.550006,865,1587
5376.555007,864,1588
5376.560006,821,1589
5376.565006,852,1587
5376.570005,857,1593
5376.575006,854,1590
5376.580006,837,1591
5376.585006,868,1586
5376.590007,851,1593
5376.595006,841,1588
5376.600005,847,1589
5376.605006,861,1590
5376.610005,836,1590
5376.615005,842,1587
5376.620005,864,1589
5376.625005,853,1582
5376.630006,830,1586
5376.635007,850,1585
5376.640006,867,1583
5376.645006,820,1584
5376.650006,853,1581
5376.655005,849,1583
5376.660005,829,1578
5376.665005,848,1579
5376.670005,862,1577
5376.675005,835,1575
5376.680006,826,1577
5376.685006,871,1568
5376.690005,861,1573
5376.695006,824,1575
5376.700005,861,1573
5376.705006,860,1575
5376.710006,817,1580
5376.715006,842,1575
5376.720006,858,1581
5376.725005,842,1574
5376.730006,836,1581
5376.735006,858,1582
5376.740006,847,1586
5376.745006,819,1588
5376.750006,857,1578
5376.755006,867,1590
5376.760007,823,1590
5376.765005,837,1592
5376.770007,864,1592
5376.775007,830,1598
5376.780007,843,1596
5376.785006,862,1598
5376.790007,852,1602
5376.795006,822,1602
5376.800006,863,1601
5376.805006,858,1603
5376.810006,823,1606
5376.815005,837,1597
5376.820006,869,1605
5376.825005,841,1606
5376.830005,843,1607
5376.835005,866,1607
5376.840006,848,1610
5376.845007,844,1606
5376.850006,852,1612
5376.855006,849,1614
5376.860005,835,1611
5376.865005,841,1612
5376.870006,879,1612
5376.875006,842,1619
5376.880006,826,1618
5376.885006,873,1613
5376.890006,852,1608
5376.895005,841,1618
5376.900006,840,1624
5376.905007,870,1620
5376.910006,837,1625
5376.915006,835,1624
5376.920006,860,1624
5376.925007,833,1627
5376.930007,845,1624
5376.935005,876,1628
5376.940006,862,1626
5376.945006,823,1630
5376.950005,863,1623
5376.955006,858,1631
5376.960006,823,1630
5376.965007,833,1631
5376.970006,878,1631
5376.975005,843,1631
5376.980006,831,1629
5376.985005,884,1627
5376.990005,872,1629
5376.995006,831,1629
5377.000007,847,1629
5377.005005,875,1628
5377.010006,825,1629
5377.015007,846,1615
5377.020005,859,1630
5377.025007,841,1620
5377.030006,844,1620
5377.035005,876,1629
5377.040005,861,1624
5377.045006,827,1628
5377.050007,847,1628
5377.055006,858,1631
5377.060005,848,1629
5377.065007,840,1627
5377.070007,858,1634
5377.075006,855,1622
5377.080007,850,1628
5377.085005,865,1628
5377.090006,860,1627
5377.095006,824,1630
5377.100006,847,1628
