t,x,y
1504.095006,646,1008
1504.100006,669,1008
1504.105006,760,1007
1504.110007,708,1011
1504.115007,632,1007
1504.120006,717,1009
1504.125006,723,1009
1504.130006,621,1010
1504.135006,665,1008
1504.140005,760,1007
1504.145005,661,1006
1504.150006,655,1009
1504.155006,761,1007
1504.160006,708,1011
1504.165006,631,1011
1504.170006,733,1001
1504.175007,736,1007
1504.180005,628,1010
1504.185006,666,1003
1504.190006,755,1007
1504.195007,653,1009
1504.200006,653,1008
1504.205006,741,1009
1504.210007,723,998
1504.215005,650,1007
1504.220006,725,1007
1504.225006,718,1006
1504.230005,647,1006
1504.235006,676,1010
1504.240007,737,1007
1504.245005,661,1006
1504.250005,668,1008
1504.255006,748,1008
1504.260006,703,1010
1504.265007,654,1006
1504.270006,731,1009
1504.275005,723,1006
1504.280006,624,1008
1504.285006,685,1008
1504.290007,744,1007
1504.295007,646,1011
1504.300005,671,1006
1504.305006,742,1008
1504.310006,727,1005
1504.315007,645,1008
1504.320005,725,1008
1504.325007,735,1004
1504.330007,628,1011
1504.335007,663,1011
1504.340006,733,1008
1504.345005,666,1008
1504.350006,664,1009
1504.355005,746,1007
1504.360006,706,1010
1504.365006,657,1009
1504.370006,737,1009
1504.375007,726,1007
1504.380006,652,1004
1504.385006,681,1008
1504.390005,739,1008
1504.395005,664,1008
1504.400006,656,1009
1504.405006,766,1007
1504.410005,716,1010
1504.415006,646,1006
1504.420006,726,1007
1504.425006,721,1009
1504.430005,646,997
1504.435006,685,1007
1504.440005,739,1009
1504.445005,651,1003
1504.450006,671,1008
1504.455006,754,1006
1504.460007,715,987
1504.465005,655,968
1504.470006,741,961
1504.475007,729,971
1504.480007,629,974
1504.485005,666,972
1504.490006,757,972
1504.495006,660,970
1504.500005,656,972
1504.505006,744,973
1504.510006,719,972
1504.515005,634,970
1504.520005,740,971
1504.525006,723,972
1504.530006,644,970
1504.535006,688,967
1504.540006,735,971
1504.545006,644,969
1504.550005,658,972
1504.555006,746,968
1504.560007,725,973
1504.565006,648,972
1504.570006,723,973
1504.575006,718,972
1504.580006,635,959
1504.585006,676,973
1504.590005,734,973
1504.595006,668,973
1504.600006,661,974
1504.605006,746,970
1504.610006,726,969
1504.615007,641,971
1504.620007,720,973
1504.625006,733,963
1504.630005,636,971
1504.635005,671,971
1504.640007,736,974
1504.645006,647,971
1504.650006,668,972
1504.655006,746,973
1504.660005,721,974
1504.665005,644,972
1504.670006,731,972
1504.675006,727,972
1504.680005,626,971
1504.685005,686,968
1504.690006,741,971
1504.695007,643,974
1504.700006,670,971
1504.705007,753,968
1504.710006,703,973
1504.715006,649,964
1504.720005,740,975
1504.725005,728,972
1504.730005,624,973
1504.735006,681,974
1504.740006,751,973
1504.745006,657,976
1504.750006,664,994
1504.755005,748,1007
1504.760006,705,1010
1504.765005,635,1010
1504.770006,739,1009
1504.775006,719,1010
1504.780007,628,1001
1504.785006,685,1008
1504.790006,736,1011
1504.795006,652,1009
1504.800006,672,1008
1504.805005,753,1009
1504.810005,706,1009
1504.815007,638,1008
1504.820005,748,1008
1504.825006,732,1010
1504.830006,623,1009
1504.835005,680,1010
1504.840006,585,1005
1504.845006,0,993
1504.850006,0,995
1504.855006,10,988
1504.860006,0,994
1504.865006,0,995
1504.870006,20,993
1504.875006,0,994
1504.880006,0,994
1504.885006,0,990
1504.890006,0,993
1504.895006,0,993
1504.900006,0,976
1504.905006,0,957
1504.910006,0,957
1504.915007,0,956
1504.920006,10,957
1504.925006,0,958
1504.930005,0,958
1504.935005,0,957
1504.940006,0,957
1504.945006,0,957
1504.950006,0,952
1504.955006,31,957
1504.960005,0,958
1504.965005,0,957
1504.970006,26,957
1504.975007,0,960
1504.980006,0,957
1504.985006,0,957
1504.990007,0,946
1504.995006,0,957
1505.000006,0,952
1505.005006,18,958
1505.010006,0,958
1505.015006,0,955
1505.020006,408,972
1505.025006,529,974
1505.030006,506,973
1505.035006,612,970
1505.040006,692,971
1505.045006,612,974
1505.050007,647,972
1505.055006,731,971
1505.060006,690,972
1505.065005,622,973
1505.070005,726,961
1505.075006,725,970
1505.080006,624,973
1505.085006,667,958
1505.090006,754,969
1505.095006,654,972
1505.100006,645,972
1505.105006,754,972
1505.110006,713,973
1505.115006,641,971
1505.120005,715,972
1505.125006,733,972
1505.130005,626,970
1505.135006,670,960
1505.140005,741,999
1505.145006,649,1006
1505.150005,668,1008
1505.155005,751,1007
1505.160006,716,1010
1505.165007,643,1009
1505.170007,724,1001
1505.175006,735,1008
1505.180005,628,1009
1505.185006,665,1007
1505.190006,753,1012
1505.195006,659,1010
1505.200005,660,1009
1505.205005,744,1009
1505.210007,705,1008
1505.215005,655,1008
1505.220006,732,1008
1505.225007,722,1008
1505.230007,624,1011
1505.235005,673,996
1505.240007,747,1010
1505.245005,660,1010
1505.250005,653,1008
1505.255006,740,1008
1505.260007,718,1007
1505.265007,643,1008
1505.270007,718,1010
1505.275006,733,1007
1505.280006,623,1011
1505.285005,681,1006
1505.290005,741,1009
1505.295006,653,997
1505.300006,662,1009
1505.305005,748,1008
1505.310005,706,1012
1505.315006,650,999
1505.320006,731,1010
1505.325006,722,1002
1505.330006,642,1007
1505.335005,667,1010
1505.340005,733,1011
1505.345006,665,1007
1505.350007,660,1010
1505.355006,741,1008
1505.360007,729,1002
1505.365006,644,1009
1505.370006,719,1009
1505.375006,717,1011
1505.380006,638,1008
1505.385006,667,1010
1505.390007,735,1011
1505.395006,666,1009
1505.400005,656,1009
1505.405006,753,999
1505.410005,717,1007
1505.415005,635,1009
1505.420007,742,1007
1505.425006,728,1008
1505.430006,628,1009
1505.435006,683,1007
1505.440005,739,1008
1505.445005,644,1009
1505.450007,666,1007
1505.455006,752,1008
1505.460006,708,1009
1505.465006,634,1002
1505.470005,731,997
1505.475005,734,1007
1505.480005,632,1007
1505.485005,662,1009
1505.490006,750,1005
1505.495006,661,1008
1505.500006,657,1009
1505.505006,746,1010
1505.510006,723,1003
1505.515005,653,1006
1505.520005,722,1010
1505.525006,723,999
1505.530006,638,1008
1505.535006,668,1010
1505.540006,751,1009
1505.545006,658,1008
1505.550006,655,1008
1505.555006,741,1010
1505.560007,721,1008
1505.565006,647,1009
1505.570006,721,1010
1505.575006,735,998
1505.580006,638,1009
1505.585005,667,1009
1505.590005,751,1007
1505.595007,663,1008
1505.600007,659,1008
1505.605005,745,1009
1505.610006,706,1005
1505.615006,651,1007
1505.620006,729,1000
1505.625007,730,1008
1505.630007,634,1010
1505.635006,666,1010
1505.640005,757,1008
1505.645005,658,1006
1505.650007,657,1009
1505.655007,759,1000
1505.660006,723,1010
1505.665006,638,1010
1505.670005,721,1010
1505.675005,733,1009
1505.680006,648,1006
1505.685005,673,1008
1505.690007,740,1008
1505.695005,655,1009
1505.700006,650,1009
1505.705006,757,1011
1505.710005,714,1009
1505.715005,637,1009
1505.720006,741,1000
1505.725006,729,984
1505.730007,624,973
1505.735005,682,970
1505.740006,748,971
1505.745005,645,976
1505.750006,651,973
1505.755006,754,971
1505.760006,714,972
1505.765005,627,970
1505.770005,717,972
1505.775006,715,971
1505.780007,642,970
1505.785007,678,971
1505.790006,738,974
1505.795005,654,970
1505.800005,654,973
1505.805006,740,973
1505.810006,723,972
1505.815006,642,972
1505.820006,727,968
1505.825006,716,973
1505.830006,639,968
1505.835006,670,973
1505.840007,737,971
1505.845007,645,974
1505.850006,665,971
1505.855006,759,969
1505.860006,708,973
1505.865006,635,963
1505.870005,740,970
1505.875005,730,972
1505.880006,624,973
1505.885007,659,973
1505.890006,747,971
1505.895007,656,972
1505.900005,651,972
1505.905005,745,971
1505.910007,728,970
1505.915006,643,971
1505.920006,719,974
1505.925007,737,973
1505.930006,627,972
1505.935007,680,961
1505.940006,747,970
1505.945006,651,973
1505.950006,649,972
1505.955005,765,972
1505.960007,721,972
1505.965006,632,972
1505.970005,740,966
1505.975006,729,972
1505.980006,621,973
1505.985006,678,970
1505.990005,737,973
1505.995006,662,969
1506.000005,663,973
1506.005006,744,974
1506.010007,705,982
1506.015006,643,1002
1506.020005,721,1007
1506.025006,734,1009
1506.030007,629,1009
1506.035006,660,1008
1506.040007,754,1010
1506.045006,665,1009
1506.050006,653,1009
1506.055007,743,1008
1506.060006,724,1009
1506.065006,641,1008
1506.070006,722,1009
1506.075005,737,1007
1506.080005,630,1009
1506.085006,661,1009
1506.090006,747,1008
1506.095006,656,1009
1506.100006,657,1009
1506.105005,742,1004
1506.110005,282,991
1506.115006,0,994
1506.120005,11,993
1506.125005,0,994
1506.130006,0,993
1506.135006,0,992
1506.140005,0,992
1506.145006,0,993
1506.150006,0,997
1506.155006,22,993
1506.160006,0,995
1506.165006,0,982
1506.170005,9,959
1506.175006,0,959
1506.180006,0,956
1506.185006,0,959
1506.190005,0,956
1506.195005,0,960
1506.200007,0,956
1506.205005,26,958
1506.210006,0,958
1506.215007,0,958
1506.220006,17,958
1506.225007,0,956
1506.230007,0,957
1506.235006,0,960
1506.240005,0,959
1506.245006,0,949
1506.250006,0,958
1506.255006,22,958
1506.260007,0,959
1506.265006,0,956
1506.270006,23,946
1506.275006,0,959
1506.280006,0,954
1506.285006,357,973
1506.290006,547,974
1506.295006,545,972
1506.300007,580,970
1506.305005,709,972
1506.310005,673,974
1506.315007,612,971
1506.320005,725,969
1506.325007,719,970
1506.330006,612,976
1506.335005,674,970
1506.340006,729,973
1506.345006,666,971
1506.350006,649,972
1506.355006,762,970
1506.360007,707,973
1506.365006,651,970
1506.370006,722,970
1506.375005,729,969
1506.380006,625,973
1506.385007,676,973
1506.390006,734,972
1506.395006,644,972
1506.400006,661,973
1506.405006,746,991
1506.410006,706,1008
1506.415006,657,1007
1506.420007,738,1009
1506.425005,723,1009
1506.430006,626,1005
1506.435006,673,1007
1506.440005,735,1008
1506.445005,667,1006
1506.450006,667,1008
1506.455006,748,1008
1506.460006,705,1011
1506.465007,649,1008
1506.470005,725,1007
1506.475005,721,1007
1506.480006,643,1006
1506.485005,672,1007
1506.490006,735,1010
1506.495006,667,1007
1506.500007,659,1008
1506.505006,747,1008
1506.510006,713,998
1506.515005,645,1008
1506.520005,717,1011
1506.525007,735,1009
1506.530006,634,1008
1506.535005,666,1009
1506.540006,737,1007
1506.545005,671,1008
1506.550006,665,1007
1506.555005,745,1010
1506.560005,728,1007
1506.565006,650,1006
1506.570007,730,1009
1506.575006,722,1008
1506.580006,624,1009
1506.585006,665,1006
1506.590006,747,1008
1506.595007,654,1010
1506.600005,668,1006
1506.605006,760,1008
1506.610006,711,1009
1506.615006,637,1009
1506.620006,719,1011
1506.625006,719,1009
1506.630005,649,1008
1506.635005,672,1010
1506.640006,734,1011
1506.645006,666,1009
1506.650006,652,1010
1506.655006,763,1007
1506.660006,716,1009
1506.665007,632,1009
1506.670007,738,1008
1506.675005,726,1008
1506.680006,648,1002
1506.685006,671,1008
1506.690006,740,1010
1506.695006,647,1010
1506.700006,656,1009
1506.705006,762,1004
1506.710006,728,1007
1506.715007,640,1008
1506.720006,741,1004
1506.725006,731,1007
1506.730006,633,1009
1506.735006,672,1008
1506.740006,737,1007
1506.745007,650,1009
1506.750007,664,999
1506.755007,758,1006
1506.760006,710,1011
1506.765005,638,1009
1506.770005,726,1008
1506.775006,743,1003
1506.780006,632,1010
1506.785007,682,1010
1506.790005,738,1011
1506.795006,649,1009
1506.800007,661,1006
1506.805006,744,1010
1506.810006,728,1006
1506.815006,637,1009
1506.820007,741,1006
1506.825006,719,1011
1506.830006,624,1010
1506.835005,682,1004
1506.840005,750,1010
1506.845005,652,1006
1506.850005,670,1002
1506.855006,752,1009
1506.860007,712,1008
1506.865006,652,1005
1506.870005,724,1008
1506.875005,719,1009
1506.880006,624,1009
1506.885006,664,1007
1506.890006,754,1007
1506.895007,665,1008
1506.900006,654,1011
1506.905007,766,1008
1506.910006,720,1008
1506.915007,635,1010
1506.920007,737,1001
1506.925005,734,1010
1506.930006,636,1009
1506.935006,665,1009
1506.940005,759,1005
1506.945006,667,1009
1506.950005,660,1008
1506.955005,749,1008
1506.960006,708,1009
1506.965006,655,1009
1506.970005,730,1008
1506.975006,730,1009
1506.980005,623,1011
1506.985005,670,1009
1506.990006,757,995
1506.995006,662,976
1507.000006,667,970
1507.005005,750,972
1507.010005,702,972
1507.015007,643,968
1507.020007,726,969
1507.025006,715,973
1507.030006,638,959
1507.035005,672,972
1507.040005,739,973
1507.045006,649,969
1507.050006,665,970
1507.055005,750,973
1507.060006,703,973
1507.065005,636,965
1507.070005,729,972
1507.075006,722,973
1507.080006,621,975
1507.085006,675,972
1507.090006,739,970
1507.095005,667,972
1507.100006,653,969
1507.105005,743,972
1507.110006,704,972
1507.115006,658,967
1507.120006,727,972
1507.125007,715,973
1507.130005,636,971
1507.135005,667,964
1507.140006,746,971
1507.145006,658,970
1507.150006,654,972
1507.155006,760,966
1507.160005,722,972
1507.165006,644,971
1507.170005,718,971
1507.175006,717,971
1507.180005,633,972
1507.185005,661,974
1507.190006,751,963
1507.195006,658,971
1507.200005,663,971
1507.205005,756,970
1507.210006,711,972
1507.215007,649,968
1507.220006,727,971
1507.225006,713,974
1507.230006,639,970
1507.235007,665,972
1507.240006,743,962
1507.245006,671,969
1507.250005,662,971
1507.255006,740,974
1507.260007,719,968
1507.265006,632,975
1507.270007,738,971
1507.275006,721,979
1507.280006,628,994
1507.285005,667,1010
1507.290005,736,1010
1507.295007,665,1007
1507.300005,669,1006
1507.305007,751,1007
1507.310006,714,1007
1507.315005,654,1008
1507.320005,733,1009
1507.325006,728,1008
1507.330007,631,1010
1507.335007,660,1012
1507.340005,754,1008
1507.345007,657,1008
1507.350006,651,1010
1507.355005,760,1007
1507.360006,712,1009
1507.365006,634,1007
1507.370006,737,1007
1507.375006,289,995
1507.380006,0,993
1507.385007,0,990
1507.390007,0,993
1507.395007,0,996
1507.400006,0,993
1507.405005,10,992
1507.410006,0,993
1507.415006,0,993
1507.420005,15,992
1507.425005,0,993
1507.430006,0,983
1507.435006,0,959
1507.440005,0,960
1507.445006,0,957
1507.450005,0,957
1507.455006,22,959
1507.460006,0,959
1507.465006,0,958
1507.470006,17,958
1507.475007,0,957
1507.480006,0,957
1507.485006,0,959
1507.490006,0,957
1507.495006,0,957
1507.500006,0,954
1507.505007,26,958
1507.510005,0,956
1507.515006,0,955
1507.520006,17,958
1507.525006,0,961
1507.530006,0,959
1507.535006,0,959
1507.540006,0,958
1507.545005,0,960
1507.550005,335,965
1507.555006,569,970
1507.560006,579,970
1507.565006,575,971
1507.570007,673,973
1507.575007,678,974
1507.580005,596,971
1507.585007,660,970
1507.590005,726,974
1507.595006,649,963
1507.600006,656,971
1507.605006,731,973
1507.610006,703,963
1507.615006,647,971
1507.620006,722,971
1507.625006,715,973
1507.630006,639,971
1507.635007,660,971
1507.640006,746,973
1507.645007,647,972
1507.650006,664,972
1507.655006,735,974
1507.660006,716,973
1507.665006,629,973
1507.670006,734,991
1507.675007,728,1009
1507.680006,627,1008
1507.685006,680,1005
1507.690005,752,1009
1507.695005,652,1009
1507.700007,670,1009
1507.705006,760,1007
1507.710006,725,1009
1507.715006,640,1009
1507.720006,735,1001
1507.725007,724,1008
1507.730006,647,1007
1507.735007,669,1009
1507.740005,734,1009
1507.745006,671,1008
1507.750006,654,1011
1507.755006,748,1009
1507.760006,708,1010
1507.765005,653,1009
1507.770005,726,1009
1507.775006,724,1008
1507.780007,626,1010
1507.785006,682,1008
1507.790005,740,1010
1507.795006,650,1010
1507.800005,670,1010
1507.805006,754,1007
1507.810006,719,1008
1507.815006,634,1010
1507.820006,746,1004
1507.825006,736,999
1507.830006,646,1007
1507.835006,666,1007
1507.840006,737,1009
1507.845005,651,1011
1507.850005,668,1008
1507.855005,750,1008
1507.860005,719,998
1507.865007,656,1007
1507.870007,723,1010
1507.875007,721,1007
1507.880007,646,1007
1507.885006,672,1009
1507.890006,757,1004
1507.895007,667,1009
1507.900006,666,1009
1507.905006,747,1009
1507.910005,723,1002
1507.915005,648,1008
1507.920006,727,1008
1507.925006,716,1009
1507.930006,641,997
1507.935006,671,1008
1507.940005,746,1009
1507.945006,664,1007
1507.950005,657,1010
1507.955005,758,1008
1507.960006,710,1009
1507.965007,658,1007
1507.970006,729,1010
1507.975006,741,1004
1507.980005,641,1008
1507.985005,659,1011
1507.990006,744,1007
1507.995005,656,1009
1508.000005,652,1010
1508.005007,761,1006
1508.010007,727,1010
1508.015007,647,1009
1508.020005,718,1010
1508.025006,736,1005
1508.030007,630,1009
1508.035006,681,1005
1508.040006,755,1009
1508.045006,658,1009
1508.050006,652,1011
1508.055006,761,1008
1508.060007,729,1008
1508.065007,642,1009
1508.070005,717,1008
1508.075006,728,1010
1508.080006,628,1009
1508.085006,666,1008
1508.090006,759,1009
1508.095005,664,1009
1508.100005,668,1005
1508.105006,761,1007
1508.110006,710,1010
1508.115007,652,1010
1508.120006,726,1007
1508.125006,723,1004
1508.130006,644,1010
1508.135006,666,1008
1508.140006,744,1009
1508.145006,669,1003
1508.150005,664,1008
1508.155006,753,1007
1508.160005,716,1007
1508.165005,651,1004
1508.170006,730,1009
1508.175005,727,1008
1508.180007,625,1010
1508.185005,659,1009
1508.190006,755,1009
1508.195006,659,1011
1508.200005,649,1012
1508.205006,764,1007
1508.210006,714,1009
1508.215006,635,1008
1508.220006,720,1009
1508.225006,743,1007
1508.230005,632,1008
1508.235005,678,1006
1508.240006,746,1009
1508.245005,656,1009
1508.250005,668,1000
1508.255007,754,1000
1508.260006,707,982
1508.265005,651,961
1508.270006,732,974
1508.275005,727,973
1508.280005,623,975
1508.285006,678,972
1508.290006,740,973
1508.295006,652,971
1508.300006,664,963
1508.305005,758,972
1508.310005,711,970
1508.315006,631,972
1508.320005,716,974
1508.325007,732,973
1508.330006,629,973
1508.335005,657,973
1508.340005,756,971
1508.345006,662,971
1508.350007,652,971
1508.355007,742,973
1508.360006,723,971
1508.365006,641,973
1508.370006,721,964
1508.375007,730,973
1508.380006,622,971
1508.385007,658,968
1508.390007,752,972
1508.395007,668,970
1508.400006,648,974
1508.405006,747,965
1508.410006,727,970
1508.415007,639,972
1508.420006,715,973
1508.425006,724,963
1508.430006,645,971
1508.435006,665,971
1508.440006,736,971
1508.445006,648,975
1508.450005,650,972
1508.455006,761,972
1508.460005,711,972
1508.465006,634,973
1508.470005,716,971
1508.475005,732,966
1508.480006,640,972
1508.485006,664,972
1508.490006,732,972
1508.495006,662,972
1508.500006,670,970
1508.505006,749,970
1508.510006,709,973
1508.515006,633,972
1508.520006,715,973
1508.525005,733,966
1508.530005,634,971
1508.535006,659,973
1508.540006,758,971
1508.545007,660,986
1508.550005,654,1007
1508.555006,746,1009
1508.560007,725,1006
1508.565007,648,1008
1508.570007,724,1008
1508.575006,725,1007
1508.580007,625,1008
1508.585006,660,1011
1508.590006,754,1005
1508.595007,667,1011
1508.600005,659,1007
1508.605007,751,1009
1508.610005,708,1010
1508.615006,656,1006
1508.620005,726,1008
1508.625005,736,1004
1508.630006,645,1007
1508.635006,407,996
1508.640006,0,992
1508.645006,0,993
1508.650006,0,993
1508.655006,6,997
1508.660006,0,993
1508.665006,0,993
1508.670006,11,993
1508.675006,0,993
1508.680007,0,991
1508.685005,0,994
1508.690006,0,994
1508.695005,0,973
1508.700006,0,958
1508.705006,9,957
1508.710006,0,949
1508.715006,0,954
1508.720006,15,958
1508.725006,0,948
1508.730006,0,955
1508.735007,0,956
1508.740006,0,957
1508.745005,0,962
1508.750005,0,956
1508.755006,23,958
1508.760006,0,957
1508.765006,0,952
1508.770007,24,957
1508.775005,0,956
1508.780006,0,957
1508.785006,0,957
1508.790007,4,953
1508.795006,0,959
1508.800006,0,960
1508.805006,28,958
1508.810006,0,958
1508.815006,308,972
1508.820006,551,972
1508.825005,608,972
1508.830005,549,972
1508.835006,630,968
1508.840006,699,970
1508.845006,643,970
1508.850007,630,972
1508.855006,747,971
1508.860006,714,970
1508.865006,625,970
1508.870005,708,971
1508.875006,731,968
1508.880005,631,972
1508.885006,665,971
1508.890005,730,975
1508.895005,669,969
1508.900006,662,971
1508.905006,752,973
1508.910006,715,970
1508.915006,632,973
1508.920005,728,964
1508.925005,732,968
1508.930006,637,978
1508.935007,661,1006
1508.940006,739,1007
1508.945006,656,1008
1508.950006,646,1010
1508.955006,766,1005
1508.960005,724,1009
1508.965005,645,1008
1508.970006,730,1010
1508.975006,734,1009
1508.980006,635,1010
1508.985006,671,1009
1508.990006,745,1009
1508.995006,662,1008
1509.000006,648,1009
1509.005006,744,1002
1509.010007,727,1009
1509.015005,636,1008
1509.020005,735,1008
1509.025006,726,1010
1509.030007,629,1009
1509.035006,673,1002
1509.040006,756,1005
1509.045006,659,1008
1509.050007,650,1011
1509.055005,740,1008
1509.060006,708,1007
1509.065006,647,1007
1509.070006,721,1008
1509.075006,718,1010
1509.080006,646,1007
1509.085006,674,1007
1509.090007,742,1009
1509.095006,656,1009
1509.100006,663,1000
1509.105005,764,1006
1509.110005,725,1009
1509.115006,633,1009
1509.120007,714,1011
1509.125007,740,1007
1509.130006,635,1008
1509.135005,671,1006
1509.140007,740,1009
1509.145005,654,1010
1509.150007,650,1010
1509.155005,761,1007
1509.160006,715,1010
1509.165007,652,1010
1509.170005,725,1011
1509.175005,721,1012
1509.180006,644,1008
1509.185006,667,1009
1509.190006,743,1008
1509.195005,651,1010
1509.200006,656,1006
1509.205006,748,998
1509.210006,722,1007
1509.215006,634,1009
1509.220006,714,1008
1509.225007,717,1006
1509.230006,644,1009
1509.235006,659,1011
1509.240006,733,1009
1509.245005,668,1009
1509.250006,652,1011
1509.255006,743,1007
1509.260006,729,1004
1509.265006,630,1010
1509.270007,715,1006
1509.275007,738,1008
1509.280005,628,1006
1509.285007,669,1006
1509.290006,735,1009
1509.295005,671,1006
1509.300005,651,1005
1509.305006,738,1009
1509.310007,723,1007
1509.315006,635,1009
1509.320006,729,1002
1509.325006,728,1010
1509.330006,621,1009
1509.335006,672,1009
1509.340006,735,1011
1509.345006,672,1008
1509.350007,659,1010
1509.355006,743,1008
1509.360006,729,1007
1509.365006,633,1011
1509.370005,735,1006
1509.375005,729,1009
1509.380006,634,1008
1509.385006,659,1010
1509.390006,742,1000
1509.395006,668,1009
1509.400006,663,1006
1509.405007,749,1008
1509.410006,705,1011
1509.415006,650,1009
1509.420006,718,1007
1509.425006,719,1009
1509.430006,620,1008
1509.435007,675,1007
1509.440007,745,1008
1509.445005,652,1009
1509.450006,664,1000
1509.455007,757,1010
1509.460006,713,1008
1509.465005,631,1009
1509.470006,729,1007
1509.475006,728,1010
1509.480006,619,1008
1509.485006,657,1008
1509.490007,753,1009
1509.495005,656,1008
1509.500006,647,1010
1509.505005,738,1008
1509.510005,726,1008
1509.515006,640,1009
1509.520007,716,995
1509.525006,733,969
1509.530006,640,972
1509.535006,669,972
1509.540006,737,972
1509.545006,653,972
1509.550007,649,970
1509.555006,764,970
1509.560006,717,971
1509.565007,637,972
1509.570005,715,974
1509.575007,721,974
1509.580006,644,971
1509.585005,661,973
1509.590005,738,974
1509.595006,671,963
1509.600006,660,967
1509.605005,754,969
1509.610006,715,971
1509.615006,641,971
1509.620006,715,973
1509.625006,740,970
1509.630006,632,972
1509.635005,665,971
1509.640007,736,971
1509.645006,670,966
1509.650005,659,973
1509.655006,746,970
1509.660005,724,972
1509.665006,632,972
1509.670006,730,968
1509.675006,738,970
1509.680006,631,971
1509.685006,680,968
1509.690007,751,971
1509.695005,660,971
1509.700006,652,973
1509.705006,739,975
1509.710006,709,972
1509.715006,652,970
1509.720006,723,969
1509.725006,722,973
1509.730005,639,967
1509.735005,678,971
1509.740006,743,971
1509.745006,653,974
1509.750006,664,972
1509.755005,754,973
1509.760005,713,972
1509.765006,628,974
1509.770006,731,972
1509.775006,719,972
1509.780006,643,970
1509.785006,664,974
1509.790005,731,972
1509.795006,649,974
1509.800006,665,971
1509.805006,750,974
1509.810006,705,992
1509.815007,648,1006
1509.820006,726,1008
1509.825005,721,1010
1509.830006,646,1007
1509.835005,666,1008
1509.840006,750,1001
1509.845006,665,1008
1509.850007,655,1007
1509.855006,749,1009
1509.860006,708,1009
1509.865006,656,1006
1509.870006,731,1008
1509.875007,728,1008
1509.880007,627,1009
1509.885006,683,1006
1509.890006,742,1009
1509.895006,659,1011
1509.900006,252,995
1509.905007,5,996
1509.910007,0,994
1509.915005,0,994
1509.920006,0,994
1509.925006,0,994
1509.930005,0,989
1509.935006,0,992
1509.940005,0,996
1509.945005,0,994
1509.950007,0,992
1509.955007,23,985
1509.960006,0,960
1509.965006,0,960
1509.970005,29,958
1509.975005,0,957
1509.980006,0,955
1509.985006,0,960
1509.990006,0,958
1509.995006,0,955
1510.000006,0,956
1510.005005,31,952
1510.010005,0,957
1510.015005,0,958
1510.020006,23,959
1510.025006,0,958
1510.030006,0,959
1510.035005,0,957
1510.040005,3,957
1510.045006,0,957
1510.050006,0,959
1510.055005,5,956
1510.060006,0,947
1510.065006,0,959
1510.070006,9,958
1510.075005,57,962
1510.080005,307,969
1510.085006,494,970
1510.090006,629,973
1510.095005,576,973
1510.100006,599,974
1510.105005,702,973
1510.110005,682,973
1510.115006,618,974
1510.120005,702,973
1510.125005,708,971
1510.130006,637,966
1510.135006,662,970
1510.140005,735,973
1510.145005,666,972
1510.150006,657,973
1510.155005,750,971
1510.160006,702,974
1510.165006,646,968
1510.170006,729,969
1510.175006,719,974
1510.180007,626,974
1510.185006,664,972
1510.190006,735,971
1510.195007,651,988
1510.200006,667,1008
1510.205006,758,1008
1510.210005,715,1008
1510.215005,639,1009
1510.220006,725,1009
1510.225007,725,1008
1510.230006,629,1008
1510.235006,664,1009
1510.240006,739,1011
1510.245006,674,1006
1510.250006,671,1007
1510.255006,746,1008
1510.260006,714,1010
1510.265007,636,1010
1510.270006,716,1011
1510.275006,721,1011
1510.280006,649,1008
1510.285005,664,1009
1510.290005,756,1008
1510.295006,657,1009
1510.300006,649,1010
1510.305006,761,1000
1510.310006,732,1007
1510.315005,644,1008
1510.320005,723,1010
1510.325007,721,1012
1510.330007,625,1011
1510.335007,682,1008
1510.340005,748,1010
1510.345006,654,1010
1510.350006,666,1008
1510.355005,759,1010
1510.360005,719,1010
1510.365006,634,1012
1510.370005,736,1007
1510.375006,734,1009
1510.380006,645,1008
1510.385007,673,1008
1510.390006,746,1008
1510.395007,675,1005
1510.400007,662,1009
1510.405006,750,1010
1510.410006,719,1010
1510.415006,651,1009
1510.420005,720,1009
1510.425005,737,1005
1510.430007,640,1010
1510.435006,664,1009
1510.440005,759,1007
1510.445005,664,1008
1510.450006,657,1010
1510.455007,751,997
1510.460006,721,1007
1510.465005,636,1008
1510.470005,732,1007
1510.475005,729,1007
1510.480006,627,1010
1510.485006,660,1010
1510.490007,742,1009
1510.495006,681,1007
1510.500006,666,1008
1510.505005,757,1006
1510.510005,713,1010
1510.515006,635,1012
1510.520007,735,1009
1510.525006,735,1007
1510.530006,646,1005
1510.535005,668,1009
1510.540005,736,1012
1510.545006,665,1009
1510.550007,649,1010
1510.555006,741,1007
1510.560006,729,1009
1510.565005,651,1009
1510.570005,737,1006
1510.575006,740,1007
1510.580006,632,1009
1510.585005,666,1009
1510.590006,736,1009
1510.595005,670,1007
1510.600006,661,1007
1510.605005,750,1006
1510.610006,714,1009
1510.615006,653,1005
1510.620006,722,1007
1510.625007,722,1012
1510.630006,631,1009
1510.635006,664,1010
1510.640005,747,998
1510.645005,657,1007
1510.650007,653,1009
1510.655005,765,1009
1510.660007,718,1008
1510.665006,644,1009
1510.670006,713,1005
1510.675007,742,1009
1510.680006,639,1010
1510.685006,660,1009
1510.690005,741,1009
1510.695005,654,1009
1510.700006,674,1005
1510.705006,753,1007
1510.710006,716,1009
1510.715007,634,1008
1510.720006,731,1006
1510.725005,744,1004
1510.730006,635,1008
1510.735005,662,1007
1510.740006,760,1004
1510.745006,664,1010
1510.750005,648,1012
1510.755007,760,1009
1510.760005,723,1007
1510.765007,630,1012
1510.770007,731,1007
1510.775007,732,1006
1510.780006,632,1005
1510.785006,659,985
1510.790006,755,971
1510.795006,664,972
1510.800006,651,972
1510.805005,758,969
1510.810006,720,965
1510.815006,642,972
1510.820006,724,972
1510.825006,725,971
1510.830006,629,973
1510.835005,671,961
1510.840006,751,972
1510.845006,655,973
1510.850006,670,971
1510.855006,748,972
1510.860007,705,974
1510.865007,639,971
1510.870006,713,974
1510.875006,716,974
1510.880005,643,972
1510.885005,667,973
1510.890006,749,972
1510.895006,662,975
1510.900005,664,970
1510.905005,761,964
1510.910006,722,973
1510.915006,646,973
1510.920006,717,972
1510.925006,740,973
1510.930005,636,971
1510.935005,666,971
1510.940006,735,974
1510.945007,671,968
1510.950007,657,971
1510.955005,750,971
1510.960006,713,972
1510.965005,628,974
1510.970006,736,969
1510.975006,730,971
1510.980006,621,974
1510.985005,666,972
1510.990006,735,974
1510.995005,672,973
1511.000006,657,972
1511.005006,744,972
1511.010006,731,968
1511.015005,638,970
1511.020005,718,973
1511.025007,720,975
1511.030005,636,961
1511.035007,671,972
1511.040005,750,972
1511.045007,655,973
1511.050006,649,970
1511.055006,764,971
1511.060006,722,972
1511.065006,638,973
1511.070006,715,981
1511.075005,718,1001
1511.080006,625,1011
1511.085005,678,1007
1511.090006,747,1009
1511.095006,663,1009
1511.100006,648,1007
1511.105005,744,1008
1511.110005,734,1008
1511.115006,647,1008
1511.120005,722,1007
1511.125005,720,1010
1511.130007,649,1008
1511.135005,675,1007
1511.140007,749,1010
1511.145006,657,1009
1511.150006,649,1007
1511.155006,756,1009
1511.160005,721,1009
1511.165006,213,995
1511.170005,9,986
1511.175006,0,994
1511.180005,0,996
1511.185005,0,993
1511.190006,0,995
1511.195006,0,992
1511.200005,0,993
1511.205005,23,996
1511.210006,0,994
1511.215007,0,994
1511.220006,13,978
1511.225006,0,960
1511.230005,0,960
1511.235006,0,956
1511.240007,0,958
1511.245006,0,956
1511.250005,0,955
1511.255006,30,958
1511.260006,0,958
1511.265006,0,958
1511.270006,6,960
1511.275005,0,953
1511.280006,0,958
1511.285005,0,957
1511.290006,0,959
1511.295006,0,946
1511.300006,0,957
1511.305006,22,959
1511.310006,0,955
1511.315006,0,959
1511.320006,14,959
1511.325006,0,959
1511.330007,0,954
1511.335007,0,958
1511.340006,350,973
1511.345006,456,972
1511.350006,527,971
1511.355005,658,971
1511.360006,671,968
1511.365006,593,976
1511.370005,700,968
1511.375005,712,962
1511.380006,623,972
1511.385007,651,971
1511.390006,724,972
1511.395005,665,973
1511.400007,648,970
1511.405007,756,973
1511.410006,718,969
1511.415007,632,974
1511.420006,706,972
1511.425006,731,968
1511.430006,633,972
1511.435006,652,975
1511.440005,732,974
1511.445006,650,971
1511.450006,650,963
1511.455006,762,971
1511.460006,728,985
1511.465005,633,1009
1511.470006,710,1009
1511.475006,719,1008
1511.480005,625,1010
1511.485005,675,1010
1511.490006,743,1010
1511.495005,656,1009
1511.500005,668,1004
1511.505005,760,1005
1511.510005,712,1013
1511.515006,643,1008
1511.520006,717,1008
1511.525006,724,1009
1511.530006,622,1008
1511.535006,678,1007
1511.540007,739,1010
1511.545006,653,1010
1511.550007,648,1009
1511.555006,758,1003
1511.560007,717,1008
1511.565006,634,1007
1511.570006,707,1010
1511.575007,737,1011
1511.580007,634,1008
1511.585006,660,1010
1511.590007,733,1006
1511.595007,673,1008
1511.600006,651,1009
1511.605005,738,1008
1511.610006,731,1006
1511.615007,638,1007
1511.620007,714,1010
1511.625006,724,1010
1511.630005,625,1010
1511.635005,678,1007
1511.640006,747,1010
1511.645007,664,998
1511.650007,666,1009
1511.655006,749,1010
1511.660006,711,1010
1511.665006,650,1008
1511.670005,717,1009
1511.675005,745,1005
1511.680006,632,1008
1511.685006,681,1007
1511.690006,746,1007
1511.695006,660,1010
1511.700005,669,1007
1511.705005,751,1009
1511.710006,717,1007
1511.715006,650,1002
1511.720005,724,1009
1511.725005,721,1010
1511.730007,642,1010
1511.735007,659,1001
1511.740006,745,1008
1511.745006,659,1011
1511.750006,650,1010
1511.755006,759,1005
1511.760007,718,1008
1511.765006,641,1009
1511.770006,726,1007
1511.775006,731,1008
1511.780007,627,1009
1511.785006,680,1008
1511.790006,752,1008
1511.795005,663,1008
1511.800005,648,1009
1511.805006,741,1010
1511.810007,724,1010
1511.815006,640,1007
1511.820006,723,1007
1511.825006,737,1004
1511.830006,634,1006
1511.835006,659,1009
1511.840006,754,1007
1511.845005,665,1007
1511.850005,656,1008
1511.855007,746,1005
1511.860005,708,1012
1511.865006,645,1002
1511.870005,726,1008
1511.875006,735,1007
1511.880005,628,1009
1511.885005,683,1009
1511.890006,753,1010
1511.895006,654,1010
1511.900006,654,999
1511.905006,752,1009
1511.910006,732,1008
1511.915006,647,1009
1511.920005,719,1010
1511.925005,720,1011
1511.930006,645,1004
1511.935007,675,1008
1511.940006,741,1012
1511.945007,666,1009
1511.950007,656,1010
1511.955006,740,1011
1511.960006,731,1008
1511.965006,633,1011
1511.970006,729,1008
1511.975006,739,1005
1511.980006,637,1010
1511.985006,673,1009
1511.990006,745,1009
1511.995005,667,998
1512.000005,672,1008
1512.005006,751,1009
1512.010005,713,1009
1512.015006,632,1009
1512.020006,736,1006
1512.025006,741,1008
1512.030006,636,1008
1512.035005,662,1008
1512.040005,757,1007
1512.045006,664,1002
1512.050006,667,973
1512.055006,755,973
1512.060006,718,973
1512.065006,628,975
1512.070006,729,970
1512.075006,736,971
1512.080007,627,974
1512.085007,682,971
1512.090007,734,974
1512.095006,672,970
1512.100006,663,971
1512.105006,745,974
1512.110007,710,972
1512.115005,652,973
1512.120006,723,971
1512.125006,731,970
1512.130005,624,973
1512.135005,679,973
1512.140006,743,971
1512.145006,656,973
1512.150006,670,972
1512.155006,757,972
1512.160007,715,974
1512.165007,633,969
1512.170006,727,972
1512.175007,728,971
1512.180007,650,970
1512.185005,680,973
1512.190006,745,972
1512.195007,662,963
1512.200007,660,972
1512.205006,745,972
1512.210006,736,969
1512.215007,648,972
1512.220007,724,973
1512.225005,719,970
1512.230006,647,970
1512.235007,672,970
1512.240005,740,973
1512.245007,673,970
1512.250006,660,972
1512.255005,749,970
1512.260005,733,967
1512.265006,640,971
1512.270006,726,971
1512.275005,726,971
1512.280006,648,971
1512.285006,673,972
1512.290006,737,972
1512.295005,683,966
1512.300005,659,972
1512.305006,745,973
1512.310006,726,970
1512.315005,639,972
1512.320006,715,969
1512.325006,746,971
1512.330006,639,972
1512.335005,660,987
1512.340005,757,1001
1512.345006,664,1007
1512.350006,673,1006
1512.355005,750,1006
1512.360006,714,1010
1512.365006,657,1008
1512.370006,714,1011
1512.375006,741,1008
1512.380006,637,1010
1512.385006,664,1008
1512.390006,765,1006
1512.395007,671,1008
1512.400006,653,1007
1512.405007,771,1007
1512.410007,723,1008
1512.415005,640,1007
1512.420006,734,1008
1512.425006,420,996
1512.430006,0,989
1512.435006,0,993
1512.440005,0,991
1512.445006,0,985
1512.450005,0,989
1512.455005,27,990
1512.460006,0,993
1512.465006,0,993
1512.470006,22,993
1512.475006,0,993
1512.480005,0,994
1512.485005,0,969
1512.490007,0,957
1512.495006,0,957
1512.500006,0,959
1512.505005,21,959
1512.510005,0,958
1512.515006,0,959
1512.520006,12,949
1512.525005,0,959
1512.530005,0,960
1512.535006,0,957
1512.540007,0,957
1512.545006,0,957
1512.550006,0,956
1512.555007,5,955
1512.560007,0,960
1512.565005,0,955
1512.570005,14,955
1512.575007,0,959
1512.580005,0,962
1512.585006,0,958
1512.590006,5,956
1512.595005,0,956
1512.600005,0,959
1512.605007,406,971
1512.610006,505,971
1512.615006,503,973
1512.620006,628,971
1512.625007,680,969
1512.630006,601,967
1512.635006,629,975
1512.640007,724,972
1512.645006,647,970
1512.650006,635,971
1512.655006,726,974
1512.660005,713,972
1512.665005,618,974
1512.670006,717,970
1512.675006,715,974
1512.680005,624,971
1512.685006,655,972
1512.690006,742,962
1512.695006,665,971
1512.700005,642,974
1512.705006,734,973
1512.710005,717,972
1512.715005,633,973
1512.720006,711,979
1512.725006,715,1010
1512.730006,644,1007
1512.735006,662,1009
1512.740006,736,1009
1512.745005,657,1009
1512.750005,662,1008
1512.755006,741,1010
1512.760006,729,1003
1512.765006,633,1007
1512.770007,730,1007
1512.775006,730,1010
1512.780006,629,1009
1512.785005,657,1008
1512.790005,760,1006
1512.795006,672,1009
1512.800007,648,1010
1512.805005,764,1007
1512.810005,714,1008
1512.815007,658,1005
1512.820006,725,1008
1512.825006,738,1007
1512.830007,634,1010
1512.835006,686,1006
1512.840006,752,1008
1512.845006,661,1010
1512.850007,674,1008
1512.855006,758,1009
1512.860007,719,1009
1512.865006,635,1010
1512.870005,732,1008
1512.875005,729,1008
1512.880006,626,1008
1512.885006,679,1008
1512.890005,742,1011
1512.895006,680,1008
1512.900005,664,1010
1512.905005,747,1008
1512.910006,711,1010
1512.915006,655,1007
1512.920005,723,1010
1512.925005,726,1009
1512.930006,636,1009
1512.935007,666,1011
1512.940007,768,1004
1512.945006,667,1010
1512.950006,654,1012
1512.955006,747,1009
1512.960006,731,1009
1512.965006,645,1008
1512.970005,718,1010
1512.975005,744,1010
1512.980006,639,1008
1512.985006,666,1011
1512.990006,746,1010
1512.995006,665,1012
1513.000006,676,1009
1513.005005,763,1010
1513.010005,721,1011
1513.015006,636,1010
1513.020006,730,1010
1513.025006,731,1010
1513.030007,655,1008
1513.035006,687,1002
1513.040007,749,1009
1513.045005,663,1008
1513.050006,667,1009
1513.055005,757,1009
1513.060005,715,1007
1513.065006,633,1011
1513.070005,714,1009
1513.075006,736,1006
1513.080006,628,1010
1513.085006,677,1009
1513.090006,743,1010
1513.095006,665,1004
1513.100007,667,1000
1513.105006,764,1008
1513.110006,719,1008
1513.115006,635,1008
1513.120006,708,1009
1513.125006,739,1010
1513.130006,634,1009
1513.135007,670,1008
1513.140006,744,1008
1513.145006,679,1007
1513.150005,668,1008
1513.155005,744,1008
1513.160006,715,1009
1513.165006,636,1011
1513.170006,732,1007
1513.175006,739,1002
1513.180005,635,1009
1513.185005,659,1009
1513.190006,753,1008
1513.195006,660,1010
1513.200006,666,1007
1513.205007,749,1007
1513.210006,712,1002
1513.215006,643,1010
1513.220006,709,1009
1513.225007,720,1009
1513.230007,645,1009
1513.235006,666,1009
1513.240006,737,1011
1513.245006,681,1008
1513.250006,656,1009
1513.255007,748,1008
1513.260005,716,1007
1513.265006,632,1009
1513.270006,732,1008
1513.275006,724,1009
1513.280006,650,1007
1513.285006,668,1009
1513.290006,745,1007
1513.295005,659,1005
1513.300005,667,1006
1513.305006,755,1007
1513.310007,718,992
1513.315006,628,976
1513.320006,731,970
1513.325005,728,972
1513.330006,638,971
1513.335005,663,973
1513.340006,732,975
1513.345005,670,974
1513.350005,661,971
1513.355006,741,972
1513.360006,726,970
1513.365006,628,972
1513.370007,719,966
1513.375007,736,969
1513.380006,627,973
1513.385006,655,973
1513.390005,731,973
1513.395005,669,969
1513.400007,661,971
1513.405007,754,970
1513.410006,710,971
1513.415006,632,971
1513.420005,724,969
1513.425005,726,973
1513.430007,633,970
1513.435006,667,971
1513.440005,738,971
1513.445005,674,969
1513.450007,659,970
1513.455007,743,973
1513.460006,730,971
1513.465006,633,973
1513.470007,707,974
1513.475006,743,970
1513.480006,637,974
1513.485005,661,965
1513.490006,750,970
1513.495006,665,972
1513.500006,645,973
1513.505006,746,965
1513.510006,728,970
1513.515007,640,971
1513.520005,708,973
1513.525007,725,973
1513.530006,627,968
1513.535006,676,971
1513.540007,737,972
1513.545005,677,973
1513.550005,659,973
1513.555006,754,970
1513.560006,708,976
1513.565006,649,971
1513.570006,721,973
1513.575006,734,972
1513.580006,630,973
1513.585005,677,968
1513.590006,744,973
1513.595005,668,976
1513.600005,671,993
1513.605007,755,1008
1513.610006,714,1009
1513.615006,652,1008
1513.620006,714,1009
1513.625005,724,1010
1513.630006,632,1003
1513.635006,662,1011
1513.640005,761,1008
1513.645006,670,1007
1513.650005,669,1005
1513.655005,758,1007
1513.660007,718,1009
1513.665005,636,1009
1513.670006,725,1008
1513.675007,728,1011
1513.680007,648,1006
1513.685006,685,1005
1513.690005,753,1007
1513.695005,216,993
1513.700006,0,995
1513.705007,17,993
1513.710006,0,993
1513.715006,0,991
1513.720006,8,994
1513.725007,0,995
1513.730006,0,992
1513.735006,0,990
1513.740007,0,991
1513.745007,0,993
1513.750006,0,979
1513.755005,9,960
1513.760005,0,955
1513.765006,0,959
1513.770006,12,958
1513.775006,0,958
1513.780006,0,959
1513.785005,0,957
1513.790005,0,956
1513.795006,0,959
1513.800006,0,957
1513.805006,0,959
1513.810006,0,956
1513.815006,0,956
1513.820006,1,960
1513.825005,0,958
1513.830006,0,958
1513.835005,0,955
1513.840005,0,959
1513.845007,0,958
1513.850006,0,955
1513.855006,17,957
1513.860006,0,958
1513.865006,0,955
1513.870006,393,971
1513.875006,525,971
1513.880005,516,972
1513.885006,583,972
1513.890006,680,973
1513.895006,636,966
1513.900006,638,973
1513.905006,720,973
1513.910006,707,972
1513.915006,620,974
1513.920006,716,970
1513.925006,721,971
1513.930006,618,972
1513.935006,668,972
1513.940005,737,970
1513.945006,676,970
1513.950005,657,972
1513.955005,744,972
1513.960006,712,974
1513.965007,650,973
1513.970007,713,973
1513.975006,725,966
1513.980005,626,973
1513.985005,678,973
1513.990006,756,996
1513.995005,669,1008
1514.000005,648,1008
1514.005006,750,1009
1514.010006,708,1011
1514.015006,652,1006
1514.020006,725,1009
1514.025006,719,1011
1514.030006,644,1008
1514.035006,660,1011
1514.040007,734,1009
1514.045006,679,1009
1514.050006,654,1009
1514.055005,747,1009
1514.060006,726,1007
1514.065006,644,1011
1514.070006,717,1008
1514.075005,736,1006
1514.080005,637,1008
1514.085006,667,1010
1514.090006,739,1005
1514.095005,672,1009
1514.100006,656,1010
1514.105005,749,1006
1514.110005,724,1009
1514.115006,641,1008
1514.120005,709,1006
1514.125006,739,1007
1514.130006,633,1007
1514.135006,681,1007
1514.140006,753,1009
1514.145006,658,1009
1514.150006,646,1009
1514.155006,764,1007
1514.160006,716,1009
1514.165007,634,1006
1514.170006,731,1008
1514.175007,725,1011
1514.180007,629,1004
1514.185006,676,1009
1514.190006,744,1009
1514.195007,662,1009
1514.200006,652,999
1514.205006,763,1006
1514.210005,716,1009
1514.215005,648,997
1514.220006,728,1008
1514.225007,732,1009
1514.230007,628,1011
1514.235007,680,1010
1514.240007,753,1007
1514.245005,668,1009
1514.250006,653,1008
1514.255005,762,1009
1514.260005,715,1009
1514.265006,632,1009
1514.270005,733,1007
1514.275005,726,1010
1514.280005,643,1008
1514.285006,671,1007
1514.290006,749,1008
1514.295006,665,1008
1514.300007,649,1009
1514.305006,761,1007
1514.310006,720,1010
1514.315006,630,1011
1514.320007,723,1010
1514.325005,725,1009
1514.330006,642,1002
1514.335006,676,1008
1514.340006,744,1008
1514.345005,660,1010
1514.350006,663,1008
1514.355005,748,1008
1514.360005,728,998
1514.365006,641,1008
1514.370005,726,1006
1514.375006,739,1008
1514.380006,635,1009
1514.385006,676,1002
1514.390005,749,1009
1514.395005,677,1008
1514.400007,654,1010
1514.405007,760,1005
1514.410006,727,1008
1514.415007,642,1008
1514.420006,721,1010
1514.425006,728,1010
1514.430005,633,1011
1514.435006,661,1009
1514.440005,760,1007
1514.445005,685,1007
1514.450006,657,1007
1514.455006,743,1010
1514.460005,729,998
1514.465006,650,1008
1514.470006,716,1007
1514.475007,726,1010
1514.480006,648,1009
1514.485006,670,1010
1514.490005,750,997
1514.495007,675,1009
1514.500005,652,1009
1514.505006,768,1005
1514.510007,722,1008
1514.515006,655,1006
1514.520006,718,1008
1514.525006,731,1009
1514.530007,633,1001
1514.535006,677,1008
1514.540006,743,1010
1514.545005,683,1008
1514.550005,657,1009
1514.555006,755,998
1514.560006,731,1009
1514.565006,642,1010
1514.570006,709,1006
1514.575006,744,996
1514.580006,627,978
1514.585006,680,972
1514.590005,759,972
1514.595006,672,971
1514.600006,657,971
1514.605005,745,973
1514.610005,730,972
1514.615006,632,973
1514.620006,730,967
1514.625006,736,973
1514.630006,633,972
1514.635007,669,971
1514.640007,762,969
1514.645006,665,975
1514.650005,664,965
1514.655005,750,969
1514.660006,713,973
1514.665006,656,970
1514.670006,726,972
1514.675006,728,973
1514.680006,649,969
1514.685006,670,971
1514.690006,745,972
1514.695007,685,972
1514.700007,660,970
1514.705007,753,972
1514.710007,716,973
1514.715005,634,966
1514.720006,726,973
1514.725006,732,972
1514.730006,628,973
1514.735006,677,968
1514.740006,752,971
1514.745006,665,973
1514.750007,652,972
1514.755006,747,971
1514.760005,737,971
1514.765006,651,970
1514.770006,708,975
1514.775007,735,972
1514.780006,636,973
1514.785006,662,968
1514.790006,757,974
1514.795005,662,972
1514.800005,665,968
1514.805006,757,972
1514.810006,721,972
1514.815005,648,966
1514.820005,731,964
1514.825006,730,970
1514.830006,628,973
1514.835006,671,969
1514.840007,755,972
1514.845006,666,969
1514.850006,652,968
1514.855005,755,971
1514.860005,711,977
1514.865006,654,989
1514.870005,726,1005
1514.875006,730,1007
1514.880005,649,1006
1514.885005,681,1008
1514.890006,751,1010
1514.895007,684,1004
1514.900005,668,1008
1514.905006,749,1011
1514.910006,738,1006
1514.915007,652,1009
1514.920007,729,1006
1514.925005,730,1010
1514.930006,646,1005
1514.935007,674,1010
1514.940007,755,1009
1514.945005,673,1008
1514.950006,653,1008
1514.955007,577,1000
1514.960006,0,995
1514.965006,0,992
1514.970005,9,985
1514.975006,0,994
1514.980005,0,994
1514.985006,0,993
1514.990006,0,994
1514.995005,0,994
1515.000006,0,992
1515.005006,13,993
1515.010007,0,995
1515.015006,0,972
1515.020006,0,957
1515.025007,0,958
1515.030005,0,958
1515.035006,0,954
1515.040006,0,958
1515.045005,0,959
1515.050006,0,959
1515.055005,15,959
1515.060006,0,960
1515.065005,0,957
1515.070005,15,957
1515.075006,0,957
1515.080006,0,956
1515.085006,0,959
1515.090007,0,957
1515.095006,0,959
1515.100006,0,957
1515.105005,23,957
1515.110005,0,953
1515.115007,0,957
1515.120006,0,957
1515.125007,0,948
1515.130006,0,958
1515.135007,340,975
1515.140006,546,974
1515.145007,551,972
1515.150006,581,972
1515.155006,690,974
1515.160006,667,974
1515.165007,612,973
1515.170006,684,973
1515.175006,724,971
1515.180005,619,972
1515.185006,672,973
1515.190005,741,972
1515.195005,671,963
1515.200006,654,973
1515.205007,755,968
1515.210006,727,972
1515.215007,637,973
1515.220006,723,967
1515.225006,724,974
1515.230007,646,973
1515.235005,665,971
1515.240006,739,971
1515.245005,662,974
1515.250006,664,980
1515.255005,747,1005
1515.260005,716,1009
1515.265006,633,1009
1515.270005,729,1008
1515.275006,733,1011
1515.280006,655,1004
1515.285005,681,1008
1515.290006,747,1010
1515.295005,667,1007
1515.300005,651,1010
1515.305007,766,1007
1515.310006,725,1010
1515.315006,647,1011
1515.320006,726,1004
1515.325006,741,1009
1515.330007,630,1010
1515.335006,658,1010
1515.340005,761,1010
1515.345006,673,1009
1515.350007,646,1009
1515.355006,766,1006
1515.360006,734,1005
1515.365006,639,1007
1515.370006,707,1011
1515.375006,748,1005
1515.380005,635,1006
1515.385005,656,1009
1515.390007,760,1008
1515.395005,670,1008
1515.400006,652,1010
1515.405006,746,1009
1515.410005,720,999
1515.415005,652,1006
1515.420006,706,1009
1515.425006,742,1005
1515.430006,636,1007
1515.435006,663,1008
1515.440006,753,1008
1515.445006,674,1009
1515.450006,647,1008
1515.455006,764,1004
1515.460005,714,1008
1515.465005,628,1009
1515.470006,724,1003
1515.475006,730,1009
1515.480006,641,1001
1515.485006,668,1009
1515.490007,760,1005
1515.495006,659,1009
1515.500006,649,1008
1515.505006,757,1005
1515.510006,726,1004
1515.515006,649,1009
1515.520007,713,1006
1515.525007,722,1012
1515.530006,642,996
1515.535006,670,1010
1515.540006,744,1009
1515.545007,684,1008
1515.550005,653,1009
1515.555007,748,997
1515.560005,732,1004
1515.565006,638,1009
1515.570006,710,1009
1515.575006,739,1006
1515.580006,639,1009
1515.585005,660,1010
1515.590005,737,1010
1515.595006,676,1008
1515.600006,655,1006
1515.605006,746,1010
1515.610007,724,1002
1515.615007,648,1010
1515.620006,719,1007
1515.625007,726,1008
1515.630006,633,1008
1515.635006,680,1007
1515.640005,740,1010
1515.645005,676,1008
1515.650007,652,1009
1515.655005,742,1011
1515.660006,712,1011
1515.665007,630,1009
1515.670006,723,1007
1515.675006,728,1008
1515.680006,644,1007
1515.685006,664,1008
1515.690006,741,1003
1515.695006,681,1008
1515.700005,651,1010
1515.705006,760,1007
1515.710005,724,1009
1515.715005,635,1008
1515.720007,722,1007
1515.725006,725,1002
1515.730005,650,1007
1515.735006,675,1011
1515.740006,740,1010
1515.745006,685,1003
1515.750005,658,1009
1515.755007,756,1006
1515.760005,730,1005
1515.765007,642,1009
1515.770007,715,1009
1515.775006,721,1009
1515.780006,636,1010
1515.785006,664,1010
1515.790007,747,1011
1515.795007,666,1009
1515.800006,662,998
1515.805006,752,1011
1515.810007,711,1002
1515.815006,645,1003
1515.820007,714,1007
1515.825007,721,1011
1515.830005,641,1009
1515.835006,659,1010
1515.840006,755,1006
1515.845005,664,986
1515.850005,664,973
1515.855007,742,973
1515.860005,709,972
1515.865006,646,972
1515.870005,713,972
1515.875005,722,975
1515.880007,649,972
1515.885006,669,971
1515.890005,744,972
1515.895006,661,972
1515.900006,648,974
1515.905006,744,973
1515.910006,709,974
1515.915007,640,972
1515.920006,705,973
1515.925006,740,971
1515.930005,638,970
1515.935006,668,973
1515.940005,747,962
1515.945005,665,971
1515.950007,651,972
1515.955006,737,974
1515.960005,717,973
1515.965006,636,974
1515.970005,702,973
1515.975005,742,971
1515.980006,635,973
1515.985007,659,972
1515.990006,752,959
1515.995005,676,972
1516.000006,655,970
1516.005005,742,973
1516.010006,718,963
1516.015005,642,969
1516.020005,710,971
1516.025006,725,971
1516.030007,625,974
1516.035006,676,970
1516.040006,753,972
1516.045005,673,970
1516.050006,651,971
1516.055006,739,973
1516.060007,732,968
1516.065006,642,973
1516.070006,705,971
1516.075006,719,974
1516.080006,646,972
1516.085005,661,973
1516.090005,735,974
1516.095006,676,966
1516.100006,656,971
1516.105007,738,973
1516.110005,731,970
1516.115006,634,972
1516.120005,705,972
1516.125005,736,972
1516.130006,628,985
1516.135007,680,1002
1516.140006,748,1008
1516.145007,665,1009
1516.150005,651,1002
1516.155005,758,1009
1516.160007,721,1007
1516.165006,630,1010
1516.170005,709,1009
1516.175006,725,1009
1516.180005,651,1006
1516.185006,681,1004
1516.190005,741,1010
1516.195006,659,1008
1516.200006,661,1009
1516.205006,744,1009
1516.210006,709,1011
1516.215006,654,1008
1516.220005,312,997
1516.225005,0,993
1516.230006,0,995
1516.235007,0,995
1516.240005,0,995
1516.245006,0,994
1516.250007,0,994
1516.255006,11,988
1516.260006,0,993
1516.265005,0,979
1516.270006,3,995
1516.275005,0,990
1516.280005,0,963
1516.285006,0,958
1516.290006,0,958
1516.295005,0,958
1516.300006,0,959
1516.305005,9,959
1516.310005,0,959
1516.315006,0,953
1516.320007,17,958
1516.325005,0,957
1516.330005,0,946
1516.335006,0,950
1516.340006,1,957
1516.345006,0,957
1516.350006,0,959
1516.355005,27,947
1516.360005,0,958
1516.365006,0,960
1516.370006,10,957
1516.375006,0,960
1516.380006,0,958
1516.385006,0,955
1516.390006,1,957
1516.395005,0,956
1516.400006,351,971
1516.405006,566,972
1516.410006,617,968
1516.415006,559,973
1516.420005,653,973
1516.425006,686,973
1516.430005,613,972
1516.435005,637,972
1516.440006,734,971
1516.445006,657,962
1516.450005,648,971
1516.455005,736,974
1516.460006,720,966
1516.465006,639,965
1516.470005,705,973
1516.475005,718,974
1516.480006,622,972
1516.485006,667,969
1516.490005,744,969
1516.495007,661,973
1516.500005,660,972
1516.505006,735,973
1516.510006,722,972
1516.515006,627,995
1516.520005,721,1006
1516.525006,732,1009
1516.530006,630,1010
1516.535005,677,1007
1516.540006,750,1007
1516.545005,669,1010
1516.550005,647,1008
1516.555006,739,1012
1516.560006,722,998
1516.565007,631,1010
1516.570005,724,998
1516.575007,744,1009
1516.580005,629,1012
1516.585006,680,1008
1516.590007,745,1010
1516.595005,665,1011
1516.600005,647,1009
1516.605007,760,1007
1516.610005,731,1006
1516.615006,637,1008
1516.620005,707,1011
1516.625006,723,1010
1516.630005,651,1009
1516.635006,678,1009
1516.640005,744,1009
1516.645005,677,1009
1516.650006,651,1009
1516.655006,746,1007
1516.660006,718,1008
1516.665006,650,1002
1516.670006,725,1008
1516.675006,732,1009
1516.680005,645,1003
1516.685006,670,1008
1516.690005,752,1008
1516.695005,678,1006
1516.700006,656,1007
1516.705007,761,1009
1516.710007,715,1007
1516.715006,635,1009
1516.720006,732,1004
1516.725005,736,1009
1516.730006,637,997
1516.735006,674,1007
1516.740007,749,1010
1516.745006,668,1011
1516.750006,667,1009
1516.755006,746,1008
1516.760005,733,1008
1516.765006,640,1008
1516.770006,705,1009
1516.775006,740,1009
1516.780006,640,1010
1516.785005,660,1009
1516.790005,762,1007
1516.795006,675,1008
1516.800005,651,1007
1516.805007,744,1010
1516.810006,735,1009
1516.815005,642,1007
1516.820006,710,1008
1516.825005,723,1012
1516.830006,649,1002
1516.835006,672,1008
1516.840007,741,1011
1516.845005,685,1009
1516.850006,658,1008
1516.855005,741,1011
1516.860006,730,1008
1516.865007,634,1009
1516.870007,719,1003
1516.875005,739,1008
1516.880006,642,1008
1516.885005,666,1008
1516.890006,740,1008
1516.895006,687,1007
1516.900005,657,1009
1516.905005,752,1011
1516.910006,714,1010
1516.915007,645,1011
1516.920006,731,1006
1516.925006,733,1009
1516.930006,629,1009
1516.935006,673,1008
1516.940006,746,1008
1516.945006,682,1009
1516.950006,654,1008
1516.955006,747,1005
1516.960005,728,1007
1516.965005,633,1010
1516.970007,707,1009
1516.975006,751,1007
1516.980006,635,1010
1516.985006,682,1005
1516.990005,763,1009
1516.995007,672,1009
1517.000005,655,1009
1517.005006,760,1008
1517.010006,719,1009
1517.015006,652,1008
1517.020006,714,1007
1517.025006,725,1010
1517.030006,647,1007
1517.035005,665,1009
1517.040005,742,1009
1517.045006,669,1009
1517.050007,665,1008
1517.055007,757,1007
1517.060006,717,1008
1517.065006,638,998
1517.070006,726,1006
1517.075006,727,1010
1517.080006,627,1009
1517.085006,665,1011
1517.090006,763,1008
1517.095006,680,1008
1517.100005,656,1006
1517.105006,742,999
1517.110006,726,977
1517.115006,635,973
1517.120007,726,971
1517.125006,735,972
1517.130005,631,971
1517.135005,676,971
1517.140007,738,973
1517.145005,681,972
1517.150007,654,972
1517.155005,742,971
1517.160006,710,972
1517.165006,651,970
1517.170005,712,971
1517.175006,724,972
1517.180005,645,972
1517.185005,664,973
1517.190007,741,973
1517.195006,680,972
1517.200006,658,971
1517.205006,738,972
1517.210007,727,967
1517.215005,648,972
1517.220006,713,973
1517.225006,729,972
1517.230006,633,972
1517.235006,655,974
1517.240007,760,972
1517.245006,677,973
1517.250006,652,972
1517.255006,741,973
1517.260007,713,974
1517.265006,629,974
1517.270006,721,961
1517.275006,723,974
1517.280007,630,964
1517.285006,671,970
1517.290006,746,972
1517.295005,664,974
1517.300005,669,969
1517.305006,743,973
1517.310006,723,965
1517.315006,641,971
1517.320006,708,972
1517.325006,721,975
1517.330006,634,973
1517.335006,660,974
1517.340007,758,972
1517.345005,663,974
1517.350005,665,972
1517.355006,747,971
1517.360007,709,973
1517.365005,646,965
1517.370006,715,971
1517.375006,724,972
1517.380006,628,972
1517.385007,657,973
1517.390007,759,977
1517.395006,672,994
1517.400005,648,1008
1517.405005,756,998
1517.410006,713,1009
1517.415006,641,999
1517.420005,719,1008
1517.425005,726,1009
1517.430006,633,1009
1517.435006,671,1008
1517.440005,739,1010
1517.445005,684,1008
1517.450007,655,1012
1517.455005,752,1001
1517.460007,733,1007
1517.465006,646,1008
1517.470006,702,1009
1517.475007,743,1010
1517.480006,637,1011
1517.485006,260,991
1517.490006,0,993
1517.495006,0,996
1517.500007,0,992
1517.505006,0,992
1517.510006,0,993
1517.515006,0,995
1517.520006,0,995
1517.525005,0,994
1517.530006,0,994
1517.535006,0,991
1517.540006,0,984
1517.545005,0,954
1517.550005,0,957
1517.555007,7,958
1517.560007,0,955
1517.565007,0,958
1517.570006,0,959
1517.575006,0,959
1517.580006,0,956
1517.585005,0,956
1517.590005,0,958
1517.595006,0,960
1517.600007,0,959
1517.605007,23,958
1517.610006,0,952
1517.615007,0,958
1517.620007,8,957
1517.625007,0,957
1517.630006,0,958
1517.635006,0,950
1517.640007,0,952
1517.645005,0,952
1517.650006,0,960
1517.655007,20,957
1517.660006,162,964
1517.665005,313,973
1517.670007,524,973
1517.675006,615,971
1517.680005,550,970
1517.685005,598,973
1517.690006,709,973
1517.695006,637,974
1517.700006,640,970
1517.705006,726,973
1517.710005,717,966
1517.715005,621,972
1517.720007,694,974
1517.725006,730,971
1517.730006,618,972
1517.735005,648,972
1517.740007,735,965
1517.745007,677,970
1517.750005,646,971
1517.755006,741,973
1517.760006,704,973
1517.765005,628,972
1517.770006,722,969
1517.775006,725,971
1517.780006,620,989
1517.785006,669,1009
1517.790006,740,1008
1517.795006,668,1011
1517.800006,648,1010
1517.805006,735,1011
1517.810006,729,1009
1517.815007,632,1010
1517.820007,706,1009
1517.825006,721,1011
1517.830005,645,1005
1517.835007,666,1009
1517.840006,740,1010
1517.845005,662,1011
1517.850006,662,1006
1517.855005,753,1008
1517.860006,711,1009
1517.865006,645,1007
1517.870006,709,1010
1517.875006,726,1009
1517.880006,649,1008
1517.885007,670,1009
1517.890006,741,1006
1517.895007,664,1011
1517.900006,649,1012
1517.905006,757,1008
1517.910005,717,1009
1517.915006,630,1010
1517.920005,701,1013
1517.925005,739,1008
1517.930007,642,1007
1517.935005,669,1009
1517.940006,737,1009
1517.945006,667,1007
1517.950005,645,1012
1517.955006,749,1001
1517.960006,724,1007
1517.965006,631,1010
1517.970006,721,1006
1517.975007,726,1010
1517.980007,640,1005
1517.985006,671,1009
1517.990006,740,1009
1517.995005,683,1008
1518.000006,648,1007
1518.005006,755,1011
1518.010006,715,1009
1518.015006,644,1008
1518.020006,720,1009
1518.025005,720,1011
1518.030005,648,1006
1518.035006,669,1008
1518.040007,743,1009
1518.045006,661,1009
1518.050006,668,1008
1518.055006,745,1008
1518.060006,725,1000
1518.065005,635,1009
1518.070005,711,1008
1518.075006,725,1011
1518.080005,623,1010
1518.085006,671,1010
1518.090006,742,1008
1518.095006,684,1005
1518.100006,652,1006
1518.105005,745,1011
1518.110005,719,1010
1518.115006,645,1008
1518.120006,717,1007
1518.125006,726,1007
1518.130006,624,1011
1518.135006,677,1009
1518.140005,746,1009
1518.145006,667,1012
1518.150005,669,1006
1518.155005,749,1007
1518.160007,717,1010
1518.165006,629,1012
1518.170006,728,1007
1518.175007,734,1010
1518.180006,625,1008
1518.185007,674,1005
1518.190006,740,1010
1518.195006,685,1007
1518.200005,656,1008
1518.205005,758,1008
1518.210006,732,1009
1518.215006,636,1007
1518.220005,708,1008
1518.225006,723,1011
1518.230006,626,1011
1518.235006,655,1008
1518.240006,756,1008
1518.245005,669,1011
1518.250005,645,1012
1518.255006,758,1008
1518.260007,712,1011
1518.265006,653,1006
1518.270006,703,1010
1518.275006,737,1008
1518.280007,638,1009
1518.285006,659,1011
1518.290006,762,1009
1518.295006,675,1008
1518.300007,649,1011
1518.305006,744,1010
1518.310006,734,1009
1518.315005,635,1010
1518.320006,728,1009
1518.325005,730,1009
1518.330005,630,1008
1518.335007,678,1009
1518.340005,743,1011
1518.345007,667,1012
1518.350006,672,1008
1518.355006,761,1009
1518.360006,717,1010
1518.365006,633,1011
1518.370006,728,992
1518.375006,732,976
1518.380006,643,971
1518.385007,667,974
1518.390006,744,975
1518.395007,691,971
1518.400006,663,970
1518.405006,748,974
1518.410006,730,970
1518.415006,651,973
1518.420006,709,972
1518.425007,749,971
1518.430006,645,971
1518.435006,661,974
1518.440006,763,972
1518.445006,672,971
1518.450005,649,972
1518.455005,744,969
1518.460006,734,972
1518.465007,636,973
1518.470007,723,968
1518.475006,744,970
1518.480005,635,971
1518.485005,660,972
1518.490007,758,965
1518.495006,683,971
1518.500006,650,973
1518.505005,766,970
1518.510006,723,971
1518.515006,633,973
1518.520006,713,972
1518.525005,740,972
1518.530006,632,964
1518.535006,674,970
1518.540006,741,970
1518.545006,681,966
1518.550006,657,973
1518.555006,746,974
1518.560006,717,972
1518.565005,644,962
1518.570005,703,975
1518.575006,746,972
1518.580006,645,971
1518.585007,660,974
1518.590007,756,972
1518.595007,678,971
1518.600006,650,973
1518.605006,759,964
1518.610007,730,970
1518.615005,644,971
1518.620006,712,972
1518.625007,725,973
1518.630005,650,969
1518.635005,668,972
1518.640006,741,971
1518.645006,666,973
1518.650006,643,973
1518.655006,760,976
1518.660006,718,996
1518.665006,628,1009
1518.670006,711,1008
1518.675006,723,1010
1518.680006,638,1009
1518.685005,660,1010
1518.690007,763,1003
1518.695006,672,1010
1518.700005,647,1009
1518.705005,756,1008
1518.710006,717,1008
1518.715006,629,1010
1518.720005,720,998
1518.725005,739,1007
1518.730006,624,1012
1518.735007,676,1009
1518.740006,747,1010
1518.745005,667,1010
1518.750005,255,994
1518.755007,6,995
1518.760005,0,993
1518.765007,0,992
1518.770005,0,985
1518.775006,0,994
1518.780007,0,992
1518.785006,0,994
1518.790006,0,995
1518.795005,0,992
1518.800006,0,997
1518.805006,22,986
1518.810007,0,960
1518.815006,0,959
1518.820006,0,959
1518.825005,0,955
1518.830006,0,959
1518.835005,0,958
1518.840005,0,958
1518.845006,0,953
1518.850006,0,958
1518.855005,20,956
1518.860005,0,957
1518.865006,0,949
1518.870006,6,957
1518.875006,0,960
1518.880006,0,945
1518.885006,0,953
1518.890006,0,960
1518.895006,0,955
1518.900006,0,959
1518.905006,18,949
1518.910005,0,957
1518.915006,0,960
1518.920006,17,956
1518.925007,117,960
1518.930007,292,973
1518.935006,473,973
1518.940006,634,969
1518.945006,601,972
1518.950006,595,973
1518.955006,705,974
1518.960006,685,976
1518.965007,628,973
1518.970006,690,972
1518.975006,728,962
1518.980005,627,970
1518.985006,658,974
1518.990007,733,975
1518.995006,680,972
1519.000006,649,973
1519.005005,738,975
1519.010005,725,970
1519.015006,640,971
1519.020006,705,971
1519.025006,720,972
1519.030006,644,972
1519.035006,664,973
1519.040006,752,972
1519.045005,666,991
1519.050005,668,1008
1519.055007,757,1009
1519.060005,718,1009
1519.065006,654,1007
1519.070007,711,1010
1519.075006,748,1006
1519.080006,644,1007
1519.085006,672,1011
1519.090005,744,1007
1519.095005,687,1010
1519.100006,659,1011
1519.105005,745,1010
1519.110006,740,1004
1519.115007,655,1008
1519.120006,719,1009
1519.125006,736,1009
1519.130007,632,1008
1519.135006,683,1005
1519.140006,745,1008
1519.145006,684,1006
1519.150006,661,1008
1519.155006,745,1009
1519.160006,714,1011
1519.165007,650,1009
1519.170005,713,1010
1519.175005,729,1010
1519.180006,657,1007
1519.185006,674,1008
1519.190007,758,1007
1519.195005,674,1011
1519.200007,672,1007
1519.205006,760,1009
1519.210006,718,1008
1519.215006,631,1008
1519.220005,724,1006
1519.225006,746,1009
1519.230005,645,1011
1519.235005,673,1009
1519.240006,742,1010
1519.245006,691,1006
1519.250006,656,1009
1519.255005,744,1011
1519.260005,718,1010
1519.265007,655,1005
1519.270006,718,1009
1519.275005,727,1010
1519.280005,647,1008
1519.285006,672,1009
1519.290006,748,1010
1519.295005,693,1004
1519.300006,670,1008
1519.305006,754,1010
1519.310007,717,1012
1519.315006,630,1011
1519.320007,723,1009
1519.325006,737,1009
1519.330006,638,1010
1519.335006,685,1006
1519.340006,749,1008
1519.345007,688,1004
1519.350005,672,1009
1519.355005,751,1009
1519.360005,716,1011
1519.365005,640,1007
1519.370006,711,1008
1519.375007,751,1003
1519.380007,641,1009
1519.385007,661,1009
1519.390007,760,1001
1519.395006,680,1007
1519.400005,650,1007
1519.405006,766,1009
1519.410006,715,1010
1519.415006,640,1008
1519.420006,725,1006
1519.425006,744,1009
1519.430005,638,1009
1519.435005,685,1007
1519.440006,756,1006
1519.445007,672,1010
1519.450006,674,1006
1519.455006,754,1009
1519.460005,716,1009
1519.465005,633,1011
1519.470006,728,1009
1519.475007,740,1010
1519.480005,637,1009
1519.485005,669,1010
1519.490006,755,1000
1519.495006,683,1009
1519.500007,658,1009
1519.505006,742,1010
1519.510006,737,1009
1519.515006,633,1009
1519.520006,724,1009
1519.525006,731,1009
1519.530006,632,1012
1519.535005,678,1010
1519.540005,750,1006
1519.545006,673,1008
1519.550006,669,1006
1519.555006,756,1009
1519.560006,718,1009
1519.565006,633,1012
1519.570005,726,1002
1519.575007,744,1010
1519.580007,633,1010
1519.585006,667,1008
1519.590006,744,1007
1519.595006,692,1007
1519.600007,664,1005
1519.605006,746,1009
1519.610007,742,1005
1519.615005,640,1008
1519.620007,712,999
1519.625005,744,1008
1519.630007,634,1007
1519.635006,676,994
1519.640005,753,975
1519.645006,675,973
1519.650005,659,973
1519.655005,749,974
1519.660007,716,975
1519.665006,655,970
1519.670006,717,970
1519.675006,739,970
1519.680006,634,972
1519.685006,677,972
1519.690006,751,972
1519.695006,670,973
1519.700005,656,961
1519.705006,760,971
1519.710006,717,973
1519.715006,648,973
1519.720005,710,973
1519.725005,736,972
1519.730007,632,973
1519.735006,681,968
1519.740007,756,971
1519.745007,678,973
1519.750006,648,974
1519.755005,752,973
1519.760005,716,970
1519.765005,649,969
1519.770006,718,973
1519.775005,733,972
1519.780005,628,973
1519.785006,675,973
1519.790006,741,973
1519.795006,685,972
1519.800006,652,974
1519.805005,762,970
1519.810006,720,972
1519.815006,627,974
1519.820006,718,971
1519.825006,734,971
1519.830006,634,971
1519.835006,656,972
1519.840006,739,973
1519.845006,681,974
1519.850007,651,973
1519.855007,744,966
1519.860006,733,973
1519.865006,641,970
1519.870006,705,974
1519.875006,748,969
1519.880005,649,972
1519.885005,664,974
1519.890005,739,976
1519.895005,685,971
1519.900007,658,974
1519.905006,747,973
1519.910005,717,970
1519.915006,630,973
1519.920006,724,974
1519.925006,748,992
1519.930005,643,1008
1519.935006,667,1009
1519.940005,743,1010
1519.945006,686,1004
1519.950006,663,1008
1519.955006,746,1010
1519.960005,732,1008
1519.965005,635,1010
1519.970006,717,1000
1519.975006,728,1012
1519.980005,653,1011
1519.985005,666,1001
1519.990007,761,1009
1519.995005,680,1009
1520.000006,660,1006
1520.005005,744,1011
1520.010005,736,1008
1520.015006,272,993
1520.020005,0,995
1520.025006,0,996
1520.030006,0,992
1520.035007,0,995
1520.040005,0,996
1520.045006,0,996
1520.050006,0,993
1520.055006,5,995
1520.060007,0,993
1520.065006,0,993
1520.070007,0,990
1520.075006,0,964
1520.080006,0,956
1520.085005,0,959
1520.090005,11,957
1520.095007,0,959
1520.100007,0,958
1520.105007,10,958
1520.110005,0,954
1520.115007,0,957
1520.120007,0,959
1520.125006,0,952
1520.130006,0,960
1520.135006,0,956
1520.140006,0,959
1520.145007,0,960
1520.150006,0,960
1520.155006,29,954
1520.160006,0,958
1520.165007,0,956
1520.170007,12,959
1520.175006,0,955
1520.180005,0,958
1520.185005,0,947
1520.190005,5,958
1520.195005,313,973
1520.200006,451,973
1520.205007,618,975
1520.210005,648,971
1520.215005,579,971
1520.220007,662,974
1520.225006,713,971
1520.230006,605,975
1520.235006,664,971
1520.240007,736,970
1520.245006,655,974
1520.250006,654,969
1520.255006,752,971
1520.260007,714,973
1520.265006,621,972
1520.270005,719,969
1520.275007,729,971
1520.280006,633,965
1520.285006,674,971
1520.290007,743,973
1520.295006,667,973
1520.300006,648,963
1520.305006,747,975
1520.310006,713,989
1520.315006,647,1008
1520.320006,702,1009
1520.325006,728,1007
1520.330007,632,1000
1520.335005,675,1009
1520.340005,742,1009
1520.345006,677,998
1520.350006,644,1007
1520.355007,759,1008
1520.360007,719,1011
1520.365006,635,1011
1520.370006,727,1007
1520.375006,732,1008
1520.380006,632,1011
1520.385007,675,1002
1520.390007,749,1008
1520.395006,669,1011
1520.400006,645,1012
1520.405007,760,1009
1520.410005,723,1009
1520.415005,631,1009
1520.420007,720,1009
1520.425007,729,1011
1520.430006,634,1009
1520.435006,669,998
1520.440006,752,1009
1520.445006,667,1010
1520.450007,667,1009
1520.455006,760,1009
1520.460006,717,1011
1520.465006,629,1013
1520.470006,722,1007
1520.475006,742,1009
1520.480006,652,1005
1520.485006,669,1009
1520.490005,746,1010
1520.495006,667,1012
1520.500006,663,1009
1520.505007,751,1010
1520.510006,733,1010
1520.515006,643,1008
1520.520006,712,1010
1520.525005,751,1002
1520.530005,635,1007
1520.535006,661,1010
1520.540006,744,1009
1520.545005,673,1010
1520.550005,664,1010
1520.555006,750,1008
1520.560006,717,1011
1520.565005,638,1006
1520.570005,726,1008
1520.575007,734,1008
1520.580007,651,1007
1520.585007,676,1007
1520.590006,761,1005
1520.595005,685,1008
1520.600005,653,1008
1520.605007,761,1007
1520.610006,717,1009
1520.615006,652,1009
1520.620007,716,1007
1520.625006,730,1010
1520.630006,657,1009
1520.635006,682,1009
1520.640006,749,1009
1520.645006,676,1011
1520.650006,669,1004
1520.655006,764,1008
1520.660006,725,1010
1520.665007,643,1007
1520.670006,711,1011
1520.675006,730,1009
1520.680006,659,1004
1520.685006,679,1009
1520.690006,753,1008
1520.695006,674,1011
1520.700006,669,1007
1520.705006,759,1010
1520.710006,726,1009
1520.715006,634,1008
1520.720005,725,1009
1520.725005,747,1008
1520.730006,644,1011
1520.735006,662,1009
1520.740006,767,1011
1520.745006,683,1012
1520.750007,648,1011
1520.755007,762,1009
1520.760006,728,1009
1520.765005,636,1007
1520.770006,728,1009
1520.775006,733,1009
1520.780006,631,1009
1520.785007,686,1008
1520.790006,752,1009
1520.795006,677,1009
1520.800006,650,1004
1520.805005,753,1009
1520.810006,730,1001
1520.815006,652,1008
1520.820006,707,1009
1520.825005,731,1002
1520.830005,651,1007
1520.835007,669,1010
1520.840006,748,1009
1520.845005,670,1012
1520.850005,648,1008
1520.855006,762,1008
1520.860006,716,1011
1520.865006,628,1010
1520.870006,724,1006
1520.875006,734,1007
1520.880005,628,1011
1520.885005,682,1008
1520.890006,750,1008
1520.895005,674,1007
1520.900006,650,1005
1520.905006,743,982
1520.910005,712,973
1520.915006,648,974
1520.920006,713,973
1520.925006,724,972
1520.930006,648,970
1520.935006,657,972
1520.940006,755,970
1520.945005,684,971
1520.950006,659,972
1520.955007,747,974
1520.960007,711,975
1520.965006,640,973
1520.970005,707,972
1520.975005,725,973
1520.980007,644,961
1520.985007,662,973
1520.990006,739,974
1520.995005,678,972
1521.000006,648,973
1521.005006,756,969
1521.010007,724,973
1521.015007,627,974
1521.020006,722,970
1521.025005,724,973
1521.030005,626,973
1521.035006,669,972
1521.040006,737,973
1521.045005,683,972
1521.050005,658,972
1521.055006,744,971
1521.060006,711,974
1521.065006,645,970
1521.070007,712,973
1521.075006,725,973
1521.080006,643,963
1521.085006,669,972
1521.090006,737,976
1521.095005,690,969
1521.100005,659,971
1521.105006,746,972
1521.110006,710,970
1521.115007,626,978
1521.120005,726,967
1521.125006,738,972
1521.130005,631,973
1521.135005,677,972
1521.140006,749,972
1521.145007,674,972
1521.150007,642,973
1521.155005,758,972
1521.160007,723,972
1521.165006,629,972
1521.170006,715,971
1521.175006,722,972
1521.180005,650,971
1521.185005,656,975
1521.190006,737,989
1521.195006,688,1006
1521.200005,648,1007
1521.205006,741,1009
1521.210005,731,1006
1521.215006,640,1009
1521.220005,704,1010
1521.225005,744,1009
1521.230006,634,1011
1521.235005,682,1007
1521.240007,752,1008
1521.245006,679,1010
1521.250007,654,1006
1521.255006,744,1008
1521.260007,731,1006
1521.265006,640,1008
1521.270006,704,1005
1521.275006,740,1007
1521.280006,229,994
1521.285006,0,995
1521.290006,0,994
1521.295006,0,992
1521.300006,0,995
1521.305006,5,993
1521.310006,0,994
1521.315005,0,989
1521.320005,0,994
1521.325006,0,994
1521.330006,0,998
1521.335005,0,985
1521.340005,0,962
1521.345006,0,955
1521.350006,0,960
1521.355005,21,957
1521.360006,0,959
1521.365007,0,957
1521.370006,10,958
1521.375006,0,957
1521.380005,0,956
1521.385006,0,958
1521.390006,0,959
1521.395007,0,960
1521.400007,0,958
1521.405006,19,958
1521.410006,0,958
1521.415006,0,957
1521.420006,2,958
1521.425006,0,959
1521.430005,0,958
1521.435005,0,957
1521.440007,0,960
1521.445006,0,955
1521.450006,0,960
1521.455007,209,964
1521.460005,329,975
1521.465006,439,970
1521.470006,588,973
1521.475007,641,971
1521.480006,563,973
1521.485005,626,973
1521.490007,713,973
1521.495007,662,968
1521.500007,645,971
1521.505006,730,971
1521.510005,721,970
1521.515007,624,973
1521.520006,713,973
1521.525006,721,972
1521.530006,620,973
1521.535006,669,961
1521.540006,750,969
1521.545006,667,972
1521.550006,637,973
1521.555005,754,973
1521.560005,709,971
1521.565006,643,964
1521.570006,707,971
1521.575006,721,991
1521.580006,647,1009
1521.585006,661,1010
1521.590006,759,1009
1521.595005,675,1009
1521.600005,654,1008
1521.605006,740,1009
1521.610006,726,1008
1521.615006,646,1006
1521.620005,721,1004
1521.625006,739,1009
1521.630005,627,1010
1521.635005,678,1007
1521.640006,745,1008
1521.645006,668,1011
1521.650006,669,1001
1521.655006,752,1008
1521.660005,721,1008
1521.665005,632,1011
1521.670006,702,1006
1521.675006,737,1008
1521.680005,636,1008
1521.685006,659,1010
1521.690006,755,1010
1521.695007,673,1006
1521.700006,650,1011
1521.705006,746,1001
1521.710005,732,1010
1521.715005,636,1009
1521.720007,709,1009
1521.725005,723,1010
1521.730006,630,1005
1521.735006,667,1010
1521.740007,740,1010
1521.745007,682,1009
1521.750007,653,1008
1521.755006,757,999
1521.760007,736,1008
1521.765006,636,1009
1521.770006,706,1007
1521.775006,750,1004
1521.780006,638,1009
1521.785006,668,1010
1521.790006,751,1008
1521.795005,668,1011
1521.800005,645,1007
1521.805006,757,1009
1521.810006,718,1010
1521.815006,630,1011
1521.820006,726,1007
1521.825006,734,1009
1521.830006,636,1009
1521.835006,663,1011
1521.840006,745,1004
1521.845005,688,1009
1521.850005,661,1009
1521.855006,753,1010
1521.860006,728,1007
1521.865006,629,1009
1521.870005,716,1006
1521.875005,737,1010
1521.880005,634,1009
1521.885006,678,1004
1521.890005,751,1007
1521.895005,684,1005
1521.900006,645,1011
1521.905007,760,1010
1521.910006,716,1010
1521.915006,651,1009
1521.920006,703,1012
1521.925006,734,1010
1521.930006,629,1011
1521.935006,686,1006
1521.940006,762,1008
1521.945007,683,1008
1521.950007,650,1010
1521.955007,760,1000
1521.960006,729,1007
1521.965006,640,1009
1521.970006,720,1005
1521.975006,737,1009
1521.980006,636,1008
1521.985007,661,1010
1521.990005,763,1004
1521.995006,673,1010
1522.000006,646,1008
1522.005005,757,1000
1522.010006,723,1004
1522.015006,635,1010
1522.020006,705,1009
1522.025007,739,1003
1522.030007,645,1007
1522.035006,668,1010
1522.040006,744,1009
1522.045006,685,1003
1522.050007,663,1008
1522.055006,747,1010
1522.060006,715,1007
1522.065006,641,1009
1522.070006,705,1008
1522.075006,728,1010
1522.080007,649,1003
1522.085006,664,1010
1522.090006,738,1010
1522.095007,681,998
1522.100006,664,1009
1522.105006,742,1008
1522.110007,708,1011
1522.115006,649,1008
1522.120006,719,1006
1522.125007,733,1008
1522.130007,625,1010
1522.135006,674,1010
1522.140006,741,1009
1522.145007,683,1009
1522.150006,647,1009
1522.155006,756,1004
1522.160006,722,1010
1522.165006,625,998
1522.170006,719,976
1522.175006,730,974
1522.180005,628,973
1522.185005,672,972
1522.190006,749,972
1522.195007,672,971
1522.200006,654,972
1522.205007,741,973
1522.210006,728,971
1522.215006,633,973
1522.220005,721,971
1522.225005,737,972
1522.230006,647,970
1522.235005,666,970
1522.240006,735,973
1522.245006,680,972
1522.250007,655,973
1522.255006,739,972
1522.260006,734,971
1522.265005,643,971
1522.270006,709,963
1522.275006,741,973
1522.280006,638,973
1522.285006,661,973
1522.290006,734,971
1522.295005,664,973
1522.300005,668,970
1522.305007,744,973
1522.310006,726,965
1522.315006,636,972
1522.320006,702,973
1522.325005,739,962
1522.330005,635,968
1522.335007,665,972
1522.340006,734,974
1522.345005,683,970
1522.350005,655,972
1522.355007,745,974
1522.360005,712,974
1522.365007,645,961
1522.370007,709,975
1522.375006,737,961
1522.380006,643,970
1522.385006,669,969
1522.390005,740,971
1522.395006,663,973
1522.400005,652,974
1522.405006,739,971
1522.410006,735,968
1522.415006,637,971
1522.420006,706,971
1522.425006,744,971
1522.430007,634,972
1522.435005,657,974
1522.440006,741,974
1522.445006,673,960
1522.450006,665,976
1522.455006,752,993
1522.460006,725,1008
1522.465007,639,1009
1522.470006,710,1007
1522.475007,749,1004
1522.480006,638,1010
1522.485006,660,1009
1522.490007,747,1010
1522.495007,687,1009
1522.500005,653,1009
1522.505007,756,1003
1522.510005,725,1009
1522.515006,633,1011
1522.520007,704,1011
1522.525007,745,1007
1522.530007,636,1010
1522.535007,675,999
1522.540005,353,995
1522.545006,0,993
1522.550007,0,996
1522.555005,18,990
1522.560005,0,994
1522.565007,0,997
1522.570006,2,991
1522.575005,0,993
1522.580006,0,996
1522.585005,0,993
1522.590005,0,994
1522.595007,0,988
1522.600006,0,964
1522.605006,16,958
1522.610006,0,959
1522.615006,0,959
1522.620005,0,950
1522.625005,0,959
1522.630006,0,956
1522.635006,0,956
1522.640007,0,946
1522.645005,0,956
1522.650006,0,958
1522.655006,4,961
1522.660006,0,953
1522.665006,0,958
1522.670007,0,958
1522.675005,0,959
1522.680007,0,950
1522.685007,0,960
1522.690006,0,957
1522.695007,0,957
1522.700006,0,959
1522.705006,25,953
1522.710005,0,958
1522.715005,4,953
1522.720007,405,970
1522.725006,539,973
1522.730006,514,970
1522.735007,580,973
1522.740007,683,971
1522.745006,644,968
1522.750007,627,972
1522.755007,723,970
1522.760007,695,971
1522.765007,615,975
1522.770006,710,972
1522.775005,715,973
1522.780006,623,974
1522.785006,657,973
1522.790006,732,970
1522.795005,679,965
1522.800006,658,973
1522.805005,741,974
1522.810006,708,972
1522.815006,635,972
1522.820006,700,974
1522.825005,731,973
1522.830005,642,972
1522.835005,663,993
1522.840005,743,1007
1522.845007,686,1006
1522.850006,652,1009
1522.855005,744,1009
1522.860005,710,1008
1522.865006,649,1004
1522.870005,716,1011
1522.875006,729,1010
1522.880005,627,1011
1522.885005,672,1001
1522.890006,754,1007
1522.895007,672,1011
1522.900007,649,1007
1522.905005,757,1009
1522.910006,715,1008
1522.915006,652,1010
1522.920006,719,1009
1522.925006,723,1009
1522.930006,652,1004
1522.935006,664,1008
1522.940006,741,1011
1522.945007,682,1005
1522.950006,655,1010
1522.955006,745,1011
1522.960006,734,1008
1522.965006,633,1011
1522.970005,722,1009
1522.975005,733,1007
1522.980007,630,1012
1522.985006,682,1007
1522.990007,752,1008
1522.995006,671,1008
1523.000005,645,1010
1523.005007,757,1008
1523.010006,717,1012
1523.015006,634,1011
1523.020007,704,1006
1523.025006,744,1008
1523.030006,646,1008
1523.035006,664,1010
1523.040005,739,1010
1523.045007,685,1009
1523.050006,658,1008
1523.055006,745,1010
1523.060006,712,1009
1523.065006,646,1002
1523.070007,726,1008
1523.075006,732,1010
1523.080007,628,1010
1523.085006,683,1009
1523.090006,748,1011
1523.095006,683,1008
1523.100006,654,1008
1523.105005,745,1010
1523.110006,730,1006
1523.115006,650,1009
1523.120006,719,1009
1523.125006,724,1010
1523.130006,650,1008
1523.135006,673,1008
1523.140005,741,1010
1523.145005,686,1009
1523.150007,656,1007
1523.155006,741,1008
1523.160005,711,1010
1523.165005,652,1007
1523.170006,713,1009
1523.175006,733,1009
1523.180006,633,1008
1523.185006,673,1004
1523.190007,754,1008
1523.195005,673,1007
1523.200006,652,1009
1523.205006,761,1008
1523.210006,726,1008
1523.215006,635,1008
1523.220006,719,998
1523.225006,743,1008
1523.230005,642,1006
1523.235005,658,1010
1523.240006,757,1008
1523.245006,672,1008
1523.250006,667,1005
1523.255006,755,1009
1523.260007,717,1009
1523.265006,629,1009
1523.270006,720,1009
1523.275005,726,1009
1523.280005,648,1008
1523.285007,662,1009
1523.290007,738,1009
1523.295006,684,1009
1523.300007,655,1010
1523.305007,745,1010
1523.310006,714,1009
1523.315005,648,1000
1523.320005,712,1009
1523.325006,722,1008
1523.330007,644,1009
1523.335007,657,1011
1523.340005,760,1009
1523.345006,669,1010
1523.350006,671,1004
1523.355006,762,1005
1523.360006,722,1010
1523.365007,643,1009
1523.370006,709,1012
1523.375007,744,1009
1523.380006,643,1010
1523.385006,670,1009
1523.390006,747,1009
1523.395006,689,1006
1523.400006,664,1009
1523.405006,752,1010
1523.410006,716,1007
1523.415006,654,1010
1523.420007,713,1009
1523.425007,732,996
1523.430006,632,979
1523.435005,680,972
1523.440005,747,973
1523.445006,663,974
1523.450005,667,972
1523.455005,748,971
1523.460007,727,961
1523.465006,647,974
1523.470005,717,974
1523.475005,725,973
1523.480006,624,974
1523.485006,674,972
1523.490006,746,972
1523.495005,662,972
1523.500005,667,969
1523.505005,749,972
1523.510005,716,972
1523.515006,634,972
1523.520006,705,974
1523.525005,747,970
1523.530005,628,970
1523.535005,662,966
1523.540005,754,972
1523.545007,681,972
1523.550006,651,973
1523.555006,747,971
1523.560007,712,972
1523.565005,652,969
1523.570005,708,971
1523.575006,723,971
1523.580007,644,973
1523.585006,656,972
1523.590006,758,970
1523.595005,667,972
1523.600005,665,971
1523.605006,745,973
1523.610006,726,971
1523.615007,634,973
1523.620006,723,963
1523.625006,739,969
1523.630005,634,973
1523.635005,663,973
1523.640007,758,968
1523.645005,682,969
1523.650007,650,973
1523.655006,744,973
1523.660005,731,973
1523.665006,640,973
1523.670005,714,967
1523.675006,747,972
1523.680006,649,970
1523.685006,669,971
1523.690005,738,974
1523.695005,664,972
1523.700006,668,971
1523.705007,750,972
1523.710007,710,977
1523.715005,651,993
1523.720006,714,1008
1523.725006,724,1011
1523.730006,644,1008
1523.735006,672,1009
1523.740006,753,1007
1523.745005,668,1009
1523.750005,670,1007
1523.755006,749,1008
1523.760007,715,1010
1523.765006,635,1010
1523.770007,711,1001
1523.775006,736,1010
1523.780005,626,1011
1523.785006,681,1007
1523.790007,743,1010
1523.795007,663,1010
1523.800006,656,995
1523.805006,344,995
1523.810006,0,992
1523.815005,0,994
1523.820006,0,995
1523.825005,0,995
1523.830005,0,996
1523.835007,0,995
1523.840006,0,992
1523.845005,0,993
1523.850006,0,994
1523.855006,0,996
1523.860006,0,983
1523.865007,0,960
1523.870006,5,957
1523.875007,0,960
1523.880007,0,958
1523.885006,0,959
1523.890005,0,953
1523.895005,0,959
1523.900006,0,960
1523.905006,13,955
1523.910006,0,957
1523.915006,0,957
1523.920005,0,957
1523.925005,0,957
1523.930007,0,950
1523.935005,0,958
1523.940006,0,960
1523.945005,0,953
1523.950006,0,958
1523.955007,21,957
1523.960006,0,958
1523.965006,0,956
1523.970006,2,956
1523.975007,0,959
1523.980006,174,968
1523.985006,350,971
1523.990006,548,973
1523.995006,549,968
1524.000006,579,972
1524.005006,685,972
1524.010006,666,973
1524.015006,619,971
1524.020006,693,972
1524.025005,713,970
1524.030005,624,970
1524.035005,650,971
1524.040005,723,972
1524.045006,666,972
1524.050007,651,971
1524.055007,737,973
1524.060006,702,973
1524.065005,647,966
1524.070005,719,968
1524.075006,725,972
1524.080007,628,970
1524.085006,653,974
1524.090006,753,972
1524.095006,658,975
1524.100006,646,990
1524.105006,741,1006
1524.110006,726,1010
1524.115006,639,1010
1524.120005,721,1001
1524.125005,739,1007
1524.130006,634,1010
1524.135006,676,1008
1524.140006,754,1007
1524.145005,678,1008
1524.150006,652,1010
1524.155007,762,1008
1524.160006,713,1010
1524.165006,640,1010
1524.170006,711,1011
1524.175007,741,1008
1524.180006,642,1010
1524.185007,665,1010
1524.190006,763,1010
1524.195007,677,1008
1524.200006,651,1009
1524.205007,760,1008
1524.210007,728,1009
1524.215006,636,1007
1524.220005,726,1008
1524.225006,736,1008
1524.230005,630,1010
1524.235005,683,1008
1524.240006,756,1008
1524.245006,667,1009
1524.250005,650,1007
1524.255005,753,1010
1524.260006,738,1008
1524.265006,651,1010
1524.270007,712,1008
1524.275006,743,1009
1524.280006,646,1010
1524.285006,662,1009
1524.290006,761,1008
1524.295005,677,1009
1524.300006,658,1011
1524.305006,766,1008
1524.310007,722,1009
1524.315007,635,1009
1524.320006,733,1009
1524.325005,739,1010
1524.330005,636,1010
1524.335006,686,1005
1524.340006,752,1009
1524.345006,669,1009
1524.350006,674,1007
1524.355007,749,1009
1524.360005,716,1006
1524.365006,655,1009
1524.370006,713,1010
1524.375007,729,1010
1524.380006,629,1010
1524.385006,673,1010
1524.390005,749,1010
1524.395006,681,1005
1524.400005,664,1008
1524.405005,743,1007
1524.410006,728,1010
1524.415006,640,1009
1524.420005,713,1009
1524.425006,745,1008
1524.430006,645,1010
1524.435007,668,1008
1524.440006,739,1011
1524.445006,684,1007
1524.450006,669,1006
1524.455006,749,1009
1524.460006,727,1006
1524.465006,656,1006
1524.470006,715,1009
1524.475006,724,1013
1524.480005,633,1008
1524.485005,678,1008
1524.490006,752,1007
1524.495007,666,1010
1524.500006,662,1009
1524.505006,755,1009
1524.510007,715,1011
1524.515007,652,1009
1524.520006,715,1010
1524.525005,733,1011
1524.530006,631,1011
1524.535006,662,1009
1524.540006,762,1009
1524.545006,671,1007
1524.550006,673,1008
1524.555006,751,1008
1524.560006,717,1010
1524.565006,637,1008
1524.570006,735,1007
1524.575006,736,1010
1524.580006,629,1008
1524.585005,686,1006
1524.590005,758,1008
1524.595006,674,1009
1524.600006,658,1009
1524.605005,761,1003
1524.610005,728,1009
1524.615006,638,1006
1524.620006,711,1011
1524.625006,747,1009
1524.630006,633,1011
1524.635006,670,1009
1524.640007,742,1010
1524.645007,675,1010
1524.650007,657,1009
1524.655006,748,1009
1524.660005,731,1002
1524.665005,650,1009
1524.670006,729,1009
1524.675006,730,1009
1524.680005,637,1010
1524.685005,660,1010
1524.690006,757,985
1524.695006,672,976
1524.700006,652,974
1524.705006,743,972
1524.710005,732,972
1524.715006,635,973
1524.720006,727,963
1524.725005,731,973
1524.730007,626,971
1524.735006,684,970
1524.740007,742,974
1524.745006,671,972
1524.750006,656,972
1524.755005,742,974
1524.760005,730,971
1524.765006,645,971
1524.770006,722,968
1524.775006,739,963
1524.780006,645,972
1524.785005,667,971
1524.790005,746,972
1524.795006,678,966
1524.800006,661,973
1524.805006,747,974
1524.810006,717,963
1524.815005,654,969
1524.820005,715,972
1524.825006,733,960
1524.830006,636,970
1524.835006,670,973
1524.840006,742,971
1524.845005,663,970
1524.850005,671,970
1524.855007,753,972
1524.860006,714,974
1524.865007,642,973
1524.870006,716,972
1524.875006,724,972
1524.880005,647,972
1524.885006,659,971
1524.890006,755,973
1524.895006,666,974
1524.900006,657,960
1524.905006,756,969
1524.910006,714,972
1524.915006,654,970
1524.920005,718,973
1524.925005,739,969
1524.930006,641,972
1524.935006,664,972
1524.940005,737,972
1524.945005,675,961
1524.950006,660,971
1524.955006,743,972
1524.960005,728,969
1524.965005,649,973
1524.970006,724,973
1524.975006,729,977
1524.980005,630,996
1524.985006,679,1007
1524.990006,743,1010
1524.995005,682,1009
1525.000006,655,1012
1525.005006,765,1009
1525.010007,720,1009
1525.015006,633,1011
1525.020006,732,1009
1525.025005,738,1007
1525.030005,631,1011
1525.035006,661,1009
1525.040006,755,1010
1525.045006,665,1009
1525.050006,676,1008
1525.055005,761,1009
1525.060006,726,1010
1525.065005,458,1001
1525.070005,0,997
1525.075006,0,995
1525.080007,0,996
1525.085006,0,995
1525.090007,0,993
1525.095007,0,994
1525.100007,0,994
1525.105007,13,992
1525.110006,0,992
1525.115007,0,991
1525.120006,16,992
1525.125007,0,964
1525.130006,0,958
1525.135007,0,959
1525.140007,0,958
1525.145006,0,958
1525.150006,0,958
1525.155006,24,958
1525.160006,0,959
1525.165007,0,952
1525.170006,15,957
1525.175006,0,957
1525.180006,0,958
1525.185006,0,958
1525.190006,0,959
1525.195006,0,956
1525.200005,0,957
1525.205005,9,959
1525.210007,0,958
1525.215006,0,959
1525.220006,12,959
1525.225007,0,956
1525.230006,0,960
1525.235006,0,955
1525.240006,3,959
1525.245006,292,966
1525.250007,470,970
1525.255007,632,972
1525.260006,629,971
1525.265005,600,972
1525.270006,682,971
1525.275005,711,972
1525.280005,629,968
1525.285007,648,974
1525.290005,743,969
1525.295007,655,973
1525.300006,646,972
1525.305005,756,972
1525.310006,721,973
1525.315005,629,972
1525.320006,722,974
1525.325005,720,973
1525.330006,626,972
1525.335005,680,968
1525.340005,742,971
1525.345006,663,959
1525.350005,669,965
1525.355006,748,972
1525.360006,710,982
1525.365007,648,1004
1525.370006,722,1009
1525.375006,721,1008
1525.380007,625,1011
1525.385006,681,1009
1525.390006,746,1008
1525.395006,670,1008
1525.400006,655,1008
1525.405006,742,1009
1525.410005,731,1004
1525.415006,651,1004
1525.420006,736,1007
1525.425006,737,1009
1525.430005,624,1011
1525.435005,675,1005
1525.440006,734,1008
1525.445007,671,1010
1525.450006,656,1009
1525.455006,741,1010
1525.460006,726,1010
1525.465007,632,1009
1525.470006,730,1008
1525.475006,733,1009
1525.480005,630,1010
1525.485005,683,1008
1525.490006,753,1009
1525.495005,658,1010
1525.500005,672,1007
1525.505007,752,1009
1525.510006,712,1009
1525.515006,654,1006
1525.520006,720,1009
1525.525006,722,1010
1525.530005,642,1005
1525.535006,666,1009
1525.540006,737,1009
1525.545005,668,1010
1525.550005,660,1009
1525.555006,745,1009
1525.560007,728,1005
1525.565006,640,1006
1525.570006,709,1010
1525.575006,742,1007
1525.580006,636,1008
1525.585007,672,1002
1525.590006,751,1000
1525.595005,668,1009
1525.600005,648,1010
1525.605006,760,1006
1525.610006,729,1008
1525.615006,637,1010
1525.620005,715,1011
1525.625006,722,1012
1525.630005,648,1009
1525.635005,677,1006
1525.640007,746,1009
1525.645006,658,1009
1525.650005,677,1008
1525.655006,762,1001
1525.660005,733,1003
1525.665006,638,1005
1525.670006,733,1008
1525.675007,746,1006
1525.680006,636,1008
1525.685006,660,1010
1525.690006,756,1010
1525.695007,666,1010
1525.700007,669,1008
1525.705005,753,1009
1525.710006,731,1006
1525.715007,651,1007
1525.720006,722,1010
1525.725006,740,1003
1525.730006,650,1007
1525.735006,672,1009
1525.740007,738,1011
1525.745006,671,1009
1525.750006,652,1010
1525.755005,758,1007
1525.760005,715,1007
1525.765006,629,1011
1525.770006,715,1003
1525.775005,732,1009
1525.780005,633,1009
1525.785006,658,1010
1525.790007,750,1008
1525.795006,667,1009
1525.800007,656,1008
1525.805005,740,1010
1525.810006,710,1010
1525.815005,633,1006
1525.820005,733,1007
1525.825006,719,1011
1525.830007,624,1005
1525.835006,670,1008
1525.840007,745,1008
1525.845006,658,1010
1525.850006,656,1008
1525.855005,745,1005
1525.860006,730,1008
1525.865006,651,1006
1525.870005,721,1006
1525.875006,721,1009
1525.880005,648,1008
1525.885005,669,1008
1525.890007,739,1012
1525.895006,671,1009
1525.900007,657,1011
1525.905007,746,1009
1525.910006,734,1008
1525.915006,642,1010
1525.920005,724,1009
1525.925005,727,1010
1525.930007,651,1009
1525.935007,668,1011
1525.940006,739,1010
1525.945006,672,1000
1525.950006,676,1004
1525.955006,757,986
1525.960006,721,974
1525.965006,635,973
1525.970006,738,970
1525.975006,734,971
1525.980005,628,972
1525.985005,684,971
1525.990007,744,974
1525.995006,660,972
1526.000006,667,964
1526.005005,760,971
1526.010006,711,973
1526.015005,636,965
1526.020005,729,970
1526.025007,725,973
1526.030005,641,970
1526.035006,666,973
1526.040006,740,973
1526.045005,670,973
1526.050005,653,971
1526.055006,743,975
1526.060006,718,962
1526.065006,642,973
1526.070006,721,972
1526.075005,729,973
1526.080006,641,972
1526.085006,670,965
1526.090006,734,970
1526.095006,654,974
1526.100007,659,973
1526.105006,742,973
1526.110007,723,970
1526.115006,642,974
1526.120005,712,975
1526.125005,734,974
1526.130006,628,973
1526.135006,680,971
1526.140006,755,972
1526.145006,653,974
1526.150005,669,972
1526.155005,745,971
1526.160006,730,969
1526.165007,631,972
1526.170007,734,970
1526.175006,741,971
1526.180005,641,971
1526.185006,669,974
1526.190005,735,973
1526.195006,673,972
1526.200005,658,971
1526.205005,743,975
1526.210006,725,974
1526.215006,635,973
1526.220005,728,972
1526.225005,720,975
1526.230006,648,968
1526.235007,677,973
1526.240007,747,982
1526.245006,655,1004
1526.250007,667,1009
1526.255006,749,1009
1526.260006,728,1003
1526.265006,642,1010
1526.270006,721,1011
1526.275005,721,1010
1526.280005,638,1007
1526.285006,666,1010
1526.290007,761,1010
1526.295007,665,1008
1526.300006,655,1010
1526.305006,764,1007
1526.310005,725,1008
1526.315006,645,1008
1526.320007,725,1009
1526.325006,724,1009
1526.330006,641,1010
1526.335006,224,997
1526.340007,0,992
1526.345005,0,994
1526.350005,0,993
1526.355007,7,994
1526.360007,0,995
1526.365005,0,994
1526.370006,8,994
1526.375007,0,992
1526.380007,0,994
1526.385005,0,993
1526.390006,0,962
1526.395007,0,957
1526.400006,0,957
1526.405006,8,955
1526.410005,0,959
1526.415006,0,959
1526.420005,25,955
1526.425005,0,958
1526.430007,0,959
1526.435005,0,955
1526.440006,0,957
1526.445007,0,960
1526.450007,0,959
1526.455006,18,958
1526.460006,0,960
1526.465006,0,956
1526.470007,28,958
1526.475006,0,957
1526.480006,0,959
1526.485006,0,956
1526.490006,0,959
1526.495005,0,956
1526.500005,0,958
1526.505006,23,959
1526.510006,322,975
1526.515005,450,972
1526.520006,605,973
1526.525005,643,973
1526.530005,569,971
1526.535006,643,972
1526.540005,716,974
1526.545006,650,970
1526.550007,653,973
1526.555006,734,973
1526.560006,699,975
1526.565005,641,972
1526.570006,724,973
1526.575005,725,971
1526.580006,630,970
1526.585005,667,971
1526.590006,742,971
1526.595005,655,965
1526.600005,664,965
1526.605007,735,972
1526.610006,724,971
1526.615006,634,972
1526.620006,731,970
1526.625007,725,977
1526.630007,625,1004
1526.635006,680,997
1526.640006,751,1007
1526.645006,656,1009
1526.650005,675,1007
1526.655005,754,1010
1526.660006,712,1009
1526.665006,655,1008
1526.670005,730,1007
1526.675005,733,1009
1526.680006,630,1012
1526.685006,679,1000
1526.690005,756,1008
1526.695005,665,1008
1526.700007,655,1014
1526.705006,765,1010
1526.710006,726,1007
1526.715007,638,1010
1526.720006,743,1007
1526.725007,741,1010
1526.730006,646,1011
1526.735007,667,1012
1526.740007,738,1011
1526.745007,675,1010
1526.750006,661,1009
1526.755006,747,1011
1526.760007,729,1008
1526.765006,643,1008
1526.770007,738,1008
1526.775006,733,1010
1526.780006,632,1011
1526.785006,682,1008
1526.790007,744,1011
1526.795006,662,997
1526.800006,670,1009
1526.805006,755,1010
1526.810006,714,1007
1526.815005,655,1009
1526.820005,728,1009
1526.825006,726,1010
1526.830006,648,1007
1526.835005,670,1010
1526.840006,762,1010
1526.845006,667,1010
1526.850005,667,1008
1526.855007,750,1011
1526.860006,715,1010
1526.865006,654,1009
1526.870006,731,1010
1526.875006,733,1012
1526.880005,638,1008
1526.885006,669,1008
1526.890005,761,1009
1526.895005,659,1009
1526.900006,673,1009
1526.905007,753,1010
1526.910006,735,1007
1526.915006,638,1011
1526.920006,744,1008
1526.925006,733,1011
1526.930006,636,1009
1526.935006,669,1011
1526.940005,757,998
1526.945005,669,1008
1526.950006,661,1007
1526.955006,769,1009
1526.960006,719,1008
1526.965007,637,1009
1526.970006,734,1008
1526.975006,734,1009
1526.980005,630,1009
1526.985005,676,1009
1526.990007,751,1002
1526.995006,676,1006
1527.000006,675,1006
1527.005007,756,1009
1527.010005,721,1007
1527.015006,642,1009
1527.020006,739,1007
1527.025006,741,1007
1527.030006,630,1010
1527.035006,683,1010
1527.040006,750,1009
1527.045007,677,1008
1527.050006,671,1009
1527.055005,760,1007
1527.060005,716,1010
1527.065006,642,1010
1527.070006,727,1009
1527.075007,747,1009
1527.080006,639,1007
1527.085005,684,1003
1527.090006,740,1010
1527.095006,669,1008
1527.100006,663,1007
1527.105006,748,1012
1527.110006,738,1006
1527.115006,654,1008
1527.120007,738,1009
1527.125006,734,1009
1527.130005,629,1009
1527.135005,687,1009
1527.140006,751,1008
1527.145006,658,1011
1527.150005,658,1008
1527.155006,750,1011
1527.160005,735,1009
1527.165005,654,1009
1527.170006,730,1009
1527.175006,743,1001
1527.180005,637,1011
1527.185005,685,1007
1527.190006,750,1011
1527.195005,664,1008
1527.200007,653,1012
1527.205006,757,997
1527.210006,729,1009
1527.215006,654,1005
1527.220006,733,988
1527.225006,726,975
1527.230005,629,975
1527.235005,684,963
1527.240006,750,974
1527.245006,662,972
1527.250007,657,974
1527.255006,761,971
1527.260006,712,973
1527.265006,654,969
1527.270006,733,973
1527.275006,723,973
1527.280007,649,970
1527.285006,668,974
1527.290006,759,967
1527.295005,650,973
1527.300006,657,967
1527.305005,745,970
1527.310005,728,971
1527.315007,647,972
1527.320007,727,974
1527.325007,740,967
1527.330006,644,972
1527.335006,672,971
1527.340007,741,973
1527.345006,654,975
1527.350006,671,973
1527.355006,754,972
1527.360006,716,973
1527.365006,639,973
1527.370006,743,972
1527.375007,725,973
1527.380006,642,972
1527.385006,683,967
1527.390005,748,972
1527.395005,645,973
1527.400006,668,972
1527.405007,741,973
1527.410006,722,971
1527.415006,638,974
1527.420005,721,974
1527.425006,714,973
1527.430006,647,971
1527.435007,666,973
1527.440007,735,972
1527.445005,663,972
1527.450006,653,974
1527.455006,763,970
1527.460006,709,972
1527.465006,634,974
1527.470007,740,970
1527.475006,728,973
1527.480005,632,973
1527.485005,666,974
1527.490006,757,970
1527.495005,661,973
1527.500006,668,972
1527.505006,746,982
1527.510006,707,1003
1527.515006,655,1010
1527.520006,730,1010
1527.525005,720,1010
1527.530006,638,1009
1527.535005,670,1010
1527.540006,758,1009
1527.545005,653,1010
1527.550006,675,1003
1527.555006,763,1009
1527.560007,712,1009
1527.565006,657,1010
1527.570006,734,1008
1527.575005,737,1006
1527.580006,643,1008
1527.585005,666,1012
1527.590006,737,1011
1527.595005,668,1005
1527.600005,220,994
1527.605006,21,989
1527.610007,0,994
1527.615006,0,996
1527.620005,15,995
1527.625006,0,995
1527.630005,0,995
1527.635006,0,985
1527.640005,1,993
1527.645005,0,992
1527.650006,0,996
1527.655006,3,973
1527.660006,0,954
1527.665007,0,948
1527.670006,18,958
1527.675006,0,957
1527.680005,0,949
1527.685005,0,957
1527.690006,0,960
1527.695006,0,953
1527.700005,0,956
1527.705005,22,957
1527.710007,0,958
1527.715005,0,958
1527.720007,14,958
1527.725007,0,960
1527.730006,0,957
1527.735006,0,959
1527.740006,0,959
1527.745005,0,960
1527.750005,0,958
1527.755006,13,955
1527.760006,0,959
1527.765006,0,958
1527.770005,24,958
1527.775006,326,973
1527.780006,429,972
1527.785006,544,972
1527.790006,666,970
1527.795005,590,972
1527.800005,624,973
1527.805007,715,971
1527.810005,701,974
1527.815006,617,974
1527.820006,732,970
1527.825005,716,971
1527.830005,624,972
1527.835006,684,964
1527.840006,734,974
1527.845006,641,974
1527.850006,664,971
1527.855005,747,971
1527.860005,707,973
1527.865006,651,963
1527.870005,740,969
1527.875005,724,973
1527.880006,623,973
1527.885006,686,971
1527.890006,744,973
1527.895007,645,1005
1527.900006,652,1011
1527.905005,767,1006
1527.910006,706,1012
1527.915006,654,1008
1527.920005,747,1007
1527.925006,722,1010
1527.930005,642,1007
1527.935005,684,1010
1527.940006,738,1010
1527.945006,661,1010
1527.950005,658,1010
1527.955005,758,1009
1527.960006,702,1011
1527.965006,650,1010
1527.970005,731,1009
1527.975005,719,1006
1527.980007,635,1010
1527.985005,672,1008
1527.990007,758,1007
1527.995006,657,1009
1528.000006,653,1009
1528.005007,754,1008
1528.010005,706,1002
1528.015006,656,1005
1528.020006,732,1010
1528.025006,719,1009
1528.030006,644,1010
1528.035006,675,1009
1528.040006,746,1002
1528.045007,653,1011
1528.050007,656,1010
1528.055006,741,1012
1528.060006,721,1007
1528.065006,642,1010
1528.070006,747,1008
1528.075005,743,1004
1528.080005,633,1009
1528.085006,667,1010
1528.090006,735,1010
1528.095005,665,1007
1528.100005,665,1010
1528.105007,758,1010
1528.110007,706,1009
1528.115006,647,998
1528.120006,737,1006
1528.125007,717,1011
1528.130007,627,1006
1528.135006,692,1004
1528.140006,737,1009
1528.145006,648,1004
1528.150005,672,1010
1528.155005,744,1012
1528.160006,704,1010
1528.165005,655,1008
1528.170006,726,1011
1528.175005,737,1009
1528.180006,625,1009
1528.185006,666,1012
1528.190006,744,998
1528.195006,659,1009
1528.200005,656,1010
1528.205006,761,1008
1528.210006,706,1008
1528.215006,659,1009
1528.220005,731,1006
1528.225006,742,1004
1528.230005,634,1009
1528.235006,667,1011
1528.240007,754,1010
1528.245006,643,1010
1528.250006,651,1012
1528.255007,743,1006
1528.260006,712,1009
1528.265006,641,1010
1528.270006,741,999
1528.275006,730,1010
1528.280006,625,1010
1528.285006,669,1009
1528.290006,743,1012
1528.295006,647,1010
1528.300007,655,1011
1528.305007,745,1012
1528.310005,726,1008
1528.315006,647,1010
1528.320006,726,1009
1528.325005,738,1009
1528.330006,636,1012
1528.335006,672,1011
1528.340007,734,1008
1528.345006,668,1009
1528.350006,664,1009
1528.355005,748,1009
1528.360005,721,1006
1528.365006,653,1008
1528.370005,726,1008
1528.375006,736,1010
1528.380005,633,1008
1528.385005,670,1010
1528.390007,755,1009
1528.395006,653,1010
1528.400006,657,1008
1528.405006,768,1008
1528.410007,710,1007
1528.415006,647,1009
1528.420005,726,1011
1528.425005,742,1008
1528.430006,641,1008
1528.435007,680,1008
1528.440006,755,1008
1528.445006,656,1007
1528.450007,653,1010
1528.455006,769,1007
1528.460006,709,1009
1528.465006,639,999
1528.470006,748,1007
1528.475007,727,1008
1528.480006,628,1006
1528.485006,687,984
1528.490006,747,974
1528.495006,644,974
1528.500006,668,970
1528.505006,754,973
1528.510007,705,974
1528.515007,635,972
1528.520007,742,967
1528.525006,736,972
1528.530006,634,972
1528.535005,678,969
1528.540006,748,962
1528.545006,656,967
1528.550005,661,973
1528.555007,746,972
1528.560006,697,974
1528.565006,658,972
1528.570006,746,971
1528.575006,720,974
1528.580007,626,975
1528.585007,699,970
1528.590005,748,971
1528.595005,653,972
1528.600006,662,974
1528.605005,748,971
1528.610005,716,965
1528.615006,647,972
1528.620006,746,969
1528.625006,734,971
1528.630006,628,975
1528.635006,673,973
1528.640005,748,965
1528.645005,652,972
1528.650007,662,974
1528.655006,761,961
1528.660006,698,973
1528.665006,656,972
1528.670007,741,972
1528.675006,723,972
1528.680005,627,970
1528.685005,683,973
1528.690007,737,966
1528.695006,657,971
1528.700006,663,973
1528.705006,745,973
1528.710005,697,972
1528.715005,660,970
1528.720007,737,973
1528.725006,718,974
1528.730005,642,965
1528.735005,675,973
1528.740006,754,970
1528.745006,646,973
1528.750005,671,972
1528.755006,748,973
1528.760007,699,973
1528.765006,657,961
1528.770007,740,985
1528.775007,722,1003
1528.780005,647,1000
1528.785006,688,1009
1528.790006,738,1009
1528.795007,649,1008
1528.800006,658,1010
1528.805005,762,1009
1528.810005,705,1010
1528.815006,642,1011
1528.820006,747,1007
1528.825005,724,1009
1528.830005,654,1005
1528.835006,696,1011
1528.840006,741,1010
1528.845005,649,1007
1528.850006,676,1006
1528.855006,755,1010
1528.860006,358,992
1528.865006,0,994
1528.870005,11,994
1528.875006,0,999
1528.880005,0,994
1528.885005,0,993
1528.890006,0,994
1528.895006,0,996
1528.900006,0,980
1528.905006,9,995
1528.910006,0,995
1528.915007,0,991
1528.920007,18,964
1528.925007,0,958
1528.930006,0,958
1528.935006,0,961
1528.940006,0,956
1528.945007,0,957
1528.950006,0,957
1528.955006,0,958
1528.960006,0,959
1528.965006,0,954
1528.970006,24,958
1528.975007,0,959
1528.980007,0,956
1528.985006,0,959
1528.990005,0,958
1528.995007,0,959
1529.000006,0,957
1529.005005,27,958
1529.010005,0,958
1529.015006,0,950
1529.020007,22,958
1529.025005,0,960
1529.030005,0,961
1529.035007,3,954
1529.040005,372,972
1529.045007,430,974
1529.050006,543,973
1529.055006,658,973
1529.060007,654,972
1529.065006,603,973
1529.070006,724,974
1529.075006,701,971
1529.080006,632,971
1529.085006,668,972
1529.090006,740,969
1529.095005,642,973
1529.100005,649,968
1529.105006,755,973
1529.110007,693,975
1529.115005,650,971
1529.120007,735,972
1529.125006,717,973
1529.130005,636,973
1529.135005,685,971
1529.140006,738,972
1529.145006,640,967
1529.150005,667,972
1529.155006,742,988
1529.160005,692,1007
1529.165005,657,1006
1529.170006,754,1006
1529.175006,732,1009
1529.180007,631,1009
1529.185005,694,1003
1529.190006,745,1009
1529.195006,645,1010
1529.200006,678,1006
1529.205006,748,1008
1529.210005,710,1007
1529.215005,657,1007
1529.220006,739,1010
1529.225007,739,1007
1529.230006,629,1009
1529.235006,685,1000
1529.240007,749,1009
1529.245007,642,1011
1529.250005,673,1006
1529.255006,760,1007
1529.260006,704,1007
1529.265005,647,1010
1529.270005,752,1005
1529.275006,732,1010
1529.280006,630,1011
1529.285006,700,1009
1529.290006,746,1008
1529.295006,643,1009
1529.300006,658,1010
1529.305006,771,1005
1529.310007,706,1011
1529.315006,648,1007
1529.320006,731,1011
1529.325007,735,1008
1529.330007,633,1010
1529.335006,687,1011
1529.340007,736,1009
1529.345007,659,1011
1529.350006,668,1008
1529.355005,746,1011
1529.360005,714,1009
1529.365006,653,1009
1529.370006,743,1009
1529.375006,735,1010
1529.380006,646,1007
1529.385006,687,1010
1529.390005,732,1009
1529.395006,657,1010
1529.400005,661,1009
1529.405005,746,1011
1529.410007,708,1004
1529.415005,655,1009
1529.420007,732,1010
1529.425006,742,1005
1529.430006,637,1009
1529.435006,685,1012
1529.440006,754,1009
1529.445006,641,1009
1529.450005,670,997
1529.455005,753,1011
1529.460006,697,1008
1529.465007,641,1010
1529.470006,747,1008
1529.475006,720,1007
1529.480006,652,1007
1529.485006,688,1010
1529.490007,735,1008
1529.495006,658,1003
1529.500007,675,1008
1529.505007,750,1011
1529.510005,692,1007
1529.515006,660,1008
1529.520005,740,1010
1529.525006,723,1008
1529.530006,655,1006
1529.535005,692,1009
1529.540005,743,1008
1529.545005,649,1010
1529.550006,677,1007
1529.555005,770,1008
1529.560006,694,1010
1529.565005,656,1007
1529.570006,741,1010
1529.575005,744,1002
1529.580005,640,1011
1529.585006,688,1010
1529.590007,739,1010
1529.595006,642,1010
1529.600006,679,1009
1529.605006,757,1010
1529.610006,706,1005
1529.615007,653,999
1529.620006,756,1009
1529.625006,725,1010
1529.630006,641,997
1529.635006,687,1011
1529.640006,735,1010
1529.645007,652,1011
1529.650007,662,1008
1529.655005,765,1009
1529.660006,701,1008
1529.665006,646,1006
1529.670005,759,1008
1529.675005,731,1009
1529.680006,632,1009
1529.685006,703,1008
1529.690005,740,1010
1529.695005,640,1011
1529.700007,670,1008
1529.705005,762,1006
1529.710007,707,1009
1529.715006,651,1009
1529.720005,737,1008
1529.725005,734,1007
1529.730006,642,1002
1529.735006,701,1009
1529.740007,739,1010
1529.745006,649,1003
1529.750006,662,985
1529.755006,744,972
1529.760006,698,974
1529.765006,659,968
1529.770006,748,971
1529.775005,720,974
1529.780006,630,972
1529.785006,694,960
1529.790005,746,973
1529.795006,641,976
1529.800006,666,962
1529.805005,753,962
1529.810005,707,971
1529.815006,647,972
1529.820006,736,972
1529.825005,734,972
1529.830006,629,974
1529.835005,701,971
1529.840005,750,972
1529.845006,636,973
1529.850006,673,970
1529.855006,765,971
1529.860006,701,970
1529.865006,646,972
1529.870006,735,973
1529.875007,734,972
1529.880007,632,974
1529.885005,685,968
1529.890006,755,971
1529.895006,638,972
1529.900006,680,969
1529.905006,755,974
1529.910006,696,973
1529.915007,658,965
1529.920007,749,970
1529.925005,728,971
1529.930007,633,975
1529.935005,685,975
1529.940007,752,970
1529.945006,646,971
1529.950005,659,973
1529.955005,763,968
1529.960007,706,972
1529.965005,647,973
1529.970007,733,974
1529.975006,715,972
1529.980006,632,972
1529.985006,704,973
1529.990006,741,971
1529.995006,643,971
1530.000006,676,966
1530.005005,746,973
1530.010005,697,961
1530.015006,647,971
1530.020006,760,970
1530.025006,723,972
1530.030006,644,971
1530.035005,682,986
1530.040006,745,1007
1530.045006,647,1010
1530.050006,656,1006
1530.055005,764,1008
1530.060006,695,1008
1530.065006,660,1003
1530.070006,748,1009
1530.075005,727,1008
1530.080006,633,1007
1530.085005,691,1010
1530.090005,751,1007
1530.095007,646,1008
1530.100005,673,1007
1530.105007,756,1008
1530.110006,700,1000
1530.115006,658,1008
1530.120006,741,1011
1530.125006,360,994
1530.130005,0,993
1530.135006,0,985
1530.140006,0,994
1530.145006,0,994
1530.150006,0,994
1530.155006,3,996
1530.160006,0,993
1530.165006,0,993
1530.170007,13,995
1530.175006,0,997
1530.180005,0,983
1530.185006,0,963
1530.190005,0,959
1530.195005,0,959
1530.200006,0,955
1530.205006,0,958
1530.210005,0,959
1530.215006,0,953
1530.220005,15,955
1530.225006,0,957
1530.230005,0,951
1530.235005,0,956
1530.240007,0,958
1530.245006,0,959
1530.250006,0,955
1530.255005,0,959
1530.260006,0,957
1530.265005,0,958
1530.270005,9,959
1530.275006,0,954
1530.280005,0,957
1530.285006,0,958
1530.290006,0,959
1530.295006,0,951
1530.300006,0,956
1530.305006,401,970
1530.310006,477,971
1530.315007,512,971
1530.320005,654,972
1530.325006,662,973
1530.330006,578,973
1530.335006,669,971
1530.340006,706,973
1530.345006,627,971
1530.350006,650,970
1530.355006,734,973
1530.360007,693,971
1530.365005,637,972
1530.370006,728,971
1530.375005,715,973
1530.380006,620,971
1530.385006,692,971
1530.390006,734,972
1530.395007,628,972
1530.400006,664,968
1530.405006,748,971
1530.410006,683,960
1530.415007,645,973
1530.420006,730,992
1530.425006,732,1006
1530.430005,628,1008
1530.435006,691,997
1530.440005,729,1000
1530.445006,653,1007
1530.450006,669,1008
1530.455007,742,1011
1530.460006,696,1005
1530.465007,659,1009
1530.470006,744,1009
1530.475005,728,1004
1530.480006,644,1009
1530.485006,697,1009
1530.490006,725,1011
1530.495005,651,1009
1530.500005,658,1010
1530.505007,759,1007
1530.510005,698,1009
1530.515007,643,1008
1530.520006,734,1008
1530.525006,732,1009
1530.530006,636,1010
1530.535006,705,1007
1530.540007,739,1010
1530.545006,642,1007
1530.550006,657,1011
1530.555005,746,1004
1530.560006,690,1007
1530.565005,643,1007
1530.570005,760,1006
1530.575007,726,1009
1530.580005,634,1008
1530.585007,692,1010
1530.590007,738,1009
1530.595006,646,1006
1530.600006,660,1011
1530.605005,739,1011
1530.610005,679,1006
1530.615006,655,1009
1530.620005,739,1011
1530.625005,737,1006
1530.630006,629,1011
1530.635007,709,1008
1530.640007,735,1009
1530.645005,656,1005
1530.650007,664,1008
1530.655005,753,1009
1530.660006,688,1008
1530.665007,641,1009
1530.670007,736,1009
1530.675005,736,1009
1530.680006,637,1008
1530.685006,688,1008
1530.690005,729,1012
1530.695005,660,1005
1530.700006,671,1008
1530.705007,749,1009
1530.710006,685,1011
1530.715005,641,1007
1530.720006,760,1006
1530.725007,722,1008
1530.730006,632,1011
1530.735006,692,1010
1530.740006,729,1010
1530.745006,630,1005
1530.750006,654,1009
1530.755006,765,1004
1530.760007,691,1007
1530.765006,644,1010
1530.770007,734,1011
1530.775007,712,1010
1530.780005,648,1008
1530.785006,691,1009
1530.790006,724,1010
1530.795006,652,1008
1530.800007,660,1010
1530.805005,758,1008
1530.810005,687,1010
1530.815006,645,1009
1530.820006,754,1009
1530.825006,709,1010
1530.830007,625,1011
1530.835006,700,1010
1530.840006,732,1006
1530.845005,631,1010
1530.850006,654,1009
1530.855005,765,1009
1530.860005,676,1010
1530.865006,638,1011
1530.870005,754,1007
1530.875005,727,1009
1530.880007,627,1008
1530.885006,704,1007
1530.890006,741,1007
1530.895007,640,1011
1530.900007,658,1007
1530.905005,738,1011
1530.910007,693,1006
1530.915005,649,1009
1530.920006,738,1011
1530.925006,738,1007
1530.930006,635,1011
1530.935006,692,1011
1530.940006,742,1006
1530.945006,649,1007
1530.950005,662,1006
1530.955005,748,1010
1530.960006,677,1010
1530.965006,636,1008
1530.970005,747,1001
1530.975005,734,1004
1530.980007,640,1010
1530.985006,694,1007
1530.990006,735,1010
1530.995005,633,1009
1531.000006,675,1008
1531.005006,749,1007
1531.010007,675,1005
1531.015007,663,980
1531.020005,741,973
1531.025006,714,972
1531.030005,645,969
1531.035006,688,973
1531.040006,741,971
1531.045006,632,974
1531.050007,665,965
1531.055005,744,971
1531.060005,676,972
1531.065005,651,966
1531.070005,751,971
1531.075006,715,973
1531.080007,620,975
1531.085006,707,970
1531.090007,733,972
1531.095006,625,974
1531.100007,670,971
1531.105006,743,971
1531.110006,687,973
1531.115006,642,974
1531.120006,740,961
1531.125006,720,969
1531.130005,622,974
1531.135005,708,971
1531.140006,732,970
1531.145006,649,963
1531.150006,658,971
1531.155006,739,971
1531.160006,676,972
1531.165006,640,973
1531.170006,756,966
1531.175006,731,968
1531.180005,633,973
1531.185006,696,972
1531.190005,729,972
1531.195006,636,961
1531.200005,661,974
1531.205006,745,973
1531.210005,674,972
1531.215005,658,967
1531.220006,745,973
1531.225006,710,973
1531.230007,633,961
1531.235005,711,968
1531.240006,731,971
1531.245006,627,973
1531.250006,652,972
1531.255005,757,973
1531.260006,678,972
1531.265006,641,974
1531.270006,739,973
1531.275006,735,970
1531.280007,635,971
1531.285006,695,972
1531.290007,738,974
1531.295006,636,975
1531.300007,655,986
1531.305007,735,1007
1531.310006,694,1007
1531.315006,641,1006
1531.320006,755,1006
1531.325005,718,1009
1531.330006,628,1008
1531.335005,708,1008
1531.340006,734,1009
1531.345006,626,1008
1531.350007,651,1011
1531.355007,756,1010
1531.360006,682,1009
1531.365006,640,1011
1531.370006,739,1009
1531.375007,729,1004
1531.380006,634,1009
1531.385006,695,1008
1531.390006,360,997
1531.395006,0,990
1531.400006,0,995
1531.405007,0,988
1531.410007,0,993
1531.415005,0,995
1531.420005,21,992
1531.425005,0,992
1531.430006,0,994
1531.435007,0,995
1531.440007,0,989
1531.445006,0,985
1531.450006,0,965
1531.455007,1,957
1531.460007,0,952
1531.465005,0,958
1531.470006,28,957
1531.475006,0,958
1531.480005,0,946
1531.485005,0,957
1531.490005,0,958
1531.495006,0,956
1531.500005,0,957
1531.505006,19,956
1531.510006,0,959
1531.515005,0,948
1531.520005,15,955
1531.525006,0,959
1531.530006,0,958
1531.535005,9,958
1531.540005,0,957
1531.545005,0,961
1531.550005,0,958
1531.555006,0,960
1531.560006,0,956
1531.565006,0,956
1531.570006,427,970
1531.575006,530,970
1531.580006,508,971
1531.585005,613,973
1531.590006,662,972
1531.595005,609,969
1531.600006,640,973
1531.605005,723,971
1531.610005,676,967
1531.615007,632,971
1531.620006,744,967
1531.625007,720,973
1531.630006,625,973
1531.635006,707,973
1531.640005,723,973
1531.645005,621,970
1531.650006,670,971
1531.655007,735,974
1531.660006,674,965
1531.665006,654,971
1531.670006,734,976
1531.675006,721,974
1531.680006,629,970
1531.685006,710,988
1531.690005,729,1008
1531.695005,634,1000
1531.700006,666,1007
1531.705006,758,1007
1531.710006,683,1008
1531.715006,637,1012
1531.720006,758,1007
1531.725006,718,1009
1531.730006,633,1009
1531.735007,692,1010
1531.740006,735,1008
1531.745005,633,1008
1531.750005,678,1007
1531.755006,742,1009
1531.760006,685,1008
1531.765006,660,1006
1531.770007,744,1008
1531.775006,724,1003
1531.780007,628,1001
1531.785006,709,1009
1531.790006,727,1009
1531.795006,641,1000
1531.800007,665,1006
1531.805005,742,1009
1531.810005,674,1011
1531.815007,659,1008
1531.820005,754,1010
1531.825006,721,1007
1531.830006,631,1004
1531.835005,698,1010
1531.840006,735,1007
1531.845006,638,1008
1531.850006,657,1009
1531.855006,743,1010
1531.860006,670,1009
1531.865006,666,1007
1531.870006,750,1008
1531.875007,719,1010
1531.880007,634,1010
1531.885006,699,1011
1531.890007,750,1009
1531.895005,641,1006
1531.900006,667,1009
1531.905006,746,1010
1531.910006,672,1004
1531.915007,660,1009
1531.920006,751,1010
1531.925006,724,1008
1531.930005,630,1005
1531.935005,720,1008
1531.940006,735,1009
1531.945006,644,1009
1531.950005,660,1010
1531.955006,738,1010
1531.960005,680,1000
1531.965005,652,1010
1531.970006,751,1009
1531.975006,715,1011
1531.980006,645,1009
1531.985006,702,1009
1531.990006,726,1008
1531.995005,646,1005
1532.000005,677,1008
1532.005006,749,1008
1532.010006,670,1009
1532.015006,655,997
1532.020007,738,1011
1532.025006,726,1008
1532.030006,633,1006
1532.035006,701,1011
1532.040007,742,1011
1532.045006,631,1010
1532.050006,680,1003
1532.055006,749,1011
1532.060006,668,1011
1532.065005,642,1010
1532.070006,758,1009
1532.075006,719,1011
1532.080006,632,1009
1532.085006,704,1003
1532.090006,742,1004
1532.095005,652,1005
1532.100005,675,1008
1532.105006,742,1010
1532.110006,687,1008
1532.115006,659,1009
1532.120005,742,1010
1532.125006,715,1010
1532.130006,646,1002
1532.135006,705,1010
1532.140006,735,1000
1532.145006,641,1008
1532.150005,678,1006
1532.155005,753,1008
1532.160006,668,1009
1532.165006,643,1011
1532.170006,756,1004
1532.175006,727,1007
1532.180006,643,1010
1532.185007,698,1009
1532.190006,746,1007
1532.195005,645,1008
1532.200006,669,1008
1532.205006,760,1002
1532.210006,687,1008
1532.215006,656,1009
1532.220006,748,1008
1532.225007,714,1009
1532.230006,646,1005
1532.235006,718,1009
1532.240006,732,1009
1532.245005,627,1010
1532.250006,664,1002
1532.255005,766,1006
1532.260006,684,1007
1532.265005,656,1010
1532.270005,738,1010
1532.275006,709,1003
1532.280006,652,983
1532.285006,710,973
1532.290006,724,974
1532.295006,625,974
1532.300006,676,970
1532.305006,747,971
1532.310006,677,970
1532.315005,643,974
1532.320005,756,972
1532.325006,711,974
1532.330007,645,966
1532.335006,722,971
1532.340006,742,972
1532.345005,629,972
1532.350005,654,974
1532.355007,760,973
1532.360006,666,973
1532.365007,656,973
1532.370007,735,974
1532.375006,730,971
1532.380006,634,973
1532.385006,702,972
1532.390006,739,968
1532.395006,632,970
1532.400006,654,974
1532.405006,753,973
1532.410006,673,971
1532.415006,661,970
1532.420005,749,972
1532.425006,723,973
1532.430006,632,972
1532.435006,704,973
1532.440005,744,967
1532.445005,632,972
1532.450005,671,968
1532.455005,746,973
1532.460006,675,973
1532.465006,641,972
1532.470005,741,974
1532.475005,721,961
1532.480006,639,972
1532.485006,709,973
1532.490006,720,973
1532.495005,644,969
1532.500005,658,974
1532.505006,742,972
1532.510006,679,968
1532.515005,662,970
1532.520005,745,971
1532.525006,715,970
1532.530006,628,972
1532.535005,716,970
1532.540006,719,975
1532.545005,641,972
1532.550005,657,970
1532.555006,760,971
1532.560006,675,973
1532.565006,652,985
1532.570006,743,1007
1532.575006,737,1006
1532.580007,631,1011
1532.585006,707,1010
1532.590007,741,1005
1532.595006,638,1007
1532.600006,656,1011
1532.605006,744,1009
1532.610006,669,1010
1532.615007,645,1012
1532.620007,745,1003
1532.625005,725,1008
1532.630006,638,1008
1532.635007,709,1007
1532.640006,728,1008
1532.645007,628,1010
1532.650007,683,1006
1532.655005,353,993
1532.660006,0,995
1532.665007,0,995
1532.670006,15,993
1532.675006,0,996
1532.680005,0,993
1532.685006,0,996
1532.690006,0,991
1532.695007,0,995
1532.700006,0,994
1532.705006,0,993
1532.710006,0,985
1532.715006,0,962
1532.720005,16,959
1532.725006,0,961
1532.730005,0,955
1532.735005,4,955
1532.740006,0,956
1532.745006,0,957
1532.750006,0,958
1532.755006,0,957
1532.760007,0,958
1532.765006,0,957
1532.770005,26,958
1532.775006,0,960
1532.780006,0,958
1532.785006,10,957
1532.790006,0,958
1532.795005,0,956
1532.800005,0,958
1532.805006,0,957
1532.810006,0,954
1532.815005,0,958
1532.820005,31,954
1532.825006,0,958
1532.830006,0,959
1532.835006,413,971
1532.840007,540,971
1532.845007,506,975
1532.850007,578,973
1532.855006,703,971
1532.860006,634,972
1532.865006,621,974
1532.870005,719,972
1532.875006,721,971
1532.880005,629,970
1532.885006,701,972
1532.890006,729,970
1532.895006,622,973
1532.900005,663,973
1532.905006,743,971
1532.910006,664,972
1532.915006,646,973
1532.920006,761,972
1532.925007,718,970
1532.930005,633,973
1532.935006,706,974
1532.940006,725,973
1532.945007,627,976
1532.950007,674,996
1532.955005,745,1008
1532.960006,670,1009
1532.965006,656,1001
1532.970005,756,1010
1532.975005,715,1010
1532.980006,648,1007
1532.985007,722,1010
1532.990006,729,1011
1532.995006,649,999
1533.000006,682,1008
1533.005006,749,1009
1533.010006,670,1009
1533.015006,668,1006
1533.020007,755,1008
1533.025006,722,1008
1533.030006,645,1008
1533.035005,711,1010
1533.040006,738,1007
1533.045006,630,1010
1533.050007,681,1010
1533.055006,747,1010
1533.060007,682,1009
1533.065006,659,1009
1533.070006,762,1003
1533.075005,727,1008
1533.080005,636,1011
1533.085005,735,1006
1533.090005,735,1008
1533.095006,632,1010
1533.100007,680,1008
1533.105006,744,1009
1533.110006,683,1004
1533.115005,669,1009
1533.120006,753,1007
1533.125006,718,1011
1533.130006,637,1011
1533.135006,731,1001
1533.140007,747,1011
1533.145005,640,1011
1533.150006,681,1004
1533.155006,756,1009
1533.160006,662,1012
1533.165006,667,1009
1533.170005,749,1012
1533.175006,738,1004
1533.180005,648,1007
1533.185005,715,1011
1533.190006,744,1010
1533.195006,628,1011
1533.200006,678,1011
1533.205006,750,1010
1533.210006,688,1007
1533.215006,669,1009
1533.220006,752,1008
1533.225006,721,1007
1533.230005,653,1008
1533.235006,723,1009
1533.240006,729,1008
1533.245005,632,1012
1533.250006,684,1009
1533.255006,747,1011
1533.260007,660,1011
1533.265006,674,1003
1533.270006,750,1010
1533.275007,715,1010
1533.280005,631,1009
1533.285007,722,1010
1533.290005,727,1009
1533.295006,630,1005
1533.300006,679,1010
1533.305005,747,1009
1533.310006,676,1001
1533.315005,670,1009
1533.320005,752,1010
1533.325006,732,1003
1533.330005,652,1008
1533.335006,711,1008
1533.340006,733,1011
1533.345006,630,1011
1533.350005,662,1011
1533.355007,754,1001
1533.360005,667,1008
1533.365007,651,1009
1533.370007,764,1008
1533.375005,725,1009
1533.380006,629,1011
1533.385006,730,1002
1533.390005,732,1009
1533.395006,633,1008
1533.400005,667,1009
1533.405005,761,1003
1533.410007,678,1009
1533.415006,654,1012
1533.420005,757,1003
1533.425005,720,1008
1533.430006,642,1009
1533.435007,715,1010
1533.440007,724,1010
1533.445006,642,1008
1533.450005,666,1007
1533.455005,763,1006
1533.460006,674,1009
1533.465006,654,1008
1533.470006,764,1009
1533.475007,720,1008
1533.480006,640,1010
1533.485006,709,1010
1533.490006,744,1004
1533.495006,633,1010
1533.500006,675,1007
1533.505007,753,1007
1533.510005,673,1009
1533.515006,662,1008
1533.520007,742,1010
1533.525005,709,1009
1533.530006,650,1007
1533.535006,731,1008
1533.540006,723,1003
1533.545005,621,982
1533.550005,681,972
1533.555007,747,972
1533.560006,654,974
1533.565006,662,971
1533.570006,758,970
1533.575007,720,974
1533.580006,636,973
1533.585006,710,974
1533.590006,740,974
1533.595005,631,972
1533.600005,676,965
1533.605006,747,970
1533.610006,654,973
1533.615006,666,968
1533.620006,762,972
1533.625005,716,973
1533.630005,634,975
1533.635005,729,970
1533.640006,737,972
1533.645006,625,973
1533.650006,670,972
1533.655006,739,975
1533.660005,671,970
1533.665006,659,972
1533.670006,741,969
1533.675007,718,971
1533.680006,632,973
1533.685005,736,971
1533.690006,737,971
1533.695007,639,973
1533.700006,658,972
1533.705006,759,971
1533.710006,669,968
1533.715006,656,974
1533.720006,738,972
1533.725006,715,970
1533.730006,654,969
1533.735006,717,974
1533.740006,718,973
1533.745005,639,972
1533.750006,664,974
1533.755005,737,971
1533.760006,680,969
1533.765006,657,972
1533.770007,744,972
1533.775006,708,973
1533.780007,649,971
1533.785007,730,968
1533.790006,726,973
1533.795005,634,971
1533.800006,680,969
1533.805005,741,972
1533.810005,655,971
1533.815006,648,973
1533.820007,761,972
1533.825005,722,971
1533.830005,639,990
1533.835005,711,1009
1533.840005,741,1006
1533.845007,628,1010
1533.850005,668,998
1533.855007,738,1004
1533.860006,668,1008
1533.865006,648,1008
1533.870006,751,1009
1533.875006,718,1009
1533.880006,643,1010
1533.885006,719,1009
1533.890006,732,1001
1533.895006,640,1008
1533.900005,667,1009
1533.905006,744,1008
1533.910005,671,1009
1533.915005,670,1007
1533.920006,319,995
1533.925006,0,995
1533.930006,0,994
1533.935006,0,993
1533.940006,0,995
1533.945006,0,995
1533.950006,0,993
1533.955007,0,990
1533.960006,0,995
1533.965007,0,984
1533.970006,25,996
1533.975007,0,971
1533.980007,0,960
1533.985005,22,956
1533.990007,0,957
1533.995006,0,960
1534.000007,0,957
1534.005006,0,956
1534.010006,0,958
1534.015006,0,960
1534.020007,25,956
1534.025006,0,957
1534.030006,0,954
1534.035006,20,958
1534.040006,0,958
1534.045005,0,958
1534.050005,0,956
1534.055005,0,957
1534.060005,0,958
1534.065006,0,952
1534.070006,21,957
1534.075005,0,956
1534.080005,0,957
1534.085006,5,949
1534.090005,0,955
1534.095006,284,971
1534.100006,471,971
1534.105005,611,974
1534.110006,579,971
1534.115007,593,974
1534.120005,700,972
1534.125005,696,972
1534.130007,618,972
1534.135007,703,963
1534.140006,706,973
1534.145006,638,970
1534.150005,653,972
1534.155006,740,971
1534.160005,645,971
1534.165005,663,971
1534.170006,753,971
1534.175007,703,974
1534.180007,649,974
1534.185007,728,972
1534.190007,723,972
1534.195006,638,970
1534.200006,673,972
1534.205007,733,971
1534.210005,666,976
1534.215005,660,1000
1534.220006,741,1010
1534.225006,731,1006
1534.230005,642,1010
1534.235005,725,1010
1534.240007,720,1010
1534.245006,645,1008
1534.250006,672,1009
1534.255006,736,1011
1534.260007,666,1004
1534.265006,664,1008
1534.270006,746,1008
1534.275005,730,1008
1534.280006,647,1009
1534.285006,725,1010
1534.290006,719,1011
1534.295006,644,1010
1534.300006,667,1011
1534.305006,741,1008
1534.310006,674,1006
1534.315005,658,1008
1534.320005,767,1005
1534.325006,709,1011
1534.330005,653,1009
1534.335007,731,1008
1534.340006,727,1009
1534.345005,652,1006
1534.350006,670,1008
1534.355005,745,998
1534.360006,668,1010
1534.365007,655,1012
1534.370006,761,1010
1534.375007,720,1009
1534.380006,641,1005
1534.385006,725,1011
1534.390005,741,1009
1534.395006,641,1009
1534.400005,672,1010
1534.405005,763,1009
1534.410007,668,1009
1534.415007,658,1012
1534.420005,758,1007
1534.425006,724,1009
1534.430005,647,1009
1534.435006,727,1012
1534.440005,747,1009
1534.445005,640,1009
1534.450007,684,1011
1534.455006,747,997
1534.460005,667,1008
1534.465006,665,1010
1534.470005,746,1010
1534.475006,732,1009
1534.480005,655,1008
1534.485005,726,1010
1534.490006,722,1008
1534.495006,646,1008
1534.500006,673,1011
1534.505005,739,1011
1534.510006,670,1009
1534.515005,657,1009
1534.520005,765,1005
1534.525007,728,1009
1534.530006,649,1010
1534.535005,727,1009
1534.540005,745,1008
1534.545007,646,1009
1534.550006,681,1008
1534.555005,744,1008
1534.560005,654,1005
1534.565006,674,1009
1534.570006,748,1009
1534.575006,714,1001
1534.580007,654,1007
1534.585005,727,1009
1534.590005,731,997
1534.595007,648,1007
1534.600005,677,1009
1534.605006,738,1011
1534.610006,669,1010
1534.615007,666,1008
1534.620006,749,1010
1534.625007,727,1008
1534.630006,652,1009
1534.635006,728,1010
1534.640006,736,1004
1534.645006,645,1006
1534.650005,688,1007
1534.655005,750,1001
1534.660007,665,1010
1534.665006,649,1011
1534.670006,743,1010
1534.675007,729,1009
1534.680007,657,1008
1534.685006,733,1011
1534.690005,721,1009
1534.695005,649,1010
1534.700006,677,1011
1534.705007,742,1011
1534.710007,666,1002
1534.715006,676,1008
1534.720006,756,1011
1534.725007,709,1011
1534.730006,653,1009
1534.735007,724,1010
1534.740005,740,1001
1534.745006,644,1009
1534.750006,670,1009
1534.755005,759,1008
1534.760005,662,1009
1534.765006,665,1010
1534.770005,753,1008
1534.775007,719,1012
1534.780006,639,1009
1534.785005,725,1010
1534.790006,739,1008
1534.795005,635,1007
1534.800005,670,1009
1534.805006,754,994
1534.810005,661,974
1534.815006,658,974
1534.820007,750,972
1534.825006,730,973
1534.830006,641,974
1534.835006,722,970
1534.840006,743,969
1534.845007,629,972
1534.850005,670,972
1534.855006,758,972
1534.860007,657,974
1534.865005,652,973
1534.870006,765,971
1534.875006,718,972
1534.880006,645,973
1534.885005,733,973
1534.890006,718,974
1534.895007,642,973
1534.900007,670,975
1534.905006,757,971
1534.910006,659,973
1534.915006,653,975
1534.920005,758,973
1534.925006,714,973
1534.930005,635,973
1534.935005,740,970
1534.940006,734,971
1534.945006,633,972
1534.950005,668,970
1534.955005,756,972
1534.960007,655,974
1534.965006,660,972
1534.970006,748,970
1534.975007,730,972
1534.980007,653,973
1534.985005,732,973
1534.990007,736,966
1534.995006,641,972
1535.000007,679,972
1535.005006,734,972
1535.010007,661,972
1535.015006,668,970
1535.020006,753,972
1535.025005,717,974
1535.030006,648,971
1535.035006,732,972
1535.040007,722,973
1535.045006,625,974
1535.050006,666,970
1535.055006,754,972
1535.060006,649,973
1535.065006,668,967
1535.070006,758,971
1535.075007,706,971
1535.080006,634,976
1535.085005,749,968
1535.090005,733,977
1535.095006,637,999
1535.100006,671,1012
1535.105005,744,1009
1535.110005,650,1010
1535.115007,681,1007
1535.120007,757,1006
1535.125006,704,1011
1535.130006,656,1009
1535.135007,738,1009
1535.140007,730,1007
1535.145006,631,1009
1535.150005,675,1011
1535.155006,762,1008
1535.160005,655,1009
1535.165006,655,1011
1535.170005,767,1009
1535.175006,712,1008
1535.180006,638,1012
1535.185006,314,990
1535.190006,0,994
1535.195006,0,993
1535.200006,0,987
1535.205007,0,993
1535.210007,0,995
1535.215006,0,996
1535.220005,12,992
1535.225006,0,992
1535.230006,0,995
1535.235006,14,995
1535.240007,0,978
1535.245007,0,957
1535.250006,0,958
1535.255006,0,957
1535.260007,0,958
1535.265007,0,958
1535.270006,23,959
1535.275005,0,957
1535.280005,0,948
1535.285005,38,959
1535.290005,0,957
1535.295007,0,960
1535.300006,0,953
1535.305006,0,958
1535.310006,0,959
1535.315006,0,959
1535.320006,21,958
1535.325007,0,954
1535.330005,0,961
1535.335007,28,957
1535.340006,0,955
1535.345005,0,956
1535.350005,0,958
1535.355006,0,957
1535.360006,260,973
1535.365006,475,973
1535.370005,620,972
1535.375005,630,966
1535.380005,603,970
1535.385005,698,972
1535.390006,690,971
1535.395006,605,976
1535.400006,681,971
1535.405006,728,974
1535.410006,633,973
1535.415007,668,973
1535.420006,750,973
1535.425006,696,972
1535.430005,634,975
1535.435005,742,973
1535.440006,716,973
1535.445006,638,971
1535.450005,676,971
1535.455006,741,971
1535.460006,647,972
1535.465007,650,974
1535.470005,756,971
1535.475005,702,974
1535.480007,648,989
1535.485005,741,1007
1535.490006,720,1010
1535.495007,625,1010
1535.500006,689,1009
1535.505006,755,1006
1535.510005,654,1007
1535.515006,655,1010
1535.520006,758,1008
1535.525006,700,1010
1535.530006,635,1010
1535.535005,725,1012
1535.540005,736,1008
1535.545006,636,1008
1535.550007,672,1010
1535.555006,752,1005
1535.560006,655,1010
1535.565006,660,1010
1535.570006,741,1012
1535.575007,715,1004
1535.580006,647,1010
1535.585006,730,1008
1535.590006,738,1007
1535.595006,639,1009
1535.600006,683,1009
1535.605006,738,1009
1535.610006,657,1001
1535.615006,670,1011
1535.620005,751,1009
1535.625006,704,1010
1535.630005,645,1008
1535.635005,730,1011
1535.640006,742,1005
1535.645006,642,1010
1535.650005,681,1009
1535.655005,733,1011
1535.660006,656,1009
1535.665006,662,1008
1535.670005,743,1011
1535.675005,720,1005
1535.680006,656,1009
1535.685006,738,1009
1535.690006,726,1008
1535.695006,627,1010
1535.700006,690,1002
1535.705007,748,1011
1535.710006,650,1009
1535.715007,658,1010
1535.720006,743,1009
1535.725006,714,1008
1535.730006,645,1010
1535.735006,728,1011
1535.740007,734,1010
1535.745006,640,1009
1535.750006,684,1011
1535.755006,734,1010
1535.760006,661,1008
1535.765005,658,1010
1535.770005,759,1002
1535.775006,697,1011
1535.780007,660,1009
1535.785006,739,1009
1535.790006,718,1013
1535.795005,634,1010
1535.800005,696,1007
1535.805006,740,1007
1535.810007,638,1013
1535.815007,670,1009
1535.820006,760,1008
1535.825006,699,1007
1535.830006,648,1009
1535.835006,732,1011
1535.840006,730,1002
1535.845005,642,1008
1535.850005,682,1010
1535.855006,733,1010
1535.860006,661,1006
1535.865006,656,1011
1535.870006,744,1011
1535.875006,712,1007
1535.880006,651,1008
1535.885007,733,1010
1535.890007,717,1010
1535.895006,629,1009
1535.900006,676,1012
1535.905005,749,1008
1535.910006,649,1007
1535.915006,663,1009
1535.920005,741,1006
1535.925005,712,1008
1535.930006,641,1000
1535.935006,750,1006
1535.940006,723,1012
1535.945007,652,1009
1535.950006,686,1007
1535.955005,754,1010
1535.960006,654,1008
1535.965006,666,1011
1535.970005,740,1010
1535.975006,710,1008
1535.980005,642,1010
1535.985006,739,1000
1535.990006,739,1006
1535.995005,634,1008
1536.000006,681,1009
1536.005006,747,1009
1536.010007,640,1010
1536.015006,674,1009
1536.020007,755,1010
1536.025006,692,1009
1536.030006,657,1010
1536.035005,745,1010
1536.040005,718,1009
1536.045006,627,1009
1536.050006,694,1000
1536.055005,746,998
1536.060005,654,1009
1536.065005,664,1008
1536.070006,753,994
1536.075006,690,976
1536.080006,653,964
1536.085005,739,973
1536.090005,713,973
1536.095006,645,972
1536.100006,683,969
1536.105006,741,963
1536.110005,648,972
1536.115006,657,973
1536.120006,758,963
1536.125006,698,974
1536.130006,638,974
1536.135006,732,967
1536.140005,729,971
1536.145005,635,970
1536.150006,684,975
1536.155006,748,968
1536.160007,653,973
1536.165006,658,969
1536.170006,740,973
1536.175007,708,970
1536.180007,647,973
1536.185007,730,973
1536.190006,724,974
1536.195006,629,972
1536.200006,690,961
1536.205006,743,970
1536.210006,650,962
1536.215006,661,972
1536.220006,744,972
1536.225006,688,976
1536.230005,643,972
1536.235006,736,968
1536.240006,736,973
1536.245006,633,971
1536.250006,682,971
1536.255005,745,966
1536.260005,644,973
1536.265006,658,972
1536.270006,762,972
1536.275005,694,971
1536.280005,639,973
1536.285007,747,966
1536.290006,727,974
1536.295007,628,972
1536.300006,677,972
1536.305005,753,970
1536.310005,649,973
1536.315006,662,972
1536.320006,750,972
1536.325005,687,975
1536.330006,661,968
1536.335005,750,973
1536.340005,718,973
1536.345006,620,976
1536.350006,701,971
1536.355006,746,977
1536.360007,633,998
1536.365006,670,1000
1536.370006,751,1008
1536.375006,686,1010
1536.380006,642,1007
1536.385006,756,1008
1536.390005,715,1012
1536.395006,646,1009
1536.400005,690,1009
1536.405005,733,1010
1536.410007,657,1007
1536.415005,657,1010
1536.420006,762,1007
1536.425006,692,1008
1536.430006,644,1009
1536.435006,734,1011
1536.440006,733,1001
1536.445006,635,1009
1536.450005,259,997
1536.455005,0,997
1536.460006,0,995
1536.465006,0,995
1536.470005,0,997
1536.475006,0,989
1536.480005,0,993
1536.485005,0,997
1536.490006,0,991
1536.495006,0,994
1536.500006,0,997
1536.505006,0,978
1536.510005,0,959
1536.515007,0,961
1536.520005,18,955
1536.525006,0,957
1536.530006,0,957
1536.535006,2,956
1536.540006,0,958
1536.545007,0,958
1536.550005,0,961
1536.555007,0,961
1536.560005,0,956
1536.565006,0,956
1536.570007,0,959
1536.575006,0,959
1536.580006,0,957
1536.585005,26,956
1536.590005,0,958
1536.595005,0,960
1536.600005,1,955
1536.605006,0,958
1536.610007,0,958
1536.615006,0,955
1536.620006,24,959
1536.625006,201,969
1536.630005,349,971
1536.635006,563,973
1536.640005,607,970
1536.645005,561,972
1536.650007,629,974
1536.655005,705,972
1536.660006,605,973
1536.665006,630,973
1536.670005,725,976
1536.675005,671,974
1536.680006,650,971
1536.685006,734,974
1536.690005,705,973
1536.695006,640,973
1536.700006,691,972
1536.705007,726,973
1536.710006,642,972
1536.715007,650,976
1536.720006,755,971
1536.725006,685,973
1536.730007,656,972
1536.735005,747,971
1536.740006,719,973
1536.745006,632,992
1536.750007,702,1007
1536.755006,733,1009
1536.760006,647,998
1536.765007,669,1009
1536.770005,742,1008
1536.775006,697,1004
1536.780007,655,1009
1536.785007,738,1010
1536.790005,715,1009
1536.795007,637,1010
1536.800005,690,1009
1536.805007,730,1009
1536.810007,657,1006
1536.815006,661,1010
1536.820006,740,1011
1536.825006,699,1009
1536.830006,646,1008
1536.835006,736,1010
1536.840007,718,1002
1536.845005,648,1008
1536.850005,697,1010
1536.855007,739,997
1536.860005,643,1007
1536.865007,663,1009
1536.870006,762,1009
1536.875006,700,1010
1536.880005,655,1007
1536.885005,734,1011
1536.890006,733,1009
1536.895006,628,1012
1536.900005,710,1002
1536.905005,745,1006
1536.910007,650,1008
1536.915006,656,1012
1536.920005,763,1008
1536.925006,686,1008
1536.930005,643,1011
1536.935005,757,1008
1536.940007,724,1010
1536.945005,632,1006
1536.950006,685,1009
1536.955007,738,1010
1536.960006,637,1007
1536.965006,658,1009
1536.970006,741,1012
1536.975006,703,1006
1536.980006,656,1008
1536.985006,734,1010
1536.990007,733,1009
1536.995007,629,1011
1537.000006,695,1004
1537.005006,729,1011
1537.010006,657,1006
1537.015006,669,1009
1537.020006,755,1010
1537.025006,683,1010
1537.030007,663,1009
1537.035006,741,1009
1537.040006,733,1006
1537.045006,641,1010
1537.050006,698,1010
1537.055006,734,1010
1537.060007,637,1010
1537.065006,657,1011
1537.070006,765,1008
1537.075006,689,1011
1537.080006,646,1009
1537.085005,738,1011
1537.090006,739,1006
1537.095006,647,1008
1537.100006,694,1009
1537.105006,750,1009
1537.110006,641,1009
1537.115006,664,1009
1537.120006,758,1007
1537.125006,700,1007
1537.130005,641,1011
1537.135006,755,1008
1537.140005,720,1010
1537.145006,632,1008
1537.150006,690,1010
1537.155006,741,1009
1537.160005,636,1003
1537.165005,678,1006
1537.170006,753,1010
1537.175006,689,1007
1537.180005,647,1008
1537.185005,755,1010
1537.190005,735,1007
1537.195005,634,1008
1537.200006,691,1009
1537.205006,744,1005
1537.210007,637,1010
1537.215006,681,1003
1537.220005,751,1009
1537.225005,683,1007
1537.230006,658,1005
1537.235007,747,1007
1537.240006,723,1009
1537.245006,629,1010
1537.250006,711,1011
1537.255006,739,1010
1537.260006,642,1011
1537.265005,663,1010
1537.270006,764,1008
1537.275005,686,998
1537.280005,643,1007
1537.285007,758,1011
1537.290007,715,1011
1537.295007,648,1008
1537.300006,703,1007
1537.305006,728,1011
1537.310007,651,1006
1537.315006,669,1010
1537.320006,755,1008
1537.325005,685,1011
1537.330006,644,1012
1537.335005,756,990
1537.340005,724,976
1537.345006,636,972
1537.350006,709,969
1537.355005,740,972
1537.360005,639,973
1537.365006,659,973
1537.370005,751,975
1537.375006,681,973
1537.380006,656,972
1537.385006,738,973
1537.390005,730,968
1537.395006,646,974
1537.400005,702,970
1537.405006,735,974
1537.410006,639,973
1537.415007,665,976
1537.420006,741,973
1537.425006,693,972
1537.430005,654,974
1537.435005,740,974
1537.440006,734,971
1537.445006,645,974
1537.450007,699,972
1537.455005,750,972
1537.460006,638,971
1537.465007,659,976
1537.470007,761,973
1537.475005,685,972
1537.480007,660,966
1537.485006,760,968
1537.490006,731,967
1537.495006,638,974
1537.500006,697,974
1537.505006,743,971
1537.510006,647,970
1537.515006,660,974
1537.520006,763,970
1537.525005,683,973
1537.530006,645,972
1537.535005,761,970
1537.540005,718,972
1537.545007,634,959
1537.550006,715,972
1537.555006,735,970
1537.560006,637,972
1537.565006,680,970
1537.570006,756,974
1537.575005,677,972
1537.580005,660,965
1537.585007,759,972
1537.590005,716,973
1537.595006,626,973
1537.600007,712,972
1537.605007,738,973
1537.610005,649,971
1537.615006,666,973
1537.620005,755,965
1537.625005,698,998
1537.630006,647,1008
1537.635007,760,1009
1537.640006,721,1010
1537.645005,654,1009
1537.650007,703,1002
1537.655006,750,1009
1537.660005,649,1009
1537.665005,682,1008
1537.670007,750,1010
1537.675006,678,1011
1537.680006,665,1010
1537.685006,756,1009
1537.690006,723,1009
1537.695006,631,1009
1537.700007,718,1007
1537.705005,745,1008
1537.710007,634,1011
1537.715007,252,996
1537.720006,1,997
1537.725006,0,991
1537.730005,0,992
1537.735005,0,996
1537.740006,0,994
1537.745005,0,992
1537.750005,0,995
1537.755006,0,994
1537.760007,0,994
1537.765006,0,993
1537.770005,2,980
1537.775006,0,957
1537.780006,0,959
1537.785005,24,958
1537.790006,0,960
1537.795006,0,958
1537.800005,9,960
1537.805006,0,960
1537.810005,0,959
1537.815006,0,955
1537.820005,10,959
1537.825007,0,956
1537.830005,0,957
1537.835007,20,960
1537.840005,0,953
1537.845006,0,955
1537.850006,22,957
1537.855005,0,954
1537.860005,0,959
1537.865006,0,950
1537.870007,8,959
1537.875006,0,959
1537.880006,0,958
1537.885006,27,959
1537.890005,184,968
1537.895006,307,972
1537.900005,513,974
1537.905005,620,971
1537.910007,555,972
1537.915006,598,974
1537.920005,720,971
1537.925005,656,971
1537.930007,626,974
1537.935005,721,974
1537.940007,698,976
1537.945006,638,971
1537.950005,697,973
1537.955006,724,970
1537.960005,624,974
1537.965005,673,970
1537.970006,753,972
1537.975006,670,974
1537.980005,638,973
1537.985005,752,970
1537.990005,725,967
1537.995006,635,972
1538.000006,699,974
1538.005006,726,973
1538.010006,633,993
1538.015005,682,1001
1538.020005,753,1007
1538.025006,677,1011
1538.030007,641,1010
1538.035007,739,1009
1538.040006,729,1010
1538.045005,630,1013
1538.050005,720,1010
1538.055006,733,1010
1538.060006,645,1002
1538.065007,668,1009
1538.070005,749,1008
1538.075006,686,1006
1538.080006,655,1010
1538.085006,737,1009
1538.090006,728,1009
1538.095006,629,1013
1538.100006,722,1008
1538.105005,742,1010
1538.110005,643,1009
1538.115006,666,1006
1538.120006,743,1010
1538.125006,689,1009
1538.130006,653,1009
1538.135006,749,1008
1538.140006,738,1010
1538.145006,634,1009
1538.150006,724,1007
1538.155007,744,1010
1538.160006,628,1009
1538.165006,680,1008
1538.170006,747,1009
1538.175007,677,1008
1538.180006,670,1004
1538.185006,753,1008
1538.190005,712,1011
1538.195005,648,1009
1538.200007,715,1011
1538.205006,730,1009
1538.210005,632,1010
1538.215005,676,1010
1538.220006,746,1011
1538.225006,693,1010
1538.230005,659,1010
1538.235006,746,1012
1538.240007,733,1004
1538.245006,637,1010
1538.250007,706,1010
1538.255005,745,1009
1538.260005,631,1011
1538.265006,673,999
1538.270006,765,1009
1538.275007,678,1010
1538.280005,671,1008
1538.285006,749,1009
1538.290006,717,1010
1538.295006,654,1010
1538.300006,716,1010
1538.305006,728,1012
1538.310006,644,1008
1538.315007,663,1012
1538.320007,766,1007
1538.325007,677,1012
1538.330007,670,1008
1538.335007,752,1009
1538.340005,723,1007
1538.345006,637,1009
1538.350006,716,1001
1538.355006,750,1002
1538.360007,638,1012
1538.365006,665,1010
1538.370006,765,1008
1538.375006,682,1010
1538.380005,659,1008
1538.385005,745,1009
1538.390007,718,1011
1538.395005,649,1003
1538.400006,722,1009
1538.405006,732,1008
1538.410006,632,1010
1538.415006,662,1011
1538.420006,757,1010
1538.425006,683,1007
1538.430006,652,1011
1538.435007,761,1010
1538.440006,726,1010
1538.445006,637,1009
1538.450006,729,1009
1538.455006,743,1009
1538.460006,638,1009
1538.465006,678,1008
1538.470006,763,1008
1538.475007,680,1012
1538.480006,667,1008
1538.485006,756,1008
1538.490006,718,1011
1538.495006,650,1009
1538.500007,729,1010
1538.505006,731,1011
1538.510006,654,1007
1538.515006,668,1008
1538.520007,742,1009
1538.525006,682,1002
1538.530006,662,1009
1538.535005,750,1010
1538.540005,719,1009
1538.545006,656,1009
1538.550006,715,1010
1538.555005,729,1011
1538.560005,650,1010
1538.565006,670,1009
1538.570006,757,1006
1538.575005,686,1010
1538.580005,652,1010
1538.585006,764,1007
1538.590007,723,1009
1538.595006,646,1002
1538.600007,724,999
1538.605006,729,977
1538.610006,629,974
1538.615006,675,968
1538.620006,747,971
1538.625006,666,975
1538.630006,657,972
1538.635007,757,965
1538.640006,724,970
1538.645005,635,976
1538.650006,726,973
1538.655007,735,972
1538.660007,630,971
1538.665005,676,960
1538.670007,745,972
1538.675005,691,966
1538.680006,657,972
1538.685006,744,974
1538.690005,731,970
1538.695006,645,973
1538.700006,707,973
1538.705006,747,971
1538.710005,642,971
1538.715006,666,970
1538.720006,750,962
1538.725006,685,970
1538.730006,664,972
1538.735006,747,973
1538.740006,731,970
1538.745005,642,972
1538.750006,709,971
1538.755005,721,974
1538.760006,646,971
1538.765005,662,972
1538.770006,739,972
1538.775006,665,974
1538.780007,668,971
1538.785007,739,970
1538.790006,734,970
1538.795005,644,972
1538.800005,710,972
1538.805006,738,970
1538.810006,643,972
1538.815006,658,972
1538.820006,751,970
1538.825006,672,974
1538.830007,647,972
1538.835006,752,965
1538.840006,725,972
1538.845006,632,973
1538.850006,703,971
1538.855006,742,971
1538.860006,638,973
1538.865006,671,967
1538.870006,753,970
1538.875006,669,972
1538.880006,642,973
1538.885007,747,976
1538.890007,708,996
1538.895005,630,1003
1538.900007,714,1010
1538.905005,741,1003
1538.910006,646,1008
1538.915006,663,1010
1538.920006,738,1011
1538.925007,679,1001
1538.930007,656,1009
1538.935005,741,1012
1538.940006,736,1008
1538.945006,644,1008
1538.950005,704,1010
1538.955005,741,1000
1538.960006,635,1010
1538.965006,668,1009
1538.970005,744,1009
1538.975006,682,1008
1538.980005,255,994
1538.985005,0,992
1538.990007,0,989
1538.995007,0,991
1539.000006,0,992
1539.005005,0,994
1539.010005,0,996
1539.015006,0,993
1539.020007,0,995
1539.025006,0,995
1539.030006,0,993
1539.035005,11,984
1539.040006,0,959
1539.045006,0,958
1539.050007,4,957
1539.055007,0,955
1539.060006,0,957
1539.065005,0,955
1539.070005,0,960
1539.075006,0,959
1539.080006,0,957
1539.085005,9,950
1539.090005,0,957
1539.095006,0,959
1539.100006,14,957
1539.105006,0,959
1539.110006,0,957
1539.115007,0,959
1539.120006,15,958
1539.125006,0,957
1539.130005,0,959
1539.135006,10,958
1539.140005,0,958
1539.145005,0,955
1539.150006,19,959
1539.155006,19,960
1539.160005,285,974
1539.165006,492,969
1539.170006,624,972
1539.175006,580,972
1539.180005,614,969
1539.185005,715,973
1539.190007,683,971
1539.195005,607,975
1539.200007,691,973
1539.205006,721,976
1539.210005,627,970
1539.215005,666,968
1539.220006,746,973
1539.225006,654,971
1539.230005,640,973
1539.235006,759,970
1539.240006,716,971
1539.245006,635,973
1539.250006,705,973
1539.255006,740,970
1539.260006,628,974
1539.265005,672,970
1539.270006,756,972
1539.275006,668,990
1539.280007,649,1008
1539.285006,741,1009
1539.290006,725,1008
1539.295005,635,1012
1539.300005,726,997
1539.305005,732,1007
1539.310005,626,1008
1539.315006,675,1002
1539.320007,760,1006
1539.325005,673,1010
1539.330006,662,1008
1539.335006,743,1009
1539.340007,734,1008
1539.345006,647,1006
1539.350006,716,1009
1539.355005,724,1010
1539.360006,645,1006
1539.365006,675,1003
1539.370006,745,1009
1539.375006,659,1009
1539.380005,671,1006
1539.385006,754,1009
1539.390006,713,1012
1539.395006,644,1008
1539.400006,711,1011
1539.405006,730,1009
1539.410006,629,1009
1539.415007,676,1006
1539.420007,760,1009
1539.425006,667,1008
1539.430006,649,1010
1539.435007,766,1003
1539.440006,723,1010
1539.445006,637,1008
1539.450006,711,1010
1539.455006,740,1007
1539.460005,635,1007
1539.465005,675,1008
1539.470006,751,1009
1539.475006,662,1009
1539.480006,649,1012
1539.485006,747,1009
1539.490006,713,1012
1539.495006,647,1008
1539.500006,716,1011
1539.505005,736,1000
1539.510005,639,1010
1539.515006,666,1009
1539.520007,739,1008
1539.525007,658,1008
1539.530005,669,1009
1539.535006,747,1008
1539.540006,733,1007
1539.545006,638,1011
1539.550007,728,1004
1539.555007,742,1009
1539.560007,626,1012
1539.565006,657,1008
1539.570006,753,1007
1539.575006,655,1008
1539.580006,668,1009
1539.585005,752,1011
1539.590006,712,1010
1539.595005,656,1004
1539.600005,729,1007
1539.605007,734,1009
1539.610006,636,1009
1539.615006,657,1009
1539.620005,750,1010
1539.625005,658,1010
1539.630006,650,1004
1539.635006,757,1010
1539.640005,714,1011
1539.645006,649,1010
1539.650005,723,1010
1539.655006,723,1011
1539.660005,646,1010
1539.665006,663,1010
1539.670005,756,1004
1539.675005,674,1008
1539.680006,659,1008
1539.685006,753,1011
1539.690006,732,999
1539.695007,640,1009
1539.700006,714,1009
1539.705006,735,1002
1539.710006,636,1011
1539.715006,660,1012
1539.720006,754,1009
1539.725006,658,1010
1539.730006,674,1006
1539.735006,748,1008
1539.740006,715,1011
1539.745006,650,1010
1539.750006,720,1010
1539.755005,728,1009
1539.760005,628,1011
1539.765006,677,1002
1539.770007,760,1006
1539.775007,667,1009
1539.780006,668,1010
1539.785005,747,1010
1539.790005,717,1010
1539.795006,657,1004
1539.800006,725,1011
1539.805005,730,997
1539.810005,638,1011
1539.815006,679,1009
1539.820006,742,1010
1539.825006,655,1009
1539.830006,671,1009
1539.835005,751,1008
1539.840006,716,1004
1539.845005,631,1008
1539.850005,733,1007
1539.855006,723,1011
1539.860006,629,1009
1539.865007,683,1001
1539.870007,747,979
1539.875006,659,972
1539.880006,669,974
1539.885006,749,973
1539.890006,706,974
1539.895006,651,971
1539.900005,720,971
1539.905006,719,973
1539.910005,649,967
1539.915005,667,974
1539.920006,739,972
1539.925006,651,973
1539.930005,673,971
1539.935005,754,971
1539.940006,711,973
1539.945005,650,971
1539.950007,730,973
1539.955006,722,972
1539.960006,626,973
1539.965006,661,971
1539.970006,736,975
1539.975006,672,973
1539.980005,658,971
1539.985005,742,974
1539.990007,724,965
1539.995007,648,969
1540.000006,723,973
1540.005005,717,973
1540.010005,635,972
1540.015007,674,963
1540.020006,746,972
1540.025006,656,973
1540.030006,664,967
1540.035006,738,975
1540.040006,726,972
1540.045006,641,972
1540.050007,724,973
1540.055007,719,973
1540.060005,623,973
1540.065006,672,972
1540.070006,738,972
1540.075006,662,962
1540.080006,663,972
1540.085005,741,972
1540.090006,712,973
1540.095005,648,969
1540.100006,732,964
1540.105005,724,971
1540.110005,638,964
1540.115007,677,973
1540.120007,736,973
1540.125007,651,973
1540.130006,655,972
1540.135006,740,973
1540.140006,732,971
1540.145006,644,974
1540.150005,715,975
1540.155006,738,989
1540.160005,637,1009
1540.165005,665,1010
1540.170006,748,1000
1540.175006,661,1010
1540.180006,657,1010
1540.185006,751,1010
1540.190006,713,1012
1540.195006,649,1010
1540.200006,730,1009
1540.205006,725,1010
1540.210005,653,1008
1540.215005,678,1009
1540.220007,746,1010
1540.225007,675,1008
1540.230006,661,1009
1540.235006,748,1012
1540.240007,735,1009
1540.245006,223,992
1540.250007,0,995
1540.255006,0,993
1540.260006,0,992
1540.265006,0,993
1540.270006,0,995
1540.275005,0,991
1540.280005,0,993
1540.285006,24,994
1540.290007,0,995
1540.295006,0,992
1540.300005,20,968
1540.305006,0,957
1540.310006,0,958
1540.315005,0,947
1540.320005,0,960
1540.325007,0,957
1540.330006,0,956
1540.335007,35,957
1540.340005,0,958
1540.345006,0,946
1540.350006,26,960
1540.355005,0,961
1540.360006,0,951
1540.365007,0,957
1540.370006,0,958
1540.375006,0,959
1540.380007,0,959
1540.385006,14,955
1540.390006,0,959
1540.395006,0,958
1540.400006,29,955
1540.405006,0,958
1540.410006,0,959
1540.415007,0,957
1540.420006,367,973
1540.425005,436,973
1540.430006,544,973
1540.435006,668,972
1540.440005,649,972
1540.445005,593,973
1540.450007,708,973
1540.455006,711,971
1540.460005,612,975
1540.465006,654,974
1540.470006,750,971
1540.475006,648,974
1540.480006,671,970
1540.485007,757,972
1540.490005,706,973
1540.495006,631,974
1540.500007,740,971
1540.505006,716,971
1540.510006,628,964
1540.515005,685,971
1540.520005,739,970
1540.525006,646,974
1540.530006,673,968
1540.535005,754,977
1540.540005,712,1003
1540.545006,658,1007
1540.550006,733,1010
1540.555006,734,1011
1540.560006,636,1010
1540.565006,668,1009
1540.570007,753,1010
1540.575006,653,1010
1540.580006,656,1012
1540.585006,765,1004
1540.590006,724,1008
1540.595005,642,1011
1540.600005,737,1007
1540.605007,721,1002
1540.610006,642,1008
1540.615006,673,1011
1540.620006,736,1010
1540.625006,661,1002
1540.630006,661,1010
1540.635007,747,1009
1540.640007,708,1010
1540.645005,657,1009
1540.650007,739,1010
1540.655006,730,1008
1540.660006,641,1011
1540.665006,667,1010
1540.670006,753,1011
1540.675006,657,1010
1540.680005,662,1010
1540.685006,756,1008
1540.690006,715,1012
1540.695006,645,1010
1540.700005,727,1009
1540.705005,723,1010
1540.710006,640,1010
1540.715006,692,1005
1540.720006,747,1010
1540.725006,661,1009
1540.730006,662,999
1540.735006,758,1010
1540.740006,711,1009
1540.745005,660,1005
1540.750006,729,1009
1540.755006,725,1010
1540.760006,630,1010
1540.765006,672,1010
1540.770006,763,1007
1540.775006,661,1010
1540.780007,662,1010
1540.785006,764,1008
1540.790006,725,1008
1540.795006,645,1010
1540.800007,731,1009
1540.805007,745,1008
1540.810006,646,1011
1540.815006,693,1010
1540.820007,739,1009
1540.825006,666,1009
1540.830007,677,1007
1540.835007,751,1008
1540.840005,715,1009
1540.845006,638,1011
1540.850005,749,1008
1540.855006,732,1007
1540.860007,641,1010
1540.865006,681,1010
1540.870005,751,1008
1540.875005,657,1010
1540.880007,655,1013
1540.885006,769,1011
1540.890005,711,1010
1540.895005,663,1008
1540.900006,735,1011
1540.905006,726,1007
1540.910005,632,1011
1540.915005,694,1009
1540.920006,758,1008
1540.925006,650,1010
1540.930005,679,1005
1540.935005,764,1007
1540.940007,712,1009
1540.945005,634,1009
1540.950006,741,1007
1540.955006,723,1009
1540.960005,622,1007
1540.965006,690,1008
1540.970005,739,1009
1540.975006,668,1008
1540.980005,657,1009
1540.985005,769,1007
1540.990006,714,1008
1540.995005,647,1007
1541.000005,726,1013
1541.005007,744,1005
1541.010006,643,1000
1541.015006,674,1010
1541.020007,748,1010
1541.025006,646,1012
1541.030005,674,1009
1541.035006,744,1009
1541.040005,708,1009
1541.045006,654,1005
1541.050006,741,1010
1541.055006,721,1011
1541.060006,646,1008
1541.065007,690,1009
1541.070006,754,1009
1541.075006,653,1010
1541.080006,655,1010
1541.085006,749,1009
1541.090006,702,1010
1541.095005,658,1008
1541.100005,735,1012
1541.105006,725,1008
1541.110006,633,1011
1541.115006,677,1011
1541.120006,746,997
1541.125006,655,1008
1541.130006,659,991
1541.135006,746,974
1541.140005,716,973
1541.145005,641,971
1541.150006,723,975
1541.155007,735,968
1541.160006,623,972
1541.165007,689,972
1541.170006,745,970
1541.175006,638,974
1541.180006,671,970
1541.185006,752,971
1541.190006,699,973
1541.195006,654,973
1541.200005,731,971
1541.205005,717,968
1541.210006,636,975
1541.215007,678,971
1541.220006,756,968
1541.225006,654,973
1541.230005,653,973
1541.235005,758,966
1541.240006,695,972
1541.245006,640,974
1541.250005,747,965
1541.255007,735,971
1541.260007,633,973
1541.265006,668,976
1541.270006,742,961
1541.275005,647,972
1541.280005,652,976
1541.285006,760,972
1541.290006,704,973
1541.295006,634,975
1541.300005,739,972
1541.305006,717,973
1541.310006,640,968
1541.315005,683,971
1541.320006,738,971
1541.325006,646,972
1541.330007,669,970
1541.335006,758,971
1541.340006,712,972
1541.345006,635,973
1541.350007,747,972
1541.355006,721,972
1541.360006,628,973
1541.365006,693,969
1541.370006,754,971
1541.375007,653,973
1541.380006,656,974
1541.385006,741,973
1541.390006,718,968
1541.395006,643,973
1541.400006,728,974
1541.405007,734,963
1541.410006,635,973
1541.415007,678,980
1541.420005,752,995
1541.425006,656,997
1541.430005,658,1008
1541.435005,760,1006
1541.440006,710,1009
1541.445006,645,1008
1541.450006,738,1009
1541.455007,727,1009
1541.460007,629,1009
1541.465005,677,1011
1541.470007,743,1009
1541.475006,665,1007
1541.480006,658,1008
1541.485006,749,1009
1541.490006,697,1007
1541.495006,639,1009
1541.500006,746,1008
1541.505006,589,1006
1541.510006,0,993
1541.515006,0,995
1541.520006,0,991
1541.525007,0,989
1541.530005,0,994
1541.535006,0,995
1541.540006,0,992
1541.545006,0,992
1541.550007,17,996
1541.555007,0,994
1541.560005,0,989
1541.565006,0,968
1541.570006,0,957
1541.575006,0,959
1541.580006,0,958
1541.585005,13,959
1541.590006,0,957
1541.595006,0,959
1541.600006,20,952
1541.605005,0,957
1541.610005,0,958
1541.615006,0,957
1541.620005,0,958
1541.625005,0,957
1541.630007,0,957
1541.635006,15,955
1541.640006,0,957
1541.645006,0,960
1541.650007,35,959
1541.655006,0,957
1541.660006,0,960
1541.665006,0,959
1541.670005,0,953
1541.675005,0,957
1541.680006,0,949
1541.685007,400,972
1541.690006,486,973
1541.695006,510,975
1541.700007,655,971
1541.705005,654,973
1541.710007,597,970
1541.715006,657,971
1541.720005,726,965
1541.725006,631,973
1541.730006,648,972
1541.735007,734,975
1541.740007,702,974
1541.745007,631,975
1541.750005,744,971
1541.755006,717,973
1541.760006,624,974
1541.765006,693,968
1541.770006,738,975
1541.775006,633,974
1541.780006,670,970
1541.785005,748,973
1541.790005,687,974
1541.795006,647,971
1541.800006,733,978
1541.805005,714,1006
1541.810006,641,1000
1541.815005,693,1011
1541.820005,741,1009
1541.825006,635,1011
1541.830006,671,1008
1541.835006,745,1010
1541.840007,704,1007
1541.845007,658,1010
1541.850006,740,1011
1541.855005,733,1008
1541.860005,641,1008
1541.865006,684,1011
1541.870005,745,1008
1541.875005,654,1007
1541.880006,669,1010
1541.885006,753,1010
1541.890007,691,1007
1541.895005,660,1007
1541.900006,736,1012
1541.905007,735,1010
1541.910006,631,1010
1541.915007,686,998
1541.920006,749,1007
1541.925006,641,1010
1541.930005,669,1007
1541.935005,753,1009
1541.940007,685,1011
1541.945007,656,1011
1541.950007,737,1010
1541.955006,715,1010
1541.960005,645,1009
1541.965005,694,1010
1541.970006,740,1010
1541.975007,633,1012
1541.980006,673,1008
1541.985006,750,1009
1541.990006,694,1008
1541.995005,636,1011
1542.000005,747,1007
1542.005006,724,1010
1542.010006,650,1004
1542.015006,690,1007
1542.020006,732,1011
1542.025006,640,1010
1542.030006,654,1012
1542.035006,754,1008
1542.040006,690,1010
1542.045005,662,1006
1542.050006,740,1010
1542.055006,732,1009
1542.060006,633,1006
1542.065005,684,1009
1542.070005,728,1010
1542.075007,636,1012
1542.080007,678,1002
1542.085005,752,1007
1542.090005,686,1009
1542.095006,654,998
1542.100006,749,1007
1542.105005,730,1009
1542.110005,625,1009
1542.115006,704,1005
1542.120005,750,1007
1542.125005,641,1007
1542.130006,658,1001
1542.135007,765,1006
1542.140006,704,1008
1542.145007,657,1009
1542.150007,735,1009
1542.155007,716,1011
1542.160006,631,999
1542.165006,700,1006
1542.170006,740,1009
1542.175006,639,1009
1542.180005,669,1004
1542.185006,757,1010
1542.190006,690,1007
1542.195006,638,1009
1542.200005,749,1009
1542.205005,725,1009
1542.210007,636,1006
1542.215006,685,1013
1542.220006,741,1000
1542.225006,653,1007
1542.230005,666,1010
1542.235006,741,1011
1542.240006,689,1010
1542.245006,642,1011
1542.250006,750,1004
1542.255005,723,1011
1542.260006,625,1009
1542.265005,701,995
1542.270006,751,1004
1542.275006,645,1002
1542.280006,672,1008
1542.285006,745,1010
1542.290006,704,1005
1542.295006,651,1011
1542.300006,736,1011
1542.305007,730,997
1542.310006,635,1011
1542.315005,685,1012
1542.320005,749,1010
1542.325007,642,1009
1542.330006,660,1011
1542.335006,767,1008
1542.340006,691,1010
1542.345006,641,1008
1542.350007,754,1009
1542.355007,723,1011
1542.360007,630,1008
1542.365005,707,1009
1542.370007,740,1009
1542.375007,638,1010
1542.380005,654,1012
1542.385005,761,1008
1542.390006,689,1009
1542.395005,659,989
1542.400005,755,974
1542.405005,723,972
1542.410006,628,975
1542.415006,709,972
1542.420005,749,970
1542.425005,632,972
1542.430006,662,962
1542.435006,751,974
1542.440005,687,973
1542.445005,638,973
1542.450006,745,972
1542.455006,712,972
1542.460007,649,968
1542.465005,697,973
1542.470007,730,974
1542.475006,630,974
1542.480005,672,971
1542.485005,750,971
1542.490006,687,970
1542.495006,640,974
1542.500006,756,970
1542.505005,724,972
1542.510005,628,973
1542.515006,701,972
1542.520006,726,973
1542.525007,650,971
1542.530005,665,971
1542.535006,747,972
1542.540007,698,967
1542.545006,656,972
1542.550007,741,974
1542.555006,712,972
1542.560006,643,972
1542.565005,688,973
1542.570005,727,970
1542.575006,645,972
1542.580006,662,973
1542.585005,765,971
1542.590006,692,972
1542.595005,646,973
1542.600005,734,975
1542.605007,732,972
1542.610006,646,971
1542.615006,702,972
1542.620006,725,973
1542.625006,641,974
1542.630006,656,972
1542.635006,758,973
1542.640006,692,964
1542.645006,643,973
1542.650005,738,973
1542.655005,719,973
1542.660006,641,968
1542.665007,702,973
1542.670006,724,972
1542.675006,646,971
1542.680006,660,981
1542.685005,765,999
1542.690006,692,1008
1542.695006,646,1009
1542.700005,753,1005
1542.705005,733,1010
1542.710007,637,1008
1542.715006,689,1012
1542.720005,744,1010
1542.725005,647,1010
1542.730006,664,1008
1542.735005,742,1011
1542.740006,702,1009
1542.745006,645,1010
1542.750006,740,1011
1542.755005,732,1007
1542.760006,641,1010
1542.765006,693,1011
1542.770006,595,1003
1542.775006,0,998
1542.780006,0,993
1542.785006,0,994
1542.790006,0,996
1542.795006,0,996
1542.800006,0,993
1542.805006,0,990
1542.810006,0,995
1542.815006,4,995
1542.820006,0,997
1542.825006,0,996
1542.830007,0,971
1542.835007,0,959
1542.840005,0,958
1542.845007,0,957
1542.850006,30,958
1542.855005,0,959
1542.860006,0,958
1542.865006,0,959
1542.870006,0,959
1542.875005,0,959
1542.880006,0,961
1542.885007,7,958
1542.890006,0,956
1542.895006,0,959
1542.900006,16,961
1542.905006,0,950
1542.910005,0,961
1542.915006,0,959
1542.920006,0,952
1542.925006,0,957
1542.930007,0,961
1542.935006,0,961
1542.940005,0,955
1542.945005,0,955
1542.950006,402,972
1542.955006,531,969
1542.960005,519,972
1542.965006,617,972
1542.970006,675,972
1542.975006,609,970
1542.980005,631,972
1542.985005,717,973
1542.990006,673,973
1542.995006,630,972
1543.000006,726,974
1543.005006,726,972
1543.010007,639,971
1543.015006,694,972
1543.020007,725,974
1543.025006,648,973
1543.030006,675,973
1543.035006,740,974
1543.040006,675,972
1543.045005,644,973
1543.050006,756,970
1543.055005,722,972
1543.060006,633,971
1543.065005,714,975
1543.070005,739,1003
1543.075006,639,1008
1543.080006,667,1007
1543.085005,747,1011
1543.090005,701,1006
1543.095006,655,1009
1543.100006,752,1000
1543.105005,733,1007
1543.110005,630,1012
1543.115006,718,1008
1543.120006,737,1008
1543.125006,648,1006
1543.130005,658,1010
1543.135006,754,1009
1543.140006,687,1008
1543.145006,659,1010
1543.150006,749,1009
1543.155007,715,1012
1543.160006,632,1011
1543.165006,696,1011
1543.170006,740,1010
1543.175007,655,1008
1543.180006,667,1008
1543.185006,743,1010
1543.190005,690,1007
1543.195006,659,1011
1543.200005,746,1010
1543.205005,720,1010
1543.210006,648,1007
1543.215005,705,1010
1543.220007,729,1012
1543.225007,656,1006
1543.230005,666,1008
1543.235005,748,1009
1543.240007,677,1011
1543.245006,665,1009
1543.250006,748,1010
1543.255005,712,1010
1543.260005,637,1010
1543.265007,697,1009
1543.270005,746,1010
1543.275006,632,1012
1543.280006,657,1011
1543.285006,751,1009
1543.290006,674,1012
1543.295006,665,1010
1543.300007,740,1012
1543.305007,735,1009
1543.310006,649,1010
1543.315006,697,1012
1543.320007,727,1014
1543.325006,641,1011
1543.330007,667,1008
1543.335006,741,1013
1543.340006,694,1009
1543.345005,648,1010
1543.350006,759,1008
1543.355005,736,1009
1543.360006,648,1010
1543.365007,702,1011
1543.370006,729,1010
1543.375006,646,1007
1543.380005,662,1011
1543.385006,760,1009
1543.390005,683,1008
1543.395005,651,1010
1543.400006,759,1008
1543.405005,716,1009
1543.410005,643,1000
1543.415006,712,1007
1543.420005,726,1011
1543.425006,647,1009
1543.430006,669,1007
1543.435007,748,1010
1543.440006,701,1005
1543.445006,655,1011
1543.450005,742,1011
1543.455005,736,1011
1543.460006,634,1008
1543.465007,702,1011
1543.470006,751,1004
1543.475006,634,1009
1543.480006,671,1009
1543.485006,742,1011
1543.490006,683,1010
1543.495005,650,1008
1543.500005,758,1009
1543.505006,718,1009
1543.510007,635,1009
1543.515007,699,1010
1543.520005,723,1009
1543.525007,651,1007
1543.530006,675,1006
1543.535005,746,1009
1543.540005,667,1011
1543.545006,661,1008
1543.550005,741,1011
1543.555006,711,1011
1543.560006,645,1008
1543.565006,708,1010
1543.570007,729,1010
1543.575006,637,999
1543.580006,669,1009
1543.585006,748,1009
1543.590006,668,1012
1543.595005,663,1006
1543.600005,746,1009
1543.605006,734,1009
1543.610007,650,1006
1543.615007,716,1008
1543.620005,737,1009
1543.625006,642,1008
1543.630006,665,1004
1543.635007,758,1009
1543.640006,680,1006
1543.645007,650,1011
1543.650006,765,1008
1543.655007,725,1008
1543.660006,638,991
1543.665007,703,976
1543.670007,747,970
1543.675006,639,972
1543.680006,662,974
1543.685005,763,970
1543.690007,677,972
1543.695005,646,974
1543.700006,760,970
1543.705006,721,972
1543.710006,646,970
1543.715006,716,973
1543.720006,732,972
1543.725006,632,974
1543.730006,661,973
1543.735006,763,970
1543.740006,676,972
1543.745006,669,970
1543.750006,744,975
1543.755005,731,969
1543.760005,643,972
1543.765006,724,972
1543.770006,731,973
1543.775006,646,972
1543.780006,664,974
1543.785005,764,972
1543.790006,681,971
1543.795006,667,971
1543.800006,753,972
1543.805005,729,972
1543.810005,639,971
1543.815006,702,973
1543.820007,746,973
1543.825007,640,971
1543.830006,673,972
1543.835005,746,973
1543.840005,687,969
1543.845006,662,971
1543.850005,749,971
1543.855006,716,974
1543.860006,642,962
1543.865006,713,973
1543.870006,731,963
1543.875006,640,973
1543.880006,673,966
1543.885006,756,969
1543.890006,685,972
1543.895006,652,973
1543.900006,757,966
1543.905006,720,974
1543.910006,638,972
1543.915007,702,971
1543.920006,750,972
1543.925006,641,971
1543.930005,660,973
1543.935005,763,965
1543.940006,683,972
1543.945006,654,982
1543.950006,744,1002
1543.955006,738,1008
1543.960007,641,1010
1543.965005,725,1004
1543.970006,728,1010
1543.975006,650,1011
1543.980005,671,1011
1543.985006,766,1007
1543.990006,684,1007
1543.995005,659,1006
1544.000005,761,1007
1544.005006,722,1007
1544.010007,659,1010
1544.015007,710,1010
1544.020005,749,1010
1544.025006,638,1010
1544.030007,669,1002
1544.035006,564,1001
1544.040007,0,996
1544.045006,0,994
1544.050006,3,997
1544.055006,0,986
1544.060006,0,995
1544.065005,9,991
1544.070005,0,995
1544.075006,0,996
1544.080006,0,994
1544.085005,0,994
1544.090005,0,994
1544.095006,0,968
1544.100006,16,958
1544.105005,0,951
1544.110005,0,957
1544.115006,4,957
1544.120006,0,957
1544.125007,0,961
1544.130006,0,959
1544.135006,14,957
1544.140005,0,957
1544.145005,0,954
1544.150007,26,958
1544.155005,0,958
1544.160006,0,957
1544.165006,17,956
1544.170006,0,956
1544.175006,0,958
1544.180005,0,956
1544.185005,6,957
1544.190006,0,958
1544.195007,0,959
1544.200006,18,959
1544.205006,0,957
1544.210006,0,957
1544.215007,394,972
1544.220007,532,975
1544.225005,507,972
1544.230006,579,974
1544.235006,704,970
1544.240006,640,970
1544.245006,621,973
1544.250006,738,973
1544.255006,698,972
1544.260006,641,972
1544.265006,708,971
1544.270006,721,961
1544.275005,637,971
1544.280005,665,973
1544.285006,739,972
1544.290007,662,974
1544.295006,669,970
1544.300007,753,973
1544.305006,710,973
1544.310007,630,974
1544.315006,704,972
1544.320007,744,970
1544.325006,642,973
1544.330006,664,976
1544.335006,738,1006
1544.340006,678,1011
1544.345005,655,1010
1544.350005,740,1011
1544.355007,730,1009
1544.360005,637,1008
1544.365006,711,1009
1544.370007,741,1003
1544.375007,643,1007
1544.380006,661,1009
1544.385006,740,1008
1544.390005,678,1009
1544.395005,651,1010
1544.400007,766,1006
1544.405005,729,1009
1544.410007,632,1011
1544.415005,713,1001
1544.420006,742,1009
1544.425005,636,1008
1544.430007,674,1008
1544.435006,757,1009
1544.440006,676,1012
1544.445007,654,1010
1544.450007,762,1008
1544.455006,720,1010
1544.460005,641,1006
1544.465005,714,1010
1544.470007,723,1004
1544.475006,642,1008
1544.480006,670,1008
1544.485006,744,1010
1544.490007,672,1008
1544.495007,654,1009
1544.500007,745,1012
1544.505006,710,1012
1544.510006,640,1010
1544.515006,706,1011
1544.520006,739,1009
1544.525005,635,1011
1544.530006,663,1013
1544.535006,762,1009
1544.540006,672,1009
1544.545006,657,1010
1544.550007,760,1006
1544.555007,719,1010
1544.560006,630,1010
1544.565005,731,1008
1544.570006,730,1011
1544.575006,635,1007
1544.580006,659,1010
1544.585005,757,1001
1544.590005,678,1009
1544.595007,650,1012
1544.600005,759,1010
1544.605006,718,1009
1544.610006,639,1008
1544.615006,717,1008
1544.620005,723,1010
1544.625005,648,1010
1544.630006,664,1009
1544.635006,745,1011
1544.640005,681,1006
1544.645006,655,1003
1544.650006,761,1008
1544.655006,727,1010
1544.660006,642,1010
1544.665006,714,1010
1544.670006,741,1008
1544.675006,640,1010
1544.680005,669,1010
1544.685005,741,1004
1544.690006,681,1009
1544.695006,662,1009
1544.700006,755,1010
1544.705007,721,1011
1544.710007,636,1007
1544.715005,716,1006
1544.720006,744,1004
1544.725006,633,1009
1544.730007,684,1006
1544.735005,751,1009
1544.740006,672,1001
1544.745005,657,1011
1544.750005,747,1012
1544.755005,731,1010
1544.760005,636,1011
1544.765007,732,1007
1544.770005,725,1011
1544.775006,643,1008
1544.780007,666,1010
1544.785006,745,1011
1544.790005,681,1009
1544.795006,653,1011
1544.800006,762,1009
1544.805006,716,1010
1544.810006,632,1010
1544.815006,726,1010
1544.820007,724,1013
1544.825007,652,1009
1544.830005,671,1009
1544.835007,745,1008
1544.840006,659,1010
1544.845005,673,1006
1544.850005,749,1010
1544.855006,715,1008
1544.860006,650,1005
1544.865006,722,1009
1544.870005,724,1009
1544.875005,628,1009
1544.880006,678,1009
1544.885007,749,1009
1544.890007,659,1008
1544.895005,674,1002
1544.900006,754,1009
1544.905006,712,1010
1544.910007,649,998
1544.915006,721,1009
1544.920006,731,1007
1544.925006,623,988
1544.930006,674,974
1544.935005,741,975
1544.940006,657,975
1544.945006,666,972
1544.950006,753,971
1544.955006,706,971
1544.960006,648,972
1544.965006,722,971
1544.970007,729,974
1544.975005,638,974
1544.980006,662,973
1544.985006,756,968
1544.990006,673,971
1544.995005,653,973
1545.000005,742,976
1545.005006,715,974
1545.010005,653,972
1545.015007,727,972
1545.020006,724,973
1545.025005,640,965
1545.030005,672,965
1545.035006,755,971
1545.040007,657,972
1545.045007,666,970
1545.050007,745,973
1545.055007,708,976
1545.060006,647,972
1545.065006,721,972
1545.070007,729,973
1545.075005,629,970
1545.080006,660,973
1545.085006,737,973
1545.090006,673,971
1545.095006,655,973
1545.100006,741,974
1545.105006,723,973
1545.110006,633,974
1545.115007,737,967
1545.120007,727,973
1545.125006,647,972
1545.130005,674,970
1545.135005,736,971
1545.140006,654,972
1545.145006,664,972
1545.150005,752,974
1545.155005,711,973
1545.160006,646,970
1545.165006,722,971
1545.170005,734,973
1545.175005,624,973
1545.180006,655,975
1545.185006,749,972
1545.190005,664,973
1545.195006,648,974
1545.200006,753,963
1545.205005,718,971
1545.210007,630,985
1545.215005,737,1001
1545.220006,735,1008
1545.225006,633,1009
1545.230006,660,1009
1545.235006,761,1008
1545.240006,661,1008
1545.245006,654,1009
1545.250006,745,1012
1545.255006,729,1010
1545.260006,647,1009
1545.265006,719,1010
1545.270007,723,1005
1545.275006,644,1010
1545.280005,665,1009
1545.285006,758,998
1545.290007,666,1008
1545.295007,655,1009
1545.300006,557,1001
1545.305006,0,994
1545.310006,0,996
1545.315006,0,993
1545.320006,0,997
1545.325005,0,994
1545.330005,0,990
1545.335007,0,995
1545.340005,0,993
1545.345007,0,994
1545.350005,13,994
1545.355007,0,990
1545.360007,0,967
1545.365006,18,958
1545.370006,0,959
1545.375006,0,960
1545.380006,0,958
1545.385005,0,955
1545.390006,0,959
1545.395007,0,959
1545.400006,24,958
1545.405006,0,959
1545.410006,0,956
1545.415006,22,959
1545.420005,0,958
1545.425006,0,950
1545.430005,0,960
1545.435005,0,959
1545.440007,0,955
1545.445006,0,959
1545.450005,13,957
1545.455005,0,959
1545.460006,0,959
1545.465006,31,955
1545.470006,0,960
1545.475006,0,959
1545.480007,364,971
1545.485006,547,972
1545.490007,547,973
1545.495006,576,974
1545.500006,704,972
1545.505005,671,974
1545.510005,629,971
1545.515007,718,972
1545.520006,722,973
1545.525006,623,971
1545.530005,654,972
1545.535005,730,972
1545.540006,647,973
1545.545006,670,970
1545.550006,747,973
1545.555005,706,975
1545.560005,654,966
1545.565006,738,973
1545.570006,733,971
1545.575006,628,973
1545.580005,664,973
1545.585006,756,973
1545.590007,656,974
1545.595007,673,980
1545.600006,751,1007
1545.605005,735,1009
1545.610005,657,1009
1545.615007,723,1010
1545.620007,742,1009
1545.625006,632,1011
1545.630005,669,1003
1545.635006,755,1009
1545.640006,669,1010
1545.645006,660,1008
1545.650005,759,999
1545.655006,724,1009
1545.660005,643,1009
1545.665005,748,1007
1545.670006,733,1011
1545.675006,631,1010
1545.680005,672,1000
1545.685005,766,1005
1545.690006,662,1007
1545.695006,656,1009
1545.700006,767,1008
1545.705006,733,1004
1545.710006,639,1011
1545.715006,739,1010
1545.720005,725,1010
1545.725005,651,1008
1545.730006,678,1009
1545.735006,748,1009
1545.740006,658,1009
1545.745006,680,1008
1545.750006,748,1010
1545.755006,737,1007
1545.760007,652,1010
1545.765006,724,1010
1545.770006,725,1010
1545.775005,656,1006
1545.780005,682,1007
1545.785006,739,1011
1545.790007,673,1010
1545.795006,664,1010
1545.800007,747,1012
1545.805006,729,1007
1545.810006,648,1010
1545.815006,730,1011
1545.820006,737,1004
1545.825006,634,1007
1545.830007,666,1010
1545.835006,752,1009
1545.840006,657,1009
1545.845006,673,1008
1545.850007,754,1007
1545.855006,712,1010
1545.860007,658,1005
1545.865006,737,1009
1545.870005,723,1010
1545.875005,649,1007
1545.880006,669,1009
1545.885007,757,1008
1545.890006,651,1011
1545.895007,670,1008
1545.900006,755,1011
1545.905007,706,1010
1545.910006,652,1004
1545.915006,739,1005
1545.920005,738,1010
1545.925005,633,1009
1545.930006,666,1010
1545.935007,763,1008
1545.940006,672,1009
1545.945006,663,1010
1545.950006,747,1012
1545.955006,717,1008
1545.960006,640,1011
1545.965007,743,1011
1545.970007,734,1008
1545.975005,636,1011
1545.980006,672,1010
1545.985006,740,1011
1545.990006,672,1007
1545.995006,668,1009
1546.000006,749,1009
1546.005005,708,1011
1546.010005,658,1011
1546.015006,731,1010
1546.020007,741,1005
1546.025006,645,1005
1546.030005,677,1010
1546.035006,756,1008
1546.040006,662,1009
1546.045005,658,1011
1546.050005,769,1008
1546.055007,719,1011
1546.060006,644,1011
1546.065005,731,1010
1546.070005,727,1008
1546.075006,638,1002
1546.080006,696,1006
1546.085005,747,1010
1546.090005,667,1004
1546.095007,670,1007
1546.100006,766,1008
1546.105005,718,1009
1546.110005,653,1009
1546.115007,728,1008
1546.120005,747,1007
1546.125005,633,1011
1546.130006,670,1011
1546.135006,758,1008
1546.140005,655,1009
1546.145005,664,1012
1546.150006,750,1012
1546.155006,731,1010
1546.160005,649,1009
1546.165006,740,1010
1546.170005,737,1009
1546.175006,630,1010
1546.180006,691,1007
1546.185007,757,1006
1546.190006,651,990
1546.195007,656,971
1546.200006,766,975
1546.205006,706,974
1546.210006,655,969
1546.215006,747,972
1546.220006,730,971
1546.225006,626,973
1546.230007,684,973
1546.235007,744,973
1546.240006,648,975
1546.245005,667,972
1546.250005,764,969
1546.255007,713,973
1546.260005,645,973
1546.265006,746,972
1546.270006,726,972
1546.275006,651,972
1546.280007,681,971
1546.285006,743,971
1546.290006,650,974
1546.295005,673,973
1546.300005,757,970
1546.305006,708,973
1546.310006,644,972
1546.315006,745,971
1546.320007,736,971
1546.325006,637,973
1546.330005,676,966
1546.335006,750,971
1546.340005,654,971
1546.345005,677,968
1546.350006,758,973
1546.355006,704,971
1546.360006,654,968
1546.365006,735,972
1546.370006,724,971
1546.375006,627,975
1546.380006,672,973
1546.385006,751,970
1546.390006,651,974
1546.395006,674,969
1546.400006,762,963
1546.405006,725,971
1546.410006,652,972
1546.415006,730,974
1546.420005,739,970
1546.425005,635,974
1546.430006,672,973
1546.435007,745,974
1546.440006,656,972
1546.445006,660,973
1546.450005,764,971
1546.455006,720,971
1546.460005,642,973
1546.465005,740,971
1546.470007,723,975
1546.475006,629,984
1546.480005,694,999
1546.485005,741,1010
1546.490007,649,1013
1546.495007,677,1005
1546.500006,767,1009
1546.505006,714,1010
1546.510006,646,1010
1546.515007,734,1009
1546.520005,743,1011
1546.525006,640,1009
1546.530006,699,1007
1546.535006,755,1008
1546.540006,653,1010
1546.545006,658,1010
1546.550007,769,1008
1546.555006,706,1008
1546.560005,661,1010
1546.565006,736,1010
1546.570005,290,995
1546.575007,0,995
1546.580005,0,993
1546.585007,0,994
1546.590007,0,995
1546.595006,0,988
1546.600006,8,993
1546.605006,0,994
1546.610006,0,995
1546.615006,12,994
1546.620007,0,986
1546.625005,0,968
1546.630006,0,959
1546.635006,0,961
1546.640005,0,958
1546.645005,0,957
1546.650007,0,960
1546.655006,0,957
1546.660005,0,959
1546.665005,17,957
1546.670005,0,953
1546.675006,0,957
1546.680005,0,959
1546.685005,0,959
1546.690006,0,959
1546.695006,0,956
1546.700007,33,958
1546.705006,0,959
1546.710005,0,960
1546.715005,33,957
1546.720006,0,959
1546.725006,0,958
1546.730005,0,957
1546.735005,0,959
1546.740007,0,953
1546.745006,344,972
1546.750006,560,972
1546.755005,596,971
1546.760005,574,973
1546.765006,684,973
1546.770006,704,968
1546.775005,617,972
1546.780006,667,972
1546.785005,726,975
1546.790006,629,973
1546.795005,648,967
1546.800005,757,974
1546.805007,693,974
1546.810006,655,970
1546.815005,737,973
1546.820005,721,972
1546.825006,625,973
1546.830007,697,973
1546.835006,745,972
1546.840006,644,970
1546.845005,652,973
1546.850005,765,972
1546.855006,702,974
1546.860006,644,975
1546.865007,734,996
1546.870006,737,1009
1546.875006,634,1007
1546.880005,678,1010
1546.885005,755,1005
1546.890007,650,1011
1546.895005,655,1011
1546.900007,759,1010
1546.905005,695,1012
1546.910006,652,1008
1546.915007,732,1010
1546.920007,739,1010
1546.925006,628,1011
1546.930006,701,1009
1546.935006,743,1009
1546.940005,642,1010
1546.945005,674,1010
1546.950006,756,1010
1546.955006,698,1012
1546.960005,658,1009
1546.965006,738,1012
1546.970005,744,1008
1546.975005,634,1010
1546.980006,680,1010
1546.985006,756,1007
1546.990006,641,1009
1546.995006,670,1008
1547.000006,752,1010
1547.005006,694,1012
1547.010006,658,1010
1547.015006,739,1009
1547.020007,719,1012
1547.025006,651,1009
1547.030007,694,1011
1547.035006,739,1010
1547.040006,662,1007
1547.045006,669,1010
1547.050006,747,1010
1547.055006,716,1009
1547.060006,655,1007
1547.065006,741,1008
1547.070006,721,1011
1547.075006,629,1010
1547.080006,708,1005
1547.085005,746,1011
1547.090006,649,1010
1547.095006,674,999
1547.100006,760,1010
1547.105006,701,1009
1547.110007,643,1011
1547.115006,747,1011
1547.120005,725,1009
1547.125005,649,1006
1547.130006,705,1008
1547.135006,752,1009
1547.140006,643,1011
1547.145006,683,1007
1547.150006,753,1010
1547.155006,692,1010
1547.160005,662,1008
1547.165006,747,1009
1547.170005,720,1011
1547.175005,655,1009
1547.180006,686,1012
1547.185006,754,1009
1547.190005,661,1010
1547.195005,668,1009
1547.200006,758,999
1547.205007,708,1009
1547.210006,643,1011
1547.215006,734,1012
1547.220006,739,1011
1547.225006,629,1012
1547.230006,705,1008
1547.235006,739,1011
1547.240007,656,1007
1547.245007,665,1010
1547.250005,743,1012
1547.255006,704,1009
1547.260007,640,1011
1547.265006,752,1000
1547.270006,731,1008
1547.275006,636,1008
1547.280006,692,1009
1547.285005,749,1005
1547.290006,648,1010
1547.295005,661,1011
1547.300005,744,1010
1547.305006,707,1006
1547.310006,651,1010
1547.315006,739,1011
1547.320006,731,1008
1547.325005,634,1010
1547.330006,686,1010
1547.335005,747,1007
1547.340006,658,1003
1547.345006,675,1006
1547.350006,750,1011
1547.355006,687,1009
1547.360006,652,1008
1547.365006,740,1010
1547.370005,721,1012
1547.375005,629,1009
1547.380006,689,1010
1547.385007,731,1012
1547.390005,660,1008
1547.395005,665,1010
1547.400006,746,1010
1547.405006,707,1002
1547.410005,662,1010
1547.415006,751,1009
1547.420006,733,1009
1547.425007,630,1011
1547.430006,684,1011
1547.435006,749,1011
1547.440005,635,1010
1547.445005,674,1009
1547.450006,750,1009
1547.455006,690,996
1547.460005,656,974
1547.465005,748,964
1547.470007,726,972
1547.475007,635,973
1547.480006,687,973
1547.485007,733,973
1547.490007,656,967
1547.495007,658,974
1547.500007,742,975
1547.505006,704,972
1547.510007,645,970
1547.515006,749,967
1547.520005,729,965
1547.525007,640,974
1547.530006,680,974
1547.535005,748,972
1547.540005,640,971
1547.545007,649,972
1547.550005,760,972
1547.555007,693,973
1547.560005,634,974
1547.565006,756,971
1547.570007,717,972
1547.575006,623,974
1547.580007,698,971
1547.585006,733,972
1547.590006,652,971
1547.595006,658,973
1547.600005,745,972
1547.605006,697,966
1547.610006,643,973
1547.615006,728,975
1547.620006,731,972
1547.625006,634,972
1547.630006,692,972
1547.635007,725,972
1547.640006,645,972
1547.645007,655,973
1547.650007,765,972
1547.655006,689,968
1547.660005,656,964
1547.665006,745,974
1547.670005,718,972
1547.675006,652,972
1547.680005,697,975
1547.685006,730,973
1547.690005,658,972
1547.695005,665,973
1547.700007,760,964
1547.705005,697,970
1547.710006,646,974
1547.715007,754,969
1547.720006,730,973
1547.725006,631,973
1547.730005,705,972
1547.735005,734,974
1547.740007,636,980
1547.745006,678,1000
1547.750006,752,1010
1547.755005,688,1011
1547.760006,645,1012
1547.765005,750,1008
1547.770006,724,1011
1547.775006,646,1005
1547.780006,700,1010
1547.785006,734,1011
1547.790005,648,1011
1547.795006,665,1011
1547.800006,762,1003
1547.805006,697,1012
1547.810007,649,1010
1547.815007,757,1007
1547.820006,733,1010
1547.825006,636,1011
1547.830006,397,988
1547.835005,0,993
1547.840005,0,993
1547.845006,0,992
1547.850006,1,992
1547.855005,0,994
1547.860006,0,996
1547.865007,15,997
1547.870006,0,990
1547.875006,0,993
1547.880006,0,995
1547.885006,0,988
1547.890005,0,962
1547.895005,0,957
1547.900006,17,957
1547.905006,0,957
1547.910006,0,960
1547.915006,36,957
1547.920006,0,959
1547.925006,0,957
1547.930006,0,958
1547.935007,0,947
1547.940006,0,957
1547.945006,0,957
1547.950006,0,959
1547.955006,0,956
1547.960006,0,957
1547.965007,22,957
1547.970006,0,954
1547.975006,0,948
1547.980005,1,955
1547.985005,0,959
1547.990007,0,960
1547.995007,0,952
1548.000006,7,952
1548.005005,0,957
1548.010006,341,971
1548.015005,561,971
1548.020006,616,974
1548.025006,554,974
1548.030006,658,971
1548.035005,708,972
1548.040005,602,973
1548.045007,651,973
1548.050006,739,972
1548.055006,668,975
1548.060006,653,972
1548.065005,741,973
1548.070006,713,973
1548.075005,640,969
1548.080006,694,973
1548.085005,729,972
1548.090005,653,965
1548.095006,668,971
1548.100007,744,966
1548.105007,697,973
1548.110005,649,971
1548.115005,734,973
1548.120006,731,972
1548.125007,630,986
1548.130006,713,1007
1548.135006,728,1011
1548.140006,652,1008
1548.145006,657,1010
1548.150005,761,1009
1548.155005,683,1010
1548.160006,644,1008
1548.165006,759,1009
1548.170006,731,1008
1548.175006,636,1009
1548.180006,698,1012
1548.185007,744,1000
1548.190006,651,1009
1548.195006,673,1009
1548.200007,754,1009
1548.205005,684,1009
1548.210006,664,1002
1548.215007,741,1011
1548.220006,739,1011
1548.225007,640,1009
1548.230007,718,1010
1548.235005,733,1009
1548.240006,657,1009
1548.245005,668,1009
1548.250006,750,1009
1548.255005,684,1011
1548.260005,666,1010
1548.265006,746,1010
1548.270006,736,1005
1548.275005,649,1007
1548.280005,704,1007
1548.285006,736,1010
1548.290006,653,1006
1548.295005,673,1009
1548.300005,757,1010
1548.305007,684,1010
1548.310005,649,1009
1548.315005,751,1003
1548.320005,731,1010
1548.325007,646,1011
1548.330007,708,1011
1548.335006,735,1010
1548.340006,652,998
1548.345007,674,1008
1548.350005,745,1011
1548.355007,681,1011
1548.360005,669,1006
1548.365006,747,1010
1548.370005,717,1010
1548.375006,646,1010
1548.380005,710,1010
1548.385006,748,1009
1548.390005,637,1010
1548.395005,682,1008
1548.400005,758,1009
1548.405006,693,1010
1548.410006,652,1011
1548.415006,742,1012
1548.420006,739,1010
1548.425006,637,1009
1548.430006,721,1008
1548.435007,741,1009
1548.440006,636,1009
1548.445006,661,1008
1548.450006,765,998
1548.455006,693,1010
1548.460006,655,1011
1548.465006,767,1005
1548.470005,733,1007
1548.475005,653,1005
1548.480007,705,1010
1548.485006,728,1009
1548.490006,649,1009
1548.495005,663,1008
1548.500006,761,1006
1548.505005,685,1009
1548.510006,646,1010
1548.515005,766,1007
1548.520005,724,1010
1548.525007,649,1003
1548.530006,721,1009
1548.535006,741,1010
1548.540006,643,1008
1548.545006,664,1008
1548.550006,766,1008
1548.555005,687,1009
1548.560006,652,1010
1548.565005,749,1011
1548.570005,719,1010
1548.575006,653,1007
1548.580006,717,1007
1548.585006,746,1007
1548.590006,650,1009
1548.595006,672,1007
1548.600006,762,1008
1548.605005,684,1011
1548.610006,648,1013
1548.615006,746,1010
1548.620006,740,1009
1548.625006,650,1010
1548.630006,709,1009
1548.635006,732,1012
1548.640005,635,1009
1548.645005,684,1008
1548.650006,760,1011
1548.655006,683,1011
1548.660006,649,1011
1548.665007,763,1010
1548.670007,728,1008
1548.675006,637,1008
1548.680005,703,1007
1548.685005,753,1009
1548.690006,643,1012
1548.695007,678,1001
1548.700006,767,1007
1548.705005,689,1010
1548.710007,651,1010
1548.715007,756,1001
1548.720006,731,987
1548.725006,635,975
1548.730005,699,969
1548.735005,732,965
1548.740006,646,971
1548.745005,665,972
1548.750005,746,970
1548.755006,695,972
1548.760006,655,974
1548.765005,746,973
1548.770005,716,973
1548.775006,630,969
1548.780007,722,970
1548.785006,746,972
1548.790006,635,973
1548.795006,660,973
1548.800007,767,970
1548.805007,687,973
1548.810005,656,973
1548.815006,742,976
1548.820006,715,969
1548.825006,646,972
1548.830006,701,974
1548.835006,747,966
1548.840006,648,971
1548.845006,667,975
1548.850007,742,973
1548.855006,690,972
1548.860006,656,970
1548.865006,748,974
1548.870006,714,975
1548.875006,656,970
1548.880005,712,972
1548.885005,735,972
1548.890007,638,971
1548.895005,659,976
1548.900006,762,973
1548.905007,684,972
1548.910007,654,974
1548.915006,761,963
1548.920006,736,970
1548.925006,640,972
1548.930006,701,971
1548.935006,740,973
1548.940006,638,974
1548.945006,664,972
1548.950006,744,968
1548.955006,693,972
1548.960006,650,974
1548.965005,761,971
1548.970006,718,972
1548.975006,628,973
1548.980005,717,968
1548.985005,738,973
1548.990006,633,974
1548.995006,659,974
1549.000006,761,972
1549.005006,680,983
1549.010007,645,1006
1549.015006,744,1010
1549.020006,733,1009
1549.025005,633,1011
1549.030006,721,1009
1549.035005,740,1010
1549.040006,639,1009
1549.045006,660,1009
1549.050006,762,1009
1549.055005,673,1010
1549.060006,672,1009
1549.065005,756,1009
1549.070005,723,1011
1549.075007,656,1010
1549.080005,713,1010
1549.085006,754,1007
1549.090007,652,1008
1549.095006,668,1011
1549.100006,329,993
1549.105006,0,997
1549.110007,0,995
1549.115005,22,993
1549.120007,0,995
1549.125006,0,995
1549.130005,5,994
1549.135006,0,994
1549.140006,0,996
1549.145006,0,996
1549.150005,3,990
1549.155006,0,981
1549.160005,0,957
1549.165005,23,959
1549.170007,0,959
1549.175006,0,957
1549.180006,12,952
1549.185007,0,957
1549.190006,0,957
1549.195005,0,953
1549.200007,1,958
1549.205005,0,958
1549.210007,0,958
1549.215007,28,956
1549.220006,0,957
1549.225007,0,951
1549.230006,9,959
1549.235006,0,957
1549.240005,0,960
1549.245007,0,959
1549.250006,15,958
1549.255005,0,961
1549.260005,0,956
1549.265006,30,957
1549.270006,0,960
1549.275005,209,970
1549.280006,398,972
1549.285005,536,973
1549.290006,530,972
1549.295005,591,971
1549.300005,691,973
1549.305006,646,972
1549.310005,619,973
1549.315006,748,970
1549.320006,710,972
1549.325006,627,974
1549.330006,715,966
1549.335006,735,973
1549.340006,632,975
1549.345006,661,968
1549.350006,753,974
1549.355006,668,973
1549.360007,669,971
1549.365007,757,970
1549.370006,721,972
1549.375006,640,971
1549.380006,702,973
1549.385007,750,972
1549.390006,637,974
1549.395006,662,991
1549.400005,751,998
1549.405005,693,1008
1549.410007,668,1009
1549.415006,746,1012
1549.420005,734,1007
1549.425005,642,1008
1549.430005,705,1012
1549.435005,745,1008
1549.440007,638,1011
1549.445006,658,1013
1549.450006,752,1003
1549.455006,673,1011
1549.460005,643,1014
1549.465005,759,1002
1549.470006,727,1006
1549.475005,641,1008
1549.480007,705,1011
1549.485007,744,1009
1549.490005,636,1010
1549.495006,668,1009
1549.500006,744,1004
1549.505005,681,1008
1549.510005,650,1012
1549.515005,763,1008
1549.520005,724,1010
1549.525006,640,1009
1549.530006,721,999
1549.535005,734,1010
1549.540006,626,1012
1549.545005,681,1007
1549.550005,746,1011
1549.555007,676,1004
1549.560006,668,1008
1549.565005,746,1010
1549.570005,715,1010
1549.575006,641,999
1549.580005,722,1007
1549.585006,725,1011
1549.590006,630,1012
1549.595006,679,1011
1549.600006,750,1008
1549.605005,668,1011
1549.610005,652,1011
1549.615006,760,1009
1549.620007,715,1012
1549.625005,654,1008
1549.630007,716,1008
1549.635007,736,1010
1549.640007,637,1010
1549.645006,661,1009
1549.650005,738,1011
1549.655005,682,1008
1549.660007,654,1008
1549.665006,759,1008
1549.670006,713,1011
1549.675006,654,1010
1549.680005,712,1010
1549.685006,726,1012
1549.690005,627,1009
1549.695006,660,1007
1549.700005,741,1011
1549.705006,685,1009
1549.710005,657,1010
1549.715006,743,1011
1549.720005,714,1012
1549.725006,642,999
1549.730005,730,1006
1549.735005,734,1010
1549.740006,627,1011
1549.745005,677,1009
1549.750005,741,1009
1549.755007,681,1002
1549.760007,662,1010
1549.765006,754,1009
1549.770006,713,1011
1549.775005,637,1011
1549.780005,727,1007
1549.785007,739,1009
1549.790005,635,1001
1549.795006,682,1009
1549.800006,746,1011
1549.805006,680,1007
1549.810006,657,1007
1549.815005,745,1009
1549.820006,730,1006
1549.825005,641,1009
1549.830006,706,1011
1549.835005,722,1011
1549.840005,642,1011
1549.845007,665,1009
1549.850005,740,1009
1549.855007,685,1008
1549.860006,654,1011
1549.865006,748,1010
1549.870006,721,998
1549.875007,646,1010
1549.880006,715,1009
1549.885006,728,1010
1549.890005,647,1007
1549.895005,660,1008
1549.900006,756,1010
1549.905007,664,1011
1549.910007,651,1011
1549.915005,738,1008
1549.920006,734,1009
1549.925007,634,1010
1549.930007,727,1008
1549.935005,733,1008
1549.940006,628,1009
1549.945007,677,1011
1549.950007,740,1008
1549.955006,660,1009
1549.960006,667,1011
1549.965007,742,1012
1549.970006,710,1011
1549.975007,648,1010
1549.980006,715,1009
1549.985006,728,999
1549.990006,628,977
1549.995006,682,969
1550.000007,745,972
1550.005006,660,976
1550.010007,669,968
1550.015006,750,972
1550.020005,718,969
1550.025006,636,974
1550.030005,729,970
1550.035007,731,973
1550.040005,637,973
1550.045006,664,972
1550.050006,738,974
1550.055006,676,968
1550.060007,653,973
1550.065005,757,967
1550.070005,729,971
1550.075006,643,972
1550.080006,712,972
1550.085006,724,968
1550.090006,645,973
1550.095006,674,972
1550.100006,741,973
1550.105006,668,961
1550.110006,660,974
1550.115006,741,974
1550.120005,728,970
1550.125006,653,972
1550.130006,719,974
1550.135006,730,972
1550.140005,636,975
1550.145005,670,974
1550.150006,745,973
1550.155007,662,975
1550.160007,671,967
1550.165006,763,971
1550.170005,718,974
1550.175006,641,975
1550.180005,715,976
1550.185005,747,971
1550.190007,640,972
1550.195005,663,973
1550.200006,757,971
1550.205006,670,971
1550.210005,652,974
1550.215005,741,974
1550.220006,731,964
1550.225006,647,973
1550.230005,718,974
1550.235006,724,973
1550.240006,638,973
1550.245005,667,974
1550.250005,762,973
1550.255006,671,971
1550.260006,653,974
1550.265006,748,968
1550.270006,728,968
1550.275007,656,991
1550.280005,735,1006
1550.285007,727,1010
1550.290005,654,1008
1550.295006,673,1009
1550.300006,745,1010
1550.305006,688,1006
1550.310007,665,1008
1550.315005,754,1011
1550.320006,721,1010
1550.325006,634,1012
1550.330007,718,1009
1550.335005,725,1011
1550.340006,652,1008
1550.345006,676,1011
1550.350006,746,1011
1550.355006,662,1009
1550.360007,669,1011
1550.365006,315,993
1550.370005,0,994
1550.375006,0,994
1550.380006,0,996
1550.385007,0,997
1550.390006,0,992
1550.395006,0,994
1550.400006,0,992
1550.405006,0,994
1550.410006,0,995
1550.415006,17,993
1550.420007,0,975
1550.425005,0,961
1550.430006,1,959
1550.435006,0,957
1550.440005,0,959
1550.445006,0,959
1550.450005,0,957
1550.455005,0,959
1550.460006,0,959
1550.465005,4,959
1550.470006,0,958
1550.475007,0,954
1550.480007,11,954
1550.485006,0,958
1550.490006,0,959
1550.495006,0,961
1550.500007,1,953
1550.505006,0,957
1550.510006,0,959
1550.515006,19,957
1550.520006,0,960
1550.525005,0,949
1550.530005,25,957
1550.535006,0,958
1550.540006,271,974
1550.545005,481,967
1550.550005,623,974
1550.555006,576,972
1550.560006,596,974
1550.565005,700,974
1550.570005,679,970
1550.575007,608,970
1550.580006,697,973
1550.585006,720,962
1550.590007,635,973
1550.595006,656,974
1550.600006,729,975
1550.605005,669,972
1550.610005,655,973
1550.615006,749,972
1550.620005,726,970
1550.625005,646,968
1550.630006,732,970
1550.635006,727,971
1550.640006,624,975
1550.645006,680,972
1550.650006,751,971
1550.655006,676,974
1550.660006,658,994
1550.665007,744,1012
1550.670005,731,1008
1550.675005,642,1008
1550.680007,715,1012
1550.685006,722,1010
1550.690006,651,1010
1550.695006,676,1009
1550.700005,749,1009
1550.705005,662,1010
1550.710006,654,1004
1550.715006,752,1002
1550.720005,730,1005
1550.725005,651,1010
1550.730007,721,1008
1550.735006,723,1011
1550.740006,652,1008
1550.745005,682,1009
1550.750006,754,1011
1550.755005,669,1009
1550.760006,660,1011
1550.765005,749,1010
1550.770005,714,1010
1550.775006,653,1009
1550.780005,728,1007
1550.785006,729,1009
1550.790007,641,1003
1550.795006,661,1010
1550.800006,742,1011
1550.805006,675,1001
1550.810006,661,1009
1550.815005,752,1010
1550.820005,710,1009
1550.825006,635,1009
1550.830006,734,1010
1550.835005,729,1011
1550.840005,635,1011
1550.845006,662,1013
1550.850006,742,1011
1550.855006,675,1007
1550.860006,671,1012
1550.865006,755,1010
1550.870005,716,1010
1550.875005,638,1008
1550.880007,736,1011
1550.885006,738,1008
1550.890006,636,1011
1550.895006,665,1009
1550.900005,759,1010
1550.905006,663,1011
1550.910006,670,1008
1550.915006,768,1009
1550.920006,726,1008
1550.925006,648,1010
1550.930006,733,1002
1550.935006,734,1009
1550.940006,635,1011
1550.945006,668,1009
1550.950006,761,1007
1550.955006,666,1008
1550.960006,667,1010
1550.965007,748,1009
1550.970006,712,1011
1550.975005,637,1011
1550.980007,722,1010
1550.985005,729,1011
1550.990007,632,1009
1550.995006,666,1010
1551.000006,759,1005
1551.005005,674,1006
1551.010005,661,1011
1551.015007,747,1009
1551.020006,711,1010
1551.025005,654,1009
1551.030006,726,1009
1551.035005,726,1009
1551.040005,624,1011
1551.045006,680,1010
1551.050006,749,1010
1551.055005,657,1009
1551.060005,652,1008
1551.065006,767,1009
1551.070005,720,1010
1551.075006,648,1008
1551.080006,726,1008
1551.085006,736,1010
1551.090006,636,1008
1551.095005,666,1003
1551.100005,755,1009
1551.105007,669,1008
1551.110005,672,1009
1551.115006,754,1010
1551.120005,717,1009
1551.125006,644,1011
1551.130005,731,1009
1551.135006,729,1012
1551.140006,646,1009
1551.145007,669,1009
1551.150006,741,1009
1551.155006,654,1010
1551.160005,652,1012
1551.165005,763,1004
1551.170006,728,1004
1551.175006,645,1009
1551.180005,740,1008
1551.185005,738,1008
1551.190006,633,1009
1551.195006,662,1009
1551.200006,755,1009
1551.205006,661,1010
1551.210006,652,1011
1551.215006,745,1011
1551.220006,733,1009
1551.225006,643,1008
1551.230006,724,1007
1551.235005,724,1002
1551.240007,642,1010
1551.245006,661,1008
1551.250006,754,997
1551.255005,657,977
1551.260005,674,969
1551.265006,755,973
1551.270006,715,974
1551.275006,639,972
1551.280006,718,973
1551.285006,718,975
1551.290006,635,973
1551.295005,660,975
1551.300005,756,970
1551.305006,663,972
1551.310006,661,975
1551.315006,746,974
1551.320006,707,972
1551.325006,639,973
1551.330007,723,972
1551.335007,721,970
1551.340005,642,965
1551.345006,680,973
1551.350006,749,974
1551.355005,659,973
1551.360006,661,972
1551.365006,742,973
1551.370006,704,972
1551.375007,654,971
1551.380005,730,973
1551.385005,718,973
1551.390007,639,971
1551.395005,667,973
1551.400007,738,974
1551.405006,650,973
1551.410006,652,972
1551.415006,748,972
1551.420006,710,974
1551.425006,635,974
1551.430006,745,969
1551.435006,730,972
1551.440006,630,974
1551.445007,667,972
1551.450006,735,975
1551.455006,650,974
1551.460005,668,964
1551.465005,754,973
1551.470006,715,972
1551.475005,636,973
1551.480006,719,974
1551.485006,739,970
1551.490006,635,971
1551.495007,672,973
1551.500006,739,973
1551.505005,650,974
1551.510005,673,969
1551.515006,756,969
1551.520005,712,975
1551.525006,641,973
1551.530006,724,975
1551.535006,733,970
1551.540007,635,996
1551.545006,672,1007
1551.550006,752,1001
1551.555006,660,1011
1551.560006,653,1008
1551.565007,746,1010
1551.570007,712,1004
1551.575006,645,1011
1551.580006,722,1011
1551.585005,744,1006
1551.590006,636,1012
1551.595005,670,1011
1551.600006,738,1011
1551.605005,671,1007
1551.610005,656,1008
1551.615006,754,1001
1551.620005,704,1010
1551.625005,251,989
1551.630006,10,995
1551.635006,0,994
1551.640005,0,996
1551.645006,0,997
1551.650005,0,990
1551.655006,0,993
1551.660005,0,985
1551.665005,11,993
1551.670007,0,994
1551.675006,0,994
1551.680005,8,983
1551.685006,0,960
1551.690005,0,957
1551.695005,0,960
1551.700007,0,952
1551.705005,0,959
1551.710006,0,958
1551.715006,15,948
1551.720006,0,958
1551.725007,0,956
1551.730006,0,960
1551.735007,0,958
1551.740005,0,949
1551.745006,0,959
1551.750006,0,958
1551.755006,0,958
1551.760007,0,956
1551.765005,13,959
1551.770006,0,961
1551.775005,0,958
1551.780005,19,956
1551.785006,0,960
1551.790006,0,960
1551.795006,0,959
1551.800006,21,957
1551.805006,292,971
1551.810006,460,972
1551.815005,632,968
1551.820005,633,971
1551.825007,579,973
1551.830007,697,969
1551.835006,694,973
1551.840006,616,970
1551.845006,655,973
1551.850006,721,968
1551.855005,650,968
1551.860005,656,971
1551.865006,735,975
1551.870006,705,971
1551.875007,636,971
1551.880006,721,969
1551.885006,730,971
1551.890005,633,972
1551.895005,673,973
1551.900006,729,973
1551.905006,667,967
1551.910005,659,970
1551.915005,747,972
1551.920007,722,988
1551.925006,642,1007
1551.930005,725,1011
1551.935006,718,1011
1551.940005,622,1012
1551.945006,692,1008
1551.950005,731,1010
1551.955006,656,996
1551.960005,671,1009
1551.965005,762,1009
1551.970006,710,1009
1551.975007,637,1012
1551.980007,750,1008
1551.985005,729,1011
1551.990006,636,1008
1551.995005,674,1009
1552.000006,733,1010
1552.005006,660,1008
1552.010007,659,1011
1552.015006,743,1012
1552.020007,722,1009
1552.025006,646,1010
1552.030005,735,1011
1552.035006,723,1010
1552.040006,648,1007
1552.045007,690,1009
1552.050005,739,1011
1552.055006,663,1009
1552.060007,658,1010
1552.065006,742,1006
1552.070007,699,1008
1552.075006,654,1008
1552.080006,741,1009
1552.085006,718,1012
1552.090006,646,1008
1552.095006,681,1010
1552.100006,734,1011
1552.105006,664,1008
1552.110006,664,1008
1552.115006,749,1009
1552.120006,725,1008
1552.125007,653,1010
1552.130007,740,1010
1552.135006,716,1012
1552.140005,625,1009
1552.145006,688,1010
1552.150005,741,1009
1552.155005,644,1011
1552.160006,659,1005
1552.165007,770,1008
1552.170007,719,1010
1552.175006,650,1009
1552.180006,735,1011
1552.185006,722,1011
1552.190005,630,1011
1552.195005,701,1009
1552.200006,742,1010
1552.205006,643,1007
1552.210005,672,1009
1552.215005,753,1009
1552.220006,716,1008
1552.225006,652,1009
1552.230006,735,1012
1552.235007,726,1000
1552.240005,651,1008
1552.245006,689,1006
1552.250006,742,1009
1552.255006,653,1009
1552.260006,657,1010
1552.265005,766,1009
1552.270005,699,1012
1552.275006,645,1012
1552.280006,751,1007
1552.285006,743,1010
1552.290005,642,1009
1552.295006,680,1009
1552.300006,758,1009
1552.305006,658,1011
1552.310007,676,1008
1552.315006,756,1009
1552.320006,704,1010
1552.325005,643,1009
1552.330005,749,1009
1552.335006,735,1008
1552.340006,632,1012
1552.345006,700,1009
1552.350006,745,1010
1552.355005,647,1011
1552.360006,677,1011
1552.365006,761,1009
1552.370005,702,1008
1552.375005,656,1010
1552.380006,742,1010
1552.385006,721,1009
1552.390006,645,1007
1552.395006,679,1011
1552.400005,759,1010
1552.405005,653,1008
1552.410006,664,1009
1552.415007,747,1012
1552.420007,706,1000
1552.425005,665,1009
1552.430007,748,1009
1552.435007,737,1008
1552.440006,637,1010
1552.445006,704,1009
1552.450006,751,1010
1552.455007,649,1011
1552.460006,655,1012
1552.465006,758,1001
1552.470005,714,1009
1552.475005,653,1011
1552.480006,739,1000
1552.485006,736,1004
1552.490007,642,1009
1552.495006,681,1011
1552.500007,745,1008
1552.505006,648,1010
1552.510006,656,1006
1552.515006,769,980
1552.520006,706,973
1552.525005,652,973
1552.530006,738,972
1552.535005,740,969
1552.540005,636,973
1552.545006,689,971
1552.550006,734,974
1552.555005,660,972
1552.560005,667,971
1552.565006,750,971
1552.570006,697,973
1552.575005,656,971
1552.580005,751,972
1552.585007,728,972
1552.590005,629,973
1552.595007,696,970
1552.600006,749,973
1552.605005,643,971
1552.610005,670,970
1552.615007,757,972
1552.620007,706,970
1552.625006,651,972
1552.630005,731,975
1552.635006,735,972
1552.640005,629,974
1552.645005,700,972
1552.650007,737,973
1552.655006,657,968
1552.660005,667,972
1552.665005,765,972
1552.670006,706,973
1552.675006,640,975
1552.680005,754,971
1552.685005,720,975
1552.690006,629,971
1552.695007,702,972
1552.700007,737,975
1552.705006,641,974
1552.710006,681,969
1552.715005,760,972
1552.720006,704,972
1552.725006,644,974
1552.730005,752,973
1552.735005,723,974
1552.740007,653,969
1552.745006,693,971
1552.750006,736,973
1552.755006,654,960
1552.760007,669,964
1552.765006,756,970
1552.770006,692,974
1552.775005,658,970
1552.780005,754,971
1552.785006,734,972
1552.790006,641,971
1552.795005,688,974
1552.800006,734,993
1552.805005,640,1009
1552.810005,677,1008
1552.815007,749,1010
1552.820005,712,1009
1552.825007,646,1008
1552.830005,734,1008
1552.835006,720,1012
1552.840007,630,1010
1552.845007,699,1009
1552.850005,739,1008
1552.855006,661,1008
1552.860007,660,1012
1552.865005,769,1008
1552.870006,707,1009
1552.875005,643,1010
1552.880006,758,1006
1552.885007,732,1009
1552.890007,493,1004
1552.895006,0,995
1552.900005,0,993
1552.905006,0,988
1552.910006,0,994
1552.915007,17,995
1552.920006,0,995
1552.925006,0,993
1552.930006,22,995
1552.935007,0,994
1552.940007,0,994
1552.945005,0,995
1552.950007,0,972
1552.955006,0,955
1552.960006,0,960
1552.965006,12,946
1552.970006,0,957
1552.975007,0,954
1552.980007,32,957
1552.985005,0,958
1552.990006,0,948
1552.995005,0,959
1553.000006,0,960
1553.005005,0,958
1553.010005,0,957
1553.015006,19,958
1553.020007,0,957
1553.025006,0,957
1553.030006,30,958
1553.035007,0,958
1553.040006,0,960
1553.045006,0,957
1553.050006,0,958
1553.055007,0,959
1553.060005,0,958
1553.065006,3,958
1553.070007,310,974
1553.075006,445,973
1553.080006,606,976
1553.085005,652,967
1553.090006,572,973
1553.095006,660,973
1553.100006,699,972
1553.105006,629,973
1553.110007,640,973
1553.115007,747,972
1553.120007,675,972
1553.125005,643,971
1553.130007,730,973
1553.135006,732,970
1553.140005,637,971
1553.145005,685,973
1553.150006,745,971
1553.155006,635,970
1553.160005,671,972
1553.165005,745,973
1553.170007,682,975
1553.175005,652,972
1553.180006,738,974
1553.185006,734,972
1553.190005,645,1004
1553.195005,690,1009
1553.200005,750,1009
1553.205006,644,1009
1553.210006,674,1007
1553.215006,751,1011
1553.220005,688,1010
1553.225005,664,1009
1553.230006,736,1011
1553.235006,732,1009
1553.240007,634,1009
1553.245007,708,1010
1553.250006,738,1011
1553.255006,657,1007
1553.260005,665,1006
1553.265007,762,1000
1553.270006,709,1010
1553.275005,640,1011
1553.280006,754,1010
1553.285006,726,1008
1553.290007,628,1005
1553.295006,700,1011
1553.300007,737,1008
1553.305006,635,1010
1553.310006,658,1006
1553.315006,744,1011
1553.320006,700,1000
1553.325006,656,1011
1553.330007,735,1011
1553.335007,734,1010
1553.340007,626,1009
1553.345006,684,1010
1553.350007,742,1002
1553.355005,651,1010
1553.360005,653,1011
1553.365006,754,1008
1553.370005,687,1010
1553.375006,663,1009
1553.380006,739,1010
1553.385006,736,1008
1553.390006,632,1008
1553.395006,707,1009
1553.400007,741,1008
1553.405005,633,1011
1553.410006,676,1005
1553.415006,758,1009
1553.420006,687,1009
1553.425005,662,1008
1553.430006,744,1007
1553.435006,731,1003
1553.440006,638,1009
1553.445007,693,1009
1553.450006,748,1005
1553.455007,647,1010
1553.460006,660,1010
1553.465007,767,1010
1553.470007,695,1009
1553.475006,638,1013
1553.480005,753,1004
1553.485005,731,1010
1553.490006,634,1010
1553.495006,702,1003
1553.500007,748,1010
1553.505007,645,1008
1553.510005,653,1006
1553.515006,759,1011
1553.520006,689,1008
1553.525005,645,1009
1553.530005,736,1012
1553.535006,738,1008
1553.540007,638,1010
1553.545007,699,1009
1553.550005,730,1005
1553.555006,659,1008
1553.560006,668,1009
1553.565007,745,1010
1553.570006,689,1010
1553.575005,644,1006
1553.580005,752,1009
1553.585007,734,1010
1553.590006,641,1010
1553.595006,699,1010
1553.600006,731,1008
1553.605005,640,1000
1553.610006,677,1007
1553.615006,740,1013
1553.620005,698,1010
1553.625006,652,1010
1553.630006,735,1010
1553.635007,729,1010
1553.640006,628,1012
1553.645006,709,1007
1553.650006,732,1011
1553.655006,637,1011
1553.660005,656,1010
1553.665005,761,1001
1553.670006,687,1009
1553.675006,648,1009
1553.680005,757,1008
1553.685005,726,1009
1553.690007,625,1012
1553.695005,704,1010
1553.700007,743,1010
1553.705006,638,1009
1553.710005,657,1011
1553.715005,759,1007
1553.720006,705,1007
1553.725006,660,1009
1553.730005,746,1010
1553.735005,716,1009
1553.740006,650,1008
1553.745006,691,1001
1553.750006,748,1009
1553.755005,643,1009
1553.760005,661,1008
1553.765006,756,1009
1553.770006,696,1008
1553.775006,649,1009
1553.780006,734,994
1553.785006,731,968
1553.790007,630,974
1553.795006,713,970
1553.800006,730,975
1553.805006,653,971
1553.810006,658,974
1553.815005,741,975
1553.820006,700,970
1553.825006,652,970
1553.830006,735,973
1553.835007,710,972
1553.840006,648,970
1553.845006,705,972
1553.850007,733,969
1553.855006,650,972
1553.860007,668,972
1553.865006,750,971
1553.870005,679,973
1553.875005,638,973
1553.880006,735,973
1553.885006,730,965
1553.890005,651,971
1553.895006,699,972
1553.900005,727,972
1553.905006,652,973
1553.910006,659,972
1553.915006,738,973
1553.920005,687,973
1553.925005,653,972
1553.930006,738,973
1553.935006,725,972
1553.940005,624,973
1553.945006,709,972
1553.950006,734,973
1553.955007,627,973
1553.960006,669,972
1553.965006,738,971
1553.970005,690,970
1553.975005,642,975
1553.980006,755,972
1553.985006,717,971
1553.990006,642,966
1553.995006,710,970
1554.000006,735,971
1554.005005,635,964
1554.010005,667,972
1554.015006,740,974
1554.020007,698,972
1554.025006,653,973
1554.030005,737,974
1554.035006,733,971
1554.040006,631,974
1554.045006,695,974
1554.050007,726,973
1554.055006,651,973
1554.060006,656,973
1554.065005,762,977
1554.070005,683,997
1554.075006,644,1010
1554.080005,760,1008
1554.085006,721,1007
1554.090006,634,1011
1554.095006,713,1011
1554.100006,737,1008
1554.105005,635,1011
1554.110006,676,1010
1554.115006,755,1010
1554.120006,678,1009
1554.125006,646,1009
1554.130005,759,1009
1554.135005,714,1005
1554.140006,652,1008
1554.145006,705,1010
1554.150005,731,1010
1554.155006,647,1010
1554.160005,252,994
1554.165005,0,995
1554.170006,0,994
1554.175006,0,998
1554.180007,32,994
1554.185006,0,998
1554.190006,0,994
1554.195007,0,993
1554.200006,0,996
1554.205006,0,985
1554.210006,0,993
1554.215006,0,987
1554.220005,0,960
1554.225006,0,958
1554.230005,19,958
1554.235005,0,956
1554.240007,0,959
1554.245007,0,961
1554.250006,0,955
1554.255006,0,956
1554.260006,0,958
1554.265006,5,955
1554.270006,0,960
1554.275007,0,952
1554.280007,37,958
1554.285006,0,956
1554.290007,0,957
1554.295006,18,953
1554.300007,0,958
1554.305007,0,960
1554.310005,0,960
1554.315007,20,955
1554.320005,0,958
1554.325006,0,957
1554.330006,29,957
1554.335007,50,964
1554.340005,302,975
1554.345006,523,973
1554.350007,615,962
1554.355006,555,973
1554.360006,605,971
1554.365006,718,966
1554.370005,661,973
1554.375005,637,971
1554.380006,729,973
1554.385006,702,968
1554.390005,631,972
1554.395005,691,974
1554.400007,741,973
1554.405006,625,973
1554.410006,655,969
1554.415006,755,974
1554.420005,678,971
1554.425005,638,973
1554.430007,751,974
1554.435006,712,972
1554.440007,643,971
1554.445007,694,975
1554.450006,744,971
1554.455006,634,990
1554.460006,652,1006
1554.465006,745,1011
1554.470005,673,1011
1554.475006,657,1002
1554.480006,754,1008
1554.485006,719,1009
1554.490007,644,1007
1554.495007,716,1007
1554.500005,724,1011
1554.505006,637,1000
1554.510006,672,1008
1554.515005,741,1010
1554.520005,689,1010
1554.525006,646,1011
1554.530007,753,1001
1554.535005,724,1009
1554.540005,630,1010
1554.545006,712,1002
1554.550006,744,1011
1554.555006,641,1010
1554.560006,662,1009
1554.565006,739,1014
1554.570006,691,1000
1554.575005,650,1010
1554.580005,765,1005
1554.585007,714,1005
1554.590006,644,1009
1554.595006,706,1010
1554.600006,738,1010
1554.605006,633,1009
1554.610007,682,1007
1554.615007,745,1009
1554.620006,673,1011
1554.625006,643,1009
1554.630005,744,1009
1554.635006,735,1011
1554.640005,637,1011
1554.645006,702,1011
1554.650006,733,1001
1554.655006,649,1005
1554.660005,675,1009
1554.665005,742,1009
1554.670006,678,1008
1554.675005,664,1007
1554.680006,750,1009
1554.685006,716,1010
1554.690006,649,1009
1554.695007,707,1010
1554.700006,729,1012
1554.705006,646,1009
1554.710006,672,1010
1554.715006,741,1012
1554.720005,688,1010
1554.725006,656,1011
1554.730006,740,1013
1554.735006,713,1012
1554.740006,648,1009
1554.745006,704,1011
1554.750006,743,1008
1554.755005,643,1009
1554.760006,663,1010
1554.765005,740,1011
1554.770005,693,1008
1554.775007,661,1008
1554.780006,756,1008
1554.785006,725,1010
1554.790006,635,1010
1554.795006,700,1011
1554.800007,752,1007
1554.805007,647,1010
1554.810006,663,1011
1554.815006,761,1009
1554.820006,679,1010
1554.825005,646,1012
1554.830006,740,1011
1554.835006,737,1008
1554.840006,635,1011
1554.845005,723,1007
1554.850005,730,1011
1554.855006,630,1010
1554.860006,678,1009
1554.865005,747,1012
1554.870006,668,1007
1554.875006,668,1009
1554.880006,758,1010
1554.885006,724,1010
1554.890006,636,1010
1554.895006,719,1005
1554.900005,745,1010
1554.905006,644,1009
1554.910005,661,1009
1554.915006,758,1009
1554.920006,676,1008
1554.925007,645,1012
1554.930007,764,1008
1554.935005,721,1007
1554.940006,654,1006
1554.945007,710,1009
1554.950006,733,1011
1554.955006,628,1009
1554.960005,658,1011
1554.965005,753,1008
1554.970006,682,1003
1554.975006,658,1011
1554.980005,741,1011
1554.985005,729,1011
1554.990006,639,1010
1554.995005,727,1008
1555.000005,739,1009
1555.005007,635,1009
1555.010006,664,1010
1555.015006,752,1009
1555.020006,671,1010
1555.025005,669,1010
1555.030005,757,1009
1555.035006,726,1008
1555.040007,633,1010
1555.045006,721,1000
1555.050007,739,980
1555.055006,633,974
1555.060006,680,973
1555.065005,750,973
1555.070006,665,973
1555.075005,668,971
1555.080005,753,973
1555.085006,721,972
1555.090006,630,974
1555.095007,701,974
1555.100006,743,964
1555.105005,647,972
1555.110005,661,975
1555.115006,737,973
1555.120006,676,961
1555.125006,664,971
1555.130007,743,973
1555.135005,734,967
1555.140006,640,974
1555.145006,698,973
1555.150005,738,966
1555.155005,648,969
1555.160007,670,963
1555.165006,750,971
1555.170006,673,974
1555.175006,646,973
1555.180006,735,973
1555.185007,719,972
1555.190006,644,964
1555.195006,715,970
1555.200007,727,970
1555.205005,642,968
1555.210007,668,974
1555.215006,737,975
1555.220005,678,972
1555.225006,645,975
1555.230006,762,971
1555.235007,714,964
1555.240006,651,970
1555.245005,719,972
1555.250006,731,973
1555.255005,634,974
1555.260005,652,973
1555.265006,760,970
1555.270006,673,974
1555.275006,650,974
1555.280006,744,971
1555.285005,708,975
1555.290005,645,972
1555.295006,717,971
1555.300007,721,973
1555.305007,645,974
1555.310006,670,971
1555.315006,737,975
1555.320007,664,974
1555.325006,668,972
1555.330007,747,988
1555.335006,712,1005
1555.340006,648,998
1555.345006,714,1010
1555.350006,729,1010
1555.355006,655,1007
1555.360006,675,1008
1555.365007,748,1011
1555.370007,687,1009
1555.375006,662,1011
1555.380006,748,1010
1555.385006,720,1008
1555.390005,630,1012
1555.395005,726,1010
1555.400006,730,1008
1555.405006,631,1011
1555.410006,663,1011
1555.415006,765,1007
1555.420005,676,1011
1555.425006,282,997
1555.430006,12,994
1555.435006,0,992
1555.440005,0,994
1555.445006,1,992
1555.450005,0,994
1555.455005,0,995
1555.460007,0,985
1555.465006,0,997
1555.470006,0,995
1555.475007,0,996
1555.480006,6,987
1555.485006,0,961
1555.490006,0,959
1555.495006,1,956
1555.500007,0,957
1555.505006,0,959
1555.510006,0,958
1555.515007,0,955
1555.520006,0,958
1555.525005,0,957
1555.530005,20,953
1555.535006,0,957
1555.540007,0,958
1555.545007,0,958
1555.550005,0,947
1555.555007,0,957
1555.560005,0,960
1555.565007,5,956
1555.570007,0,958
1555.575006,0,959
1555.580007,1,961
1555.585007,0,956
1555.590006,0,959
1555.595006,4,959
1555.600006,0,958
1555.605006,297,971
1555.610006,482,971
1555.615006,619,975
1555.620005,594,972
1555.625006,598,972
1555.630006,700,974
1555.635006,699,972
1555.640006,613,973
1555.645006,709,972
1555.650006,722,972
1555.655006,620,972
1555.660006,648,973
1555.665006,738,973
1555.670006,664,973
1555.675005,646,973
1555.680006,757,968
1555.685006,723,972
1555.690005,643,971
1555.695005,709,971
1555.700006,738,965
1555.705006,646,972
1555.710005,659,972
1555.715005,742,966
1555.720006,681,991
1555.725006,658,1009
1555.730006,744,1011
1555.735007,733,1009
1555.740006,637,1011
1555.745005,727,1007
1555.750005,725,1011
1555.755006,630,1011
1555.760005,680,1007
1555.765006,760,1009
1555.770006,672,1009
1555.775006,654,1009
1555.780006,740,1010
1555.785007,710,1009
1555.790006,643,1010
1555.795005,707,1010
1555.800006,738,1010
1555.805006,635,1008
1555.810006,683,1008
1555.815005,744,1011
1555.820006,681,1010
1555.825005,666,1010
1555.830006,751,1010
1555.835005,711,1010
1555.840006,648,1010
1555.845005,710,1007
1555.850005,737,1008
1555.855006,635,1009
1555.860006,656,1010
1555.865006,758,1010
1555.870005,669,1007
1555.875006,648,1009
1555.880006,754,1011
1555.885005,716,1010
1555.890006,640,1011
1555.895007,708,1011
1555.900007,743,1010
1555.905006,633,1009
1555.910005,657,1011
1555.915005,746,1009
1555.920007,661,1010
1555.925005,666,1010
1555.930006,747,1011
1555.935006,732,1002
1555.940006,652,1008
1555.945007,724,1010
1555.950007,730,1010
1555.955006,648,1008
1555.960006,671,1009
1555.965007,745,1011
1555.970007,678,1010
1555.975007,652,1008
1555.980007,760,1008
1555.985005,720,1006
1555.990006,636,1010
1555.995006,732,1008
1556.000006,737,1009
1556.005006,631,1009
1556.010006,689,1004
1556.015006,750,1011
1556.020007,663,1010
1556.025006,674,1008
1556.030007,758,1011
1556.035006,722,1011
1556.040007,634,1011
1556.045006,735,1009
1556.050006,733,1009
1556.055005,644,1000
1556.060006,675,1007
1556.065005,751,1010
1556.070006,667,1010
1556.075005,658,1010
1556.080005,751,1008
1556.085007,731,998
1556.090007,647,1009
1556.095006,714,1010
1556.100007,745,1008
1556.105006,633,1005
1556.110007,684,1007
1556.115007,750,1011
1556.120006,669,1011
1556.125006,668,1005
1556.130006,760,1010
1556.135006,712,1012
1556.140006,647,1003
1556.145006,717,1008
1556.150006,737,1001
1556.155007,651,1010
1556.160005,666,1010
1556.165005,738,1012
1556.170007,686,1009
1556.175006,662,1010
1556.180005,742,1012
1556.185006,726,1011
1556.190005,650,1002
1556.195005,723,1009
1556.200006,723,1012
1556.205006,641,1008
1556.210006,677,1010
1556.215006,751,1008
1556.220005,666,1010
1556.225005,654,1011
1556.230007,750,998
1556.235006,729,1010
1556.240007,638,1009
1556.245005,734,1008
1556.250006,735,1008
1556.255006,646,1006
1556.260005,678,1009
1556.265006,746,1009
1556.270006,669,999
1556.275007,671,1009
1556.280006,747,1011
1556.285005,730,1003
1556.290005,648,1007
1556.295006,717,1009
1556.300006,745,1009
1556.305006,634,1011
1556.310006,685,1007
1556.315005,749,995
1556.320005,660,978
1556.325006,667,965
1556.330006,760,972
1556.335006,725,972
1556.340006,641,971
1556.345006,718,965
1556.350006,737,972
1556.355005,627,974
1556.360005,659,973
1556.365006,758,972
1556.370005,672,971
1556.375006,650,973
1556.380006,764,973
1556.385007,716,972
1556.390007,637,972
1556.395005,736,973
1556.400007,733,973
1556.405005,647,974
1556.410007,671,973
1556.415005,748,971
1556.420006,656,975
1556.425006,667,971
1556.430006,747,973
1556.435007,733,970
1556.440007,637,972
1556.445006,718,971
1556.450005,724,973
1556.455005,630,973
1556.460007,682,972
1556.465005,746,972
1556.470006,681,970
1556.475006,657,970
1556.480005,738,972
1556.485006,730,973
1556.490006,638,973
1556.495006,734,970
1556.500006,727,971
1556.505006,645,972
1556.510007,662,972
1556.515006,756,965
1556.520005,659,972
1556.525006,669,972
1556.530007,753,973
1556.535007,713,973
1556.540006,655,971
1556.545006,721,973
1556.550006,739,968
1556.555006,648,972
1556.560007,679,972
1556.565006,749,972
1556.570007,662,971
1556.575006,647,973
1556.580006,759,971
1556.585006,717,974
1556.590006,634,973
1556.595005,728,973
1556.600005,729,979
1556.605006,632,998
1556.610005,684,1009
1556.615006,760,1007
1556.620006,668,1010
1556.625006,662,1010
1556.630005,747,1010
1556.635005,732,997
1556.640006,656,1007
1556.645007,724,1007
1556.650006,726,1011
1556.655006,650,1008
1556.660005,672,1009
1556.665006,754,1010
1556.670005,667,1010
1556.675006,658,1011
1556.680006,750,1006
1556.685006,734,1008
1556.690006,396,997
1556.695006,0,995
1556.700005,0,996
1556.705006,0,993
1556.710005,0,995
1556.715005,0,997
1556.720006,0,993
1556.725007,0,994
1556.730006,12,995
1556.735006,0,990
1556.740006,0,993
1556.745005,19,991
1556.750005,0,964
1556.755006,0,958
1556.760006,0,959
1556.765006,0,958
1556.770006,0,957
1556.775006,0,956
1556.780006,12,959
1556.785006,0,957
1556.790006,0,956
1556.795006,21,957
1556.800006,0,958
1556.805005,0,958
1556.810005,0,959
1556.815006,0,957
1556.820006,0,960
1556.825006,0,956
1556.830006,30,956
1556.835007,0,957
1556.840006,0,959
1556.845006,20,959
1556.850007,0,957
1556.855006,0,960
1556.860006,0,957
1556.865006,9,955
1556.870006,286,972
1556.875006,465,964
1556.880005,642,970
1556.885006,635,975
1556.890006,587,960
1556.895006,699,972
1556.900005,704,970
1556.905005,621,970
1556.910006,653,972
1556.915006,730,974
1556.920006,669,971
1556.925006,658,971
1556.930005,741,974
1556.935005,729,972
1556.940006,653,971
1556.945007,725,973
1556.950006,721,973
1556.955006,646,970
1556.960006,663,974
1556.965006,754,969
1556.970006,664,973
1556.975006,651,970
1556.980006,760,972
1556.985007,719,983
1556.990006,644,1007
1556.995005,722,1008
1557.000005,740,1007
1557.005006,628,1009
1557.010007,685,1009
1557.015006,752,1008
1557.020006,665,1008
1557.025007,667,1007
1557.030006,751,1010
1557.035006,730,1000
1557.040007,648,1009
1557.045006,722,1006
1557.050006,741,1008
1557.055006,635,1011
1557.060006,663,1012
1557.065006,761,1007
1557.070007,656,1008
1557.075006,675,1008
1557.080007,756,1009
1557.085006,710,1010
1557.090007,649,1008
1557.095006,736,1007
1557.100007,737,1009
1557.105006,629,1006
1557.110006,662,1011
1557.115007,757,1001
1557.120006,673,1008
1557.125006,654,1009
1557.130005,760,1007
1557.135005,708,1010
1557.140006,658,1006
1557.145006,739,1008
1557.150005,729,1008
1557.155006,627,1009
1557.160005,677,1007
1557.165005,745,1010
1557.170006,662,1009
1557.175006,659,1010
1557.180005,744,1010
1557.185005,730,1001
1557.190006,649,1008
1557.195006,727,997
1557.200005,733,1008
1557.205005,632,1008
1557.210007,679,1009
1557.215007,751,1007
1557.220006,650,1010
1557.225005,676,1004
1557.230007,748,1009
1557.235006,733,1004
1557.240006,641,1011
1557.245007,718,1010
1557.250006,739,1011
1557.255006,629,1010
1557.260007,678,1004
1557.265006,754,1009
1557.270006,663,1008
1557.275005,654,1010
1557.280005,763,1008
1557.285006,708,1009
1557.290006,633,1008
1557.295006,719,1011
1557.300006,720,1011
1557.305005,644,1007
1557.310005,670,1011
1557.315007,756,1010
1557.320006,655,1010
1557.325006,676,1008
1557.330006,751,1010
1557.335007,709,1007
1557.340006,637,1012
1557.345006,745,1006
1557.350007,732,1011
1557.355006,634,1009
1557.360007,668,1010
1557.365007,759,1007
1557.370007,659,1010
1557.375007,669,1010
1557.380006,761,1011
1557.385006,709,1011
1557.390005,647,1000
1557.395005,727,1009
1557.400006,721,1010
1557.405006,645,1009
1557.410005,676,1009
1557.415005,745,1010
1557.420006,652,1011
1557.425006,675,1007
1557.430006,750,1009
1557.435006,705,1009
1557.440006,653,1010
1557.445006,731,1010
1557.450005,724,1009
1557.455005,623,1012
1557.460007,670,1008
1557.465007,736,1009
1557.470007,670,1009
1557.475005,666,1008
1557.480007,742,1012
1557.485005,725,1009
1557.490005,638,1009
1557.495006,733,1000
1557.500006,728,1011
1557.505005,625,1011
1557.510005,684,1008
1557.515006,750,1009
1557.520006,648,1011
1557.525006,667,1009
1557.530006,744,1013
1557.535005,730,1007
1557.540005,650,1009
1557.545006,726,1009
1557.550006,740,1009
1557.555006,633,1010
1557.560006,663,1010
1557.565006,754,1009
1557.570006,655,1010
1557.575005,652,1012
1557.580006,757,991
1557.585006,720,979
1557.590006,641,972
1557.595006,721,975
1557.600006,719,967
1557.605006,645,973
1557.610006,672,972
1557.615006,756,971
1557.620005,642,968
1557.625006,669,972
1557.630005,755,972
1557.635005,705,973
1557.640006,649,972
1557.645006,719,974
1557.650005,735,971
1557.655005,624,973
1557.660006,661,975
1557.665006,745,973
1557.670006,650,963
1557.675006,660,972
1557.680005,741,973
1557.685006,719,971
1557.690005,636,972
1557.695005,738,969
1557.700006,731,972
1557.705007,625,974
1557.710006,669,963
1557.715006,746,971
1557.720006,648,973
1557.725006,669,971
1557.730006,743,973
1557.735006,720,968
1557.740006,634,972
1557.745006,744,967
1557.750007,722,972
1557.755006,623,974
1557.760007,667,972
1557.765007,747,972
1557.770006,658,972
1557.775006,660,971
1557.780006,739,973
1557.785005,712,959
1557.790005,651,970
1557.795006,728,973
1557.800006,723,972
1557.805006,625,973
1557.810006,685,973
1557.815006,737,973
1557.820006,663,968
1557.825006,665,972
1557.830006,750,971
1557.835005,706,971
1557.840005,658,972
1557.845007,736,974
1557.850006,729,974
1557.855005,630,972
1557.860005,686,972
1557.865006,743,975
1557.870005,648,993
1557.875005,654,1009
1557.880006,757,1008
1557.885006,710,1010
1557.890006,640,1009
1557.895006,729,1011
1557.900006,739,1009
1557.905006,630,1010
1557.910006,670,1007
1557.915007,753,1008
1557.920006,649,1010
1557.925006,677,1005
1557.930005,751,1010
1557.935006,712,1009
1557.940005,660,1004
1557.945005,736,1008
1557.950005,725,1010
1557.955006,325,998
1557.960005,0,994
1557.965006,0,992
1557.970005,0,994
1557.975005,0,997
1557.980006,0,995
1557.985006,0,992
1557.990006,0,995
1557.995005,1,995
1558.000005,0,994
1558.005007,0,994
1558.010006,0,993
1558.015005,0,965
1558.020005,0,952
1558.025006,0,958
1558.030006,11,946
1558.035006,0,952
1558.040006,0,960
1558.045005,17,957
1558.050005,0,959
1558.055006,0,958
1558.060006,0,959
1558.065005,0,959
1558.070005,0,955
1558.075006,0,958
1558.080007,0,959
1558.085006,0,959
1558.090006,0,956
1558.095007,14,949
1558.100006,0,957
1558.105005,0,960
1558.110005,0,955
1558.115006,0,959
1558.120006,0,954
1558.125006,0,958
1558.130007,2,960
1558.135006,333,973
1558.140005,431,974
1558.145006,621,971
1558.150005,637,973
1558.155006,570,972
1558.160006,627,976
1558.165007,719,973
1558.170006,629,969
1558.175006,646,972
1558.180005,734,974
1558.185005,698,962
1558.190006,643,973
1558.195007,720,974
1558.200005,730,968
1558.205006,638,972
1558.210006,669,972
1558.215006,728,973
1558.220006,658,971
1558.225007,655,974
1558.230007,744,974
1558.235007,697,974
1558.240005,652,969
1558.245006,741,971
1558.250007,719,988
1558.255006,624,1010
1558.260007,693,1009
1558.265007,739,1010
1558.270005,647,1009
1558.275006,672,1004
1558.280006,762,1009
1558.285006,709,1009
1558.290006,643,1010
1558.295005,725,1008
1558.300006,740,1007
1558.305005,644,1010
1558.310006,676,1009
1558.315006,737,1011
1558.320007,663,1008
1558.325005,659,1011
1558.330005,764,1005
1558.335006,719,1010
1558.340006,653,1008
1558.345005,726,1011
1558.350006,734,1008
1558.355006,633,1011
1558.360007,685,1002
1558.365006,743,1008
1558.370005,648,1009
1558.375005,657,1010
1558.380006,756,1008
1558.385006,706,1010
1558.390006,643,1005
1558.395007,754,1009
1558.400006,728,1009
1558.405007,642,1000
1558.410006,691,1011
1558.415006,742,1010
1558.420005,640,1011
1558.425006,655,1006
1558.430005,754,1010
1558.435005,701,1005
1558.440006,654,1007
1558.445006,746,1009
1558.450006,722,1011
1558.455006,625,1012
1558.460005,673,1010
1558.465006,751,1008
1558.470005,657,1006
1558.475005,674,1009
1558.480007,754,1008
1558.485005,695,1011
1558.490007,656,1009
1558.495006,736,1010
1558.500007,730,1007
1558.505007,625,1011
1558.510006,697,1008
1558.515005,745,1009
1558.520006,658,1003
1558.525006,663,1007
1558.530006,750,1010
1558.535006,708,1002
1558.540005,650,1009
1558.545007,734,1009
1558.550006,739,1005
1558.555005,638,1007
1558.560006,679,1009
1558.565005,748,1009
1558.570005,638,1009
1558.575007,675,1005
1558.580006,748,1007
1558.585006,713,1008
1558.590007,638,1010
1558.595006,749,1007
1558.600006,721,1011
1558.605005,626,1010
1558.610005,691,1009
1558.615005,739,1009
1558.620006,656,1010
1558.625006,659,1009
1558.630006,740,1011
1558.635006,694,1006
1558.640006,644,1010
1558.645007,753,1004
1558.650006,724,1009
1558.655006,649,1005
1558.660005,695,1008
1558.665005,743,1009
1558.670006,643,1009
1558.675007,650,1009
1558.680005,763,1008
1558.685005,710,1004
1558.690006,646,1010
1558.695006,727,1011
1558.700006,742,1006
1558.705007,637,1008
1558.710006,681,1010
1558.715006,750,1010
1558.720005,648,1011
1558.725006,661,1011
1558.730005,745,1008
1558.735005,706,1009
1558.740007,634,1011
1558.745006,749,1008
1558.750006,720,1010
1558.755006,625,1011
1558.760006,693,1000
1558.765005,739,1008
1558.770005,644,1009
1558.775006,657,1010
1558.780005,763,1008
1558.785006,706,1007
1558.790006,650,1011
1558.795005,749,1000
1558.800006,742,1007
1558.805005,641,1008
1558.810005,680,1009
1558.815006,748,1011
1558.820006,648,1011
1558.825005,676,1008
1558.830005,750,1009
1558.835006,696,1009
1558.840006,658,1009
1558.845007,747,1007
1558.850007,724,990
1558.855006,635,965
1558.860006,699,972
1558.865007,737,972
1558.870007,641,975
1558.875005,671,972
1558.880006,743,972
1558.885007,705,965
1558.890006,658,967
1558.895006,745,973
1558.900005,716,972
1558.905005,643,969
1558.910006,700,971
1558.915007,749,972
1558.920007,642,972
1558.925006,652,974
1558.930005,756,974
1558.935006,692,973
1558.940006,663,974
1558.945006,741,971
1558.950007,718,974
1558.955006,639,972
1558.960006,700,971
1558.965006,746,970
1558.970005,643,969
1558.975005,673,966
1558.980006,762,971
1558.985007,694,974
1558.990005,664,972
1558.995006,744,972
1559.000006,719,974
1559.005006,651,970
1559.010006,698,972
1559.015005,734,972
1559.020005,644,971
1559.025006,677,973
1559.030006,752,973
1559.035005,697,963
1559.040005,656,971
1559.045006,746,971
1559.050007,718,970
1559.055005,645,971
1559.060005,690,973
1559.065006,733,973
1559.070007,659,971
1559.075006,665,972
1559.080006,762,970
1559.085005,700,972
1559.090006,638,975
1559.095005,748,973
1559.100006,726,974
1559.105005,631,974
1559.110006,699,972
1559.115007,750,970
1559.120007,651,974
1559.125006,655,975
1559.130006,762,974
1559.135007,697,984
1559.140006,649,996
1559.145005,749,1008
1559.150005,729,1009
1559.155006,657,1005
1559.160006,704,1007
1559.165007,746,1009
1559.170006,642,1011
1559.175007,673,1009
1559.180006,748,1010
1559.185007,708,1010
1559.190006,659,1009
1559.195006,739,1012
1559.200006,739,1003
1559.205006,642,1011
1559.210005,690,1010
1559.215006,755,1009
1559.220005,399,1000
1559.225006,0,995
1559.230005,8,993
1559.235006,0,995
1559.240006,0,993
1559.245005,29,995
1559.250005,0,994
1559.255007,0,995
1559.260007,0,994
1559.265006,0,993
1559.270007,0,994
1559.275007,0,990
1559.280005,16,962
1559.285006,0,957
1559.290006,0,958
1559.295005,28,957
1559.300006,0,959
1559.305005,0,960
1559.310006,0,957
1559.315005,0,956
1559.320005,0,955
1559.325006,0,958
1559.330006,17,958
1559.335005,0,963
1559.340005,0,956
1559.345006,29,957
1559.350007,0,957
1559.355007,0,959
1559.360006,0,954
1559.365006,0,958
1559.370005,0,960
1559.375005,0,956
1559.380006,21,959
1559.385006,0,956
1559.390006,0,957
1559.395006,14,957
1559.400006,325,971
1559.405006,425,971
1559.410006,579,969
1559.415006,655,973
1559.420005,571,972
1559.425006,630,974
1559.430006,722,973
1559.435007,667,973
1559.440006,629,974
1559.445006,744,972
1559.450006,709,973
1559.455006,623,973
1559.460006,702,968
1559.465006,736,973
1559.470007,632,972
1559.475006,670,969
1559.480006,751,972
1559.485006,681,974
1559.490006,651,971
1559.495006,738,973
1559.500006,735,969
1559.505007,632,971
1559.510005,681,974
1559.515006,749,984
1559.520006,646,1007
1559.525005,657,1009
1559.530005,742,1011
1559.535007,704,1008
1559.540006,659,1007
1559.545005,740,1009
1559.550006,731,998
1559.555005,644,1007
1559.560005,694,1011
1559.565006,735,1009
1559.570006,638,1011
1559.575005,680,1008
1559.580006,757,1008
1559.585006,694,1009
1559.590006,644,1012
1559.595006,758,1007
1559.600007,726,1009
1559.605006,629,1011
1559.610005,706,1010
1559.615007,738,1008
1559.620007,636,1012
1559.625005,679,1009
1559.630006,760,1010
1559.635007,693,1011
1559.640007,664,1009
1559.645005,749,1012
1559.650006,721,1011
1559.655006,654,1009
1559.660006,697,1008
1559.665006,735,1010
1559.670005,660,1007
1559.675005,667,1010
1559.680006,746,1011
1559.685006,704,1009
1559.690006,648,1013
1559.695007,756,1010
1559.700007,721,1007
1559.705005,650,1009
1559.710006,697,1009
1559.715006,755,1009
1559.720005,644,1008
1559.725005,659,1011
1559.730006,769,1007
1559.735006,698,1009
1559.740007,657,1000
1559.745005,753,1009
1559.750006,726,1010
1559.755006,649,1006
1559.760006,704,1009
1559.765006,743,1009
1559.770007,645,1009
1559.775006,659,1010
1559.780007,765,1009
1559.785006,699,1011
1559.790006,649,1011
1559.795005,757,1009
1559.800006,727,1009
1559.805006,634,1009
1559.810007,694,1009
1559.815007,733,1011
1559.820006,654,1009
1559.825005,660,1011
1559.830006,745,1011
1559.835006,705,1008
1559.840006,655,1011
1559.845006,738,1009
1559.850006,740,1008
1559.855005,638,1009
1559.860006,688,1010
1559.865007,749,1005
1559.870006,632,1013
1559.875006,675,1010
1559.880005,752,1010
1559.885005,701,1003
1559.890006,651,1009
1559.895006,739,1012
1559.900007,734,1007
1559.905007,645,1009
1559.910007,699,1010
1559.915005,740,1009
1559.920007,640,998
1559.925006,671,1008
1559.930006,755,1007
1559.935007,685,1012
1559.940006,664,1006
1559.945006,749,1009
1559.950006,727,1009
1559.955006,632,1013
1559.960005,714,1008
1559.965005,746,1011
1559.970006,644,1007
1559.975006,663,1001
1559.980005,756,1011
1559.985006,683,1010
1559.990006,653,999
1559.995006,754,1010
1560.000007,721,1008
1560.005007,646,1009
1560.010005,710,1006
1560.015006,747,1010
1560.020007,641,1010
1560.025006,675,1008
1560.030006,752,1008
1560.035005,706,1010
1560.040006,657,1008
1560.045005,739,1007
1560.050005,732,1009
1560.055006,629,1009
1560.060006,713,1008
1560.065005,749,1009
1560.070005,637,1009
1560.075006,672,1010
1560.080006,772,1008
1560.085005,696,1009
1560.090005,653,1010
1560.095007,744,1011
1560.100005,746,1009
1560.105006,650,1008
1560.110006,708,1008
1560.115007,734,995
1560.120006,650,974
1560.125006,666,973
1560.130006,747,974
1560.135006,706,970
1560.140006,661,973
1560.145007,743,972
1560.150006,743,968
1560.155006,642,973
1560.160006,701,975
1560.165006,757,970
1560.170005,646,971
1560.175005,658,974
1560.180005,747,973
1560.185005,696,973
1560.190006,668,971
1560.195006,747,974
1560.200005,737,975
1560.205005,641,966
1560.210007,696,974
1560.215006,751,970
1560.220005,641,972
1560.225006,680,971
1560.230006,753,970
1560.235006,686,971
1560.240007,654,961
1560.245007,757,971
1560.250005,730,972
1560.255007,651,971
1560.260007,709,970
1560.265007,731,974
1560.270007,649,973
1560.275006,664,973
1560.280006,745,974
1560.285006,694,971
1560.290006,651,971
1560.295005,740,975
1560.300006,742,968
1560.305005,636,972
1560.310006,709,962
1560.315006,738,971
1560.320006,637,974
1560.325005,676,961
1560.330005,749,974
1560.335007,681,974
1560.340005,662,973
1560.345006,739,975
1560.350007,733,973
1560.355006,642,970
1560.360006,711,973
1560.365006,736,972
1560.370007,636,974
1560.375005,672,972
1560.380006,746,975
1560.385006,700,972
1560.390006,659,973
1560.395007,738,974
1560.400006,719,981
1560.405006,649,1001
1560.410005,715,1009
1560.415005,748,1007
1560.420006,639,1010
1560.425006,670,1001
1560.430005,757,1008
1560.435005,689,1009
1560.440007,649,1010
1560.445006,767,1006
1560.450005,729,1010
1560.455005,633,1012
1560.460007,709,1010
1560.465007,737,1008
1560.470006,638,1009
1560.475006,677,1003
1560.480005,767,1009
1560.485006,701,1009
1560.490007,212,993
1560.495006,21,986
1560.500006,0,992
1560.505006,0,994
1560.510006,0,992
1560.515005,0,994
1560.520005,0,992
1560.525006,0,995
1560.530006,10,992
1560.535006,0,996
1560.540006,0,992
1560.545005,28,969
1560.550006,0,956
1560.555006,0,960
1560.560007,10,957
1560.565006,0,956
1560.570006,0,958
1560.575005,0,957
1560.580006,0,957
1560.585005,0,957
1560.590005,0,959
1560.595006,25,959
1560.600006,0,958
1560.605006,0,956
1560.610006,4,959
1560.615007,0,956
1560.620007,0,959
1560.625005,0,957
1560.630006,10,959
1560.635006,0,959
1560.640005,0,955
1560.645006,30,960
1560.650005,0,956
1560.655005,0,957
1560.660006,0,962
1560.665006,349,972
1560.670005,426,971
1560.675005,536,965
1560.680005,665,970
1560.685005,639,973
1560.690006,616,972
1560.695005,712,971
1560.700006,703,974
1560.705006,618,972
1560.710006,707,970
1560.715007,735,973
1560.720007,630,973
1560.725005,677,973
1560.730007,749,970
1560.735007,677,972
1560.740006,669,971
1560.745006,749,972
1560.750005,712,973
1560.755006,643,971
1560.760006,708,972
1560.765005,738,973
1560.770005,633,974
1560.775005,676,972
1560.780005,742,978
1560.785006,693,995
1560.790007,664,1009
1560.795006,746,1009
1560.800006,720,1009
1560.805006,654,1007
1560.810006,706,1009
1560.815007,755,1004
1560.820006,645,1010
1560.825005,664,1010
1560.830006,752,1001
1560.835005,694,1008
1560.840006,656,1009
1560.845006,746,1010
1560.850006,733,1009
1560.855005,637,1008
1560.860005,708,1009
1560.865006,739,1009
1560.870006,653,1007
1560.875005,664,1011
1560.880006,764,1011
1560.885006,683,1008
1560.890006,648,1010
1560.895006,766,1010
1560.900006,727,1011
1560.905006,636,1009
1560.910007,718,1003
1560.915006,736,1009
1560.920006,631,1010
1560.925006,678,1005
1560.930006,756,1008
1560.935006,683,1010
1560.940006,650,1013
1560.945007,766,1009
1560.950007,726,1011
1560.955006,642,1008
1560.960006,703,1011
1560.965006,752,1011
1560.970005,640,1010
1560.975005,687,1006
1560.980006,758,1010
1560.985007,684,1012
1560.990006,651,1011
1560.995006,755,1000
1561.000007,733,1008
1561.005007,646,1011
1561.010005,702,1010
1561.015007,751,1011
1561.020005,645,1010
1561.025006,668,1011
1561.030006,745,1011
1561.035005,699,1009
1561.040006,654,1011
1561.045006,745,1011
1561.050007,736,1008
1561.055006,644,1011
1561.060007,707,1011
1561.065007,753,1009
1561.070005,640,1009
1561.075006,667,999
1561.080006,760,1011
1561.085005,681,1010
1561.090005,672,1006
1561.095006,764,1007
1561.100007,727,1010
1561.105006,642,1008
1561.110006,710,1010
1561.115006,735,1009
1561.120006,656,1007
1561.125006,667,1007
1561.130006,747,1012
1561.135006,694,1008
1561.140006,649,1012
1561.145006,764,1008
1561.150005,726,1009
1561.155005,632,1011
1561.160007,704,1010
1561.165005,753,1008
1561.170006,639,1012
1561.175006,677,1008
1561.180005,759,1009
1561.185005,676,1011
1561.190007,658,1008
1561.195007,749,1011
1561.200007,729,1010
1561.205006,637,1012
1561.210006,724,1010
1561.215007,736,1011
1561.220007,637,1012
1561.225006,687,1008
1561.230006,754,1009
1561.235006,693,1009
1561.240006,657,1009
1561.245006,745,1008
1561.250006,734,1009
1561.255005,638,1010
1561.260005,720,1010
1561.265006,741,1010
1561.270006,649,1009
1561.275006,666,1009
1561.280006,742,1009
1561.285006,692,1009
1561.290007,656,1010
1561.295007,753,1009
1561.300006,720,1007
1561.305005,639,1010
1561.310006,703,1011
1561.315006,745,1007
1561.320007,638,1008
1561.325006,660,1010
1561.330006,757,1009
1561.335006,675,1008
1561.340007,650,1009
1561.345006,762,1007
1561.350005,723,1011
1561.355006,638,1008
1561.360006,705,1010
1561.365007,746,1008
1561.370006,634,1011
1561.375006,675,1008
1561.380006,750,997
1561.385006,675,979
1561.390005,660,964
1561.395005,757,972
1561.400006,715,973
1561.405006,646,964
1561.410006,716,972
1561.415007,733,972
1561.420006,634,973
1561.425007,674,973
1561.430007,740,973
1561.435006,688,972
1561.440006,652,973
1561.445005,765,972
1561.450006,719,972
1561.455006,629,967
1561.460007,717,972
1561.465005,727,974
1561.470006,630,974
1561.475007,660,973
1561.480006,762,971
1561.485007,670,972
1561.490006,647,976
1561.495006,766,969
1561.500006,717,971
1561.505006,637,973
1561.510006,722,970
1561.515005,730,972
1561.520005,648,970
1561.525006,666,974
1561.530005,740,973
1561.535006,666,975
1561.540006,658,973
1561.545007,745,973
1561.550005,731,970
1561.555006,646,968
1561.560006,715,972
1561.565005,733,974
1561.570006,633,974
1561.575006,681,972
1561.580005,742,973
1561.585005,685,974
1561.590005,649,973
1561.595006,750,962
1561.600007,734,972
1561.605006,629,975
1561.610005,717,973
1561.615006,734,973
1561.620005,633,969
1561.625006,676,972
1561.630005,759,967
1561.635005,692,968
1561.640006,654,973
1561.645006,746,974
1561.650006,713,974
1561.655006,653,971
1561.660005,710,974
1561.665006,733,978
1561.670006,635,993
1561.675007,675,1011
1561.680007,742,1008
1561.685005,682,1006
1561.690007,656,1011
1561.695006,747,1011
1561.700006,723,1008
1561.705006,635,1013
1561.710007,725,1010
1561.715006,741,1002
1561.720005,650,1008
1561.725005,668,1010
1561.730006,768,1006
1561.735006,688,1007
1561.740006,661,1010
1561.745006,752,1011
1561.750006,355,998
1561.755005,0,996
1561.760005,2,995
1561.765006,0,994
1561.770007,0,995
1561.775006,0,997
1561.780006,9,994
1561.785006,0,989
1561.790006,0,996
1561.795006,16,994
1561.800007,0,995
1561.805006,0,985
1561.810007,9,961
1561.815005,0,958
1561.820005,0,959
1561.825006,0,957
1561.830006,0,956
1561.835005,0,957
1561.840005,0,956
1561.845006,29,954
1561.850007,0,959
1561.855006,0,961
1561.860005,8,964
1561.865006,0,959
1561.870006,0,957
1561.875007,0,959
1561.880006,0,960
1561.885006,0,957
1561.890007,0,959
1561.895005,13,959
1561.900006,0,956
1561.905007,0,958
1561.910006,17,953
1561.915006,0,956
1561.920005,0,959
1561.925005,0,956
1561.930006,389,973
1561.935005,473,968
1561.940006,533,973
1561.945006,659,974
1561.950006,672,970
1561.955006,611,972
1561.960007,687,970
1561.965005,721,970
1561.970005,628,971
1561.975005,648,973
1561.980007,734,972
1561.985007,683,973
1561.990006,649,973
1561.995006,741,974
1562.000006,715,973
1562.005005,656,966
1562.010006,724,973
1562.015006,740,971
1562.020006,634,973
1562.025007,676,960
1562.030006,755,961
1562.035006,676,971
1562.040006,665,967
1562.045006,750,992
1562.050006,727,1001
1562.055006,649,1008
1562.060007,711,1010
1562.065007,725,1008
1562.070005,656,1006
1562.075006,672,1010
1562.080006,749,1011
1562.085007,686,1011
1562.090005,657,1008
1562.095006,746,1008
1562.100006,735,1010
1562.105005,641,1010
1562.110005,710,1010
1562.115007,743,1010
1562.120007,638,1011
1562.125006,665,1004
1562.130006,753,1011
1562.135006,678,1009
1562.140006,653,1009
1562.145006,768,1008
1562.150007,721,1013
1562.155005,658,1007
1562.160006,719,1011
1562.165006,727,1009
1562.170006,644,1012
1562.175006,677,1010
1562.180005,746,1010
1562.185005,668,1012
1562.190007,671,1008
1562.195006,753,1008
1562.200006,722,1011
1562.205006,656,1009
1562.210005,713,1010
1562.215005,731,1010
1562.220007,654,1007
1562.225005,673,1009
1562.230005,744,1011
1562.235006,694,1007
1562.240006,661,1009
1562.245005,746,1008
1562.250005,736,1009
1562.255006,640,1009
1562.260006,712,1010
1562.265006,747,1004
1562.270006,646,1011
1562.275006,661,1010
1562.280007,764,1009
1562.285006,677,1008
1562.290006,654,1001
1562.295007,757,1011
1562.300006,722,1009
1562.305005,632,1014
1562.310005,733,1007
1562.315007,742,1009
1562.320006,646,1011
1562.325006,665,1013
1562.330007,758,1008
1562.335007,668,1010
1562.340005,671,1009
1562.345007,746,1010
1562.350006,737,1009
1562.355006,642,1010
1562.360006,709,1011
1562.365006,745,1009
1562.370006,639,1010
1562.375006,683,1004
1562.380007,752,1009
1562.385006,671,1010
1562.390006,652,1011
1562.395006,748,1013
1562.400006,738,1011
1562.405006,649,1012
1562.410006,717,1010
1562.415005,735,1011
1562.420006,657,1009
1562.425007,677,1009
1562.430006,755,1011
1562.435006,672,1010
1562.440005,670,1008
1562.445005,748,1011
1562.450006,737,1012
1562.455006,657,1006
1562.460005,719,1007
1562.465005,733,1011
1562.470006,632,1010
1562.475006,684,1010
1562.480006,751,1012
1562.485007,678,1009
1562.490005,660,1010
1562.495005,750,1010
1562.500005,733,1001
1562.505007,657,1007
1562.510006,726,1009
1562.515006,725,1012
1562.520006,650,1009
1562.525007,669,1009
1562.530006,761,1007
1562.535006,679,1005
1562.540006,661,1009
1562.545007,746,1012
1562.550006,736,1007
1562.555005,653,1008
1562.560005,715,1009
1562.565006,747,1005
1562.570006,637,1010
1562.575006,662,1009
1562.580006,758,1009
1562.585005,676,1008
1562.590006,654,1009
1562.595005,766,1010
1562.600006,726,1009
1562.605006,645,1008
1562.610005,714,1009
1562.615006,727,1009
1562.620007,654,1011
1562.625006,665,1008
1562.630005,759,1000
1562.635006,670,1009
1562.640005,662,1006
1562.645005,748,988
1562.650007,711,975
1562.655006,655,974
1562.660006,719,975
1562.665006,728,973
1562.670006,633,973
1562.675007,672,962
1562.680006,756,974
1562.685007,672,971
1562.690006,649,974
1562.695007,742,974
1562.700007,733,973
1562.705007,644,974
1562.710006,716,975
1562.715007,724,976
1562.720006,649,972
1562.725006,673,972
1562.730006,751,971
1562.735006,668,972
1562.740006,649,963
1562.745006,760,973
1562.750006,727,973
1562.755005,635,975
1562.760005,717,963
1562.765006,736,971
1562.770007,633,973
1562.775007,680,973
1562.780006,746,973
1562.785005,663,970
1562.790005,668,972
1562.795007,742,976
1562.800006,730,972
1562.805006,642,973
1562.810007,711,974
1562.815006,733,971
1562.820006,630,971
1562.825006,684,968
1562.830006,741,973
1562.835005,667,963
1562.840006,646,973
1562.845005,763,972
1562.850005,726,971
1562.855006,638,970
1562.860007,709,974
1562.865006,743,972
1562.870005,636,969
1562.875006,662,967
1562.880006,749,974
1562.885006,661,972
1562.890006,668,969
1562.895006,752,972
1562.900005,721,972
1562.905005,649,963
1562.910006,722,974
1562.915006,741,970
1562.920006,650,971
1562.925006,668,973
1562.930005,737,987
1562.935005,684,1002
1562.940006,655,1010
1562.945006,743,1009
1562.950005,734,1007
1562.955005,642,1008
1562.960007,721,1009
1562.965006,735,996
1562.970006,651,1010
1562.975006,673,1008
1562.980005,752,1008
1562.985005,661,1011
1562.990007,671,1008
1562.995006,751,1011
1563.000007,738,1002
1563.005006,653,1009
1563.010007,714,1010
1563.015006,347,993
1563.020006,0,995
1563.025006,0,996
1563.030007,0,993
1563.035006,0,993
1563.040005,0,994
1563.045006,10,995
1563.050007,0,994
1563.055006,0,994
1563.060007,3,995
1563.065006,0,996
1563.070007,0,984
1563.075007,0,958
1563.080006,0,961
1563.085006,0,955
1563.090006,0,956
1563.095005,28,956
1563.100005,0,956
1563.105006,0,958
1563.110006,15,958
1563.115006,0,959
1563.120005,0,955
1563.125005,0,958
1563.130006,0,959
1563.135006,0,958
1563.140005,0,958
1563.145005,34,957
1563.150007,0,960
1563.155006,0,960
1563.160006,17,958
1563.165007,0,959
1563.170006,0,959
1563.175005,0,957
1563.180007,10,959
1563.185006,0,958
1563.190006,0,958
1563.195006,426,973
1563.200006,515,972
1563.205006,507,974
1563.210006,655,970
1563.215007,680,970
1563.220006,594,970
1563.225007,629,975
1563.230006,715,975
1563.235006,660,973
1563.240006,645,972
1563.245006,751,970
1563.250007,713,971
1563.255006,629,973
1563.260005,730,971
1563.265006,727,971
1563.270007,620,974
1563.275006,665,973
1563.280005,734,972
1563.285007,673,968
1563.290005,652,972
1563.295007,751,963
1563.300006,718,973
1563.305006,628,973
1563.310006,729,997
1563.315006,728,1008
1563.320007,645,1007
1563.325006,668,1009
1563.330006,732,1009
1563.335006,665,1010
1563.340006,644,1009
1563.345006,762,1008
1563.350006,720,1007
1563.355006,646,1008
1563.360007,721,1008
1563.365006,723,1009
1563.370006,628,1011
1563.375007,676,1006
1563.380005,746,1011
1563.385006,653,1009
1563.390006,660,1011
1563.395007,745,1010
1563.400007,715,1010
1563.405005,630,1012
1563.410006,713,1010
1563.415006,740,1007
1563.420006,633,1012
1563.425006,682,1003
1563.430005,740,1010
1563.435005,673,1009
1563.440007,656,1006
1563.445006,753,1009
1563.450005,705,1009
1563.455005,651,1010
1563.460006,717,1010
1563.465006,724,1011
1563.470007,631,1009
1563.475005,678,1011
1563.480006,737,1009
1563.485006,676,1009
1563.490007,668,1009
1563.495006,752,1011
1563.500006,707,1011
1563.505006,642,1010
1563.510006,720,1008
1563.515006,719,1011
1563.520006,645,1009
1563.525006,671,1011
1563.530006,740,1008
1563.535006,655,1009
1563.540006,663,1008
1563.545006,745,1011
1563.550006,707,1009
1563.555007,643,1010
1563.560007,722,1008
1563.565006,740,1008
1563.570006,627,1011
1563.575005,676,1012
1563.580005,739,1011
1563.585006,671,1008
1563.590006,654,1010
1563.595006,741,1012
1563.600006,722,1012
1563.605006,633,1012
1563.610006,724,1010
1563.615006,723,1010
1563.620006,648,1007
1563.625006,661,1009
1563.630007,734,1009
1563.635006,669,1008
1563.640005,655,1009
1563.645005,743,1011
1563.650007,723,1010
1563.655005,633,1011
1563.660006,726,1008
1563.665006,727,1009
1563.670006,626,1010
1563.675006,666,1010
1563.680006,738,1003
1563.685006,666,1006
1563.690006,659,1008
1563.695006,749,1010
1563.700006,709,1011
1563.705006,663,1005
1563.710005,723,1008
1563.715006,725,1007
1563.720005,646,1010
1563.725005,664,1011
1563.730006,761,1008
1563.735007,669,1009
1563.740007,670,1011
1563.745006,749,1011
1563.750006,732,1011
1563.755007,655,1010
1563.760005,727,1011
1563.765006,724,1006
1563.770006,652,1008
1563.775006,686,1007
1563.780006,745,1011
1563.785006,678,1005
1563.790006,660,1009
1563.795005,763,1001
1563.800005,719,1012
1563.805006,639,1011
1563.810006,734,1001
1563.815006,738,1008
1563.820006,637,1010
1563.825006,668,1012
1563.830007,741,1010
1563.835007,671,1012
1563.840005,663,1008
1563.845006,752,1010
1563.850006,739,1008
1563.855006,654,1010
1563.860007,724,1010
1563.865005,745,1009
1563.870006,641,1009
1563.875006,667,1012
1563.880006,763,1011
1563.885006,665,1010
1563.890006,675,1008
1563.895006,756,1007
1563.900005,710,1009
1563.905005,658,1003
1563.910005,728,989
1563.915006,724,975
1563.920006,651,972
1563.925006,670,974
1563.930005,755,970
1563.935006,673,972
1563.940005,664,972
1563.945006,747,974
1563.950005,725,971
1563.955006,659,970
1563.960005,729,972
1563.965005,720,974
1563.970006,646,970
1563.975006,668,975
1563.980006,756,972
1563.985007,659,973
1563.990005,679,968
1563.995006,749,973
1564.000007,712,970
1564.005007,656,968
1564.010005,740,973
1564.015006,729,973
1564.020006,645,962
1564.025006,685,971
1564.030006,762,968
1564.035006,658,972
1564.040006,659,960
1564.045006,757,974
1564.050007,715,971
1564.055006,645,962
1564.060007,740,972
1564.065006,722,975
1564.070006,649,973
1564.075005,679,970
1564.080005,751,974
1564.085006,669,967
1564.090005,671,972
1564.095007,746,971
